timestamp,acc_x,acc_y,acc_z,gyro_x,gyro_y,gyro_z
2024-01-01 00:00:00.000,0.262638,-0.807003,8.867487,0.191351,0.234963,-0.021513
2024-01-01 00:00:00.010,-0.073107,-0.363943,9.276233,0.268353,-0.375796,-0.004898
2024-01-01 00:00:00.020,0.342465,-0.174955,9.013017,0.124672,-0.065559,0.009644
2024-01-01 00:00:00.030,0.805302,0.798492,9.346396,-0.485624,-0.008332,0.142029
2024-01-01 00:00:00.040,-0.123809,0.235422,9.628829,-0.038856,0.003182,-0.112083
2024-01-01 00:00:00.050,-0.1238,-0.564909,10.518233,-0.288927,0.036099,-0.126952
2024-01-01 00:00:00.060,0.835009,0.205593,9.538299,-0.050651,0.122088,0.185493
2024-01-01 00:00:00.070,0.405781,-0.65451,8.468561,0.245001,-0.007081,-0.069397
2024-01-01 00:00:00.080,-0.248235,0.457978,10.774497,0.076288,-0.073612,-0.189455
2024-01-01 00:00:00.090,0.286879,-0.199286,9.101822,0.287023,-0.081518,-0.072769
2024-01-01 00:00:00.100,-0.245032,-0.039608,9.760323,0.085438,-0.122303,-0.049508
2024-01-01 00:00:00.110,-0.246255,0.560812,10.18777,-0.324581,0.157509,0.233244
2024-01-01 00:00:00.120,0.127938,-0.54447,9.97887,-0.630212,-0.129306,0.138724
2024-01-01 00:00:00.130,-1.011647,-0.590981,10.735676,0.037202,0.169354,0.172128
2024-01-01 00:00:00.140,-0.91205,-0.246863,10.215237,-0.053482,0.0038,0.122996
2024-01-01 00:00:00.150,-0.29731,0.439234,9.081332,-0.244236,-0.104251,0.141937
2024-01-01 00:00:00.160,-0.535534,-0.642683,11.653064,-0.425157,0.123681,-0.103212
2024-01-01 00:00:00.170,0.166158,-1.198002,9.974406,-0.183686,-0.145491,-0.02979
2024-01-01 00:00:00.180,-0.480118,-0.19084,9.68535,-0.048623,0.127637,-0.148487
2024-01-01 00:00:00.190,-0.746756,0.233386,10.625481,0.166469,0.042545,-0.031573
2024-01-01 00:00:00.200,0.774962,0.507711,10.021036,0.047158,-0.119265,0.102616
2024-01-01 00:00:00.210,-0.119379,-0.195917,10.147747,0.402017,0.105727,0.020187
2024-01-01 00:00:00.220,0.035706,-0.174033,11.918388,-0.258901,0.109318,0.196722
2024-01-01 00:00:00.230,-0.753336,0.4881,9.577247,0.220265,0.231504,-0.171212
2024-01-01 00:00:00.240,-0.287842,-0.790901,9.541174,0.011825,0.193229,0.075036
2024-01-01 00:00:00.250,0.05865,-0.164344,9.908625,0.173667,0.098255,-0.187245
2024-01-01 00:00:00.260,-0.608588,0.080549,10.716502,-0.109129,-0.225518,0.014126
2024-01-01 00:00:00.270,0.19865,0.19002,8.535472,0.26792,0.489717,0.11105
2024-01-01 00:00:00.280,-0.317588,-0.215648,8.14714,0.073806,-0.280723,-0.032175
2024-01-01 00:00:00.290,-0.154233,0.014569,9.3133,-0.169861,0.189853,0.082669
2024-01-01 00:00:00.300,-0.318152,-1.052562,8.427701,-0.003006,0.086257,-0.14396
2024-01-01 00:00:00.310,0.979392,-0.278439,9.450593,-0.059889,-0.234828,-0.249553
2024-01-01 00:00:00.320,-0.007137,0.191834,10.235115,0.122295,-0.02486,0.083554
2024-01-01 00:00:00.330,-0.559265,-0.41551,9.056426,-0.294944,-0.015751,0.261602
2024-01-01 00:00:00.340,0.434921,0.02495,8.602905,-0.007338,0.261117,-0.149407
2024-01-01 00:00:00.350,-0.645521,0.189027,9.868659,0.098827,-0.142662,0.183329
2024-01-01 00:00:00.360,0.110437,-0.144898,10.539712,0.008256,-0.052389,0.006514
2024-01-01 00:00:00.370,-1.036176,0.072106,8.376052,0.336735,-0.467214,-0.200354
2024-01-01 00:00:00.380,-0.702278,-0.407236,10.503917,0.193506,0.346953,-0.169726
2024-01-01 00:00:00.390,0.10409,-0.087397,10.501441,-0.00187,-0.214094,0.002368
2024-01-01 00:00:00.400,0.390464,0.258121,10.617156,0.054172,0.065382,-0.060669
2024-01-01 00:00:00.410,0.090611,0.0664,10.840834,0.073916,-0.020282,-0.196937
2024-01-01 00:00:00.420,-0.061149,-0.248103,11.672904,0.100825,-0.0196,-0.254106
2024-01-01 00:00:00.430,-0.159209,0.094844,9.508746,-0.456414,0.161972,-0.127008
2024-01-01 00:00:00.440,-0.781769,0.30228,9.902698,-0.075382,0.334252,0.029071
2024-01-01 00:00:00.450,-0.380618,-0.867125,9.457693,-0.37111,0.050299,-0.00096
2024-01-01 00:00:00.460,-0.243563,0.490288,9.811672,0.31957,0.131016,-0.075186
2024-01-01 00:00:00.470,0.558953,-0.142236,11.106811,-0.015212,0.065778,0.030283
2024-01-01 00:00:00.480,2.061688,0.179982,13.842118,-0.048335,0.203506,0.156004
2024-01-01 00:00:00.490,0.947793,0.506435,14.251552,0.224199,-0.092583,0.059119
2024-01-01 00:00:00.500,2.051359,-0.580218,16.145095,0.105581,0.215078,-0.018196
2024-01-01 00:00:00.510,1.676388,-0.300094,15.842951,-0.282159,0.2221,0.139211
2024-01-01 00:00:00.520,1.522077,-0.122056,14.672791,-0.017726,0.216507,-0.143978
2024-01-01 00:00:00.530,0.323424,-0.331528,10.532824,-0.083792,-0.13203,-0.033738
2024-01-01 00:00:00.540,0.545141,0.733878,10.098669,-0.436133,-0.033668,-0.030163
2024-01-01 00:00:00.550,0.492414,-0.362415,11.079232,-0.172569,0.047893,-0.185543
2024-01-01 00:00:00.560,-0.443736,-0.234996,9.873035,-0.045885,-0.274168,-0.062981
2024-01-01 00:00:00.570,-0.163496,0.086457,10.677685,-0.028738,0.318984,-0.311244
2024-01-01 00:00:00.580,0.175156,-0.508509,12.045142,-0.370558,-0.002455,0.286827
2024-01-01 00:00:00.590,0.515819,-0.167373,10.315992,0.287916,0.056786,-0.140612
2024-01-01 00:00:00.600,-0.253363,0.134283,9.851732,-0.025526,-0.115401,0.237917
2024-01-01 00:00:00.610,-0.098167,-0.1408,10.42119,0.009388,-0.265376,0.005713
2024-01-01 00:00:00.620,-0.584975,-0.039503,9.500972,0.10016,-0.120806,0.08473
2024-01-01 00:00:00.630,-0.632494,-0.223907,11.830221,-0.197019,0.043841,-0.07332
2024-01-01 00:00:00.640,0.429623,-0.640621,9.96234,0.114089,0.134686,0.031189
2024-01-01 00:00:00.650,0.717112,0.136034,9.579098,-0.091769,0.032358,0.097573
2024-01-01 00:00:00.660,-0.038075,0.742337,9.103007,-0.224146,0.069345,0.099683
2024-01-01 00:00:00.670,0.530618,0.007784,10.738248,0.143362,-0.067405,0.116216
2024-01-01 00:00:00.680,0.191215,0.095287,10.543641,0.372918,0.09925,-0.05525
2024-01-01 00:00:00.690,-0.341107,0.293022,9.389238,0.181207,0.296567,-0.072054
2024-01-01 00:00:00.700,0.191088,-0.536927,10.297678,0.230744,0.140958,-0.239126
2024-01-01 00:00:00.710,0.813237,0.720164,8.533762,-0.130158,0.161908,0.078483
2024-01-01 00:00:00.720,-0.018943,0.085585,9.966485,-0.399405,0.058803,0.162357
2024-01-01 00:00:00.730,0.827305,0.690275,10.193032,0.372534,-0.300631,0.242397
2024-01-01 00:00:00.740,-1.38519,-0.310073,11.254401,0.513629,-0.208933,0.045776
2024-01-01 00:00:00.750,0.434581,0.76904,9.157887,0.385702,0.090975,-0.114972
2024-01-01 00:00:00.760,0.046026,0.327891,8.728514,-0.083946,-0.002188,-0.254564
2024-01-01 00:00:00.770,-0.1581,0.233936,9.052468,-0.288659,0.087969,0.15625
2024-01-01 00:00:00.780,0.048519,0.098992,8.679263,-0.266421,0.335285,-0.269441
2024-01-01 00:00:00.790,-1.050927,-0.105128,10.940812,-0.420933,0.145207,-0.051091
2024-01-01 00:00:00.800,-0.116152,0.507825,11.120149,-0.026845,0.251777,-0.033646
2024-01-01 00:00:00.810,0.188823,0.059372,10.080903,0.401419,0.018936,-0.010418
2024-01-01 00:00:00.820,0.781436,-0.83207,10.843216,-0.035416,-0.161443,0.00537
2024-01-01 00:00:00.830,-0.274035,-0.47257,9.923329,0.075581,-0.011573,0.020722
2024-01-01 00:00:00.840,-0.427491,-0.078613,9.729536,0.343899,-0.16095,-0.362304
2024-01-01 00:00:00.850,-0.265304,0.13113,9.52825,-0.101024,0.311659,0.002198
2024-01-01 00:00:00.860,0.484019,-0.023937,9.547409,0.508883,0.158078,-0.334436
2024-01-01 00:00:00.870,0.173827,0.515625,8.50056,0.498024,0.104102,0.109833
2024-01-01 00:00:00.880,-0.280111,-0.825316,10.03356,-0.032778,0.247189,-0.083269
2024-01-01 00:00:00.890,0.27139,0.060738,9.775878,-0.144384,-0.404011,-0.323556
2024-01-01 00:00:00.900,0.05133,-0.769005,10.440575,0.17431,0.117628,-0.122131
2024-01-01 00:00:00.910,0.512171,0.321358,9.889121,-0.086881,-0.262129,-0.085511
2024-01-01 00:00:00.920,-0.371211,-0.039956,9.672353,-0.289139,-0.001451,0.178605
2024-01-01 00:00:00.930,-0.173251,0.177495,9.072971,0.32031,-0.062342,0.029496
2024-01-01 00:00:00.940,-0.207327,-0.365422,9.871042,0.304112,0.132347,0.051667
2024-01-01 00:00:00.950,-0.773834,0.541214,10.434549,0.038878,0.045637,0.177183
2024-01-01 00:00:00.960,0.156574,0.44065,8.842735,-0.315716,0.269023,-0.014422
2024-01-01 00:00:00.970,0.138033,0.246839,9.884003,-0.307382,-0.120379,0.113128
2024-01-01 00:00:00.980,0.002704,-0.054786,10.007154,0.026807,0.141823,0.102579
2024-01-01 00:00:00.990,-0.124038,0.24528,9.202517,-0.124968,0.032445,-0.19297
2024-01-01 00:00:01.000,-0.748377,-0.299016,9.312674,-0.085273,-0.327058,0.220948
2024-01-01 00:00:01.010,-0.222416,0.3619,10.005097,0.255491,-0.183723,-0.213045
2024-01-01 00:00:01.020,-0.18121,0.69773,8.851126,0.183295,-0.029976,0.137605
2024-01-01 00:00:01.030,-0.424204,0.452868,10.106035,0.344536,0.222458,-0.227561
2024-01-01 00:00:01.040,-0.08528,-0.308622,9.05253,-0.247656,0.092745,0.090186
2024-01-01 00:00:01.050,0.213642,0.15288,10.709174,-0.085798,-0.2335,0.279287
2024-01-01 00:00:01.060,2.877321,-0.546999,16.957802,0.189745,-0.028063,-0.031947
2024-01-01 00:00:01.070,1.972308,0.242121,14.2518,0.11202,0.403561,-0.038453
2024-01-01 00:00:01.080,2.01618,0.190605,15.43194,0.383095,0.022245,0.091566
2024-01-01 00:00:01.090,1.840637,-0.790932,14.365176,0.105134,-0.065465,-0.049409
2024-01-01 00:00:01.100,0.86545,-0.491435,15.860647,0.462027,0.098348,0.272742
2024-01-01 00:00:01.110,-0.014019,-0.119768,8.739591,0.135004,0.152679,0.028829
2024-01-01 00:00:01.120,0.031847,-0.127264,10.216576,0.265542,-0.091234,-0.048025
2024-01-01 00:00:01.130,1.302439,-0.511609,9.071451,-0.080879,0.100515,-0.081043
2024-01-01 00:00:01.140,-0.101711,0.164538,9.634891,0.003572,-0.065778,-0.139942
2024-01-01 00:00:01.150,0.159443,0.106373,8.937753,0.227736,0.143866,-0.094163
2024-01-01 00:00:01.160,-0.018354,-0.082176,10.505708,0.403245,0.033939,-0.052601
2024-01-01 00:00:01.170,-0.617939,-0.3197,9.101915,0.182309,0.096394,-0.073146
2024-01-01 00:00:01.180,0.604268,0.443603,10.276962,-0.020793,-0.151837,-0.098726
2024-01-01 00:00:01.190,0.397585,0.700237,9.518893,0.344334,-0.164257,0.314826
2024-01-01 00:00:01.200,0.418258,-0.204547,9.713156,-0.547995,0.189099,-0.154514
2024-01-01 00:00:01.210,-0.480839,-0.258947,9.935001,-0.355559,-0.015879,0.021995
2024-01-01 00:00:01.220,0.741727,0.207781,9.165496,0.170409,0.057007,0.088878
2024-01-01 00:00:01.230,-0.741229,-0.151446,9.987971,0.003527,-0.061279,0.094516
2024-01-01 00:00:01.240,0.310301,-0.058965,11.104663,0.151378,0.179745,-0.008791
2024-01-01 00:00:01.250,1.158203,0.312873,9.151732,0.016102,-0.121562,-0.036105
2024-01-01 00:00:01.260,-0.523746,-0.807658,10.801351,0.142736,-0.02712,0.067732
2024-01-01 00:00:01.270,-0.29943,0.557642,11.077391,-0.203601,0.157199,0.039978
2024-01-01 00:00:01.280,0.052691,0.030744,9.119533,0.142622,0.234594,-0.038844
2024-01-01 00:00:01.290,-0.266213,-0.174062,8.579024,0.248604,-0.104752,-0.234282
2024-01-01 00:00:01.300,-0.819913,-0.037746,10.065459,0.305138,0.391937,-0.070189
2024-01-01 00:00:01.310,0.036253,-0.015892,9.346893,0.503389,0.062648,-0.171983
2024-01-01 00:00:01.320,-0.561693,-0.732298,11.390838,0.061025,-0.208586,-0.100074
2024-01-01 00:00:01.330,0.250412,0.632359,9.839447,0.068478,0.07381,0.004983
2024-01-01 00:00:01.340,-0.486146,0.017481,9.131339,-0.380793,-0.0766,0.05381
2024-01-01 00:00:01.350,0.819528,0.18739,8.839503,-0.132853,0.086814,0.267068
2024-01-01 00:00:01.360,1.465855,0.402506,15.90206,-0.048271,-0.008571,-0.080611
2024-01-01 00:00:01.370,1.70971,-0.431952,14.496778,0.26258,0.014855,0.116194
2024-01-01 00:00:01.380,2.310147,0.200279,15.017079,-0.15275,-0.182319,0.045894
2024-01-01 00:00:01.390,1.22918,-0.113212,15.788609,0.199085,0.198012,0.1944
2024-01-01 00:00:01.400,2.000269,0.358184,14.570317,-0.000405,-0.231225,0.086434
2024-01-01 00:00:01.410,0.691152,-0.899817,9.771144,-0.044292,-0.221753,-0.151272
2024-01-01 00:00:01.420,-0.849957,-0.041917,9.795983,0.062223,0.073472,-0.258457
2024-01-01 00:00:01.430,0.097625,-0.254993,10.388093,-0.097789,0.320569,0.046689
2024-01-01 00:00:01.440,0.137413,0.182847,10.30977,-0.107259,-0.070519,-0.079268
2024-01-01 00:00:01.450,0.413389,0.198829,9.623784,-0.426196,0.140194,-0.147047
2024-01-01 00:00:01.460,-0.654038,-0.299326,9.863847,-0.061989,0.214668,-0.190137
2024-01-01 00:00:01.470,-0.698191,-0.30125,9.495475,-0.119992,0.162937,0.024146
2024-01-01 00:00:01.480,0.275977,-0.046811,8.55994,-0.128995,-0.062242,0.226156
2024-01-01 00:00:01.490,0.157031,-0.37928,10.02793,0.104218,-0.218209,-0.061301
2024-01-01 00:00:01.500,0.132448,0.356159,11.410794,0.164658,-0.44151,0.088541
2024-01-01 00:00:01.510,0.183184,-0.156175,9.062374,0.058049,-0.052568,-0.01534
2024-01-01 00:00:01.520,-0.359563,-1.229656,9.156017,0.248854,0.235617,-0.193407
2024-01-01 00:00:01.530,0.122804,-0.15855,9.073364,0.14389,-0.224833,0.110222
2024-01-01 00:00:01.540,0.154962,-0.439304,10.423005,-0.073764,0.140042,-0.164204
2024-01-01 00:00:01.550,-0.377713,-0.69003,10.189419,-0.115714,-0.190031,0.003244
2024-01-01 00:00:01.560,0.986528,-0.523431,9.675877,0.078206,0.021215,-0.051228
2024-01-01 00:00:01.570,0.250539,0.04628,9.033356,0.143442,0.141558,0.133962
2024-01-01 00:00:01.580,-0.629902,0.562015,9.888151,0.349461,-0.131899,-0.158723
2024-01-01 00:00:01.590,0.347153,0.132477,8.48633,0.297793,0.034097,0.05863
2024-01-01 00:00:01.600,-0.515363,-0.256551,9.931339,-0.135368,-0.083018,-0.12597
2024-01-01 00:00:01.610,0.416171,0.192847,10.54731,-0.025502,0.14103,-0.076666
2024-01-01 00:00:01.620,0.612607,-0.194195,8.751486,0.167754,0.047063,-0.54528
2024-01-01 00:00:01.630,-0.433936,-0.293816,8.51349,0.266999,0.011302,0.313815
2024-01-01 00:00:01.640,0.509385,-0.488295,11.146204,0.234742,0.31167,0.082584
2024-01-01 00:00:01.650,0.218258,-0.741024,9.292451,-0.015969,0.132461,-0.115102
2024-01-01 00:00:01.660,0.434664,-0.164938,10.771012,-0.313506,-0.13807,-0.168698
2024-01-01 00:00:01.670,1.002929,0.066857,9.679718,-0.249734,-0.017173,-0.074347
2024-01-01 00:00:01.680,-0.129749,-0.040872,9.672986,0.068158,-0.01518,0.107532
2024-01-01 00:00:01.690,-0.398538,-0.175954,10.180897,0.085556,0.016064,-0.283813
2024-01-01 00:00:01.700,-0.470331,-0.400051,9.062137,-0.27467,0.504902,-0.021238
2024-01-01 00:00:01.710,-0.43136,0.257288,9.922093,0.011142,0.07417,0.265596
2024-01-01 00:00:01.720,-0.040768,-0.557147,9.48726,0.157806,-0.407181,-0.170092
2024-01-01 00:00:01.730,0.180384,0.32826,8.692863,-0.287807,-0.10856,0.012058
2024-01-01 00:00:01.740,0.1463,-0.423938,10.09551,0.276249,-0.386474,0.330496
2024-01-01 00:00:01.750,0.437373,-0.31828,9.587242,-0.094383,-0.06596,0.094823
2024-01-01 00:00:01.760,0.006875,-0.62045,9.677157,0.314403,-0.397462,0.018889
2024-01-01 00:00:01.770,0.768556,-0.212093,8.786204,-0.133363,-0.174318,0.075995
2024-01-01 00:00:01.780,-0.139937,0.412557,11.156325,-0.256656,-0.304144,-0.06013
2024-01-01 00:00:01.790,1.438289,0.218111,10.5517,-0.114534,0.076832,0.194945
2024-01-01 00:00:01.800,0.330822,0.413873,10.625676,-0.023787,0.000108,-0.0599
2024-01-01 00:00:01.810,-0.453222,0.220866,9.551594,-0.09712,0.060592,-0.293877
2024-01-01 00:00:01.820,-0.566234,-0.466852,8.347111,-0.054,-0.02091,-0.058695
2024-01-01 00:00:01.830,0.255107,-0.139924,11.462168,0.083491,-0.27886,-0.14501
2024-01-01 00:00:01.840,-0.118156,-0.330024,9.758312,-0.042795,0.102704,-0.042179
2024-01-01 00:00:01.850,0.377528,0.562833,9.176515,-0.016528,0.384445,-0.038863
2024-01-01 00:00:01.860,0.250224,-0.506242,10.162614,-0.427307,0.081843,0.179613
2024-01-01 00:00:01.870,-0.038508,0.378034,10.797384,0.097925,-0.085185,0.104294
2024-01-01 00:00:01.880,-0.447742,0.377719,9.790499,-0.022301,-0.285613,0.03949
2024-01-01 00:00:01.890,-0.800975,0.773929,10.891675,0.402573,-0.181613,-0.000442
2024-01-01 00:00:01.900,-0.236095,-0.173297,10.726218,-0.234891,0.090608,-0.158829
2024-01-01 00:00:01.910,0.452821,0.301312,8.899382,-0.452074,0.214624,-0.327176
2024-01-01 00:00:01.920,0.113202,0.965139,9.239974,0.154517,0.052173,0.016974
2024-01-01 00:00:01.930,-0.658684,-0.261262,10.620076,0.086632,0.159977,0.119196
2024-01-01 00:00:01.940,0.091569,-0.649322,7.51513,-0.252108,0.141536,-0.01625
2024-01-01 00:00:01.950,2.083737,-0.795244,14.85356,-0.382437,0.101307,-0.080228
2024-01-01 00:00:01.960,1.41266,0.301477,13.769517,0.384349,-0.131695,0.069675
2024-01-01 00:00:01.970,1.961282,-0.796573,14.576835,0.353528,0.034785,-0.0125
2024-01-01 00:00:01.980,1.910778,-0.157491,14.727198,-0.621864,-0.169676,0.252862
2024-01-01 00:00:01.990,1.275654,0.184983,14.676925,-0.114556,0.003486,0.184909
2024-01-01 00:00:02.000,0.18918,0.078329,9.342787,0.416048,0.066173,0.143926
2024-01-01 00:00:02.010,0.296515,0.179963,8.881816,-0.119016,0.335757,0.11366
2024-01-01 00:00:02.020,0.572663,0.094029,11.748957,-0.122653,-0.261946,-0.193525
2024-01-01 00:00:02.030,0.557198,0.54096,11.389873,-0.07069,0.096302,0.099449
2024-01-01 00:00:02.040,-0.728443,-0.40283,8.826892,-0.280224,0.296247,0.056449
2024-01-01 00:00:02.050,-0.495875,-0.286369,11.148471,-0.426194,0.15177,0.090964
2024-01-01 00:00:02.060,0.272325,-0.326835,9.472052,0.263137,0.166589,0.073891
2024-01-01 00:00:02.070,0.271664,0.351171,9.919293,-0.460734,0.117539,0.067914
2024-01-01 00:00:02.080,0.272331,0.380869,9.75647,0.061818,0.259667,0.40513
2024-01-01 00:00:02.090,2.037132,0.190868,9.251853,0.221645,-0.217496,-0.011428
2024-01-01 00:00:02.100,0.301858,0.500618,10.642339,-0.362807,-0.277185,0.140451
2024-01-01 00:00:02.110,0.60043,-0.498311,9.9165,-0.231067,-0.001267,-0.070648
2024-01-01 00:00:02.120,0.504428,0.705236,9.406837,0.303295,-0.432232,0.118596
2024-01-01 00:00:02.130,0.344423,0.64433,8.706317,0.133223,0.246129,0.140898
2024-01-01 00:00:02.140,-0.166699,0.311168,9.054019,-0.154321,0.244143,0.054664
2024-01-01 00:00:02.150,0.401305,0.753701,8.421392,0.300562,-0.08667,0.250387
2024-01-01 00:00:02.160,-0.408631,-0.700752,9.820341,0.301634,-0.074154,-0.132641
2024-01-01 00:00:02.170,-0.125218,-0.221842,8.797621,0.067263,-0.014469,-0.073083
2024-01-01 00:00:02.180,-0.256636,-0.311033,9.585336,-0.22504,0.010404,0.031857
2024-01-01 00:00:02.190,0.043291,0.305186,10.969106,-0.103362,0.025435,0.132121
2024-01-01 00:00:02.200,1.223876,-0.44421,10.824607,0.071597,0.111646,0.026914
2024-01-01 00:00:02.210,-0.987316,0.32042,9.782694,-0.047149,-0.034525,0.192864
2024-01-01 00:00:02.220,0.36286,0.579737,9.736326,0.234739,0.188639,-0.099253
2024-01-01 00:00:02.230,-0.852724,0.294071,11.400374,-0.382444,0.08919,-0.171087
2024-01-01 00:00:02.240,-0.249534,0.120027,10.25056,-0.373566,-0.121393,0.046219
2024-01-01 00:00:02.250,2.455783,-0.41787,14.702676,0.045218,0.267023,-0.011577
2024-01-01 00:00:02.260,1.913988,-0.358218,13.773589,-0.122886,-0.271651,0.08143
2024-01-01 00:00:02.270,1.310142,0.528589,15.313217,-0.156762,-0.018433,-0.00411
2024-01-01 00:00:02.280,1.501783,0.329665,15.681608,-0.442014,0.193383,-0.051003
2024-01-01 00:00:02.290,2.239337,-0.016505,14.445623,0.004886,-0.144615,-0.011241
2024-01-01 00:00:02.300,-0.386181,-0.176776,10.056358,-0.013189,0.061911,0.004327
2024-01-01 00:00:02.310,0.114452,-0.856917,9.502417,0.16337,0.108668,-0.045747
2024-01-01 00:00:02.320,0.024096,-0.452971,9.654309,0.017227,-0.172105,-0.03047
2024-01-01 00:00:02.330,-0.344534,0.80853,7.705303,-0.033151,-0.014496,-0.060539
2024-01-01 00:00:02.340,1.13361,-0.541633,9.622373,0.29425,-0.031301,0.1285
2024-01-01 00:00:02.350,0.335185,0.08015,10.630086,-0.328117,-0.110348,0.029103
2024-01-01 00:00:02.360,-1.070794,0.426149,9.275833,0.134097,0.460335,0.338513
2024-01-01 00:00:02.370,0.098588,-0.530832,9.854437,-0.417787,-0.152621,0.024106
2024-01-01 00:00:02.380,-0.34992,0.078133,9.170466,-0.20959,0.200986,-0.082629
2024-01-01 00:00:02.390,0.450724,0.396738,10.114934,-0.303164,-0.07856,0.400601
2024-01-01 00:00:02.400,-0.419045,0.005287,9.626821,0.195486,-0.217327,0.062044
2024-01-01 00:00:02.410,-0.060667,1.213334,9.015402,-0.016353,0.020563,0.148519
2024-01-01 00:00:02.420,0.267012,-0.705817,10.937339,-0.003376,0.129819,0.088815
2024-01-01 00:00:02.430,0.457768,0.447842,10.595876,-0.276683,0.184102,0.093452
2024-01-01 00:00:02.440,-0.634657,-0.073095,9.298249,-0.074923,0.312453,0.080348
2024-01-01 00:00:02.450,-0.176868,0.326522,10.231129,-0.190866,0.589049,-0.165313
2024-01-01 00:00:02.460,-0.251127,0.186673,10.264651,0.095864,0.050103,0.055129
2024-01-01 00:00:02.470,-0.345448,-0.310125,10.353387,-0.247773,-0.132618,-0.198729
2024-01-01 00:00:02.480,0.933484,0.096865,8.37666,0.332449,0.090575,-0.026154
2024-01-01 00:00:02.490,0.214134,-0.785892,10.661589,-0.418895,-0.053243,-0.108843
2024-01-01 00:00:02.500,-0.666692,0.255174,9.328035,-0.20163,0.185193,0.053621
2024-01-01 00:00:02.510,0.48532,0.126121,9.507278,0.4193,-0.259433,0.050119
2024-01-01 00:00:02.520,1.12209,0.270153,12.041648,-0.108785,0.473667,0.072172
2024-01-01 00:00:02.530,0.545916,0.447584,10.065385,-0.32872,0.17121,0.043094
2024-01-01 00:00:02.540,-0.803367,0.155503,9.483171,0.054768,-0.336801,-0.091024
2024-01-01 00:00:02.550,-0.256039,0.062642,7.944321,-0.118848,-0.141806,-0.039151
2024-01-01 00:00:02.560,0.669879,-0.372692,10.98574,-0.208968,0.163216,0.138059
2024-01-01 00:00:02.570,-0.37418,-0.301269,8.671953,-0.273968,0.235269,0.160179
2024-01-01 00:00:02.580,0.23467,0.501989,8.961091,0.692093,-0.254448,-0.172017
2024-01-01 00:00:02.590,0.409588,0.60757,9.529676,-0.062888,0.142605,-0.229639
2024-01-01 00:00:02.600,-0.490114,-0.100721,11.008284,-0.481392,-0.389468,-0.109033
2024-01-01 00:00:02.610,-0.031474,0.019459,10.464161,0.373427,-0.017867,0.156781
2024-01-01 00:00:02.620,-1.71382,-0.382652,9.676469,0.152768,0.222409,0.182233
2024-01-01 00:00:02.630,-0.541645,0.496076,10.070815,-0.191617,-0.110303,-0.138707
2024-01-01 00:00:02.640,-0.133545,0.281471,9.302074,-0.23328,-0.301384,0.046096
2024-01-01 00:00:02.650,-0.659765,0.821135,9.928147,0.168368,0.029243,0.275165
2024-01-01 00:00:02.660,0.863137,-0.371531,9.872043,-0.06173,-0.120944,0.062297
2024-01-01 00:00:02.670,-0.756187,-0.159897,10.629579,-0.481494,0.125912,0.213225
2024-01-01 00:00:02.680,-0.232674,0.097902,10.628233,0.44681,-0.177065,0.149809
2024-01-01 00:00:02.690,0.069129,0.273465,10.227905,-0.108498,-0.154527,-0.13653
2024-01-01 00:00:02.700,0.762073,-0.091227,9.503454,0.373893,-0.4042,-0.028497
2024-01-01 00:00:02.710,-0.759212,-0.369263,10.437582,0.319609,0.033989,0.005213
2024-01-01 00:00:02.720,0.615023,0.372835,9.732195,-0.250252,-0.032181,0.01562
2024-01-01 00:00:02.730,0.005411,0.30504,8.8947,0.258297,-0.237677,0.137449
2024-01-01 00:00:02.740,-0.518973,-0.387584,9.468819,-0.162861,0.03876,0.061303
2024-01-01 00:00:02.750,0.244337,0.573352,9.88151,-0.466675,0.205414,-0.44043
2024-01-01 00:00:02.760,0.105253,0.494994,10.580043,-0.10615,-0.043114,-0.196926
2024-01-01 00:00:02.770,-0.317365,0.056807,9.654735,0.099409,0.053633,-0.328107
2024-01-01 00:00:02.780,0.036908,0.03367,8.787018,-0.115684,0.054662,0.026305
2024-01-01 00:00:02.790,-0.203735,0.234366,9.858003,-0.076762,-0.240866,0.036073
2024-01-01 00:00:02.800,0.060022,-0.3645,9.905984,0.285892,0.411317,0.042484
2024-01-01 00:00:02.810,0.350102,0.012703,9.967219,0.026623,-0.09417,-0.143839
2024-01-01 00:00:02.820,0.838606,-0.910458,10.588211,-0.210825,0.131223,0.101122
2024-01-01 00:00:02.830,-0.654495,0.370741,10.672009,0.175508,0.153843,0.107439
2024-01-01 00:00:02.840,3.007841,-0.660512,14.477298,0.049419,-0.027919,-0.188272
2024-01-01 00:00:02.850,0.847834,0.635947,14.458743,-0.630401,0.121359,-0.219906
2024-01-01 00:00:02.860,1.799744,-0.139641,14.099992,0.107088,0.049164,-2e-05
2024-01-01 00:00:02.870,2.191073,-0.089535,15.571198,0.097957,-0.283528,0.268767
2024-01-01 00:00:02.880,2.028574,-0.265531,16.205702,0.00503,-0.066455,0.254961
2024-01-01 00:00:02.890,-0.329252,-0.12184,9.543441,0.222925,-0.12251,0.084511
2024-01-01 00:00:02.900,-0.110045,0.600039,9.60575,-0.168098,-0.092349,-0.1095
2024-01-01 00:00:02.910,-0.260674,-1.052343,11.050898,0.084125,-0.260801,0.133026
2024-01-01 00:00:02.920,-0.311627,0.540156,10.237702,-0.39174,0.225287,-0.067864
2024-01-01 00:00:02.930,0.449227,0.142984,10.179055,0.101773,0.320399,-0.115126
2024-01-01 00:00:02.940,0.188772,-0.51057,8.802485,0.488265,0.195601,-0.321595
2024-01-01 00:00:02.950,-0.366376,-0.454857,10.384204,-0.248714,0.254106,0.015357
2024-01-01 00:00:02.960,0.475663,0.709114,9.023951,-0.189951,-0.068927,-0.09448
2024-01-01 00:00:02.970,0.162485,-0.399949,8.850619,-0.177504,-0.127251,0.014465
2024-01-01 00:00:02.980,0.429801,-0.487867,9.516631,0.0325,-0.155717,-0.344904
2024-01-01 00:00:02.990,0.332916,0.481084,9.314419,-0.265759,0.128813,0.025474
2024-01-01 00:00:03.000,-0.438331,0.143208,9.622527,0.105312,0.045413,-0.364668
2024-01-01 00:00:03.010,-0.296196,-0.396743,8.59093,0.21171,-0.015444,0.163191
2024-01-01 00:00:03.020,0.395131,0.091632,10.621159,0.133587,0.25903,0.078284
2024-01-01 00:00:03.030,0.322733,-0.433893,10.764023,-0.442104,0.080988,-0.0418
2024-01-01 00:00:03.040,-0.011052,0.465647,8.162548,0.248792,-0.167732,0.084408
2024-01-01 00:00:03.050,0.062037,0.44896,10.637775,0.234342,-0.136182,-0.146711
2024-01-01 00:00:03.060,0.675565,0.225039,9.124293,0.20754,0.136399,0.010856
2024-01-01 00:00:03.070,-0.312793,0.152983,10.535001,0.093211,0.208347,0.119216
2024-01-01 00:00:03.080,0.289278,0.744983,9.752094,0.055047,0.110336,-0.464143
2024-01-01 00:00:03.090,-0.106909,-0.000133,9.834344,0.258097,0.379378,-0.067084
2024-01-01 00:00:03.100,-0.115099,-0.499933,9.653407,0.480878,0.327001,-0.003397
2024-01-01 00:00:03.110,0.580978,0.190127,10.835461,-0.23826,0.088207,-0.029444
2024-01-01 00:00:03.120,0.436439,0.882398,8.761309,0.269531,-0.167716,0.218565
2024-01-01 00:00:03.130,0.430143,-0.429243,10.324233,-0.021554,-0.261998,-0.168585
2024-01-01 00:00:03.140,2.570272,-0.152899,15.911725,-0.032418,-0.077476,-0.093174
2024-01-01 00:00:03.150,1.891106,0.176157,15.586024,-0.384133,0.150643,-0.28738
2024-01-01 00:00:03.160,2.240583,-0.022802,16.946695,-0.071197,0.365329,0.226543
2024-01-01 00:00:03.170,1.715946,-0.415514,14.532511,-0.249316,0.083489,-0.036944
2024-01-01 00:00:03.180,2.051403,0.474546,15.78988,-0.115964,0.233745,-0.065761
2024-01-01 00:00:03.190,-0.068813,0.981377,9.720247,-0.274547,-0.049061,-0.007872
2024-01-01 00:00:03.200,0.051287,0.082964,10.853462,-0.112227,0.124554,0.095435
2024-01-01 00:00:03.210,0.314689,-0.382421,9.803495,-0.101528,0.164671,0.052105
2024-01-01 00:00:03.220,-0.432634,-0.65521,9.481857,0.024189,-0.395919,0.397183
2024-01-01 00:00:03.230,1.10635,0.109124,10.914937,-0.403687,-0.082688,0.06809
2024-01-01 00:00:03.240,-0.531932,0.46694,9.394139,-0.36138,0.18994,-0.069787
2024-01-01 00:00:03.250,-0.642002,0.200996,8.614834,0.090479,0.054894,-0.084204
2024-01-01 00:00:03.260,0.612351,-0.001017,9.372748,-0.19936,-0.239303,-0.058914
2024-01-01 00:00:03.270,0.418592,-0.249262,10.333702,0.268632,-0.486024,-0.225276
2024-01-01 00:00:03.280,0.330003,-0.461985,10.987665,0.056317,-0.073156,0.00598
2024-01-01 00:00:03.290,0.332238,0.3531,9.904015,0.151691,-0.014317,0.11752
2024-01-01 00:00:03.300,-0.006475,0.386525,10.925195,0.352673,-0.176785,-0.092005
2024-01-01 00:00:03.310,-0.474423,-0.653844,8.660984,-0.077428,0.028617,-0.121107
2024-01-01 00:00:03.320,0.040082,0.672502,9.434999,-0.143622,0.101277,0.227392
2024-01-01 00:00:03.330,-0.358049,0.242832,9.565865,0.217926,0.134137,-0.213972
2024-01-01 00:00:03.340,0.515595,0.592029,9.713083,0.127378,-0.471184,-0.310173
2024-01-01 00:00:03.350,-0.077757,-0.56772,9.881144,-0.046833,-0.262857,-0.172935
2024-01-01 00:00:03.360,-0.436482,-0.577744,10.394511,0.347864,-0.060925,-0.231065
2024-01-01 00:00:03.370,-0.169933,-0.063014,9.433693,-0.053061,0.114435,0.057934
2024-01-01 00:00:03.380,0.218338,0.212678,9.927618,0.008193,0.097847,-0.054106
2024-01-01 00:00:03.390,-0.298069,0.759861,9.771826,0.005306,0.094374,-0.032953
2024-01-01 00:00:03.400,-0.434749,0.298671,9.026697,-0.233648,-0.076684,0.17294
2024-01-01 00:00:03.410,0.12885,-0.102654,9.713838,0.019396,-0.065527,-0.1037
2024-01-01 00:00:03.420,0.129526,-0.434154,9.688464,0.34919,-0.145666,0.116263
2024-01-01 00:00:03.430,-0.268046,0.52029,9.670342,0.111242,0.153639,0.226698
2024-01-01 00:00:03.440,-0.249062,-0.40807,9.836869,0.007766,-0.184098,-0.068349
2024-01-01 00:00:03.450,0.122696,0.688842,9.87402,-0.040442,0.170007,0.110553
2024-01-01 00:00:03.460,-0.765675,-0.120295,9.444278,0.082717,0.041571,-0.036273
2024-01-01 00:00:03.470,-0.744196,0.672816,10.886717,0.187442,-0.009009,0.138615
2024-01-01 00:00:03.480,-0.379877,0.287188,8.820619,0.15231,-0.131342,-0.235723
2024-01-01 00:00:03.490,-0.11286,-0.057949,9.200059,-0.082966,-0.271108,-0.246827
2024-01-01 00:00:03.500,0.164392,-0.219705,12.161849,0.081195,-0.129531,-0.05869
2024-01-01 00:00:03.510,0.780095,-0.144204,8.931859,0.119985,-0.066001,-0.133339
2024-01-01 00:00:03.520,0.453488,0.181178,8.664724,-0.251799,-0.473805,-0.077506
2024-01-01 00:00:03.530,-0.084567,0.032637,10.431367,0.042058,-0.039471,-0.032929
2024-01-01 00:00:03.540,-0.010055,-0.251182,8.052757,-0.540326,0.184871,0.108002
2024-01-01 00:00:03.550,-0.530087,-0.070062,9.610958,0.120633,0.113444,-0.061149
2024-01-01 00:00:03.560,-0.009789,0.033238,11.625368,0.165086,-0.099241,-0.123579
2024-01-01 00:00:03.570,-0.152628,-0.900455,8.502984,0.186887,0.009387,-0.052727
2024-01-01 00:00:03.580,0.170637,0.193805,8.133258,-0.098762,-0.111233,-0.115372
2024-01-01 00:00:03.590,-0.437398,-0.414422,8.541693,0.077262,0.029752,-0.140101
2024-01-01 00:00:03.600,0.274604,-0.48786,10.570012,0.355988,0.308022,-0.241953
2024-01-01 00:00:03.610,0.810436,-0.713747,10.761561,0.353442,0.1937,0.010422
2024-01-01 00:00:03.620,-0.057507,-0.758817,9.37635,-0.007293,0.104159,-0.085306
2024-01-01 00:00:03.630,0.212405,-0.573354,10.387998,0.03483,-0.098577,0.144942
2024-01-01 00:00:03.640,0.364914,-0.299916,10.986156,0.277728,0.149988,-0.217109
2024-01-01 00:00:03.650,-0.212145,0.826229,11.322095,-0.375201,-0.337375,-0.081313
2024-01-01 00:00:03.660,0.118489,-0.222447,9.6016,-0.080769,-0.050471,0.271936
2024-01-01 00:00:03.670,0.006658,0.075188,7.862955,0.333893,0.116742,-0.140941
2024-01-01 00:00:03.680,0.051646,0.169404,9.115536,0.2438,0.148084,-0.03548
2024-01-01 00:00:03.690,-0.408729,0.055441,9.448924,0.092316,0.133977,-0.182377
2024-01-01 00:00:03.700,0.01296,-0.032759,9.590938,-0.376458,0.058966,-0.202264
2024-01-01 00:00:03.710,0.263317,-0.505609,9.651071,-0.012478,-0.039145,0.232097
2024-01-01 00:00:03.720,0.767292,0.613742,10.756585,-0.147479,0.107595,0.025656
2024-01-01 00:00:03.730,2.387214,0.764444,16.058166,0.08276,-0.190572,0.020052
2024-01-01 00:00:03.740,3.018495,-0.711765,14.834764,-0.202337,-0.168935,-0.254447
2024-01-01 00:00:03.750,1.474265,-0.433164,15.909318,-0.256431,0.012347,0.053811
2024-01-01 00:00:03.760,2.34124,-0.11836,15.282582,-0.516216,0.03464,0.173613
2024-01-01 00:00:03.770,1.976942,-0.407999,15.034572,0.305451,-0.365123,0.172422
2024-01-01 00:00:03.780,1.157858,0.214023,10.576936,-0.099943,0.091029,0.10025
2024-01-01 00:00:03.790,-0.427388,-0.308059,9.871125,0.039286,0.154546,-0.169423
2024-01-01 00:00:03.800,-0.444003,0.915819,11.550908,-0.00056,-0.015457,0.046969
2024-01-01 00:00:03.810,-0.316929,0.503602,8.593104,-0.266858,0.474893,0.100138
2024-01-01 00:00:03.820,-1.12301,0.089919,9.374165,-0.314766,-0.136587,-0.269167
2024-01-01 00:00:03.830,-0.277993,0.434415,9.702965,-0.251329,-0.072217,-0.168192
2024-01-01 00:00:03.840,-0.401391,0.467796,10.181777,-0.180792,-0.079013,0.133224
2024-01-01 00:00:03.850,0.079521,-0.23855,10.882695,0.091652,-0.015238,0.131407
2024-01-01 00:00:03.860,0.180703,-0.34526,9.789359,-0.198929,-0.065745,-0.232287
2024-01-01 00:00:03.870,0.992025,0.033055,8.606794,0.436623,-0.281362,0.119253
2024-01-01 00:00:03.880,0.502537,0.364472,10.522767,0.256788,-0.10931,0.014296
2024-01-01 00:00:03.890,-0.305038,0.058823,10.448695,0.20209,-0.019524,0.117151
2024-01-01 00:00:03.900,-0.475037,-0.66707,8.167188,-0.029915,0.245714,-0.095178
2024-01-01 00:00:03.910,0.260102,-0.339595,9.806782,0.37857,0.440449,0.096778
2024-01-01 00:00:03.920,-0.698073,-0.031291,8.46474,-0.054501,0.267095,0.126574
2024-01-01 00:00:03.930,0.968384,-0.032007,9.247705,-0.007815,-0.155076,-0.0527
2024-01-01 00:00:03.940,0.623629,0.834385,9.046224,0.042494,-0.139162,0.002663
2024-01-01 00:00:03.950,-0.248077,-0.586273,10.494638,0.175456,-0.031866,-0.097278
2024-01-01 00:00:03.960,-0.90582,0.213864,9.908838,0.159227,0.356912,0.247746
2024-01-01 00:00:03.970,0.71586,0.629895,8.72239,-0.118781,-0.033085,-0.018041
2024-01-01 00:00:03.980,-0.060563,0.960823,10.554536,-0.133248,-0.265501,-0.138304
2024-01-01 00:00:03.990,0.654495,-0.17106,8.597,0.159976,-0.100235,-0.107374
2024-01-01 00:00:04.000,-0.843054,0.207875,10.089276,0.178809,0.151411,0.019016
2024-01-01 00:00:04.010,-0.31692,0.241009,9.121347,-0.098338,0.137988,0.113
2024-01-01 00:00:04.020,0.002773,0.082689,9.500637,-0.396797,-0.040043,-0.200374
2024-01-01 00:00:04.030,1.904841,-0.041812,15.406613,-0.051829,0.136683,0.277149
2024-01-01 00:00:04.040,1.642028,0.184418,15.421146,0.155881,-0.454634,0.046301
2024-01-01 00:00:04.050,2.209332,-1.07114,16.111076,0.451354,0.020766,0.069968
2024-01-01 00:00:04.060,1.315496,0.288515,14.910413,-0.299489,0.172137,-0.014578
2024-01-01 00:00:04.070,1.804717,0.053373,15.239257,-0.106643,-0.166573,0.002889
2024-01-01 00:00:04.080,0.063606,-0.094107,9.439674,-0.097351,-0.167268,-0.022242
2024-01-01 00:00:04.090,0.27201,0.865823,9.963963,0.338951,-0.37329,0.152669
2024-01-01 00:00:04.100,0.376266,-0.285497,10.181805,-0.008735,0.317979,-0.001189
2024-01-01 00:00:04.110,-0.594655,-0.170501,9.72683,-0.226832,-0.144031,0.115058
2024-01-01 00:00:04.120,-0.811163,0.842427,8.284027,0.139674,0.048209,-0.065077
2024-01-01 00:00:04.130,0.675572,-0.351962,10.090424,-0.10116,0.120783,0.029346
2024-01-01 00:00:04.140,0.175711,-0.232699,10.118419,-0.306097,0.302414,-0.120588
2024-01-01 00:00:04.150,-0.395762,-0.062192,9.234573,-0.223193,-0.03078,0.182479
2024-01-01 00:00:04.160,0.820172,0.355631,8.723409,0.43351,-0.107886,-0.125062
2024-01-01 00:00:04.170,0.061163,0.0879,11.058594,0.096052,0.034614,-0.048747
2024-01-01 00:00:04.180,0.623553,-0.546781,10.225763,0.02694,0.256816,-0.047244
2024-01-01 00:00:04.190,0.0357,-0.225107,9.616197,-0.062473,-0.034035,-0.053093
2024-01-01 00:00:04.200,1.08962,-0.256911,8.84807,0.073037,-0.190974,0.108374
2024-01-01 00:00:04.210,0.928136,-0.032665,9.114745,0.070059,-0.308152,-0.047499
2024-01-01 00:00:04.220,-0.13164,0.180132,10.911991,0.073042,-0.244259,0.209089
2024-01-01 00:00:04.230,0.513718,0.176901,9.926462,0.028711,0.172878,-0.122771
2024-01-01 00:00:04.240,0.341243,-0.751253,9.344203,0.2172,-0.064125,0.025407
2024-01-01 00:00:04.250,0.723664,0.450047,10.241197,0.005776,-0.121504,-0.116368
2024-01-01 00:00:04.260,-0.510203,0.106837,9.121019,-0.244485,-0.143193,0.063146
2024-01-01 00:00:04.270,0.36275,0.585657,11.079713,-0.153106,0.017009,-0.002392
2024-01-01 00:00:04.280,0.559642,0.187896,10.954469,-0.494755,-0.047891,-0.023259
2024-01-01 00:00:04.290,-0.929934,0.46586,9.415278,0.506704,-0.054626,0.178271
2024-01-01 00:00:04.300,-0.625648,0.197349,9.278145,0.215689,0.269865,-0.098151
2024-01-01 00:00:04.310,-1.078244,0.569453,7.595059,-0.207518,0.307603,0.087977
2024-01-01 00:00:04.320,-0.142449,0.220912,8.556583,-0.070461,-0.322004,-0.115344
2024-01-01 00:00:04.330,0.3794,-0.041418,8.676809,-0.159219,0.065519,0.016903
2024-01-01 00:00:04.340,0.794371,0.96124,9.924371,0.385637,-0.155372,-0.179336
2024-01-01 00:00:04.350,0.039178,0.376063,9.534006,-0.354969,-0.04965,-0.099378
2024-01-01 00:00:04.360,0.86113,0.242694,8.671846,0.028619,0.061856,-0.012321
2024-01-01 00:00:04.370,-0.729729,-0.539877,9.572135,-0.027132,-0.042544,0.272197
2024-01-01 00:00:04.380,-0.900663,-0.544954,10.237515,0.20671,0.046092,0.015121
2024-01-01 00:00:04.390,-0.029371,0.123819,10.256552,-0.026002,0.134594,0.2482
2024-01-01 00:00:04.400,0.203075,0.061555,8.202879,-0.439552,0.058915,0.033048
2024-01-01 00:00:04.410,-0.017287,-0.259774,9.701489,-0.062779,-0.129367,-0.058063
2024-01-01 00:00:04.420,-1.09316,0.059636,8.639694,-0.243041,-0.12584,0.230903
2024-01-01 00:00:04.430,-0.047122,0.671989,10.572862,0.019895,-0.287941,0.065553
2024-01-01 00:00:04.440,-0.689738,0.294155,10.473388,0.358544,-0.170784,-0.096408
2024-01-01 00:00:04.450,0.354089,-0.482647,9.050269,-0.434856,0.392414,0.070586
2024-01-01 00:00:04.460,0.193839,-0.047168,9.161926,-0.200056,-0.158401,-0.043889
2024-01-01 00:00:04.470,-0.496961,-0.340501,9.419768,-0.138173,-0.238676,-0.298355
2024-01-01 00:00:04.480,-0.271707,-0.163997,7.904137,-0.095408,0.063986,0.140396
2024-01-01 00:00:04.490,-0.560059,-0.174959,10.094229,0.185031,-0.022073,0.16424
2024-01-01 00:00:04.500,-0.033142,-0.202044,9.579174,-0.043386,-0.039119,0.275691
2024-01-01 00:00:04.510,0.505032,-0.530922,10.630768,0.103951,0.281809,0.063322
2024-01-01 00:00:04.520,-0.521203,-0.053998,8.880746,-0.156443,0.109825,-0.037309
2024-01-01 00:00:04.530,0.266515,-0.237137,9.286222,0.057481,-0.105999,0.125248
2024-01-01 00:00:04.540,-0.280374,-1.239157,8.53548,0.194449,-0.084895,0.127473
2024-01-01 00:00:04.550,-0.419232,0.868407,8.96037,-0.183075,-0.100517,0.245742
2024-01-01 00:00:04.560,-0.056592,0.46055,8.810043,0.19534,0.174948,-0.006694
2024-01-01 00:00:04.570,-0.547384,-0.159175,10.652594,0.013093,-0.06163,-0.024837
2024-01-01 00:00:04.580,-0.292742,0.00796,9.21927,0.261365,-0.358631,-0.107332
2024-01-01 00:00:04.590,-0.633378,-0.49561,9.915053,-0.050355,-0.009664,0.080619
2024-01-01 00:00:04.600,1.038848,0.717291,9.487874,0.095311,-0.307405,-0.232239
2024-01-01 00:00:04.610,0.018646,0.802553,8.736032,-0.010152,0.436846,0.116413
2024-01-01 00:00:04.620,1.51002,0.066281,14.837618,-0.024053,-0.193134,0.088175
2024-01-01 00:00:04.630,1.993142,0.432953,15.486841,0.064733,-0.032373,0.087761
2024-01-01 00:00:04.640,1.820607,0.074146,13.958236,0.134202,0.051641,0.020734
2024-01-01 00:00:04.650,1.763162,-0.565435,15.664509,-0.312391,-0.057732,0.229947
2024-01-01 00:00:04.660,2.204741,-0.174201,14.261136,0.358408,-0.058006,0.130799
2024-01-01 00:00:04.670,0.400532,0.055806,9.401396,-0.464916,0.084365,-0.091062
2024-01-01 00:00:04.680,-0.280502,-0.192274,10.258958,-0.171203,0.305243,-0.088377
2024-01-01 00:00:04.690,-0.304464,-0.09249,9.248733,-0.023567,0.153502,-0.131951
2024-01-01 00:00:04.700,-0.145434,-0.038662,9.841788,0.103089,0.295703,0.082692
2024-01-01 00:00:04.710,-1.217141,-0.034212,9.543772,0.394043,-0.209324,-0.150021
2024-01-01 00:00:04.720,-0.801157,0.022105,9.919445,-0.464573,0.063473,0.162509
2024-01-01 00:00:04.730,0.722735,-0.448636,7.795895,-0.126924,0.031049,0.198446
2024-01-01 00:00:04.740,0.869777,-0.303298,8.262089,-0.531708,0.070218,-0.131852
2024-01-01 00:00:04.750,-0.131678,-0.543379,10.331108,0.007905,0.275246,-0.027832
2024-01-01 00:00:04.760,0.304854,0.413616,10.687455,0.067921,-0.044158,0.002493
2024-01-01 00:00:04.770,0.164574,-0.890689,9.039728,0.397699,-0.081101,0.132597
2024-01-01 00:00:04.780,1.627958,0.487969,9.603552,0.030159,0.106796,0.241402
2024-01-01 00:00:04.790,0.591975,0.586426,10.059332,0.261006,-0.355641,-0.252824
2024-01-01 00:00:04.800,-0.067636,-0.127822,10.396462,0.145959,-0.04737,-0.047727
2024-01-01 00:00:04.810,-0.505242,-1.101127,8.094585,-0.108812,-0.02684,-0.039903
2024-01-01 00:00:04.820,-0.849408,-0.152834,9.06041,-0.35224,-0.184072,-0.2101
2024-01-01 00:00:04.830,0.107581,-0.02715,9.528638,0.068751,0.211412,-0.072767
2024-01-01 00:00:04.840,-0.39992,-0.427483,10.404857,-0.373026,-0.212448,0.064165
2024-01-01 00:00:04.850,-0.752017,-0.217937,11.923672,0.323802,-0.027175,-0.041802
2024-01-01 00:00:04.860,-0.341875,0.647273,9.617107,-0.040516,0.058631,-0.231693
2024-01-01 00:00:04.870,-0.571869,0.281264,8.619697,0.298794,0.27069,0.431112
2024-01-01 00:00:04.880,0.892076,-0.391091,10.150319,-0.120054,-0.002111,0.039927
2024-01-01 00:00:04.890,0.466167,-0.675784,10.927562,0.067213,0.187231,0.016754
2024-01-01 00:00:04.900,-0.004216,-0.138328,9.90138,0.052337,0.140119,-0.164689
2024-01-01 00:00:04.910,0.78252,-0.090292,9.042975,-0.011261,0.024692,0.039106
2024-01-01 00:00:04.920,1.920908,0.209892,15.790463,-0.108165,-0.217903,-0.024632
2024-01-01 00:00:04.930,1.424596,-0.226439,15.54136,0.098114,-0.286916,-0.283279
2024-01-01 00:00:04.940,2.685352,0.216364,14.111936,-0.231541,0.021301,-0.160538
2024-01-01 00:00:04.950,2.164949,0.81857,15.302686,-0.302359,-0.108539,0.119239
2024-01-01 00:00:04.960,1.331556,0.344957,15.823687,0.310707,0.183852,0.291603
2024-01-01 00:00:04.970,-0.100642,-0.020341,10.809879,0.181792,0.149171,0.055075
2024-01-01 00:00:04.980,-0.462983,-0.077473,9.753784,0.016473,-0.036922,0.165462
2024-01-01 00:00:04.990,-0.731155,-0.150873,9.507065,0.416286,-0.231543,-0.023363
2024-01-01 00:00:05.000,0.489716,0.499411,10.848274,-0.066941,0.102147,-0.012982
2024-01-01 00:00:05.010,1.009604,-0.265354,8.786204,0.330676,-0.20359,0.163647
2024-01-01 00:00:05.020,-0.739493,0.019129,10.181038,0.043894,-0.151693,0.249417
2024-01-01 00:00:05.030,0.29767,0.021657,8.650957,-0.256188,-0.195883,0.195165
2024-01-01 00:00:05.040,-0.344027,-0.212255,10.711308,0.46201,-0.0277,-0.159954
2024-01-01 00:00:05.050,-0.257568,-0.580553,9.591693,0.247678,0.234038,-0.010044
2024-01-01 00:00:05.060,-0.313228,0.136618,10.883221,-0.030255,-0.001008,0.041629
2024-01-01 00:00:05.070,-0.456835,-0.025805,10.225735,0.181793,-0.088644,-0.038952
2024-01-01 00:00:05.080,0.025656,0.211602,8.775156,-0.100926,-0.305123,0.058179
2024-01-01 00:00:05.090,-0.439365,-0.225713,11.015235,0.207287,0.110425,0.123087
2024-01-01 00:00:05.100,0.143004,0.516407,11.122353,-0.59777,-0.156081,0.150421
2024-01-01 00:00:05.110,-0.026563,-0.370875,10.556414,-0.25495,0.023504,0.252881
2024-01-01 00:00:05.120,-0.126344,0.724193,9.165697,0.244815,-0.070844,-0.049416
2024-01-01 00:00:05.130,-0.479874,-0.73925,9.551112,-0.062414,0.167635,-0.204605
2024-01-01 00:00:05.140,-0.304968,0.183908,9.933031,0.051886,-0.031447,0.053735
2024-01-01 00:00:05.150,0.399413,0.201107,9.214661,-0.336696,-0.011785,0.282572
2024-01-01 00:00:05.160,0.26486,-0.336521,11.241725,0.461967,0.097149,-0.071546
2024-01-01 00:00:05.170,-0.516882,0.179519,9.9321,0.297632,0.421388,0.103027
2024-01-01 00:00:05.180,0.052522,0.541236,7.522968,-0.050171,0.177689,0.104362
2024-01-01 00:00:05.190,0.397296,-0.937714,10.097095,-0.101174,-0.017721,0.028716
2024-01-01 00:00:05.200,-0.882698,0.212661,9.515459,0.257401,0.00064,0.001039
2024-01-01 00:00:05.210,0.287302,-1.054654,9.746612,0.495618,-0.104972,-0.138514
2024-01-01 00:00:05.220,-0.350362,-0.408476,9.498148,0.23844,-0.189999,-0.342249
2024-01-01 00:00:05.230,0.301704,0.689137,10.492761,0.542951,-0.11055,-0.166778
2024-01-01 00:00:05.240,-0.403573,-0.246094,10.757256,-0.230588,-0.15443,-0.058546
2024-01-01 00:00:05.250,-0.954331,-0.496551,10.049463,-0.204847,0.130674,0.164613
2024-01-01 00:00:05.260,-0.860563,-0.083728,9.522943,-0.297235,-0.214239,-0.015469
2024-01-01 00:00:05.270,0.025425,0.874724,9.775029,0.11044,0.266642,-0.077854
2024-01-01 00:00:05.280,0.137328,-0.774802,9.826581,0.043901,0.150409,-0.133648
2024-01-01 00:00:05.290,-0.478157,-0.444704,9.131144,-0.037988,0.0041,0.098521
2024-01-01 00:00:05.300,0.337656,0.633414,10.299774,0.202315,6.4e-05,0.203754
2024-01-01 00:00:05.310,-0.878529,0.785808,10.199196,0.308082,-0.111456,0.159515
2024-01-01 00:00:05.320,-0.03494,-0.043751,11.113213,-0.381416,0.054017,0.090922
2024-01-01 00:00:05.330,-0.640325,-0.524119,10.872026,-0.149243,0.217618,-0.221342
2024-01-01 00:00:05.340,-0.344658,0.886542,9.229919,0.205036,-0.140631,-0.052751
2024-01-01 00:00:05.350,0.025062,0.674449,10.503972,-0.116935,-0.306678,0.292096
2024-01-01 00:00:05.360,-0.454944,0.287195,9.005493,-0.199552,0.140644,0.168293
2024-01-01 00:00:05.370,-0.203334,-0.343646,10.398759,0.254634,0.064873,-0.230625
2024-01-01 00:00:05.380,0.532077,-0.020739,9.372944,-0.322375,-0.22404,-0.008339
2024-01-01 00:00:05.390,-0.305032,-0.067832,8.944328,-0.075395,-0.146678,0.054465
2024-01-01 00:00:05.400,0.441872,0.13995,10.046918,0.082161,-0.171821,-0.114324
2024-01-01 00:00:05.410,-0.597332,0.613774,7.547316,-0.143455,-0.144906,-0.346381
2024-01-01 00:00:05.420,0.280134,0.371993,8.328675,0.195789,-0.064737,0.014824
2024-01-01 00:00:05.430,0.762229,-0.45573,9.659842,-0.142219,-0.053309,-0.118164
2024-01-01 00:00:05.440,-1.306882,0.582258,9.879746,0.352155,-0.130159,-0.117576
2024-01-01 00:00:05.450,-0.421358,0.132455,9.497556,-0.031437,-0.151633,-0.053202
2024-01-01 00:00:05.460,0.305127,0.290629,8.473797,0.167818,-0.045757,-0.020051
2024-01-01 00:00:05.470,-0.10736,0.620347,9.118064,0.186506,0.033538,-0.001362
2024-01-01 00:00:05.480,0.196243,-0.470198,10.140963,-0.156885,-0.063259,-0.132598
2024-01-01 00:00:05.490,-0.319357,-0.015154,10.302187,-0.513372,0.231733,-0.033031
2024-01-01 00:00:05.500,0.045784,-0.224805,9.796275,0.090189,0.101618,-0.263614
2024-01-01 00:00:05.510,1.797686,-0.663205,15.958681,0.018072,-0.318169,0.046656
2024-01-01 00:00:05.520,2.497465,0.146658,15.316198,0.138957,0.104746,-0.428441
2024-01-01 00:00:05.530,2.014525,1.062388,14.347653,-0.056632,0.121109,-0.043424
2024-01-01 00:00:05.540,2.058507,-0.778353,14.742695,-0.107607,-0.086947,0.137878
2024-01-01 00:00:05.550,1.66222,-0.013655,13.793175,0.502118,-0.29904,-0.158901
2024-01-01 00:00:05.560,-0.257822,0.27095,9.718514,-0.368089,0.001613,0.107465
2024-01-01 00:00:05.570,-0.228715,0.052062,10.750837,0.183488,-0.001542,0.17336
2024-01-01 00:00:05.580,0.208567,-0.047853,10.389755,-0.14365,-0.224329,-0.496185
2024-01-01 00:00:05.590,-0.222596,-0.549569,10.9961,-0.083945,-0.290244,-0.022704
2024-01-01 00:00:05.600,0.153218,0.098469,9.553759,-0.079276,-0.017511,-0.431366
2024-01-01 00:00:05.610,1.097368,-0.320111,10.9488,-0.200859,-0.046615,-0.017731
2024-01-01 00:00:05.620,0.460607,-0.926337,9.646465,0.142806,-0.083453,-0.001076
2024-01-01 00:00:05.630,-0.172385,0.505313,11.054961,0.347661,-0.016682,-0.372382
2024-01-01 00:00:05.640,0.635142,0.405397,9.791509,0.117503,-0.220555,0.288726
2024-01-01 00:00:05.650,-0.21577,0.021853,10.408318,0.025845,-0.086964,0.042902
2024-01-01 00:00:05.660,-1.077658,0.096899,11.057945,-0.24661,0.106665,-0.127354
2024-01-01 00:00:05.670,-0.533026,0.454437,9.64636,0.129206,-0.069994,0.219807
2024-01-01 00:00:05.680,-0.989181,0.094896,9.994757,0.539087,-0.334394,-0.269342
2024-01-01 00:00:05.690,-0.185863,0.382399,10.900378,-0.095174,-0.094538,-0.184376
2024-01-01 00:00:05.700,0.009739,-0.125835,9.697479,-0.093996,-0.214032,-0.344918
2024-01-01 00:00:05.710,0.886416,0.554969,8.692525,-0.140272,0.053427,0.270157
2024-01-01 00:00:05.720,0.172863,0.135692,11.622984,-0.122354,0.063767,0.049852
2024-01-01 00:00:05.730,-0.115849,0.082084,9.412579,-0.686325,-0.331755,0.09891
2024-01-01 00:00:05.740,0.438548,-0.537236,9.944308,0.101259,0.151803,0.04515
2024-01-01 00:00:05.750,-1.169138,0.121382,10.787982,-0.211388,-0.222437,0.086065
2024-01-01 00:00:05.760,0.124581,-0.351917,9.295214,-0.402566,0.311836,0.011712
2024-01-01 00:00:05.770,0.407595,-0.269994,8.957344,0.188297,-0.009755,0.040638
2024-01-01 00:00:05.780,-0.781802,-0.344904,10.024662,-0.270504,-0.249279,0.016141
2024-01-01 00:00:05.790,0.60476,-0.451017,8.293057,-0.084667,-0.228397,-0.091289
2024-01-01 00:00:05.800,0.17898,0.898778,9.566431,0.366611,0.069619,-0.006994
2024-01-01 00:00:05.810,1.660417,0.563156,15.187303,-0.352304,-0.07826,0.041039
2024-01-01 00:00:05.820,2.214583,0.812315,14.751621,-0.38315,-0.019331,0.016582
2024-01-01 00:00:05.830,3.080629,-0.517285,13.674241,0.067327,0.322556,-0.221666
2024-01-01 00:00:05.840,1.976162,0.03014,16.328675,0.287372,-0.139849,-0.201748
2024-01-01 00:00:05.850,2.011247,-0.547154,15.067593,-0.393585,0.011993,0.162426
2024-01-01 00:00:05.860,-0.242887,-0.294279,11.020755,0.101922,0.283969,-0.046049
2024-01-01 00:00:05.870,-0.449355,-0.388368,9.590009,0.14525,0.054103,0.087709
2024-01-01 00:00:05.880,0.43904,0.524344,9.06551,-0.51479,-0.321321,-0.163818
2024-01-01 00:00:05.890,-0.452654,-0.167605,10.037727,0.199625,0.101078,-0.220972
2024-01-01 00:00:05.900,0.037841,0.451924,9.627444,0.219151,-0.232601,-0.126539
2024-01-01 00:00:05.910,-0.252561,0.255543,8.813614,-0.077946,0.281362,-0.033385
2024-01-01 00:00:05.920,0.253261,0.974439,11.053437,0.313087,-0.164574,-0.099771
2024-01-01 00:00:05.930,0.176424,-0.625805,9.283559,0.284114,0.593902,0.19409
2024-01-01 00:00:05.940,0.548599,0.532656,8.253135,0.025779,0.293475,0.026928
2024-01-01 00:00:05.950,-0.269671,0.484944,10.933628,-0.112861,-0.159323,0.277341
2024-01-01 00:00:05.960,-0.142696,-0.411739,9.383364,-0.243207,0.004003,0.060661
2024-01-01 00:00:05.970,-0.517521,0.426017,9.295781,-0.009391,0.150729,-0.361883
2024-01-01 00:00:05.980,-0.23492,0.142189,8.316482,0.14244,0.156732,0.158406
2024-01-01 00:00:05.990,0.199498,-0.096222,11.282836,-0.081044,0.088467,-0.226433
2024-01-01 00:00:06.000,0.400258,-0.348525,8.719099,-0.549375,0.250432,0.03458
2024-01-01 00:00:06.010,-0.487595,-0.304183,9.859448,0.317178,-0.024594,-0.116203
2024-01-01 00:00:06.020,0.459804,0.867071,10.582077,0.047556,-0.073344,0.321407
2024-01-01 00:00:06.030,0.716794,0.000289,10.166773,-0.094906,-0.069373,0.21594
2024-01-01 00:00:06.040,0.218604,0.330841,9.759532,0.21429,0.171675,-0.111273
2024-01-01 00:00:06.050,0.992356,-0.33455,8.370391,0.38116,0.073036,-0.019104
2024-01-01 00:00:06.060,-0.409141,-0.329878,9.124973,-0.700478,0.058257,0.03669
2024-01-01 00:00:06.070,-0.658111,0.45768,9.968879,0.108566,0.159047,0.129512
2024-01-01 00:00:06.080,-0.940498,-0.570871,9.144051,-0.356662,-0.41021,0.004373
2024-01-01 00:00:06.090,0.791033,-0.175635,9.982042,0.124778,0.062014,-0.153734
2024-01-01 00:00:06.100,0.345996,0.014394,10.386755,0.031982,0.043714,-0.107634
2024-01-01 00:00:06.110,-0.02939,0.047111,10.624277,0.158932,0.333762,-0.000672
2024-01-01 00:00:06.120,0.148033,-0.075756,8.772652,-0.124812,-0.305718,0.185169
2024-01-01 00:00:06.130,-0.595102,0.167432,11.668363,-0.46831,0.311437,0.064176
2024-01-01 00:00:06.140,1.293191,0.293078,10.459288,-0.112592,0.015082,-0.116012
2024-01-01 00:00:06.150,0.068326,0.310752,9.80855,0.101712,0.097798,0.097256
2024-01-01 00:00:06.160,0.057842,-0.416995,10.731748,0.253848,0.335184,-0.058048
2024-01-01 00:00:06.170,0.383749,-0.120198,11.811135,-0.292958,0.112152,0.133561
2024-01-01 00:00:06.180,0.254334,0.505385,8.592843,0.256765,0.080074,0.379052
2024-01-01 00:00:06.190,0.118379,0.378436,9.619428,-0.161968,0.048458,-0.053824
2024-01-01 00:00:06.200,-0.417963,-0.58072,7.797847,0.090612,-0.096696,0.120241
2024-01-01 00:00:06.210,0.249289,0.148676,9.972983,-0.127473,-0.005698,-0.111809
2024-01-01 00:00:06.220,0.99512,-0.836789,10.119124,0.045543,-0.143103,-0.01684
2024-01-01 00:00:06.230,0.711391,0.019853,9.776869,0.222969,-0.008913,0.004434
2024-01-01 00:00:06.240,0.842397,0.802755,9.256265,-0.306754,-0.467186,-0.029053
2024-01-01 00:00:06.250,-0.270305,-0.400959,8.076111,-0.169976,0.085808,0.369452
2024-01-01 00:00:06.260,-0.523254,-0.352919,10.126009,0.046241,-0.024347,-0.045989
2024-01-01 00:00:06.270,-0.06651,0.323185,11.041298,0.600396,-0.067241,0.088028
2024-01-01 00:00:06.280,0.029465,-0.652605,9.309998,-0.215797,0.043952,-0.289513
2024-01-01 00:00:06.290,0.578554,-0.267655,10.182291,0.510033,-0.286713,0.064799
2024-01-01 00:00:06.300,-0.894891,0.252295,8.48335,0.501106,0.385854,0.171308
2024-01-01 00:00:06.310,0.80875,-0.268303,10.196802,-0.024328,-0.020553,-0.07914
2024-01-01 00:00:06.320,-0.083547,-0.099815,9.477199,-0.074538,-0.029169,-0.376533
2024-01-01 00:00:06.330,-0.225713,0.314791,9.164994,-0.173016,-0.193079,-0.005798
2024-01-01 00:00:06.340,-0.53515,0.178314,9.166732,-0.017051,0.004789,0.002578
2024-01-01 00:00:06.350,-0.875005,0.112864,9.477005,-0.35168,0.277392,0.108611
2024-01-01 00:00:06.360,0.435251,-0.143449,10.133539,-0.01906,0.207183,0.301635
2024-01-01 00:00:06.370,0.038767,0.156536,8.69991,0.37422,0.170888,-0.057008
2024-01-01 00:00:06.380,-0.682067,-0.052339,9.47404,-0.152771,0.10928,-0.128443
2024-01-01 00:00:06.390,-0.684773,0.193652,9.774915,-0.060181,-0.071709,-0.175038
2024-01-01 00:00:06.400,1.702454,-0.210202,14.050213,-0.425285,-0.290033,0.029712
2024-01-01 00:00:06.410,2.762495,-0.077227,16.499979,0.093516,-0.040208,0.071903
2024-01-01 00:00:06.420,1.742741,-0.418752,14.257943,0.06612,-0.047174,-0.081848
2024-01-01 00:00:06.430,1.085213,-0.014808,14.413656,0.015926,0.209759,0.116802
2024-01-01 00:00:06.440,1.750063,-0.343053,14.152351,-0.054207,0.061878,0.069808
2024-01-01 00:00:06.450,-0.144203,-0.471242,11.331514,-0.073189,0.322462,0.006485
2024-01-01 00:00:06.460,-1.425979,0.109414,10.277758,0.125475,0.239498,-0.135362
2024-01-01 00:00:06.470,-0.028708,0.089989,9.017643,-0.007204,-0.091299,-0.07228
2024-01-01 00:00:06.480,-0.122107,0.331156,10.745872,0.078743,-0.359026,-0.364463
2024-01-01 00:00:06.490,0.368119,-0.182366,9.979791,0.053746,0.277115,0.035368
2024-01-01 00:00:06.500,0.977636,0.172606,10.027636,0.280857,0.271877,0.003951
2024-01-01 00:00:06.510,0.595671,0.232987,9.518572,0.169249,-0.273242,0.028272
2024-01-01 00:00:06.520,-0.142175,0.188139,9.175994,0.048215,0.301848,0.075648
2024-01-01 00:00:06.530,-0.585076,-0.349252,10.09575,0.379606,0.076423,0.057873
2024-01-01 00:00:06.540,1.360664,0.063181,9.348856,0.105067,0.032137,-0.016557
2024-01-01 00:00:06.550,0.031312,0.154031,11.346975,0.326241,0.322957,0.0073
2024-01-01 00:00:06.560,0.007365,0.003036,8.73618,0.151736,0.268937,-0.210647
2024-01-01 00:00:06.570,-0.012756,-0.88258,11.109589,-0.46048,0.130266,-0.087558
2024-01-01 00:00:06.580,0.104737,0.067887,9.715824,0.326209,0.094643,0.007571
2024-01-01 00:00:06.590,-0.076331,0.935901,10.063027,0.033794,0.123279,-0.110378
2024-01-01 00:00:06.600,-0.303324,-0.152297,10.514851,-0.012989,-0.080011,0.129023
2024-01-01 00:00:06.610,-0.289152,-0.307977,9.276809,0.070337,-0.01102,-0.098795
2024-01-01 00:00:06.620,-0.017318,0.157926,10.541154,-0.086246,-0.180463,0.032446
2024-01-01 00:00:06.630,-0.287336,0.132136,7.519418,0.056757,-0.066608,0.017485
2024-01-01 00:00:06.640,-0.376917,0.504527,9.200889,-0.147969,-0.073327,0.111942
2024-01-01 00:00:06.650,0.056275,-0.532078,9.028243,0.318568,-0.127061,0.135119
2024-01-01 00:00:06.660,-0.134819,0.309374,8.749534,-0.028397,0.027349,0.104105
2024-01-01 00:00:06.670,0.795236,0.249749,9.628148,-0.095646,-0.064796,-0.315901
2024-01-01 00:00:06.680,-1.4017,-0.060128,10.136344,-0.231231,0.100447,0.179122
2024-01-01 00:00:06.690,0.577134,0.143265,10.40445,0.067194,-0.324464,0.229096
2024-01-01 00:00:06.700,2.538868,0.435461,15.183782,0.046777,-0.022671,-0.072319
2024-01-01 00:00:06.710,0.783695,0.368989,14.416823,0.097106,0.02631,0.035497
2024-01-01 00:00:06.720,1.698804,-0.483497,15.292188,-0.256813,-0.062126,-0.133625
2024-01-01 00:00:06.730,1.683601,0.346927,15.085146,-0.400295,-0.034479,-0.292257
2024-01-01 00:00:06.740,1.135778,-0.027363,15.771904,0.156398,-0.317049,-0.110807
2024-01-01 00:00:06.750,-0.411271,0.030826,10.467288,0.37116,0.071295,-0.081021
2024-01-01 00:00:06.760,-0.587217,0.030962,9.835783,-0.256588,0.129521,-0.053228
2024-01-01 00:00:06.770,0.926513,-0.063553,9.050924,0.39736,0.098707,-0.143837
2024-01-01 00:00:06.780,0.49474,0.504092,9.257604,0.070978,0.207745,-0.110014
2024-01-01 00:00:06.790,0.672335,-0.035413,9.344878,-0.001766,0.040306,-0.001651
2024-01-01 00:00:06.800,0.381584,-0.473568,9.543285,-0.099387,0.095736,-0.115534
2024-01-01 00:00:06.810,-0.596986,-0.166463,10.036771,-0.34613,0.031218,0.081529
2024-01-01 00:00:06.820,-0.27734,0.075588,10.415038,0.246932,0.13751,0.102249
2024-01-01 00:00:06.830,0.258757,0.519958,9.766754,-0.193902,-0.315446,0.357058
2024-01-01 00:00:06.840,-0.6462,0.255109,9.823642,-0.194952,-0.178716,0.168852
2024-01-01 00:00:06.850,0.376998,-0.359776,9.931237,0.247982,0.31738,0.036465
2024-01-01 00:00:06.860,-0.127072,1.051235,9.373544,-0.470746,-0.492087,-0.09304
2024-01-01 00:00:06.870,-0.198187,0.112,9.027118,-0.380899,-0.028036,0.044062
2024-01-01 00:00:06.880,0.37592,0.53949,8.3249,-0.004534,0.234455,0.048989
2024-01-01 00:00:06.890,0.234904,-0.064175,9.221904,0.073321,-0.018652,-0.076997
2024-01-01 00:00:06.900,-0.190861,0.225611,10.210281,0.121184,-0.081002,0.11756
2024-01-01 00:00:06.910,0.612996,0.355095,9.215337,-0.07545,0.025884,-0.209715
2024-01-01 00:00:06.920,-0.571612,0.515296,9.608815,0.632592,-0.070624,-0.03666
2024-01-01 00:00:06.930,0.325676,0.447267,10.204601,-0.056973,0.00617,0.083379
2024-01-01 00:00:06.940,0.313602,0.368939,10.250503,-0.057697,-0.136676,-0.043138
2024-01-01 00:00:06.950,-0.163673,-0.133282,8.896715,-0.199247,0.221735,-0.031013
2024-01-01 00:00:06.960,0.172443,-0.241849,10.653512,0.030977,0.284653,-0.020668
2024-01-01 00:00:06.970,-0.661526,0.140693,10.763738,0.15374,-0.026678,-0.12534
2024-01-01 00:00:06.980,0.488579,0.394713,8.854147,0.300895,-0.277298,0.176085
2024-01-01 00:00:06.990,-0.097767,-0.094211,9.113034,-0.372321,-0.104769,-0.152706
2024-01-01 00:00:07.000,-0.27639,0.450568,10.817663,-0.061499,-0.036798,0.047724
2024-01-01 00:00:07.010,0.554664,0.614457,9.685762,0.111676,0.101108,0.062047
2024-01-01 00:00:07.020,-0.372422,-0.387604,7.932068,0.146764,-0.201603,-0.142293
2024-01-01 00:00:07.030,-0.744724,-0.354017,8.625869,0.001637,-0.153832,0.010966
2024-01-01 00:00:07.040,-0.823068,-0.059379,9.599033,0.135606,0.102135,-0.136445
2024-01-01 00:00:07.050,0.320428,0.13012,8.826066,-0.202241,0.187782,0.208656
2024-01-01 00:00:07.060,-0.677027,-0.221892,9.460243,0.389476,-0.124319,-0.170817
2024-01-01 00:00:07.070,0.927847,0.571982,9.837407,0.248157,-0.266643,-0.098085
2024-01-01 00:00:07.080,-1.10082,0.17938,11.047067,-0.336232,0.656824,-0.183634
2024-01-01 00:00:07.090,0.897001,0.016686,9.564276,-0.268776,0.156661,-0.203655
2024-01-01 00:00:07.100,0.111575,-0.60739,10.71737,-0.26173,-0.053401,0.238682
2024-01-01 00:00:07.110,-0.051137,-0.55659,11.018731,0.169492,0.173806,0.081416
2024-01-01 00:00:07.120,-0.288126,0.118867,11.023426,-0.321182,-0.024891,0.021044
2024-01-01 00:00:07.130,0.211043,-0.902088,10.050902,-0.082756,0.173431,-0.098487
2024-01-01 00:00:07.140,-0.019899,0.428346,8.149057,0.113676,0.031879,0.136142
2024-01-01 00:00:07.150,0.583371,-0.066899,10.199858,-0.016541,0.018254,-0.123633
2024-01-01 00:00:07.160,0.060398,1.371828,10.696946,0.064722,-0.022716,0.119046
2024-01-01 00:00:07.170,0.079472,0.976249,9.741417,-0.266451,-0.289476,-0.130877
2024-01-01 00:00:07.180,-0.19226,-0.076753,11.285918,0.148714,0.387619,-0.096676
2024-01-01 00:00:07.190,-0.03011,-0.044981,10.537419,-0.153303,-0.188307,0.113742
2024-01-01 00:00:07.200,0.16275,0.421131,10.290759,-0.081155,-0.272005,0.129574
2024-01-01 00:00:07.210,-0.904252,0.720442,10.729078,0.059433,-0.042572,0.089621
2024-01-01 00:00:07.220,-0.712853,-0.692886,10.092031,0.02577,-0.192294,-0.157451
2024-01-01 00:00:07.230,0.393001,-0.755637,7.701082,0.005995,-0.010343,-0.067009
2024-01-01 00:00:07.240,0.090345,-0.263121,9.387728,-0.187657,0.137553,0.023535
2024-01-01 00:00:07.250,-0.097281,0.246498,10.822804,-0.074887,0.199061,-0.127392
2024-01-01 00:00:07.260,0.009747,0.210178,9.126778,0.000546,0.162946,0.205644
2024-01-01 00:00:07.270,0.183784,0.452513,9.620942,-0.343771,-0.061126,-0.360292
2024-01-01 00:00:07.280,-0.285398,-0.507472,8.926068,-0.115633,0.009918,-0.116811
2024-01-01 00:00:07.290,1.468471,-0.979729,16.489199,0.09692,0.081576,-0.076435
2024-01-01 00:00:07.300,1.983553,0.36294,16.402543,-0.319359,-0.351557,-0.426592
2024-01-01 00:00:07.310,1.362685,-0.350327,14.232247,0.289145,0.114117,-0.209434
2024-01-01 00:00:07.320,2.095864,-0.85382,15.104614,0.317403,-0.29146,0.093793
2024-01-01 00:00:07.330,0.979759,0.061362,14.404302,-0.311288,0.408069,0.004543
2024-01-01 00:00:07.340,0.544166,0.335513,10.330243,0.339405,-0.080903,0.23597
2024-01-01 00:00:07.350,0.249886,-0.05163,10.241192,-0.035895,-0.036975,0.231784
2024-01-01 00:00:07.360,0.135376,-0.19367,10.496703,0.104629,-0.153941,0.064957
2024-01-01 00:00:07.370,0.519598,-0.06741,10.090803,-0.124163,-0.125994,0.046986
2024-01-01 00:00:07.380,0.88062,-0.156757,12.293354,0.230761,0.454819,0.00989
2024-01-01 00:00:07.390,0.536348,-0.570224,8.940376,0.101524,0.188074,-0.398262
2024-01-01 00:00:07.400,-0.973362,-0.30231,8.36283,-0.203538,-0.30984,-0.209184
2024-01-01 00:00:07.410,-0.676576,0.220501,9.477446,-0.2913,0.300843,0.015101
2024-01-01 00:00:07.420,-0.330373,0.13607,8.483482,-0.365076,0.238648,0.092404
2024-01-01 00:00:07.430,0.013796,0.071089,8.547377,0.046985,-0.056242,0.04345
2024-01-01 00:00:07.440,0.273712,-0.420948,8.962888,0.143118,0.061339,-0.13387
2024-01-01 00:00:07.450,-0.383737,-0.076776,9.029828,0.162741,-0.002989,0.140611
2024-01-01 00:00:07.460,0.098753,-0.920899,9.002393,-0.029495,0.394516,0.222367
2024-01-01 00:00:07.470,-0.399409,0.075496,10.248413,-0.289249,-0.159258,0.140698
2024-01-01 00:00:07.480,-0.32334,0.604407,9.381764,-0.170519,0.029202,0.14844
2024-01-01 00:00:07.490,-0.743772,-0.623558,9.658131,0.288087,-0.085629,-0.083884
2024-01-01 00:00:07.500,-0.48816,-0.247847,10.566521,-0.121157,-0.286608,0.16139
2024-01-01 00:00:07.510,-0.714703,0.139212,9.161691,0.035854,0.438328,0.021864
2024-01-01 00:00:07.520,-0.515993,0.529952,9.586194,-0.268913,-0.236313,0.076733
2024-01-01 00:00:07.530,0.557113,-0.189599,10.119433,0.084146,0.044026,0.054815
2024-01-01 00:00:07.540,-0.501995,-0.292822,8.167434,-0.114421,-0.34814,-0.018223
2024-01-01 00:00:07.550,1.391872,-0.832854,7.79237,0.261678,-0.079814,-0.129
2024-01-01 00:00:07.560,0.260842,0.043754,10.102815,0.193389,0.084394,-0.01232
2024-01-01 00:00:07.570,0.097732,0.863798,10.226244,-0.123926,-0.164947,0.148014
2024-01-01 00:00:07.580,-0.453857,0.117323,11.55633,-0.031666,0.11736,-0.066221
2024-01-01 00:00:07.590,2.250289,-0.009424,15.113748,-0.137779,-0.053808,0.134002
2024-01-01 00:00:07.600,1.575631,0.136241,15.6735,-0.354858,0.232017,0.110561
2024-01-01 00:00:07.610,1.944513,-0.004692,14.81463,-0.214361,0.272352,-0.044841
2024-01-01 00:00:07.620,3.233645,-0.343905,15.231454,0.049554,-0.117349,0.20832
2024-01-01 00:00:07.630,1.829208,0.348247,16.390499,0.081315,0.015347,-0.053332
2024-01-01 00:00:07.640,0.607678,0.095497,8.013102,0.037137,0.036691,0.226432
2024-01-01 00:00:07.650,-0.371805,0.00745,10.159919,-0.075433,0.12387,0.065119
2024-01-01 00:00:07.660,-0.0185,-0.41258,11.616706,0.233267,0.002876,-0.00238
2024-01-01 00:00:07.670,0.936311,0.551384,10.048601,0.015885,0.038042,-0.13317
2024-01-01 00:00:07.680,-0.331509,0.281169,11.206385,0.175813,-0.048681,-0.013239
2024-01-01 00:00:07.690,0.958332,-0.233886,9.277687,-0.443444,0.023048,-0.030564
2024-01-01 00:00:07.700,0.374224,0.423772,9.782888,-0.9806,0.259588,-0.188744
2024-01-01 00:00:07.710,-0.297404,-0.210472,9.838362,0.070947,0.129217,-0.032642
2024-01-01 00:00:07.720,0.334386,-0.330787,7.933918,-0.356191,0.140251,-0.12057
2024-01-01 00:00:07.730,0.514238,-0.321354,8.821722,-0.053113,0.144614,0.087899
2024-01-01 00:00:07.740,0.328782,-0.749162,8.882044,-0.075524,-0.030762,0.195942
2024-01-01 00:00:07.750,-0.830256,0.199462,10.505468,0.39685,0.063765,-0.184037
2024-01-01 00:00:07.760,-0.384474,-0.774574,10.547842,0.099999,-0.217035,0.256846
2024-01-01 00:00:07.770,-0.130875,-0.519632,10.084135,0.041465,0.253762,-0.019283
2024-01-01 00:00:07.780,-0.039357,-0.877974,10.507191,0.209248,-0.556592,-0.146253
2024-01-01 00:00:07.790,0.32818,-0.036407,9.67113,0.092124,-0.01743,0.113663
2024-01-01 00:00:07.800,0.093959,-0.063586,10.826834,-0.114419,0.228179,-0.066968
2024-01-01 00:00:07.810,-0.706063,-0.138192,9.817435,0.267869,-0.272774,-0.012261
2024-01-01 00:00:07.820,0.20103,-0.44101,9.858953,-0.277438,0.079956,-0.060642
2024-01-01 00:00:07.830,0.322847,-0.495855,9.585309,0.080812,-0.136153,-0.122511
2024-01-01 00:00:07.840,0.295989,0.196428,10.389045,-0.386892,-0.073761,0.1086
2024-01-01 00:00:07.850,0.571463,-0.232883,9.453666,0.050986,0.189188,-0.042945
2024-01-01 00:00:07.860,0.440936,0.13382,10.636061,0.048247,0.039611,-0.215498
2024-01-01 00:00:07.870,0.242791,-0.37446,8.852202,0.419114,-0.406871,0.082659
2024-01-01 00:00:07.880,-0.0371,0.07659,8.880317,-0.391243,-0.195285,-0.180837
2024-01-01 00:00:07.890,-0.878233,0.551287,10.391563,-0.150222,0.195067,-0.172989
2024-01-01 00:00:07.900,0.227161,0.247948,9.735092,0.205671,0.089789,0.178891
2024-01-01 00:00:07.910,0.109815,-0.174451,9.426008,0.083829,0.349627,-0.179451
2024-01-01 00:00:07.920,0.143597,0.108795,10.562989,0.045076,0.33653,-0.347467
2024-01-01 00:00:07.930,-0.675081,-0.101801,9.296257,-0.239034,-0.068449,0.093429
2024-01-01 00:00:07.940,-0.571609,0.003333,9.64063,-0.147705,0.500648,-0.04558
2024-01-01 00:00:07.950,0.556855,-0.137733,10.993747,0.31126,0.004896,-0.032648
2024-01-01 00:00:07.960,-0.020915,-0.069514,11.112114,-0.012877,-0.192534,-0.047175
2024-01-01 00:00:07.970,0.360343,0.089715,11.140249,0.09384,-0.126728,0.03475
2024-01-01 00:00:07.980,0.014973,-0.420191,9.571322,-0.028797,-0.451345,-0.112908
2024-01-01 00:00:07.990,0.015734,-0.429717,10.851175,-0.295771,0.321404,0.221417
2024-01-01 00:00:08.000,0.496118,-0.587354,9.007186,0.233453,0.318952,-0.221435
2024-01-01 00:00:08.010,-0.272859,-0.676915,9.04276,0.125808,-0.203101,0.066731
2024-01-01 00:00:08.020,0.050824,-0.514911,7.821514,0.576409,-0.045577,0.096318
2024-01-01 00:00:08.030,-0.244428,0.067453,11.225246,-0.253895,0.019122,-0.113948
2024-01-01 00:00:08.040,-0.22974,-0.377649,9.079073,0.205643,-0.192071,-0.15356
2024-01-01 00:00:08.050,-0.163475,0.217259,9.702953,-0.327886,-0.35102,0.152576
2024-01-01 00:00:08.060,0.117453,0.014684,9.039866,0.039337,-0.042072,-0.148629
2024-01-01 00:00:08.070,-0.253138,-0.832677,10.39811,0.244127,-0.064216,-0.091
2024-01-01 00:00:08.080,0.663981,0.277055,9.492214,-0.518034,-0.077682,0.133096
2024-01-01 00:00:08.090,-0.473024,0.342968,8.706125,-0.051233,0.044543,0.005211
2024-01-01 00:00:08.100,-0.098808,-0.420404,10.183647,-0.140802,0.285904,-0.269572
2024-01-01 00:00:08.110,-0.232508,0.177741,8.597064,-0.175489,-0.060619,0.262059
2024-01-01 00:00:08.120,0.76509,-0.362299,9.101555,0.096303,0.034089,-0.079502
2024-01-01 00:00:08.130,0.103928,0.041315,8.027572,0.280171,0.145374,-0.060414
2024-01-01 00:00:08.140,0.545588,-0.534883,8.605331,-0.03332,0.110829,0.038368
2024-01-01 00:00:08.150,-0.78549,-0.758484,9.961036,0.051372,-0.122885,0.093762
2024-01-01 00:00:08.160,0.141203,-0.161932,8.148003,0.028577,0.019275,0.294166
2024-01-01 00:00:08.170,0.470392,-0.052337,8.556951,0.000451,0.109508,-0.24901
2024-01-01 00:00:08.180,1.923508,-0.168219,14.977996,-0.272336,-0.22567,0.123893
2024-01-01 00:00:08.190,2.443373,-0.500845,14.520109,0.277111,0.252708,0.111451
2024-01-01 00:00:08.200,1.606484,-0.169157,16.665263,0.073799,0.286318,-0.020575
2024-01-01 00:00:08.210,2.625192,0.113912,16.531476,0.09872,-0.144556,0.118091
2024-01-01 00:00:08.220,3.095542,-0.01899,14.245738,-0.201627,0.038734,0.140141
2024-01-01 00:00:08.230,-0.191851,0.077198,10.281338,-0.114805,0.128456,-0.207294
2024-01-01 00:00:08.240,-0.235559,-0.283459,10.443893,-0.044034,-0.109123,0.262465
2024-01-01 00:00:08.250,0.768477,0.495637,9.304533,-0.383531,0.096323,-0.233814
2024-01-01 00:00:08.260,0.835199,-0.497521,8.544772,-0.422009,0.032651,-0.170297
2024-01-01 00:00:08.270,-0.276462,0.206238,9.799596,-0.150187,-0.293584,-0.039268
2024-01-01 00:00:08.280,-0.222174,0.49994,9.663773,0.13063,0.091832,0.288741
2024-01-01 00:00:08.290,-0.148994,0.203424,9.441343,-0.163284,-0.220028,-0.046238
2024-01-01 00:00:08.300,-0.710878,-0.085668,10.1842,-0.254701,0.187841,-0.00479
2024-01-01 00:00:08.310,-0.485737,-0.22347,9.174883,-0.203671,-0.134242,0.214812
2024-01-01 00:00:08.320,-0.530939,0.438265,8.83541,-0.113836,-0.032257,-0.045048
2024-01-01 00:00:08.330,-0.405973,-0.601918,9.902284,-0.088465,0.274456,-0.176766
2024-01-01 00:00:08.340,-0.01834,-0.410363,10.136531,0.54138,0.099276,-0.062585
2024-01-01 00:00:08.350,0.123841,-0.168167,8.814558,0.263655,-0.215895,0.205619
2024-01-01 00:00:08.360,0.819827,0.523528,10.595165,0.256194,-0.202983,0.01063
2024-01-01 00:00:08.370,-0.52788,0.160642,8.312173,0.292145,-0.119861,0.289599
2024-01-01 00:00:08.380,0.52046,-0.409483,9.320916,-0.249705,0.078929,0.11069
2024-01-01 00:00:08.390,-0.113147,-0.13126,9.591725,-0.305591,0.07166,-0.096721
2024-01-01 00:00:08.400,-0.026154,-0.259859,9.271755,-0.276718,-0.16862,0.007661
2024-01-01 00:00:08.410,0.356811,-0.300241,9.331959,0.333627,-0.233442,-0.127983
2024-01-01 00:00:08.420,-0.593639,0.41407,11.392929,-0.136798,0.056317,-0.100265
2024-01-01 00:00:08.430,0.202199,-0.580247,9.090152,-0.312839,-0.036372,0.671863
2024-01-01 00:00:08.440,0.088012,0.680514,11.875274,-0.107749,0.431443,0.152794
2024-01-01 00:00:08.450,0.260384,0.350341,10.179809,-0.059651,0.007321,0.129165
2024-01-01 00:00:08.460,0.152898,0.461434,9.887879,0.067103,0.362851,-0.093477
2024-01-01 00:00:08.470,1.29824,-0.195823,10.212899,0.062738,-0.234077,0.235438
2024-01-01 00:00:08.480,1.542795,-0.063425,17.120319,-0.207045,-0.314643,0.164912
2024-01-01 00:00:08.490,1.599235,-0.606223,14.13942,0.171414,-0.224017,0.282243
2024-01-01 00:00:08.500,1.550514,-0.221932,14.032126,-0.159798,0.237826,0.274967
2024-01-01 00:00:08.510,1.586291,0.208816,14.341383,-0.039069,0.35122,-0.221863
2024-01-01 00:00:08.520,1.542982,0.548235,15.007193,0.171694,-0.156436,-0.166476
2024-01-01 00:00:08.530,0.628692,-0.468327,8.349998,-0.160455,-0.092113,-0.150568
2024-01-01 00:00:08.540,0.751092,-0.154609,9.828899,-0.142338,-0.233796,-0.141591
2024-01-01 00:00:08.550,-0.301782,-0.064,11.242741,0.147917,-0.362328,0.048518
2024-01-01 00:00:08.560,-0.440108,-0.590419,9.938091,-0.214433,0.143682,-0.085021
2024-01-01 00:00:08.570,0.249261,0.250141,9.562388,-0.096198,0.044604,0.31089
2024-01-01 00:00:08.580,-0.291988,-0.306248,9.287036,0.138936,0.002098,0.285702
2024-01-01 00:00:08.590,0.334663,-0.08265,10.570141,0.513523,-0.280011,-0.000969
2024-01-01 00:00:08.600,0.107296,-0.191175,9.111345,0.151351,0.327991,0.293299
2024-01-01 00:00:08.610,-0.80145,-0.33389,11.372051,0.11816,-0.100671,0.22322
2024-01-01 00:00:08.620,0.818243,-0.00298,11.445622,0.1327,0.106725,-0.067606
2024-01-01 00:00:08.630,0.94957,-0.091203,10.027211,-0.268298,-0.290912,-0.301382
2024-01-01 00:00:08.640,-0.324012,-0.157296,9.800258,0.028899,-0.038105,-0.032695
2024-01-01 00:00:08.650,-0.204997,-0.308139,10.681938,-0.007442,0.058275,-0.096693
2024-01-01 00:00:08.660,0.151151,0.135159,10.7362,0.080396,0.065415,0.030976
2024-01-01 00:00:08.670,0.176844,0.69948,9.128131,0.029127,0.03093,0.013384
2024-01-01 00:00:08.680,0.348205,0.059172,9.364534,0.094925,0.098904,0.009453
2024-01-01 00:00:08.690,1.062896,0.421358,8.691294,-0.077867,-0.226104,0.078553
2024-01-01 00:00:08.700,-0.093561,-0.588064,10.156069,0.014652,0.039475,-0.181878
2024-01-01 00:00:08.710,-0.4221,0.066733,10.373967,-0.306957,0.022752,0.061704
2024-01-01 00:00:08.720,-0.729315,-0.464187,8.667963,-0.079977,0.046335,-0.065942
2024-01-01 00:00:08.730,-0.386479,-0.624739,9.424902,0.347708,0.014469,0.029997
2024-01-01 00:00:08.740,-0.017516,-0.312754,8.670223,0.079702,-0.254643,0.143611
2024-01-01 00:00:08.750,0.948872,0.504173,9.049615,-0.00523,-0.26356,-0.18366
2024-01-01 00:00:08.760,-0.273687,0.401857,10.27616,0.474031,-0.442854,-0.042194
2024-01-01 00:00:08.770,0.118328,0.102791,9.189474,-0.340209,0.163507,-0.01778
2024-01-01 00:00:08.780,-0.008684,-0.648332,9.555501,-0.277364,0.165532,-0.07714
2024-01-01 00:00:08.790,0.628363,-0.083027,8.433294,0.428178,0.16871,0.134974
2024-01-01 00:00:08.800,1.336116,0.127619,9.968194,0.01149,0.061358,-0.108058
2024-01-01 00:00:08.810,-0.280697,0.074252,9.772545,-0.060646,-0.426624,-0.08331
2024-01-01 00:00:08.820,-0.258791,-0.779925,9.1933,-0.299801,-0.205342,-0.106488
2024-01-01 00:00:08.830,0.5521,-0.376604,9.650094,0.111924,0.034083,0.163808
2024-01-01 00:00:08.840,0.36055,-0.027105,9.962529,0.136115,0.027104,-0.073867
2024-01-01 00:00:08.850,0.976446,0.226851,9.120622,-0.273624,-0.04455,0.069007
2024-01-01 00:00:08.860,0.308752,-0.928962,8.561082,-0.035069,0.073783,0.296356
2024-01-01 00:00:08.870,-0.189976,-0.068578,11.337516,-0.083879,0.00233,-0.011223
2024-01-01 00:00:08.880,0.312309,0.06051,9.274251,0.063994,0.024154,0.166809
2024-01-01 00:00:08.890,0.586227,0.359386,9.728141,-0.279813,-0.127813,0.250703
2024-01-01 00:00:08.900,0.43383,0.293079,10.66517,0.312987,0.196402,0.154079
2024-01-01 00:00:08.910,0.268221,0.246428,12.795581,0.228956,-0.086154,-0.00252
2024-01-01 00:00:08.920,0.564004,-0.338375,8.757164,-0.090794,-0.26613,0.096316
2024-01-01 00:00:08.930,0.618265,-0.807085,10.190554,-0.054105,-0.1542,-0.193107
2024-01-01 00:00:08.940,0.730817,-0.166261,9.211411,-0.034106,-0.069693,-0.117006
2024-01-01 00:00:08.950,0.343005,0.42369,9.354183,-0.194577,0.198801,-0.090701
2024-01-01 00:00:08.960,-0.088364,0.589431,9.200701,-0.110857,-0.008454,0.336092
2024-01-01 00:00:08.970,0.077575,0.300562,8.857696,-0.067568,-0.03723,-0.121888
2024-01-01 00:00:08.980,0.637942,0.181611,9.775068,0.403217,-0.249733,-0.124122
2024-01-01 00:00:08.990,-0.431955,0.160588,8.562571,0.236655,0.157097,-0.156588
2024-01-01 00:00:09.000,0.194936,-0.235238,10.610999,0.233664,-0.13039,0.083972
2024-01-01 00:00:09.010,-0.207978,-0.055016,9.856532,0.092481,-0.020006,0.021393
2024-01-01 00:00:09.020,0.015199,0.706016,10.16738,-0.279332,0.296037,0.163014
2024-01-01 00:00:09.030,0.675981,-0.398702,9.415604,-0.010373,0.101753,0.100689
2024-01-01 00:00:09.040,0.101044,0.683051,9.499345,0.242622,-0.325651,-0.207058
2024-01-01 00:00:09.050,0.024553,-0.136218,10.053279,-0.314566,-0.353902,-0.121092
2024-01-01 00:00:09.060,1.160976,0.560658,13.995213,0.159138,-0.012862,0.204799
2024-01-01 00:00:09.070,2.274582,-0.595083,14.67714,0.580652,-0.242548,-0.030495
2024-01-01 00:00:09.080,2.2213,0.247837,14.252767,0.265454,0.129709,0.178139
2024-01-01 00:00:09.090,3.023821,-0.311654,14.226579,0.353507,0.008453,-0.022452
2024-01-01 00:00:09.100,1.717262,-0.598658,13.195077,0.054585,0.033077,-0.145148
2024-01-01 00:00:09.110,0.115876,0.09244,10.94307,0.241983,-0.141349,-0.045489
2024-01-01 00:00:09.120,0.131862,0.427007,9.229188,-0.179463,0.348277,-0.145207
2024-01-01 00:00:09.130,0.834078,-0.35741,10.794216,0.198966,0.568519,-0.084833
2024-01-01 00:00:09.140,-0.050388,-0.634084,10.714198,0.163597,-0.055717,0.030139
2024-01-01 00:00:09.150,0.147533,-0.03885,8.722044,0.072478,0.070608,0.076741
2024-01-01 00:00:09.160,0.321425,-0.036985,8.889204,0.329002,0.019483,-0.238529
2024-01-01 00:00:09.170,0.09867,0.231939,11.976186,-0.134696,-0.051937,-0.002605
2024-01-01 00:00:09.180,-0.236052,0.401679,11.291283,-0.046764,-0.166414,-0.087992
2024-01-01 00:00:09.190,0.102625,-0.025133,9.783335,0.023866,-0.216994,-0.097262
2024-01-01 00:00:09.200,0.567683,0.784878,10.027738,-0.257403,-0.227119,0.019903
2024-01-01 00:00:09.210,-0.54277,0.094851,9.276304,0.056733,0.081048,-0.082568
2024-01-01 00:00:09.220,0.070308,-0.146538,10.17577,-0.429733,-0.103935,0.207321
2024-01-01 00:00:09.230,-0.370189,-0.681693,9.203264,0.261739,-0.515659,0.178209
2024-01-01 00:00:09.240,0.631881,-0.111105,8.090629,0.011659,0.088972,0.177274
2024-01-01 00:00:09.250,-0.805385,-0.142292,8.691964,-0.130223,-0.007652,-0.074237
2024-01-01 00:00:09.260,-0.29553,0.406209,9.827844,-0.208593,0.269335,-0.144375
2024-01-01 00:00:09.270,0.199451,0.195631,8.853117,-0.058645,0.074624,0.012304
2024-01-01 00:00:09.280,0.827771,-0.498873,9.753083,0.172065,-0.295735,-0.022552
2024-01-01 00:00:09.290,-0.034765,0.072864,8.900837,0.136935,-0.445935,-0.091323
2024-01-01 00:00:09.300,-0.293562,0.284058,9.148129,-0.176384,-0.143894,-0.17636
2024-01-01 00:00:09.310,0.994662,0.646357,10.531778,-0.21151,-0.125021,-0.006228
2024-01-01 00:00:09.320,-0.765637,0.375414,10.019369,0.164225,0.188632,-0.06061
2024-01-01 00:00:09.330,-1.162619,0.321838,9.801824,-0.180587,-0.001774,0.103252
2024-01-01 00:00:09.340,0.232658,0.025416,10.553604,0.014977,0.226738,0.099766
2024-01-01 00:00:09.350,-0.265461,0.164256,10.216595,0.030939,-0.264967,0.16512
2024-01-01 00:00:09.360,1.340023,0.528541,16.203793,0.078016,0.193053,-0.188894
2024-01-01 00:00:09.370,2.254543,-0.563765,14.590959,0.214568,0.144198,0.060159
2024-01-01 00:00:09.380,2.00891,-0.147813,14.616529,-0.315741,-0.403647,-0.10912
2024-01-01 00:00:09.390,1.581743,-0.326797,13.879262,-0.47779,0.264524,-0.183062
2024-01-01 00:00:09.400,1.203039,0.160382,14.617082,-0.141862,0.018692,-0.06429
2024-01-01 00:00:09.410,0.461312,0.520384,10.626195,0.450382,0.078409,0.160306
2024-01-01 00:00:09.420,0.343794,-0.25252,10.909789,0.505544,-0.172979,-0.055848
2024-01-01 00:00:09.430,-0.052439,-1.011099,10.622418,0.457794,0.255049,0.234818
2024-01-01 00:00:09.440,0.976409,-0.174369,8.292114,-0.048245,-0.23717,0.082332
2024-01-01 00:00:09.450,-0.565807,0.386399,10.726341,-0.445529,0.166418,-0.059114
2024-01-01 00:00:09.460,-0.806621,0.227417,8.254613,-0.58576,0.164121,0.174007
2024-01-01 00:00:09.470,-0.365846,0.181123,10.569807,-0.15351,-0.194833,0.06681
2024-01-01 00:00:09.480,-0.024104,-0.118437,9.498854,-0.049518,0.396675,-0.139884
2024-01-01 00:00:09.490,0.128666,-0.54103,10.404343,0.325156,0.046306,0.27882
2024-01-01 00:00:09.500,-0.127554,0.217969,8.682749,0.216951,0.130779,0.038922
2024-01-01 00:00:09.510,0.186149,-0.352901,10.800808,0.056851,-0.305424,0.002819
2024-01-01 00:00:09.520,-0.661751,0.923873,8.570631,-0.222461,0.423546,-0.12833
2024-01-01 00:00:09.530,0.763391,0.241325,9.244487,-0.240195,-0.244911,0.176931
2024-01-01 00:00:09.540,-0.043437,-0.245614,8.965612,0.063532,0.204977,0.077591
2024-01-01 00:00:09.550,0.59077,-0.258616,8.325875,0.174263,-0.198954,0.094386
2024-01-01 00:00:09.560,0.181216,-0.039315,9.88997,0.09797,-0.123798,-0.07613
2024-01-01 00:00:09.570,0.241508,-0.101309,11.337951,-0.258649,0.157751,0.125115
2024-01-01 00:00:09.580,0.301264,0.472421,12.066202,0.162667,0.205511,0.136772
2024-01-01 00:00:09.590,0.236726,0.078854,9.892194,0.106478,-0.254257,-0.100317
2024-01-01 00:00:09.600,0.33984,-0.30948,10.754712,-0.267667,0.218094,-0.212549
2024-01-01 00:00:09.610,0.702789,0.799656,10.006352,-0.19608,0.208996,0.087206
2024-01-01 00:00:09.620,0.103911,0.020857,10.232055,0.172124,-0.187591,-0.236002
2024-01-01 00:00:09.630,0.374886,0.325219,9.520542,-0.058627,0.31973,0.022802
2024-01-01 00:00:09.640,-0.047448,-0.25728,9.975035,0.397287,-0.291372,-0.067087
2024-01-01 00:00:09.650,0.761462,0.153598,10.264707,0.125282,-0.124955,0.1828
2024-01-01 00:00:09.660,-0.357642,0.1316,9.320623,-0.121658,0.095801,-0.058927
2024-01-01 00:00:09.670,0.952247,-0.799322,9.74444,-0.002551,-0.170713,0.166091
2024-01-01 00:00:09.680,-0.021234,0.852461,9.760568,0.015846,0.052764,-0.077131
2024-01-01 00:00:09.690,-0.756522,0.545943,10.509137,-0.182098,0.048215,0.149999
2024-01-01 00:00:09.700,0.067735,-0.168014,8.908137,-0.228147,-0.037415,0.309051
2024-01-01 00:00:09.710,-0.360106,-0.46626,9.766395,0.175347,0.16648,-0.160207
2024-01-01 00:00:09.720,0.44449,0.147019,11.427557,0.211318,-0.045672,0.043805
2024-01-01 00:00:09.730,-0.345075,0.036673,10.794795,0.150945,0.046308,0.412317
2024-01-01 00:00:09.740,-0.235919,0.150448,10.951405,0.37883,0.229294,0.009988
2024-01-01 00:00:09.750,-0.999095,0.081037,9.830669,-0.135443,0.158137,0.009268
2024-01-01 00:00:09.760,-0.239157,0.21414,10.081564,0.418568,0.157203,0.118275
2024-01-01 00:00:09.770,-1.281626,0.61221,10.657892,-0.22523,-0.229836,0.006162
2024-01-01 00:00:09.780,-0.837489,0.240308,11.129976,-0.253171,0.104959,-0.256084
2024-01-01 00:00:09.790,0.402069,-0.444004,8.158944,-0.43999,-0.1757,0.169843
2024-01-01 00:00:09.800,0.415492,0.576364,8.697137,-0.111449,-0.256283,-0.300442
2024-01-01 00:00:09.810,0.224961,0.69398,10.91779,-0.125931,-0.014341,-0.062519
2024-01-01 00:00:09.820,-0.511289,1.33332,9.575752,0.131484,-0.180859,0.181114
2024-01-01 00:00:09.830,-0.025227,-0.475238,9.241724,0.060973,0.158124,-0.053481
2024-01-01 00:00:09.840,-0.001905,0.102739,8.74898,-0.298243,0.162907,-0.104054
2024-01-01 00:00:09.850,-0.612485,-0.880728,9.340456,-0.098182,-0.380525,0.13189
2024-01-01 00:00:09.860,0.794922,0.233982,8.623596,-0.092866,-0.165661,-0.127667
2024-01-01 00:00:09.870,0.463905,-0.231889,11.579066,-0.443996,-0.291957,-0.183334
2024-01-01 00:00:09.880,-0.116835,0.813618,9.791019,-0.245237,-0.092526,0.041177
2024-01-01 00:00:09.890,0.014216,-0.327662,9.760974,-0.192703,0.091035,-0.027438
2024-01-01 00:00:09.900,0.110182,-0.714524,10.307513,0.358406,-0.048458,-0.186551
2024-01-01 00:00:09.910,-1.079567,-0.199345,10.624144,0.047863,-0.117952,0.095543
2024-01-01 00:00:09.920,-0.130695,-0.835631,10.610221,0.165542,0.260035,0.069673
2024-01-01 00:00:09.930,-0.360599,0.317715,10.718284,-0.374659,-0.460971,-0.053963
2024-01-01 00:00:09.940,-0.529607,-0.87353,9.276305,0.298554,0.247374,-0.0437
2024-01-01 00:00:09.950,1.731368,0.012038,14.728005,0.325276,-0.108858,0.070559
2024-01-01 00:00:09.960,2.830527,-0.878914,15.630601,-0.499586,-0.015622,0.178554
2024-01-01 00:00:09.970,2.218846,-0.135486,14.533829,-0.176329,-0.105473,-0.042419
2024-01-01 00:00:09.980,1.577989,0.695149,14.97568,0.123941,0.308578,0.098203
2024-01-01 00:00:09.990,2.182753,0.152554,15.317354,0.161097,-0.246196,0.08478
2024-01-01 00:00:10.000,0.739909,-0.365258,10.474267,-0.169624,0.002347,0.131896
2024-01-01 00:00:10.010,0.4889,-0.013199,8.306082,-0.076375,0.105488,0.005896
2024-01-01 00:00:10.020,0.03153,0.007621,10.414675,-0.149345,-0.322201,-0.136849
2024-01-01 00:00:10.030,-0.342068,0.199923,9.612269,0.027605,-0.18398,-0.069375
2024-01-01 00:00:10.040,0.369186,-0.578181,10.408509,0.299295,-0.029636,0.051428
2024-01-01 00:00:10.050,0.208055,0.250656,10.467284,-0.192761,-0.177333,0.27277
2024-01-01 00:00:10.060,0.473333,-1.143958,11.170296,0.250205,-0.163118,-0.072603
2024-01-01 00:00:10.070,0.335847,-0.266441,10.955022,-0.195418,-0.069973,0.120718
2024-01-01 00:00:10.080,0.554951,-0.20654,10.9492,-0.211907,0.129916,-0.049208
2024-01-01 00:00:10.090,-0.283006,0.267897,11.031345,0.204649,-0.068544,0.01657
2024-01-01 00:00:10.100,0.696572,0.009573,10.056507,0.230484,0.215685,0.22731
2024-01-01 00:00:10.110,0.104481,-0.594553,9.837229,0.212852,-0.199552,0.114644
2024-01-01 00:00:10.120,1.097294,-0.416652,10.548403,-0.328949,-0.250384,-0.186195
2024-01-01 00:00:10.130,-0.364408,0.084042,10.42934,-0.116488,0.385269,-0.085871
2024-01-01 00:00:10.140,0.917891,-0.033445,9.54853,0.205747,-0.131592,0.188433
2024-01-01 00:00:10.150,0.104645,-0.244969,10.152481,0.010385,-0.262182,0.021282
2024-01-01 00:00:10.160,-0.344437,-0.203393,9.780308,-0.268423,-0.348411,-0.172326
2024-01-01 00:00:10.170,-0.255855,0.294479,9.087573,0.114579,0.215021,-0.122843
2024-01-01 00:00:10.180,-0.169384,-0.218984,10.90173,-0.178702,-0.068261,0.105524
2024-01-01 00:00:10.190,0.224278,-0.037263,9.856699,0.448631,-0.050742,0.149162
2024-01-01 00:00:10.200,0.276449,0.917883,11.543207,0.38621,-0.03184,0.002678
2024-01-01 00:00:10.210,-0.303344,-0.602218,8.434834,0.151024,0.202589,0.371297
2024-01-01 00:00:10.220,-0.012877,-0.783329,9.338965,0.340252,-0.035906,0.123623
2024-01-01 00:00:10.230,1.132725,0.331458,9.837612,0.016198,0.468811,-0.036522
2024-01-01 00:00:10.240,0.913438,-0.287066,10.772224,0.191359,0.026752,-0.122356
2024-01-01 00:00:10.250,2.110706,-0.134614,15.317951,0.36943,0.212357,-0.146233
2024-01-01 00:00:10.260,1.900094,-0.330429,15.24266,0.061375,0.161048,0.050313
2024-01-01 00:00:10.270,1.943467,-0.109895,14.026335,-0.063797,-0.007289,-0.073317
2024-01-01 00:00:10.280,2.204398,0.676182,14.001228,-0.426155,-0.117394,0.251062
2024-01-01 00:00:10.290,1.339198,0.3393,15.252839,-0.020783,0.066393,0.219947
2024-01-01 00:00:10.300,-0.136088,0.364721,8.655966,0.205856,0.10202,0.09496
2024-01-01 00:00:10.310,-0.882264,-0.599064,9.360031,0.236408,-0.114517,-0.176849
2024-01-01 00:00:10.320,0.211089,-0.486938,10.233776,0.126091,0.033268,-0.100833
2024-01-01 00:00:10.330,0.342205,-1.20093,8.978954,-0.135325,0.247241,0.188352
2024-01-01 00:00:10.340,-0.255485,-0.342368,11.168131,-0.494205,0.41399,-0.08446
2024-01-01 00:00:10.350,0.832246,0.404685,10.84545,-0.123804,0.170874,0.168321
2024-01-01 00:00:10.360,-0.648124,0.218668,8.480579,-0.076086,0.372552,0.071191
2024-01-01 00:00:10.370,-0.774288,-0.0937,9.021214,-0.078232,-0.125875,0.007758
2024-01-01 00:00:10.380,0.118679,-0.009433,7.876232,0.154639,0.140376,-0.105425
2024-01-01 00:00:10.390,0.553653,-0.291399,9.147928,0.496419,0.267704,-0.014137
2024-01-01 00:00:10.400,0.890377,0.086613,10.458365,0.030882,-0.179267,0.028447
2024-01-01 00:00:10.410,-0.242635,0.323967,9.459845,-0.054183,-0.097118,0.154881
2024-01-01 00:00:10.420,0.570352,-0.68352,10.199834,-0.064805,0.347581,-0.13286
2024-01-01 00:00:10.430,-0.020361,0.126751,8.522105,0.031096,-0.19502,-0.039423
2024-01-01 00:00:10.440,-0.091277,0.39442,10.485087,-0.207073,-0.268226,0.006723
2024-01-01 00:00:10.450,0.467235,-0.175587,9.340378,0.03005,0.305596,0.099402
2024-01-01 00:00:10.460,0.344916,0.296396,9.820296,0.112703,0.239353,-0.13627
2024-01-01 00:00:10.470,-0.833517,1.190599,9.731428,0.052422,0.086424,-0.197485
2024-01-01 00:00:10.480,0.780721,-0.044137,8.73427,0.114385,-0.009142,0.101095
2024-01-01 00:00:10.490,0.729723,0.166369,8.834491,0.108437,-0.087705,-0.227692
2024-01-01 00:00:10.500,-0.330766,-0.312198,10.628754,-0.442974,0.05639,0.192747
2024-01-01 00:00:10.510,0.209281,0.076669,10.147547,0.159218,0.315961,-0.023389
2024-01-01 00:00:10.520,0.261218,0.194695,10.698341,-0.167754,0.047713,-0.23213
2024-01-01 00:00:10.530,0.137831,0.082418,10.084661,-0.27396,0.433392,-0.072063
2024-01-01 00:00:10.540,-0.290974,-0.431331,9.93097,-0.276113,-0.179588,0.056869
2024-01-01 00:00:10.550,-0.355121,0.087291,8.349795,0.108385,-0.003936,-0.079905
2024-01-01 00:00:10.560,-0.013512,0.618509,9.58127,-0.055644,-0.074612,0.003004
2024-01-01 00:00:10.570,0.62008,0.189773,9.786833,-0.420492,-0.217028,0.111012
2024-01-01 00:00:10.580,0.287429,0.406921,11.462329,0.119509,-0.030617,-0.030329
2024-01-01 00:00:10.590,-0.195962,-0.100256,10.391165,-0.359902,0.083466,-0.140559
2024-01-01 00:00:10.600,0.408036,0.317208,11.109508,0.034955,0.104846,-0.044848
2024-01-01 00:00:10.610,-1.506167,0.11813,10.315517,0.059625,0.43409,0.212226
2024-01-01 00:00:10.620,0.60741,-0.402235,9.208237,0.221394,0.092893,0.25276
2024-01-01 00:00:10.630,-0.919874,0.134734,9.909087,0.445421,0.230027,-0.302989
2024-01-01 00:00:10.640,-0.191641,-0.419488,10.009845,-0.341169,0.013219,0.163654
2024-01-01 00:00:10.650,-0.592025,-0.267708,9.015474,-0.013118,0.335611,0.037522
2024-01-01 00:00:10.660,-0.684563,0.080086,9.484808,-0.069084,0.47969,0.138597
2024-01-01 00:00:10.670,0.613787,0.125734,9.635921,0.108437,0.106217,-0.082573
2024-01-01 00:00:10.680,-0.247297,-0.503045,11.168354,0.053917,-0.198532,-0.26524
2024-01-01 00:00:10.690,0.183214,0.445836,8.049694,-0.088137,-0.109761,0.087673
2024-01-01 00:00:10.700,-0.024809,0.241959,10.830122,-0.110226,0.056387,-0.141147
2024-01-01 00:00:10.710,0.252235,-0.2981,9.017471,-0.279113,0.0913,-0.208244
2024-01-01 00:00:10.720,0.04062,-0.650398,8.649221,0.246965,0.139685,-0.19776
2024-01-01 00:00:10.730,-0.678382,-0.061295,10.808231,0.114801,0.09204,0.090137
2024-01-01 00:00:10.740,0.526776,-0.188634,10.429186,0.229442,0.001397,0.020918
2024-01-01 00:00:10.750,-0.261074,0.047858,10.871323,-0.077599,-0.12724,0.11737
2024-01-01 00:00:10.760,-0.823043,-0.153598,10.487394,-0.164209,0.080228,0.100361
2024-01-01 00:00:10.770,-0.226366,-0.849154,11.552629,-0.269579,0.370997,-0.06314
2024-01-01 00:00:10.780,0.793527,-0.164271,10.28268,0.089729,0.203986,-0.010571
2024-01-01 00:00:10.790,0.449555,-0.129277,9.67762,-0.259948,0.106941,-0.076716
2024-01-01 00:00:10.800,-0.18435,0.268039,10.100116,0.462166,0.205913,-0.031549
2024-01-01 00:00:10.810,-0.18467,-0.295338,10.861975,-0.326911,-0.074213,-0.145088
2024-01-01 00:00:10.820,-0.170065,0.710079,9.150648,0.068415,-0.101653,0.058573
2024-01-01 00:00:10.830,1.09808,-0.808624,9.258502,0.391714,-0.149557,0.161268
2024-01-01 00:00:10.840,2.081948,0.554624,14.71862,0.149772,-0.025057,-0.122492
2024-01-01 00:00:10.850,2.107385,-0.094887,13.199523,0.043918,-0.084401,0.19219
2024-01-01 00:00:10.860,2.424762,0.363604,15.096814,-0.242121,0.241655,0.017028
2024-01-01 00:00:10.870,2.00626,0.033756,13.384335,-0.345442,-0.095065,0.036162
2024-01-01 00:00:10.880,1.743031,0.482032,15.024888,0.192513,-0.160544,-0.254914
2024-01-01 00:00:10.890,-0.10382,-0.163854,10.542035,0.376537,0.388515,-0.271089
2024-01-01 00:00:10.900,-0.037859,-0.464716,9.406563,-0.109712,-0.090275,0.021617
2024-01-01 00:00:10.910,-0.019681,0.600873,11.22884,-0.284765,0.030706,0.11846
2024-01-01 00:00:10.920,0.384734,-0.048002,8.574416,-0.614542,0.090265,-0.100707
2024-01-01 00:00:10.930,0.027466,0.093719,10.817807,-0.245191,-0.227339,0.250514
2024-01-01 00:00:10.940,0.387383,0.5223,10.381166,-0.028414,0.247097,0.11024
2024-01-01 00:00:10.950,-0.042679,-0.436517,8.358236,0.399781,0.127424,-0.136251
2024-01-01 00:00:10.960,0.041578,0.251893,12.103332,0.168283,0.311677,0.004627
2024-01-01 00:00:10.970,-1.056549,-0.249525,9.756071,0.076271,-0.135844,0.371539
2024-01-01 00:00:10.980,0.484508,-0.055908,9.067649,-0.10003,0.019825,-0.186385
2024-01-01 00:00:10.990,0.183206,0.030574,8.619604,-0.145791,0.007871,0.07924
2024-01-01 00:00:11.000,0.527698,-0.634594,9.623865,0.351412,0.052778,-0.048412
2024-01-01 00:00:11.010,-1.531395,-0.329448,9.702214,0.050185,-0.290923,0.106034
2024-01-01 00:00:11.020,1.104228,0.571504,9.896838,-0.52565,0.022167,0.190091
2024-01-01 00:00:11.030,-0.073808,0.374859,9.558064,-0.168385,-0.285293,-0.057936
2024-01-01 00:00:11.040,0.585952,-0.026497,10.345709,-0.214554,0.071667,0.167837
2024-01-01 00:00:11.050,-0.54985,0.102841,9.482065,-0.136566,-0.42573,0.333181
2024-01-01 00:00:11.060,0.324004,-0.124465,8.17302,0.140728,-0.370317,0.009941
2024-01-01 00:00:11.070,-0.556993,0.573835,9.68364,-0.026861,0.16371,0.117733
2024-01-01 00:00:11.080,-0.329818,-0.084749,7.807114,-0.019216,-0.109368,-0.088566
2024-01-01 00:00:11.090,1.012044,0.098069,10.10929,0.328368,-0.197572,0.002889
2024-01-01 00:00:11.100,-0.100823,0.484771,8.981512,-0.174115,0.254169,-0.026501
2024-01-01 00:00:11.110,0.114968,-0.328828,9.948203,0.46605,0.065525,0.11954
2024-01-01 00:00:11.120,0.460048,0.659368,10.921707,-0.167827,0.174418,0.180701
2024-01-01 00:00:11.130,0.262092,-0.647385,9.007359,0.0223,-0.033248,-0.016448
2024-01-01 00:00:11.140,1.959534,0.689339,15.877823,-0.070301,0.535926,0.230043
2024-01-01 00:00:11.150,2.072973,-0.157642,14.613352,0.030855,-0.120903,0.229507
2024-01-01 00:00:11.160,3.150806,-0.102662,16.463203,0.111148,0.348899,0.127028
2024-01-01 00:00:11.170,1.849534,-0.799474,14.671081,0.108459,-0.012273,-0.077404
2024-01-01 00:00:11.180,1.986331,-0.192378,14.268943,-0.188279,-0.330902,-0.091774
2024-01-01 00:00:11.190,0.555534,-0.439838,10.391404,-0.280729,0.09657,-0.121857
2024-01-01 00:00:11.200,0.584547,-0.257034,9.441322,0.625793,0.062953,0.142375
2024-01-01 00:00:11.210,0.627642,-0.058083,9.098134,-0.120996,-0.210264,-0.181765
2024-01-01 00:00:11.220,0.337729,0.405146,9.405747,0.174803,-0.184444,0.101526
2024-01-01 00:00:11.230,-0.604364,0.087816,9.772263,-0.40191,-0.00494,-0.162166
2024-01-01 00:00:11.240,0.863677,0.130147,10.945484,-0.069903,0.06995,0.123532
2024-01-01 00:00:11.250,-0.60613,-0.463405,8.173762,-0.0318,-0.494133,0.002583
2024-01-01 00:00:11.260,0.160019,-0.372559,9.829526,0.118204,0.210624,0.200046
2024-01-01 00:00:11.270,-0.398823,0.760861,10.338668,-0.680614,-0.0989,0.171218
2024-01-01 00:00:11.280,-0.033913,-0.31099,9.973657,0.041535,-0.266349,0.21526
2024-01-01 00:00:11.290,0.173833,0.700576,10.918146,-0.287435,0.188213,0.219123
2024-01-01 00:00:11.300,0.169918,-0.102815,9.747104,0.081086,-0.004724,0.021545
2024-01-01 00:00:11.310,0.223091,0.000968,9.653869,-0.259082,0.243233,-0.173819
2024-01-01 00:00:11.320,0.85325,0.452764,10.311111,-0.213871,0.08759,-0.157878
2024-01-01 00:00:11.330,0.239806,0.53801,9.894019,-0.068407,-0.000303,-0.313027
2024-01-01 00:00:11.340,-0.129098,-0.046874,9.479714,-0.263082,-0.030546,-0.16255
2024-01-01 00:00:11.350,0.509761,-0.164227,10.246658,-0.118884,0.096543,0.010324
2024-01-01 00:00:11.360,0.628933,-0.023654,9.257961,-0.298344,-0.082706,-0.083948
2024-01-01 00:00:11.370,-0.649098,0.142956,9.292944,-0.458293,-0.170515,-0.02702
2024-01-01 00:00:11.380,0.315875,0.377021,9.363317,0.254489,0.121982,0.073907
2024-01-01 00:00:11.390,0.370745,0.001789,10.954697,-0.324012,-0.028898,-0.04561
2024-01-01 00:00:11.400,-0.157337,0.261789,7.08502,-0.04467,0.006714,-0.168274
2024-01-01 00:00:11.410,0.727405,0.693026,10.144677,0.188223,0.217876,-0.007985
2024-01-01 00:00:11.420,-0.079342,0.161294,9.838994,-0.153736,-0.022775,-0.134774
2024-01-01 00:00:11.430,0.066399,0.131829,8.387984,-0.206291,0.003007,-0.040618
2024-01-01 00:00:11.440,-0.091512,-0.642499,10.072029,0.05656,-0.11993,0.201417
2024-01-01 00:00:11.450,0.008237,-1.112799,10.212486,0.279483,0.086148,-0.040576
2024-01-01 00:00:11.460,-0.579655,0.164283,10.308835,-0.292329,0.069966,0.265644
2024-01-01 00:00:11.470,-0.761427,-0.040111,7.566553,-0.037537,0.180155,0.214745
2024-01-01 00:00:11.480,0.843095,-0.217753,10.965965,-0.433124,-0.115826,-0.086896
2024-01-01 00:00:11.490,-0.447831,0.103013,9.185875,-0.0983,-0.091563,-0.166669
2024-01-01 00:00:11.500,-0.524199,-0.025551,10.390836,0.008551,0.158427,-0.007883
2024-01-01 00:00:11.510,-1.138605,0.477051,10.436948,-0.213656,0.050443,0.172999
2024-01-01 00:00:11.520,-0.337851,0.036425,9.068314,-0.114248,-0.181244,-0.073529
2024-01-01 00:00:11.530,-0.699584,-0.315949,10.368749,-0.352057,0.261311,0.136214
2024-01-01 00:00:11.540,0.868216,0.41884,9.483873,0.01927,-0.33969,0.181266
2024-01-01 00:00:11.550,0.533941,-0.091846,8.057615,0.263924,0.156857,-0.116104
2024-01-01 00:00:11.560,-0.363859,0.222725,10.79791,-0.274286,-0.253042,-0.101408
2024-01-01 00:00:11.570,1.190975,-0.201945,9.154312,-0.155668,0.377158,0.106899
2024-01-01 00:00:11.580,0.519109,-0.274877,9.087099,0.125637,-0.30892,0.022777
2024-01-01 00:00:11.590,-0.171755,0.035603,9.469006,0.303023,0.23045,-0.102909
2024-01-01 00:00:11.600,-1.321561,0.005427,10.040312,-0.373297,-0.016327,-0.052827
2024-01-01 00:00:11.610,1.211336,0.202967,9.761549,-0.042196,-0.073321,-0.010578
2024-01-01 00:00:11.620,-0.734736,-0.113637,10.273665,0.070783,0.037079,-0.234728
2024-01-01 00:00:11.630,-0.870005,-0.77678,8.676792,-0.025514,0.12638,0.114846
2024-01-01 00:00:11.640,0.540684,-0.183063,9.181941,-0.619198,-0.18088,-0.071804
2024-01-01 00:00:11.650,1.290019,0.335785,9.711866,0.125273,-0.163158,-0.417557
2024-01-01 00:00:11.660,0.731934,-0.12579,11.415613,0.379834,0.129921,-0.003581
2024-01-01 00:00:11.670,0.298167,-0.10422,9.713715,0.029165,-0.341469,-0.111236
2024-01-01 00:00:11.680,0.314476,0.417237,10.728098,-0.257777,-0.116846,0.253323
2024-01-01 00:00:11.690,0.451243,-0.301165,9.842618,-0.128282,0.608137,-0.087817
2024-01-01 00:00:11.700,0.401283,-0.652606,9.400825,0.442478,-0.193603,-0.164647
2024-01-01 00:00:11.710,0.14868,-0.067947,9.601271,0.227491,0.229561,0.07619
2024-01-01 00:00:11.720,0.055096,-0.204806,9.667517,0.160007,-0.11719,-0.099067
2024-01-01 00:00:11.730,1.846904,-0.408722,15.490684,0.089103,0.101809,-0.116918
2024-01-01 00:00:11.740,1.481341,-0.074185,16.142921,-0.165284,0.130871,0.076425
2024-01-01 00:00:11.750,1.731593,0.207907,15.28429,-0.050143,0.225791,-0.15607
2024-01-01 00:00:11.760,0.984849,-0.003929,15.984268,-0.019481,-0.040051,-0.218591
2024-01-01 00:00:11.770,1.828003,0.129853,14.163788,0.137394,0.397777,0.2589
2024-01-01 00:00:11.780,-0.522718,0.767071,9.459223,0.37723,-0.117867,0.086925
2024-01-01 00:00:11.790,-0.583523,-0.145038,9.19724,0.279585,0.046844,-0.039631
2024-01-01 00:00:11.800,0.095119,0.117741,10.07602,-0.354846,0.049055,-0.000522
2024-01-01 00:00:11.810,0.736021,-0.215397,9.506321,0.055999,-0.224394,0.07588
2024-01-01 00:00:11.820,0.48556,-0.35801,10.427388,0.184191,-0.057174,0.146001
2024-01-01 00:00:11.830,-0.830402,-0.247416,9.022373,0.154715,0.032303,-0.113396
2024-01-01 00:00:11.840,-0.523266,-0.202515,9.846404,-0.157308,-0.086424,0.054922
2024-01-01 00:00:11.850,0.497433,0.152058,10.391082,0.728527,0.488185,-0.076006
2024-01-01 00:00:11.860,-0.51949,0.993659,8.062754,-0.319271,-0.167725,-0.028347
2024-01-01 00:00:11.870,-0.118775,-0.302886,11.6049,-0.270797,0.235885,0.024104
2024-01-01 00:00:11.880,0.29084,-0.176233,9.570454,0.058399,0.171292,-0.001002
2024-01-01 00:00:11.890,-0.512012,-0.026701,8.096816,0.529201,-0.002772,0.110335
2024-01-01 00:00:11.900,0.055717,0.167423,9.943747,-0.209049,-0.173042,0.073063
2024-01-01 00:00:11.910,-0.705366,0.111482,9.838293,-0.066457,-0.153651,-0.226225
2024-01-01 00:00:11.920,-0.317973,0.543173,9.740717,0.269323,-0.103593,-0.203673
2024-01-01 00:00:11.930,0.169085,-1.026364,10.648548,-0.004466,-0.357148,-0.055458
2024-01-01 00:00:11.940,-0.842295,-1.009671,10.442338,-0.083651,-0.200693,0.274294
2024-01-01 00:00:11.950,0.232901,-0.209756,10.062003,0.141408,-0.296495,-0.127739
2024-01-01 00:00:11.960,-0.010383,0.464158,10.190832,0.068129,0.269175,-0.031233
2024-01-01 00:00:11.970,0.292129,-0.662269,9.721713,0.25761,0.123692,-0.080452
2024-01-01 00:00:11.980,0.118395,-1.272228,11.312065,0.322867,0.157195,-0.083107
2024-01-01 00:00:11.990,0.721289,0.241609,8.5586,0.076751,0.117766,0.026736
2024-01-01 00:00:12.000,0.066212,0.103067,9.928145,0.072933,0.033394,0.210117
2024-01-01 00:00:12.010,-0.227048,-0.461158,9.865011,0.053528,0.292136,0.068395
2024-01-01 00:00:12.020,0.064665,-0.416883,10.498035,0.122283,-0.122153,-0.12053
2024-01-01 00:00:12.030,2.167269,-0.410202,14.2661,0.013793,0.021334,0.412984
2024-01-01 00:00:12.040,1.905835,0.046756,13.504853,-0.000152,0.149412,0.011786
2024-01-01 00:00:12.050,1.901463,-0.264931,15.112672,0.299157,-0.264242,-0.086583
2024-01-01 00:00:12.060,1.508822,0.208989,15.217921,0.379029,0.619318,0.211814
2024-01-01 00:00:12.070,1.529491,-1.207507,16.240201,-0.376888,0.005713,-0.070361
2024-01-01 00:00:12.080,-0.741628,-0.362448,8.735274,0.002505,0.028398,0.249437
2024-01-01 00:00:12.090,0.925089,-0.476321,10.786871,-0.172174,0.251376,-0.130596
2024-01-01 00:00:12.100,-0.657693,-0.108432,11.812833,-0.077743,0.182991,0.214505
2024-01-01 00:00:12.110,-0.366374,-0.227594,9.490411,0.100629,0.007616,0.030157
2024-01-01 00:00:12.120,-0.379858,0.337488,8.717863,0.16736,0.026026,0.193658
2024-01-01 00:00:12.130,0.473191,-0.786499,9.4657,-0.028032,-0.30083,0.285265
2024-01-01 00:00:12.140,-0.155955,0.019243,9.821848,-0.478335,-0.111293,-0.169891
2024-01-01 00:00:12.150,0.659744,0.236176,10.286965,-0.241261,0.103442,0.191366
2024-01-01 00:00:12.160,-0.356108,0.785362,9.30968,0.224125,0.088779,-0.211336
2024-01-01 00:00:12.170,0.147518,-0.203787,11.125698,-0.685107,0.244233,-0.157078
2024-01-01 00:00:12.180,-0.44169,0.137246,8.867106,0.296857,-0.0241,-0.120511
2024-01-01 00:00:12.190,1.134248,-0.763034,8.338632,0.130307,-0.277457,0.075545
2024-01-01 00:00:12.200,-0.627943,-1.011797,10.746277,0.329044,0.211346,0.004952
2024-01-01 00:00:12.210,0.163818,0.35734,7.885671,-0.049642,0.287218,-0.02507
2024-01-01 00:00:12.220,0.33511,-0.002352,9.637306,-0.515351,0.179649,0.021935
2024-01-01 00:00:12.230,0.218796,0.498511,12.447558,0.107591,-0.032727,0.088693
2024-01-01 00:00:12.240,-0.097971,-0.580949,9.799811,0.318663,0.208877,0.100237
2024-01-01 00:00:12.250,-0.068643,0.219919,8.861831,0.23118,0.685782,0.164125
2024-01-01 00:00:12.260,0.023165,0.79051,9.761442,-0.165673,0.02303,0.273005
2024-01-01 00:00:12.270,-0.077727,0.177535,9.767023,0.02169,-0.262347,-0.003204
2024-01-01 00:00:12.280,0.509651,0.116994,9.94591,-0.133209,-0.117257,-0.078163
2024-01-01 00:00:12.290,1.168814,0.003619,10.370274,-0.204817,0.125095,0.09203
2024-01-01 00:00:12.300,-0.294774,-0.664483,8.930912,0.238847,-0.320961,-0.171638
2024-01-01 00:00:12.310,-0.724283,0.573407,11.237666,-0.299383,0.033881,-0.101806
2024-01-01 00:00:12.320,-0.046679,-0.258393,10.017367,-0.223454,0.076067,0.149907
2024-01-01 00:00:12.330,1.364021,0.213396,10.424868,-0.276006,0.307024,-0.018619
2024-01-01 00:00:12.340,-0.424943,-0.661164,9.278586,-0.372562,0.262039,-0.181229
2024-01-01 00:00:12.350,0.866683,-0.498911,10.898279,0.036604,0.172917,-0.22347
2024-01-01 00:00:12.360,0.887084,0.607042,9.592534,0.290376,-0.432536,0.007308
2024-01-01 00:00:12.370,-0.29271,-0.146909,10.044809,-0.046219,0.184211,0.171284
2024-01-01 00:00:12.380,0.30085,0.614736,9.020592,-0.376437,0.141103,0.169282
2024-01-01 00:00:12.390,0.861015,-0.033092,8.966596,0.209986,0.051189,0.016632
2024-01-01 00:00:12.400,-0.200464,-0.779123,10.392222,0.421425,-0.346044,0.301336
2024-01-01 00:00:12.410,-0.107643,0.377345,9.434709,-0.161561,-0.155355,-0.015723
2024-01-01 00:00:12.420,-0.307564,-0.249524,9.087666,-0.119639,-0.233365,-0.020785
2024-01-01 00:00:12.430,-0.536553,0.295545,9.265867,0.128915,-0.403002,-0.385115
2024-01-01 00:00:12.440,-0.343306,0.010664,10.401314,0.405468,-0.000583,-0.067104
2024-01-01 00:00:12.450,-0.647158,-0.652739,9.277834,-0.129959,-0.159564,0.127802
2024-01-01 00:00:12.460,0.018022,0.069497,9.710464,-0.333112,0.525061,0.234594
2024-01-01 00:00:12.470,-0.407123,0.929002,9.822713,0.157855,-0.033754,-0.124535
2024-01-01 00:00:12.480,0.123614,0.208533,8.187923,0.199767,0.258751,0.069338
2024-01-01 00:00:12.490,-0.82268,-0.02433,8.565427,0.001533,-0.31382,0.157032
2024-01-01 00:00:12.500,0.174953,0.45487,10.094491,-0.139533,-0.106018,0.001681
2024-01-01 00:00:12.510,0.440728,0.089113,9.186473,0.248595,0.01938,-0.342492
2024-01-01 00:00:12.520,-1.054188,0.088633,10.703989,0.132009,-0.181631,0.037093
2024-01-01 00:00:12.530,0.197782,-0.461757,10.627919,-0.192109,-0.08444,0.114215
2024-01-01 00:00:12.540,0.64913,0.098918,10.418417,0.012274,-0.04359,-0.142113
2024-01-01 00:00:12.550,-0.639598,0.437993,11.349527,-0.337927,-0.046782,-0.038123
2024-01-01 00:00:12.560,0.884373,-0.353654,9.739706,0.171473,0.371024,-0.173324
2024-01-01 00:00:12.570,0.221556,0.602562,10.358954,-0.065558,0.075645,-0.385522
2024-01-01 00:00:12.580,-0.372775,-0.038792,9.315597,-0.108928,0.095902,0.154051
2024-01-01 00:00:12.590,-0.029488,-0.375527,11.884705,-0.008219,0.107931,-0.000562
2024-01-01 00:00:12.600,0.295215,0.421998,11.488154,0.010077,0.122525,0.239651
2024-01-01 00:00:12.610,0.040188,-0.121314,9.820051,0.223733,-0.016577,0.128598
2024-01-01 00:00:12.620,2.164867,0.321275,15.307052,0.147773,-0.064149,-0.053131
2024-01-01 00:00:12.630,1.393194,-0.123414,16.129966,-0.039102,0.033363,-0.012477
2024-01-01 00:00:12.640,1.96955,-0.025306,14.85552,0.190917,0.231361,0.084927
2024-01-01 00:00:12.650,1.132498,0.208776,14.424496,0.100184,0.225248,0.145033
2024-01-01 00:00:12.660,1.821189,0.123049,15.719395,-0.10665,-0.04808,0.048401
2024-01-01 00:00:12.670,-0.477941,-0.84411,9.87636,-0.03118,0.153569,0.165839
2024-01-01 00:00:12.680,-0.388911,-0.474286,9.964813,-0.037056,-0.038917,-0.0445
2024-01-01 00:00:12.690,0.653584,0.39314,9.104206,0.126315,0.006774,-0.149572
2024-01-01 00:00:12.700,0.57703,-0.055894,8.356849,-0.091756,-0.094705,-0.009721
2024-01-01 00:00:12.710,0.322082,-0.221538,10.009776,-0.097602,-0.036329,0.030778
2024-01-01 00:00:12.720,-0.57756,-0.574677,10.575598,0.492189,0.268266,-0.18023
2024-01-01 00:00:12.730,-0.167301,-0.456728,9.618967,0.234934,0.018484,-0.200508
2024-01-01 00:00:12.740,0.641425,-0.855221,11.025219,-0.19015,0.027057,0.067108
2024-01-01 00:00:12.750,0.074933,-0.042842,9.214487,0.142735,-0.289444,-0.060954
2024-01-01 00:00:12.760,1.226345,-0.253139,8.91772,0.029588,-0.061849,-0.024876
2024-01-01 00:00:12.770,0.207967,-0.408867,9.753123,0.097888,-0.048263,-0.053954
2024-01-01 00:00:12.780,0.101546,-0.028816,9.740127,0.034335,-0.165829,0.22809
2024-01-01 00:00:12.790,-0.163445,0.15396,10.461394,0.297411,0.004333,0.189264
2024-01-01 00:00:12.800,0.07061,0.885423,9.154381,0.086405,-0.085836,-0.185603
2024-01-01 00:00:12.810,-0.080618,-0.639527,10.967408,-0.015522,0.015999,-0.079919
2024-01-01 00:00:12.820,0.374412,0.490418,11.474012,0.260548,0.024301,0.127501
2024-01-01 00:00:12.830,0.505856,0.411622,9.776884,0.058321,-0.191151,0.09029
2024-01-01 00:00:12.840,-0.415592,-0.329556,10.867255,0.03037,-0.07974,-0.006219
2024-01-01 00:00:12.850,-0.703889,0.085969,8.916203,0.078506,0.015475,-0.17064
2024-01-01 00:00:12.860,-0.970894,-0.193579,10.719637,-0.023402,0.23686,-0.102381
2024-01-01 00:00:12.870,0.2686,0.078546,10.695996,0.002307,0.051344,-0.077515
2024-01-01 00:00:12.880,-0.583405,0.638362,10.540468,-0.146674,-0.132387,0.041549
2024-01-01 00:00:12.890,-1.138341,0.256171,9.796834,-0.187792,0.079801,0.255559
2024-01-01 00:00:12.900,0.205461,0.215141,7.310705,-0.249643,0.34151,-0.103032
2024-01-01 00:00:12.910,1.318173,-0.182021,9.267099,-0.347996,0.183341,-0.153905
2024-01-01 00:00:12.920,1.87679,-0.627756,14.450475,-0.219929,0.109505,-0.016288
2024-01-01 00:00:12.930,2.323352,-0.088182,14.152396,-0.043567,0.145118,0.154761
2024-01-01 00:00:12.940,1.923267,0.510395,15.083418,0.025779,0.287991,-0.217032
2024-01-01 00:00:12.950,1.827712,-0.645992,14.625557,-0.067824,0.215125,0.218045
2024-01-01 00:00:12.960,2.365962,-0.446303,14.282378,-0.588926,0.113352,-0.025805
2024-01-01 00:00:12.970,-0.153483,0.053411,8.914255,0.393647,0.213728,-0.110148
2024-01-01 00:00:12.980,0.141384,-0.416509,9.204676,0.27162,-0.21633,-0.240028
2024-01-01 00:00:12.990,0.170098,-0.335237,10.758788,0.11144,-0.300453,0.105978
2024-01-01 00:00:13.000,-0.353253,-0.179182,9.250773,0.476873,0.03142,-0.025676
2024-01-01 00:00:13.010,0.524542,-0.577656,9.374362,-0.244341,0.013736,0.025606
2024-01-01 00:00:13.020,-0.09251,-0.412054,9.423634,0.471906,-0.108782,-0.135122
2024-01-01 00:00:13.030,-0.3996,0.29755,10.096789,-0.241304,0.165171,-0.047864
2024-01-01 00:00:13.040,0.28368,-0.553017,10.195987,0.059684,-0.372573,-0.072987
2024-01-01 00:00:13.050,-0.475065,-0.6759,7.234221,-0.318459,-0.106954,-0.015089
2024-01-01 00:00:13.060,0.014901,-0.266501,10.674303,0.003674,-0.096991,-0.100433
2024-01-01 00:00:13.070,-0.004822,0.309617,11.025167,0.096542,-0.32726,-0.230127
2024-01-01 00:00:13.080,0.574167,-0.083298,8.921542,-0.038673,0.298946,0.409275
2024-01-01 00:00:13.090,0.250997,-0.196518,8.987436,0.178469,-0.27184,-0.204511
2024-01-01 00:00:13.100,-0.013233,0.018764,9.429086,0.024754,-0.117668,0.027219
2024-01-01 00:00:13.110,0.432394,-0.738434,9.170421,-0.130604,0.181596,-0.265804
2024-01-01 00:00:13.120,0.735072,0.20926,9.999442,-0.141703,0.129209,-0.299557
2024-01-01 00:00:13.130,0.294942,0.162193,8.16324,0.202728,-0.221635,0.014674
2024-01-01 00:00:13.140,0.005474,-0.173137,8.864233,-0.163436,0.136498,0.026155
2024-01-01 00:00:13.150,-0.693633,0.425506,11.112161,0.228851,0.057957,0.189225
2024-01-01 00:00:13.160,-0.563179,-0.476931,9.024726,0.305678,0.466607,0.059932
2024-01-01 00:00:13.170,-0.161388,0.477106,10.86194,-0.417178,0.080788,-0.022472
2024-01-01 00:00:13.180,-0.32228,0.065351,10.110616,0.283232,-0.028248,-0.14244
2024-01-01 00:00:13.190,-0.098861,-0.142362,8.27936,0.515106,-0.1713,0.224852
2024-01-01 00:00:13.200,0.029954,-0.008407,10.347488,0.063001,-0.148849,0.139328
2024-01-01 00:00:13.210,0.280075,-0.045373,9.710453,0.149771,-0.165154,-0.186949
2024-01-01 00:00:13.220,-0.037276,0.51618,9.424675,0.259251,0.27422,0.005695
2024-01-01 00:00:13.230,0.257238,-0.455435,10.017234,-0.068871,0.003594,0.021608
2024-01-01 00:00:13.240,0.034091,-0.322546,10.21154,0.04557,0.113049,-0.051848
2024-01-01 00:00:13.250,-1.044528,0.438356,10.408623,-0.32855,0.30285,0.115778
2024-01-01 00:00:13.260,-0.496674,-0.251911,10.806802,0.034659,-0.471693,0.12476
2024-01-01 00:00:13.270,-0.076186,0.380925,10.155283,0.124528,0.255775,-0.028573
2024-01-01 00:00:13.280,-0.639626,0.718861,8.646214,0.129041,0.011079,-0.04213
2024-01-01 00:00:13.290,0.317212,-0.169959,9.409296,0.266356,0.08701,0.224844
2024-01-01 00:00:13.300,0.809385,0.288216,12.299819,-0.193701,-0.165681,0.139926
2024-01-01 00:00:13.310,0.64442,-0.488012,10.422919,-0.133152,-0.151025,0.010854
2024-01-01 00:00:13.320,-0.112858,0.319252,11.814417,0.473877,0.097769,-0.244381
2024-01-01 00:00:13.330,0.788221,0.084356,10.990537,-0.037582,0.47692,0.0516
2024-01-01 00:00:13.340,0.078608,0.200095,10.014565,0.050008,0.200663,0.104713
2024-01-01 00:00:13.350,-0.178234,-0.273077,10.06499,-0.016753,0.253105,-0.413178
2024-01-01 00:00:13.360,-0.324337,-0.702638,9.779053,-0.20542,-0.0384,0.03778
2024-01-01 00:00:13.370,-0.159931,0.212876,8.339817,0.405882,-0.120041,-0.062504
2024-01-01 00:00:13.380,-0.205248,-0.87282,9.825268,-0.131925,-0.156161,-0.033128
2024-01-01 00:00:13.390,0.090108,-0.134239,10.834231,-0.281821,-0.097655,-0.136107
2024-01-01 00:00:13.400,0.084903,0.39812,9.302705,-0.112685,-0.410556,-0.022228
2024-01-01 00:00:13.410,0.001611,0.081173,10.158512,-0.500427,-0.144984,0.208799
2024-01-01 00:00:13.420,0.231031,0.824149,10.530446,-0.162822,-0.112071,-0.06696
2024-01-01 00:00:13.430,0.629554,0.433621,9.04041,-0.242032,-0.035072,0.144836
2024-01-01 00:00:13.440,0.502077,-0.276599,9.428198,0.154357,0.02635,-0.12095
2024-01-01 00:00:13.450,-0.78514,0.011554,8.948847,-0.168354,0.07249,0.113813
2024-01-01 00:00:13.460,-1.350386,-0.020038,9.114448,0.221951,-0.002985,0.000248
2024-01-01 00:00:13.470,0.494022,-0.669261,8.720686,0.349621,-0.116289,0.052804
2024-01-01 00:00:13.480,-0.722737,-0.397789,9.048221,0.195294,-0.392672,0.001073
2024-01-01 00:00:13.490,-0.118845,-0.237202,11.01086,-0.053847,-0.115062,0.096244
2024-01-01 00:00:13.500,-0.618697,-0.861321,9.035506,0.035279,-0.19449,-0.385138
2024-01-01 00:00:13.510,0.927203,0.02009,15.086984,-0.381246,0.093213,-0.212974
2024-01-01 00:00:13.520,2.166298,-0.105357,14.554573,-0.033445,0.181857,0.062562
2024-01-01 00:00:13.530,2.281403,-0.707634,15.977321,-0.21511,0.187714,-0.306531
2024-01-01 00:00:13.540,1.57517,0.170982,16.089243,0.173582,0.151391,-0.079587
2024-01-01 00:00:13.550,0.509986,0.302814,15.711003,0.643188,-0.026705,-0.008151
2024-01-01 00:00:13.560,-0.288827,0.096036,10.06899,0.124955,-0.104391,-0.124221
2024-01-01 00:00:13.570,0.207166,-0.137081,9.614524,-0.497785,-0.149421,-0.103734
2024-01-01 00:00:13.580,-0.781974,0.25018,8.801674,-0.090308,-0.3015,0.040737
2024-01-01 00:00:13.590,0.096952,0.287733,11.454225,0.030623,0.198371,0.151394
2024-01-01 00:00:13.600,-0.008095,0.130032,9.167317,0.021839,-0.034942,-0.143767
2024-01-01 00:00:13.610,0.3063,-0.348811,10.371445,-0.182703,-0.249268,-0.086259
2024-01-01 00:00:13.620,0.063228,0.117002,10.706392,0.061323,-0.165298,-0.109689
2024-01-01 00:00:13.630,-0.51451,0.505688,9.340233,-0.310625,-0.173395,-0.363207
2024-01-01 00:00:13.640,0.632687,-0.252374,10.688159,-0.236227,0.008605,0.021257
2024-01-01 00:00:13.650,-0.083823,0.887428,10.456524,0.161449,0.213494,0.140208
2024-01-01 00:00:13.660,-0.014437,-0.222342,11.271857,-0.253916,-0.069598,0.152496
2024-01-01 00:00:13.670,-0.493465,0.013708,9.412933,0.134553,-0.450507,-0.130615
2024-01-01 00:00:13.680,-0.234385,-0.284461,8.722159,-0.342366,-0.037836,-0.187755
2024-01-01 00:00:13.690,-0.467839,0.094444,9.382356,0.441206,-0.031239,0.003241
2024-01-01 00:00:13.700,-0.091445,-0.73696,9.98669,-0.193567,-0.044984,0.124391
2024-01-01 00:00:13.710,0.905066,-0.230976,9.859248,-0.055917,-0.125492,0.023228
2024-01-01 00:00:13.720,-0.725393,-0.461967,9.477152,0.082653,0.043488,0.043396
2024-01-01 00:00:13.730,-0.853171,0.057248,8.194819,-0.141337,0.013228,0.171275
2024-01-01 00:00:13.740,0.777881,0.420651,10.208029,0.035851,-0.004966,-0.11087
2024-01-01 00:00:13.750,-0.11068,0.273261,11.478603,0.143839,0.082528,-0.032996
2024-01-01 00:00:13.760,-0.353772,-1.003212,10.202757,0.240153,-0.085967,0.245191
2024-01-01 00:00:13.770,0.54985,0.863795,10.325329,0.197874,-0.097317,-0.029522
2024-01-01 00:00:13.780,-0.320219,0.124903,10.294289,-0.042953,0.276025,-0.190101
2024-01-01 00:00:13.790,0.965503,-0.328459,10.145901,-0.036658,0.111871,-0.100403
2024-01-01 00:00:13.800,0.358453,0.066465,10.598189,0.587277,0.165389,-0.140727
2024-01-01 00:00:13.810,1.622017,0.074528,15.314486,0.237472,0.245221,0.053574
2024-01-01 00:00:13.820,3.020677,-0.282077,14.715475,-0.230456,0.105189,-0.134392
2024-01-01 00:00:13.830,1.559728,0.083719,14.306593,0.024997,0.185678,0.040655
2024-01-01 00:00:13.840,2.272383,-0.256961,14.769368,-0.083786,-0.315869,-0.11041
2024-01-01 00:00:13.850,2.038251,-0.171045,15.245754,-0.033834,0.040831,-0.318507
2024-01-01 00:00:13.860,0.688296,-0.290296,9.542594,-0.307374,-0.036544,0.045993
2024-01-01 00:00:13.870,0.825649,-0.60602,10.075931,-0.102981,0.335537,0.02227
2024-01-01 00:00:13.880,0.016922,0.061689,10.181521,0.452889,0.185529,0.077664
2024-01-01 00:00:13.890,-0.39837,0.247582,10.51487,0.144769,-0.126089,-0.100948
2024-01-01 00:00:13.900,0.24321,0.217796,10.895245,-0.62279,0.074559,-0.116932
2024-01-01 00:00:13.910,-0.358342,0.346828,9.875994,0.304181,0.033536,0.06022
2024-01-01 00:00:13.920,1.064579,0.137196,8.703621,0.272407,0.090866,0.227853
2024-01-01 00:00:13.930,0.072193,-0.225343,9.518042,-0.089821,-0.203768,0.001675
2024-01-01 00:00:13.940,-0.193164,0.355178,9.847277,0.179316,0.072003,0.063688
2024-01-01 00:00:13.950,0.09765,-0.57423,8.25694,-0.21485,-0.04563,-0.048238
2024-01-01 00:00:13.960,-0.712293,-0.380984,10.98481,-0.117564,0.05649,-0.231545
2024-01-01 00:00:13.970,-0.513741,-0.407857,9.930452,0.374637,-0.144877,0.145114
2024-01-01 00:00:13.980,0.634719,0.456864,10.132624,-0.067933,-0.117013,0.136262
2024-01-01 00:00:13.990,-0.347333,0.3988,10.965235,-0.467433,0.234768,0.106616
2024-01-01 00:00:14.000,-0.553554,0.20613,9.276899,-0.015826,-0.21031,-0.027292
2024-01-01 00:00:14.010,0.283755,0.453426,10.295639,-0.019647,-0.195551,0.089558
2024-01-01 00:00:14.020,0.626941,-0.371937,9.717055,0.299592,-0.010316,0.134064
2024-01-01 00:00:14.030,0.380147,0.147456,9.654263,0.003584,-0.154378,0.243024
2024-01-01 00:00:14.040,0.52666,-0.052949,9.156725,-0.105396,-0.177006,0.148279
2024-01-01 00:00:14.050,-0.400155,0.358231,11.2191,0.261264,0.021015,0.009573
2024-01-01 00:00:14.060,-0.751782,-0.04874,9.492327,0.030198,-0.301013,-0.196238
2024-01-01 00:00:14.070,0.79383,-0.162831,10.401747,-0.187506,-0.201592,0.023349
2024-01-01 00:00:14.080,-0.170617,0.228804,8.223744,0.288749,0.410819,0.038487
2024-01-01 00:00:14.090,-0.132628,0.37062,10.80827,0.048415,0.091895,0.106354
2024-01-01 00:00:14.100,0.702283,-0.28271,10.700171,0.000731,-0.149313,0.203084
2024-01-01 00:00:14.110,0.294107,-0.025835,9.892429,0.044477,0.083643,-0.014273
2024-01-01 00:00:14.120,0.241051,-0.44772,9.618007,-0.267667,0.113466,0.315148
2024-01-01 00:00:14.130,1.144745,-1.05668,10.1484,-0.131913,0.198883,-0.263893
2024-01-01 00:00:14.140,-0.34026,0.084794,11.746317,0.000896,-0.025431,0.062901
2024-01-01 00:00:14.150,0.490595,0.257567,8.318302,-0.048666,0.1953,-0.119778
2024-01-01 00:00:14.160,0.030146,0.110854,10.471595,0.318107,-0.407689,-0.286083
2024-01-01 00:00:14.170,0.142018,-0.824665,9.038772,0.054351,-0.211262,-0.030266
2024-01-01 00:00:14.180,0.808178,-0.148409,9.793149,0.213726,0.032774,-0.218576
2024-01-01 00:00:14.190,0.268518,-0.938361,9.600293,0.002349,0.065927,-0.024214
2024-01-01 00:00:14.200,0.284624,0.579384,9.447643,0.264072,-0.182356,0.005215
2024-01-01 00:00:14.210,0.567088,-0.459401,9.801147,0.099382,0.051884,0.167781
2024-01-01 00:00:14.220,-0.192969,0.531036,8.850491,0.003355,-0.124768,-0.226138
2024-01-01 00:00:14.230,-0.443732,0.400103,10.680687,-0.003321,-0.055392,0.136267
2024-01-01 00:00:14.240,-0.552443,-0.38095,8.292155,-0.23861,0.204955,0.014712
2024-01-01 00:00:14.250,-1.039711,-0.479168,10.266641,0.126729,0.181787,0.154327
2024-01-01 00:00:14.260,1.08722,0.148207,9.533751,-0.010051,-0.199412,-0.064763
2024-01-01 00:00:14.270,-0.583321,-0.357149,8.819398,-0.125498,-0.21145,-0.199837
2024-01-01 00:00:14.280,-0.116988,0.043351,9.981216,0.276615,-0.082235,-0.182625
2024-01-01 00:00:14.290,-0.146365,-0.204236,8.492819,-0.312554,-0.005349,-0.193771
2024-01-01 00:00:14.300,0.162541,-0.75343,9.843598,-0.105624,-0.13158,0.071672
2024-01-01 00:00:14.310,0.431321,-0.943488,8.606246,0.25693,0.208128,0.221538
2024-01-01 00:00:14.320,0.454975,0.095887,10.200236,0.078881,0.069478,-0.084743
2024-01-01 00:00:14.330,-0.308302,-0.237539,9.027994,-0.011965,0.081217,0.09437
2024-01-01 00:00:14.340,-0.088366,-0.233957,9.428459,0.062751,-0.253308,-0.228516
2024-01-01 00:00:14.350,0.149414,0.29435,10.058681,0.044854,0.233458,0.027048
2024-01-01 00:00:14.360,-0.131495,0.496366,9.156429,-0.379166,-0.564034,0.100284
2024-01-01 00:00:14.370,0.849884,-0.115286,9.760962,-0.087315,0.166811,-0.217219
2024-01-01 00:00:14.380,0.259603,-0.144073,8.529299,0.40413,0.186862,-0.030583
2024-01-01 00:00:14.390,0.388567,0.211561,10.343721,-0.164831,-0.08648,0.107388
2024-01-01 00:00:14.400,2.230498,-0.573984,16.473117,-0.079575,0.254582,-0.440066
2024-01-01 00:00:14.410,2.500474,0.094394,17.342209,-0.135405,-0.01262,0.200318
2024-01-01 00:00:14.420,1.975715,0.233448,15.057128,-0.021754,0.012486,0.053052
2024-01-01 00:00:14.430,1.1943,0.287737,15.646821,-0.145781,0.067906,0.107509
2024-01-01 00:00:14.440,2.091335,-0.819246,13.473591,0.121685,0.637315,-0.061908
2024-01-01 00:00:14.450,-0.344405,-0.322053,11.081313,0.049328,0.268887,-0.258408
2024-01-01 00:00:14.460,-0.279506,-0.371505,10.466689,0.193387,0.140226,0.080109
2024-01-01 00:00:14.470,0.31004,0.042252,9.400592,-0.262735,-0.182561,-0.012389
2024-01-01 00:00:14.480,0.654742,0.203355,10.856655,-0.085085,0.028718,0.004817
2024-01-01 00:00:14.490,0.011247,0.633109,9.594713,-0.056431,-0.162625,0.163141
2024-01-01 00:00:14.500,0.163295,-0.20937,9.422511,0.113912,0.164422,0.11431
2024-01-01 00:00:14.510,0.900046,-0.210473,10.212133,-0.198305,0.028093,0.288186
2024-01-01 00:00:14.520,0.127298,0.486311,8.910402,0.228913,-0.224904,0.023078
2024-01-01 00:00:14.530,1.37564,0.125452,10.674295,0.296604,0.016225,-0.103682
2024-01-01 00:00:14.540,0.299013,0.536217,8.916633,-0.247218,-0.169883,-0.028263
2024-01-01 00:00:14.550,-0.931003,0.122132,8.921654,-0.122718,0.030243,0.06235
2024-01-01 00:00:14.560,0.398329,-0.48946,9.040402,-0.132983,-0.171815,0.152378
2024-01-01 00:00:14.570,0.201537,-0.563913,10.452537,0.658097,0.005498,-0.220055
2024-01-01 00:00:14.580,0.681957,-0.65629,9.288208,-0.107475,0.150094,0.001281
2024-01-01 00:00:14.590,0.355945,0.280048,8.669596,0.419406,-0.01061,0.241431
2024-01-01 00:00:14.600,-0.073209,0.502776,9.297595,-0.316658,-0.078178,-0.036031
2024-01-01 00:00:14.610,-0.647348,0.78228,9.782892,-0.247413,0.040655,0.139652
2024-01-01 00:00:14.620,-0.110521,0.356634,8.810897,-0.171651,0.139437,0.073968
2024-01-01 00:00:14.630,-0.449713,0.491881,8.835678,-0.211422,-0.221437,0.143379
2024-01-01 00:00:14.640,-0.306952,-0.245347,11.596157,-0.066975,0.052131,-0.121464
2024-01-01 00:00:14.650,0.311211,-0.489164,9.081962,-0.177195,0.263508,-0.12081
2024-01-01 00:00:14.660,0.882962,0.359584,9.536706,-0.204835,0.114731,0.003041
2024-01-01 00:00:14.670,0.208683,0.176679,9.499317,0.289618,0.011551,-0.229833
2024-01-01 00:00:14.680,-0.632323,0.045449,9.453532,0.305948,0.127948,-0.040461
2024-01-01 00:00:14.690,0.235084,0.163858,10.335659,0.237324,0.090499,0.037931
2024-01-01 00:00:14.700,2.512719,0.136707,15.782129,0.131,0.15072,0.267695
2024-01-01 00:00:14.710,1.557577,0.543055,14.721163,0.023186,-0.404786,0.060408
2024-01-01 00:00:14.720,1.809138,0.547779,13.933939,-0.124258,-0.310691,0.093784
2024-01-01 00:00:14.730,1.887766,0.230205,16.058176,-0.238289,0.200966,0.174671
2024-01-01 00:00:14.740,1.464985,0.357775,14.899341,0.090749,-0.301056,-0.144699
2024-01-01 00:00:14.750,0.342778,0.217448,11.273852,-0.293408,0.080308,-0.024762
2024-01-01 00:00:14.760,-0.063951,-0.195075,7.910234,-0.24848,-0.07041,0.363812
2024-01-01 00:00:14.770,0.221828,0.320027,9.975311,0.288228,-0.199238,-0.011868
2024-01-01 00:00:14.780,-0.469261,-0.589871,11.433141,0.475162,0.06993,0.167465
2024-01-01 00:00:14.790,-0.231306,0.445796,9.511139,0.098324,0.040207,0.144561
2024-01-01 00:00:14.800,0.381959,-0.505283,9.619233,0.276614,0.422069,-0.221717
2024-01-01 00:00:14.810,-0.197136,0.120895,10.060003,-0.061462,-0.124962,0.046572
2024-01-01 00:00:14.820,0.913132,-0.3575,9.337259,-0.334419,0.288022,0.022012
2024-01-01 00:00:14.830,-0.211308,0.234084,9.545987,0.153043,0.070485,0.049494
2024-01-01 00:00:14.840,0.118802,-0.01435,9.524208,0.142322,-0.132204,-0.113117
2024-01-01 00:00:14.850,0.493107,-0.674582,9.279202,0.017917,0.159849,-0.167538
2024-01-01 00:00:14.860,-0.749961,0.177956,10.849613,-0.060594,0.113148,-0.071402
2024-01-01 00:00:14.870,-0.931028,-0.24446,10.200072,0.240553,0.007169,-0.014669
2024-01-01 00:00:14.880,-0.806691,0.372725,10.022031,-0.246433,0.053259,0.177748
2024-01-01 00:00:14.890,0.667591,0.000561,10.494051,-0.193445,-0.119397,0.272597
2024-01-01 00:00:14.900,-0.291795,0.167263,9.586355,-0.252027,-0.165157,0.20949
2024-01-01 00:00:14.910,1.352648,-0.405052,9.155024,0.021243,0.151888,0.129028
2024-01-01 00:00:14.920,-0.298346,-0.249288,9.30018,-0.271973,-0.044788,-0.150651
2024-01-01 00:00:14.930,0.097582,-0.194004,9.811508,-0.171061,-0.016017,-0.061334
2024-01-01 00:00:14.940,0.815391,0.362385,8.913907,-0.176439,0.055964,0.031489
2024-01-01 00:00:14.950,1.060722,0.709531,9.386779,-0.065152,0.053058,-0.094866
2024-01-01 00:00:14.960,1.09002,-0.340588,9.373365,-0.371844,-0.285865,0.086581
2024-01-01 00:00:14.970,0.638924,0.455507,11.607375,0.021801,0.25725,0.108073
2024-01-01 00:00:14.980,0.541473,-0.917774,7.463353,0.311826,0.024236,0.080444
2024-01-01 00:00:14.990,0.313299,-0.505142,9.658042,0.033873,-0.040531,0.15377
2024-01-01 00:00:15.000,0.411558,-0.405563,11.269937,0.38533,0.086169,-0.135689
2024-01-01 00:00:15.010,-0.291439,-0.572111,9.91308,0.3335,0.047308,0.139924
2024-01-01 00:00:15.020,-0.432623,-0.669858,10.447391,0.194434,0.153413,-0.104347
2024-01-01 00:00:15.030,-0.001784,0.174699,9.894453,0.018671,0.107597,-0.14114
2024-01-01 00:00:15.040,-0.089985,-0.090551,9.245436,0.005625,0.143569,0.079817
2024-01-01 00:00:15.050,-0.239644,0.160488,7.913339,0.19095,0.270199,0.182381
2024-01-01 00:00:15.060,0.368215,0.29207,9.983816,-0.097918,0.176725,0.073202
2024-01-01 00:00:15.070,0.505118,0.112356,9.153837,-0.47063,-0.032097,0.003121
2024-01-01 00:00:15.080,0.046745,0.278234,9.132916,0.123001,-0.22458,0.046523
2024-01-01 00:00:15.090,0.781244,-0.029412,9.387857,-0.282767,0.33356,0.020464
2024-01-01 00:00:15.100,-0.603668,-0.502098,11.286153,-0.240535,-0.047545,-0.168893
2024-01-01 00:00:15.110,-0.102397,0.447455,11.844493,5.6e-05,-0.094621,-0.186393
2024-01-01 00:00:15.120,-0.37902,-0.249194,9.993758,-0.023781,-0.347345,-0.011824
2024-01-01 00:00:15.130,-0.986931,-0.395757,9.416807,-0.353019,0.067695,0.011979
2024-01-01 00:00:15.140,-0.043717,-0.075259,8.814066,0.041373,0.029777,0.0017
2024-01-01 00:00:15.150,-0.064374,-0.386119,10.206385,0.241535,-0.303023,0.101415
2024-01-01 00:00:15.160,0.800237,-0.176573,11.318338,-0.282085,0.090655,-0.032322
2024-01-01 00:00:15.170,0.333542,0.145535,9.60075,0.318121,-0.099638,0.084447
2024-01-01 00:00:15.180,-0.541539,0.147349,7.797369,-0.390043,0.538063,-0.021688
2024-01-01 00:00:15.190,0.980351,-0.379782,10.376862,0.529331,-0.113872,0.273504
2024-01-01 00:00:15.200,0.645622,-0.206299,10.643648,-0.102815,-0.087039,0.012107
2024-01-01 00:00:15.210,0.307784,0.454443,8.468375,0.036404,-0.174955,0.351108
2024-01-01 00:00:15.220,-0.119753,0.209977,9.959306,-0.473008,0.255575,0.052802
2024-01-01 00:00:15.230,-0.507303,0.877753,10.191737,-0.015534,-0.074555,-0.032052
2024-01-01 00:00:15.240,-0.196804,0.499194,9.748151,0.057121,-0.144983,-0.134917
2024-01-01 00:00:15.250,0.575676,0.484036,9.141008,-0.021541,0.141391,-0.216433
2024-01-01 00:00:15.260,0.996475,-0.587068,10.669483,-0.14077,-0.276071,-0.148716
2024-01-01 00:00:15.270,0.81599,0.323113,9.468741,-0.236641,0.125022,-0.131941
2024-01-01 00:00:15.280,-0.258479,-0.022464,8.553533,0.282632,0.35628,0.059223
2024-01-01 00:00:15.290,1.288002,-0.233065,13.246145,0.007702,0.113322,-0.078925
2024-01-01 00:00:15.300,1.954494,0.07107,16.046679,0.385188,0.12758,0.028039
2024-01-01 00:00:15.310,0.944938,0.399824,15.501698,-0.131621,0.174012,0.192297
2024-01-01 00:00:15.320,2.050875,0.211852,15.054426,-0.108699,0.341942,-0.013171
2024-01-01 00:00:15.330,1.801955,-0.371594,14.607528,0.203899,0.241979,0.311874
2024-01-01 00:00:15.340,-0.246417,0.31406,9.362467,-0.405744,0.087934,-0.176372
2024-01-01 00:00:15.350,-0.843199,-0.2697,8.899927,-0.303366,0.180778,-0.022588
2024-01-01 00:00:15.360,0.271566,0.091657,9.444989,0.274371,-0.177187,-0.080897
2024-01-01 00:00:15.370,-0.281666,-0.128317,8.016406,-0.292983,0.155259,0.140476
2024-01-01 00:00:15.380,-0.618594,-0.09258,9.18729,-0.454763,-0.201111,-0.335969
2024-01-01 00:00:15.390,-1.518709,0.324121,9.546947,0.467132,-0.073404,-0.216467
2024-01-01 00:00:15.400,-0.014549,-0.440002,10.325959,-0.348454,-0.616512,-0.016102
2024-01-01 00:00:15.410,0.937078,0.822818,9.776222,0.04603,0.080286,0.232707
2024-01-01 00:00:15.420,0.878391,-0.770319,10.482505,0.017271,-0.128774,0.033876
2024-01-01 00:00:15.430,-0.24169,-0.252813,10.951368,-0.702657,0.222229,-0.202732
2024-01-01 00:00:15.440,-0.31842,0.1566,10.705212,-0.066829,0.078039,-0.179575
2024-01-01 00:00:15.450,0.247864,0.247165,10.208051,0.112103,0.224819,0.250948
2024-01-01 00:00:15.460,-0.527896,-0.042501,9.820036,0.088577,-0.216719,-0.09317
2024-01-01 00:00:15.470,0.159572,-0.024276,8.980253,0.22588,0.207677,-0.141445
2024-01-01 00:00:15.480,0.405065,0.173663,10.435993,-0.096873,0.421171,0.221606
2024-01-01 00:00:15.490,0.648741,-0.097742,11.231066,0.178126,0.152832,0.151665
2024-01-01 00:00:15.500,-0.052956,0.589316,10.099422,-0.172332,0.15807,0.191109
2024-01-01 00:00:15.510,-0.107692,0.355045,11.432001,-0.352617,0.03392,-0.142506
2024-01-01 00:00:15.520,-0.464233,0.369205,8.519366,-0.324432,-0.104934,-0.228766
2024-01-01 00:00:15.530,-0.437213,-0.408684,8.833578,-0.365528,0.152238,0.019975
2024-01-01 00:00:15.540,-0.119751,-0.033581,10.5335,0.252396,-0.301217,0.050269
2024-01-01 00:00:15.550,0.194245,-0.127097,10.03359,-0.378643,-0.083551,0.05469
2024-01-01 00:00:15.560,0.483058,-0.425369,10.92146,0.06851,-0.354211,0.221728
2024-01-01 00:00:15.570,-0.424681,0.152349,9.796911,-0.066481,-0.140731,-0.260065
2024-01-01 00:00:15.580,0.789259,-0.227424,9.075693,-0.025662,0.128409,0.128954
2024-01-01 00:00:15.590,1.736643,0.277236,14.7993,0.340902,0.101079,-0.164494
2024-01-01 00:00:15.600,1.868702,-0.452691,13.683349,-0.109607,0.010183,0.12836
2024-01-01 00:00:15.610,1.484912,0.727154,14.025212,0.1529,0.03408,-0.071244
2024-01-01 00:00:15.620,0.598183,-0.379149,15.802688,0.009391,-0.377173,-0.122096
2024-01-01 00:00:15.630,2.347439,0.092765,15.718378,-0.038005,-0.074512,-0.091485
2024-01-01 00:00:15.640,0.389606,0.334956,10.117102,0.574992,-0.13627,-0.216842
2024-01-01 00:00:15.650,-0.148752,-0.241381,8.353968,-0.360335,-0.131812,0.006064
2024-01-01 00:00:15.660,0.035421,0.360594,9.506791,0.322283,0.119916,-0.115901
2024-01-01 00:00:15.670,0.272803,-0.519945,8.77365,0.164102,-0.172101,0.117945
2024-01-01 00:00:15.680,-0.826196,0.614246,10.805347,-0.119881,-0.120936,0.096008
2024-01-01 00:00:15.690,-0.279737,0.005985,9.316171,0.40733,-0.417414,0.253224
2024-01-01 00:00:15.700,0.419967,-0.252282,8.891457,-0.462028,-0.058825,0.054949
2024-01-01 00:00:15.710,-0.663206,-0.126554,9.835208,-0.130442,-0.217568,0.078102
2024-01-01 00:00:15.720,0.155219,0.342173,9.268429,-0.302121,0.015841,0.210015
2024-01-01 00:00:15.730,-0.717293,-0.247225,11.065247,0.103021,-0.190222,-0.094149
2024-01-01 00:00:15.740,0.246625,-0.316978,9.18835,-0.278266,0.020908,-0.223239
2024-01-01 00:00:15.750,-0.018845,-0.09371,8.626253,0.108266,-0.028937,0.030014
2024-01-01 00:00:15.760,-0.854001,-0.497855,7.988635,-0.046609,0.334408,-0.213395
2024-01-01 00:00:15.770,0.615856,0.77009,9.783955,-0.119838,0.099444,0.368091
2024-01-01 00:00:15.780,-0.388415,-0.239585,9.334607,0.097162,-0.367928,0.218325
2024-01-01 00:00:15.790,-0.428421,0.351774,8.601147,-0.067155,-0.252978,0.324596
2024-01-01 00:00:15.800,0.106051,0.088606,10.816086,-0.272159,0.011042,0.009367
2024-01-01 00:00:15.810,0.607342,-0.416458,10.374489,0.700343,-0.18597,0.082586
2024-01-01 00:00:15.820,-0.537116,-0.002519,9.786128,-0.121792,-0.593674,-0.068921
2024-01-01 00:00:15.830,0.032613,0.331633,10.96422,-0.554402,0.269909,0.132439
2024-01-01 00:00:15.840,0.226737,-0.079635,10.370505,-0.210525,0.144045,-0.182331
2024-01-01 00:00:15.850,0.36648,0.504687,9.113864,-0.316819,0.104195,-0.381464
2024-01-01 00:00:15.860,0.093293,0.432101,8.93082,0.206536,-0.121465,-0.118607
2024-01-01 00:00:15.870,-0.194066,0.388701,10.502012,0.080413,0.085535,-0.218321
2024-01-01 00:00:15.880,-0.437588,-0.194435,10.145326,0.099678,-0.140872,0.221689
2024-01-01 00:00:15.890,0.045549,-0.456773,9.953607,-0.092506,0.040971,0.272352
2024-01-01 00:00:15.900,-0.566894,-0.259548,9.093863,-0.069838,-0.184117,-0.210439
2024-01-01 00:00:15.910,-1.544664,0.08301,10.324324,-0.092733,0.303258,0.193757
2024-01-01 00:00:15.920,0.230831,0.230868,9.170848,-0.020298,-0.314047,0.142708
2024-01-01 00:00:15.930,0.477956,-0.918575,9.723719,0.208833,0.246457,-0.235467
2024-01-01 00:00:15.940,-1.249401,-0.003432,11.034115,0.084019,0.007783,-0.05854
2024-01-01 00:00:15.950,-0.533895,0.066872,9.250934,0.125028,-0.097893,-0.087025
2024-01-01 00:00:15.960,0.327378,-0.117401,8.479251,0.12489,0.033401,0.112199
2024-01-01 00:00:15.970,1.087901,0.546209,8.919545,0.221111,0.14667,-0.184317
2024-01-01 00:00:15.980,0.010995,0.178413,10.651177,0.072038,0.273349,-0.014831
2024-01-01 00:00:15.990,-0.384932,0.554211,10.025503,0.089712,0.062629,-0.10289
2024-01-01 00:00:16.000,-0.096706,-0.091351,9.70097,0.297202,-0.178139,0.071001
2024-01-01 00:00:16.010,0.726966,0.396553,9.379307,-0.166261,0.011126,-0.032519
2024-01-01 00:00:16.020,-0.341554,0.691633,10.220614,-0.213936,0.363359,-0.080287
2024-01-01 00:00:16.030,-0.422573,0.554846,9.091657,-0.29648,0.269536,-0.031994
2024-01-01 00:00:16.040,-0.255251,-0.461976,10.068593,0.045729,0.181753,0.305406
2024-01-01 00:00:16.050,-0.504073,-0.107305,9.191359,-0.463433,0.159137,-0.062535
2024-01-01 00:00:16.060,0.064862,-0.146005,9.05058,0.115539,0.13989,-0.156151
2024-01-01 00:00:16.070,0.859049,0.206955,9.270686,-0.027298,0.231751,0.087515
2024-01-01 00:00:16.080,0.170828,0.290328,9.492405,0.28366,-0.091326,-0.021529
2024-01-01 00:00:16.090,-0.133432,-0.354852,9.76869,-0.167979,-0.271017,-0.212285
2024-01-01 00:00:16.100,-0.154295,0.028696,10.009196,-0.05083,0.013801,0.334724
2024-01-01 00:00:16.110,-0.826537,-0.854429,6.689643,0.280551,-0.163516,-0.052872
2024-01-01 00:00:16.120,0.466944,0.609943,9.126728,0.345784,-0.211004,-0.05668
2024-01-01 00:00:16.130,-0.041156,-0.216734,9.478732,-0.170038,-0.144056,0.023975
2024-01-01 00:00:16.140,-0.095429,0.02363,11.083282,0.045445,0.497063,0.259518
2024-01-01 00:00:16.150,1.688356,-0.130982,8.896318,0.073605,0.027225,-0.251962
2024-01-01 00:00:16.160,0.157966,0.48477,9.947726,0.093413,0.072382,0.041398
2024-01-01 00:00:16.170,-0.39751,-1.200265,11.074796,-0.065644,-0.244473,0.313091
2024-01-01 00:00:16.180,1.654563,-0.007026,13.869229,0.320346,-0.368751,0.019309
2024-01-01 00:00:16.190,2.487241,-0.044761,15.313303,-0.472426,-0.163811,-0.1853
2024-01-01 00:00:16.200,1.939892,-0.191888,14.301278,-0.105283,0.287639,-0.09276
2024-01-01 00:00:16.210,1.119511,0.730194,14.55308,0.111983,0.066855,0.031032
2024-01-01 00:00:16.220,2.366042,-0.37534,14.300568,0.114306,0.119719,0.199621
2024-01-01 00:00:16.230,-0.353281,0.32647,9.190849,0.33819,0.147713,-0.0509
2024-01-01 00:00:16.240,0.990506,0.150695,12.112738,0.299556,-0.11827,0.123998
2024-01-01 00:00:16.250,0.571075,0.533623,10.52441,-0.071385,0.277593,-0.215305
2024-01-01 00:00:16.260,-0.236521,-0.282221,10.74207,0.324968,-0.126562,-0.216558
2024-01-01 00:00:16.270,0.677337,-0.310046,10.226226,-0.17851,0.281246,-0.07242
2024-01-01 00:00:16.280,0.035879,0.463638,8.451107,0.232722,0.08846,0.215704
2024-01-01 00:00:16.290,0.450904,0.179911,10.144134,0.452631,-0.357809,0.010331
2024-01-01 00:00:16.300,0.256302,-0.653508,10.717698,0.303736,-0.149602,0.043472
2024-01-01 00:00:16.310,-0.447511,-0.228126,9.088024,0.026443,-0.356988,0.041712
2024-01-01 00:00:16.320,-0.340277,0.16344,10.626666,-0.082945,0.232656,0.166381
2024-01-01 00:00:16.330,0.544592,0.354374,10.405868,-0.382148,-0.004947,-0.091533
2024-01-01 00:00:16.340,-0.177012,-0.287315,11.376826,0.077635,-0.445668,0.103243
2024-01-01 00:00:16.350,-0.213429,-1.23273,9.456556,-0.278804,0.075149,-0.124632
2024-01-01 00:00:16.360,-0.505021,0.221323,8.881421,-0.198284,-0.107433,0.297491
2024-01-01 00:00:16.370,0.223978,-0.516196,9.504063,-0.297686,-0.296761,-0.120059
2024-01-01 00:00:16.380,1.09056,-0.853334,11.024493,-0.115098,0.335593,-0.132358
2024-01-01 00:00:16.390,-0.564458,-1.198074,8.263169,-0.006992,0.021457,0.08245
2024-01-01 00:00:16.400,0.012806,0.344314,8.060154,0.068404,-0.058686,0.011968
2024-01-01 00:00:16.410,0.746712,0.054405,9.885628,-0.150127,-0.079885,0.049028
2024-01-01 00:00:16.420,-0.04211,-0.095453,9.435569,0.267321,-0.302656,0.034097
2024-01-01 00:00:16.430,0.239192,0.587557,9.816538,-0.052051,-0.26091,-0.163559
2024-01-01 00:00:16.440,-0.561741,0.269588,10.609734,-0.196931,0.256983,0.242004
2024-01-01 00:00:16.450,0.226467,0.683695,9.342526,0.056573,-0.094777,0.134031
2024-01-01 00:00:16.460,-0.098953,-0.589127,8.225437,0.490888,0.004414,0.203842
2024-01-01 00:00:16.470,0.521205,-0.014615,11.539631,0.08379,-0.408866,-0.07925
2024-01-01 00:00:16.480,2.50783,-0.68387,14.136345,-0.090714,-0.263618,0.062479
2024-01-01 00:00:16.490,3.249232,-0.097029,14.084055,-0.381865,0.121963,0.029605
2024-01-01 00:00:16.500,2.186481,-0.105165,15.913747,-0.054853,0.075542,0.1692
2024-01-01 00:00:16.510,2.052265,0.265058,14.654722,0.058732,0.350675,0.174037
2024-01-01 00:00:16.520,1.982781,0.019274,14.926372,-0.096895,0.268591,0.028958
2024-01-01 00:00:16.530,-0.186737,0.263701,10.21844,-0.416346,-0.046142,-0.227693
2024-01-01 00:00:16.540,0.178973,0.297555,10.726711,-0.212641,0.094591,0.266949
2024-01-01 00:00:16.550,-0.156193,0.911535,9.527892,0.363635,-0.063321,0.083398
2024-01-01 00:00:16.560,0.089074,-0.13337,11.095879,0.3585,0.410962,-0.091266
2024-01-01 00:00:16.570,0.69668,-0.398053,8.003113,-0.22166,0.229803,0.060981
2024-01-01 00:00:16.580,-0.532209,0.104093,10.45278,0.168189,0.033937,-0.226664
2024-01-01 00:00:16.590,0.602711,-0.339364,9.09976,-0.294643,0.040079,0.158303
2024-01-01 00:00:16.600,0.696425,0.626869,10.970942,0.351079,0.28897,-0.220682
2024-01-01 00:00:16.610,-0.062429,-0.119801,9.93017,0.061309,0.115916,-0.033125
2024-01-01 00:00:16.620,-1.121931,-0.239239,9.240722,0.23741,0.311726,0.036668
2024-01-01 00:00:16.630,-0.321386,-0.199367,10.370764,-0.428773,-0.43873,0.155826
2024-01-01 00:00:16.640,0.685786,0.303891,10.565637,0.169409,0.092246,0.015982
2024-01-01 00:00:16.650,-0.012091,-0.066727,10.353042,-0.001919,-0.103087,0.095244
2024-01-01 00:00:16.660,-0.528381,-0.271425,8.938877,0.212982,0.351276,-0.004225
2024-01-01 00:00:16.670,-0.2669,0.704444,9.400522,0.228717,0.30928,-0.004828
2024-01-01 00:00:16.680,0.444478,-0.36216,9.806554,0.016446,0.006567,0.012822
2024-01-01 00:00:16.690,0.289085,0.015044,9.775094,-0.150207,0.307126,-0.028359
2024-01-01 00:00:16.700,-0.126335,0.275926,10.444285,0.194924,0.356623,-0.252986
2024-01-01 00:00:16.710,-0.193958,-0.690055,8.105394,-0.015039,0.014881,-0.115249
2024-01-01 00:00:16.720,-0.207142,0.20315,10.092841,-0.218196,0.494387,0.036716
2024-01-01 00:00:16.730,-0.487724,-0.446311,9.564676,-0.230038,-0.006268,-0.037368
2024-01-01 00:00:16.740,0.85413,0.348037,9.100628,-0.369291,-0.042904,-0.023371
2024-01-01 00:00:16.750,-0.170427,-0.407201,9.181856,-0.127573,0.173175,-0.048503
2024-01-01 00:00:16.760,0.643573,0.293041,9.628501,0.275673,-0.070758,-0.12954
2024-01-01 00:00:16.770,0.804396,0.467767,6.763482,0.044457,0.017068,-0.073965
2024-01-01 00:00:16.780,0.527857,0.364388,9.216709,-0.132442,0.281887,-0.046025
2024-01-01 00:00:16.790,-0.228219,0.106307,9.069061,0.201214,0.003844,0.000771
2024-01-01 00:00:16.800,0.213472,-0.09784,10.260735,-0.208119,-0.339004,0.059007
2024-01-01 00:00:16.810,-0.012793,-0.243825,9.128524,0.023838,0.073464,-0.027083
2024-01-01 00:00:16.820,-0.477832,0.622248,9.628014,-0.044908,-0.139259,-0.154448
2024-01-01 00:00:16.830,0.171505,-0.295886,11.114766,0.194783,0.173054,-0.209712
2024-01-01 00:00:16.840,-0.623417,-0.438679,10.651221,-0.394307,0.139238,0.389616
2024-01-01 00:00:16.850,0.627985,0.281451,10.573322,-0.212549,0.29428,-0.169472
2024-01-01 00:00:16.860,-0.245666,-0.336766,9.387108,-0.409561,0.181506,-0.077794
2024-01-01 00:00:16.870,0.106363,-0.401877,10.269405,-0.064899,0.218049,0.07755
2024-01-01 00:00:16.880,0.149788,-0.610645,9.612122,0.302857,-0.133819,0.054129
2024-01-01 00:00:16.890,-0.136896,-0.204271,9.644105,-0.126362,0.160797,0.07813
2024-01-01 00:00:16.900,0.310214,-0.034988,10.156594,-0.127671,0.39369,-0.066408
2024-01-01 00:00:16.910,-0.251105,0.102828,9.304943,0.217931,-0.13773,0.035784
2024-01-01 00:00:16.920,0.460698,0.402403,11.073081,0.267137,0.359948,0.009202
2024-01-01 00:00:16.930,-0.711687,0.222878,9.67453,-0.022143,-0.10987,-0.04682
2024-01-01 00:00:16.940,0.066823,-0.080739,10.333133,0.171179,-0.170394,0.036811
2024-01-01 00:00:16.950,1.025209,-0.083837,11.041438,-0.269239,0.05924,0.158305
2024-01-01 00:00:16.960,-0.528925,0.215797,10.682779,0.344494,0.143182,-0.00333
2024-01-01 00:00:16.970,-0.358358,0.538297,8.618054,0.537177,0.18235,-0.002332
2024-01-01 00:00:16.980,0.271729,0.053431,10.186382,0.130304,-0.192352,0.160224
2024-01-01 00:00:16.990,0.094954,-0.198442,10.529709,-0.521083,0.086908,0.144204
2024-01-01 00:00:17.000,0.185396,-0.419982,10.564516,-0.139558,-0.137111,0.23759
2024-01-01 00:00:17.010,0.258658,-0.611322,8.868153,0.153206,-0.297784,-0.263435
2024-01-01 00:00:17.020,0.335609,0.281832,9.254148,-0.105371,-0.185747,0.135768
2024-01-01 00:00:17.030,0.586754,0.244485,10.651396,0.31805,-0.15018,0.090237
2024-01-01 00:00:17.040,0.216692,0.244225,9.165551,0.147039,0.104319,-0.132848
2024-01-01 00:00:17.050,-0.127565,-0.054423,9.556457,-0.176619,0.230443,0.037738
2024-01-01 00:00:17.060,2.235623,0.595133,16.313191,0.008066,-0.294641,0.157668
2024-01-01 00:00:17.070,2.884563,-0.204782,14.939562,-0.223458,0.070392,-0.124374
2024-01-01 00:00:17.080,1.80987,0.404079,14.365149,-0.045646,-0.23534,0.066384
2024-01-01 00:00:17.090,1.364718,-0.016388,14.237536,-0.138648,0.125817,0.130703
2024-01-01 00:00:17.100,2.465369,-0.257332,15.261481,0.29369,-0.124546,-0.160653
2024-01-01 00:00:17.110,-0.063652,0.25064,8.682157,0.529003,-0.210266,-0.021343
2024-01-01 00:00:17.120,-1.148799,0.173276,9.600754,-0.357797,0.159933,0.045145
2024-01-01 00:00:17.130,0.448074,0.150999,10.091913,-0.480804,-0.117385,-0.11942
2024-01-01 00:00:17.140,-0.283055,0.034381,10.909081,-0.061293,-0.063193,-0.131873
2024-01-01 00:00:17.150,-0.047869,-0.016029,10.374746,-0.379604,-0.443998,-0.020257
2024-01-01 00:00:17.160,0.175535,1.010281,9.205901,0.011553,0.18931,0.120246
2024-01-01 00:00:17.170,0.100727,0.500941,10.806943,0.187234,0.164182,0.09656
2024-01-01 00:00:17.180,0.375123,0.305756,9.55661,0.373535,0.001092,-0.129212
2024-01-01 00:00:17.190,-0.230263,0.047291,8.764595,0.050349,-0.305516,0.097825
2024-01-01 00:00:17.200,0.271305,0.426027,9.664453,-0.048289,0.241874,-0.125391
2024-01-01 00:00:17.210,-0.137235,0.219112,11.026691,-0.494596,-0.133253,-0.241525
2024-01-01 00:00:17.220,0.390646,0.011085,9.949793,0.006546,-0.090671,-0.055072
2024-01-01 00:00:17.230,0.325376,-0.128408,9.820593,0.017822,0.462409,0.168445
2024-01-01 00:00:17.240,-0.494613,-0.034228,11.195081,0.159739,-0.140727,0.098394
2024-01-01 00:00:17.250,0.574213,-1.34109,8.599074,-0.177122,0.148442,-0.000236
2024-01-01 00:00:17.260,-0.283391,0.089084,8.722383,-0.108763,0.112418,-0.062506
2024-01-01 00:00:17.270,0.427261,-0.206625,8.442994,-0.369501,0.078034,-0.058464
2024-01-01 00:00:17.280,0.194203,0.673699,10.12526,-0.572823,0.0564,0.016318
2024-01-01 00:00:17.290,0.97194,0.008183,9.950853,-0.277124,0.075278,-0.160266
2024-01-01 00:00:17.300,-0.118158,-0.502932,11.115155,-0.392581,0.054388,-0.052216
2024-01-01 00:00:17.310,-0.184701,-0.021099,10.01598,0.084178,-0.010384,-0.032335
2024-01-01 00:00:17.320,-0.010268,-0.442509,9.468083,-0.129534,0.302257,-0.202661
2024-01-01 00:00:17.330,-0.160306,0.200251,9.811518,-0.134559,-0.262532,-0.125767
2024-01-01 00:00:17.340,0.422969,0.123071,9.90958,-0.246103,0.204292,0.061576
2024-01-01 00:00:17.350,-0.854624,0.405166,8.39569,-0.808141,0.164468,0.001427
2024-01-01 00:00:17.360,1.322865,-0.334543,17.272941,0.377078,0.13968,-0.046314
2024-01-01 00:00:17.370,1.315399,0.014385,15.419811,-0.250068,0.223396,-0.136714
2024-01-01 00:00:17.380,2.382475,-0.577404,15.157667,-0.103105,-0.01852,0.236527
2024-01-01 00:00:17.390,2.784487,0.296732,15.500429,-0.363723,-0.373795,-0.125697
2024-01-01 00:00:17.400,1.824772,0.219483,15.580162,0.242983,-0.014459,0.037739
2024-01-01 00:00:17.410,-0.089264,0.209726,9.691092,0.035857,-0.198239,-0.07318
2024-01-01 00:00:17.420,0.03704,0.000685,9.27597,-0.206591,-0.146372,0.005442
2024-01-01 00:00:17.430,0.614343,0.175449,10.317135,-0.098057,-0.248484,0.068641
2024-01-01 00:00:17.440,-0.490338,0.678635,10.136311,0.419545,-0.095469,-0.205538
2024-01-01 00:00:17.450,0.126038,-0.120595,9.124833,-0.018242,-0.119325,-0.000992
2024-01-01 00:00:17.460,0.515636,0.058647,11.010504,-0.045433,-0.475514,0.178609
2024-01-01 00:00:17.470,0.264954,-0.459431,10.058176,-0.235345,0.140044,0.264225
2024-01-01 00:00:17.480,0.100241,-0.367274,10.427427,-0.473645,0.444064,-0.019502
2024-01-01 00:00:17.490,0.529303,0.041375,10.987565,-0.04001,0.121247,0.006252
2024-01-01 00:00:17.500,-1.429334,0.466964,9.828518,0.081371,-0.040585,0.3317
2024-01-01 00:00:17.510,0.358427,-0.108407,10.078141,0.274896,-0.010949,0.170239
2024-01-01 00:00:17.520,-0.345843,-0.099793,10.495283,-0.562124,-0.084197,-0.092593
2024-01-01 00:00:17.530,-0.967947,-0.172112,9.196768,-0.281274,0.018008,-0.092848
2024-01-01 00:00:17.540,0.270298,-0.226202,9.855728,-0.145185,-0.007402,0.143482
2024-01-01 00:00:17.550,0.726322,0.124773,9.916214,-0.00087,-0.16821,-0.151656
2024-01-01 00:00:17.560,-0.072676,-0.63334,9.001174,-0.036258,0.336578,0.163159
2024-01-01 00:00:17.570,0.503832,0.541837,11.770721,-0.030422,-0.297431,0.050145
2024-01-01 00:00:17.580,0.852492,-0.281474,8.61943,0.102024,0.143666,0.077658
2024-01-01 00:00:17.590,0.695261,0.305365,8.711804,-0.225823,-0.02024,-0.03851
2024-01-01 00:00:17.600,0.867131,-0.537209,10.921836,0.233535,0.380166,-0.094474
2024-01-01 00:00:17.610,0.3924,0.282919,10.413423,0.108363,0.068173,0.219299
2024-01-01 00:00:17.620,0.039886,0.284233,8.942034,-0.079958,-0.071981,-0.037011
2024-01-01 00:00:17.630,-0.847039,0.162517,10.323767,0.400227,-0.049541,-0.06164
2024-01-01 00:00:17.640,-0.130106,-0.420643,11.051801,0.389104,0.007981,-0.012021
2024-01-01 00:00:17.650,-0.445867,0.105559,9.784397,0.233224,-0.228558,0.028953
2024-01-01 00:00:17.660,1.147886,-0.500433,12.008604,-0.754639,-0.153374,-0.154624
2024-01-01 00:00:17.670,-0.093,-0.106919,8.351444,0.394736,-0.356989,-0.084731
2024-01-01 00:00:17.680,0.065145,0.435442,10.396975,0.19869,-0.184595,-0.092705
2024-01-01 00:00:17.690,0.291598,0.337005,10.796883,0.501602,0.018781,0.126792
2024-01-01 00:00:17.700,0.023055,0.006422,10.564077,0.309366,0.060035,-0.132894
2024-01-01 00:00:17.710,0.896258,-0.412343,9.637115,0.394586,-0.395866,-0.263365
2024-01-01 00:00:17.720,-0.329226,0.273084,9.564287,0.219664,-0.027442,-0.295064
2024-01-01 00:00:17.730,0.102899,0.008198,10.185747,0.337173,0.112682,-0.220557
2024-01-01 00:00:17.740,-0.392581,-0.981493,10.500128,0.498531,-0.032582,0.204231
2024-01-01 00:00:17.750,-0.697962,0.331052,10.319693,0.054139,-0.126758,0.002431
2024-01-01 00:00:17.760,-0.323473,-0.01025,10.689889,-0.393058,-0.082432,0.075187
2024-01-01 00:00:17.770,-0.019583,0.508637,8.948036,-0.076865,-0.108153,0.080473
2024-01-01 00:00:17.780,-0.226994,-0.463299,9.617306,0.097486,-0.127346,0.008428
2024-01-01 00:00:17.790,-0.366118,-1.343746,9.014747,0.018722,0.034765,-0.011217
2024-01-01 00:00:17.800,-0.74359,0.118052,9.483349,-0.31164,0.461538,0.156679
2024-01-01 00:00:17.810,-0.043942,0.123331,10.668877,-0.407767,-0.14874,0.021899
2024-01-01 00:00:17.820,-0.795621,-0.715154,9.901354,-0.185291,-0.063629,0.209865
2024-01-01 00:00:17.830,0.40188,-0.413905,12.015403,0.201935,-0.01034,0.093124
2024-01-01 00:00:17.840,0.04359,1.165457,9.973622,0.395085,-0.137471,-0.092669
2024-01-01 00:00:17.850,-0.77068,-0.129273,9.860499,0.229142,0.219647,-0.07457
2024-01-01 00:00:17.860,-0.163494,0.309196,9.899831,0.264357,-0.474177,-0.10912
2024-01-01 00:00:17.870,-0.397703,-0.275229,9.270414,-0.020204,-0.106212,0.182632
2024-01-01 00:00:17.880,0.168764,-0.884198,9.76107,-0.435521,0.163663,-0.060758
2024-01-01 00:00:17.890,0.708763,-0.072019,10.764109,-0.113805,-0.058819,-0.119771
2024-01-01 00:00:17.900,-0.991497,-0.112351,9.906419,-0.064691,-0.164168,0.047967
2024-01-01 00:00:17.910,0.06082,-0.169148,9.138733,-0.124263,0.088151,-0.014575
2024-01-01 00:00:17.920,-0.08467,-0.048493,9.027378,0.013674,0.181269,0.044185
2024-01-01 00:00:17.930,0.354971,0.111785,9.429129,0.110355,0.042127,0.283472
2024-01-01 00:00:17.940,0.112728,-0.063499,9.872488,0.213254,-0.160244,0.136961
2024-01-01 00:00:17.950,1.482396,-0.534675,15.989774,-0.06953,0.091241,0.004052
2024-01-01 00:00:17.960,1.7113,0.205656,13.845947,-0.47594,-0.08041,-0.211264
2024-01-01 00:00:17.970,1.459101,-0.824584,14.709427,-0.120719,0.149037,-0.074994
2024-01-01 00:00:17.980,2.448939,-0.867301,15.102086,0.010928,0.296652,0.106657
2024-01-01 00:00:17.990,1.891269,0.312673,13.428685,0.305702,-0.521115,-0.175656
2024-01-01 00:00:18.000,1.005255,0.21447,9.104776,-0.141952,0.022213,0.321146
2024-01-01 00:00:18.010,-0.032074,-0.024278,9.234814,0.128136,-0.347147,0.002162
2024-01-01 00:00:18.020,-0.37457,-0.590275,9.136609,0.072522,0.488358,0.007327
2024-01-01 00:00:18.030,-0.800376,-0.299446,9.972339,0.010975,-0.093625,-0.099997
2024-01-01 00:00:18.040,-0.95341,-0.111142,9.674167,0.232633,0.149275,0.074511
2024-01-01 00:00:18.050,-0.837612,-0.675063,9.340228,-0.16521,-0.007063,-0.1737
2024-01-01 00:00:18.060,0.141243,-0.312609,10.172056,-0.143797,-0.160617,0.324734
2024-01-01 00:00:18.070,0.268988,0.275936,11.267721,-0.002975,-0.184411,0.197603
2024-01-01 00:00:18.080,-0.836055,0.60375,11.196811,-0.160037,0.317136,0.147644
2024-01-01 00:00:18.090,0.473252,-0.177421,8.183335,0.127003,0.191188,-0.208564
2024-01-01 00:00:18.100,-0.255419,0.319995,10.298203,-0.178298,0.388717,0.030812
2024-01-01 00:00:18.110,0.077617,-0.809647,9.659392,0.056576,0.011091,0.181363
2024-01-01 00:00:18.120,0.852462,0.278948,9.941261,-0.025043,0.057584,0.088966
2024-01-01 00:00:18.130,0.474204,-0.34007,9.473053,0.053731,-0.053438,-0.150316
2024-01-01 00:00:18.140,-0.141986,0.130007,9.90948,-0.114935,-0.057416,-0.097514
2024-01-01 00:00:18.150,-0.471218,-0.104799,9.938091,-0.084772,-0.208377,-0.06779
2024-01-01 00:00:18.160,-1.137772,0.558535,9.320207,0.024002,0.016802,-0.090516
2024-01-01 00:00:18.170,-0.380252,-0.369886,9.051673,0.050519,-0.157849,0.229317
2024-01-01 00:00:18.180,-0.111635,0.265477,9.430403,-0.00105,0.088382,-0.288152
2024-01-01 00:00:18.190,-0.521971,-0.118232,10.008183,0.426341,0.034002,0.098388
2024-01-01 00:00:18.200,-0.069402,-0.066963,10.316751,-0.247684,0.057536,-0.193846
2024-01-01 00:00:18.210,0.040635,-0.07777,10.531933,-0.016051,0.335026,-0.144188
2024-01-01 00:00:18.220,-0.118893,-0.35772,9.391915,-0.393407,-0.007544,-0.30146
2024-01-01 00:00:18.230,-0.343689,-0.005964,10.050133,0.09302,0.151345,-0.082358
2024-01-01 00:00:18.240,0.089176,-0.0265,10.624277,-0.278812,0.410302,0.22661
2024-01-01 00:00:18.250,2.113676,0.102045,15.966093,-0.069578,0.261323,0.039724
2024-01-01 00:00:18.260,1.303451,0.035746,14.930227,-0.093016,0.230634,-0.179754
2024-01-01 00:00:18.270,2.62603,0.337552,14.793092,0.070223,-0.061338,0.152572
2024-01-01 00:00:18.280,1.827872,0.390644,15.141691,-0.138198,0.045929,0.184696
2024-01-01 00:00:18.290,1.889967,-0.444414,14.007347,-0.148826,-0.263655,0.015607
2024-01-01 00:00:18.300,0.374468,0.367491,9.646206,0.358964,0.099783,0.305212
2024-01-01 00:00:18.310,0.123313,-0.50182,10.43992,0.071142,0.054892,0.123235
2024-01-01 00:00:18.320,0.503971,0.248663,10.353087,-0.140263,0.004677,0.102398
2024-01-01 00:00:18.330,0.151817,0.26215,9.581354,-0.062708,0.205439,-0.120507
2024-01-01 00:00:18.340,-0.323826,-0.808487,9.99419,0.411339,-0.241555,0.09411
2024-01-01 00:00:18.350,0.191145,0.03933,9.112346,-0.058791,0.326973,0.032519
2024-01-01 00:00:18.360,-0.604745,-0.198174,10.405154,-0.172319,0.180353,0.077974
2024-01-01 00:00:18.370,0.057401,-0.320958,9.744163,-0.171249,-0.014127,-0.102688
2024-01-01 00:00:18.380,-0.01757,0.571411,9.576545,-0.137282,-0.029746,0.019215
2024-01-01 00:00:18.390,-0.110042,-0.276506,9.503982,-0.148624,0.096122,-0.122529
2024-01-01 00:00:18.400,-0.067964,-0.341097,9.756792,-0.319912,0.30417,-0.32207
2024-01-01 00:00:18.410,-0.995028,0.032019,9.431096,-0.28105,0.020322,0.149746
2024-01-01 00:00:18.420,-0.290138,0.290004,10.366789,-0.20733,0.028806,-0.225358
2024-01-01 00:00:18.430,0.049092,-0.059917,9.47559,0.147893,0.003624,0.016078
2024-01-01 00:00:18.440,0.084524,0.493375,11.157648,-0.095309,0.356405,0.04995
2024-01-01 00:00:18.450,-0.543383,0.224603,11.049568,-0.05179,-0.073777,0.048984
2024-01-01 00:00:18.460,0.669243,-0.921383,9.055754,0.317522,-0.005902,-0.042462
2024-01-01 00:00:18.470,-0.45799,-0.223965,9.86897,0.323752,0.292687,0.040682
2024-01-01 00:00:18.480,0.5126,-0.237659,9.259544,-0.070531,0.029402,0.070645
2024-01-01 00:00:18.490,0.225879,0.20277,9.533656,-0.157716,0.227412,0.110245
2024-01-01 00:00:18.500,-0.341693,-1.110298,11.504054,-0.216108,-0.182256,0.260016
2024-01-01 00:00:18.510,0.938696,1.078231,9.549795,0.173194,-0.041059,0.035129
2024-01-01 00:00:18.520,-0.631135,0.224624,10.114751,-0.051177,0.296887,0.009607
2024-01-01 00:00:18.530,0.486003,0.062975,10.267958,-0.096624,-0.135268,-0.136009
2024-01-01 00:00:18.540,0.529058,0.499803,8.963468,-0.203416,-0.03026,0.065392
2024-01-01 00:00:18.550,-0.35459,0.991366,9.086589,-0.192417,0.051337,0.100107
2024-01-01 00:00:18.560,0.736266,0.368326,8.789705,0.080015,-0.197831,-0.028845
2024-01-01 00:00:18.570,-0.132212,0.401348,9.060469,-0.32886,-0.082762,0.081692
2024-01-01 00:00:18.580,0.152647,0.055282,7.398875,0.248717,0.022527,-0.043877
2024-01-01 00:00:18.590,0.137645,-0.059865,10.270717,-0.133461,0.009336,0.100649
2024-01-01 00:00:18.600,-0.071016,-0.201261,11.547848,-0.037409,0.25607,0.13689
2024-01-01 00:00:18.610,0.428715,-0.349445,9.935056,-0.334244,0.308291,0.134794
2024-01-01 00:00:18.620,0.419557,-0.290607,8.611837,-0.003091,-0.171217,0.017677
2024-01-01 00:00:18.630,-0.924536,-0.571285,9.266211,-0.08208,0.022254,-0.155995
2024-01-01 00:00:18.640,0.68967,-0.032094,9.42179,-0.01252,0.13485,-0.091787
2024-01-01 00:00:18.650,-0.879043,-0.712614,8.949123,0.367927,0.303269,0.089274
2024-01-01 00:00:18.660,0.545959,0.080758,10.537715,0.044425,0.143698,0.367322
2024-01-01 00:00:18.670,0.595745,-0.015368,10.49548,-0.198665,0.058183,-0.051108
2024-01-01 00:00:18.680,-0.576848,0.062154,8.832488,-0.17783,0.133309,0.068376
2024-01-01 00:00:18.690,-0.217218,-0.220862,10.423419,0.148783,0.134754,-0.083408
2024-01-01 00:00:18.700,-0.584641,1.301512,11.101684,0.324673,-0.185543,-0.146095
2024-01-01 00:00:18.710,-0.113639,0.575329,11.419564,0.07048,0.03856,-0.101447
2024-01-01 00:00:18.720,-0.162873,-0.526441,12.233969,0.172178,0.291832,-0.312371
2024-01-01 00:00:18.730,0.412246,0.098503,9.046914,0.152434,-0.041471,0.203015
2024-01-01 00:00:18.740,0.692826,-0.257187,12.19929,0.354766,0.025889,-0.33452
2024-01-01 00:00:18.750,0.737968,-0.429125,9.510341,-0.487398,-0.048503,-0.039574
2024-01-01 00:00:18.760,-0.297246,-0.56685,9.308774,0.166805,-0.462772,-0.176719
2024-01-01 00:00:18.770,-0.110626,0.182828,10.086703,0.245934,0.004118,-0.132657
2024-01-01 00:00:18.780,-0.890118,-0.288224,9.317576,-0.334681,0.060358,0.206478
2024-01-01 00:00:18.790,-0.426104,0.40939,10.147591,-0.221417,-0.102499,0.03016
2024-01-01 00:00:18.800,0.510165,0.42037,8.693215,-0.212696,-0.230927,-0.144809
2024-01-01 00:00:18.810,0.854239,0.581166,9.608015,-0.182198,-0.176121,-0.088428
2024-01-01 00:00:18.820,-0.652662,-0.36056,10.897603,-0.120429,0.152838,-0.114822
2024-01-01 00:00:18.830,-0.313265,0.20108,9.761726,0.060651,0.394505,-0.006532
2024-01-01 00:00:18.840,1.866038,0.267528,15.09979,0.216419,0.276487,0.025934
2024-01-01 00:00:18.850,2.028135,-0.200577,15.382069,0.270329,-0.268869,0.284336
2024-01-01 00:00:18.860,1.451922,-0.32646,15.97038,-0.209456,0.170925,-0.287445
2024-01-01 00:00:18.870,2.104222,0.680827,13.57968,-0.211176,-0.132632,-0.005222
2024-01-01 00:00:18.880,1.629457,0.096231,15.474507,0.328955,-0.116453,-0.047335
2024-01-01 00:00:18.890,-0.007642,0.269014,9.583154,0.161686,-0.092395,0.141982
2024-01-01 00:00:18.900,0.288848,-0.347738,9.950976,0.020716,0.141213,0.053223
2024-01-01 00:00:18.910,0.003396,-0.515757,10.706718,0.118334,0.191851,0.088554
2024-01-01 00:00:18.920,-0.230739,-0.240877,8.799718,-0.007451,-0.019606,0.051763
2024-01-01 00:00:18.930,-0.057956,-0.052461,8.953303,0.131146,-0.016214,-0.139799
2024-01-01 00:00:18.940,-0.046722,-0.450165,8.172626,-0.084017,0.092853,0.18169
2024-01-01 00:00:18.950,-0.195643,-0.004164,9.345412,0.067201,0.113599,0.119776
2024-01-01 00:00:18.960,-0.136838,-0.714238,10.935546,-0.377637,0.235245,0.137329
2024-01-01 00:00:18.970,0.845285,-0.47378,9.707983,-0.171946,-0.256874,0.189608
2024-01-01 00:00:18.980,0.296586,0.283795,8.676254,-0.169253,0.004005,0.062651
2024-01-01 00:00:18.990,-0.156235,0.255403,9.399116,-0.093598,-0.213605,0.222149
2024-01-01 00:00:19.000,0.368515,-0.165764,8.551269,-0.231628,-0.010188,0.056646
2024-01-01 00:00:19.010,-0.176507,-0.430514,8.858093,-0.133386,-0.045235,-0.032859
2024-01-01 00:00:19.020,0.62029,-0.434592,10.138941,-0.378604,-0.00935,-0.000991
2024-01-01 00:00:19.030,0.195448,-0.157892,8.816903,0.137175,-0.159949,-0.003577
2024-01-01 00:00:19.040,-0.056736,0.272631,10.751289,-0.020628,-0.297458,-0.077909
2024-01-01 00:00:19.050,0.23673,0.392648,9.749832,-0.426302,-0.418888,0.244783
2024-01-01 00:00:19.060,-0.830601,-0.210033,9.882413,-0.208707,-0.026236,0.044444
2024-01-01 00:00:19.070,-0.595778,-0.487927,9.574496,0.08415,-0.0862,0.014211
2024-01-01 00:00:19.080,-0.631288,0.113298,10.463829,-0.135755,-0.135188,0.058241
2024-01-01 00:00:19.090,0.075581,-0.348355,10.472553,-0.174235,0.26451,0.446978
2024-01-01 00:00:19.100,0.916067,-0.219221,10.093456,-0.018648,-0.171888,-0.169759
2024-01-01 00:00:19.110,1.1798,0.560592,10.287812,0.085899,0.283367,-0.126756
2024-01-01 00:00:19.120,0.33737,0.34987,9.630572,-0.359088,0.324769,-0.207086
2024-01-01 00:00:19.130,0.264822,0.066823,10.268704,0.137532,-0.39018,-0.03489
2024-01-01 00:00:19.140,0.927691,-0.538022,14.694155,-0.200073,0.018476,0.036828
2024-01-01 00:00:19.150,1.593061,0.089421,14.981888,-0.004482,-0.079939,-0.069798
2024-01-01 00:00:19.160,1.463459,0.449504,14.747651,-0.008855,-0.582361,-0.080959
2024-01-01 00:00:19.170,1.551727,-0.158893,14.593193,-0.131767,-0.288928,0.021361
2024-01-01 00:00:19.180,1.791094,0.571521,14.397011,-0.255915,0.154987,-0.075316
2024-01-01 00:00:19.190,-0.249618,0.546831,10.205666,-0.071422,0.40384,0.046526
2024-01-01 00:00:19.200,-1.046555,0.703759,10.918773,0.406333,0.180536,0.167135
2024-01-01 00:00:19.210,0.395458,0.129118,10.800752,-0.340419,0.064726,0.101555
2024-01-01 00:00:19.220,-0.567213,0.248467,8.746946,0.423078,-0.004266,0.132152
2024-01-01 00:00:19.230,0.126502,0.598201,10.900666,-0.06493,0.336533,0.162888
2024-01-01 00:00:19.240,1.096671,0.189248,9.540838,0.008843,0.429648,0.042424
2024-01-01 00:00:19.250,-0.486125,-0.212022,10.31822,-0.271678,-0.117369,-0.023796
2024-01-01 00:00:19.260,-1.33789,-0.189734,9.043342,-0.192817,-0.399997,-0.115838
2024-01-01 00:00:19.270,-0.151225,0.100909,9.930115,-0.125727,-0.419637,-0.058677
2024-01-01 00:00:19.280,0.582132,-0.545907,10.07541,-0.261424,0.264376,-0.078553
2024-01-01 00:00:19.290,1.035476,-0.060599,8.554024,-0.052229,-0.009412,0.109751
2024-01-01 00:00:19.300,-0.650124,0.463839,10.324594,-0.101754,0.036648,0.052017
2024-01-01 00:00:19.310,0.26263,-0.9269,10.948661,0.462695,-0.35813,0.104514
2024-01-01 00:00:19.320,-0.246033,0.649086,9.662248,-0.291494,-0.150638,-0.174051
2024-01-01 00:00:19.330,-0.05602,0.474764,10.960702,0.025673,-0.059096,0.214762
2024-01-01 00:00:19.340,1.398197,-0.19448,9.649519,0.061962,0.041568,-0.064047
2024-01-01 00:00:19.350,-0.794696,0.229854,10.528749,-0.26758,-0.079718,-0.165002
2024-01-01 00:00:19.360,0.134165,0.001331,7.93309,0.171707,-0.207465,-0.065883
2024-01-01 00:00:19.370,0.247293,0.520286,11.856286,-0.099582,-0.156913,0.372565
2024-01-01 00:00:19.380,0.57411,0.415675,11.075158,-0.623097,0.241665,-0.058158
2024-01-01 00:00:19.390,0.051809,-0.59223,9.569207,0.164962,0.048957,-0.048764
2024-01-01 00:00:19.400,0.162882,0.248412,8.141613,-0.279235,0.122431,-0.028816
2024-01-01 00:00:19.410,-0.207084,-0.086981,10.053672,-0.261944,-0.179775,-0.022293
2024-01-01 00:00:19.420,0.142301,0.035038,8.588439,0.171976,-0.590765,-0.117221
2024-01-01 00:00:19.430,-0.181463,-0.308017,10.186346,-0.08679,-0.104621,0.021482
2024-01-01 00:00:19.440,0.328656,0.739462,10.158185,0.229443,-0.173314,0.161339
2024-01-01 00:00:19.450,-0.195431,0.439946,9.013573,0.302542,0.069802,0.047143
2024-01-01 00:00:19.460,0.199392,-0.312923,10.758338,-0.161232,0.657145,-0.166675
2024-01-01 00:00:19.470,-0.015473,-0.56454,10.491516,0.198316,0.139033,-0.051652
2024-01-01 00:00:19.480,0.595399,-0.16314,10.635547,-0.188865,0.547192,-0.082729
2024-01-01 00:00:19.490,-0.027174,0.183795,9.817494,0.558279,0.113754,0.007941
2024-01-01 00:00:19.500,-0.937491,0.101607,8.612467,-0.173239,-0.125977,0.199568
2024-01-01 00:00:19.510,0.667241,0.530075,10.63728,0.256522,0.069583,-0.022332
2024-01-01 00:00:19.520,-0.478906,0.334136,9.581266,0.210948,0.356128,-0.013223
2024-01-01 00:00:19.530,-0.345679,0.410128,8.634246,0.079022,0.365913,0.266647
2024-01-01 00:00:19.540,-0.314956,0.13826,10.953825,-0.167636,-0.115067,0.131431
2024-01-01 00:00:19.550,0.726734,-0.587673,11.586099,-0.037849,0.050637,0.086112
2024-01-01 00:00:19.560,-1.129238,-0.08278,9.775104,-0.538397,-0.285853,0.29372
2024-01-01 00:00:19.570,1.659085,0.448418,11.636616,0.056105,0.164934,0.073472
2024-01-01 00:00:19.580,0.55839,-0.021794,9.887252,0.087404,0.310671,-0.297979
2024-01-01 00:00:19.590,0.118038,0.212807,9.488134,0.033375,0.00796,0.1249
2024-01-01 00:00:19.600,-0.029025,-0.134831,9.276632,-0.743327,-0.133477,-0.238801
2024-01-01 00:00:19.610,0.150987,-0.43561,11.194972,-0.316409,0.072026,0.067801
2024-01-01 00:00:19.620,0.275543,-0.052175,9.149998,-0.187023,0.083492,-0.257062
2024-01-01 00:00:19.630,0.341158,0.130727,10.432038,0.072915,0.016229,-0.070028
2024-01-01 00:00:19.640,0.293776,-0.277356,9.336947,0.072335,0.035743,-0.054568
2024-01-01 00:00:19.650,0.047366,-0.099706,9.42058,-0.042556,-0.034763,-0.115518
2024-01-01 00:00:19.660,-0.104343,-0.397393,10.681591,0.158811,0.199191,-0.052328
2024-01-01 00:00:19.670,-0.079986,0.473441,9.488489,-0.256561,0.147245,0.154884
2024-01-01 00:00:19.680,-0.103058,-0.124555,9.467543,0.152559,-0.196621,-0.107093
2024-01-01 00:00:19.690,0.599481,0.614516,10.768353,0.118686,-0.202118,0.081771
2024-01-01 00:00:19.700,0.313843,0.64666,11.161398,0.094389,-0.050875,-0.144847
2024-01-01 00:00:19.710,-1.55473,-0.034282,10.355408,-0.04551,0.147367,-0.028425
2024-01-01 00:00:19.720,0.346808,-0.426574,9.256065,0.457686,0.029611,0.048576
2024-01-01 00:00:19.730,1.982967,-0.882335,14.548025,0.123299,-0.12863,-0.149479
2024-01-01 00:00:19.740,1.870108,-0.622672,15.047608,-0.242084,0.052304,-0.196758
2024-01-01 00:00:19.750,1.674571,-0.581132,15.251507,0.062076,-0.066162,0.073782
2024-01-01 00:00:19.760,2.474375,0.583093,14.144265,0.188121,0.176097,0.168462
2024-01-01 00:00:19.770,2.381005,0.048994,15.59169,-0.147027,0.066612,-0.01186
2024-01-01 00:00:19.780,-0.408659,0.164803,9.882344,0.272318,-0.063056,-0.068597
2024-01-01 00:00:19.790,0.215229,-0.939238,8.358511,0.095508,0.046304,0.023351
2024-01-01 00:00:19.800,-0.513763,-0.50674,9.024128,-0.58562,0.26301,0.008322
2024-01-01 00:00:19.810,-0.729473,0.375235,9.383507,0.074918,-0.113926,0.036435
2024-01-01 00:00:19.820,-0.331377,0.121305,9.748362,-0.101507,0.080531,-0.379237
2024-01-01 00:00:19.830,0.455991,-0.062268,11.40833,0.134295,-0.014092,-0.160366
2024-01-01 00:00:19.840,0.503965,0.238928,10.011493,0.236054,0.085397,-0.126785
2024-01-01 00:00:19.850,0.271294,0.691942,9.098707,0.048791,-0.130913,0.02263
2024-01-01 00:00:19.860,0.383394,-0.093501,9.996654,0.416313,0.022067,0.027882
2024-01-01 00:00:19.870,0.272929,0.029343,9.512134,-0.044677,0.221565,0.095427
2024-01-01 00:00:19.880,-0.339183,0.081468,10.084745,0.156204,-0.187401,0.038637
2024-01-01 00:00:19.890,0.228379,1.011862,10.30116,0.201236,-0.265881,-0.19511
2024-01-01 00:00:19.900,0.423217,-0.888028,10.833009,-0.024336,-0.258291,0.217051
2024-01-01 00:00:19.910,0.398832,0.289003,9.789454,0.194694,-0.234133,0.190788
2024-01-01 00:00:19.920,0.628638,-0.048561,11.196561,-0.148668,0.119065,-0.18873
2024-01-01 00:00:19.930,0.374516,0.239744,10.578187,-0.105642,-0.281172,0.049906
2024-01-01 00:00:19.940,0.185828,-0.278069,9.211506,-0.328122,-0.059579,-0.089314
2024-01-01 00:00:19.950,0.565842,-0.020712,11.679538,0.060352,0.123658,0.02083
2024-01-01 00:00:19.960,-0.014023,0.300927,10.086637,0.081313,0.083332,0.157997
2024-01-01 00:00:19.970,-0.466291,1.316761,9.103485,0.294816,-0.077112,0.319516
2024-01-01 00:00:19.980,-0.086222,0.341799,11.208364,0.197785,0.038185,0.112692
2024-01-01 00:00:19.990,-0.393867,-0.358732,11.5678,-0.071199,0.021429,0.04424
2024-01-01 00:00:20.000,-0.357001,-0.17925,9.782061,-0.294545,-0.044848,-0.050973
2024-01-01 00:00:20.010,-0.076414,-0.191794,9.383912,0.108213,-0.042167,0.02732
2024-01-01 00:00:20.020,-0.418992,-0.759557,9.664171,0.277688,0.447085,0.203966
2024-01-01 00:00:20.030,1.717165,-0.139628,15.584663,0.188796,0.161862,-0.006706
2024-01-01 00:00:20.040,0.878751,0.309987,16.061067,0.271119,0.49613,-0.132917
2024-01-01 00:00:20.050,1.992779,-0.539,15.462632,-0.052972,-0.099393,-0.242953
2024-01-01 00:00:20.060,1.880637,0.443508,15.066058,-0.116655,-0.016993,0.076957
2024-01-01 00:00:20.070,1.447964,0.206329,16.247318,-0.184225,-0.266425,0.037093
2024-01-01 00:00:20.080,0.348576,-0.310581,9.54534,-0.013974,-0.161913,-0.096886
2024-01-01 00:00:20.090,0.49574,-0.059867,10.682158,-0.019648,0.380383,0.153902
2024-01-01 00:00:20.100,-0.849997,0.67609,9.566299,0.051669,-0.104407,-0.063267
2024-01-01 00:00:20.110,-0.403291,0.310291,10.174645,-0.032324,0.383856,-0.020197
2024-01-01 00:00:20.120,-0.406684,0.003715,9.713926,-0.033407,-0.248672,-0.0025
2024-01-01 00:00:20.130,-0.496974,-0.10054,9.762749,-0.194174,-0.210694,-0.052643
2024-01-01 00:00:20.140,0.438585,0.032406,9.490731,0.235405,-0.068246,0.03538
2024-01-01 00:00:20.150,-0.102486,-0.216476,10.947747,0.01913,-0.01275,0.172727
2024-01-01 00:00:20.160,-0.139862,-0.890309,9.189945,-0.043611,0.184617,-0.171372
2024-01-01 00:00:20.170,-1.059542,0.863841,9.183764,-0.186857,0.090154,0.073278
2024-01-01 00:00:20.180,0.335977,0.065702,11.604361,-0.332978,-0.083263,0.025824
2024-01-01 00:00:20.190,-0.655258,0.168416,10.637259,0.326991,-0.026663,0.023065
2024-01-01 00:00:20.200,0.031689,-0.024495,7.792194,0.13866,-0.063813,0.130777
2024-01-01 00:00:20.210,0.146663,-0.310954,9.331791,-0.405979,-0.182931,0.007395
2024-01-01 00:00:20.220,0.719448,-0.078646,8.277057,0.190786,-0.177593,0.072034
2024-01-01 00:00:20.230,-0.692039,-0.676544,9.005716,0.23062,0.205577,0.10738
2024-01-01 00:00:20.240,-1.596567,0.963208,7.154817,0.031094,-0.365633,-0.075655
2024-01-01 00:00:20.250,0.09721,-0.522199,9.694107,0.399528,0.323472,0.044878
2024-01-01 00:00:20.260,0.95202,-0.436522,8.843917,0.05418,-0.068599,-0.037618
2024-01-01 00:00:20.270,0.655093,-0.18623,9.86068,-0.354206,-0.154502,-0.019902
2024-01-01 00:00:20.280,0.110857,0.544856,8.435147,0.091292,0.147952,-0.048309
2024-01-01 00:00:20.290,-0.259953,0.006137,9.880143,0.061224,0.297043,0.070662
2024-01-01 00:00:20.300,0.426766,-0.522885,9.458981,-0.150824,0.223526,0.012247
2024-01-01 00:00:20.310,-0.514763,0.530585,11.080652,0.14339,0.10037,0.059182
2024-01-01 00:00:20.320,0.251874,0.309213,11.004008,-0.416916,0.217373,-0.002628
2024-01-01 00:00:20.330,0.267267,0.227758,10.474402,0.247642,-0.3433,-0.240618
2024-01-01 00:00:20.340,0.560586,0.302756,9.533685,-0.21953,-0.104366,0.004705
2024-01-01 00:00:20.350,1.45917,1.012815,11.489632,-0.246237,-0.182234,0.009531
2024-01-01 00:00:20.360,0.20749,0.924295,8.496132,-0.028456,0.244928,0.036389
2024-01-01 00:00:20.370,-0.269115,-0.290481,8.622589,0.108243,-0.076696,-0.089059
2024-01-01 00:00:20.380,-0.013522,0.686903,9.739119,0.040981,0.169081,-0.17932
2024-01-01 00:00:20.390,-0.935399,0.16208,11.716916,-0.185665,0.107171,0.093691
2024-01-01 00:00:20.400,-0.36733,0.211118,9.638821,-0.126522,-0.172461,-0.041041
2024-01-01 00:00:20.410,-0.216408,-0.715831,9.654975,-0.283261,-0.117392,0.025687
2024-01-01 00:00:20.420,-0.277112,-0.072073,8.590144,-0.05617,0.258764,-0.042219
2024-01-01 00:00:20.430,0.080558,-0.343824,10.610256,0.268755,-0.155097,-0.000909
2024-01-01 00:00:20.440,-0.434855,0.350269,10.616387,-0.001066,0.024974,-0.067393
2024-01-01 00:00:20.450,0.592745,0.453067,10.477558,0.214854,-0.156508,-0.145213
2024-01-01 00:00:20.460,0.000109,-0.877508,9.277679,0.36385,-0.06279,0.07106
2024-01-01 00:00:20.470,-0.004918,-0.009321,9.212126,-0.147005,-0.009232,-0.090468
2024-01-01 00:00:20.480,-0.173374,0.474547,8.716019,-0.046643,-0.156573,0.024593
2024-01-01 00:00:20.490,0.082057,-0.078965,9.880956,0.542798,-0.192089,0.061569
2024-01-01 00:00:20.500,0.436271,0.308394,8.895975,0.361086,0.057255,-0.088022
2024-01-01 00:00:20.510,-0.458495,0.148543,8.813906,-0.418101,-0.168947,-0.180583
2024-01-01 00:00:20.520,-0.347979,0.144522,9.451558,0.096787,-0.162132,0.363913
2024-01-01 00:00:20.530,-0.160595,-0.114766,9.396174,0.00014,-0.187811,-0.079166
2024-01-01 00:00:20.540,-0.711629,-0.514614,9.35487,0.206613,-0.015582,0.093513
2024-01-01 00:00:20.550,-0.433183,-0.474407,10.204612,-0.186245,0.18874,0.29092
2024-01-01 00:00:20.560,-0.251802,0.300056,9.876874,-0.209902,0.301306,0.118486
2024-01-01 00:00:20.570,0.462333,0.008231,9.56622,-0.169018,-0.145184,-0.045066
2024-01-01 00:00:20.580,0.138829,-0.058591,9.964829,-0.142982,0.430062,-0.010067
2024-01-01 00:00:20.590,0.102361,-0.179305,8.971168,0.203831,-0.200941,-0.124891
2024-01-01 00:00:20.600,0.449912,-0.129095,9.899066,-0.2953,0.21671,0.132254
2024-01-01 00:00:20.610,-0.072635,0.442844,9.93741,-0.155653,-0.144339,0.084941
2024-01-01 00:00:20.620,2.086458,-0.141808,13.708422,-0.447253,-0.174185,-0.077164
2024-01-01 00:00:20.630,1.825421,-0.56727,15.822357,0.251779,-0.148951,-0.156326
2024-01-01 00:00:20.640,2.02031,0.314565,14.234307,0.317758,-0.01049,-0.198185
2024-01-01 00:00:20.650,1.571866,-0.086663,15.056402,-0.081768,0.115994,0.147977
2024-01-01 00:00:20.660,0.590475,0.01328,15.965092,-0.074487,0.133974,0.018056
2024-01-01 00:00:20.670,-0.071,0.680006,10.593123,0.113305,-0.188797,0.032248
2024-01-01 00:00:20.680,0.752278,-0.008697,9.839046,0.368621,-0.197932,-0.123442
2024-01-01 00:00:20.690,0.489736,0.122325,9.503326,0.102153,-0.183328,-0.219525
2024-01-01 00:00:20.700,0.510454,-0.498685,10.611595,-0.174385,-0.022271,0.144392
2024-01-01 00:00:20.710,0.653604,-0.09292,10.380792,-0.404706,-0.042031,0.006306
2024-01-01 00:00:20.720,0.046878,0.25783,9.286863,-0.278782,-0.190035,0.136085
2024-01-01 00:00:20.730,0.104331,-0.657923,9.13752,0.018305,0.053921,-0.05789
2024-01-01 00:00:20.740,-0.326583,0.084957,8.056788,-0.163832,0.452514,-0.035523
2024-01-01 00:00:20.750,-0.167124,0.042635,9.940311,0.048742,-0.100943,0.106995
2024-01-01 00:00:20.760,0.325589,0.017465,9.740038,-0.138231,-0.086702,0.109852
2024-01-01 00:00:20.770,0.636554,0.438718,10.771218,-0.264537,0.111932,0.119635
2024-01-01 00:00:20.780,-0.073732,0.141467,10.113761,-0.294258,-0.111763,-0.04428
2024-01-01 00:00:20.790,-0.238038,0.625224,10.938758,0.390589,0.133793,0.092182
2024-01-01 00:00:20.800,0.000279,-0.420288,9.22003,0.222247,-0.143709,0.166365
2024-01-01 00:00:20.810,0.317888,0.057496,10.772875,0.432629,0.366424,-0.015716
2024-01-01 00:00:20.820,-0.763438,0.035729,9.362537,0.134988,0.068955,-0.077023
2024-01-01 00:00:20.830,-1.214106,-0.452295,10.467846,-0.107498,-0.124005,0.201412
2024-01-01 00:00:20.840,-0.291096,0.404513,8.57589,0.330835,-0.117738,-0.098167
2024-01-01 00:00:20.850,-0.645452,0.983337,10.008924,-0.008267,-0.10276,0.094421
2024-01-01 00:00:20.860,-0.268679,-0.007194,8.130954,0.05521,0.27455,-0.008763
2024-01-01 00:00:20.870,-0.078139,0.213624,9.584002,-0.010706,-0.25375,-0.276235
2024-01-01 00:00:20.880,-0.239655,0.035751,10.182539,-0.736726,-0.133588,0.169289
2024-01-01 00:00:20.890,0.767992,-0.301846,9.369261,0.401184,-0.112332,-0.413678
2024-01-01 00:00:20.900,0.172766,-0.770182,8.92133,0.122751,-0.003138,-0.297619
2024-01-01 00:00:20.910,0.158876,-0.298542,10.525816,0.082456,-0.054222,0.0791
2024-01-01 00:00:20.920,2.208992,-0.588798,14.89247,-0.015444,-0.298246,0.079061
2024-01-01 00:00:20.930,1.277842,0.720835,14.565823,0.040857,-0.079965,-0.095637
2024-01-01 00:00:20.940,2.42943,-0.048691,15.015444,-0.14932,-0.01991,0.022173
2024-01-01 00:00:20.950,1.83994,-0.146324,17.210622,0.154145,-0.12562,-0.379715
2024-01-01 00:00:20.960,2.234517,0.376112,15.955863,-0.326775,0.137355,0.106046
2024-01-01 00:00:20.970,-0.566745,-0.474501,10.793537,0.046517,0.183882,0.037459
2024-01-01 00:00:20.980,-0.82155,-0.324383,10.178472,0.140393,-0.015677,-0.006846
2024-01-01 00:00:20.990,0.432459,0.028795,9.950847,-0.049667,0.046108,0.003126
2024-01-01 00:00:21.000,0.199027,0.435169,7.782914,0.092717,-0.432211,0.073988
2024-01-01 00:00:21.010,-0.47696,0.212213,9.235583,-0.247834,-0.084221,-0.004335
2024-01-01 00:00:21.020,-0.459834,0.105042,9.403434,-0.241457,0.200964,-0.281108
2024-01-01 00:00:21.030,0.595074,0.033044,8.223841,0.059179,-0.084687,0.32945
2024-01-01 00:00:21.040,-0.628902,0.1693,8.830826,0.169637,-0.147452,0.18012
2024-01-01 00:00:21.050,0.868563,0.085299,8.134212,-0.468716,0.455538,-0.192742
2024-01-01 00:00:21.060,-0.476203,-0.435678,9.777578,0.130505,0.363815,-0.051771
2024-01-01 00:00:21.070,0.33755,0.019492,10.502676,-0.1358,0.093515,-0.035405
2024-01-01 00:00:21.080,-0.173757,-0.45417,10.746331,-0.048202,0.227782,0.161827
2024-01-01 00:00:21.090,0.318935,0.034298,10.160908,-0.334879,-0.445187,-0.32389
2024-01-01 00:00:21.100,-0.2877,-0.203314,8.994967,-0.212904,-0.15751,-0.074851
2024-01-01 00:00:21.110,-0.086077,1.074158,8.175473,0.241531,-0.093992,-0.264095
2024-01-01 00:00:21.120,0.021636,-0.016875,8.323689,0.008216,-0.047196,-0.042764
2024-01-01 00:00:21.130,-0.529907,-0.593993,8.736441,-0.095695,-0.097989,-0.070875
2024-01-01 00:00:21.140,0.391711,-0.056758,9.058025,-0.029122,-0.510005,0.011954
2024-01-01 00:00:21.150,-0.271362,0.219689,9.674853,0.122303,0.077205,-0.090731
2024-01-01 00:00:21.160,-0.120872,0.707833,8.952017,0.110124,0.108731,-0.112654
2024-01-01 00:00:21.170,-0.525762,-0.249338,10.096774,-0.018757,0.32038,0.092949
2024-01-01 00:00:21.180,-1.354834,-0.669367,9.613497,0.27324,-0.157662,0.068201
2024-01-01 00:00:21.190,-0.101006,0.345522,9.818922,0.242616,-0.174033,0.08271
2024-01-01 00:00:21.200,1.27567,-0.583993,10.774652,0.103343,-0.535997,-0.026535
2024-01-01 00:00:21.210,0.41486,-0.184494,8.811524,0.013653,-0.058713,-0.085761
2024-01-01 00:00:21.220,-0.010184,-0.108973,10.164224,0.16433,0.180222,-0.017828
2024-01-01 00:00:21.230,-0.139004,-0.029455,9.798179,0.078567,-0.122354,0.075174
2024-01-01 00:00:21.240,0.011879,0.291517,9.527871,0.2652,0.428689,-0.326517
2024-01-01 00:00:21.250,0.289289,-0.289177,10.558927,0.22489,-0.051319,0.059117
2024-01-01 00:00:21.260,-0.624355,-0.115787,10.553646,-0.254563,0.029398,0.046371
2024-01-01 00:00:21.270,0.589198,-0.006036,9.009269,-0.271491,-0.272621,0.009323
2024-01-01 00:00:21.280,0.378258,0.06328,9.655892,-0.175312,0.057444,-0.022397
2024-01-01 00:00:21.290,0.379741,0.041381,10.047905,0.244035,-0.395864,-0.384918
2024-01-01 00:00:21.300,0.231844,0.18443,9.579036,-0.394077,0.13874,-0.065978
2024-01-01 00:00:21.310,0.010372,0.356944,10.304928,0.098689,0.144886,0.268416
2024-01-01 00:00:21.320,0.355775,0.166084,10.047888,0.090636,0.271858,0.001935
2024-01-01 00:00:21.330,0.312922,0.191867,11.360347,0.290662,-0.203994,-0.046093
2024-01-01 00:00:21.340,-0.187199,-0.66928,8.515384,0.045085,0.032112,0.002536
2024-01-01 00:00:21.350,-0.303292,0.021246,9.706419,-0.335802,0.112763,0.053216
2024-01-01 00:00:21.360,0.053857,0.202832,9.041407,-0.239839,0.088456,0.098823
2024-01-01 00:00:21.370,0.819044,0.308342,10.321075,-0.295499,-0.17306,-0.034332
2024-01-01 00:00:21.380,-0.655178,-0.292864,8.441873,-0.134486,-0.478396,0.063738
2024-01-01 00:00:21.390,-0.775954,-0.278774,10.102981,-0.045725,0.069392,0.251498
2024-01-01 00:00:21.400,0.087117,-0.242845,9.276979,-0.29136,-0.0305,0.150938
2024-01-01 00:00:21.410,0.026907,0.226903,9.188899,0.367665,-0.113334,0.351045
2024-01-01 00:00:21.420,0.091654,0.437332,8.586263,-0.33132,0.152789,-0.098516
2024-01-01 00:00:21.430,0.12899,-0.172356,9.416546,0.336526,-0.008984,0.251428
2024-01-01 00:00:21.440,-0.118018,0.384068,10.727487,0.296291,-0.263839,-0.118601
2024-01-01 00:00:21.450,0.787765,0.052232,9.78869,0.224576,-0.38629,0.053035
2024-01-01 00:00:21.460,-0.846478,-0.052573,10.341018,-0.173442,-0.225793,0.109871
2024-01-01 00:00:21.470,-0.438068,-0.089416,11.218287,0.085613,0.478602,-0.076617
2024-01-01 00:00:21.480,-0.054596,0.315817,10.033137,-0.319343,0.144555,0.013195
2024-01-01 00:00:21.490,-0.868836,0.137719,9.337256,0.227727,0.037722,0.136569
2024-01-01 00:00:21.500,-0.092983,0.962674,10.205295,-0.018496,-0.036332,-0.106541
2024-01-01 00:00:21.510,2.758502,-0.360491,14.519525,-0.10233,-0.049479,0.250408
2024-01-01 00:00:21.520,1.891044,0.219157,14.553258,-0.305936,0.233439,-0.207689
2024-01-01 00:00:21.530,2.001983,-0.223852,13.694171,-0.619377,-0.098119,0.290954
2024-01-01 00:00:21.540,1.213688,-0.367708,15.763614,-0.259635,0.115384,0.150199
2024-01-01 00:00:21.550,1.554099,-0.004597,14.653442,0.2782,-0.069686,-0.013459
2024-01-01 00:00:21.560,-0.198385,0.0581,9.964055,-0.100708,0.388031,-0.0604
2024-01-01 00:00:21.570,-0.167992,1.234387,8.933576,-0.042332,0.148458,-0.076054
2024-01-01 00:00:21.580,0.677669,-0.077894,10.178812,0.163889,0.249111,-0.020369
2024-01-01 00:00:21.590,0.294879,-0.478066,9.165398,0.451417,-0.116882,-0.007274
2024-01-01 00:00:21.600,-0.587683,0.115484,9.690114,0.331251,0.211627,0.188284
2024-01-01 00:00:21.610,0.130339,-0.877573,10.552641,-0.243084,-0.062515,0.295298
2024-01-01 00:00:21.620,0.263435,-0.038898,10.478982,-0.485643,0.022007,0.029907
2024-01-01 00:00:21.630,0.602854,0.006779,9.791363,0.589904,0.32701,-0.126844
2024-01-01 00:00:21.640,0.835711,0.336116,8.314161,0.567248,-0.208555,-0.081859
2024-01-01 00:00:21.650,-0.536731,0.411842,12.341918,0.047113,0.04065,-0.027464
2024-01-01 00:00:21.660,-0.428741,-0.21301,11.286997,-0.317622,0.087601,-0.154518
2024-01-01 00:00:21.670,-0.664944,-0.06371,10.421383,0.240807,0.104001,-0.176841
2024-01-01 00:00:21.680,-0.123738,-0.324069,9.17279,-0.026996,-0.090157,0.314569
2024-01-01 00:00:21.690,0.246587,-0.47717,9.713901,-0.028245,0.417253,0.045392
2024-01-01 00:00:21.700,0.522053,0.131085,9.350266,0.223615,-0.258986,-0.12497
2024-01-01 00:00:21.710,-0.040159,-0.538727,10.879222,0.083594,0.291777,0.122491
2024-01-01 00:00:21.720,-0.169119,-0.175387,10.032077,-0.296454,0.243013,-0.176752
2024-01-01 00:00:21.730,0.080242,-0.420959,9.146597,-0.081185,0.380178,-0.164402
2024-01-01 00:00:21.740,-0.441582,0.232516,9.411741,0.165288,-0.317645,-0.120456
2024-01-01 00:00:21.750,1.104844,0.762005,10.758525,0.127563,-0.173766,0.248177
2024-01-01 00:00:21.760,-0.850051,-0.550572,11.163683,0.065504,0.298389,-0.037932
2024-01-01 00:00:21.770,0.097682,-0.783827,11.102969,0.233356,-0.375408,-0.366256
2024-01-01 00:00:21.780,1.069982,-0.052827,10.450449,-0.090429,-0.321292,0.18151
2024-01-01 00:00:21.790,0.003595,0.00664,9.596279,0.044667,-0.097662,-0.045957
2024-01-01 00:00:21.800,-0.100483,0.092493,7.067679,-0.843895,0.038399,-0.277411
2024-01-01 00:00:21.810,1.691001,-0.188794,15.231397,-0.112413,0.318445,-0.047503
2024-01-01 00:00:21.820,1.784618,-0.08487,14.978453,0.190976,-0.037053,0.078151
2024-01-01 00:00:21.830,2.605894,0.155457,15.098425,-0.097599,-0.121648,0.060607
2024-01-01 00:00:21.840,0.710478,0.440102,15.025597,-0.116557,0.062278,0.269762
2024-01-01 00:00:21.850,2.690803,-0.826986,13.857982,-0.260363,0.093919,-0.127915
2024-01-01 00:00:21.860,-0.752917,-0.156061,10.281568,0.250841,0.088248,0.007008
2024-01-01 00:00:21.870,-0.140992,0.090441,10.344855,0.137116,-0.035597,-0.104935
2024-01-01 00:00:21.880,-0.226963,-0.388304,10.387259,0.206354,-0.391017,-0.231329
2024-01-01 00:00:21.890,0.311198,0.732285,10.610804,-0.431553,-0.183523,0.132829
2024-01-01 00:00:21.900,-0.845008,-0.268778,10.321028,-0.040113,0.284054,0.06949
2024-01-01 00:00:21.910,0.244374,-0.017467,9.463115,-0.070028,0.037414,0.042552
2024-01-01 00:00:21.920,1.070354,0.235197,9.750072,-0.070143,-0.064504,0.064019
2024-01-01 00:00:21.930,-0.720778,-0.250113,9.887092,-0.154007,0.223634,-0.102821
2024-01-01 00:00:21.940,0.100307,-0.7811,9.901114,-0.086526,-0.226023,-0.150854
2024-01-01 00:00:21.950,-0.350023,-0.181321,10.654492,0.212411,-0.04507,0.005647
2024-01-01 00:00:21.960,0.225188,0.435453,10.354544,-0.478213,0.027552,0.174182
2024-01-01 00:00:21.970,0.010124,-0.142507,11.567433,0.444324,-0.088276,0.241212
2024-01-01 00:00:21.980,-0.339186,-0.358042,11.676673,0.12096,0.020153,0.119315
2024-01-01 00:00:21.990,0.257962,0.391559,9.877384,-0.010583,-0.037539,0.004376
2024-01-01 00:00:22.000,0.954049,-0.139918,6.564189,0.226709,-0.279869,0.040468
2024-01-01 00:00:22.010,-0.10094,-0.215798,10.85636,-0.362959,0.036296,0.001739
2024-01-01 00:00:22.020,0.380572,0.06322,9.352842,-0.166175,-0.26567,-0.153892
2024-01-01 00:00:22.030,-0.683818,0.326027,9.131945,-0.030269,0.033123,0.003697
2024-01-01 00:00:22.040,-0.505716,1.007465,9.472915,0.34139,0.274827,-0.200224
2024-01-01 00:00:22.050,0.249785,0.349921,9.43214,-0.011624,-0.056205,-0.018612
2024-01-01 00:00:22.060,0.784726,0.490612,10.32798,0.112514,-0.234297,0.245416
2024-01-01 00:00:22.070,0.188031,-0.214024,8.490717,-0.147395,-0.025398,0.123429
2024-01-01 00:00:22.080,-0.165529,-0.433942,8.898248,0.121711,-0.166394,-0.138468
2024-01-01 00:00:22.090,-0.000375,0.026366,10.100312,0.41931,0.118902,-0.010864
2024-01-01 00:00:22.100,-0.661153,0.045333,10.337011,0.248882,-0.029598,-0.125156
2024-01-01 00:00:22.110,0.319637,-0.456211,10.352744,-0.020364,0.341953,-0.009377
2024-01-01 00:00:22.120,0.466534,-0.07415,9.144167,0.168873,0.232598,0.156166
2024-01-01 00:00:22.130,-0.239043,0.168911,8.982387,0.144379,-0.030616,0.097951
2024-01-01 00:00:22.140,-0.248535,0.152446,9.381387,0.126647,0.143122,0.372622
2024-01-01 00:00:22.150,0.140583,0.213314,10.012932,0.277988,-0.078647,0.178872
2024-01-01 00:00:22.160,-0.230916,0.123078,11.066714,0.276119,0.006791,0.0306
2024-01-01 00:00:22.170,-0.034968,-0.214465,8.077868,-0.03179,-0.072287,0.101572
2024-01-01 00:00:22.180,1.110228,-0.21738,9.623263,0.16047,0.153291,-0.030366
2024-01-01 00:00:22.190,-0.130615,-0.507156,8.682554,-0.095774,0.286598,-0.169126
2024-01-01 00:00:22.200,-0.189472,0.75496,8.412203,-0.230768,0.15973,0.195866
2024-01-01 00:00:22.210,-0.342388,0.00569,10.628045,-0.067373,0.184387,0.151349
2024-01-01 00:00:22.220,0.393492,-0.095113,10.270752,-0.01907,0.184607,-0.036158
2024-01-01 00:00:22.230,-0.095822,-0.392879,10.190221,-0.415395,0.110251,0.04109
2024-01-01 00:00:22.240,-0.343356,1.241783,10.589188,0.215083,-0.227857,0.186141
2024-01-01 00:00:22.250,0.69864,-0.454018,9.404158,-0.691831,0.340194,0.126953
2024-01-01 00:00:22.260,0.750615,-0.181403,9.443989,0.678704,0.360882,-0.219465
2024-01-01 00:00:22.270,-0.317474,0.175899,11.659128,0.37547,-0.046776,0.036543
2024-01-01 00:00:22.280,-0.986933,0.25389,9.601401,-0.065252,-0.07414,-0.025145
2024-01-01 00:00:22.290,0.532723,0.405205,10.431922,0.002357,0.122482,0.16695
2024-01-01 00:00:22.300,-0.361998,0.764618,9.815399,0.075743,0.110163,0.154656
2024-01-01 00:00:22.310,0.418043,0.214105,8.246373,-0.14729,-0.040389,0.197791
2024-01-01 00:00:22.320,-1.041692,-0.446701,8.080244,0.048155,-0.250005,-0.167684
2024-01-01 00:00:22.330,0.471961,-0.108688,9.320179,-0.036,0.06114,-0.117617
2024-01-01 00:00:22.340,-0.640407,0.130213,10.703462,-0.023568,0.110287,0.167112
2024-01-01 00:00:22.350,0.386392,0.87486,10.476895,0.045365,0.145164,-0.088747
2024-01-01 00:00:22.360,0.007547,-0.591272,10.583309,-0.328382,0.069859,-0.228215
2024-01-01 00:00:22.370,-0.504395,0.50869,8.974959,0.009892,-0.054223,0.079889
2024-01-01 00:00:22.380,-0.21522,0.076104,11.177028,0.040862,0.1988,-0.082083
2024-01-01 00:00:22.390,0.362891,0.354402,8.9937,0.032212,0.01317,0.268469
2024-01-01 00:00:22.400,1.935992,-0.043144,15.160049,-0.053958,-0.092985,0.044428
2024-01-01 00:00:22.410,2.189008,-0.356349,14.971242,0.284464,-0.036131,0.024039
2024-01-01 00:00:22.420,2.925043,0.317619,14.832903,-0.088413,-0.349194,-0.055387
2024-01-01 00:00:22.430,1.052907,0.276824,16.112449,0.056831,-0.036448,0.238625
2024-01-01 00:00:22.440,2.735101,0.41118,14.383476,0.324324,0.137687,0.053783
2024-01-01 00:00:22.450,0.055178,-0.005628,8.668234,-0.019844,0.067957,-0.061275
2024-01-01 00:00:22.460,-0.475232,-0.253725,9.826916,0.053616,0.304133,-0.119113
2024-01-01 00:00:22.470,-0.703403,-0.659367,9.471747,-0.024096,-0.052595,-0.011021
2024-01-01 00:00:22.480,-0.099997,0.346595,12.667266,0.309342,0.097463,-0.146647
2024-01-01 00:00:22.490,0.487322,0.179305,10.382325,-0.064431,0.158548,0.154332
2024-01-01 00:00:22.500,-0.067442,-0.408526,9.463698,0.320839,0.468571,-0.271251
2024-01-01 00:00:22.510,0.799023,-0.227817,8.91653,-0.025897,0.028953,-0.020927
2024-01-01 00:00:22.520,-0.767309,-0.197439,8.219276,-0.214865,-0.208837,0.09152
2024-01-01 00:00:22.530,-0.006392,-0.627302,8.942665,0.169843,0.169586,0.051318
2024-01-01 00:00:22.540,-0.662203,-0.34588,9.907241,-0.076167,0.373145,-0.107592
2024-01-01 00:00:22.550,0.19227,-0.47961,11.01752,0.155125,-0.06451,0.099039
2024-01-01 00:00:22.560,0.468942,-0.174479,10.758949,-0.682351,0.168216,-0.132906
2024-01-01 00:00:22.570,-0.222478,-0.312469,10.003814,0.001301,0.245746,-0.003358
2024-01-01 00:00:22.580,-1.376978,-0.688223,9.5366,-0.114901,0.203413,0.097776
2024-01-01 00:00:22.590,0.105194,0.855556,10.037415,-0.265815,0.025112,0.069437
2024-01-01 00:00:22.600,0.230926,0.529825,9.371232,-0.13831,-0.139695,-0.101256
2024-01-01 00:00:22.610,0.213771,-0.329525,11.263736,-0.143426,-0.016256,0.179624
2024-01-01 00:00:22.620,0.65342,0.115234,9.649945,-0.011996,0.09172,0.013004
2024-01-01 00:00:22.630,-0.56632,0.176588,9.736958,-0.341832,0.181645,0.111449
2024-01-01 00:00:22.640,0.359664,0.503829,7.935414,0.079068,0.066789,0.229365
2024-01-01 00:00:22.650,0.630538,-0.34627,9.644662,0.341554,-0.075982,0.167628
2024-01-01 00:00:22.660,-0.940428,0.461961,10.517666,0.070232,0.111076,0.168019
2024-01-01 00:00:22.670,0.169016,-0.231764,8.906707,0.202247,0.172017,0.028902
2024-01-01 00:00:22.680,-0.266585,-0.56507,9.174891,0.273641,0.075922,0.11909
2024-01-01 00:00:22.690,-0.043105,0.30631,10.480634,0.309122,-0.167237,0.032039
2024-01-01 00:00:22.700,2.063834,0.545991,13.730748,0.467535,-0.036281,-0.181399
2024-01-01 00:00:22.710,1.622378,1.094685,15.8749,-0.1248,0.189564,0.045412
2024-01-01 00:00:22.720,1.522719,-0.507484,14.529806,-0.179621,-0.276604,0.038454
2024-01-01 00:00:22.730,1.898058,0.295643,14.651271,0.195866,-0.418636,0.087559
2024-01-01 00:00:22.740,1.305119,-0.173346,14.029199,0.177067,0.301617,-0.0192
2024-01-01 00:00:22.750,-0.57413,0.331361,10.129827,0.193919,0.102283,-0.114218
2024-01-01 00:00:22.760,0.359219,-0.622017,11.891052,0.472321,0.121346,0.098476
2024-01-01 00:00:22.770,-0.607425,-0.534152,10.471147,0.002842,-0.215363,-0.196991
2024-01-01 00:00:22.780,0.352313,-0.328195,9.078815,0.106539,0.147506,0.218823
2024-01-01 00:00:22.790,0.244595,0.033402,10.770735,-0.245097,0.05505,-0.034713
2024-01-01 00:00:22.800,-0.91252,-0.271177,9.542089,0.53383,-0.316866,0.036829
2024-01-01 00:00:22.810,-0.358262,0.27878,10.972814,-0.084136,0.284857,0.083784
2024-01-01 00:00:22.820,0.631385,0.434376,10.492448,-0.077054,0.031737,0.088603
2024-01-01 00:00:22.830,-0.518791,0.253621,7.320102,-0.086687,-0.079217,-0.211348
2024-01-01 00:00:22.840,-0.245554,0.684747,8.960549,-0.161224,-0.075598,0.123613
2024-01-01 00:00:22.850,0.244315,0.175895,10.60895,-0.182359,-0.403044,0.045473
2024-01-01 00:00:22.860,0.414218,-0.514747,9.938302,-0.130926,0.118667,-0.095289
2024-01-01 00:00:22.870,-0.133001,0.576708,8.943902,-0.341449,0.052371,-0.11245
2024-01-01 00:00:22.880,-0.315934,-0.255981,9.273983,-0.196329,-0.038816,-0.050108
2024-01-01 00:00:22.890,0.752078,0.385107,8.197324,0.487241,0.255697,-0.194811
2024-01-01 00:00:22.900,0.919443,0.66569,9.735236,0.183914,-0.276772,0.25834
2024-01-01 00:00:22.910,0.517571,0.193179,11.680244,0.231476,-0.119354,0.222923
2024-01-01 00:00:22.920,0.045112,-0.632875,10.490974,0.294302,-0.170002,0.067755
2024-01-01 00:00:22.930,-0.427371,-0.388404,11.663093,0.458534,-0.055759,-0.03351
2024-01-01 00:00:22.940,-0.439097,0.559521,10.556508,-0.442856,0.013494,-0.029566
2024-01-01 00:00:22.950,0.276279,-0.071539,10.679248,-0.307471,0.086003,0.11371
2024-01-01 00:00:22.960,0.221228,0.03366,11.480071,-0.200931,-0.069395,0.263674
2024-01-01 00:00:22.970,0.741095,0.320983,10.129165,-0.117432,-0.175471,-0.08556
2024-01-01 00:00:22.980,0.343925,0.294545,9.651606,-0.075142,0.337201,-0.167638
2024-01-01 00:00:22.990,-0.794754,0.117932,10.683628,-0.111744,0.482328,0.232146
2024-01-01 00:00:23.000,0.556217,-0.088267,11.039949,0.054827,0.028657,-0.268071
2024-01-01 00:00:23.010,-0.527725,-0.132259,9.40395,0.008824,-0.151356,-0.15128
2024-01-01 00:00:23.020,-0.203025,0.362891,9.199553,-0.180709,0.295091,-0.037029
2024-01-01 00:00:23.030,0.132293,0.23416,9.927472,-0.543887,-0.289351,-0.234065
2024-01-01 00:00:23.040,1.055209,-0.108838,10.513448,-0.248217,-0.066955,0.166822
2024-01-01 00:00:23.050,1.644369,0.457734,10.485185,-0.13731,-0.139223,0.128536
2024-01-01 00:00:23.060,0.320805,-0.054581,8.605154,-0.06177,-0.231907,-0.086219
2024-01-01 00:00:23.070,-0.096865,-0.360253,11.427219,-0.282417,-0.056005,0.191942
2024-01-01 00:00:23.080,0.28262,-0.321045,9.267574,-0.122702,-0.172834,0.217394
2024-01-01 00:00:23.090,0.469348,-0.414007,9.585755,-0.282747,0.002531,-0.016976
2024-01-01 00:00:23.100,-0.169553,-0.115229,9.046354,-0.031455,0.005435,-0.0676
2024-01-01 00:00:23.110,0.949218,0.521865,12.092786,-0.268273,-0.124266,0.33894
2024-01-01 00:00:23.120,0.12165,-0.340555,10.014792,-0.212226,-0.074103,0.108174
2024-01-01 00:00:23.130,0.263182,0.079725,9.090075,-0.327171,-0.04617,0.038449
2024-01-01 00:00:23.140,0.352107,-0.27778,10.540879,-0.038375,0.161969,0.204532
2024-01-01 00:00:23.150,0.222914,-0.110111,10.460689,-0.216612,-0.029686,0.04529
2024-01-01 00:00:23.160,0.44359,-0.638747,9.651183,0.226696,0.16494,-0.075843
2024-01-01 00:00:23.170,-0.326373,-0.093288,10.521153,0.101463,0.117163,0.012024
2024-01-01 00:00:23.180,-0.295202,-0.081937,9.111803,-0.017463,0.114306,0.155798
2024-01-01 00:00:23.190,-0.581707,0.228542,9.392991,-0.199371,0.277569,-0.298828
2024-01-01 00:00:23.200,0.232386,0.094448,8.109357,0.09513,-0.223878,-0.043205
2024-01-01 00:00:23.210,0.411863,-0.50692,8.689937,0.172675,-0.094637,0.207459
2024-01-01 00:00:23.220,0.242047,0.458616,11.339256,0.035672,0.35266,-0.07678
2024-01-01 00:00:23.230,0.885388,0.088958,11.198649,0.400925,-0.051463,0.231916
2024-01-01 00:00:23.240,-0.002959,0.08392,9.865657,0.114909,-0.563025,0.212212
2024-01-01 00:00:23.250,0.353597,-0.003884,11.21684,0.228402,-0.040594,-0.009829
2024-01-01 00:00:23.260,-0.577237,-0.219011,9.674577,0.033391,0.026988,-0.085281
2024-01-01 00:00:23.270,-0.204679,0.09213,9.604075,0.168916,-0.523423,-0.043104
2024-01-01 00:00:23.280,0.367766,0.201174,9.857808,-0.199195,0.266787,0.399692
2024-01-01 00:00:23.290,2.328963,-0.738937,14.874316,-0.1146,-0.142742,0.281164
2024-01-01 00:00:23.300,1.724565,-0.227896,14.797944,0.087341,0.065713,0.018809
2024-01-01 00:00:23.310,1.842142,-0.107843,15.947315,0.085525,-0.045196,-0.091223
2024-01-01 00:00:23.320,1.077424,0.10836,15.107015,0.126903,-0.25767,0.017556
2024-01-01 00:00:23.330,1.691221,0.504771,15.58276,0.275098,-0.214102,0.036574
2024-01-01 00:00:23.340,0.47079,-0.326446,10.682548,-0.356243,-0.187017,-0.186504
2024-01-01 00:00:23.350,0.30414,-0.210638,10.138405,-0.243613,0.217134,0.012006
2024-01-01 00:00:23.360,0.264727,-0.216802,8.98915,0.057393,-0.029508,0.198361
2024-01-01 00:00:23.370,0.026318,-0.339046,8.665475,-0.181091,-0.104373,-0.269904
2024-01-01 00:00:23.380,0.003735,-0.14686,9.935868,0.844442,-0.186922,0.123988
2024-01-01 00:00:23.390,-0.349145,0.326049,9.665117,0.12893,0.23923,0.20622
2024-01-01 00:00:23.400,0.369506,-0.445772,9.883933,-0.019583,0.29284,-0.084084
2024-01-01 00:00:23.410,0.222589,0.180965,9.796418,-0.128867,0.236949,0.254126
2024-01-01 00:00:23.420,0.260155,-0.719905,11.995703,-0.120041,0.098487,-0.103551
2024-01-01 00:00:23.430,-0.278141,-0.237446,8.684629,0.007535,0.057966,0.066162
2024-01-01 00:00:23.440,-1.13858,-0.139374,8.126505,0.027995,-0.243188,-0.046016
2024-01-01 00:00:23.450,0.580119,0.708466,10.091191,-0.114175,-0.049164,-0.046049
2024-01-01 00:00:23.460,-0.253185,-0.116241,9.491547,-0.068288,-0.136772,-0.092595
2024-01-01 00:00:23.470,-0.456193,-0.931126,10.077393,0.336071,-0.365102,0.104786
2024-01-01 00:00:23.480,0.366677,-0.84553,10.303965,0.346126,0.211409,0.127321
2024-01-01 00:00:23.490,-0.207277,0.014395,10.896353,0.063008,-0.139166,-0.009663
2024-01-01 00:00:23.500,0.560441,0.259625,8.534887,-0.335315,0.239188,-0.203995
2024-01-01 00:00:23.510,0.326242,0.158818,9.339017,0.134626,0.176349,0.060476
2024-01-01 00:00:23.520,0.361437,0.070882,10.172732,0.388571,0.111344,0.063302
2024-01-01 00:00:23.530,-0.722249,0.491636,10.461812,0.342445,0.122577,-0.032507
2024-01-01 00:00:23.540,0.640815,-0.228247,11.665658,0.183606,-0.123063,0.280085
2024-01-01 00:00:23.550,0.138136,0.378547,10.618526,0.355606,0.37157,-0.234589
2024-01-01 00:00:23.560,-0.195255,-0.690342,9.761957,0.013346,0.008625,-0.332593
2024-01-01 00:00:23.570,0.075817,-0.382793,9.056691,0.157026,0.060386,-0.109625
2024-01-01 00:00:23.580,-0.939184,-0.764379,9.332611,-0.170194,-0.129815,0.106564
2024-01-01 00:00:23.590,2.096075,-0.11626,14.478573,0.073066,-0.186233,-0.158377
2024-01-01 00:00:23.600,1.33572,-0.019568,15.534328,0.332384,0.095459,-0.147146
2024-01-01 00:00:23.610,1.164776,0.048265,15.19742,-0.147356,0.043503,0.142653
2024-01-01 00:00:23.620,1.075053,0.026177,13.860192,-0.215361,-0.15787,0.069382
2024-01-01 00:00:23.630,2.468334,-0.392355,14.611227,0.024372,-0.287685,0.056559
2024-01-01 00:00:23.640,-0.332723,-0.080472,10.552405,-0.056666,-0.253985,0.117214
2024-01-01 00:00:23.650,0.810959,-0.63342,10.107506,0.162287,0.239227,-0.063779
2024-01-01 00:00:23.660,-0.283305,0.576646,10.291073,-0.113315,-0.122651,-0.056848
2024-01-01 00:00:23.670,-0.902766,-0.128434,10.133952,0.42961,-0.067782,0.121467
2024-01-01 00:00:23.680,-0.590362,-0.206799,11.18596,-0.322419,0.290068,-0.201733
2024-01-01 00:00:23.690,0.653435,0.672122,10.009692,0.313434,-0.22443,-0.321408
2024-01-01 00:00:23.700,-0.082431,-0.52547,9.483425,-0.191212,-0.145399,-0.064993
2024-01-01 00:00:23.710,-0.289907,-0.476123,9.035271,-0.448996,-0.153753,0.139631
2024-01-01 00:00:23.720,0.08461,-0.463701,10.02117,0.059469,0.323614,0.038334
2024-01-01 00:00:23.730,0.265318,-0.02871,7.745164,-0.063652,0.398677,0.128594
2024-01-01 00:00:23.740,0.590825,0.18258,9.654092,-0.277402,0.150313,-0.302444
2024-01-01 00:00:23.750,0.765894,0.312883,9.635859,-0.420344,0.156677,0.047325
2024-01-01 00:00:23.760,-0.190228,1.087954,8.655658,-0.00209,-0.116071,0.09808
2024-01-01 00:00:23.770,-0.701148,-0.95151,9.024687,0.243959,0.389466,-0.20262
2024-01-01 00:00:23.780,-0.21862,0.257495,10.49497,0.146238,0.053539,0.129309
2024-01-01 00:00:23.790,0.137623,-0.235666,10.005182,0.014177,0.170622,-0.016728
2024-01-01 00:00:23.800,-0.509588,-0.248054,9.896113,0.119712,-0.021105,0.460701
2024-01-01 00:00:23.810,-0.506094,-0.262164,10.06917,-0.006804,-0.053607,-0.326585
2024-01-01 00:00:23.820,0.181778,-0.38441,9.888363,-0.357431,0.332608,0.205367
2024-01-01 00:00:23.830,-0.025725,0.712554,10.861462,-0.355223,0.107945,-0.059124
2024-01-01 00:00:23.840,0.017341,0.356292,9.914421,-0.050792,0.290275,-0.242573
2024-01-01 00:00:23.850,-0.401054,0.009812,8.576352,-0.040163,0.051066,-0.079043
2024-01-01 00:00:23.860,-0.121824,0.57148,11.18909,0.212746,-0.169673,0.041622
2024-01-01 00:00:23.870,-0.488688,-0.6398,10.123308,0.189326,-0.116669,0.15562
2024-01-01 00:00:23.880,0.470692,-0.562888,9.311491,0.151283,0.020593,0.258295
2024-01-01 00:00:23.890,0.547388,-0.92128,8.749622,-0.070071,-0.1253,0.213284
2024-01-01 00:00:23.900,-0.976172,-0.295852,10.144943,-0.345163,-0.221492,-0.144807
2024-01-01 00:00:23.910,-0.491479,0.068398,9.710872,0.103018,0.240283,0.169525
2024-01-01 00:00:23.920,-0.79129,0.043509,11.141728,0.131292,-0.108974,0.058693
2024-01-01 00:00:23.930,-0.3437,0.063172,9.517362,-0.597133,0.027639,-0.09819
2024-01-01 00:00:23.940,-0.044118,-0.596877,9.101576,-0.208585,0.059227,-0.031787
2024-01-01 00:00:23.950,-0.7665,0.339734,10.567844,-0.172764,-0.117631,-0.106476
2024-01-01 00:00:23.960,-0.487433,0.101362,10.592788,0.029588,0.29016,0.005564
2024-01-01 00:00:23.970,-0.530842,0.310082,9.952679,-0.20084,-0.223428,-0.109449
2024-01-01 00:00:23.980,0.109593,-0.800638,10.382198,-0.009534,0.052325,-0.154199
2024-01-01 00:00:23.990,0.036666,0.131761,9.778117,-0.052634,0.049224,0.071868
2024-01-01 00:00:24.000,-0.381619,-0.502425,10.00785,-0.039787,-0.010851,0.09431
2024-01-01 00:00:24.010,0.093494,-0.168068,10.795582,-0.179099,-0.259383,-0.02814
2024-01-01 00:00:24.020,-0.289057,0.226036,10.339019,-0.159746,0.174164,0.205148
2024-01-01 00:00:24.030,-0.143638,0.038533,9.666794,-0.270067,0.148702,-0.039065
2024-01-01 00:00:24.040,0.884838,-0.360201,10.954099,0.095017,-0.135114,-0.045416
2024-01-01 00:00:24.050,0.708769,0.002654,7.809332,0.142776,0.141497,0.099073
2024-01-01 00:00:24.060,-0.687154,-0.647839,11.546054,-0.192654,0.074982,-0.019864
2024-01-01 00:00:24.070,0.438721,0.486563,8.366759,0.38016,-0.256122,0.01272
2024-01-01 00:00:24.080,0.429026,-0.086835,9.279479,-0.07865,-0.170786,-0.378066
2024-01-01 00:00:24.090,-0.607144,0.473147,9.775384,0.382546,0.227656,0.002506
2024-01-01 00:00:24.100,0.432929,-0.222723,9.686077,-0.160532,0.061883,-0.274079
2024-01-01 00:00:24.110,0.813182,-0.221473,10.661424,-0.506644,-0.112861,-0.183143
2024-01-01 00:00:24.120,-0.593546,-0.323251,8.91507,0.100549,-0.171695,-0.200298
2024-01-01 00:00:24.130,-0.48513,0.370622,10.030609,0.062136,-0.103079,-0.156387
2024-01-01 00:00:24.140,0.538089,-0.300089,9.320833,0.008598,-0.088896,-0.082328
2024-01-01 00:00:24.150,0.143553,0.272664,10.059689,-0.160558,-0.169193,-0.072974
2024-01-01 00:00:24.160,0.291593,-0.161777,9.755203,-0.008643,-0.348353,0.099641
2024-01-01 00:00:24.170,0.180087,-0.835832,9.888624,-0.127815,0.228003,0.033358
2024-01-01 00:00:24.180,2.08658,-0.241243,14.514764,-0.075587,0.194127,-0.285161
2024-01-01 00:00:24.190,1.178628,-0.498763,14.548486,0.210408,-0.254651,0.012494
2024-01-01 00:00:24.200,2.433769,0.014341,15.223033,0.046054,0.027262,0.047738
2024-01-01 00:00:24.210,2.498421,-0.503542,15.778383,0.152488,-0.180448,-0.049285
2024-01-01 00:00:24.220,1.75871,0.391687,14.473856,-0.057967,-0.052313,-0.009133
2024-01-01 00:00:24.230,-0.022988,-0.038525,9.075023,-0.085504,-0.068953,0.028547
2024-01-01 00:00:24.240,-0.809573,-0.075123,10.328987,-0.288371,-0.085567,0.11469
2024-01-01 00:00:24.250,0.271912,0.277442,9.782502,-0.092509,0.400589,-0.236232
2024-01-01 00:00:24.260,0.302475,0.407733,10.512601,-0.830279,-0.088065,-0.036648
2024-01-01 00:00:24.270,-0.032884,-0.008502,9.043696,-0.147555,-0.161653,0.22625
2024-01-01 00:00:24.280,0.594502,-0.326218,8.304595,-0.020469,-0.152516,0.212499
2024-01-01 00:00:24.290,-0.176643,-0.750389,9.359079,0.140918,0.208755,0.127641
2024-01-01 00:00:24.300,0.298535,-0.290199,9.161666,-0.067169,-0.33042,0.080524
2024-01-01 00:00:24.310,-0.539148,-0.261081,9.743345,0.086918,-0.152525,0.248195
2024-01-01 00:00:24.320,-0.012453,0.045285,9.271229,-0.544947,0.289365,0.287677
2024-01-01 00:00:24.330,-0.09219,-0.145997,10.4369,-0.014209,0.048797,-0.019362
2024-01-01 00:00:24.340,0.119132,0.290996,9.566225,-0.419876,0.038384,-0.145415
2024-01-01 00:00:24.350,-0.195387,-0.259292,9.937301,-0.302076,0.426429,-0.040544
2024-01-01 00:00:24.360,-0.069516,-0.024128,9.943359,-0.046791,0.04927,0.464504
2024-01-01 00:00:24.370,0.436772,0.500827,9.974932,0.319066,-0.141637,-0.235403
2024-01-01 00:00:24.380,-0.230939,0.144592,9.789587,0.092802,-0.056415,-0.070581
2024-01-01 00:00:24.390,-0.849478,-0.025396,10.241968,0.004558,-0.227086,-0.211904
2024-01-01 00:00:24.400,0.925092,-0.254622,9.136876,-0.004883,0.251187,0.018715
2024-01-01 00:00:24.410,0.730444,-0.267857,10.993908,-0.178407,0.114912,-0.180404
2024-01-01 00:00:24.420,-0.683284,-0.359809,9.609889,-0.135996,0.224883,-0.016313
2024-01-01 00:00:24.430,0.364683,-0.228846,8.700429,0.106844,0.242597,-0.292514
2024-01-01 00:00:24.440,-0.265948,0.319647,9.96911,-0.34634,-0.082842,0.092643
2024-01-01 00:00:24.450,0.139319,-0.093859,9.089901,0.148264,-0.188951,0.183352
2024-01-01 00:00:24.460,0.155571,-0.570954,10.372873,-0.097127,-0.010343,-0.057592
2024-01-01 00:00:24.470,-0.123943,0.747936,11.679326,0.206389,-0.174552,-0.02027
2024-01-01 00:00:24.480,1.465584,0.135345,14.31456,0.240273,0.032991,-0.024511
2024-01-01 00:00:24.490,1.514876,-0.595137,15.261187,-0.418271,0.226419,0.027137
2024-01-01 00:00:24.500,1.395564,-0.186902,13.494842,-0.145395,-0.033628,-0.005725
2024-01-01 00:00:24.510,1.440174,0.046905,15.364004,-0.213882,0.029999,0.115218
2024-01-01 00:00:24.520,1.844479,0.721042,14.230686,-0.453182,-0.018769,0.184956
2024-01-01 00:00:24.530,-0.378458,-0.468732,9.28139,-0.258133,0.160546,-0.122111
2024-01-01 00:00:24.540,0.360635,0.412865,8.878312,0.610314,-0.133556,-0.046399
2024-01-01 00:00:24.550,0.786381,0.591983,10.4294,0.152377,-0.439289,0.135243
2024-01-01 00:00:24.560,-0.306703,-0.265921,10.662179,0.479322,0.094174,-0.21325
2024-01-01 00:00:24.570,0.126585,-0.117388,9.829784,0.207275,0.197567,-0.295608
2024-01-01 00:00:24.580,0.264209,-0.438359,9.078695,-0.185461,0.089275,0.033947
2024-01-01 00:00:24.590,0.249571,-0.086064,11.154736,-0.095443,-0.128046,0.074452
2024-01-01 00:00:24.600,0.040161,-0.015478,9.175153,0.147109,-0.227002,-0.108345
2024-01-01 00:00:24.610,0.392693,0.279032,7.980921,0.109377,0.0989,-0.086798
2024-01-01 00:00:24.620,0.254989,0.461148,10.197797,-0.144336,0.028296,-0.114029
2024-01-01 00:00:24.630,-0.654414,-0.316445,8.875361,-0.377498,-0.025159,-0.130039
2024-01-01 00:00:24.640,0.459566,-0.832179,10.646363,0.82194,0.364493,0.104024
2024-01-01 00:00:24.650,0.469155,-0.008987,9.487558,-0.035287,-0.18936,-0.177075
2024-01-01 00:00:24.660,-0.403588,0.124166,10.320741,-0.081435,0.355007,-0.039828
2024-01-01 00:00:24.670,0.02006,0.105504,10.995669,0.028334,0.006357,-0.1358
2024-01-01 00:00:24.680,0.36131,-0.138183,8.787305,-0.060682,-0.367114,-0.218293
2024-01-01 00:00:24.690,-0.110675,0.05277,9.331217,0.030682,-0.035841,0.130527
2024-01-01 00:00:24.700,0.567337,0.641033,9.745982,0.321737,0.191899,-0.077974
2024-01-01 00:00:24.710,1.249898,0.161474,11.110768,-0.031137,-0.073011,0.028266
2024-01-01 00:00:24.720,-0.41559,-0.157935,9.253008,-0.290678,-0.294956,-0.226211
2024-01-01 00:00:24.730,-0.730227,-0.211584,9.30705,-0.040411,-0.032903,-0.111291
2024-01-01 00:00:24.740,0.160644,-0.071848,10.214507,-0.1161,-0.171434,0.113413
2024-01-01 00:00:24.750,0.381526,0.692341,9.321664,0.355975,0.098363,0.388091
2024-01-01 00:00:24.760,-0.122071,-0.077536,9.939037,0.29278,0.15468,-0.296432
2024-01-01 00:00:24.770,0.768412,-0.008373,8.497399,0.026881,-0.211254,-0.030166
2024-01-01 00:00:24.780,-0.707788,-0.204019,11.683323,-0.319684,-0.141161,0.061842
2024-01-01 00:00:24.790,0.366381,0.46487,8.669838,-0.306473,0.151328,-0.092415
2024-01-01 00:00:24.800,-0.320349,0.829011,9.537797,0.003781,-0.171769,0.127428
2024-01-01 00:00:24.810,0.909121,0.190609,9.782521,0.084081,-0.216432,-0.13001
2024-01-01 00:00:24.820,1.053542,0.035013,11.428134,-0.093656,-0.235738,0.023077
2024-01-01 00:00:24.830,-0.40537,0.015559,8.68918,-0.120042,0.070408,-0.078311
2024-01-01 00:00:24.840,-0.290578,-1.008562,11.488214,-0.1482,0.061832,0.182915
2024-01-01 00:00:24.850,0.454507,0.315199,10.450572,-0.005848,-0.136809,-0.101455
2024-01-01 00:00:24.860,-0.204695,0.056752,10.162863,-0.595691,0.001017,-0.052781
2024-01-01 00:00:24.870,-0.024011,0.181189,8.977,-0.275332,0.305426,0.141853
2024-01-01 00:00:24.880,0.013424,-0.300949,10.293185,-0.156763,-0.194812,-0.154206
2024-01-01 00:00:24.890,-1.015027,-0.162625,9.19793,0.301876,-0.390349,0.010313
2024-01-01 00:00:24.900,-0.007317,-0.173864,10.881595,-0.203453,0.091015,-0.27338
2024-01-01 00:00:24.910,-0.364694,0.432147,8.988482,0.045117,-0.02208,-0.16319
2024-01-01 00:00:24.920,-0.260739,-0.160215,9.714268,0.056636,-0.142005,0.05732
2024-01-01 00:00:24.930,0.76332,0.880965,9.340239,0.324479,0.130416,-0.148605
2024-01-01 00:00:24.940,-0.664378,0.182255,8.974556,0.315644,0.167845,-0.081686
2024-01-01 00:00:24.950,0.429982,-0.539614,10.437157,-0.014376,-0.441656,0.073963
2024-01-01 00:00:24.960,-0.147502,-0.054375,10.262998,-0.118871,-0.13052,-0.086878
2024-01-01 00:00:24.970,-0.147923,-0.275659,10.832823,-0.165958,0.463503,0.123426
2024-01-01 00:00:24.980,0.417909,-0.928224,8.304226,-0.060266,0.116681,0.032349
2024-01-01 00:00:24.990,0.179802,0.676576,10.710288,-0.108508,0.135221,0.065352
2024-01-01 00:00:25.000,0.301712,0.297429,11.92961,0.138407,0.234579,0.186145
2024-01-01 00:00:25.010,0.511928,0.225547,9.427912,0.105077,0.003414,0.047973
2024-01-01 00:00:25.020,-0.175179,0.069966,11.413296,0.14795,0.159337,0.230827
2024-01-01 00:00:25.030,-0.32372,-0.584593,9.587366,0.314821,0.143612,0.136689
2024-01-01 00:00:25.040,-0.573773,-0.20457,8.648941,0.465717,0.107808,-0.078518
2024-01-01 00:00:25.050,-0.436436,0.356073,9.551435,0.031166,-0.064402,0.193972
2024-01-01 00:00:25.060,3.439334,-0.444666,15.866781,0.274866,0.034412,0.03958
2024-01-01 00:00:25.070,2.538124,-1.070938,14.270903,-0.087915,-0.117672,-0.059202
2024-01-01 00:00:25.080,1.165619,-0.096066,14.472113,0.296252,0.002563,0.041758
2024-01-01 00:00:25.090,1.18075,-0.059963,15.482134,0.265377,-0.233698,0.166849
2024-01-01 00:00:25.100,2.134787,0.057343,14.982589,0.252104,-0.158125,0.068257
2024-01-01 00:00:25.110,0.289366,0.308163,10.304591,0.023517,-0.056462,0.273359
2024-01-01 00:00:25.120,0.290222,0.269707,10.011204,-0.16709,-0.188741,0.16298
2024-01-01 00:00:25.130,-0.134808,0.10946,10.215763,-0.348632,-0.101003,0.078474
2024-01-01 00:00:25.140,-0.066334,0.50571,9.444273,-0.010009,-0.032785,-0.15391
2024-01-01 00:00:25.150,0.173366,-0.642524,10.006044,0.383253,0.080452,-0.02696
2024-01-01 00:00:25.160,0.045416,0.213438,9.025442,-0.077461,0.189851,0.01075
2024-01-01 00:00:25.170,-1.173455,0.265026,10.900015,0.196282,-0.092757,0.104495
2024-01-01 00:00:25.180,-0.121507,-0.524335,9.273404,0.210988,0.267021,0.0956
2024-01-01 00:00:25.190,-0.450181,-0.635714,10.765005,-0.070922,0.187722,0.025431
2024-01-01 00:00:25.200,0.092643,-0.315534,9.612369,0.329086,0.100819,0.018052
2024-01-01 00:00:25.210,1.578456,-0.279832,9.980891,-0.727165,0.03073,0.108069
2024-01-01 00:00:25.220,0.194306,0.318696,9.39126,-0.305688,0.063824,-0.128788
2024-01-01 00:00:25.230,-0.165779,-0.25995,8.950468,-0.228908,0.23741,0.254327
2024-01-01 00:00:25.240,0.487403,-0.362235,8.333933,-0.204929,0.244716,-0.307075
2024-01-01 00:00:25.250,0.255221,-0.258721,8.917196,0.084066,0.266989,0.218311
2024-01-01 00:00:25.260,0.222125,0.473181,9.535973,0.072509,0.008265,-0.006778
2024-01-01 00:00:25.270,0.320872,0.005517,9.98925,0.098498,0.110993,0.150387
2024-01-01 00:00:25.280,1.087397,-0.075823,10.664781,0.14902,0.268709,0.054576
2024-01-01 00:00:25.290,-0.597957,-0.046532,9.432889,-0.237526,-0.124743,0.051905
2024-01-01 00:00:25.300,0.250433,0.546542,9.063861,-0.304544,-0.063683,0.083138
2024-01-01 00:00:25.310,-0.489824,-0.3169,8.589463,0.09908,0.003207,0.121358
2024-01-01 00:00:25.320,0.293727,0.55646,10.216134,-0.157558,0.17992,-0.049325
2024-01-01 00:00:25.330,-0.485755,0.08904,10.980183,-0.392619,0.183034,0.15522
2024-01-01 00:00:25.340,-0.220683,-0.067857,10.881315,0.242836,-0.046173,-0.162671
2024-01-01 00:00:25.350,-0.156029,1.057881,10.410603,0.348775,-0.301722,-0.0008
2024-01-01 00:00:25.360,2.395963,-0.446536,15.520208,0.38929,0.049237,0.125395
2024-01-01 00:00:25.370,2.365633,-0.149609,16.41619,0.046752,-0.183663,0.149253
2024-01-01 00:00:25.380,1.221327,-0.521318,15.260941,0.156483,-0.297987,0.069118
2024-01-01 00:00:25.390,1.909046,0.402891,15.526626,0.342467,-0.252774,-0.059009
2024-01-01 00:00:25.400,1.50481,0.714527,14.708617,-0.160354,0.065276,0.134506
2024-01-01 00:00:25.410,-0.665434,0.706377,8.657711,0.277669,0.272207,-0.100405
2024-01-01 00:00:25.420,-0.114748,0.51773,9.231464,0.068849,0.007779,0.262711
2024-01-01 00:00:25.430,-0.16311,-0.083593,9.802251,0.228428,0.042276,-0.012701
2024-01-01 00:00:25.440,1.283126,-0.154497,9.861424,0.046523,0.236579,-0.230944
2024-01-01 00:00:25.450,0.228928,-0.706905,11.439638,0.324064,-0.308891,-0.179203
2024-01-01 00:00:25.460,-0.728415,0.861175,9.87876,0.055881,0.104035,0.006547
2024-01-01 00:00:25.470,-0.298624,0.198378,10.807302,-0.370995,-0.002318,0.020974
2024-01-01 00:00:25.480,0.540056,-0.208098,9.441925,0.362982,0.113211,0.295449
2024-01-01 00:00:25.490,1.104264,0.561768,9.546322,-0.236883,-0.096697,-0.155775
2024-01-01 00:00:25.500,-0.838589,-0.411479,8.68566,0.313265,-0.163587,0.005919
2024-01-01 00:00:25.510,-0.99401,0.172001,9.181991,-0.022561,0.028102,-0.158913
2024-01-01 00:00:25.520,0.989273,-0.073022,10.255826,0.294003,0.329838,-0.073898
2024-01-01 00:00:25.530,0.206008,0.27016,9.816396,0.283692,0.172182,0.252596
2024-01-01 00:00:25.540,-0.45911,-0.026892,10.607726,0.107536,-0.101539,-0.17045
2024-01-01 00:00:25.550,0.282685,-0.613742,9.963341,0.127134,-0.268194,0.088056
2024-01-01 00:00:25.560,-1.393652,0.031969,9.511824,0.105657,-0.336413,0.058936
2024-01-01 00:00:25.570,0.001785,0.44367,11.627459,-0.503456,0.26322,-0.003626
2024-01-01 00:00:25.580,0.173335,-0.012359,9.730558,0.029583,-0.191016,0.077915
2024-01-01 00:00:25.590,0.488708,0.327874,10.793899,-0.279016,-0.065103,-0.174003
2024-01-01 00:00:25.600,-0.536097,-0.442259,9.470577,0.042797,0.264242,0.248448
2024-01-01 00:00:25.610,0.045307,-0.011108,10.410321,-0.285736,-0.32278,0.288727
2024-01-01 00:00:25.620,-0.489318,-0.264168,10.595101,-0.296238,0.298453,0.007066
2024-01-01 00:00:25.630,0.135034,0.315973,9.986384,0.401234,-0.050728,0.363466
2024-01-01 00:00:25.640,-0.473414,0.013321,7.818107,0.267362,-0.229717,-0.059854
2024-01-01 00:00:25.650,-0.215783,0.291901,9.825442,-0.001036,-0.04947,0.060065
2024-01-01 00:00:25.660,-0.526537,0.460102,10.850969,0.046192,-0.144519,0.214783
2024-01-01 00:00:25.670,0.344288,0.292555,10.256249,-0.061979,0.088164,-0.068851
2024-01-01 00:00:25.680,0.453906,0.115529,10.18718,0.142469,-0.129626,-0.207232
2024-01-01 00:00:25.690,-0.124056,-0.422244,8.352971,-0.169014,-0.382328,-0.241758
2024-01-01 00:00:25.700,0.020218,-0.001179,9.200495,0.248435,-0.044113,0.309124
2024-01-01 00:00:25.710,-0.765943,-0.225497,10.158009,-0.063272,-0.271309,-0.079354
2024-01-01 00:00:25.720,-0.158454,-0.145539,10.157184,-0.104962,0.040864,-0.027861
2024-01-01 00:00:25.730,-0.026546,-0.158428,10.837608,0.005428,-0.237426,-0.166915
2024-01-01 00:00:25.740,1.385744,-0.414509,9.687443,-0.147787,-0.097603,0.142251
2024-01-01 00:00:25.750,-0.587953,-0.827954,10.153327,0.082171,0.036518,-0.117234
2024-01-01 00:00:25.760,0.774184,-0.282625,9.823853,-0.134341,-0.042492,-0.073689
2024-01-01 00:00:25.770,0.527089,0.0818,8.975046,0.117131,0.050086,0.044928
2024-01-01 00:00:25.780,0.148386,-0.570279,7.901601,0.304002,0.136057,-0.159607
2024-01-01 00:00:25.790,0.929871,0.006634,10.174634,-0.17983,-0.231587,-0.026787
2024-01-01 00:00:25.800,0.196751,0.803814,9.957159,-0.032644,-0.01288,0.210331
2024-01-01 00:00:25.810,0.205768,0.432753,9.287024,0.115333,-0.665901,0.064238
2024-01-01 00:00:25.820,-0.028088,0.695218,8.44018,-0.108964,0.049467,0.019581
2024-01-01 00:00:25.830,0.646962,0.165447,10.34276,0.11608,-0.060163,0.03223
2024-01-01 00:00:25.840,0.579758,0.493857,9.585032,0.13885,-0.19669,-0.05837
2024-01-01 00:00:25.850,-0.330827,-0.306237,10.281116,0.270815,0.063144,0.299423
2024-01-01 00:00:25.860,-0.697552,-0.272556,11.386985,-0.151498,0.23454,-0.121824
2024-01-01 00:00:25.870,-0.107326,-1.158656,7.998349,-0.235694,-0.095204,0.031639
2024-01-01 00:00:25.880,-0.42302,0.50174,9.218138,-0.076894,-0.188963,0.017254
2024-01-01 00:00:25.890,-0.033589,0.651557,9.632868,-0.241938,0.033005,0.151314
2024-01-01 00:00:25.900,0.654295,-0.233994,11.040783,0.141125,-0.267121,0.165476
2024-01-01 00:00:25.910,-0.241798,-0.107422,8.425603,-0.290438,-0.132076,-0.004803
2024-01-01 00:00:25.920,-0.022643,-0.318884,11.447738,0.583254,0.24448,0.0436
2024-01-01 00:00:25.930,0.03068,0.161862,9.924934,0.323982,0.012436,0.04928
2024-01-01 00:00:25.940,0.448608,0.475846,9.728783,0.003144,-0.375893,-0.340821
2024-01-01 00:00:25.950,0.691957,-0.737193,14.812441,0.216849,-0.359398,-0.238348
2024-01-01 00:00:25.960,1.559207,0.173192,14.610921,-0.4092,0.032417,-0.09076
2024-01-01 00:00:25.970,1.991716,-0.117032,15.866707,0.630843,0.172478,-0.08424
2024-01-01 00:00:25.980,2.514542,0.047966,14.076031,-0.147554,-0.323524,-0.179892
2024-01-01 00:00:25.990,1.619907,0.194154,15.27222,-0.030124,0.089943,0.112437
2024-01-01 00:00:26.000,-0.992227,-0.07961,9.484982,-0.463983,0.266069,0.000318
2024-01-01 00:00:26.010,0.327672,-0.043817,9.165235,0.121572,0.377572,-0.032204
2024-01-01 00:00:26.020,-0.335948,-0.090469,11.997735,-0.276586,0.066245,-0.188423
2024-01-01 00:00:26.030,-0.629036,0.410444,10.164517,0.025414,0.101361,-0.006682
2024-01-01 00:00:26.040,-0.330123,0.177135,10.328823,-0.136069,-0.426637,-0.394003
2024-01-01 00:00:26.050,-0.097568,0.093307,10.772559,-0.269436,0.419951,-0.024443
2024-01-01 00:00:26.060,-0.319759,-0.537613,8.607538,-0.20109,-0.115098,0.009478
2024-01-01 00:00:26.070,-1.166193,-0.160139,11.292439,0.056447,-0.186694,0.036287
2024-01-01 00:00:26.080,0.474324,0.380137,7.687422,-0.320373,-0.051041,-0.234615
2024-01-01 00:00:26.090,0.67409,0.015946,9.159624,-0.187203,0.302335,0.033723
2024-01-01 00:00:26.100,0.344492,0.278982,9.421659,0.165818,0.441609,-0.156215
2024-01-01 00:00:26.110,-0.601551,0.747234,10.302138,0.65062,0.025082,-0.12187
2024-01-01 00:00:26.120,-0.106539,0.43933,9.995036,0.119397,0.199617,0.10769
2024-01-01 00:00:26.130,-0.003448,0.039406,9.668875,-0.229315,0.008641,0.302117
2024-01-01 00:00:26.140,0.316613,-0.216148,9.79985,-0.091779,-0.207559,0.007704
2024-01-01 00:00:26.150,0.353385,-1.080151,8.982593,0.007897,0.295349,-0.122564
2024-01-01 00:00:26.160,-0.388194,-0.071227,8.543341,-0.087356,-0.124425,0.028301
2024-01-01 00:00:26.170,0.043355,-0.137903,10.424629,0.225765,0.307106,0.140854
2024-01-01 00:00:26.180,0.241787,0.165125,10.396875,0.054368,0.259708,0.09315
2024-01-01 00:00:26.190,0.769766,-0.065102,11.150482,0.226963,0.122807,0.411467
2024-01-01 00:00:26.200,0.372508,-0.135523,9.141646,-0.078611,0.365795,-0.107301
2024-01-01 00:00:26.210,0.417214,-0.752686,10.396122,0.331375,0.446469,0.037835
2024-01-01 00:00:26.220,0.044323,-0.397606,9.569984,-0.041621,-0.035049,0.232338
2024-01-01 00:00:26.230,0.74578,0.201623,10.817142,-0.242797,-0.161759,0.222924
2024-01-01 00:00:26.240,0.216662,0.725829,10.674581,0.54433,-0.372854,-0.292512
2024-01-01 00:00:26.250,1.4247,-0.041253,15.158683,-0.456244,0.448936,-0.000504
2024-01-01 00:00:26.260,2.622032,0.138664,14.692757,-0.184685,-0.087936,0.222678
2024-01-01 00:00:26.270,2.249016,0.402898,15.792949,-0.156757,0.227007,0.433596
2024-01-01 00:00:26.280,1.64574,-0.343008,15.527281,0.627077,-0.148251,0.105569
2024-01-01 00:00:26.290,1.626468,0.155162,14.400963,0.451715,0.307653,-0.055179
2024-01-01 00:00:26.300,0.156814,-0.313227,8.686682,0.373482,-0.140024,-0.15138
2024-01-01 00:00:26.310,0.244909,0.365821,9.565901,-0.082665,-0.238344,0.332812
2024-01-01 00:00:26.320,0.104318,0.064043,11.09204,0.606545,-0.041701,0.109311
2024-01-01 00:00:26.330,0.164604,0.126245,10.779928,0.092088,-0.106355,-0.12721
2024-01-01 00:00:26.340,0.898852,-0.331039,8.868971,0.244316,0.11926,-0.030473
2024-01-01 00:00:26.350,0.566578,0.299075,8.822077,0.044924,-0.010279,0.046528
2024-01-01 00:00:26.360,0.100799,0.881834,10.888383,-0.012367,0.12554,0.081571
2024-01-01 00:00:26.370,0.497718,-0.426347,8.849252,-0.062945,-0.058204,-0.134943
2024-01-01 00:00:26.380,-0.545947,-0.143718,10.240864,-0.05241,-0.133021,-0.092129
2024-01-01 00:00:26.390,0.210404,0.09797,9.288804,0.152123,-0.116712,-0.24794
2024-01-01 00:00:26.400,0.956671,0.33265,11.17802,0.0918,0.408988,0.155964
2024-01-01 00:00:26.410,-0.115292,-0.236688,9.158221,-0.007868,0.045034,-0.051243
2024-01-01 00:00:26.420,-0.448186,-1.198372,10.777284,0.377381,-0.396752,0.069948
2024-01-01 00:00:26.430,-0.344792,0.574937,9.96639,-0.741688,-0.104042,0.213339
2024-01-01 00:00:26.440,-0.576143,0.321694,10.023357,0.127472,0.019373,0.032981
2024-01-01 00:00:26.450,-0.414943,-0.737267,8.143119,0.179435,0.36908,-0.016946
2024-01-01 00:00:26.460,-0.195906,-0.257002,7.946335,0.286741,0.20574,0.029088
2024-01-01 00:00:26.470,-0.743194,0.663341,9.623401,-0.016218,-0.184344,0.009479
2024-01-01 00:00:26.480,0.008258,0.612418,10.018883,0.05198,0.483671,0.186925
2024-01-01 00:00:26.490,0.477079,0.397045,8.858083,0.246487,-0.006232,0.046626
2024-01-01 00:00:26.500,-0.479976,-0.074496,8.888965,0.372792,0.249266,-0.08166
2024-01-01 00:00:26.510,0.803321,0.035104,10.285006,-0.075134,-0.231002,0.157177
2024-01-01 00:00:26.520,0.270081,-0.055382,10.286175,0.066744,-0.479633,0.184573
2024-01-01 00:00:26.530,0.544919,0.477245,9.693471,0.419643,-0.281686,-0.20075
2024-01-01 00:00:26.540,-0.34783,-0.370481,10.470051,-0.531007,-0.650067,0.229918
2024-01-01 00:00:26.550,0.45183,-0.340853,8.816625,-0.172503,0.422418,0.054707
2024-01-01 00:00:26.560,-0.57736,0.427346,9.508879,0.366459,0.042907,0.04249
2024-01-01 00:00:26.570,0.470718,-0.018765,11.204104,0.273134,-0.184929,0.150994
2024-01-01 00:00:26.580,0.09086,0.583092,9.867801,0.130611,0.090525,-0.085046
2024-01-01 00:00:26.590,0.292532,-0.28405,9.91686,-0.112149,0.037867,0.143125
2024-01-01 00:00:26.600,-0.621596,-0.023171,11.760831,-0.220455,0.124187,-0.056516
2024-01-01 00:00:26.610,-0.473268,-0.390181,8.626157,-0.147804,0.241906,-0.221243
2024-01-01 00:00:26.620,0.315784,0.003114,10.48378,0.387002,-0.057984,-0.149663
2024-01-01 00:00:26.630,-0.501439,-0.625425,11.217732,-0.157111,-0.175968,0.085053
2024-01-01 00:00:26.640,0.24492,-0.206269,9.53517,0.025356,0.165555,-0.14182
2024-01-01 00:00:26.650,-0.722874,-0.607535,10.537248,-0.188427,0.160467,0.241511
2024-01-01 00:00:26.660,0.448472,0.29353,8.979212,0.210694,0.020147,0.178393
2024-01-01 00:00:26.670,-0.651697,0.303117,9.229024,-0.134682,0.435511,0.200016
2024-01-01 00:00:26.680,0.292029,-0.731901,10.135682,-0.024398,-0.087564,0.018717
2024-01-01 00:00:26.690,0.330802,0.564234,10.485587,-0.420846,-0.179972,0.038679
2024-01-01 00:00:26.700,-0.368418,1.056407,10.758312,-0.403342,0.083618,-0.179057
2024-01-01 00:00:26.710,0.307747,0.019461,11.137906,0.001918,-0.134988,0.149368
2024-01-01 00:00:26.720,0.137709,-0.271191,9.75294,-0.331289,0.099103,0.056975
2024-01-01 00:00:26.730,-0.284913,1.194692,10.819796,0.526272,-0.166602,0.085096
2024-01-01 00:00:26.740,-0.533273,-0.557924,9.52041,-0.515381,-0.080048,0.253247
2024-01-01 00:00:26.750,-1.037738,0.008505,10.573169,-0.200044,0.378168,-0.090894
2024-01-01 00:00:26.760,0.184877,0.07598,9.985536,0.004175,-0.081117,-0.018921
2024-01-01 00:00:26.770,-0.827389,0.568997,10.187044,-0.091283,-0.15977,0.049001
2024-01-01 00:00:26.780,0.050413,0.15217,10.168288,-0.276036,0.234136,-0.140315
2024-01-01 00:00:26.790,-0.139298,-0.210922,8.45242,-0.239482,-0.210208,-0.02814
2024-01-01 00:00:26.800,0.359097,-0.402351,8.858993,-0.247664,-0.138589,0.073942
2024-01-01 00:00:26.810,-0.159707,-0.144591,9.89675,-0.07168,0.115312,-0.048813
2024-01-01 00:00:26.820,-0.174196,-0.42593,8.382562,0.487982,0.187682,0.196348
2024-01-01 00:00:26.830,0.386977,0.02023,10.513205,0.019484,0.244095,-0.226639
2024-01-01 00:00:26.840,2.057162,-0.238655,15.717336,0.295725,-0.149444,0.168416
2024-01-01 00:00:26.850,2.047167,-0.631978,15.256786,0.126744,0.119202,0.099178
2024-01-01 00:00:26.860,2.128125,0.530927,14.031521,0.278466,-0.093222,-0.085324
2024-01-01 00:00:26.870,1.068066,-0.210515,16.147598,-0.699991,-0.121131,-0.138661
2024-01-01 00:00:26.880,2.280152,-0.536422,16.70348,-0.076115,0.240643,-0.312042
2024-01-01 00:00:26.890,0.323843,-0.071174,9.934427,0.326784,-0.109911,-0.119276
2024-01-01 00:00:26.900,-0.537571,0.028921,10.241913,-0.142934,0.055641,0.157076
2024-01-01 00:00:26.910,-0.129058,-0.738755,9.980671,0.440618,0.031116,-0.008413
2024-01-01 00:00:26.920,-0.020784,0.140287,10.258692,0.370973,-0.214151,0.174447
2024-01-01 00:00:26.930,-0.071115,-0.442948,9.708853,-0.117283,0.193219,-0.092981
2024-01-01 00:00:26.940,0.176528,0.723765,9.780759,-0.125791,0.112056,0.106066
2024-01-01 00:00:26.950,0.756835,0.221635,10.576237,-0.253401,-0.397258,-0.107625
2024-01-01 00:00:26.960,0.571984,-0.169158,11.794398,-0.157399,0.055484,-0.144836
2024-01-01 00:00:26.970,-0.693836,-0.315206,8.62554,-0.308147,-0.154595,-0.016069
2024-01-01 00:00:26.980,0.32892,-0.044401,9.722175,0.107203,0.219415,-0.099745
2024-01-01 00:00:26.990,0.702673,0.25921,8.81133,-0.364012,-0.28908,-0.231423
2024-01-01 00:00:27.000,0.204525,-0.010784,11.156853,0.150933,-0.071295,-0.027347
2024-01-01 00:00:27.010,0.576856,-0.091858,9.312774,0.15702,0.072405,0.015965
2024-01-01 00:00:27.020,1.063988,0.024691,8.589052,-0.415301,0.010868,0.190254
2024-01-01 00:00:27.030,0.541286,-0.255432,10.349906,0.387455,0.152592,0.140521
2024-01-01 00:00:27.040,0.131822,-0.145176,11.285687,0.128402,-0.303684,0.182991
2024-01-01 00:00:27.050,0.552591,-0.88229,10.371404,0.187425,0.330383,0.108054
2024-01-01 00:00:27.060,0.076609,0.411886,9.983259,-0.189666,0.105029,0.049892
2024-01-01 00:00:27.070,0.012639,0.126391,10.156133,0.155595,0.271944,-0.184342
2024-01-01 00:00:27.080,-0.18581,-0.327172,11.006955,0.281598,0.174848,0.022481
2024-01-01 00:00:27.090,0.826655,0.803165,9.070427,-0.024652,-0.002322,0.089519
2024-01-01 00:00:27.100,-0.432744,0.036808,9.715377,0.500481,-0.25684,0.218616
2024-01-01 00:00:27.110,0.810239,-0.438289,9.427024,0.011016,-0.112711,0.102943
2024-01-01 00:00:27.120,0.264303,0.3624,8.821986,0.285196,0.317913,0.186058
2024-01-01 00:00:27.130,-0.739883,0.168374,9.532195,0.073252,0.277088,-0.1548
2024-01-01 00:00:27.140,2.074395,0.166907,15.917132,0.14638,-0.12392,-0.048963
2024-01-01 00:00:27.150,0.769611,-0.180095,15.459345,-0.417833,-0.563661,0.064403
2024-01-01 00:00:27.160,2.210737,0.19056,15.525087,0.092763,-0.042538,0.174143
2024-01-01 00:00:27.170,2.348066,-0.110724,15.103918,-0.183744,-0.057541,-0.021784
2024-01-01 00:00:27.180,1.566792,0.235163,15.422732,-0.2116,-0.049955,-0.012367
2024-01-01 00:00:27.190,0.065326,-0.805792,9.132701,0.436026,0.105708,0.103071
2024-01-01 00:00:27.200,1.033261,-0.183528,9.548155,-0.053443,0.175243,-0.168881
2024-01-01 00:00:27.210,-0.267414,0.728472,9.972436,-0.250825,0.19806,0.241111
2024-01-01 00:00:27.220,-0.559897,-0.32447,10.044778,-0.089783,0.089142,-0.13187
2024-01-01 00:00:27.230,0.78343,-0.255424,10.080879,-0.325113,-0.360154,-0.287788
2024-01-01 00:00:27.240,1.037718,-0.189488,9.692968,0.358471,-0.06824,0.00151
2024-01-01 00:00:27.250,0.001954,-0.513863,9.4907,-0.17392,0.460818,0.254769
2024-01-01 00:00:27.260,0.534811,-0.934103,12.481475,0.132325,0.074843,0.087968
2024-01-01 00:00:27.270,0.709305,-0.097538,10.577142,0.339027,0.073564,0.112664
2024-01-01 00:00:27.280,-0.392589,0.057469,10.159523,-0.125038,0.071897,0.006208
2024-01-01 00:00:27.290,-0.256605,-0.02221,9.612706,0.133006,0.083076,-0.022857
2024-01-01 00:00:27.300,0.650825,-0.061284,9.428269,-0.257522,-0.476622,-0.231736
2024-01-01 00:00:27.310,0.890951,0.018206,9.699343,0.611442,-0.047905,-0.338908
2024-01-01 00:00:27.320,0.297623,0.432662,10.057733,0.234095,-0.007579,0.029441
2024-01-01 00:00:27.330,-0.465202,-0.080559,8.219152,-0.048152,0.256299,0.196882
2024-01-01 00:00:27.340,1.050659,-0.242837,8.482296,-0.193208,0.009535,0.05162
2024-01-01 00:00:27.350,-0.280751,-0.118916,9.271197,-0.028499,-0.329302,0.09354
2024-01-01 00:00:27.360,-0.177204,0.245064,9.98524,-0.084996,0.086018,0.237558
2024-01-01 00:00:27.370,0.181011,0.597287,9.607575,0.488236,-0.160765,0.049315
2024-01-01 00:00:27.380,0.821762,-0.265705,11.060491,-0.306384,-0.243357,-0.018398
2024-01-01 00:00:27.390,0.45154,0.041849,8.555892,0.0337,-0.166832,-0.122779
2024-01-01 00:00:27.400,0.21936,0.143125,9.174362,-0.004585,0.108501,0.303332
2024-01-01 00:00:27.410,0.244964,-0.41986,11.095998,-0.029353,0.251752,0.078982
2024-01-01 00:00:27.420,0.023008,0.008636,9.920927,-0.027154,0.096586,-0.14154
2024-01-01 00:00:27.430,0.295116,-0.61998,10.558577,-0.029018,0.126405,-0.175675
2024-01-01 00:00:27.440,-1.337505,-0.748308,11.545355,0.218267,0.094609,0.18796
2024-01-01 00:00:27.450,-0.156831,0.155134,9.223041,0.152246,0.020265,-0.155616
2024-01-01 00:00:27.460,0.127599,-0.162379,9.72598,0.104728,0.139386,0.278075
2024-01-01 00:00:27.470,-0.608599,0.085565,9.579527,-0.758497,-0.483755,-0.413469
2024-01-01 00:00:27.480,0.204268,-0.00757,8.156414,0.074949,0.022218,0.213389
2024-01-01 00:00:27.490,-0.108114,-0.413017,9.547404,-0.41391,-0.208985,0.073034
2024-01-01 00:00:27.500,0.928208,-0.019143,10.555379,0.16158,0.232581,0.017789
2024-01-01 00:00:27.510,0.831734,-0.521602,10.267339,0.368624,-0.029431,-0.026319
2024-01-01 00:00:27.520,-0.246295,0.588381,10.333744,-0.23156,0.00619,0.283609
2024-01-01 00:00:27.530,-0.079755,-0.573575,9.492319,-0.065445,-0.301014,0.106059
2024-01-01 00:00:27.540,-0.0391,-0.082817,9.254942,-0.149839,0.203366,-0.135481
2024-01-01 00:00:27.550,-0.238815,-0.440881,10.88379,0.308858,0.125466,-0.257836
2024-01-01 00:00:27.560,0.103119,0.241288,9.38927,0.023757,0.11139,0.026595
2024-01-01 00:00:27.570,-0.400942,-0.140195,10.058793,0.432082,-0.162605,-0.000161
2024-01-01 00:00:27.580,-0.597813,-0.219396,9.948181,0.103439,-0.154728,-0.22798
2024-01-01 00:00:27.590,0.329259,0.360904,11.046613,0.060613,0.04472,-0.008309
2024-01-01 00:00:27.600,0.332864,0.012449,10.631815,0.017052,-0.1389,-0.08609
2024-01-01 00:00:27.610,-0.425282,0.218541,8.714211,0.204498,0.086979,0.001394
2024-01-01 00:00:27.620,0.473419,-0.415101,8.80533,-0.434422,-0.432183,0.108889
2024-01-01 00:00:27.630,-0.333947,-0.594238,10.299758,0.021336,-0.097509,0.223891
2024-01-01 00:00:27.640,0.133861,0.045349,9.75557,-0.017512,0.359351,0.136333
2024-01-01 00:00:27.650,0.433757,-0.134872,9.424925,0.181355,0.087897,-0.108216
2024-01-01 00:00:27.660,-0.017773,0.264982,10.669221,-0.046925,0.033359,0.055337
2024-01-01 00:00:27.670,0.240444,-0.033801,9.968591,-0.259684,0.397045,0.009466
2024-01-01 00:00:27.680,-0.273062,0.086747,9.854379,0.001838,-0.467191,-0.199819
2024-01-01 00:00:27.690,-0.103882,-0.686691,10.469735,-0.27071,-0.163062,0.059735
2024-01-01 00:00:27.700,-0.108848,0.798809,9.492658,-0.481316,-0.080235,0.278501
2024-01-01 00:00:27.710,-0.394753,-0.069474,11.136967,0.181781,0.17167,0.004864
2024-01-01 00:00:27.720,-0.093469,0.295079,9.143312,0.144765,0.175131,-0.239127
2024-01-01 00:00:27.730,1.061168,-0.353667,15.535762,0.116773,-0.173201,0.00454
2024-01-01 00:00:27.740,1.620302,0.130288,16.193023,0.325732,0.199591,-0.182057
2024-01-01 00:00:27.750,1.729372,-0.551103,13.814808,-0.166258,-0.080663,0.129541
2024-01-01 00:00:27.760,1.744545,0.191225,14.689538,-0.357779,0.242328,0.07873
2024-01-01 00:00:27.770,1.752308,-0.150577,15.946307,-0.017507,-0.206529,-0.025637
2024-01-01 00:00:27.780,-0.032658,0.012348,10.789029,-0.086875,-0.024662,-0.049675
2024-01-01 00:00:27.790,0.253505,0.295243,9.664915,-0.210574,-0.098033,-0.031835
2024-01-01 00:00:27.800,0.462401,-0.521365,9.188468,-0.019962,0.211206,0.001241
2024-01-01 00:00:27.810,-0.343563,-0.28954,10.618722,-0.152901,-0.104556,-0.115835
2024-01-01 00:00:27.820,-0.636192,0.193448,10.811283,-0.459001,-0.00849,-0.208163
2024-01-01 00:00:27.830,-0.550981,0.887548,8.824695,-0.110294,0.101362,0.170805
2024-01-01 00:00:27.840,-0.257609,-0.058409,8.791489,-0.284094,0.109052,-0.05781
2024-01-01 00:00:27.850,-0.186078,0.250051,10.000567,0.057912,0.177391,0.025056
2024-01-01 00:00:27.860,-0.407135,-0.045249,10.342439,-0.164009,0.042225,0.042792
2024-01-01 00:00:27.870,-0.685322,0.82157,9.556988,0.277908,-0.08365,0.048303
2024-01-01 00:00:27.880,-0.241174,-0.739075,10.384683,0.400967,-0.06994,-0.176073
2024-01-01 00:00:27.890,0.095929,0.040025,9.209224,0.169845,0.005134,-0.251376
2024-01-01 00:00:27.900,0.314622,-0.687605,8.020969,-0.387757,0.049918,-0.088304
2024-01-01 00:00:27.910,-0.294737,-1.06028,9.45138,0.376299,-0.029434,0.059357
2024-01-01 00:00:27.920,-0.218373,0.125826,9.863494,0.39393,0.003841,-0.109192
2024-01-01 00:00:27.930,-0.489992,0.059008,9.576639,0.004698,-0.303451,-0.053238
2024-01-01 00:00:27.940,-0.016623,-0.120486,8.829822,0.330732,0.133471,0.319095
2024-01-01 00:00:27.950,-0.448607,-0.04492,8.273961,-0.137919,0.036222,-0.276814
2024-01-01 00:00:27.960,0.303041,1.310581,9.375081,-0.466561,0.200374,-0.113255
2024-01-01 00:00:27.970,-0.944277,-0.109208,10.569417,-0.190071,3.2e-05,0.284491
2024-01-01 00:00:27.980,-0.190154,0.215783,10.872743,0.432325,-0.34768,-0.00669
2024-01-01 00:00:27.990,0.159211,-0.274681,10.814806,-0.37277,-0.071689,-0.105898
2024-01-01 00:00:28.000,0.097203,0.124883,9.119741,-0.00012,-0.039986,0.175315
2024-01-01 00:00:28.010,1.423942,-0.100773,8.833964,0.008536,0.148581,0.008285
2024-01-01 00:00:28.020,0.184957,-0.173649,10.230153,-0.128244,-0.414055,-0.052246
2024-01-01 00:00:28.030,1.349106,0.769394,15.517295,-0.11088,0.008236,0.028855
2024-01-01 00:00:28.040,1.829523,0.497949,15.318543,0.018062,0.102735,-0.098716
2024-01-01 00:00:28.050,0.94081,0.057844,13.276102,-0.140541,-0.132298,-0.152624
2024-01-01 00:00:28.060,1.837383,-0.974682,14.246616,-0.355515,0.014926,-0.01704
2024-01-01 00:00:28.070,1.439522,-0.152707,14.954883,0.053758,-0.125407,-0.15165
2024-01-01 00:00:28.080,0.484013,1.143381,10.222187,0.268342,-0.145915,0.001604
2024-01-01 00:00:28.090,-0.290569,-0.09757,10.459142,0.217393,-0.081684,0.053161
2024-01-01 00:00:28.100,-0.06174,0.466661,9.932038,-0.202434,-0.142138,0.127959
2024-01-01 00:00:28.110,-0.336051,0.609942,10.089843,-0.312807,0.136724,0.169189
2024-01-01 00:00:28.120,0.919418,0.092622,9.881796,-0.071047,-0.14699,-0.06086
2024-01-01 00:00:28.130,-0.169857,-0.356091,10.390034,0.391948,-0.180582,0.074912
2024-01-01 00:00:28.140,0.968965,-1.030137,10.074684,0.1614,0.353586,0.073879
2024-01-01 00:00:28.150,0.430483,0.289401,9.865614,0.175991,0.192148,0.049173
2024-01-01 00:00:28.160,0.254893,-0.344642,9.58296,0.222464,-0.372303,-0.071919
2024-01-01 00:00:28.170,0.194968,0.074512,9.878773,0.105192,-0.152954,-0.15421
2024-01-01 00:00:28.180,0.20822,-0.528674,10.219964,0.030152,0.048493,0.0753
2024-01-01 00:00:28.190,-1.019257,-0.112195,10.036284,0.165577,0.064751,-0.256029
2024-01-01 00:00:28.200,-0.14746,0.014263,10.132179,-0.136542,-0.298099,-0.040176
2024-01-01 00:00:28.210,0.446877,0.113615,10.945943,-0.353616,0.231713,-0.383045
2024-01-01 00:00:28.220,-0.025854,-0.47157,10.034329,0.180749,0.165045,-0.20046
2024-01-01 00:00:28.230,-0.742994,0.506293,9.260947,0.309435,0.09638,-0.13157
2024-01-01 00:00:28.240,-0.027709,-0.252486,10.557531,-0.279558,0.271346,0.164509
2024-01-01 00:00:28.250,0.901046,-0.708301,8.654196,0.20548,0.090458,0.103216
2024-01-01 00:00:28.260,0.659294,-0.046117,8.895124,0.420191,0.089716,-0.08309
2024-01-01 00:00:28.270,-0.032785,0.014541,10.094127,-0.000562,0.311536,0.109405
2024-01-01 00:00:28.280,0.503079,0.067929,10.246872,-0.204501,0.220244,0.133143
2024-01-01 00:00:28.290,-0.193791,0.576182,8.756687,0.030755,-0.168301,-0.0241
2024-01-01 00:00:28.300,-0.900922,-0.100018,9.486136,-0.137633,0.126639,-0.207657
2024-01-01 00:00:28.310,-0.488811,-0.050599,9.297253,-0.154183,-0.132854,-0.031187
2024-01-01 00:00:28.320,0.826377,-0.466647,9.398272,0.108296,0.100831,-0.014684
2024-01-01 00:00:28.330,-0.144874,0.347094,10.608284,-0.400932,0.095323,-0.184868
2024-01-01 00:00:28.340,-0.128689,0.077963,10.407704,-0.360982,-0.276693,0.055057
2024-01-01 00:00:28.350,-0.158539,-0.177672,9.793823,0.004823,-0.024369,0.041972
2024-01-01 00:00:28.360,1.006812,-0.805677,9.348116,-0.005577,0.053051,0.066756
2024-01-01 00:00:28.370,0.859726,0.610986,8.668196,0.085889,-0.087258,0.041838
2024-01-01 00:00:28.380,1.17318,-0.519309,11.011476,0.468806,0.062942,0.109476
2024-01-01 00:00:28.390,-0.084095,-0.250111,10.310928,0.026129,0.16118,-0.026899
2024-01-01 00:00:28.400,0.156311,0.15158,9.212158,0.149543,-0.006119,0.030268
2024-01-01 00:00:28.410,-0.801925,-0.506144,10.418781,-0.243883,0.04492,-0.059661
2024-01-01 00:00:28.420,0.780929,-0.631755,9.750591,0.191984,0.276685,-0.087675
2024-01-01 00:00:28.430,-0.617463,-0.89843,9.567105,-0.131598,0.094639,0.200737
2024-01-01 00:00:28.440,0.11462,0.304982,10.178189,0.017855,0.040165,-0.306565
2024-01-01 00:00:28.450,-0.580199,-0.230614,9.182692,-0.027212,-0.191616,0.131514
2024-01-01 00:00:28.460,-0.311363,1.238235,9.519182,0.258244,0.134205,-0.093081
2024-01-01 00:00:28.470,-0.442703,-0.420612,9.912756,-0.327494,0.06603,-0.112506
2024-01-01 00:00:28.480,-0.321414,-0.389774,9.387464,-0.57081,0.256748,0.039237
2024-01-01 00:00:28.490,-0.285061,-0.239161,10.376046,-0.053358,0.009376,-0.223441
2024-01-01 00:00:28.500,-0.289897,0.102846,11.39123,0.117133,-0.363253,-0.122403
2024-01-01 00:00:28.510,0.440625,-0.198896,9.171864,0.038067,-0.340024,-0.127371
2024-01-01 00:00:28.520,-0.584196,0.259017,8.401304,0.308051,0.147136,-0.03321
2024-01-01 00:00:28.530,0.116611,-0.413943,8.116528,0.109343,-0.114039,-0.120621
2024-01-01 00:00:28.540,0.643996,-0.584413,9.682704,-0.140962,0.087354,0.240168
2024-01-01 00:00:28.550,-0.271353,-0.760645,9.248963,-0.581355,0.022847,0.269552
2024-01-01 00:00:28.560,-0.3796,-0.940572,9.98585,-0.059328,-0.033368,-0.303299
2024-01-01 00:00:28.570,-0.12189,-0.219143,9.922178,0.25699,-0.019272,0.081648
2024-01-01 00:00:28.580,0.62378,-0.127315,8.453679,-0.098012,-0.173078,0.1288
2024-01-01 00:00:28.590,0.102634,-0.267098,8.274608,0.00708,-0.003156,0.081448
2024-01-01 00:00:28.600,-0.28088,0.525961,10.06036,0.10534,-0.116899,-0.098717
2024-01-01 00:00:28.610,0.25585,0.519457,9.924573,-0.253823,-0.074451,-0.036614
2024-01-01 00:00:28.620,1.297163,-0.141622,14.619758,0.155809,-0.06473,-0.112241
2024-01-01 00:00:28.630,2.240269,-0.758829,13.578057,0.40928,-0.045339,-0.06304
2024-01-01 00:00:28.640,2.096051,-0.239716,15.378797,-0.043203,0.184435,-0.181495
2024-01-01 00:00:28.650,1.717246,-0.253724,16.056027,-0.282266,-0.025958,-0.017218
2024-01-01 00:00:28.660,1.436598,-0.277968,15.215173,-0.01665,0.20474,-0.22542
2024-01-01 00:00:28.670,-0.468833,-0.295135,9.093037,-0.556096,0.307571,-0.03002
2024-01-01 00:00:28.680,0.282785,-0.276415,9.847691,0.084226,0.170989,-0.187287
2024-01-01 00:00:28.690,0.649823,-0.163507,8.654267,0.113069,0.106894,0.031022
2024-01-01 00:00:28.700,-0.336976,-0.268834,10.705035,0.418909,0.065366,-0.101913
2024-01-01 00:00:28.710,0.242372,0.08812,9.87924,-0.048499,0.173072,0.043587
2024-01-01 00:00:28.720,-1.103516,0.152436,8.314139,0.102121,0.017872,0.162237
2024-01-01 00:00:28.730,-0.309117,-0.385203,9.555629,-0.215322,0.196914,0.238417
2024-01-01 00:00:28.740,-0.016422,0.537661,10.201953,-0.089107,0.122821,-0.379201
2024-01-01 00:00:28.750,-0.480995,-0.414566,9.528242,-0.381296,-0.071968,-0.125129
2024-01-01 00:00:28.760,-0.495178,-0.68433,9.576592,-0.048697,0.17917,-0.045463
2024-01-01 00:00:28.770,-0.353088,0.161069,8.774156,-0.076327,0.018296,0.069049
2024-01-01 00:00:28.780,0.154497,-0.345764,10.289294,0.0748,-0.021226,-0.247553
2024-01-01 00:00:28.790,-0.09905,0.135906,9.261395,-0.155899,-0.09524,-0.147314
2024-01-01 00:00:28.800,-1.183465,-1.016752,7.985647,0.020836,0.033204,0.019554
2024-01-01 00:00:28.810,-1.12132,0.589009,9.495916,-0.083345,0.199293,0.012733
2024-01-01 00:00:28.820,-0.32088,0.28438,10.640053,-0.082875,0.177788,0.056643
2024-01-01 00:00:28.830,0.242002,-0.634702,9.482658,0.020091,0.070679,0.066551
2024-01-01 00:00:28.840,-1.452743,-0.625523,11.280335,0.010131,0.119929,0.050789
2024-01-01 00:00:28.850,-0.264232,0.707368,10.172907,0.190294,0.254339,0.029048
2024-01-01 00:00:28.860,-0.278254,-0.311912,10.096589,-0.030161,-0.029993,0.008361
2024-01-01 00:00:28.870,0.734084,-0.35286,9.701375,-0.087471,-0.223084,0.099714
2024-01-01 00:00:28.880,-0.20358,-0.95854,9.75223,-0.045202,0.260226,-0.335898
2024-01-01 00:00:28.890,0.202505,-0.148379,9.587144,-0.178666,-0.105956,0.23165
2024-01-01 00:00:28.900,0.07469,-0.096325,9.55428,-0.089978,-0.138068,-0.330672
2024-01-01 00:00:28.910,-1.126537,0.302654,10.259114,0.50779,-0.35924,-0.161874
2024-01-01 00:00:28.920,2.28619,-0.59181,14.188287,-0.22817,0.114257,-0.034014
2024-01-01 00:00:28.930,1.993891,-0.643081,14.069794,-0.069664,-0.324291,0.100892
2024-01-01 00:00:28.940,2.148747,0.190757,14.029777,-0.096872,-0.150052,-0.44929
2024-01-01 00:00:28.950,3.955998,0.425847,16.710624,-0.061793,0.117647,-0.004219
2024-01-01 00:00:28.960,0.778025,-0.664597,15.42867,-0.08281,0.144384,0.118859
2024-01-01 00:00:28.970,0.911933,0.45748,10.0676,0.06981,-0.130341,0.149178
2024-01-01 00:00:28.980,-0.151988,0.01588,8.915343,-0.427544,-0.026831,-0.104599
2024-01-01 00:00:28.990,0.151925,0.461834,10.337348,0.259293,-0.174519,-0.045125
2024-01-01 00:00:29.000,-0.024065,-0.029703,9.711381,0.158146,-0.109679,-0.092422
2024-01-01 00:00:29.010,-0.224315,-1.066924,9.991187,-0.310718,0.053243,-0.058901
2024-01-01 00:00:29.020,-0.301299,-0.064282,8.983779,-0.567269,-0.100329,-0.154774
2024-01-01 00:00:29.030,0.174228,0.448441,9.945587,-0.244268,-0.048843,-0.133388
2024-01-01 00:00:29.040,-0.802206,-0.378055,9.451437,-0.060667,-0.292941,0.065157
2024-01-01 00:00:29.050,0.396869,-0.164109,9.162293,0.645073,0.226591,0.019742
2024-01-01 00:00:29.060,-0.220063,-0.074504,10.431054,0.135814,0.102013,0.073738
2024-01-01 00:00:29.070,-0.597524,-1.226494,8.509099,-0.451897,0.158581,0.032102
2024-01-01 00:00:29.080,-0.237944,0.70698,10.287801,-0.172414,0.258085,0.105651
2024-01-01 00:00:29.090,0.664718,-0.381282,10.389075,-0.013303,-0.165043,0.131732
2024-01-01 00:00:29.100,-0.283058,0.213926,9.065821,0.063421,-0.071679,-0.261257
2024-01-01 00:00:29.110,0.189532,-0.036675,9.116002,-0.328687,-0.378967,-0.128146
2024-01-01 00:00:29.120,-0.386493,0.531973,9.62132,-0.033748,0.628085,-0.034706
2024-01-01 00:00:29.130,0.400751,0.171762,10.048603,-0.17941,-0.029917,-0.003402
2024-01-01 00:00:29.140,0.362462,-0.099373,9.680685,-0.27594,0.207746,-0.100514
2024-01-01 00:00:29.150,0.977452,-0.377957,10.176794,0.064899,-0.247632,0.136804
2024-01-01 00:00:29.160,-0.092829,0.337491,11.301481,0.193469,0.199278,0.296992
2024-01-01 00:00:29.170,0.353551,-0.792466,9.380472,0.21026,0.371518,0.027924
2024-01-01 00:00:29.180,0.051853,0.273212,8.358958,0.143597,-0.012056,0.012651
2024-01-01 00:00:29.190,0.685192,-0.464896,10.508731,-0.124342,-0.202176,0.127418
2024-01-01 00:00:29.200,-0.380083,0.529716,11.234084,0.178637,-0.027759,-0.279876
2024-01-01 00:00:29.210,0.393922,0.06823,10.142282,0.077264,-0.445352,0.00427
2024-01-01 00:00:29.220,-0.102946,0.272464,8.889765,0.033485,-0.007577,0.146855
2024-01-01 00:00:29.230,-0.033939,0.034681,9.705187,-0.152923,0.164193,-0.096473
2024-01-01 00:00:29.240,0.048514,-0.741256,8.863729,-0.124219,-0.007152,-0.183984
2024-01-01 00:00:29.250,0.133372,-0.364088,10.353856,0.018472,-0.056828,-0.027871
2024-01-01 00:00:29.260,-0.061456,0.284421,8.666808,0.609969,0.105514,-0.009103
2024-01-01 00:00:29.270,0.11353,0.070495,9.556091,0.075311,0.120805,-0.136298
2024-01-01 00:00:29.280,0.83443,0.499559,8.96033,-0.152797,-0.331981,0.314424
2024-01-01 00:00:29.290,0.521057,0.170585,9.917294,-0.208097,0.017765,-0.071804
2024-01-01 00:00:29.300,0.459565,-0.408915,9.500075,-0.122942,0.487197,-0.173049
2024-01-01 00:00:29.310,-0.240867,-0.336735,9.959541,0.544323,-0.267003,-0.014043
2024-01-01 00:00:29.320,-0.470186,0.043534,9.828909,-0.099814,-0.017084,0.136179
2024-01-01 00:00:29.330,0.505115,-0.978841,8.975286,0.226718,0.388349,0.002612
2024-01-01 00:00:29.340,0.46321,0.707866,10.340338,-0.093982,0.220835,0.072839
2024-01-01 00:00:29.350,0.778675,0.186859,9.768744,0.065296,-0.102679,-0.130727
2024-01-01 00:00:29.360,-0.319355,0.519036,8.973704,0.197936,0.041227,0.223153
2024-01-01 00:00:29.370,-0.121374,-0.668595,11.705824,-0.142976,-0.000422,0.084257
2024-01-01 00:00:29.380,-0.866877,0.526451,10.21306,-0.160278,-0.149614,0.157155
2024-01-01 00:00:29.390,-0.207519,0.943924,9.680342,0.414717,-0.01485,0.054774
2024-01-01 00:00:29.400,0.526937,-0.558732,11.007263,0.246148,-0.055993,0.123733
2024-01-01 00:00:29.410,-0.246659,0.326303,11.368176,0.197668,0.02255,-0.130958
2024-01-01 00:00:29.420,0.338654,0.00047,9.687034,0.196819,-0.149677,-0.073712
2024-01-01 00:00:29.430,-0.100729,-0.653296,10.103898,0.114894,-0.255324,0.201972
2024-01-01 00:00:29.440,0.171345,0.20849,8.97415,0.504444,-0.008256,0.233961
2024-01-01 00:00:29.450,-0.606842,0.352614,9.685475,0.010977,0.343024,-0.17206
2024-01-01 00:00:29.460,0.045054,-0.254277,9.641593,0.144316,0.016441,0.03746
2024-01-01 00:00:29.470,-1.581563,0.493183,9.966364,-0.362728,-0.066319,-0.064642
2024-01-01 00:00:29.480,-0.098821,-0.705041,10.091515,-0.20624,0.150817,-0.104555
2024-01-01 00:00:29.490,-0.862113,-0.632282,10.283615,-0.300205,-0.031664,0.042726
2024-01-01 00:00:29.500,0.63767,0.057781,10.011046,0.318516,0.373607,0.171144
2024-01-01 00:00:29.510,0.411054,0.010738,8.785712,-0.638135,-0.000783,0.067749
2024-01-01 00:00:29.520,0.246752,-0.303111,9.016057,-0.100578,0.140099,-0.047927
2024-01-01 00:00:29.530,0.804232,0.342458,9.347739,-0.748427,-0.150921,0.077229
2024-01-01 00:00:29.540,-0.50174,0.224568,9.571224,-0.207822,0.100618,-0.053996
2024-01-01 00:00:29.550,0.923918,0.362993,10.698955,-0.122737,0.055019,0.061817
2024-01-01 00:00:29.560,0.492896,-0.052087,8.826154,0.346218,-0.011301,0.20947
2024-01-01 00:00:29.570,-0.125079,0.254891,9.507627,0.099157,-0.100352,-0.311574
2024-01-01 00:00:29.580,0.600459,-0.18851,10.616246,-0.208285,-0.127606,0.119588
2024-01-01 00:00:29.590,-0.584953,0.868765,9.556304,0.266491,0.056471,-0.230858
2024-01-01 00:00:29.600,-0.435962,-0.343707,10.199512,0.004458,0.125788,0.184249
2024-01-01 00:00:29.610,-0.321792,0.890541,9.691947,0.009392,-0.025433,-0.095554
2024-01-01 00:00:29.620,-0.279697,0.014758,10.027239,-0.300668,0.057454,-0.182651
2024-01-01 00:00:29.630,-0.558655,-0.581841,9.616712,-0.247503,-0.007583,0.10429
2024-01-01 00:00:29.640,0.646705,0.578698,10.374337,-0.206274,0.019705,0.054626
2024-01-01 00:00:29.650,-0.136869,0.053256,8.502882,0.011615,-0.040089,-0.149878
2024-01-01 00:00:29.660,0.186387,0.360025,9.502638,0.019471,0.003595,-0.18795
2024-01-01 00:00:29.670,-0.301573,0.517691,10.0609,0.386023,0.539608,-0.028122
2024-01-01 00:00:29.680,-0.962644,0.142955,10.261506,0.096264,0.062327,-0.180613
2024-01-01 00:00:29.690,0.142793,-0.250518,11.073038,-0.676891,0.129059,-0.159221
2024-01-01 00:00:29.700,-1.011105,0.412727,9.479193,0.06566,0.087605,0.017343
2024-01-01 00:00:29.710,-0.03629,0.00032,11.061642,-0.362504,-0.052563,-0.144881
2024-01-01 00:00:29.720,-0.723497,0.290118,9.252466,-0.241493,0.258798,0.063981
2024-01-01 00:00:29.730,1.050772,-0.911028,10.934035,-0.203042,-0.058233,0.223522
2024-01-01 00:00:29.740,0.481883,0.189073,10.501577,-0.165835,0.211011,-0.022283
2024-01-01 00:00:29.750,0.055917,-0.270122,9.037214,-0.343787,-0.066841,0.019523
2024-01-01 00:00:29.760,0.668185,0.69935,10.069755,0.050871,-0.191995,0.302715
2024-01-01 00:00:29.770,-0.44749,0.263566,9.766654,-0.352701,0.073079,-0.17814
2024-01-01 00:00:29.780,0.287365,0.10146,10.339245,0.089167,-0.220934,0.178685
2024-01-01 00:00:29.790,0.10565,0.205709,9.621112,0.559243,0.107128,0.160629
2024-01-01 00:00:29.800,0.139601,-0.42234,9.55007,-0.33234,-0.238832,0.128148
2024-01-01 00:00:29.810,0.672757,0.686638,10.968254,-0.071128,-0.063802,0.193762
2024-01-01 00:00:29.820,0.387305,0.84235,9.726482,-0.630864,-0.286346,0.042086
2024-01-01 00:00:29.830,0.152663,0.166202,10.509153,-0.075234,0.564833,-0.087439
2024-01-01 00:00:29.840,-0.875022,0.672741,9.619353,0.160679,-0.330792,0.164186
2024-01-01 00:00:29.850,-0.507624,-0.24075,11.219997,0.18016,0.001963,0.169926
2024-01-01 00:00:29.860,-0.064882,-0.337179,9.236129,0.019341,0.228661,0.165797
2024-01-01 00:00:29.870,0.049371,0.017311,9.290435,0.222316,0.207277,0.006675
2024-01-01 00:00:29.880,-0.597595,0.18398,11.099742,0.636514,0.170268,-0.107429
2024-01-01 00:00:29.890,1.275174,-0.166656,9.433575,0.428076,-0.063446,0.028704
2024-01-01 00:00:29.900,0.801793,0.227476,11.164509,-0.13063,0.270218,0.141335
2024-01-01 00:00:29.910,0.31837,0.129603,10.564497,-0.362776,0.182678,0.153653
2024-01-01 00:00:29.920,0.038089,-0.422284,9.679166,-0.101538,0.04246,-0.064451
2024-01-01 00:00:29.930,-0.112205,0.219449,8.275954,-0.236746,0.048116,0.047306
2024-01-01 00:00:29.940,-0.503327,0.365272,9.793657,0.112837,-0.060785,-0.196317
2024-01-01 00:00:29.950,0.040968,0.072532,9.895979,-0.295298,-0.18193,0.147743
2024-01-01 00:00:29.960,0.136287,0.48757,10.797466,-0.018206,0.24743,-0.117496
2024-01-01 00:00:29.970,-0.656581,-0.514962,11.153826,0.209504,0.262442,0.117788
2024-01-01 00:00:29.980,0.176696,0.197943,9.230501,-0.025174,-0.176822,-0.172396
2024-01-01 00:00:29.990,-0.082093,-0.495029,10.4878,-0.236578,-0.030757,0.154712
