timestamp,acc_x,acc_y,acc_z,gyro_x,gyro_y,gyro_z
2024-01-01 00:00:00.000,0.17385,0.627658,8.757255,0.191351,1.143704,-0.021513
2024-01-01 00:00:00.010,0.010658,0.940954,9.219671,0.299847,0.37762,0.010848
2024-01-01 00:00:00.020,0.344701,1.072199,9.244014,0.187611,0.757529,0.041114
2024-01-01 00:00:00.030,0.709846,1.757943,9.653782,-0.391339,0.815971,0.189172
2024-01-01 00:00:00.040,0.153334,1.352111,10.026802,0.086631,0.812149,-0.049339
2024-01-01 00:00:00.050,0.211477,0.776172,10.789623,-0.132433,0.830072,-0.048705
2024-01-01 00:00:00.060,0.903832,1.312474,10.331208,0.136606,0.909468,0.279122
2024-01-01 00:00:00.070,0.676848,0.69051,9.807355,0.462732,0.715224,0.039469
2024-01-01 00:00:00.080,0.300435,1.465756,11.469973,0.324155,0.594791,-0.065522
2024-01-01 00:00:00.090,0.710431,0.98409,10.536892,0.564642,0.54338,0.06604
2024-01-01 00:00:00.100,0.413317,1.080071,11.109263,0.392379,0.44687,0.103962
2024-01-01 00:00:00.110,0.466593,1.486917,11.52044,0.011204,0.747388,0.401137
2024-01-01 00:00:00.120,0.767394,0.682356,11.506108,-0.266101,0.336212,0.320779
2024-01-01 00:00:00.130,0.06511,0.62704,12.107038,0.429073,0.653792,0.368064
2024-01-01 00:00:00.140,0.181948,0.847145,11.86437,0.365542,0.388363,0.332508
2024-01-01 00:00:00.150,0.638562,1.308202,11.209048,0.201291,0.192436,0.3647
2024-01-01 00:00:00.160,0.52927,0.513803,12.948491,0.046183,0.414487,0.132457
2024-01-01 00:00:00.170,1.040776,0.091376,11.909923,0.312735,0.013546,0.21842
2024-01-01 00:00:00.180,0.658566,0.775632,11.759677,0.47211,0.289269,0.111879
2024-01-01 00:00:00.190,0.52614,1.045046,12.393232,0.710707,0.116414,0.240546
2024-01-01 00:00:00.200,1.575913,1.206783,12.007175,0.614057,-0.152732,0.386065
2024-01-01 00:00:00.210,1.024755,0.673623,12.080959,0.990698,0.061648,0.314528
2024-01-01 00:00:00.220,1.166542,0.653752,13.208047,0.350649,-0.000287,0.501497
2024-01-01 00:00:00.230,0.681603,1.086753,11.646696,0.849739,0.086871,0.143525
2024-01-01 00:00:00.240,1.02526,0.141916,11.56886,0.660248,-0.025291,0.399247
2024-01-01 00:00:00.250,1.28826,0.547447,11.738647,0.840034,-0.206674,0.145938
2024-01-01 00:00:00.260,0.878296,0.681267,12.180478,0.574148,-0.672012,0.355765
2024-01-01 00:00:00.270,1.442358,0.718073,10.665397,0.967047,0.163828,0.460614
2024-01-01 00:00:00.280,1.128328,0.38863,10.302614,0.7877,-0.854647,0.324772
2024-01-01 00:00:00.290,1.262071,0.509328,10.937953,0.557693,-0.31873,0.446446
2024-01-01 00:00:00.300,1.177064,-0.290852,10.227684,0.73708,-0.497079,0.226083
2024-01-01 00:00:00.310,2.057305,0.214116,10.747272,0.691582,-0.943541,0.126182
2024-01-01 00:00:00.320,1.423445,0.502949,11.101905,0.883985,-0.722157,0.4644
2024-01-01 00:00:00.330,1.074918,0.026946,10.171196,0.475785,-0.747561,0.646966
2024-01-01 00:00:00.340,1.747714,0.293568,9.703928,0.771235,-0.433757,0.23988
2024-01-01 00:00:00.350,1.044972,0.363745,10.347457,0.884036,-0.966048,0.575934
2024-01-01 00:00:00.360,1.555531,0.080374,10.598537,0.798884,-0.875891,0.401828
2024-01-01 00:00:00.370,0.804407,0.187449,9.002045,1.131557,-1.412082,0.197057
2024-01-01 00:00:00.380,1.030979,-0.199551,10.192051,0.991289,-0.406902,0.229166
2024-01-01 00:00:00.390,1.567978,-0.019893,9.994786,0.797638,-1.115526,0.402122
2024-01-01 00:00:00.400,1.758449,0.177911,9.873272,0.854165,-0.768241,0.339327
2024-01-01 00:00:00.410,1.558549,-0.005298,9.822081,0.873154,-0.872112,0.202682
2024-01-01 00:00:00.420,1.454353,-0.275504,10.167767,0.898068,-0.862802,0.144515
2024-01-01 00:00:00.430,1.383387,-0.079281,8.568114,0.337598,-0.622181,0.269998
2024-01-01 00:00:00.440,0.962925,0.021064,8.635291,0.714169,-0.388064,0.423847
2024-01-01 00:00:00.450,1.217801,-0.854775,8.161975,0.412755,-0.719244,0.390972
2024-01-01 00:00:00.460,1.295584,0.061828,8.214163,1.096534,-0.589737,0.313296
2024-01-01 00:00:00.470,1.811602,-0.432429,8.885386,0.753646,-0.638002,0.414712
2024-01-01 00:00:00.480,1.544443,-0.24905,7.140009,0.711226,-0.428095,0.535785
2024-01-01 00:00:00.490,0.787472,-0.062084,7.252889,0.973285,-0.75623,0.433662
2024-01-01 00:00:00.500,1.496147,-0.876668,8.340804,0.843031,-0.325705,0.350528
2024-01-01 00:00:00.510,1.223977,-0.721184,8.012337,0.442511,-0.267294,0.501546
2024-01-01 00:00:00.520,1.095764,-0.637315,7.131452,0.69304,-0.221273,0.211406
2024-01-01 00:00:00.530,1.518639,-0.82742,7.693592,0.611969,-0.600883,0.314143
2024-01-01 00:00:00.540,1.635244,-0.112439,7.317141,0.243544,-0.419168,0.309675
2024-01-01 00:00:00.550,1.568209,-0.929597,7.874314,0.48997,-0.256116,0.145727
2024-01-01 00:00:00.560,0.914476,-0.877831,7.024221,0.598489,-0.595635,0.259206
2024-01-01 00:00:00.570,1.064045,-0.68735,7.496211,0.596473,0.210433,0.001361
2024-01-01 00:00:00.580,1.250462,-1.14565,8.349206,0.23452,-0.125572,0.589365
2024-01-01 00:00:00.590,1.436452,-0.938831,7.204376,0.871922,0.015033,0.151391
2024-01-01 00:00:00.600,0.886094,-0.758741,6.897338,0.536504,-0.133299,0.518932
2024-01-01 00:00:00.610,0.945984,-0.986361,7.277836,0.54857,-0.253935,0.275303
2024-01-01 00:00:00.620,0.57934,-0.945671,6.7053,0.615658,-0.006872,0.342478
2024-01-01 00:00:00.630,0.501979,-1.106184,8.260575,0.293995,0.264393,0.172187
2024-01-01 00:00:00.640,1.157702,-1.429986,7.10224,0.579859,0.442107,0.264074
2024-01-01 00:00:00.650,1.299315,-0.905914,6.923767,0.348034,0.376658,0.317475
2024-01-01 00:00:00.660,0.749461,-0.501106,6.699164,0.189008,0.483268,0.30626
2024-01-01 00:00:00.670,1.074734,-1.045666,7.860885,0.529227,0.370249,0.309149
2024-01-01 00:00:00.680,0.797782,-1.005578,7.846084,0.730897,0.633668,0.123739
2024-01-01 00:00:00.690,0.392088,-0.885647,7.219706,0.510743,0.932255,0.092714
2024-01-01 00:00:00.700,0.690081,-1.492875,7.946054,0.531327,0.786205,-0.088835
2024-01-01 00:00:00.710,1.046745,-0.618209,6.945847,0.141006,0.857072,0.214065
2024-01-01 00:00:00.720,0.439944,-1.083402,8.033717,-0.158081,0.768811,0.283019
2024-01-01 00:00:00.730,0.943458,-0.667907,8.346345,0.583645,0.355828,0.347953
2024-01-01 00:00:00.740,-0.578343,-1.388943,9.209595,0.694198,0.502225,0.136061
2024-01-01 00:00:00.750,0.568445,-0.633371,8.026664,0.53545,0.904153,-0.040098
2024-01-01 00:00:00.760,0.253021,-0.954172,7.93327,0.034749,0.809842,-0.195217
2024-01-01 00:00:00.770,0.059332,-1.026896,8.334176,-0.2012,0.939643,0.199979
2024-01-01 00:00:00.780,0.137277,-1.12684,8.285214,-0.210335,1.26075,-0.241399
2024-01-01 00:00:00.790,-0.649475,-1.27399,9.951322,-0.396307,1.029898,-0.038778
2024-01-01 00:00:00.800,-0.08977,-0.839796,10.264699,-0.033716,1.164596,-0.037082
2024-01-01 00:00:00.810,0.053066,-1.156512,9.785587,0.36306,0.869762,-0.029598
2024-01-01 00:00:00.820,0.386413,-1.785546,10.476217,-0.105202,0.63526,-0.029523
2024-01-01 00:00:00.830,-0.370969,-1.525534,10.070524,-0.025526,0.80838,-0.029831
2024-01-01 00:00:00.840,-0.530977,-1.239238,10.132993,0.21163,0.602341,-0.428439
2024-01-01 00:00:00.850,-0.481665,-1.081757,10.185536,-0.264251,1.168803,-0.079415
2024-01-01 00:00:00.860,-0.043231,-1.181184,10.375204,0.314951,0.947698,-0.431402
2024-01-01 00:00:00.870,-0.305566,-0.786162,9.86455,0.273688,0.846449,-0.002335
2024-01-01 00:00:00.880,-0.6624,-1.723044,11.02276,-0.287169,0.987086,-0.210465
2024-01-01 00:00:00.890,-0.352956,-1.078733,11.007471,-0.428437,0.130663,-0.465582
2024-01-01 00:00:00.900,-0.553413,-1.64956,11.581549,-0.138965,0.736347,-0.278768
2024-01-01 00:00:00.910,-0.302244,-0.856897,11.353817,-0.428892,0.211634,-0.256517
2024-01-01 00:00:00.920,-0.939873,-1.092112,11.331691,-0.659355,0.484121,-0.006503
2024-01-01 00:00:00.930,-0.860646,-0.915205,11.048105,-0.077538,0.351635,-0.169428
2024-01-01 00:00:00.940,-0.933854,-1.275953,11.659656,-0.12075,0.53596,-0.160764
2024-01-01 00:00:00.950,-1.358264,-0.607072,12.104765,-0.41234,0.36624,-0.048426
2024-01-01 00:00:00.960,-0.790498,-0.650981,11.134225,-0.792591,0.582223,-0.252859
2024-01-01 00:00:00.970,-0.84949,-0.759528,11.860664,-0.809173,0.030696,-0.137768
2024-01-01 00:00:00.980,-0.98433,-0.943091,11.975078,-0.499123,0.292552,-0.160386
2024-01-01 00:00:00.990,-1.111958,-0.698521,11.470964,-0.674222,0.089217,-0.467598
2024-01-01 00:00:01.000,-1.567367,-1.051436,11.546103,-0.657,-0.427075,-0.064916
2024-01-01 00:00:01.010,-1.259687,-0.54829,11.984289,-0.337822,-0.314706,-0.509702
2024-01-01 00:00:01.020,-1.27116,-0.274453,11.206681,-0.430684,-0.188795,-0.169384
2024-01-01 00:00:01.030,-1.46897,-0.411262,11.97988,-0.289157,0.061413,-0.544407
2024-01-01 00:00:01.040,-1.279745,-0.913338,11.237351,-0.90008,-0.164721,-0.236027
2024-01-01 00:00:01.050,-1.115103,-0.546968,12.242111,-0.755942,-0.634779,-0.055785
2024-01-01 00:00:01.060,-0.627632,-1.003255,12.856911,-0.49708,-0.438109,-0.375359
2024-01-01 00:00:01.070,-1.255976,-0.402561,10.997609,-0.590422,0.043793,-0.389674
2024-01-01 00:00:01.080,-1.254174,-0.397172,11.651735,-0.333874,-0.487625,-0.266918
2024-01-01 00:00:01.090,-1.395527,-1.050548,10.832785,-0.62525,-0.648839,-0.414602
2024-01-01 00:00:01.100,-2.064072,-0.794629,11.668044,-0.280641,-0.492135,-0.098592
2024-01-01 00:00:01.110,-1.422655,-0.486835,10.251957,-0.618795,-0.468471,-0.348071
2024-01-01 00:00:01.120,-1.410975,-0.447327,11.05472,-0.498221,-0.813523,-0.429907
2024-01-01 00:00:01.130,-0.586382,-0.674535,10.143997,-0.853421,-0.609663,-0.467314
2024-01-01 00:00:01.140,-1.530058,-0.149137,10.336268,-0.776552,-0.848797,-0.530004
2024-01-01 00:00:01.150,-1.369138,-0.144116,9.702319,-0.558759,-0.613259,-0.487411
2024-01-01 00:00:01.160,-1.496489,-0.231226,10.535373,-0.388404,-0.772266,-0.448425
2024-01-01 00:00:01.170,-1.900737,-0.352801,9.432018,-0.613264,-0.710747,-0.470933
2024-01-01 00:00:01.180,-1.096759,0.235626,10.001977,-0.819058,-1.032431,-0.497859
2024-01-01 00:00:01.190,-1.236297,0.464835,9.313146,-0.455386,-1.054129,-0.085033
2024-01-01 00:00:01.200,-1.223014,-0.129607,9.242623,-1.347928,-0.613343,-0.554481
2024-01-01 00:00:01.210,-1.816238,-0.120964,9.190431,-1.154466,-0.86521,-0.377459
2024-01-01 00:00:01.220,-1.002728,0.257176,8.49536,-0.626235,-0.764505,-0.309443
2024-01-01 00:00:01.230,-1.977792,0.049362,8.838089,-0.789617,-0.897584,-0.302056
2024-01-01 00:00:01.240,-1.272877,0.161666,9.37611,-0.637036,-0.576436,-0.402998
2024-01-01 00:00:01.250,-0.700458,0.471779,7.923691,-0.766361,-0.928237,-0.427337
2024-01-01 00:00:01.260,-1.800372,-0.276912,8.81967,-0.632562,-0.780538,-0.319917
2024-01-01 00:00:01.270,-1.636201,0.736938,8.830065,-0.970532,-0.515865,-0.343488
2024-01-01 00:00:01.280,-1.385202,0.408274,7.396619,-0.614754,-0.380431,-0.417532
2024-01-01 00:00:01.290,-1.576178,0.307446,6.894067,-0.498042,-0.761746,-0.607605
2024-01-01 00:00:01.300,-1.920404,0.44788,7.719656,-0.429621,-0.094108,-0.437568
2024-01-01 00:00:01.310,-1.32925,0.506399,7.122994,-0.218343,-0.455321,-0.532848
2024-01-01 00:00:01.320,-1.69853,0.040527,8.334353,-0.646562,-0.740658,-0.453867
2024-01-01 00:00:01.330,-1.132387,1.049718,7.22111,-0.623866,-0.330983,-0.341188
2024-01-01 00:00:01.340,-1.58935,0.654052,6.669541,-1.056821,-0.459691,-0.284203
2024-01-01 00:00:01.350,-0.692517,0.813977,6.402602,-0.791516,-0.193864,-0.062264
2024-01-01 00:00:01.360,-1.47466,1.004908,7.570261,-0.688549,-0.24966,-0.40075
2024-01-01 00:00:01.370,-1.27691,0.450346,6.608808,-0.35832,-0.155461,-0.194256
2024-01-01 00:00:01.380,-0.841318,0.934814,6.914381,-0.75331,-0.335933,-0.254386
2024-01-01 00:00:01.390,-1.516968,0.747329,7.398654,-0.380203,0.206145,-0.095244
2024-01-01 00:00:01.400,-0.964986,1.115218,6.604788,-0.557524,-0.263481,-0.192125
2024-01-01 00:00:01.410,-0.543909,0.25525,6.859527,-0.578377,-0.184877,-0.418315
2024-01-01 00:00:01.420,-1.519288,0.894535,6.904738,-0.448,0.250344,-0.513569
2024-01-01 00:00:01.430,-0.845823,0.77283,7.333969,-0.58336,0.624423,-0.196096
2024-01-01 00:00:01.440,-0.771851,1.111289,7.342291,-0.567425,0.199385,-0.30935
2024-01-01 00:00:01.450,-0.540199,1.149035,6.970144,-0.860243,0.524815,-0.36407
2024-01-01 00:00:01.460,-1.196535,0.820583,7.214165,-0.469243,0.677779,-0.393764
2024-01-01 00:00:01.470,-1.174344,0.842467,7.076212,-0.499824,0.670448,-0.165769
2024-01-01 00:00:01.480,-0.476982,1.04453,6.582488,-0.480815,0.443415,0.050246
2024-01-01 00:00:01.490,-0.502172,0.828677,7.663581,-0.219044,0.299664,-0.222932
2024-01-01 00:00:01.500,-0.463959,1.368503,8.700789,-0.129546,0.068199,-0.058561
2024-01-01 00:00:01.510,-0.375035,1.021653,7.322821,-0.20664,0.598193,-0.147684
2024-01-01 00:00:01.520,-0.67819,0.275071,7.542161,0.01409,0.998125,-0.310789
2024-01-01 00:00:01.530,-0.302101,1.047695,7.655582,-0.060584,0.457901,0.007984
2024-01-01 00:00:01.540,-0.223428,0.859753,8.707823,-0.247632,0.944753,-0.251138
2024-01-01 00:00:01.550,-0.518134,0.691293,8.737354,-0.258707,0.55815,-0.068252
2024-01-01 00:00:01.560,0.443217,0.816976,8.590333,-0.03369,0.84326,-0.107176
2024-01-01 00:00:01.570,0.01467,1.226713,8.363752,0.062817,1.009681,0.093649
2024-01-01 00:00:01.580,-0.50926,1.596318,9.113711,0.300232,0.678689,-0.183337
2024-01-01 00:00:01.590,0.1965,1.29366,8.398507,0.280037,0.891784,0.049752
2024-01-01 00:00:01.600,-0.31537,1.017872,9.534767,-0.121625,0.745725,-0.119098
2024-01-01 00:00:01.610,0.36027,1.334853,10.131521,0.01972,1.020855,-0.054055
2024-01-01 00:00:01.620,0.549189,1.056755,9.158574,0.244384,0.893231,-0.506965
2024-01-01 00:00:01.630,-0.08489,0.980651,9.195445,0.374919,0.833191,0.367774
2024-01-01 00:00:01.640,0.597884,0.835428,11.094474,0.373784,1.188235,0.152104
2024-01-01 00:00:01.650,0.463126,0.647062,10.071463,0.153979,0.938858,-0.030128
2024-01-01 00:00:01.660,0.663829,1.044689,11.208416,-0.112915,0.570533,-0.068403
2024-01-01 00:00:01.670,1.096859,1.196336,10.667136,-0.018811,0.686888,0.041114
2024-01-01 00:00:01.680,0.403297,1.105406,10.822384,0.329056,0.650221,0.237981
2024-01-01 00:00:01.690,0.280818,0.993318,11.302655,0.376023,0.645969,-0.138579
2024-01-01 00:00:01.700,0.287894,0.816365,10.714911,0.044916,1.20983,0.138555
2024-01-01 00:00:01.710,0.36736,1.262838,11.402216,0.359352,0.620642,0.439701
2024-01-01 00:00:01.720,0.678566,0.663825,11.235608,0.5341,-0.035093,0.018055
2024-01-01 00:00:01.730,0.876518,1.268732,10.822376,0.115988,0.281199,0.213955
2024-01-01 00:00:01.740,0.904346,0.710611,11.823976,0.706918,-0.125763,0.545831
2024-01-01 00:00:01.750,1.146156,0.75933,11.569194,0.362493,0.213097,0.323261
2024-01-01 00:00:01.760,0.909003,0.517283,11.688771,0.796778,-0.264897,0.260076
2024-01-01 00:00:01.770,1.459596,0.777671,11.155758,0.373762,-0.051021,0.329558
2024-01-01 00:00:01.780,0.903163,1.19002,12.727633,0.274433,-0.279392,0.205415
2024-01-01 00:00:01.790,1.991241,1.020058,12.350183,0.439696,0.130116,0.47206
2024-01-01 00:00:01.800,1.299944,1.125498,12.398418,0.552725,-0.032713,0.228357
2024-01-01 00:00:01.810,0.821058,0.953925,11.684794,0.50078,-0.023828,0.005073
2024-01-01 00:00:01.820,0.784615,0.430257,10.871003,0.564361,-0.19181,0.250485
2024-01-01 00:00:01.830,1.364859,0.625017,12.850223,0.721355,-0.579322,0.173922
2024-01-01 00:00:01.840,1.152495,0.451966,11.681664,0.613582,-0.166013,0.286009
2024-01-01 00:00:01.850,1.513411,1.045907,11.228038,0.657345,0.124342,0.298074
2024-01-01 00:00:01.860,1.45999,0.247404,11.779658,0.263017,-0.313524,0.524775
2024-01-01 00:00:01.870,1.297706,0.833316,12.089357,0.803629,-0.579343,0.457146
2024-01-01 00:00:01.880,1.053605,0.790982,11.318907,0.69769,-0.883982,0.399485
2024-01-01 00:00:01.890,0.844481,1.02906,11.906786,1.135735,-0.804819,0.366139
2024-01-01 00:00:01.900,1.240961,0.313603,11.659837,0.510304,-0.511797,0.213769
2024-01-01 00:00:01.910,1.717377,0.605862,10.322293,0.304,-0.400158,0.05086
2024-01-01 00:00:01.920,1.51077,1.031711,10.384261,0.920297,-0.642458,0.399864
2024-01-01 00:00:01.930,1.015801,0.116434,11.113449,0.86093,-0.542552,0.506345
2024-01-01 00:00:01.940,1.526145,-0.204743,8.919281,0.529509,-0.595851,0.374558
2024-01-01 00:00:01.950,1.611843,-0.354587,10.146977,0.405287,-0.671593,0.313634
2024-01-01 00:00:01.960,1.176792,0.376552,9.254855,1.176958,-0.983353,0.46598
2024-01-01 00:00:01.970,1.546802,-0.449137,9.588177,1.149793,-0.790686,0.385633
2024-01-01 00:00:01.980,1.517913,-0.042997,9.491422,0.176824,-1.056523,0.652206
2024-01-01 00:00:01.990,1.09972,0.152676,9.262459,0.685316,-0.845098,0.584845
2024-01-01 00:00:02.000,1.62488,0.029785,8.958916,1.215864,-0.7665,0.543834
2024-01-01 00:00:02.010,1.693498,0.054656,8.463062,0.679504,-0.424017,0.51292
2024-01-01 00:00:02.020,1.87154,-0.053387,10.132754,0.673332,-1.160412,0.204467
2024-01-01 00:00:02.030,1.854237,0.216676,9.708106,0.721527,-0.696705,0.495557
2024-01-01 00:00:02.040,0.993853,-0.499331,7.854935,0.506996,-0.42581,0.450059
2024-01-01 00:00:02.050,1.136142,-0.463054,9.182735,0.354809,-0.58051,0.481465
2024-01-01 00:00:02.060,1.630716,-0.537671,7.91792,1.036712,-0.531313,0.460679
2024-01-01 00:00:02.070,1.614102,-0.102259,8.041373,0.304214,-0.557368,0.450388
2024-01-01 00:00:02.080,1.596144,-0.126095,7.77689,0.816953,-0.340086,0.782697
2024-01-01 00:00:02.090,2.743739,-0.305131,7.29986,0.965796,-0.892796,0.360648
2024-01-01 00:00:02.100,1.572336,-0.129052,8.065455,0.369207,-0.919815,0.506457
2024-01-01 00:00:02.110,1.745087,-0.880363,7.46663,0.487674,-0.523771,0.288722
2024-01-01 00:00:02.120,1.654564,-0.068817,7.020574,1.007649,-1.008094,0.470773
2024-01-01 00:00:02.130,1.519628,-0.153164,6.463377,0.822098,-0.102859,0.485335
2024-01-01 00:00:02.140,1.150271,-0.429654,6.601218,0.518007,-0.045513,0.390828
2024-01-01 00:00:02.150,1.493275,-0.154999,6.115847,0.955301,-0.397027,0.577757
2024-01-01 00:00:02.160,0.922264,-1.224653,6.965817,0.937769,-0.31759,0.185426
2024-01-01 00:00:02.170,1.073134,-0.922001,6.256361,0.683807,-0.177798,0.235189
2024-01-01 00:00:02.180,0.947618,-1.021072,6.739124,0.370958,-0.08053,0.329856
2024-01-01 00:00:02.190,1.105895,-0.618611,7.624797,0.471165,0.005014,0.419385
2024-01-01 00:00:02.200,1.845442,-1.183376,7.532404,0.623763,0.179701,0.302997
2024-01-01 00:00:02.210,0.338236,-0.673018,6.872066,0.4818,0.063659,0.457338
2024-01-01 00:00:02.220,1.1869,-0.519642,6.874326,0.739651,0.408625,0.153202
2024-01-01 00:00:02.230,0.335721,-0.751336,8.003731,0.097648,0.349254,0.068959
2024-01-01 00:00:02.240,0.687062,-0.902377,7.318672,0.080961,0.149491,0.273483
2024-01-01 00:00:02.250,1.184117,-1.309939,6.928912,0.473476,0.696609,0.202552
2024-01-01 00:00:02.260,0.774982,-1.292136,6.415859,0.278439,0.082615,0.282092
2024-01-01 00:00:02.270,0.323608,-0.686089,7.521213,0.217008,0.45587,0.182775
2024-01-01 00:00:02.280,0.397709,-0.848418,7.877929,-0.096379,0.774404,0.121815
2024-01-01 00:00:02.290,0.832167,-1.1135,7.203688,0.321851,0.402368,0.147242
2024-01-01 00:00:02.300,0.284001,-1.24503,7.851828,0.274614,0.707371,0.148229
2024-01-01 00:00:02.310,0.559875,-1.743526,7.642676,0.421564,0.808758,0.08335
2024-01-01 00:00:02.320,0.443798,-1.471406,7.901866,0.245412,0.496562,0.083623
2024-01-01 00:00:02.330,0.142859,-0.589307,6.803699,0.164672,0.727931,0.038373
2024-01-01 00:00:02.340,1.063795,-1.55765,8.226364,0.461405,0.736657,0.212077
2024-01-01 00:00:02.350,0.477296,-1.12563,9.064173,-0.191891,0.662772,0.097216
2024-01-01 00:00:02.360,-0.511762,-0.887369,8.371626,0.239184,1.396085,0.391056
2024-01-01 00:00:02.370,0.203605,-1.571362,8.9397,-0.344002,0.644762,0.060998
2024-01-01 00:00:02.380,-0.152185,-1.142903,8.689798,-0.167222,1.096464,-0.061445
2024-01-01 00:00:02.390,0.318762,-0.918514,9.500213,-0.292279,0.751485,0.406044
2024-01-01 00:00:02.400,-0.316032,-1.195852,9.379703,0.174872,0.577212,0.051737
2024-01-01 00:00:02.410,-0.137809,-0.336934,9.178231,-0.068433,0.868499,0.122478
2024-01-01 00:00:02.420,0.020245,-1.694031,10.621726,-0.086843,0.993768,0.047082
2024-01-01 00:00:02.430,0.087906,-0.869978,10.590528,-0.391408,1.045167,0.03609
2024-01-01 00:00:02.440,-0.693485,-1.231742,9.933311,-0.220727,1.184098,0.007446
2024-01-01 00:00:02.450,-0.448307,-0.938801,10.720633,-0.367523,1.503416,-0.253641
2024-01-01 00:00:02.460,-0.554798,-1.026646,10.91659,-0.111372,0.798551,-0.048489
2024-01-01 00:00:02.470,-0.673967,-1.365849,11.140687,-0.485267,0.534405,-0.317476
2024-01-01 00:00:02.480,0.116564,-1.062291,10.013203,0.065065,0.773312,-0.159846
2024-01-01 00:00:02.490,-0.414867,-1.671694,11.646536,-0.715754,0.549364,-0.257272
2024-01-01 00:00:02.500,-1.052323,-0.914956,10.916746,-0.527504,0.799414,-0.109317
2024-01-01 00:00:02.510,-0.343218,-0.98639,11.158922,0.064916,0.192116,-0.127073
2024-01-01 00:00:02.520,0.025859,-0.862479,12.9199,-0.491129,1.053774,-0.119
2024-01-01 00:00:02.530,-0.406847,-0.713247,11.73542,-0.738432,0.618124,-0.161761
2024-01-01 00:00:02.540,-1.350112,-0.895404,11.443604,-0.381676,-0.076973,-0.309246
2024-01-01 00:00:02.550,-1.036669,-0.934711,10.515688,-0.581348,0.104554,-0.270401
2024-01-01 00:00:02.560,-0.471279,-1.215388,12.550869,-0.696806,0.421868,-0.10586
2024-01-01 00:00:02.570,-1.208474,-1.13519,11.089551,-0.786389,0.44662,-0.096032
2024-01-01 00:00:02.580,-0.850055,-0.53453,11.305198,0.155884,-0.231785,-0.440122
2024-01-01 00:00:02.590,-0.777314,-0.427296,11.6871,-0.622054,0.197737,-0.509222
2024-01-01 00:00:02.600,-1.414279,-0.895945,12.645131,-1.062647,-0.534269,-0.399661
2024-01-01 00:00:02.610,-1.150416,-0.775749,12.272673,-0.229016,-0.136389,-0.144441
2024-01-01 00:00:02.620,-2.302003,-1.024747,11.726511,-0.469931,0.098042,-0.129117
2024-01-01 00:00:02.630,-1.562262,-0.364181,11.933665,-0.833604,-0.382647,-0.4597
2024-01-01 00:00:02.640,-1.326426,-0.477918,11.369835,-0.893561,-0.684779,-0.284044
2024-01-01 00:00:02.650,-1.707133,-0.055663,11.698354,-0.509183,-0.332866,-0.063611
2024-01-01 00:00:02.660,-0.729477,-0.86102,11.569421,-0.755501,-0.579681,-0.284589
2024-01-01 00:00:02.670,-1.829765,-0.669495,11.956065,-1.190409,-0.327537,-0.141232
2024-01-01 00:00:02.680,-1.509565,-0.444366,11.836618,-0.27615,-0.759677,-0.211671
2024-01-01 00:00:02.690,-1.334023,-0.276763,11.445792,-0.844382,-0.781586,-0.504472
2024-01-01 00:00:02.700,-0.89743,-0.491591,10.833064,-0.373774,-1.140111,-0.402331
2024-01-01 00:00:02.710,-1.924348,-0.644298,11.288304,-0.438683,-0.634873,-0.373932
2024-01-01 00:00:02.720,-1.032405,-0.072913,10.668302,-1.017992,-0.755885,-0.36825
2024-01-01 00:00:02.730,-1.451414,-0.075398,9.954054,-0.5177,-1.046617,-0.25055
2024-01-01 00:00:02.740,-1.811752,-0.520571,10.150211,-0.945914,-0.730288,-0.330224
2024-01-01 00:00:02.750,-1.31744,0.207374,10.23521,-1.255569,-0.546359,-0.834877
2024-01-01 00:00:02.760,-1.418164,0.19854,10.500964,-0.899661,-0.87643,-0.593682
2024-01-01 00:00:02.770,-1.704263,-0.065255,9.707123,-0.69749,-0.769807,-0.726557
2024-01-01 00:00:02.780,-1.473792,-0.034526,8.948006,-0.914736,-0.777645,-0.373221
2024-01-01 00:00:02.790,-1.634795,0.155042,9.447769,-0.876727,-1.150935,-0.36391
2024-01-01 00:00:02.800,-1.459591,-0.222439,9.282168,-0.513747,-0.334317,-0.357335
2024-01-01 00:00:02.810,-1.264639,0.092273,9.126116,-0.771448,-0.959528,-0.542875
2024-01-01 00:00:02.820,-0.936022,-0.51539,9.336119,-1.006093,-0.66592,-0.296512
2024-01-01 00:00:02.830,-1.916794,0.440122,9.200227,-0.615724,-0.620633,-0.288176
2024-01-01 00:00:02.840,-0.727128,-0.244677,8.12716,-0.736549,-0.825784,-0.581256
2024-01-01 00:00:02.850,-2.144766,0.721035,7.934932,-1.409887,-0.612233,-0.609649
2024-01-01 00:00:02.860,-1.50024,0.216793,7.528332,-0.664707,-0.670787,-0.385917
2024-01-01 00:00:02.870,-1.224541,0.297659,8.31929,-0.664951,-1.050423,-0.112687
2024-01-01 00:00:02.880,-1.313224,0.217609,8.575189,-0.747808,-0.738538,-0.121458
2024-01-01 00:00:02.890,-1.608446,0.363659,7.458306,-0.518676,-0.764,-0.28629
2024-01-01 00:00:02.900,-1.440119,0.919073,7.362854,-0.897312,-0.677905,-0.474106
2024-01-01 00:00:02.910,-1.514481,-0.210151,8.17803,-0.631572,-0.836589,-0.224822
2024-01-01 00:00:02.920,-1.520783,0.961128,7.537405,-1.092809,-0.173935,-0.418398
2024-01-01 00:00:02.930,-0.987681,0.720396,7.400411,-0.583583,0.002825,-0.457804
2024-01-01 00:00:02.940,-1.128631,0.296873,6.420308,-0.180314,-0.092838,-0.655885
2024-01-01 00:00:02.950,-1.462705,0.375355,7.377667,-0.89948,0.04272,-0.310026
2024-01-01 00:00:02.960,-0.870035,1.238754,6.437062,-0.821895,-0.296941,-0.410452
2024-01-01 00:00:02.970,-1.040212,0.48893,6.283109,-0.789646,-0.30441,-0.291607
2024-01-01 00:00:02.980,-0.824358,0.462126,6.690099,-0.558892,-0.273655,-0.6406
2024-01-01 00:00:02.990,-0.847863,1.183621,6.548071,-0.835483,0.148836,-0.259388
2024-01-01 00:00:03.000,-1.316098,0.976982,6.753306,-0.441861,0.111488,-0.638255
2024-01-01 00:00:03.010,-1.17814,0.625671,6.103042,-0.312064,0.101981,-0.098696
2024-01-01 00:00:03.020,-0.675127,1.002262,7.458665,-0.365976,0.510886,-0.171498
2024-01-01 00:00:03.030,-0.676202,0.658322,7.602395,-0.916681,0.352986,-0.279088
2024-01-01 00:00:03.040,-0.848919,1.323569,5.976783,-0.200063,0.105178,-0.14002
2024-01-01 00:00:03.050,-0.751007,1.337469,7.666023,-0.188096,0.205755,-0.35793
2024-01-01 00:00:03.060,-0.294128,1.202815,6.776029,-0.187825,0.605289,-0.186826
2024-01-01 00:00:03.070,-0.89645,1.174249,7.800422,-0.27447,0.751338,-0.064624
2024-01-01 00:00:03.080,-0.444938,1.614993,7.411357,-0.284378,0.681895,-0.633856
2024-01-01 00:00:03.090,-0.653224,1.105743,7.596655,-0.052546,1.067896,-0.222405
2024-01-01 00:00:03.100,-0.603776,0.768762,7.621941,0.199498,1.048444,-0.144087
2024-01-01 00:00:03.110,-0.087329,1.273911,8.543538,-0.489941,0.792004,-0.155284
2024-01-01 00:00:03.120,-0.126587,1.778862,7.357472,0.04794,0.509926,0.10777
2024-01-01 00:00:03.130,-0.073692,0.860811,8.544185,-0.212712,0.42544,-0.264164
2024-01-01 00:00:03.140,0.156115,1.067185,8.993424,-0.192846,0.68479,-0.173388
2024-01-01 00:00:03.150,-0.235367,1.30912,8.965588,-0.513583,0.993792,-0.352105
2024-01-01 00:00:03.160,0.054426,1.174741,10.039043,-0.169468,1.28101,0.177408
2024-01-01 00:00:03.170,-0.234105,0.901101,8.662175,-0.316256,0.942459,-0.070413
2024-01-01 00:00:03.180,0.046888,1.535375,9.674834,-0.151468,1.138832,-0.083514
2024-01-01 00:00:03.190,-0.053077,1.895997,9.286562,-0.278561,0.78863,-0.009879
2024-01-01 00:00:03.200,0.085478,1.258131,10.220036,-0.084745,1.003686,0.109176
2024-01-01 00:00:03.210,0.31881,0.925519,9.73312,-0.042592,1.046613,0.081573
2024-01-01 00:00:03.220,-0.117068,0.727643,9.717427,0.114487,0.333443,0.442332
2024-01-01 00:00:03.230,0.960187,1.263468,10.839032,-0.282167,0.707415,0.128851
2024-01-01 00:00:03.240,-0.066066,1.509143,10.035612,-0.208825,1.025606,0.006491
2024-01-01 00:00:03.250,-0.08118,1.310608,9.70845,0.273831,0.829319,0.007473
2024-01-01 00:00:03.260,0.806337,1.155604,10.373746,0.014506,0.429378,0.048019
2024-01-01 00:00:03.270,0.734671,0.966019,11.163058,0.51268,0.084266,-0.103252
2024-01-01 00:00:03.280,0.731912,0.799854,11.743785,0.330168,0.559352,0.142905
2024-01-01 00:00:03.290,0.788476,1.360883,11.184889,0.45492,0.587867,0.269135
2024-01-01 00:00:03.300,0.618472,1.365823,11.983509,0.684811,0.335993,0.074064
2024-01-01 00:00:03.310,0.361958,0.607513,10.63453,0.283104,0.540504,0.059159
2024-01-01 00:00:03.320,0.754719,1.526064,11.248287,0.244745,0.575959,0.421575
2024-01-01 00:00:03.330,0.542241,1.197587,11.430767,0.633525,0.558878,-0.006173
2024-01-01 00:00:03.340,1.170393,1.419908,11.610118,0.569566,-0.258355,-0.089079
2024-01-01 00:00:03.350,0.826199,0.570504,11.788743,0.421257,-0.060578,0.06111
2024-01-01 00:00:03.360,0.635952,0.535,12.17715,0.841131,0.127546,0.015569
2024-01-01 00:00:03.370,0.858164,0.870196,11.592117,0.464618,0.28119,0.316774
2024-01-01 00:00:03.380,1.159443,1.034444,11.937547,0.549482,0.194044,0.216539
2024-01-01 00:00:03.390,0.860308,1.389868,11.845141,0.569365,0.122847,0.249077
2024-01-01 00:00:03.400,0.810889,1.028816,11.3541,0.352307,-0.157861,0.465918
2024-01-01 00:00:03.410,1.223309,0.708954,11.778746,0.626339,-0.210417,0.199771
2024-01-01 00:00:03.420,1.261344,0.437401,11.724855,0.97618,-0.376296,0.429758
2024-01-01 00:00:03.430,1.03394,1.07671,11.66059,0.757306,-0.066667,0.54973
2024-01-01 00:00:03.440,1.080393,0.379599,11.701606,0.671903,-0.551735,0.263719
2024-01-01 00:00:03.450,1.35843,1.117815,11.644168,0.640738,-0.170007,0.451143
2024-01-01 00:00:03.460,0.800359,0.503247,11.269354,0.779884,-0.389086,0.312311
2024-01-01 00:00:03.470,0.842525,1.024113,12.09843,0.899515,-0.508108,0.494651
2024-01-01 00:00:03.480,1.109561,0.708145,10.633969,0.878185,-0.713743,0.127214
2024-01-01 00:00:03.490,1.310079,0.420112,10.747574,0.655586,-0.937763,0.122449
2024-01-01 00:00:03.500,1.515226,0.261423,12.529013,0.83128,-0.80639,0.316352
2024-01-01 00:00:03.510,1.942224,0.270353,10.274959,0.880438,-0.768582,0.246888
2024-01-01 00:00:03.520,1.743262,0.455926,9.937961,0.517844,-1.315687,0.307315
2024-01-01 00:00:03.530,1.402096,0.304876,10.915024,0.819698,-0.805636,0.355891
2024-01-01 00:00:03.540,1.464152,0.057447,9.190109,0.244105,-0.553386,0.500218
2024-01-01 00:00:03.550,1.130376,0.139398,10.018619,0.910639,-0.665986,0.333854
2024-01-01 00:00:03.560,1.482938,0.165863,11.138896,0.959442,-0.950149,0.273599
2024-01-01 00:00:03.570,1.394234,-0.543348,8.916001,0.984361,-0.82755,0.34601
2024-01-01 00:00:03.580,1.611746,0.185558,8.480205,0.700595,-0.986309,0.284307
2024-01-01 00:00:03.590,1.210469,-0.293049,8.549064,0.877261,-0.812809,0.259899
2024-01-01 00:00:03.600,1.680651,-0.392374,9.671018,1.155391,-0.462434,0.157749
2024-01-01 00:00:03.610,2.031894,-0.599746,9.60005,1.151008,-0.597545,0.409205
2024-01-01 00:00:03.620,1.451607,-0.678735,8.506411,0.787199,-0.696475,0.31194
2024-01-01 00:00:03.630,1.6222,-0.594008,8.974619,0.825017,-0.931773,0.540035
2024-01-01 00:00:03.640,1.712783,-0.446596,9.178791,1.062385,-0.597934,0.175219
2024-01-01 00:00:03.650,1.318155,0.305935,9.218414,0.40271,-1.179135,0.307643
2024-01-01 00:00:03.660,1.522103,-0.483526,7.928146,0.689189,-0.787807,0.656915
2024-01-01 00:00:03.670,1.430929,-0.317651,6.634177,1.094704,-0.5416,0.239464
2024-01-01 00:00:03.680,1.441347,-0.29547,7.293971,0.994286,-0.460971,0.339763
2024-01-01 00:00:03.690,1.115064,-0.42029,7.36625,0.831312,-0.433148,0.187121
2024-01-01 00:00:03.700,1.370505,-0.526124,7.325081,0.349903,-0.47773,0.160916
2024-01-01 00:00:03.710,1.510424,-0.903981,7.242474,0.700122,-0.54777,0.588396
2024-01-01 00:00:03.720,1.816151,-0.151772,7.852035,0.550255,-0.308654,0.374523
2024-01-01 00:00:03.730,1.614093,-0.085638,7.841651,0.764545,-0.622925,0.360945
2024-01-01 00:00:03.740,2.000078,-1.172367,6.964186,0.462444,-0.535055,0.077943
2024-01-01 00:00:03.750,0.944076,-1.013517,7.594992,0.390314,-0.245621,0.377184
2024-01-01 00:00:03.760,1.482263,-0.827894,7.134508,0.111491,-0.153306,0.487467
2024-01-01 00:00:03.770,1.203599,-1.069802,6.935318,0.913147,-0.587341,0.476269
2024-01-01 00:00:03.780,1.866573,-0.663931,7.375798,0.4868,0.049329,0.393621
2024-01-01 00:00:03.790,0.776244,-1.068218,6.909749,0.604165,0.195604,0.113017
2024-01-01 00:00:03.800,0.72261,-0.232917,8.010116,0.54158,0.049965,0.318038
2024-01-01 00:00:03.810,0.762513,-0.556599,6.110949,0.251702,0.729338,0.359418
2024-01-01 00:00:03.820,0.183218,-0.879904,6.657785,0.179411,0.030581,-0.022078
2024-01-01 00:00:03.830,0.695412,-0.664031,6.925654,0.217699,0.175389,0.066322
2024-01-01 00:00:03.840,0.565211,-0.667299,7.305771,0.262358,0.229592,0.354799
2024-01-01 00:00:03.850,0.833738,-1.193647,7.844577,0.508238,0.369976,0.3397
2024-01-01 00:00:03.860,0.849697,-1.293134,7.230686,0.190448,0.365093,-0.037599
2024-01-01 00:00:03.870,1.334592,-1.047006,6.571964,0.798186,0.15105,0.300035
2024-01-01 00:00:03.880,0.957379,-0.832479,7.940154,0.589977,0.418478,0.18089
2024-01-01 00:00:03.890,0.368645,-1.068081,8.026316,0.506389,0.579631,0.269301
2024-01-01 00:00:03.900,0.201062,-1.600007,6.688287,0.245022,0.956356,0.04229
2024-01-01 00:00:03.910,0.631825,-1.383117,7.909441,0.623719,1.240926,0.219352
2024-01-01 00:00:03.920,-0.058994,-1.178052,7.201221,0.160478,1.061106,0.234064
2024-01-01 00:00:03.930,0.986907,-1.190359,7.882529,0.176663,0.565757,0.039539
2024-01-01 00:00:03.940,0.700973,-0.585885,7.930785,0.196184,0.613305,0.079508
2024-01-01 00:00:03.950,0.065783,-1.601606,9.057512,0.29812,0.770201,-0.035946
2024-01-01 00:00:03.960,-0.428133,-1.040457,8.866456,0.250674,1.273926,0.29347
2024-01-01 00:00:03.970,0.586523,-0.749876,8.288428,-0.058692,0.799053,0.012004
2024-01-01 00:00:03.980,0.013607,-0.517796,9.675164,-0.10461,0.515945,-0.123985
2024-01-01 00:00:03.990,0.427878,-1.321312,8.599267,0.157118,0.724684,-0.108803
2024-01-01 00:00:04.000,-0.622454,-1.051465,9.766046,0.14446,1.03613,0.001841
2024-01-01 00:00:04.010,-0.333132,-1.025008,9.33207,-0.164125,1.010989,0.080106
2024-01-01 00:00:04.020,-0.18027,-1.132479,9.771406,-0.49392,0.77489,-0.248936
2024-01-01 00:00:04.030,-0.224135,-1.214119,10.438895,-0.180137,0.977124,0.212995
2024-01-01 00:00:04.040,-0.456201,-1.045178,10.632454,-0.003414,0.214305,-0.033346
2024-01-01 00:00:04.050,-0.138317,-1.925326,11.259053,0.26132,0.780032,-0.025049
2024-01-01 00:00:04.060,-0.787066,-0.948906,10.649391,-0.519969,0.936048,-0.124818
2024-01-01 00:00:04.070,-0.519675,-1.10176,11.025877,-0.357225,0.474994,-0.122402
2024-01-01 00:00:04.080,-0.483454,-1.190675,10.770053,-0.377648,0.432223,-0.162391
2024-01-01 00:00:04.090,-0.400404,-0.492451,11.25421,0.029374,0.128818,-0.002119
2024-01-01 00:00:04.100,-0.385392,-1.289852,11.528081,-0.347113,0.943335,-0.170378
2024-01-01 00:00:04.110,-1.081099,-1.18747,11.352661,-0.593484,0.312871,-0.068269
2024-01-01 00:00:04.120,-1.276365,-0.446603,10.522411,-0.254686,0.497162,-0.262257
2024-01-01 00:00:04.130,-0.343042,-1.269591,11.791231,-0.522615,0.529164,-0.181382
2024-01-01 00:00:04.140,-0.723498,-1.159329,11.89,-0.753994,0.695141,-0.344537
2024-01-01 00:00:04.150,-1.150055,-1.011183,11.381586,-0.696839,0.215622,-0.054343
2024-01-01 00:00:04.160,-0.392082,-0.686136,11.10067,-0.065148,0.054638,-0.374392
2024-01-01 00:00:04.170,-0.93995,-0.845842,12.65511,-0.426847,0.166985,-0.310197
2024-01-01 00:00:04.180,-0.611613,-1.264389,12.134633,-0.519389,0.378195,-0.320409
2024-01-01 00:00:04.190,-1.043078,-1.003312,11.743842,-0.631385,-0.052266,-0.337549
2024-01-01 00:00:04.200,-0.386136,-0.991619,11.23447,-0.517575,-0.315278,-0.186932
2024-01-01 00:00:04.210,-0.532001,-0.797075,11.382407,-0.541338,-0.528113,-0.353197
2024-01-01 00:00:04.220,-1.270702,-0.609453,12.51012,-0.558192,-0.513725,-0.106529
2024-01-01 00:00:04.230,-0.878874,-0.573898,11.813675,-0.621382,-0.056488,-0.447818
2024-01-01 00:00:04.240,-1.026512,-1.193232,11.364724,-0.450744,-0.415238,-0.308565
2024-01-01 00:00:04.250,-0.804901,-0.301292,11.86322,-0.678982,-0.54738,-0.458747
2024-01-01 00:00:04.260,-1.651183,-0.503787,11.036597,-0.944996,-0.632458,-0.28711
2024-01-01 00:00:04.270,-1.100843,-0.122383,12.198498,-0.868285,-0.48736,-0.359982
2024-01-01 00:00:04.280,-0.995934,-0.361835,11.993175,-1.223492,-0.620488,-0.387628
2024-01-01 00:00:04.290,-2.005246,-0.121281,10.856971,-0.234462,-0.677434,-0.192312
2024-01-01 00:00:04.300,-1.824977,-0.267598,10.621461,-0.536757,-0.316571,-0.474374
2024-01-01 00:00:04.310,-2.143529,0.041054,9.370998,-0.970077,-0.310095,-0.293302
2024-01-01 00:00:04.320,-1.540836,-0.160827,9.830911,-0.841951,-1.133496,-0.501089
2024-01-01 00:00:04.330,-1.209906,-0.301074,9.735973,-0.938444,-0.680953,-0.372709
2024-01-01 00:00:04.340,-0.947458,0.456255,10.367101,-0.400114,-0.984197,-0.572212
2024-01-01 00:00:04.350,-1.457304,0.08781,9.927662,-1.146029,-0.874278,-0.494907
2024-01-01 00:00:04.360,-0.920875,0.040074,9.176931,-0.766523,-0.752095,-0.409892
2024-01-01 00:00:04.370,-1.979268,-0.467885,9.568611,-0.825123,-0.894652,-0.126798
2024-01-01 00:00:04.380,-2.095439,-0.424298,9.805382,-0.592893,-0.790698,-0.384681
2024-01-01 00:00:04.390,-1.519395,0.097255,9.620978,-0.825978,-0.681652,-0.151787
2024-01-01 00:00:04.400,-1.363903,0.100329,8.089311,-1.23866,-0.772564,-0.366505
2024-01-01 00:00:04.410,-1.505819,-0.080421,8.86851,-0.85978,-0.998985,-0.456563
2024-01-01 00:00:04.420,-2.211714,0.193094,7.985815,-1.036699,-0.980454,-0.165926
2024-01-01 00:00:04.430,-1.510727,0.674136,9.054064,-0.76919,-1.163855,-0.32899
2024-01-01 00:00:04.440,-1.925231,0.452612,8.805888,-0.424745,-0.9932,-0.488053
2024-01-01 00:00:04.450,-1.221136,-0.052247,7.703357,-1.211135,-0.26016,-0.317553
2024-01-01 00:00:04.460,-1.311811,0.302218,7.605881,-0.96812,-0.914982,-0.427921
2024-01-01 00:00:04.470,-1.751444,0.139275,7.611768,-0.896832,-0.977185,-0.677685
2024-01-01 00:00:04.480,-1.582499,0.308959,6.474014,-0.843486,-0.55651,-0.233643
2024-01-01 00:00:04.490,-1.751356,0.345029,7.755689,-0.551306,-0.617789,-0.203928
2024-01-01 00:00:04.500,-1.378415,0.368938,7.289852,-0.76684,-0.589143,-0.086036
2024-01-01 00:00:04.510,-0.995919,0.178014,7.854487,-0.605499,-0.134681,-0.291404
2024-01-01 00:00:04.520,-1.646903,0.557722,6.610442,-0.850789,-0.29334,-0.384482
2024-01-01 00:00:04.530,-1.095144,0.468376,6.781088,-0.620684,-0.50413,-0.213834
2024-01-01 00:00:04.540,-1.42484,-0.202724,6.213994,-0.466484,-0.416457,-0.202994
2024-01-01 00:00:04.550,-1.482524,1.330507,6.425627,-0.825752,-0.372767,-0.075596
2024-01-01 00:00:04.560,-1.20638,1.078643,6.278129,-0.428084,0.036314,-0.318406
2024-01-01 00:00:04.570,-1.493342,0.675352,7.441374,-0.590111,-0.193527,-0.326439
2024-01-01 00:00:04.580,-1.28512,0.828897,6.490266,-0.320684,-0.498176,-0.398356
2024-01-01 00:00:04.590,-1.469242,0.505487,6.938798,-0.610347,0.004944,-0.199377
2024-01-01 00:00:04.600,-0.319346,1.398104,6.672768,-0.441756,-0.300427,-0.500773
2024-01-01 00:00:04.610,-0.950111,1.489598,6.21109,-0.52346,0.696174,-0.140241
2024-01-01 00:00:04.620,-1.161319,0.997017,6.859094,-0.512808,-0.025945,-0.156202
2024-01-01 00:00:04.630,-0.794063,1.285193,7.33852,-0.398711,0.239026,-0.143961
2024-01-01 00:00:04.640,-0.859464,1.057328,6.416736,-0.303211,0.40633,-0.197973
2024-01-01 00:00:04.650,-0.847411,0.628775,7.612195,-0.723096,0.329783,0.024594
2024-01-01 00:00:04.660,-0.503841,0.9297,6.799672,-0.024951,0.387117,-0.060881
2024-01-01 00:00:04.670,-0.401285,1.114647,7.114249,-0.820336,0.61991,-0.268772
2024-01-01 00:00:04.680,-0.798669,0.958858,7.796974,-0.498133,0.947645,-0.251842
2024-01-01 00:00:04.690,-0.76016,1.048083,7.276978,-0.3215,0.806098,-0.280917
2024-01-01 00:00:04.700,-0.599656,1.102989,7.810016,-0.165385,1.028171,-0.051544
2024-01-01 00:00:04.710,-1.253044,1.121123,7.77355,0.155445,0.437127,-0.26932
2024-01-01 00:00:04.720,-0.920978,1.174265,8.183887,-0.672926,0.81403,0.058332
2024-01-01 00:00:04.730,0.14506,0.851811,6.977226,-0.304708,0.804855,0.109554
2024-01-01 00:00:04.740,0.300225,0.964479,7.460921,-0.678649,0.88042,-0.205323
2024-01-01 00:00:04.750,-0.304416,0.801972,8.992238,-0.107963,1.158396,-0.085767
2024-01-01 00:00:04.760,0.043138,1.486613,9.414558,-0.016696,0.775784,-0.039815
2024-01-01 00:00:04.770,0.009123,0.565646,8.537253,0.344464,0.741097,0.10598
2024-01-01 00:00:04.780,1.03679,1.545633,9.099775,0.008389,0.982236,0.230517
2024-01-01 00:00:04.790,0.410094,1.615816,9.5929,0.270736,0.405198,-0.247959
2024-01-01 00:00:04.800,0.032504,1.107752,10.00851,0.187172,0.786275,-0.027121
2024-01-01 00:00:04.810,-0.198252,0.414103,8.70686,-0.036179,0.802437,-0.003586
2024-01-01 00:00:04.820,-0.367368,1.081435,9.526799,-0.2483,0.591213,-0.15813
2024-01-01 00:00:04.830,0.3245,1.163513,10.019249,0.203837,1.065792,-0.005223
2024-01-01 00:00:04.840,0.046571,0.870695,10.771782,-0.207002,0.511224,0.147177
2024-01-01 00:00:04.850,-0.128971,1.008595,11.935787,0.520504,0.713256,0.056549
2024-01-01 00:00:04.860,0.199469,1.609702,10.605455,0.186561,0.786323,-0.118155
2024-01-01 00:00:04.870,0.103519,1.335821,10.117792,0.555894,1.012785,0.559662
2024-01-01 00:00:04.880,1.128105,0.842911,11.264217,0.166669,0.62899,0.183288
2024-01-01 00:00:04.890,0.900891,0.623201,11.910485,0.383115,0.81896,0.174705
2024-01-01 00:00:04.900,0.643319,0.984866,11.373069,0.396929,0.709737,0.007607
2024-01-01 00:00:04.910,1.216881,0.997747,10.932679,0.361486,0.511804,0.225479
2024-01-01 00:00:04.920,0.777687,1.187809,12.063129,0.292159,0.151933,0.17553
2024-01-01 00:00:04.930,0.499702,0.85391,11.99265,0.525395,0.006406,-0.069638
2024-01-01 00:00:04.940,1.383546,1.141937,11.140828,0.222034,0.330155,0.066249
2024-01-01 00:00:04.950,1.087055,1.541483,11.977952,0.176807,0.104451,0.358822
2024-01-01 00:00:04.960,0.58199,1.176547,12.364794,0.814721,0.405048,0.54361
2024-01-01 00:00:04.970,0.923533,0.886986,12.499302,0.709873,0.295718,0.319115
2024-01-01 00:00:04.980,0.727275,0.814585,11.830312,0.567802,-0.003555,0.441127
2024-01-01 00:00:04.990,0.591749,0.729298,11.672033,0.990007,-0.313751,0.263498
2024-01-01 00:00:05.000,1.44021,1.155965,12.530603,0.528284,0.036592,0.284631
2024-01-01 00:00:05.010,1.822933,0.577809,11.161232,0.946482,-0.411784,0.47155
2024-01-01 00:00:05.020,0.701938,0.742612,12.024027,0.679326,-0.412143,0.567133
2024-01-01 00:00:05.030,1.423427,0.706317,10.970324,0.397886,-0.531231,0.522201
2024-01-01 00:00:05.040,1.031714,0.501263,12.236235,1.133711,-0.383077,0.175896
2024-01-01 00:00:05.050,1.120043,0.199889,11.420656,0.935964,-0.115818,0.334099
2024-01-01 00:00:05.060,1.112296,0.667403,12.159013,0.67355,-0.46701,0.393531
2024-01-01 00:00:05.070,1.044288,0.510207,11.617317,0.900025,-0.631051,0.320164
2024-01-01 00:00:05.080,1.388631,0.635759,10.54776,0.63062,-0.952921,0.423952
2024-01-01 00:00:05.090,1.103653,0.282032,11.866096,0.951013,-0.481214,0.494949
2024-01-01 00:00:05.100,1.50982,0.764098,11.78714,0.156982,-0.858236,0.527798
2024-01-01 00:00:05.110,1.416058,0.089942,11.260921,0.509658,-0.673534,0.635185
2024-01-01 00:00:05.120,1.366267,0.821162,10.189785,1.018094,-0.826889,0.337224
2024-01-01 00:00:05.130,1.146262,-0.262642,10.265667,0.718338,-0.559634,0.185771
2024-01-01 00:00:05.140,1.27378,0.345774,10.33268,0.838899,-0.834564,0.447242
2024-01-01 00:00:05.150,1.74949,0.311331,9.678903,0.455358,-0.831133,0.678599
2024-01-01 00:00:05.160,1.667574,-0.116867,10.805669,1.257835,-0.711049,0.326388
2024-01-01 00:00:05.170,1.154946,0.202027,9.760062,1.096081,-0.316676,0.502251
2024-01-01 00:00:05.180,1.534372,0.411358,7.99772,0.749619,-0.626995,0.504257
2024-01-01 00:00:05.190,1.762782,-0.684793,9.474376,0.698718,-0.871691,0.428662
2024-01-01 00:00:05.200,0.913371,0.083857,8.899922,1.056154,-0.843906,0.400415
2024-01-01 00:00:05.210,1.683382,-0.862063,8.855605,1.291994,-0.96585,0.259674
2024-01-01 00:00:05.220,1.254517,-0.450719,8.502412,1.031205,-1.05689,0.054133
2024-01-01 00:00:05.230,1.677069,0.281042,8.961489,1.330875,-0.937255,0.227185
2024-01-01 00:00:05.240,1.198852,-0.428609,8.951186,0.551275,-0.966828,0.332386
2024-01-01 00:00:05.250,0.820645,-0.652211,8.315195,0.569742,-0.580375,0.551908
2024-01-01 00:00:05.260,0.866823,-0.404936,7.804557,0.468878,-0.976831,0.367588
2024-01-01 00:00:05.270,1.435175,0.229846,7.808652,0.866891,-0.33665,0.300371
2024-01-01 00:00:05.280,1.488931,-0.984397,7.691915,0.789516,-0.438709,0.23916
2024-01-01 00:00:05.290,1.059033,-0.793977,7.100015,0.695636,-0.574477,0.465333
2024-01-01 00:00:05.300,1.574434,-0.072305,7.731315,0.922809,-0.528812,0.564001
2024-01-01 00:00:05.310,0.742684,-0.006365,7.549613,1.01433,-0.614222,0.51264
2024-01-01 00:00:05.320,1.272323,-0.635972,8.04037,0.309492,-0.350448,0.436376
2024-01-01 00:00:05.330,0.840823,-1.016988,7.793603,0.525252,-0.086421,0.115906
2024-01-01 00:00:05.340,1.003802,-0.055849,6.650124,0.862073,-0.472487,0.275768
2024-01-01 00:00:05.350,1.213891,-0.244537,7.417018,0.521626,-0.61646,0.611376
2024-01-01 00:00:05.360,0.859657,-0.556332,6.396341,0.419543,0.007723,0.47784
2024-01-01 00:00:05.370,0.987908,-1.039706,7.270831,0.853302,-0.020917,0.068708
2024-01-01 00:00:05.380,1.434665,-0.845429,6.588019,0.254938,-0.315353,0.280318
2024-01-01 00:00:05.390,0.838833,-0.912275,6.308941,0.479669,-0.151728,0.331997
2024-01-01 00:00:05.400,1.289906,-0.797018,7.040816,0.614115,-0.116428,0.151653
2024-01-01 00:00:05.410,0.557138,-0.491691,5.446232,0.364564,-0.016667,-0.092371
2024-01-01 00:00:05.420,1.091612,-0.692446,5.999866,0.679085,0.148644,0.256472
2024-01-01 00:00:05.430,1.36297,-1.307282,6.925863,0.315606,0.226604,0.110749
2024-01-01 00:00:05.440,-0.055745,-0.597392,7.143953,0.783798,0.1924,0.098245
2024-01-01 00:00:05.450,0.480073,-0.941107,6.984692,0.373356,0.225214,0.149194
2024-01-01 00:00:05.460,0.909439,-0.852028,6.421862,0.545132,0.414644,0.168606
2024-01-01 00:00:05.470,0.583779,-0.639646,6.956336,0.535757,0.567924,0.173263
2024-01-01 00:00:05.480,0.731112,-1.432869,7.749141,0.163761,0.497826,0.027725
2024-01-01 00:00:05.490,0.335251,-1.128224,7.993137,-0.221827,0.913891,0.112741
2024-01-01 00:00:05.500,0.521538,-1.293263,7.813934,0.352179,0.7947,-0.132618
2024-01-01 00:00:05.510,0.38057,-1.618776,8.618406,0.250102,0.309281,0.162671
2024-01-01 00:00:05.520,0.786931,-1.057217,8.368609,0.340667,0.872857,-0.327586
2024-01-01 00:00:05.530,0.409818,-0.418774,7.914397,0.114446,0.923644,0.042115
2024-01-01 00:00:05.540,0.380999,-1.733457,8.353153,0.032573,0.68912,0.207968
2024-01-01 00:00:05.550,0.06034,-1.19848,7.923131,0.611183,0.444604,-0.104369
2024-01-01 00:00:05.560,-0.024823,-1.002152,8.826696,-0.290308,0.835947,0.146355
2024-01-01 00:00:05.570,-0.06444,-1.161059,9.692292,0.229864,0.84236,0.196548
2024-01-01 00:00:05.580,0.165995,-1.23373,9.653804,-0.128751,0.568999,-0.488735
2024-01-01 00:00:05.590,-0.17847,-1.589507,10.244835,-0.100545,0.486463,-0.031005
2024-01-01 00:00:05.600,0.011282,-1.127995,9.503335,-0.12735,0.821973,-0.455403
2024-01-01 00:00:05.610,0.577377,-1.421093,10.604609,-0.280332,0.774954,-0.057468
2024-01-01 00:00:05.620,0.097237,-1.845422,9.949206,0.032056,0.713103,-0.056451
2024-01-01 00:00:05.630,-0.380086,-0.822607,11.051915,0.205806,0.775696,-0.443309
2024-01-01 00:00:05.640,0.096538,-0.884176,10.412132,-0.055236,0.495046,0.202356
2024-01-01 00:00:05.650,-0.524119,-1.145085,10.988206,-0.177511,0.631449,-0.058776
2024-01-01 00:00:05.660,-1.151452,-1.078953,11.577996,-0.480268,0.838311,-0.244182
2024-01-01 00:00:05.670,-0.847075,-0.810693,10.819096,-0.134391,0.577942,0.088008
2024-01-01 00:00:05.680,-1.204392,-1.049242,11.19475,0.24596,0.203772,-0.415906
2024-01-01 00:00:05.690,-0.727162,-0.827164,11.922099,-0.417378,0.456067,-0.345478
2024-01-01 00:00:05.700,-0.651267,-1.167736,11.267233,-0.444777,0.255617,-0.520309
2024-01-01 00:00:05.710,-0.123522,-0.663347,10.728841,-0.519086,0.535613,0.08075
2024-01-01 00:00:05.720,-0.647311,-0.937518,12.736005,-0.528612,0.491305,-0.153278
2024-01-01 00:00:05.730,-0.8887,-0.950746,11.387441,-1.119399,-0.062883,-0.117627
2024-01-01 00:00:05.740,-0.570743,-1.363625,11.80748,-0.35796,0.479598,-0.184459
2024-01-01 00:00:05.750,-1.682618,-0.868641,12.415751,-0.696039,-0.051964,-0.15626
2024-01-01 00:00:05.760,-0.872532,-1.174955,11.490119,-0.911898,0.550714,-0.242954
2024-01-01 00:00:05.770,-0.729991,-1.08606,11.30009,-0.344926,0.082562,-0.225973
2024-01-01 00:00:05.780,-1.560545,-1.107007,12.008198,-0.826792,-0.283591,-0.262003
2024-01-01 00:00:05.790,-0.684355,-1.148747,10.881187,-0.663157,-0.324412,-0.380534
2024-01-01 00:00:05.800,-1.006142,-0.156642,11.692285,-0.233184,-0.018573,-0.306891
2024-01-01 00:00:05.810,-1.30817,-0.358638,11.953281,-0.972474,-0.269449,-0.269046
2024-01-01 00:00:05.820,-0.977747,-0.144721,11.622735,-1.022734,-0.26075,-0.30321
2024-01-01 00:00:05.830,-0.439019,-1.049373,10.860124,-0.59068,0.103112,-0.550669
2024-01-01 00:00:05.840,-1.202738,-0.621743,12.509133,-0.388037,-0.53653,-0.539452
2024-01-01 00:00:05.850,-1.210179,-0.99079,11.59857,-1.085349,-0.406122,-0.183455
2024-01-01 00:00:05.860,-1.486487,-0.77013,12.224585,-0.605123,-0.122935,-0.399572
2024-01-01 00:00:05.870,-1.649756,-0.794673,11.177442,-0.575982,-0.464088,-0.272907
2024-01-01 00:00:05.880,-1.086195,-0.104368,10.707375,-1.24909,-0.983892,-0.530968
2024-01-01 00:00:05.890,-1.69881,-0.551382,11.19906,-0.546605,-0.502809,-0.594087
2024-01-01 00:00:05.900,-1.394332,-0.067598,10.781535,-0.537851,-0.962922,-0.505041
2024-01-01 00:00:05.910,-1.604558,-0.161874,10.092171,-0.844548,-0.359318,-0.416686
2024-01-01 00:00:05.920,-1.285505,0.393516,11.379551,-0.461926,-0.951177,-0.487277
2024-01-01 00:00:05.930,-1.349883,-0.695413,10.052705,-0.498107,-0.032902,-0.197021
2024-01-01 00:00:05.940,-1.114769,0.172576,9.200237,-0.762438,-0.433449,-0.36718
2024-01-01 00:00:05.950,-1.665365,0.185442,10.755083,-0.905853,-1.019499,-0.119155
2024-01-01 00:00:05.960,-1.587962,-0.403554,9.555377,-1.039744,-0.830309,-0.337607
2024-01-01 00:00:05.970,-1.840404,0.237722,9.303719,-0.808237,-0.65669,-0.761306
2024-01-01 00:00:05.980,-1.655349,0.083648,8.470679,-0.657478,-0.653736,-0.241553
2024-01-01 00:00:05.990,-1.367474,-0.03819,10.202336,-0.880793,-0.73835,-0.626307
2024-01-01 00:00:06.000,-1.231942,-0.169925,8.339556,-1.347716,-0.529914,-0.36459
2024-01-01 00:00:06.010,-1.814684,-0.091395,8.88686,-0.478516,-0.862491,-0.51405
2024-01-01 00:00:06.020,-1.180289,0.786172,9.165792,-0.744258,-0.907067,-0.0745
2024-01-01 00:00:06.030,-1.000601,0.218057,8.70931,-0.881612,-0.880687,-0.177413
2024-01-01 00:00:06.040,-1.318508,0.498778,8.263604,-0.566089,-0.55304,-0.501463
2024-01-01 00:00:06.050,-0.7922,0.072746,7.186201,-0.391682,-0.645242,-0.405525
2024-01-01 00:00:06.060,-1.703526,0.121457,7.510208,-1.464584,-0.628053,-0.345363
2024-01-01 00:00:06.070,-1.849729,0.724854,7.901055,-0.64562,-0.462059,-0.247581
2024-01-01 00:00:06.080,-2.015859,0.03961,7.216773,-1.099759,-1.129526,-0.367176
2024-01-01 00:00:06.090,-0.846739,0.363455,7.624184,-0.606078,-0.491319,-0.519162
2024-01-01 00:00:06.100,-1.116249,0.541006,7.761429,-0.685499,-0.46274,-0.466374
2024-01-01 00:00:06.110,-1.337569,0.606166,7.802277,-0.544063,-0.04552,-0.352169
2024-01-01 00:00:06.120,-1.190919,0.560095,6.497932,-0.81223,-0.787339,-0.15854
2024-01-01 00:00:06.130,-1.651625,0.772685,8.29354,-1.139085,0.044145,-0.271212
2024-01-01 00:00:06.140,-0.368536,0.900899,7.434714,-0.765685,-0.264118,-0.442559
2024-01-01 00:00:06.150,-1.144268,0.951462,6.953487,-0.532686,-0.096788,-0.219943
2024-01-01 00:00:06.160,-1.11431,0.472224,7.510479,-0.360871,0.265237,-0.365407
2024-01-01 00:00:06.170,-0.859896,0.718423,8.184255,-0.887045,0.052693,-0.163483
2024-01-01 00:00:06.180,-0.90515,1.196557,6.079446,-0.31577,0.079383,0.092784
2024-01-01 00:00:06.190,-0.953068,1.139681,6.749802,-0.712063,0.10678,-0.328871
2024-01-01 00:00:06.200,-1.264419,0.491237,5.583989,-0.436189,-0.008032,-0.14316
2024-01-01 00:00:06.210,-0.777533,1.038947,7.031874,-0.630165,0.171646,-0.363155
2024-01-01 00:00:06.220,-0.237171,0.368996,7.175824,-0.43226,0.064712,-0.255741
2024-01-01 00:00:06.230,-0.376927,1.004012,7.017107,-0.229203,0.295761,-0.221652
2024-01-01 00:00:06.240,-0.240838,1.585196,6.756893,-0.732595,-0.21567,-0.241973
2024-01-01 00:00:06.250,-0.92677,0.755856,6.081862,-0.568827,0.534699,0.170027
2024-01-01 00:00:06.260,-1.042438,0.812673,7.520142,-0.325,0.453482,-0.231609
2024-01-01 00:00:06.270,-0.687255,1.313277,8.233532,0.25734,0.453343,-0.0835
2024-01-01 00:00:06.280,-0.569881,0.640645,7.238335,-0.530136,0.642479,-0.446682
2024-01-01 00:00:06.290,-0.15166,0.931366,7.94698,0.224899,0.275652,-0.077768
2024-01-01 00:00:06.300,-1.071402,1.316093,6.994341,0.245618,1.158933,0.043564
2024-01-01 00:00:06.310,0.112633,0.96108,8.269541,-0.249773,0.689303,-0.191862
2024-01-01 00:00:06.320,-0.421028,1.092995,7.971347,-0.269591,0.71248,-0.47406
2024-01-01 00:00:06.330,-0.457581,1.397657,7.945341,-0.337375,0.536896,-0.087977
2024-01-01 00:00:06.340,-0.604379,1.30966,8.129666,-0.15046,0.80871,-0.064127
2024-01-01 00:00:06.350,-0.770925,1.270203,8.519672,-0.453933,1.168967,0.057485
2024-01-01 00:00:06.360,0.1551,1.093536,9.138718,-0.089999,1.095612,0.266166
2024-01-01 00:00:06.370,-0.048428,1.309554,8.401648,0.334706,1.059462,-0.076765
2024-01-01 00:00:06.380,-0.466539,1.16282,9.101412,-0.1608,0.986429,-0.132457
2024-01-01 00:00:06.390,-0.409271,1.336825,9.493815,-0.036711,0.758901,-0.163303
2024-01-01 00:00:06.400,-0.014527,1.048088,9.108043,-0.370353,0.479444,0.057178
2024-01-01 00:00:06.410,0.745986,1.138225,10.894447,0.179824,0.779953,0.115058
2024-01-01 00:00:06.420,0.129553,0.889987,9.627301,0.183672,0.754327,-0.023072
2024-01-01 00:00:06.430,-0.247452,1.168611,9.91447,0.164538,1.053534,0.191109
2024-01-01 00:00:06.440,0.250445,0.926123,9.924871,0.125236,0.841817,0.159529
2024-01-01 00:00:06.450,0.298287,0.823707,11.625609,0.136805,1.135943,0.111482
2024-01-01 00:00:06.460,-0.493495,1.222221,11.106196,0.365696,0.99609,-0.015252
2024-01-01 00:00:06.470,0.487388,1.193372,10.443748,0.262871,0.542127,0.062758
2024-01-01 00:00:06.480,0.480756,1.347588,11.714227,0.378254,0.162934,-0.214708
2024-01-01 00:00:06.490,0.859576,0.96484,11.35235,0.382228,0.909783,0.199609
2024-01-01 00:00:06.500,1.316404,1.196348,11.508017,0.6378,0.851417,0.182423
2024-01-01 00:00:06.510,1.115895,1.217261,11.28925,0.554101,0.115027,0.220698
2024-01-01 00:00:06.520,0.678696,1.161913,11.165646,0.460379,0.776069,0.28173
2024-01-01 00:00:06.530,0.435534,0.755649,11.849023,0.818442,0.433996,0.277291
2024-01-01 00:00:06.540,1.77223,1.021462,11.434664,0.569896,0.316247,0.215857
2024-01-01 00:00:06.550,0.939665,1.05769,12.79023,0.816341,0.615669,0.25235
2024-01-01 00:00:06.560,0.969773,0.920925,11.134449,0.666348,0.482728,0.046659
2024-01-01 00:00:06.570,1.000918,0.261728,12.703724,0.077847,0.243064,0.181605
2024-01-01 00:00:06.580,1.12159,0.903342,11.808464,0.887414,0.131713,0.288174
2024-01-01 00:00:06.590,1.043002,1.485152,12.029541,0.617009,0.100602,0.181229
2024-01-01 00:00:06.600,0.932319,0.678305,12.303168,0.591331,-0.220085,0.431183
2024-01-01 00:00:06.610,0.979515,0.531598,11.46284,0.694825,-0.199675,0.213449
2024-01-01 00:00:06.620,1.195452,0.824568,12.234237,0.557443,-0.476156,0.35429
2024-01-01 00:00:06.630,1.050846,0.767714,10.204365,0.718648,-0.39696,0.34843
2024-01-01 00:00:06.640,1.023753,0.992214,11.217731,0.531097,-0.466538,0.451475
2024-01-01 00:00:06.650,1.340731,0.216442,11.011792,1.013758,-0.592561,0.482713
2024-01-01 00:00:06.660,1.242448,0.771705,10.723571,0.681838,-0.455715,0.459222
2024-01-01 00:00:06.670,1.884233,0.687049,11.175083,0.628533,-0.624026,0.046189
2024-01-01 00:00:06.680,0.454036,0.42412,11.373857,0.505769,-0.467235,0.547622
2024-01-01 00:00:06.690,1.785801,0.524488,11.405436,0.815873,-1.044462,0.603436
2024-01-01 00:00:06.700,1.859624,0.687181,10.998512,0.805974,-0.709349,0.30728
2024-01-01 00:00:06.710,0.715323,0.594914,10.337682,0.865644,-0.686029,0.419766
2024-01-01 00:00:06.720,1.336349,-0.055327,10.736286,0.519875,-0.830024,0.254719
2024-01-01 00:00:06.730,1.339308,0.487539,10.423987,0.383338,-0.82425,0.09956
2024-01-01 00:00:06.740,0.987427,0.175624,10.686654,0.945761,-1.201407,0.283874
2024-01-01 00:00:06.750,1.216271,0.170129,10.410361,1.165031,-0.734928,0.315914
2024-01-01 00:00:06.760,1.105947,0.123233,9.80723,0.540558,-0.67599,0.345345
2024-01-01 00:00:06.770,2.111768,0.00905,9.101794,1.196546,-0.723157,0.255756
2024-01-01 00:00:06.780,1.827463,0.364401,9.03958,0.870965,-0.590262,0.28998
2024-01-01 00:00:06.790,1.944196,-0.065472,8.899559,0.797782,-0.797695,0.398123
2024-01-01 00:00:06.800,1.748589,-0.423403,8.83283,0.698481,-0.721283,0.2834
2024-01-01 00:00:06.810,1.095368,-0.252645,8.960192,0.448823,-0.789594,0.479005
2024-01-01 00:00:06.820,1.299176,-0.127816,9.016102,1.037736,-0.639255,0.497651
2024-01-01 00:00:06.830,1.643962,0.140784,8.409265,0.591528,-1.182948,0.749773
2024-01-01 00:00:06.840,1.032576,-0.093256,8.266655,0.583886,-0.984645,0.558271
2024-01-01 00:00:06.850,1.695246,-0.575123,8.163906,1.01902,-0.332414,0.421984
2024-01-01 00:00:06.860,1.344717,0.380312,7.636605,0.291297,-1.307618,0.287982
2024-01-01 00:00:06.870,1.278562,-0.330528,7.25564,0.370967,-0.686631,0.419995
2024-01-01 00:00:06.880,1.637319,-0.071424,6.653319,0.735991,-0.313556,0.419252
2024-01-01 00:00:06.890,1.520556,-0.542932,7.101537,0.801355,-0.581217,0.28702
2024-01-01 00:00:06.900,1.21319,-0.380015,7.620852,0.835599,-0.606973,0.474767
2024-01-01 00:00:06.910,1.717681,-0.329951,6.863229,0.624239,-0.418049,0.14013
2024-01-01 00:00:06.920,0.903898,-0.257199,7.021388,1.31647,-0.480576,0.305279
2024-01-01 00:00:06.930,1.466213,-0.345347,7.324819,0.610032,-0.324044,0.416882
2024-01-01 00:00:06.940,1.424648,-0.439772,7.28503,0.591403,-0.440005,0.281412
2024-01-01 00:00:06.950,1.073261,-0.833743,6.349977,0.430941,0.072274,0.284081
2024-01-01 00:00:06.960,1.258457,-0.947381,7.452212,0.641275,0.216457,0.284481
2024-01-01 00:00:06.970,0.667354,-0.711512,7.499269,0.743204,-0.106307,0.169392
2024-01-01 00:00:06.980,1.387874,-0.565535,6.248647,0.868609,-0.352731,0.459942
2024-01-01 00:00:06.990,0.957319,-0.945159,6.42329,0.172764,-0.07018,0.119837
2024-01-01 00:00:07.000,0.795067,-0.590298,7.553293,0.460112,0.081297,0.308529
2024-01-01 00:00:07.010,1.299642,-0.50416,6.85454,0.609003,0.319402,0.310711
2024-01-01 00:00:07.020,0.638992,-1.24348,5.76664,0.619038,0.005541,0.093843
2024-01-01 00:00:07.030,0.344202,-1.246798,6.284672,0.448124,0.128184,0.234209
2024-01-01 00:00:07.040,0.242696,-1.063427,6.998675,0.555614,0.509088,0.073559
2024-01-01 00:00:07.050,0.948751,-0.953041,6.591337,0.190638,0.674725,0.405096
2024-01-01 00:00:07.060,0.236487,-1.225084,7.112069,0.754616,0.340451,0.011753
2024-01-01 00:00:07.070,1.245744,-0.682788,7.4783,0.584992,0.215323,0.070333
2024-01-01 00:00:07.080,-0.151161,-0.980275,8.397588,-0.028224,1.419034,-0.02963
2024-01-01 00:00:07.090,1.116328,-1.11299,7.577479,0.009927,0.839501,-0.064303
2024-01-01 00:00:07.100,0.540668,-1.571183,8.481128,-0.012764,0.618603,0.363165
2024-01-01 00:00:07.110,0.376482,-1.548973,8.840217,0.388336,0.940043,0.190838
2024-01-01 00:00:07.120,0.162494,-1.081953,9.014594,-0.1328,0.724622,0.115235
2024-01-01 00:00:07.130,0.435249,-1.816255,8.560756,0.074871,1.000791,-0.019673
2024-01-01 00:00:07.140,0.224257,-0.881081,7.508737,0.240305,0.847256,0.199456
2024-01-01 00:00:07.150,0.565095,-1.238877,9.031249,0.078893,0.848626,-0.075916
2024-01-01 00:00:07.160,0.160151,-0.223215,9.547336,0.128813,0.810693,0.151092
2024-01-01 00:00:07.170,0.113823,-0.506625,9.121525,-0.233801,0.485323,-0.114552
2024-01-01 00:00:07.180,-0.125096,-1.254433,10.322293,0.14987,1.33452,-0.096098
2024-01-01 00:00:07.190,-0.076815,-1.231038,10.032385,-0.183641,0.612172,0.098573
2024-01-01 00:00:07.200,-0.008117,-0.897741,10.067557,-0.14294,0.499854,0.098681
2024-01-01 00:00:07.210,-0.773191,-0.680888,10.545659,-0.033704,0.773743,0.043052
2024-01-01 00:00:07.220,-0.705011,-1.676825,10.321062,-0.098575,0.568562,-0.219623
2024-01-01 00:00:07.230,-0.031156,-1.713067,8.951463,-0.149364,0.772959,-0.144689
2024-01-01 00:00:07.240,-0.289196,-1.353678,10.226878,-0.37379,0.929914,-0.069532
2024-01-01 00:00:07.250,-0.470553,-0.980351,11.331729,-0.291505,0.974186,-0.235701
2024-01-01 00:00:07.260,-0.456237,-0.992423,10.392914,-0.246221,0.891933,0.082261
2024-01-01 00:00:07.270,-0.396847,-0.805097,10.868887,-0.620305,0.570466,-0.498559
2024-01-01 00:00:07.280,-0.762426,-1.468735,10.561792,-0.421505,0.613886,-0.269747
2024-01-01 00:00:07.290,-0.900036,-1.784748,12.251313,-0.237816,0.654342,-0.243803
2024-01-01 00:00:07.300,-0.61223,-0.811889,12.316901,-0.68244,0.060387,-0.608132
2024-01-01 00:00:07.310,-1.075297,-1.295483,11.015343,-0.101717,0.586842,-0.404866
2024-01-01 00:00:07.320,-0.640933,-1.628678,11.678661,-0.100635,0.02148,-0.115226
2024-01-01 00:00:07.330,-1.429465,-0.954134,11.305743,-0.755854,0.835108,-0.21774
2024-01-01 00:00:07.340,-0.521804,-0.732676,12.086281,-0.131,0.161095,0.000768
2024-01-01 00:00:07.350,-0.763679,-0.978715,12.081693,-0.531409,0.151582,-0.015973
2024-01-01 00:00:07.360,-0.885117,-1.049462,12.286039,-0.415226,-0.060275,-0.19497
2024-01-01 00:00:07.370,-0.674914,-0.928511,12.04508,-0.667552,-0.09181,-0.224709
2024-01-01 00:00:07.380,-0.478488,-0.959107,13.484471,-0.335321,0.56733,-0.273151
2024-01-01 00:00:07.390,-0.747278,-1.218262,11.296615,-0.486374,0.167031,-0.692211
2024-01-01 00:00:07.400,-1.785807,-0.992905,10.897668,-0.812339,-0.521809,-0.513584
2024-01-01 00:00:07.410,-1.626778,-0.585563,11.583525,-0.920061,0.175932,-0.299279
2024-01-01 00:00:07.420,-1.433209,-0.60774,10.883494,-1.012821,0.033818,-0.231469
2024-01-01 00:00:07.430,-1.239104,-0.61503,10.856467,-0.61874,-0.397529,-0.289412
2024-01-01 00:00:07.440,-1.098833,-0.924165,11.04373,-0.539556,-0.311255,-0.475207
2024-01-01 00:00:07.450,-1.563818,-0.639274,10.99059,-0.535823,-0.449965,-0.208671
2024-01-01 00:00:07.460,-1.272203,-1.196239,10.862905,-0.742867,-0.008617,-0.134319
2024-01-01 00:00:07.470,-1.627645,-0.44703,11.550608,-1.016321,-0.753257,-0.222838
2024-01-01 00:00:07.480,-1.600868,-0.028594,10.853074,-0.910165,-0.566669,-0.221383
2024-01-01 00:00:07.490,-1.900593,-0.855459,10.887717,-0.462986,-0.755456,-0.45942
2024-01-01 00:00:07.500,-1.750636,-0.544326,11.323228,-0.882493,-1.047908,-0.219278
2024-01-01 00:00:07.510,-1.917623,-0.224573,10.245815,-0.734564,-0.178691,-0.363345
2024-01-01 00:00:07.520,-1.800879,0.098292,10.349641,-1.047218,-1.054442,-0.31242
2024-01-01 00:00:07.530,-1.103076,-0.365854,10.517184,-0.700841,-0.731761,-0.337679
2024-01-01 00:00:07.540,-1.814386,-0.392528,9.063164,-0.904872,-1.244835,-0.413449
2024-01-01 00:00:07.550,-0.56871,-0.72871,8.629621,-0.533012,-0.927274,-0.526345
2024-01-01 00:00:07.560,-1.32302,-0.059967,9.938435,-0.604307,-0.734732,-0.411169
2024-01-01 00:00:07.570,-1.434307,0.568799,9.823085,-0.923393,-1.053916,-0.251719
2024-01-01 00:00:07.580,-1.800419,0.086627,10.491075,-0.831663,-0.703286,-0.46622
2024-01-01 00:00:07.590,-1.253554,0.043973,9.24607,-0.937066,-0.914231,-0.265641
2024-01-01 00:00:07.600,-1.696482,0.194441,9.414646,-1.152196,-0.548684,-0.288108
2024-01-01 00:00:07.610,-1.446333,0.141496,8.663469,-1.008513,-0.484799,-0.441917
2024-01-01 00:00:07.620,-0.584726,-0.052298,8.745357,-0.740182,-0.953344,-0.186548
2024-01-01 00:00:07.630,-1.5038,0.485076,9.314663,-0.70278,-0.763893,-0.44538
2024-01-01 00:00:07.640,-1.055077,0.351938,7.051292,-0.740102,-0.708777,-0.162187
2024-01-01 00:00:07.650,-1.688319,0.335169,8.275925,-0.844611,-0.56669,-0.31947
2024-01-01 00:00:07.660,-1.437102,0.08244,9.06015,-0.526657,-0.680345,-0.382342
2024-01-01 00:00:07.670,-0.785516,0.810686,7.887039,-0.733606,-0.594561,-0.507916
2024-01-01 00:00:07.680,-1.602995,0.662977,8.496233,-0.562083,-0.657158,-0.382187
2024-01-01 00:00:07.690,-0.725316,0.340904,7.109893,-1.168603,-0.517993,-0.393143
2024-01-01 00:00:07.700,-1.085967,0.849756,7.31774,-1.691896,-0.169425,-0.544393
2024-01-01 00:00:07.710,-1.502484,0.441514,7.245825,-0.625384,-0.276434,-0.380808
2024-01-01 00:00:07.720,-1.054194,0.396845,5.913013,-1.036478,-0.203971,-0.460714
2024-01-01 00:00:07.730,-0.903081,0.443217,6.409362,-0.7163,-0.137496,-0.243695
2024-01-01 00:00:07.740,-0.991852,0.178448,6.38212,-0.720583,-0.293721,-0.126588
2024-01-01 00:00:07.750,-1.7232,0.888773,7.385861,-0.229081,-0.110986,-0.497003
2024-01-01 00:00:07.760,-1.390435,0.234349,7.376836,-0.505834,-0.396227,-0.04607
2024-01-01 00:00:07.770,-1.183124,0.450326,7.054128,-0.543331,0.258801,-0.311681
2024-01-01 00:00:07.780,-1.081399,0.230081,7.323381,-0.353604,-0.687246,-0.427679
2024-01-01 00:00:07.790,-0.79533,0.859512,6.789557,-0.447911,0.05355,-0.156354
2024-01-01 00:00:07.800,-0.906019,0.87144,7.566052,-0.6308,0.426936,-0.325159
2024-01-01 00:00:07.810,-1.389733,0.84831,6.950255,-0.224058,-0.133757,-0.258224
2024-01-01 00:00:07.820,-0.742011,0.66186,7.032708,-0.744147,0.371367,-0.293996
2024-01-01 00:00:07.830,-0.612736,0.649767,6.924955,-0.359957,0.16376,-0.342895
2024-01-01 00:00:07.840,-0.580594,1.166,7.531878,-0.801037,0.302211,-0.098473
2024-01-01 00:00:07.850,-0.347123,0.885183,7.021898,-0.335892,0.688912,-0.236384
2024-01-01 00:00:07.860,-0.381275,1.167287,7.901843,-0.310765,0.557151,-0.395004
2024-01-01 00:00:07.870,-0.459142,0.827174,6.865802,0.088524,0.051111,-0.082636
2024-01-01 00:00:07.880,-0.59016,1.165742,7.019421,-0.692898,0.364187,-0.331665
2024-01-01 00:00:07.890,-1.091808,1.519357,8.148077,-0.422473,0.89695,-0.309115
2024-01-01 00:00:07.900,-0.304184,1.319426,7.877377,-0.036756,0.806126,0.057678
2024-01-01 00:00:07.910,-0.325233,1.033281,7.841472,-0.128397,1.167397,-0.285564
2024-01-01 00:00:07.920,-0.245627,1.2458,8.753608,-0.13662,1.18297,-0.438315
2024-01-01 00:00:07.930,-0.729771,1.106264,8.109903,-0.389918,0.703966,0.017987
2024-01-01 00:00:07.940,-0.603068,1.188824,8.519346,-0.267544,1.437662,-0.105499
2024-01-01 00:00:07.950,0.202464,1.094933,9.589184,0.222652,0.835265,-0.076952
2024-01-01 00:00:07.960,-0.121168,1.147624,9.8597,-0.070117,0.60063,-0.075795
2024-01-01 00:00:07.970,0.190184,1.263005,10.073766,0.068058,0.689824,0.02186
2024-01-01 00:00:07.980,0.020628,0.901962,9.250551,-0.023082,0.285732,-0.11005
2024-01-01 00:00:07.990,0.080172,0.893938,10.279159,-0.258568,1.248078,0.240019
2024-01-01 00:00:08.000,0.457089,0.779013,9.275461,0.302087,1.236178,-0.187117
2024-01-01 00:00:08.010,0.006807,0.710515,9.491051,0.225767,0.569582,0.116711
2024-01-01 00:00:08.020,0.279508,0.818585,8.885717,0.707538,0.747356,0.161882
2024-01-01 00:00:08.030,0.142131,1.222948,11.282154,-0.091801,0.80411,-0.032901
2024-01-01 00:00:08.040,0.209444,0.89679,10.064346,0.398452,0.511165,-0.057156
2024-01-01 00:00:08.050,0.310337,1.306423,10.640151,-0.104661,0.278865,0.264189
2024-01-01 00:00:08.060,0.552675,1.148678,10.370969,0.292631,0.62699,-0.021982
2024-01-01 00:00:08.070,0.36301,0.531873,11.406583,0.527099,0.557036,0.050486
2024-01-01 00:00:08.080,1.024909,1.301337,10.959983,-0.205823,0.493979,0.289201
2024-01-01 00:00:08.090,0.326196,1.328791,10.580135,0.289732,0.596872,0.175693
2024-01-01 00:00:08.100,0.626827,0.766417,11.659951,0.228388,0.845329,-0.084976
2024-01-01 00:00:08.110,0.590176,1.168007,10.735048,0.221354,0.355908,0.460481
2024-01-01 00:00:08.120,1.30122,0.760759,11.156238,0.520185,0.415347,0.132439
2024-01-01 00:00:08.130,0.913037,1.02119,10.537307,0.730434,0.493199,0.164718
2024-01-01 00:00:08.140,1.253543,0.585182,10.977783,0.442626,0.386831,0.27634
2024-01-01 00:00:08.150,0.419223,0.397747,11.909194,0.552262,0.029965,0.344207
2024-01-01 00:00:08.160,1.077953,0.79053,10.765419,0.553636,0.141802,0.556695
2024-01-01 00:00:08.170,1.339645,0.83655,11.050846,0.548864,0.188,0.025196
2024-01-01 00:00:08.180,1.099269,0.721303,11.868265,0.298581,-0.297883,0.409351
2024-01-01 00:00:08.190,1.483923,0.451033,11.559182,0.869647,0.233278,0.407719
2024-01-01 00:00:08.200,0.968767,0.650658,12.926959,0.687035,0.208991,0.286043
2024-01-01 00:00:08.210,1.68012,0.814607,12.797898,0.731706,-0.394978,0.434584
2024-01-01 00:00:08.220,2.026653,0.682404,11.254815,0.450127,-0.229914,0.466018
2024-01-01 00:00:08.230,1.128341,0.711596,11.966873,0.554707,-0.180084,0.127462
2024-01-01 00:00:08.240,1.130758,0.415767,11.986629,0.642198,-0.537268,0.605581
2024-01-01 00:00:08.250,1.824724,0.927316,11.146321,0.318356,-0.338187,0.117129
2024-01-01 00:00:08.260,1.896204,0.181055,10.539748,0.294447,-0.47266,0.18793
2024-01-01 00:00:08.270,1.185584,0.637455,11.230543,0.579725,-0.932154,0.325688
2024-01-01 00:00:08.280,1.244629,0.802271,11.005677,0.872867,-0.498581,0.65986
2024-01-01 00:00:08.290,1.314022,0.5478,10.713778,0.590127,-0.932801,0.330467
2024-01-01 00:00:08.300,0.960851,0.297968,11.039614,0.508717,-0.463281,0.376919
2024-01-01 00:00:08.310,1.126424,0.154877,10.217487,0.56857,-0.901874,0.600932
2024-01-01 00:00:08.320,1.110801,0.578349,9.823025,0.666031,-0.805831,0.344886
2024-01-01 00:00:08.330,1.205552,-0.205629,10.336119,0.697818,-0.449133,0.216376
2024-01-01 00:00:08.340,1.471886,-0.116376,10.302289,1.332861,-0.68989,0.333155
2024-01-01 00:00:08.350,1.573446,0.008521,9.252269,1.059106,-1.10059,0.603344
2024-01-01 00:00:08.360,2.039278,0.452014,10.216011,1.054382,-1.096037,0.409724
2024-01-01 00:00:08.370,1.149991,0.147452,8.535853,1.091833,-0.998499,0.689443
2024-01-01 00:00:08.380,1.844415,-0.30414,8.994847,0.550242,-0.751117,0.510664
2024-01-01 00:00:08.390,1.423168,-0.154046,8.97445,0.493376,-0.756039,0.302762
2024-01-01 00:00:08.400,1.476591,-0.292383,8.57155,0.520031,-1.046984,0.406036
2024-01-01 00:00:08.410,1.723613,-0.367987,8.418588,1.12692,-1.113421,0.268664
2024-01-01 00:00:08.420,1.085691,0.091892,9.570332,0.651812,-0.73154,0.29404
2024-01-01 00:00:08.430,1.601411,-0.659709,7.890263,0.469864,-0.822747,1.063214
2024-01-01 00:00:08.440,1.512476,0.188421,9.5242,0.667833,-0.208506,0.540585
2024-01-01 00:00:08.450,1.61097,-0.091315,8.252595,0.707608,-0.70455,0.512795
2024-01-01 00:00:08.460,1.521986,-0.057569,7.901869,0.824851,-0.221606,0.285397
2024-01-01 00:00:08.470,2.260093,-0.568157,7.96165,0.809798,-0.925047,0.608968
2024-01-01 00:00:08.480,1.155319,-0.518039,8.950012,0.52817,-0.979116,0.53252
2024-01-01 00:00:08.490,1.168332,-0.94605,6.882138,0.893644,-0.815564,0.643358
2024-01-01 00:00:08.500,1.109635,-0.715751,6.694481,0.548327,-0.18467,0.62903
2024-01-01 00:00:08.510,1.104812,-0.451639,6.790398,0.653853,0.01365,0.124598
2024-01-01 00:00:08.520,1.045624,-0.251369,7.131533,0.848339,-0.561706,0.171847
2024-01-01 00:00:08.530,1.652379,-1.011795,6.086947,0.498864,-0.419818,0.179091
2024-01-01 00:00:08.540,1.698997,-0.827706,6.985142,0.498633,-0.533549,0.178894
2024-01-01 00:00:08.550,0.965793,-0.800737,7.855901,0.769546,-0.629345,0.359332
2024-01-01 00:00:08.560,0.836156,-1.210206,6.974478,0.38689,0.069131,0.215641
2024-01-01 00:00:08.570,1.252655,-0.64896,6.712348,0.483887,0.01193,0.600932
2024-01-01 00:00:08.580,0.852874,-1.077175,6.530935,0.696883,0.025717,0.564676
2024-01-01 00:00:08.590,1.224548,-0.950876,7.378194,1.048468,-0.260144,0.266503
2024-01-01 00:00:08.600,1.029361,-1.058741,6.458305,0.662465,0.566078,0.548856
2024-01-01 00:00:08.610,0.381657,-1.189423,7.971766,0.604649,0.095501,0.466465
2024-01-01 00:00:08.620,1.40621,-0.982724,8.078294,0.593811,0.418626,0.162949
2024-01-01 00:00:08.630,1.444215,-1.071763,7.229456,0.16672,-0.01631,-0.083874
2024-01-01 00:00:08.640,0.550992,-1.143544,7.169352,0.437149,0.359657,0.17143
2024-01-01 00:00:08.650,0.578396,-1.273833,7.843592,0.373407,0.537565,0.093731
2024-01-01 00:00:08.660,0.761661,-0.981108,7.99289,0.433254,0.601043,0.207405
2024-01-01 00:00:08.670,0.725159,-0.600882,7.073745,0.353447,0.609269,0.175544
2024-01-01 00:00:08.680,0.784138,-1.073302,7.365213,0.390204,0.742034,0.157092
2024-01-01 00:00:08.690,1.201909,-0.833005,7.075936,0.187913,0.379735,0.211443
2024-01-01 00:00:08.700,0.380323,-1.563724,8.186335,0.250521,0.751565,-0.063944
2024-01-01 00:00:08.710,0.106082,-1.112368,8.494849,-0.101365,0.766164,0.1645
2024-01-01 00:00:08.720,-0.154642,-1.500149,7.560297,0.09502,0.826573,0.021556
2024-01-01 00:00:08.730,0.014419,-1.623442,8.233565,0.491839,0.812906,0.102063
2024-01-01 00:00:08.740,0.200356,-1.409772,7.929596,0.192742,0.497755,0.200132
2024-01-01 00:00:08.750,0.781424,-0.836145,8.367243,0.076545,0.502787,-0.142772
2024-01-01 00:00:08.760,-0.086696,-0.912613,9.358791,0.524414,0.28969,-0.017003
2024-01-01 00:00:08.770,0.113787,-1.126763,8.848413,-0.321296,1.053434,-0.008324
2024-01-01 00:00:08.780,-0.029348,-1.659662,9.283204,-0.289951,1.056494,-0.083434
2024-01-01 00:00:08.790,0.333312,-1.257062,8.749978,0.384111,1.055729,0.112941
2024-01-01 00:00:08.800,0.742904,-1.104137,9.942481,-0.063988,0.911565,-0.145798
2024-01-01 00:00:08.810,-0.386004,-1.136603,10.007012,-0.167419,0.286438,-0.136697
2024-01-01 00:00:08.820,-0.429871,-1.735175,9.818061,-0.437703,0.542808,-0.175439
2024-01-01 00:00:08.830,0.048923,-1.440073,10.297393,-0.056894,0.816902,0.079399
2024-01-01 00:00:08.840,-0.135347,-1.181323,10.676483,-0.063356,0.77819,-0.173602
2024-01-01 00:00:08.850,0.215443,-0.988532,10.297628,-0.503439,0.654022,-0.045901
2024-01-01 00:00:08.860,-0.282757,-1.793796,10.093818,-0.294873,0.762938,0.166454
2024-01-01 00:00:08.870,-0.668357,-1.167374,12.049265,-0.373268,0.630463,-0.155917
2024-01-01 00:00:08.880,-0.390506,-1.057866,10.847882,-0.254531,0.610693,0.007546
2024-01-01 00:00:08.890,-0.262895,-0.826235,11.271627,-0.626981,0.370087,0.077119
2024-01-01 00:00:08.900,-0.416468,-0.851922,11.997351,-0.062286,0.721423,-0.033558
2024-01-01 00:00:08.910,-0.577696,-0.862027,13.486073,-0.17384,0.311345,-0.203918
2024-01-01 00:00:08.920,-0.43234,-1.252191,10.950845,-0.520488,0.026896,-0.118531
2024-01-01 00:00:08.930,-0.445608,-1.558451,11.958895,-0.510031,0.105099,-0.42107
2024-01-01 00:00:08.940,-0.418965,-1.076279,11.383999,-0.515557,0.147177,-0.357732
2024-01-01 00:00:08.950,-0.722133,-0.628701,11.523583,-0.700807,0.417787,-0.343816
2024-01-01 00:00:08.960,-1.052661,-0.480541,11.455379,-0.641081,0.092662,0.07098
2024-01-01 00:00:08.970,-0.986268,-0.653406,11.24858,-0.620963,-0.010006,-0.398586
2024-01-01 00:00:08.980,-0.657178,-0.704418,11.845691,-0.172493,-0.342558,-0.411976
2024-01-01 00:00:08.990,-1.405548,-0.684686,11.042649,-0.360477,0.099243,-0.455154
2024-01-01 00:00:09.000,-1.029015,-0.929534,12.344197,-0.383963,-0.326249,-0.224842
2024-01-01 00:00:09.010,-1.332353,-0.764654,11.808322,-0.544683,-0.253389,-0.297189
2024-01-01 00:00:09.020,-1.219405,-0.186727,11.9501,-0.935047,0.077959,-0.164844
2024-01-01 00:00:09.030,-0.814883,-0.930962,11.386494,-0.683621,-0.226791,-0.235935
2024-01-01 00:00:09.040,-1.226375,-0.123503,11.351982,-0.447116,-0.820745,-0.551928
2024-01-01 00:00:09.050,-1.30592,-0.663344,11.609613,-1.019725,-0.913195,-0.473671
2024-01-01 00:00:09.060,-1.824986,-0.127027,10.69583,-0.560348,-0.541113,-0.154944
2024-01-01 00:00:09.070,-1.11262,-0.903808,11.01158,-0.152046,-0.879183,-0.396844
2024-01-01 00:00:09.080,-1.170531,-0.262353,10.596708,-0.479319,-0.461253,-0.194248
2024-01-01 00:00:09.090,-0.659788,-0.614836,10.430168,-0.402187,-0.656351,-0.4003
2024-01-01 00:00:09.100,-1.54293,-0.773456,9.600446,-0.71086,-0.664964,-0.527871
2024-01-01 00:00:09.110,-1.374561,-0.237845,11.329742,-0.532024,-0.91801,-0.432493
2024-01-01 00:00:09.120,-1.377784,0.045377,10.040189,-0.960833,-0.336398,-0.535892
2024-01-01 00:00:09.130,-0.924494,-0.464607,10.875819,-0.588555,-0.08673,-0.478594
2024-01-01 00:00:09.140,-1.5192,-0.614162,10.636607,-0.628855,-0.887717,-0.366087
2024-01-01 00:00:09.150,-1.39513,-0.145088,9.150073,-0.723676,-0.745432,-0.321336
2024-01-01 00:00:09.160,-1.28465,-0.096661,9.064327,-0.469619,-0.81979,-0.637839
2024-01-01 00:00:09.170,-1.434406,0.14128,10.874993,-0.934546,-0.914285,-0.40253
2024-01-01 00:00:09.180,-1.655951,0.308912,10.232891,-0.846604,-1.057336,-0.487912
2024-01-01 00:00:09.190,-1.429422,0.053421,9.056331,-0.774723,-1.11525,-0.496557
2024-01-01 00:00:09.200,-1.116916,0.674999,9.020844,-1.053503,-1.117364,-0.378147
2024-01-01 00:00:09.210,-1.844987,0.232537,8.340987,-0.735644,-0.716446,-0.478756
2024-01-01 00:00:09.220,-1.429883,0.108,8.738639,-1.217158,-0.926896,-0.186392
2024-01-01 00:00:09.230,-1.709891,-0.225208,7.924675,-0.519514,-1.415831,-0.212417
2024-01-01 00:00:09.240,-1.032738,0.225398,7.026125,-0.76221,-0.629543,-0.20966
2024-01-01 00:00:09.250,-1.968026,0.248741,7.249459,-0.895509,-0.715231,-0.456879
2024-01-01 00:00:09.260,-1.612215,0.682668,7.82895,-0.964109,-0.32953,-0.522133
2024-01-01 00:00:09.270,-1.264053,0.57763,7.045922,-0.803219,-0.529321,-0.359983
2024-01-01 00:00:09.280,-0.825465,0.128701,7.492217,-0.560414,-0.944814,-0.388792
2024-01-01 00:00:09.290,-1.371602,0.577068,6.810778,-0.582313,-1.081543,-0.450947
2024-01-01 00:00:09.300,-1.51601,0.768915,6.856369,-0.881286,-0.649722,-0.528811
2024-01-01 00:00:09.310,-0.634337,1.06705,7.653642,-0.900972,-0.568947,-0.350959
2024-01-01 00:00:09.320,-1.768594,0.915134,7.231801,-0.50873,-0.117139,-0.397088
2024-01-01 00:00:09.330,-1.998462,0.916372,7.015756,-0.83599,-0.293217,-0.224449
2024-01-01 00:00:09.340,-1.040061,0.744312,7.444447,-0.621858,0.056156,-0.218652
2024-01-01 00:00:09.350,-1.33312,0.879822,7.180231,-0.586342,-0.493333,-0.14352
2024-01-01 00:00:09.360,-1.476373,1.174039,7.681598,-0.518753,0.145339,-0.487279
2024-01-01 00:00:09.370,-0.830822,0.433975,6.618557,-0.360764,0.151012,-0.227507
2024-01-01 00:00:09.380,-0.951549,0.762304,6.636159,-0.868743,-0.466871,-0.385621
2024-01-01 00:00:09.390,-1.190832,0.667348,6.17331,-1.007606,0.435032,-0.44797
2024-01-01 00:00:09.400,-1.396497,1.043453,6.684823,-0.64767,0.193785,-0.317194
2024-01-01 00:00:09.410,-0.596545,1.327922,7.498411,-0.030634,0.333417,-0.080202
2024-01-01 00:00:09.420,-0.626452,0.807424,7.744698,0.050065,0.082709,-0.283587
2024-01-01 00:00:09.430,-0.839526,0.295556,7.634297,0.02856,0.679418,0.020201
2024-01-01 00:00:09.440,-0.108036,0.913543,6.209782,-0.45057,0.123582,-0.118831
2024-01-01 00:00:09.450,-1.077264,1.334205,7.896249,-0.820321,0.684902,-0.24651
2024-01-01 00:00:09.460,-1.183954,1.242762,6.406094,-0.932437,0.735909,0.000668
2024-01-01 00:00:09.470,-0.838466,1.229562,8.040109,-0.471535,0.337804,-0.092203
2024-01-01 00:00:09.480,-0.557607,1.035034,7.484035,-0.3384,1.124173,-0.284324
2024-01-01 00:00:09.490,-0.400997,0.751514,8.223319,0.065868,0.729301,0.149176
2024-01-01 00:00:09.500,-0.514359,1.304242,7.264191,-0.012343,0.873819,-0.075725
2024-01-01 00:00:09.510,-0.2498,0.912018,8.809804,-0.142093,0.363089,-0.096652
2024-01-01 00:00:09.520,-0.753574,1.828379,7.536015,-0.390746,1.304208,-0.212473
2024-01-01 00:00:09.530,0.247757,1.35333,8.156565,-0.377561,0.493739,0.108248
2024-01-01 00:00:09.540,-0.22794,1.015178,8.16297,-0.042701,1.076244,0.024475
2024-01-01 00:00:09.550,0.250548,1.011308,7.938851,0.099327,0.586391,0.056918
2024-01-01 00:00:09.560,0.038348,1.17034,9.150375,0.054447,0.690221,-0.097891
2024-01-01 00:00:09.570,0.137285,1.128013,10.288094,-0.270692,1.046803,0.119094
2024-01-01 00:00:09.580,0.235901,1.534695,10.95837,0.182124,1.105883,0.146501
2024-01-01 00:00:09.590,0.252185,1.253491,9.741081,0.157404,0.52529,-0.074853
2024-01-01 00:00:09.600,0.379297,0.974141,10.495925,-0.18535,1.104619,-0.17139
2024-01-01 00:00:09.610,0.678165,1.754977,10.200334,-0.082501,1.076979,0.143996
2024-01-01 00:00:09.620,0.340032,1.195009,10.533644,0.31679,0.559921,-0.163669
2024-01-01 00:00:09.630,0.577267,1.401411,10.25214,0.116902,1.167822,0.110567
2024-01-01 00:00:09.640,0.355065,0.977019,10.722042,0.603406,0.372935,0.035973
2024-01-01 00:00:09.650,0.947271,1.255351,11.077075,0.361672,0.545376,0.300994
2024-01-01 00:00:09.660,0.262563,1.224902,10.621271,0.144636,0.78139,0.07422
2024-01-01 00:00:09.670,1.184926,0.548072,11.045036,0.293233,0.404217,0.313983
2024-01-01 00:00:09.680,0.594978,1.701219,11.193106,0.340663,0.635703,0.085277
2024-01-01 00:00:09.690,0.161754,1.463799,11.805849,0.171249,0.578626,0.326672
2024-01-01 00:00:09.700,0.759827,0.935747,10.878812,0.153181,0.416983,0.499715
2024-01-01 00:00:09.710,0.527978,0.700889,11.537596,0.584066,0.614372,0.044152
2024-01-01 00:00:09.720,1.11074,1.110904,12.704749,0.646793,0.289184,0.261543
2024-01-01 00:00:09.730,0.636999,1.006149,12.366427,0.612501,0.342014,0.643095
2024-01-01 00:00:09.740,0.756814,1.058825,12.526684,0.865751,0.506841,0.253449
2024-01-01 00:00:09.750,0.297784,0.980107,11.841547,0.376089,0.352623,0.265034
2024-01-01 00:00:09.760,0.845474,1.043584,12.032894,0.953918,0.285224,0.38595
2024-01-01 00:00:09.770,0.198526,1.2936,12.420397,0.333108,-0.265358,0.285331
2024-01-01 00:00:09.780,0.533997,0.996203,12.724638,0.327289,0.086218,0.034146
2024-01-01 00:00:09.790,1.394299,0.475958,10.774969,0.161693,-0.331244,0.470684
2024-01-01 00:00:09.800,1.441227,1.163481,11.091349,0.510523,-0.497921,0.010544
2024-01-01 00:00:09.810,1.351341,1.209584,12.48637,0.515366,-0.26034,0.25813
2024-01-01 00:00:09.820,0.89836,1.624591,11.550367,0.791112,-0.531831,0.510928
2024-01-01 00:00:09.830,1.252555,0.302448,11.25523,0.737908,-0.169551,0.284986
2024-01-01 00:00:09.840,1.298479,0.671892,10.842932,0.394951,-0.222743,0.242543
2024-01-01 00:00:09.850,0.922782,-0.067,11.122097,0.610197,-0.958562,0.486079
2024-01-01 00:00:09.860,1.880809,0.681312,10.537936,0.629599,-0.743517,0.233565
2024-01-01 00:00:09.870,1.686007,0.307845,12.329203,0.291434,-0.951597,0.184381
2024-01-01 00:00:09.880,1.323766,1.005545,11.025407,0.502018,-0.748881,0.414805
2024-01-01 00:00:09.890,1.430514,0.151669,10.854182,0.565219,-0.562078,0.351522
2024-01-01 00:00:09.900,1.511835,-0.167755,11.048407,1.12582,-0.774901,0.197156
2024-01-01 00:00:09.910,0.73986,0.152042,11.084765,0.823579,-0.895799,0.483401
2024-01-01 00:00:09.920,1.381267,-0.345259,10.898875,0.948358,-0.452706,0.461081
2024-01-01 00:00:09.930,1.24012,0.426299,10.786038,0.414042,-1.378533,0.340387
2024-01-01 00:00:09.940,1.136991,-0.465285,9.660372,1.091918,-0.512697,0.352982
2024-01-01 00:00:09.950,1.395609,0.115809,9.651351,1.122073,-0.972487,0.468957
2024-01-01 00:00:09.960,2.127305,-0.563206,10.043225,0.299409,-0.865258,0.578052
2024-01-01 00:00:09.970,1.724208,-0.08318,9.133723,0.623625,-0.981644,0.357558
2024-01-01 00:00:09.980,1.299473,0.458675,9.224175,0.923614,-0.462886,0.498039
2024-01-01 00:00:09.990,1.696938,0.026662,9.250386,0.959248,-1.149897,0.483856
2024-01-01 00:00:10.000,1.981136,-0.387649,9.269101,0.625769,-0.827542,0.529592
2024-01-01 00:00:10.010,1.807499,-0.184831,7.669011,0.715026,-0.681792,0.401597
2024-01-01 00:00:10.020,1.494963,-0.216661,8.853815,0.636837,-1.194533,0.256242
2024-01-01 00:00:10.030,1.235594,-0.12653,8.151763,0.807349,-0.99498,0.320498
2024-01-01 00:00:10.040,1.692063,-0.724213,8.495775,1.071393,-0.770531,0.437477
2024-01-01 00:00:10.050,1.568823,-0.181734,8.368178,0.570495,-0.919087,0.654397
2024-01-01 00:00:10.060,1.725621,-1.215614,8.668271,1.003433,-0.860929,0.304011
2024-01-01 00:00:10.070,1.613624,-0.637427,8.381202,0.546616,-0.700035,0.491735
2024-01-01 00:00:10.080,1.73551,-0.638414,8.241046,0.517782,-0.401914,0.315636
2024-01-01 00:00:10.090,1.155566,-0.344641,8.169668,0.920861,-0.598231,0.374677
2024-01-01 00:00:10.100,1.776637,-0.569728,7.42349,0.93211,-0.188009,0.578122
2024-01-01 00:00:10.110,1.355319,-1.039171,7.181574,0.898804,-0.649283,0.45762
2024-01-01 00:00:10.120,1.981117,-0.953027,7.55824,0.340264,-0.652574,0.148412
2024-01-01 00:00:10.130,0.980231,-0.636933,7.409359,0.53495,0.204349,0.239848
2024-01-01 00:00:10.140,1.793811,-0.758185,6.779903,0.8384,-0.377652,0.50476
2024-01-01 00:00:10.150,1.218431,-0.944991,7.130719,0.623272,-0.475495,0.327725
2024-01-01 00:00:10.160,0.882322,-0.951098,6.862202,0.323747,-0.516968,0.123759
2024-01-01 00:00:10.170,0.900394,-0.63234,6.400708,0.685115,0.254138,0.162425
2024-01-01 00:00:10.180,0.915409,-1.029536,7.584485,0.369315,-0.033056,0.379532
2024-01-01 00:00:10.190,1.132172,-0.932339,6.92492,0.973279,0.055426,0.411485
2024-01-01 00:00:10.200,1.121365,-0.285209,8.056524,0.886676,0.1449,0.252911
2024-01-01 00:00:10.210,0.690782,-1.392122,6.086016,0.626532,0.502638,0.609051
2024-01-01 00:00:10.220,0.834874,-1.547901,6.738926,0.790064,0.267676,0.348529
2024-01-01 00:00:10.230,1.543706,-0.783064,7.142635,0.439617,0.95979,0.175188
2024-01-01 00:00:10.240,1.347835,-1.245948,7.843691,0.58773,0.466118,0.075829
2024-01-01 00:00:10.250,0.844039,-1.160424,7.544628,0.738137,0.754343,0.038121
2024-01-01 00:00:10.260,0.651686,-1.320246,7.615145,0.401846,0.743395,0.220549
2024-01-01 00:00:10.270,0.626465,-1.183103,6.955792,0.247912,0.582801,0.082538
2024-01-01 00:00:10.280,0.744348,-0.643151,7.081994,-0.143693,0.491328,0.392293
2024-01-01 00:00:10.290,0.115982,-0.897883,8.048454,0.231995,0.763265,0.346336
2024-01-01 00:00:10.300,0.327484,-0.893899,7.282873,0.428558,0.845785,0.206311
2024-01-01 00:00:10.310,-0.223478,-1.589691,7.910942,0.428689,0.608647,-0.080709
2024-01-01 00:00:10.320,0.442655,-1.520621,8.656554,0.287652,0.822251,-0.020052
2024-01-01 00:00:10.330,0.471377,-2.035628,8.024476,-0.004734,1.113752,0.253647
2024-01-01 00:00:10.340,0.017294,-1.433512,9.636397,-0.394787,1.341232,-0.034751
2024-01-01 00:00:10.350,0.678568,-0.908634,9.619135,-0.055712,1.051277,0.202367
2024-01-01 00:00:10.360,-0.360281,-1.043655,8.276837,-0.039427,1.31212,0.08952
2024-01-01 00:00:10.370,-0.502836,-1.266429,8.82488,-0.073062,0.692585,0.010343
2024-01-01 00:00:10.380,0.029196,-1.20604,8.277273,0.128313,1.02363,-0.118588
2024-01-01 00:00:10.390,0.258142,-1.403531,9.299773,0.438637,1.175761,-0.043028
2024-01-01 00:00:10.400,0.42222,-1.131098,10.345226,-0.058267,0.604806,-0.016127
2024-01-01 00:00:10.410,-0.386318,-0.956574,9.886152,-0.174561,0.690111,0.094692
2024-01-01 00:00:10.420,0.093627,-1.663075,10.552704,-0.216225,1.223574,-0.20857
2024-01-01 00:00:10.430,-0.355153,-1.07856,9.641692,-0.15113,0.518021,-0.130536
2024-01-01 00:00:10.440,-0.459328,-0.877057,11.090698,-0.419824,0.394488,-0.099652
2024-01-01 00:00:10.450,-0.146242,-1.267858,10.511391,-0.212896,1.075217,-0.022071
2024-01-01 00:00:10.460,-0.283119,-0.917886,10.979316,-0.160061,0.951566,-0.272651
2024-01-01 00:00:10.470,-1.118285,-0.266718,11.067528,-0.249737,0.715515,-0.348565
2024-01-01 00:00:10.480,-0.103996,-1.123713,10.554405,-0.2167,0.547401,-0.064448
2024-01-01 00:00:10.490,-0.191028,-0.954021,10.743029,-0.251062,0.397077,-0.407442
2024-01-01 00:00:10.500,-0.945237,-1.27137,12.020539,-0.830329,0.521933,-0.00093
2024-01-01 00:00:10.510,-0.638863,-0.97189,11.805593,-0.255393,0.788338,-0.230694
2024-01-01 00:00:10.520,-0.654383,-0.862906,12.247832,-0.608977,0.392529,-0.452741
2024-01-01 00:00:10.530,-0.784674,-0.915704,11.918764,-0.741111,0.812065,-0.305639
2024-01-01 00:00:10.540,-1.115774,-1.251724,11.874052,-0.768469,-0.018399,-0.189309
2024-01-01 00:00:10.550,-1.204063,-0.8541,10.88627,-0.408412,0.135651,-0.338304
2024-01-01 00:00:10.560,-1.022263,-0.446123,11.711759,-0.596081,-0.019081,-0.267214
2024-01-01 00:00:10.570,-0.645617,-0.717592,11.854845,-0.983731,-0.263948,-0.170608
2024-01-01 00:00:10.580,-0.906929,-0.529666,12.938065,-0.465658,-0.097826,-0.322912
2024-01-01 00:00:10.590,-1.266319,-0.854177,12.220172,-0.966091,-0.021746,-0.443653
2024-01-01 00:00:10.600,-0.904163,-0.5217,12.650342,-0.591315,-0.060763,-0.357983
2024-01-01 00:00:10.610,-2.20708,-0.62533,12.08222,-0.585756,0.28624,-0.110465
2024-01-01 00:00:10.620,-0.841978,-0.955723,11.295647,-0.442097,-0.203219,-0.078986
2024-01-01 00:00:10.630,-1.884974,-0.535194,11.670209,-0.235152,-0.092786,-0.643275
2024-01-01 00:00:10.640,-1.432978,-0.887583,11.640781,-1.037768,-0.422423,-0.184645
2024-01-01 00:00:10.650,-1.726032,-0.738346,10.886118,-0.724664,-0.075337,-0.318251
2024-01-01 00:00:10.660,-1.813242,-0.449241,11.070436,-0.794472,0.051924,-0.224097
2024-01-01 00:00:10.670,-0.977662,-0.373639,11.036021,-0.62967,-0.46436,-0.451627
2024-01-01 00:00:10.680,-1.569348,-0.775637,11.888598,-0.695764,-0.891036,-0.64008
2024-01-01 00:00:10.690,-1.303899,-0.058078,9.707275,-0.84823,-0.821828,-0.292373
2024-01-01 00:00:10.700,-1.45891,-0.157498,11.351873,-0.879552,-0.651655,-0.52581
2024-01-01 00:00:10.710,-1.2906,-0.494834,10.002251,-1.05648,-0.641048,-0.596928
2024-01-01 00:00:10.720,-1.443493,-0.698567,9.584548,-0.537238,-0.60892,-0.589862
2024-01-01 00:00:10.730,-1.929965,-0.234271,10.803854,-0.675022,-0.691973,-0.304774
2024-01-01 00:00:10.740,-1.140466,-0.277795,10.368259,-0.564776,-0.82377,-0.376191
2024-01-01 00:00:10.750,-1.667906,-0.063059,10.462836,-0.874981,-0.997941,-0.281321
2024-01-01 00:00:10.760,-2.043509,-0.158776,10.017876,-0.963519,-0.746783,-0.299294
2024-01-01 00:00:10.770,-1.649837,-0.604839,10.513757,-1.069577,-0.386245,-0.463139
2024-01-01 00:00:10.780,-0.973696,-0.071864,9.491425,-0.709717,-0.592665,-0.410294
2024-01-01 00:00:10.790,-1.198025,0.000128,8.902502,-1.057603,-0.706372,-0.475543
2024-01-01 00:00:10.800,-1.611954,0.328943,8.983976,-0.332461,-0.56985,-0.428863
2024-01-01 00:00:10.810,-1.604179,-0.0238,9.289639,-1.117278,-0.902073,-0.540272
2024-01-01 00:00:10.820,-1.584226,0.73579,7.992177,-0.716467,-0.913421,-0.333868
2024-01-01 00:00:10.830,-0.732225,-0.295137,7.883281,-0.386466,-0.945475,-0.227822
2024-01-01 00:00:10.840,-1.310581,0.717442,7.899871,-0.620499,-0.757321,-0.507627
2024-01-01 00:00:10.850,-1.276676,0.30203,6.748318,-0.71725,-0.794472,-0.188394
2024-01-01 00:00:10.860,-1.047311,0.671862,7.826898,-0.993006,-0.345602,-0.358414
2024-01-01 00:00:10.870,-1.302871,0.481947,6.568737,-1.084881,-0.721186,-0.333557
2024-01-01 00:00:10.880,-1.453499,0.843182,7.501377,-0.534332,-0.753986,-0.618337
2024-01-01 00:00:10.890,-1.405831,0.427639,7.825956,-0.336588,-0.015183,-0.627652
2024-01-01 00:00:10.900,-1.33437,0.25595,6.978138,-0.808011,-0.558087,-0.327532
2024-01-01 00:00:10.910,-1.292509,1.052469,8.066409,-0.967155,-0.348517,-0.222735
2024-01-01 00:00:10.920,-0.992999,0.632083,6.258094,-1.279966,-0.213326,-0.433419
2024-01-01 00:00:10.930,-1.195741,0.771372,7.648249,-0.892617,-0.547566,-0.073199
2024-01-01 00:00:10.940,-0.92187,1.113015,7.310802,-0.656838,0.109875,-0.203971
2024-01-01 00:00:10.950,-1.169089,0.469536,5.957145,-0.208666,0.025915,-0.440475
2024-01-01 00:00:10.960,-1.074092,0.993095,8.368694,-0.419244,0.322688,-0.289137
2024-01-01 00:00:10.970,-1.760053,0.671542,6.83494,-0.489426,-0.169841,0.088691
2024-01-01 00:00:10.980,-0.697391,0.841607,6.395124,-0.64302,0.091618,-0.45788
2024-01-01 00:00:10.990,-0.85268,0.934322,6.127033,-0.665232,0.143134,-0.18048
2024-01-01 00:00:11.000,-0.578983,0.492537,6.818417,-0.143674,0.264898,-0.295955
2024-01-01 00:00:11.010,-1.894871,0.737457,6.922917,-0.419779,-0.100329,-0.128947
2024-01-01 00:00:11.020,-0.101781,1.403429,7.117745,-0.969763,0.3538,-0.031965
2024-01-01 00:00:11.030,-0.831807,1.289416,6.980112,-0.585959,0.03022,-0.266722
2024-01-01 00:00:11.040,-0.344111,1.028631,7.588585,-0.604941,0.534766,-0.027357
2024-01-01 00:00:11.050,-1.043833,1.142601,7.136727,-0.499161,-0.031393,0.151883
2024-01-01 00:00:11.060,-0.412231,1.001974,6.407828,-0.193513,0.090355,-0.157179
2024-01-01 00:00:11.070,-0.941261,1.516113,7.52381,-0.33223,0.806942,-0.034951
2024-01-01 00:00:11.080,-0.735862,1.066205,6.448682,-0.295239,0.510915,-0.226577
2024-01-01 00:00:11.090,0.208194,1.21129,8.100243,0.082119,0.441964,-0.120236
2024-01-01 00:00:11.100,-0.471914,1.499202,7.531005,-0.390209,1.043674,-0.134548
2024-01-01 00:00:11.110,-0.271904,0.934046,8.331481,0.280447,0.840403,0.026739
2024-01-01 00:00:11.120,0.014227,1.64495,9.143381,-0.322652,1.00435,0.103289
2024-01-01 00:00:11.130,-0.058649,0.726404,8.08372,-0.101507,0.767724,-0.078351
2024-01-01 00:00:11.140,-0.120971,1.680827,9.378854,-0.162897,1.497132,0.183745
2024-01-01 00:00:11.150,0.012907,1.084676,8.749994,-0.030388,0.688909,0.198886
2024-01-01 00:00:11.160,0.785332,1.126358,10.148176,0.081354,1.283766,0.112131
2024-01-01 00:00:11.170,-0.016977,0.632994,9.179799,0.11016,0.834651,-0.076553
2024-01-01 00:00:11.180,0.132622,1.062528,9.11501,-0.155086,0.433446,-0.075178
2024-01-01 00:00:11.190,0.488918,0.884135,10.150625,-0.216094,0.959615,-0.08954
2024-01-01 00:00:11.200,0.566887,1.009039,9.725827,0.721768,0.904223,0.190362
2024-01-01 00:00:11.210,0.653898,1.143549,9.69189,0.006171,0.544214,-0.118182
2024-01-01 00:00:11.220,0.520108,1.463652,10.076186,0.332965,0.552999,0.180606
2024-01-01 00:00:11.230,-0.045844,1.228344,10.492769,-0.212999,0.749031,-0.067711
2024-01-01 00:00:11.240,0.983015,1.246307,11.426694,0.149464,0.809613,0.233216
2024-01-01 00:00:11.250,0.066562,0.8115,9.787765,0.217684,0.067003,0.127325
2024-01-01 00:00:11.260,0.629448,0.860313,11.018043,0.397417,0.906198,0.339653
2024-01-01 00:00:11.270,0.314461,1.646798,11.492742,-0.372103,0.473557,0.325473
2024-01-01 00:00:11.280,0.610043,0.867544,11.388111,0.378864,0.214806,0.383924
2024-01-01 00:00:11.290,0.800613,1.564204,12.122958,0.078189,0.730176,0.401935
2024-01-01 00:00:11.300,0.850012,0.972005,11.46986,0.47444,0.433103,0.218221
2024-01-01 00:00:11.310,0.936057,1.021572,11.504194,0.16139,0.684425,0.036417
2024-01-01 00:00:11.320,1.402809,1.316375,12.012566,0.233068,0.42889,0.065591
2024-01-01 00:00:11.330,1.045074,1.349669,11.808134,0.404306,0.256062,-0.076671
2024-01-01 00:00:11.340,0.847834,0.906193,11.590737,0.234672,0.153707,0.086327
2024-01-01 00:00:11.350,1.316225,0.792843,12.126194,0.40314,0.246827,0.271335
2024-01-01 00:00:11.360,1.439096,0.861009,11.504951,0.24714,-0.043756,0.188794
2024-01-01 00:00:11.370,0.635521,0.946281,11.533761,0.109805,-0.220409,0.257029
2024-01-01 00:00:11.380,1.315024,1.078083,11.570082,0.844321,0.078364,0.368823
2024-01-01 00:00:11.390,1.390381,0.776503,12.579798,0.286639,-0.176623,0.259716
2024-01-01 00:00:11.400,1.078084,0.92424,10.023898,0.585853,-0.197626,0.146987
2024-01-01 00:00:11.410,1.699156,1.192276,11.957848,0.837641,0.002088,0.316724
2024-01-01 00:00:11.420,1.19868,0.776269,11.689236,0.51357,-0.361291,0.19888
2024-01-01 00:00:11.430,1.326751,0.715454,10.661766,0.477868,-0.389564,0.301462
2024-01-01 00:00:11.440,1.251836,0.125403,11.658713,0.756512,-0.601298,0.551393
2024-01-01 00:00:11.450,1.34544,-0.249926,11.639014,0.994144,-0.398966,0.316754
2024-01-01 00:00:11.460,0.981791,0.613187,11.578196,0.435931,-0.471318,0.629773
2024-01-01 00:00:11.470,0.884851,0.424838,9.660254,0.703193,-0.382241,0.585111
2024-01-01 00:00:11.480,1.968175,0.254758,11.724298,0.318929,-0.797111,0.28913
2024-01-01 00:00:11.490,1.132705,0.437525,10.411117,0.663908,-0.807634,0.214436
2024-01-01 00:00:11.500,1.098981,0.301054,11.029604,0.779734,-0.531699,0.377708
2024-01-01 00:00:11.510,0.706867,0.611723,10.886754,0.565306,-0.69871,0.56248
2024-01-01 00:00:11.520,1.249238,0.253012,9.817276,0.671285,-1.015626,0.319238
2024-01-01 00:00:11.530,1.019831,-0.043461,10.477247,0.43883,-0.484849,0.531657
2024-01-01 00:00:11.540,2.065356,0.430824,9.711895,0.814283,-1.253486,0.578773
2024-01-01 00:00:11.550,1.849514,0.021585,8.591148,1.061832,-0.64505,0.28285
2024-01-01 00:00:11.560,1.258333,0.197501,10.176918,0.52528,-1.164457,0.298375
2024-01-01 00:00:11.570,2.288322,-0.150929,8.911619,0.644316,-0.378483,0.506891
2024-01-01 00:00:11.580,1.842045,-0.249887,8.671355,0.924798,-1.232587,0.422358
2024-01-01 00:00:11.590,1.380871,-0.076837,8.72449,1.100122,-0.549634,0.295641
2024-01-01 00:00:11.600,0.613588,-0.145229,8.903385,0.420505,-0.844172,0.344074
2024-01-01 00:00:11.610,2.28172,-0.051889,8.533454,0.747079,-0.896374,0.384059
2024-01-01 00:00:11.620,0.982756,-0.322886,8.682679,0.854306,-0.734346,0.157033
2024-01-01 00:00:11.630,0.880155,-0.83928,7.466941,0.751043,-0.593852,0.503125
2024-01-01 00:00:11.640,1.798625,-0.463837,7.624996,0.149189,-0.944398,0.31239
2024-01-01 00:00:11.650,2.277086,-0.140974,7.807445,0.884298,-0.884264,-0.038045
2024-01-01 00:00:11.660,1.887909,-0.512859,8.762307,1.128321,-0.475717,0.370663
2024-01-01 00:00:11.670,1.578846,-0.541432,7.513336,0.765954,-1.018799,0.257158
2024-01-01 00:00:11.680,1.565565,-0.214749,8.041391,0.466171,-0.688197,0.615297
2024-01-01 00:00:11.690,1.629915,-0.766608,7.346245,0.581702,0.271217,0.267175
2024-01-01 00:00:11.700,1.5686,-1.057353,6.952226,1.137398,-0.674742,0.182813
2024-01-01 00:00:11.710,1.371126,-0.683276,6.989077,0.906269,-0.08689,0.415579
2024-01-01 00:00:11.720,1.276941,-0.819929,6.9526,0.821591,-0.459112,0.231725
2024-01-01 00:00:11.730,1.184401,-1.003095,7.312103,0.732468,-0.122209,0.204764
2024-01-01 00:00:11.740,0.906389,-0.803273,7.685817,0.458864,-0.021181,0.388499
2024-01-01 00:00:11.750,1.034195,-0.639482,7.092414,0.55382,0.163315,0.145911
2024-01-01 00:00:11.760,0.500294,-0.824774,7.527637,0.563361,-0.102405,0.07283
2024-01-01 00:00:11.770,1.017114,-0.763674,6.339733,0.698211,0.511788,0.539308
2024-01-01 00:00:11.780,0.662599,-0.344199,6.653439,0.915153,-0.06595,0.355886
2024-01-01 00:00:11.790,0.57786,-1.022161,6.509664,0.79378,0.206252,0.217466
2024-01-01 00:00:11.800,0.981094,-0.865444,7.122781,0.134824,0.274413,0.244313
2024-01-01 00:00:11.810,1.357923,-1.129892,6.809219,0.520384,-0.003322,0.308072
2024-01-01 00:00:11.820,1.143375,-1.257701,7.479482,0.622572,0.26806,0.365191
2024-01-01 00:00:11.830,0.222256,-1.204374,6.651723,0.566412,0.440159,0.092452
2024-01-01 00:00:11.840,0.374332,-1.196042,7.286785,0.227066,0.349526,0.247109
2024-01-01 00:00:11.850,0.997625,-0.966454,7.753295,1.084983,1.122725,0.102222
2024-01-01 00:00:11.860,0.271102,-0.38979,6.364376,0.008714,0.3546,0.135645
2024-01-01 00:00:11.870,0.482014,-1.327845,8.803549,0.028209,0.907376,0.173607
2024-01-01 00:00:11.880,0.697948,-1.254813,7.628023,0.327961,0.871101,0.13378
2024-01-01 00:00:11.890,0.11052,-1.163805,6.826922,0.768903,0.693915,0.230186
2024-01-01 00:00:11.900,0.429636,-1.039395,8.193444,0.00042,0.517149,0.177798
2024-01-01 00:00:11.910,-0.131449,-1.090541,8.298517,0.112455,0.572911,-0.136769
2024-01-01 00:00:11.920,0.067166,-0.794036,8.415468,0.417401,0.662265,-0.129635
2024-01-01 00:00:11.930,0.331323,-1.915012,9.19169,0.112547,0.367195,0.003049
2024-01-01 00:00:11.940,-0.396734,-1.909163,9.248139,0.002116,0.579594,0.317177
2024-01-01 00:00:11.950,0.256145,-1.345987,9.19469,0.195797,0.471523,-0.100545
2024-01-01 00:00:11.960,0.036112,-0.870317,9.47436,0.091055,1.185073,-0.019771
2024-01-01 00:00:11.970,0.177297,-1.669626,9.366181,0.249037,1.00442,-0.084738
2024-01-01 00:00:11.980,0.003261,-2.100784,10.59657,0.282809,1.042231,-0.103136
2024-01-01 00:00:11.990,0.343422,-1.023846,9.001413,0.005269,0.983636,-0.009005
2024-01-01 00:00:12.000,-0.148909,-1.116955,10.083943,-0.02986,0.863675,0.15872
2024-01-01 00:00:12.010,-0.401442,-1.510123,10.231112,-0.080419,1.167512,0.001422
2024-01-01 00:00:12.020,-0.266368,-1.469895,10.825749,-0.042609,0.625088,-0.202976
2024-01-01 00:00:12.030,-0.176561,-1.454509,10.091171,-0.181789,0.77506,0.315194
2024-01-01 00:00:12.040,-0.406589,-1.117974,9.765769,-0.22612,0.901133,-0.101198
2024-01-01 00:00:12.050,-0.4658,-1.324794,10.972141,0.043153,0.345612,-0.214585
2024-01-01 00:00:12.060,-0.781278,-0.972681,11.192268,0.093386,1.407419,0.068993
2024-01-01 00:00:12.070,-0.822339,-1.959552,11.998236,-0.691728,0.593844,-0.22778
2024-01-01 00:00:12.080,-1.135064,-1.340773,10.610408,-0.341042,0.571994,0.077663
2024-01-01 00:00:12.090,-0.084629,-1.400407,12.062319,-0.543897,0.797184,-0.316458
2024-01-01 00:00:12.100,-1.184082,-1.116719,12.834693,-0.477065,0.655177,0.014843
2024-01-01 00:00:12.110,-1.041834,-1.176845,11.416816,-0.325674,0.376789,-0.182994
2024-01-01 00:00:12.120,-1.100108,-0.750117,10.992563,-0.285262,0.338356,-0.032653
2024-01-01 00:00:12.130,-0.583475,-1.519776,11.54228,-0.506271,-0.133556,0.046145
2024-01-01 00:00:12.140,-1.046574,-0.919342,11.8225,-0.98145,0.03852,-0.421449
2024-01-01 00:00:12.150,-0.551812,-0.735056,12.158407,-0.768473,0.240993,-0.07224
2024-01-01 00:00:12.160,-1.267891,-0.31373,11.541219,-0.326365,0.156025,-0.486581
2024-01-01 00:00:12.170,-0.976568,-0.982073,12.724532,-1.258022,0.283425,-0.443535
2024-01-01 00:00:12.180,-1.40697,-0.705725,11.243374,-0.297596,-0.118774,-0.417738
2024-01-01 00:00:12.190,-0.40245,-1.308496,10.871585,-0.48476,-0.501703,-0.231988
2024-01-01 00:00:12.200,-1.605777,-1.448009,12.393381,-0.305685,0.044029,-0.312412
2024-01-01 00:00:12.210,-1.116701,-0.438943,10.475222,-0.703049,0.074961,-0.351774
2024-01-01 00:00:12.220,-1.036438,-0.654922,11.54096,-1.186423,-0.121648,-0.313601
2024-01-01 00:00:12.230,-1.144601,-0.259567,13.280769,-0.580105,-0.447118,-0.255155
2024-01-01 00:00:12.240,-1.383452,-0.984057,11.45862,-0.384591,-0.202596,-0.25139
2024-01-01 00:00:12.250,-1.391166,-0.374095,10.735033,-0.486542,0.338927,-0.194736
2024-01-01 00:00:12.260,-1.355435,0.073373,11.193815,-0.89675,-0.540908,-0.092533
2024-01-01 00:00:12.270,-1.445136,-0.317812,11.059869,-0.721608,-0.945493,-0.374854
2024-01-01 00:00:12.280,-1.077082,-0.316513,11.027945,-0.887577,-0.808166,-0.455347
2024-01-01 00:00:12.290,-0.659319,-0.352065,11.145879,-0.969084,-0.54516,-0.290103
2024-01-01 00:00:12.300,-1.644464,-0.780491,10.04342,-0.534135,-1.138315,-0.558129
2024-01-01 00:00:12.310,-1.942866,0.14333,11.368662,-1.079882,-0.725779,-0.492055
2024-01-01 00:00:12.320,-1.506158,-0.400306,10.394267,-1.010259,-0.6993,-0.243495
2024-01-01 00:00:12.330,-0.581898,-0.019074,10.47262,-1.067898,-0.431933,-0.414565
2024-01-01 00:00:12.340,-1.773318,-0.592436,9.536473,-1.168312,-0.504438,-0.579104
2024-01-01 00:00:12.350,-0.923263,-0.430278,10.395364,-0.761772,-0.626956,-0.622658
2024-01-01 00:00:12.360,-0.912359,0.40129,9.350403,-0.509387,-1.389661,-0.392574
2024-01-01 00:00:12.370,-1.693587,-0.086178,9.447608,-0.846129,-0.619354,-0.22867
2024-01-01 00:00:12.380,-1.298638,0.501217,8.585385,-1.175254,-0.668598,-0.230127
2024-01-01 00:00:12.390,-0.923472,0.088885,8.355601,-0.5865,-0.771111,-0.381611
2024-01-01 00:00:12.400,-1.619419,-0.393269,9.090637,-0.371494,-1.252597,-0.095123
2024-01-01 00:00:12.410,-1.548986,0.473619,8.280428,-0.949685,-0.994096,-0.409785
2024-01-01 00:00:12.420,-1.670039,0.075411,7.872339,-0.901745,-1.06651,-0.411839
2024-01-01 00:00:12.430,-1.808059,0.507974,7.812094,-0.645962,-1.248656,-0.772554
2024-01-01 00:00:12.440,-1.664333,0.351456,8.381637,-0.360977,-0.711114,-0.450327
2024-01-01 00:00:12.450,-1.847428,-0.07405,7.49112,-0.886785,-0.870918,-0.250611
2024-01-01 00:00:12.460,-1.386883,0.482563,7.621761,-1.079146,0.027949,-0.138422
2024-01-01 00:00:12.470,-1.645898,1.13586,7.554553,-0.576229,-0.623591,-0.491577
2024-01-01 00:00:12.480,-1.270043,0.667867,6.362868,-0.521229,-0.207375,-0.29116
2024-01-01 00:00:12.490,-1.869796,0.544888,6.491517,-0.705258,-0.869213,-0.196364
2024-01-01 00:00:12.500,-1.180735,0.926047,7.381644,-0.831023,-0.552629,-0.344064
2024-01-01 00:00:12.510,-0.974108,0.70701,6.700852,-0.426522,-0.336447,-0.68005
2024-01-01 00:00:12.520,-1.930988,0.746036,7.610977,-0.525687,-0.526038,-0.291755
2024-01-01 00:00:12.530,-1.067687,0.393996,7.49959,-0.831366,-0.341025,-0.205414
2024-01-01 00:00:12.540,-0.73249,0.828828,7.316348,-0.607552,-0.224978,-0.452026
2024-01-01 00:00:12.550,-1.547314,1.105319,7.889821,-0.937361,-0.162925,-0.33784
2024-01-01 00:00:12.560,-0.498562,0.578649,6.826769,-0.406641,0.426021,-0.462381
2024-01-01 00:00:12.570,-0.895649,1.290311,7.228357,-0.621455,0.123721,-0.66347
2024-01-01 00:00:12.580,-1.245786,0.867608,6.564544,-0.641745,0.215784,-0.112358
2024-01-01 00:00:12.590,-0.973729,0.659558,8.264659,-0.51713,0.296968,-0.255018
2024-01-01 00:00:12.600,-0.712494,1.254512,8.051959,-0.474141,0.380354,-0.002458
2024-01-01 00:00:12.610,-0.833597,0.897037,7.027534,-0.23504,0.270211,-0.100788
2024-01-01 00:00:12.620,-0.622591,1.237259,7.308222,-0.284844,0.272678,-0.26944
2024-01-01 00:00:12.630,-1.083091,0.94664,7.931913,-0.444892,0.454312,-0.215372
2024-01-01 00:00:12.640,-0.650099,1.039381,7.205621,-0.187417,0.758995,-0.10424
2024-01-01 00:00:12.650,-1.151596,1.226918,7.040569,-0.250107,0.805628,-0.030113
2024-01-01 00:00:12.660,-0.642127,1.185967,8.009772,-0.428355,0.514994,-0.112452
2024-01-01 00:00:12.670,-0.865032,0.518184,7.710997,-0.3238,0.814514,0.019529
2024-01-01 00:00:12.680,-0.750716,0.796884,7.917832,-0.300138,0.617508,-0.176042
2024-01-01 00:00:12.690,-0.004499,1.426737,7.517292,-0.106821,0.714093,-0.26614
2024-01-01 00:00:12.700,0.001653,1.12115,7.199017,-0.294585,0.622342,-0.111136
2024-01-01 00:00:12.710,-0.109691,1.014749,8.448813,-0.26981,0.725817,-0.055326
2024-01-01 00:00:12.720,-0.647282,0.773557,8.998378,0.350871,1.132285,-0.25089
2024-01-01 00:00:12.730,-0.317388,0.864637,8.563557,0.124723,0.840841,-0.255614
2024-01-01 00:00:12.740,0.276587,0.587605,9.669119,-0.269082,0.867272,0.027642
2024-01-01 00:00:12.750,-0.039519,1.167496,8.686304,0.095205,0.482195,-0.084719
2024-01-01 00:00:12.760,0.781661,1.020227,8.689585,0.013532,0.772004,-0.032904
2024-01-01 00:00:12.770,0.166619,0.9098,9.429531,0.113332,0.789038,-0.046232
2024-01-01 00:00:12.780,0.155192,1.177497,9.617319,0.081255,0.636866,0.25155
2024-01-01 00:00:12.790,0.038665,1.303426,10.28065,0.375734,0.839122,0.228426
2024-01-01 00:00:12.800,0.252248,1.816644,9.62234,0.19601,0.710794,-0.130801
2024-01-01 00:00:12.810,0.210479,0.727726,10.988217,0.125194,0.817402,-0.009561
2024-01-01 00:00:12.820,0.569607,1.51988,11.499399,0.432158,0.802149,0.213306
2024-01-01 00:00:12.830,0.714041,1.452954,10.5714,0.260559,0.502421,0.191409
2024-01-01 00:00:12.840,0.160938,0.914453,11.448024,0.262921,0.606674,0.110057
2024-01-01 00:00:12.850,0.026265,1.194529,10.338743,0.341011,0.686304,-0.039388
2024-01-01 00:00:12.860,-0.095075,0.979889,11.660714,0.268649,0.919513,0.043645
2024-01-01 00:00:12.870,0.779944,1.154774,11.784335,0.323452,0.64023,0.083057
2024-01-01 00:00:12.880,0.269586,1.53199,11.810819,0.203067,0.359607,0.21642
2024-01-01 00:00:12.890,-0.045147,1.239444,11.442777,0.190003,0.570628,0.444456
2024-01-01 00:00:12.900,0.895869,1.187216,9.929005,0.15562,0.840631,0.099599
2024-01-01 00:00:12.910,1.682741,0.880807,11.28986,0.084106,0.583223,0.062146
2024-01-01 00:00:12.920,0.857134,0.538384,11.373435,0.238342,0.429036,0.212848
2024-01-01 00:00:12.930,1.200466,0.893237,11.239974,0.440164,0.409848,0.396626
2024-01-01 00:00:12.940,0.981965,1.288455,11.890646,0.534219,0.523319,0.037187
2024-01-01 00:00:12.950,0.963565,0.43758,11.623171,0.464536,0.366105,0.484225
2024-01-01 00:00:12.960,1.363157,0.547073,11.414857,-0.03347,0.172154,0.251923
2024-01-01 00:00:12.970,0.981573,0.86801,11.285359,0.971337,0.2307,0.178697
2024-01-01 00:00:12.980,1.216767,0.499977,11.457989,0.870649,-0.373571,0.059486
2024-01-01 00:00:12.990,1.274043,0.521627,12.436784,0.730879,-0.544782,0.415698
2024-01-01 00:00:13.000,0.964085,0.595137,11.409647,1.115761,-0.194951,0.293769
2024-01-01 00:00:13.010,1.579742,0.274245,11.428347,0.413007,-0.280612,0.35428
2024-01-01 00:00:13.020,1.203991,0.352347,11.384218,1.146694,-0.495471,0.202272
2024-01-01 00:00:13.030,1.031455,0.815265,11.731643,0.449878,-0.212513,0.297726
2024-01-01 00:00:13.040,1.512473,0.170743,11.692444,0.766189,-0.941578,0.280265
2024-01-01 00:00:13.050,1.036907,0.041436,9.650414,0.402272,-0.66349,0.345277
2024-01-01 00:00:13.060,1.385814,0.288827,11.758224,0.737514,-0.701687,0.266487
2024-01-01 00:00:13.070,1.395206,0.653717,11.846356,0.842354,-1.036577,0.142779
2024-01-01 00:00:13.080,1.79874,0.330677,10.328325,0.717955,-0.296982,0.787589
2024-01-01 00:00:13.090,1.602901,0.205397,10.211217,0.94474,-1.049471,0.178624
2024-01-01 00:00:13.100,1.443849,0.312563,10.329865,0.799478,-0.891362,0.414581
2024-01-01 00:00:13.110,1.752427,-0.270436,9.98574,0.651374,-0.547274,0.125185
2024-01-01 00:00:13.120,1.964108,0.355315,10.342345,0.646316,-0.63795,0.094452
2024-01-01 00:00:13.130,1.681805,0.27524,8.960975,0.995567,-1.096742,0.411093
2024-01-01 00:00:13.140,1.496926,-0.009525,9.224982,0.632993,-0.664232,0.424369
2024-01-01 00:00:13.150,1.038576,0.367928,10.491766,1.027634,-0.772388,0.588617
2024-01-01 00:00:13.160,1.127024,-0.319318,8.938346,1.105578,-0.266318,0.459882
2024-01-01 00:00:13.170,1.392754,0.310054,9.935923,0.382599,-0.748068,0.377417
2024-01-01 00:00:13.180,1.283697,-0.029176,9.251375,1.081646,-0.878577,0.256767
2024-01-01 00:00:13.190,1.426709,-0.223578,7.866691,1.310919,-1.046377,0.622758
2024-01-01 00:00:13.200,1.504786,-0.175473,9.020218,0.854979,-1.002139,0.535317
2024-01-01 00:00:13.210,1.660859,-0.248326,8.419404,0.936686,-1.001288,0.206508
2024-01-01 00:00:13.220,1.439012,0.103638,8.052439,1.039884,-0.425911,0.396011
2024-01-01 00:00:13.230,1.619913,-0.631344,8.263112,0.704269,-0.733268,0.408178
2024-01-01 00:00:13.240,1.455906,-0.582511,8.222571,0.810018,-0.56095,0.330376
2024-01-01 00:00:13.250,0.723408,-0.087731,8.192566,0.426021,-0.283848,0.493063
2024-01-01 00:00:13.260,1.065341,-0.621532,8.303009,0.778183,-1.208068,0.496522
2024-01-01 00:00:13.270,1.320804,-0.216274,7.741656,0.855853,-0.250941,0.33709
2024-01-01 00:00:13.280,0.922842,-0.019411,6.63428,0.847033,-0.505481,0.316866
2024-01-01 00:00:13.290,1.529123,-0.691768,7.016339,0.969902,-0.356019,0.576617
2024-01-01 00:00:13.300,1.825779,-0.407923,8.794462,0.494308,-0.614452,0.48393
2024-01-01 00:00:13.310,1.68545,-0.998592,7.486799,0.538253,-0.536177,0.346556
2024-01-01 00:00:13.320,1.151095,-0.465205,8.318125,1.127637,-0.163075,0.082499
2024-01-01 00:00:13.330,1.71257,-0.669867,7.723792,0.59752,0.37474,0.369151
2024-01-01 00:00:13.340,1.206019,-0.62472,7.045543,0.665467,0.094669,0.412442
2024-01-01 00:00:13.350,0.997385,-0.996052,7.049809,0.578109,0.226439,-0.115747
2024-01-01 00:00:13.360,0.860326,-1.33521,6.85081,0.367922,-0.071166,0.324451
2024-01-01 00:00:13.370,0.927137,-0.719117,5.917522,0.956816,-0.106298,0.212963
2024-01-01 00:00:13.380,0.853522,-1.520972,6.901103,0.395746,-0.0848,0.230708
2024-01-01 00:00:13.390,1.003879,-1.027617,7.590277,0.22177,0.054296,0.115688
2024-01-01 00:00:13.400,0.953819,-0.679072,6.642994,0.366045,-0.27196,0.217136
2024-01-01 00:00:13.410,0.850678,-0.931381,7.26262,-0.0473,0.12338,0.435362
2024-01-01 00:00:13.420,0.953216,-0.430438,7.582139,0.263998,0.226008,0.14645
2024-01-01 00:00:13.430,1.166449,-0.731826,6.705145,0.15782,0.381474,0.344762
2024-01-01 00:00:13.440,1.03034,-1.258334,7.062376,0.526622,0.514832,0.065183
2024-01-01 00:00:13.450,0.125473,-1.075129,6.86863,0.175746,0.6261,0.285863
2024-01-01 00:00:13.460,-0.302494,-1.117014,7.106216,0.537353,0.58203,0.157949
2024-01-01 00:00:13.470,0.863664,-1.595226,6.991379,0.635835,0.487043,0.195911
2024-01-01 00:00:13.480,0.002686,-1.418725,7.355826,0.451877,0.184286,0.129365
2024-01-01 00:00:13.490,0.346122,-1.319104,8.7927,0.172708,0.569835,0.209521
2024-01-01 00:00:13.500,-0.041712,-1.774228,7.677832,0.231453,0.504663,-0.28705
2024-01-01 00:00:13.510,-0.320399,-1.159796,8.42761,-0.215756,0.89377,-0.130229
2024-01-01 00:00:13.520,0.441793,-1.257628,8.264466,0.101105,1.029234,0.129837
2024-01-01 00:00:13.530,0.45958,-1.691803,9.377545,-0.111709,1.056243,-0.254831
2024-01-01 00:00:13.540,-0.066609,-1.073854,9.642406,0.245672,1.025434,-0.043542
2024-01-01 00:00:13.550,-0.83061,-0.983687,9.591385,0.683857,0.812225,0.012183
2024-01-01 00:00:13.560,-0.173964,-1.131811,9.480973,0.13414,0.719287,-0.119629
2024-01-01 00:00:13.570,0.095293,-1.296754,9.382326,-0.520099,0.661902,-0.114891
2024-01-01 00:00:13.580,-0.618453,-1.019853,9.049822,-0.144086,0.465443,0.013848
2024-01-01 00:00:13.590,-0.095497,-0.989116,10.96816,-0.054536,1.0787,0.108815
2024-01-01 00:00:13.600,-0.223623,-1.095007,9.671984,-0.094568,0.770328,-0.201971
2024-01-01 00:00:13.610,-0.073765,-1.426818,10.640933,-0.330179,0.480644,-0.159997
2024-01-01 00:00:13.620,-0.292488,-1.086831,11.039196,-0.116993,0.558918,-0.198847
2024-01-01 00:00:13.630,-0.732222,-0.79973,10.324803,-0.519504,0.517364,-0.467646
2024-01-01 00:00:13.640,-0.029546,-1.324131,11.367074,-0.475345,0.708879,-0.098302
2024-01-01 00:00:13.650,-0.559835,-0.500753,11.373604,-0.107537,0.924677,0.005714
2024-01-01 00:00:13.660,-0.569128,-1.271064,12.050971,-0.552354,0.526423,0.003277
2024-01-01 00:00:13.670,-0.94057,-1.085166,10.979027,-0.192874,0.002094,-0.294328
2024-01-01 00:00:13.680,-0.822477,-1.276451,10.654944,-0.698274,0.466236,-0.365709
2024-01-01 00:00:13.690,-1.029377,-0.985874,11.196802,0.057369,0.419602,-0.188678
2024-01-01 00:00:13.700,-0.831479,-1.55204,11.689294,-0.60474,0.344698,-0.081195
2024-01-01 00:00:13.710,-0.221906,-1.168108,11.692381,-0.493786,0.183854,-0.195707
2024-01-01 00:00:13.720,-1.349954,-1.305297,11.515713,-0.381234,0.332758,-0.188548
2024-01-01 00:00:13.730,-1.48197,-0.908908,10.739143,-0.630523,0.230887,-0.073318
2024-01-01 00:00:13.740,-0.448327,-0.621553,12.090068,-0.477875,0.142769,-0.367734
2024-01-01 00:00:13.750,-1.08102,-0.695036,12.942935,-0.393631,0.185838,-0.301731
2024-01-01 00:00:13.760,-1.28489,-1.567909,12.124903,-0.320228,-0.091592,-0.035
2024-01-01 00:00:13.770,-0.728076,-0.210035,12.200513,-0.384548,-0.17269,-0.320733
2024-01-01 00:00:13.780,-1.343644,-0.699042,12.160787,-0.646514,0.227394,-0.491881
2024-01-01 00:00:13.790,-0.530456,-0.984324,12.029424,-0.660423,-0.043662,-0.412286
2024-01-01 00:00:13.800,-0.968353,-0.66682,12.273438,-0.055724,-0.041491,-0.462227
2024-01-01 00:00:13.810,-1.410594,-0.622579,11.913628,-0.423768,-0.004889,-0.277046
2024-01-01 00:00:13.820,-0.517044,-0.83592,11.444931,-0.90891,-0.241186,-0.473619
2024-01-01 00:00:13.830,-1.514406,-0.535934,11.085912,-0.669619,-0.199522,-0.306653
2024-01-01 00:00:13.840,-1.070957,-0.736072,11.280222,-0.793488,-0.882727,-0.465261
2024-01-01 00:00:13.850,-1.25216,-0.632801,11.470689,-0.75752,-0.490099,-0.68035
2024-01-01 00:00:13.860,-0.925421,-0.674245,10.992882,-1.043923,-0.63671,-0.322282
2024-01-01 00:00:13.870,-0.856479,-0.854306,11.197285,-0.851252,-0.217838,-0.351866
2024-01-01 00:00:13.880,-1.411608,-0.336239,11.113347,-0.305943,-0.447625,-0.301752
2024-01-01 00:00:13.890,-1.704102,-0.159296,11.168169,-0.623447,-0.875214,-0.485056
2024-01-01 00:00:13.900,-1.294778,-0.134798,11.245258,-1.3992,-0.658021,-0.505137
2024-01-01 00:00:13.910,-1.706074,0.002787,10.405173,-0.479219,-0.738259,-0.33148
2024-01-01 00:00:13.920,-0.775017,-0.09944,9.459389,-0.516767,-0.690721,-0.166734
2024-01-01 00:00:13.930,-1.44045,-0.309806,9.800243,-0.883548,-1.078152,-0.395188
2024-01-01 00:00:13.940,-1.622327,0.148897,9.821825,-0.617732,-0.747471,-0.334836
2024-01-01 00:00:13.950,-1.433736,-0.463111,8.592808,-1.013983,-0.903355,-0.447805
2024-01-01 00:00:13.960,-1.971455,-0.278825,10.169695,-0.917543,-0.7793,-0.631534
2024-01-01 00:00:13.970,-1.839288,-0.250637,9.287463,-0.424949,-1.029335,-0.254678
2024-01-01 00:00:13.980,-1.076015,0.409826,9.223123,-0.865885,-0.987573,-0.262714
2024-01-01 00:00:13.990,-1.720691,0.415698,9.570852,-1.262514,-0.5357,-0.290925
2024-01-01 00:00:14.000,-1.849503,0.325901,8.283078,-0.806804,-1.07476,-0.422781
2024-01-01 00:00:14.010,-1.285263,0.547856,8.759814,-0.805296,-1.033992,-0.303266
2024-01-01 00:00:14.020,-1.045818,0.00871,8.203839,-0.479509,-0.775235,-0.255486
2024-01-01 00:00:14.030,-1.194639,0.422869,7.990045,-0.767761,-0.923372,-0.142649
2024-01-01 00:00:14.040,-1.080872,0.32604,7.501542,-0.86779,-0.915189,-0.232918
2024-01-01 00:00:14.050,-1.675367,0.662395,8.686235,-0.490997,-0.626893,-0.366557
2024-01-01 00:00:14.060,-1.886936,0.417868,7.41745,-0.710764,-0.98461,-0.566719
2024-01-01 00:00:14.070,-0.840495,0.380356,7.873327,-0.916018,-0.811744,-0.340908
2024-01-01 00:00:14.080,-1.453441,0.700746,6.333677,-0.426185,0.00583,-0.318981
2024-01-01 00:00:14.090,-1.400758,0.843124,7.902663,-0.651833,-0.337618,-0.24377
2024-01-01 00:00:14.100,-0.818526,0.42067,7.734243,-0.683745,-0.581116,-0.139155
2024-01-01 00:00:14.110,-1.057151,0.642788,7.124702,-0.623166,-0.229464,-0.348094
2024-01-01 00:00:14.120,-1.058768,0.382491,6.876131,-0.917442,-0.129657,-0.00974
2024-01-01 00:00:14.130,-0.425186,-0.011568,7.165472,-0.762813,0.041325,-0.579343
2024-01-01 00:00:14.140,-1.370942,0.834671,8.163859,-0.61015,-0.173572,-0.242622
2024-01-01 00:00:14.150,-0.781965,0.992687,5.910077,-0.638911,0.168717,-0.4149
2024-01-01 00:00:14.160,-1.046036,0.922862,7.300242,-0.250421,-0.518177,-0.570348
2024-01-01 00:00:14.170,-0.929613,0.292291,6.374504,-0.491579,-0.205747,-0.303232
2024-01-01 00:00:14.180,-0.444699,0.803462,6.886166,-0.308761,0.165831,-0.479819
2024-01-01 00:00:14.190,-0.756444,0.273362,6.797344,-0.495884,0.273032,-0.273331
2024-01-01 00:00:14.200,-0.698858,1.378469,6.749763,-0.209134,0.027256,-0.231388
2024-01-01 00:00:14.210,-0.463584,0.668936,7.046025,-0.348064,0.383052,-0.055942
2024-01-01 00:00:14.220,-0.917094,1.397024,6.508801,-0.417637,0.223261,-0.436634
2024-01-01 00:00:14.230,-1.032259,1.328233,7.793327,-0.397207,0.368654,-0.060676
2024-01-01 00:00:14.240,-1.052249,0.796744,6.348466,-0.604778,0.750045,-0.168372
2024-01-01 00:00:14.250,-1.321757,0.747881,7.752695,-0.211155,0.773983,-0.014614
2024-01-01 00:00:14.260,0.140157,1.211937,7.408676,-0.319126,0.346991,-0.2193
2024-01-01 00:00:14.270,-0.910723,0.870922,7.087753,-0.405285,0.377754,-0.33973
2024-01-01 00:00:14.280,-0.546311,1.170615,7.996719,0.02655,0.581104,-0.307657
2024-01-01 00:00:14.290,-0.509302,1.008904,7.191935,-0.53251,0.714803,-0.303749
2024-01-01 00:00:14.300,-0.24773,0.631499,8.241144,-0.295129,0.590133,-0.023081
2024-01-01 00:00:14.310,-0.012169,0.506992,7.614896,0.098169,1.04321,0.142158
2024-01-01 00:00:14.320,0.061596,1.252601,8.835383,-0.04889,0.893483,-0.148628
2024-01-01 00:00:14.330,-0.385169,1.022755,8.262379,-0.108547,0.926743,0.046079
2024-01-01 00:00:14.340,-0.180825,1.030076,8.715536,-0.002493,0.522058,-0.261138
2024-01-01 00:00:14.350,0.035519,1.407687,9.320581,0.011049,1.138787,0.010146
2024-01-01 00:00:14.360,-0.091379,1.552028,8.930646,-0.381479,0.144944,0.099128
2024-01-01 00:00:14.370,0.617288,1.117438,9.520388,-0.058133,1.056252,-0.202628
2024-01-01 00:00:14.380,0.285527,1.094369,8.915256,0.464763,1.073813,-0.000266
2024-01-01 00:00:14.390,0.429686,1.342083,10.288097,-0.072842,0.719423,0.153382
2024-01-01 00:00:14.400,0.463012,0.778604,11.10153,0.043627,1.127909,-0.378465
2024-01-01 00:00:14.410,0.699887,1.244436,11.851537,0.018819,0.771046,0.27743
2024-01-01 00:00:14.420,0.410247,1.333036,10.545097,0.163254,0.77469,0.145556
2024-01-01 00:00:14.430,-0.04982,1.35971,11.100625,0.069724,0.81152,0.215261
2024-01-01 00:00:14.440,0.600516,0.560993,9.851886,0.367352,1.486333,0.060926
2024-01-01 00:00:14.450,0.288491,0.89822,11.812794,0.324777,0.984574,-0.120684
2024-01-01 00:00:14.460,0.38649,0.846009,11.558255,0.49819,0.778504,0.232511
2024-01-01 00:00:14.470,0.830887,1.120595,10.999287,0.07095,0.326037,0.154454
2024-01-01 00:00:14.480,1.112242,1.214303,12.068271,0.276964,0.537717,0.185842
2024-01-01 00:00:14.490,0.738419,1.496884,11.357722,0.333422,0.243008,0.358067
2024-01-01 00:00:14.500,0.890063,0.875548,11.342443,0.530963,0.593521,0.322835
2024-01-01 00:00:14.510,1.427533,0.849345,11.938675,0.245299,0.362408,0.509988
2024-01-01 00:00:14.520,0.964517,1.316549,11.160977,0.698382,-0.01657,0.257812
2024-01-01 00:00:14.530,1.837974,1.032145,12.361569,0.791209,0.220471,0.143621
2024-01-01 00:00:14.540,1.171007,1.293529,11.257672,0.271757,-0.077776,0.231225
2024-01-01 00:00:14.550,0.400996,0.968498,11.284426,0.419822,0.105937,0.33362
2024-01-01 00:00:14.560,1.323541,0.502024,11.369668,0.432282,-0.213505,0.435011
2024-01-01 00:00:14.570,1.234241,0.415183,12.280266,1.245209,-0.05874,0.073501
2024-01-01 00:00:14.580,1.591507,0.314367,11.500407,0.500575,0.055536,0.305306
2024-01-01 00:00:14.590,1.413197,0.941926,11.060018,1.047451,-0.210995,0.555454
2024-01-01 00:00:14.600,1.164789,1.062226,11.415002,0.330408,-0.359878,0.287502
2024-01-01 00:00:14.610,0.818528,1.221699,11.662471,0.417671,-0.274137,0.472194
2024-01-01 00:00:14.620,1.205724,0.880032,10.948207,0.510419,-0.211446,0.415003
2024-01-01 00:00:14.630,1.011068,0.935189,10.868155,0.486578,-0.720931,0.492379
2024-01-01 00:00:14.640,1.133405,0.37066,12.553417,0.645872,-0.434612,0.234959
2024-01-01 00:00:14.650,1.568357,0.155224,10.796981,0.549395,-0.222933,0.242484
2024-01-01 00:00:14.660,1.970475,0.713878,10.958927,0.534369,-0.458023,0.372643
2024-01-01 00:00:14.670,1.545649,0.540152,10.789976,1.040292,-0.632389,0.145504
2024-01-01 00:00:14.680,1.008278,0.402432,10.605513,1.066928,-0.528274,0.340029
2024-01-01 00:00:14.690,1.599559,0.441187,11.015206,1.00743,-0.612199,0.422984
2024-01-01 00:00:14.700,1.877641,0.376204,11.02307,0.909037,-0.569541,0.656714
2024-01-01 00:00:14.710,1.258007,0.618233,10.154428,0.807949,-1.291843,0.452789
2024-01-01 00:00:14.720,1.434854,0.575062,9.457845,0.666015,-1.197272,0.48892
2024-01-01 00:00:14.730,1.494933,0.303022,10.649296,0.556267,-0.575734,0.571949
2024-01-01 00:00:14.740,1.2208,0.346469,9.702776,0.888357,-1.216169,0.254105
2024-01-01 00:00:14.750,1.725817,0.199776,10.511362,0.506016,-0.747165,0.374949
2024-01-01 00:00:14.760,1.457667,-0.140035,8.127909,0.551519,-0.938009,0.763811
2024-01-01 00:00:14.770,1.645589,0.178046,9.273793,1.087563,-1.096222,0.387799
2024-01-01 00:00:14.780,1.184561,-0.514435,10.026157,1.272593,-0.751688,0.56618
2024-01-01 00:00:14.790,1.336186,0.173066,8.583704,0.892615,-0.775566,0.541706
2024-01-01 00:00:14.800,1.733933,-0.548251,8.464724,1.066534,-0.279844,0.173243
2024-01-01 00:00:14.810,1.340116,-0.150651,8.566866,0.722862,-0.940232,0.438734
2024-01-01 00:00:14.820,2.062272,-0.53607,7.918572,0.443093,-0.395741,0.410768
2024-01-01 00:00:14.830,1.302929,-0.1622,7.882938,0.922537,-0.634717,0.434241
2024-01-01 00:00:14.840,1.504172,-0.383579,7.705601,0.902606,-0.850652,0.267025
2024-01-01 00:00:14.850,1.732459,-0.896434,7.392306,0.767812,-0.443909,0.207409
2024-01-01 00:00:14.860,0.887965,-0.335755,8.269367,0.677749,-0.456621,0.29777
2024-01-01 00:00:14.870,0.744304,-0.678583,7.71421,0.966199,-0.539721,0.348154
2024-01-01 00:00:14.880,0.800692,-0.283321,7.47742,0.465392,-0.429334,0.53366
2024-01-01 00:00:14.890,1.748591,-0.588877,7.675833,0.503455,-0.589306,0.621046
2024-01-01 00:00:14.900,1.083526,-0.511344,6.990527,0.428868,-0.587929,0.549937
2024-01-01 00:00:14.910,2.140057,-0.95696,6.628763,0.685076,-0.13068,0.460944
2024-01-01 00:00:14.920,1.013281,-0.885169,6.656138,0.373769,-0.313597,0.17222
2024-01-01 00:00:14.930,1.239564,-0.883543,6.936338,0.45559,-0.213107,0.251991
2024-01-01 00:00:14.940,1.677091,-0.525367,6.315658,0.430149,-0.057409,0.334783
2024-01-01 00:00:14.950,1.800103,-0.314378,6.601271,0.520432,0.00547,0.197926
2024-01-01 00:00:14.960,1.778413,-1.093088,6.586199,0.191829,-0.351295,0.368417
2024-01-01 00:00:14.970,1.437093,-0.561107,8.047715,0.562689,0.394452,0.378517
2024-01-01 00:00:14.980,1.328292,-1.566319,5.378197,0.82909,0.169584,0.339075
2024-01-01 00:00:14.990,1.131456,-1.303508,6.844878,0.526711,0.154162,0.400189
2024-01-01 00:00:15.000,1.149267,-1.261254,7.947716,0.852978,0.376803,0.098135
2024-01-01 00:00:15.010,0.635335,-1.406233,7.135215,0.775233,0.390826,0.360791
2024-01-01 00:00:15.020,0.492006,-1.500866,7.566465,0.609567,0.583999,0.10322
2024-01-01 00:00:15.030,0.726113,-0.925609,7.304624,0.406562,0.58484,0.052805
2024-01-01 00:00:15.040,0.61552,-1.13582,6.993464,0.36567,0.685125,0.25984
2024-01-01 00:00:15.050,0.4632,-0.978209,6.250678,0.522592,0.895596,0.348202
2024-01-01 00:00:15.060,0.811345,-0.903626,7.731661,0.204808,0.827481,0.224565
2024-01-01 00:00:15.070,0.846867,-1.048097,7.337861,-0.197291,0.611419,0.13979
2024-01-01 00:00:15.080,0.487558,-0.94572,7.479998,0.366529,0.411743,0.168287
2024-01-01 00:00:15.090,0.917149,-1.177403,7.810464,-0.069426,1.146052,0.127134
2024-01-01 00:00:15.100,-0.0568,-1.524343,9.217273,-0.057713,0.701787,-0.077482
2024-01-01 00:00:15.110,0.217257,-0.860791,9.759847,0.152076,0.670337,-0.110383
2024-01-01 00:00:15.120,-0.024046,-1.362932,8.742021,0.097201,0.376939,0.048667
2024-01-01 00:00:15.130,-0.484993,-1.473102,8.556938,-0.263262,0.913219,0.056857
2024-01-01 00:00:15.140,0.080548,-1.250174,8.358544,0.099766,0.878165,0.030896
2024-01-01 00:00:15.150,0.007897,-1.473163,9.459431,0.268473,0.469294,0.114884
2024-01-01 00:00:15.160,0.521159,-1.32521,10.379091,-0.286644,0.963263,-0.034601
2024-01-01 00:00:15.170,0.153193,-1.095565,9.459037,0.282072,0.722,0.066423
2024-01-01 00:00:15.180,-0.484995,-1.091221,8.481813,-0.457525,1.510483,-0.055429
2024-01-01 00:00:15.190,0.463661,-1.46016,10.35137,0.43052,0.681725,0.224098
2024-01-01 00:00:15.200,0.183636,-1.330365,10.713595,-0.232802,0.69632,-0.052887
2024-01-01 00:00:15.210,-0.098069,-0.85316,9.483223,-0.124558,0.562486,0.270628
2024-01-01 00:00:15.220,-0.438682,-1.016124,10.630208,-0.664695,1.071869,-0.043042
2024-01-01 00:00:15.230,-0.752268,-0.530302,10.95181,-0.237648,0.625761,-0.143109
2024-01-01 00:00:15.240,-0.603143,-0.784773,10.825653,-0.195077,0.499824,-0.261016
2024-01-01 00:00:15.250,-0.147482,-0.779748,10.583892,-0.30343,0.815668,-0.357378
2024-01-01 00:00:15.260,0.076208,-1.521881,11.720314,-0.451915,0.247757,-0.304289
2024-01-01 00:00:15.270,-0.097211,-0.857132,11.071316,-0.576559,0.699363,-0.3019
2024-01-01 00:00:15.280,-0.861405,-1.081307,10.596027,-0.085532,0.935309,-0.124859
2024-01-01 00:00:15.290,-1.134064,-1.208104,10.392709,-0.388137,0.575448,-0.276844
2024-01-01 00:00:15.300,-0.743628,-0.968222,12.3071,-0.037712,0.534418,-0.183411
2024-01-01 00:00:15.310,-1.461403,-0.7093,12.032602,-0.580927,0.531282,-0.032356
2024-01-01 00:00:15.320,-0.777545,-0.815313,11.807224,-0.583714,0.678072,-0.250679
2024-01-01 00:00:15.330,-0.989139,-1.200306,11.56728,-0.29609,0.488443,0.061879
2024-01-01 00:00:15.340,-1.145961,-0.683776,11.553953,-0.929929,0.230058,-0.438464
2024-01-01 00:00:15.350,-1.584841,-1.066133,11.273375,-0.850936,0.27954,-0.296373
2024-01-01 00:00:15.360,-0.889189,-0.776839,11.632392,-0.295735,-0.234822,-0.36595
2024-01-01 00:00:15.370,-1.295992,-0.898532,10.69281,-0.884742,0.113913,-0.155403
2024-01-01 00:00:15.380,-1.557895,-0.837617,11.42776,-1.067256,-0.397875,-0.642215
2024-01-01 00:00:15.390,-2.190813,-0.505318,11.620051,-0.165146,-0.303659,-0.532606
2024-01-01 00:00:15.400,-1.230411,-1.009342,12.069964,-0.999537,-1.046648,-0.341643
2024-01-01 00:00:15.410,-0.633858,-0.074738,11.641375,-0.622848,-0.238043,-0.101732
2024-01-01 00:00:15.420,-0.704128,-1.164615,12.015131,-0.668365,-0.559664,-0.308942
2024-01-01 00:00:15.430,-1.474981,-0.756622,12.220849,-1.403989,-0.178734,-0.553398
2024-01-01 00:00:15.440,-1.553161,-0.424397,11.948647,-0.782769,-0.413965,-0.537545
2024-01-01 00:00:15.450,-1.203625,-0.317474,11.500885,-0.617335,-0.282312,-0.11377
2024-01-01 00:00:15.460,-1.740319,-0.479456,11.112475,-0.653228,-0.882566,-0.464073
2024-01-01 00:00:15.470,-1.306289,-0.422378,10.419602,-0.527142,-0.396609,-0.517956
2024-01-01 00:00:15.480,-1.162631,-0.237215,11.209239,-0.859944,-0.170213,-0.15993
2024-01-01 00:00:15.490,-1.017957,-0.384362,11.560486,-0.593812,-0.541789,-0.234305
2024-01-01 00:00:15.500,-1.496819,0.148741,10.651287,-0.95194,-0.566851,-0.198695
2024-01-01 00:00:15.510,-1.545165,0.028837,11.337348,-1.138686,-0.74891,-0.535541
2024-01-01 00:00:15.520,-1.791003,0.08547,9.257859,-1.115744,-0.944441,-0.624422
2024-01-01 00:00:15.530,-1.780646,-0.41936,9.271696,-1.160855,-0.6399,-0.377689
2024-01-01 00:00:15.540,-1.575723,-0.106265,10.183083,-0.545713,-1.218496,-0.348786
2024-01-01 00:00:15.550,-1.370775,-0.125395,9.662193,-1.178298,-0.952971,-0.345137
2024-01-01 00:00:15.560,-1.18017,-0.289688,10.042616,-0.73145,-1.292594,-0.178252
2024-01-01 00:00:15.570,-1.779285,0.16727,9.115037,-0.865506,-1.021774,-0.659578
2024-01-01 00:00:15.580,-0.971656,-0.054936,8.451199,-0.822514,-0.676134,-0.269472
2024-01-01 00:00:15.590,-1.582598,0.349951,8.618885,-0.452541,-0.695897,-0.561215
2024-01-01 00:00:15.600,-1.486485,-0.120993,7.705088,-0.89841,-0.790019,-0.266041
2024-01-01 00:00:15.610,-1.729539,0.762201,7.744138,-0.630041,-0.735673,-0.462714
2024-01-01 00:00:15.620,-2.303231,0.023631,8.722736,-0.766474,-1.220441,-0.510028
2024-01-01 00:00:15.630,-1.129809,0.40391,8.498283,-0.805591,-0.808174,-0.475279
2024-01-01 00:00:15.640,-1.163575,0.620742,8.056639,-0.183125,-0.846997,-0.5959
2024-01-01 00:00:15.650,-1.499977,0.256462,6.758511,-1.107809,-0.798855,-0.367672
2024-01-01 00:00:15.660,-1.355935,0.727202,7.366418,-0.413387,-0.437696,-0.483736
2024-01-01 00:00:15.670,-1.174534,0.145783,6.759426,-0.558625,-0.752576,-0.243419
2024-01-01 00:00:15.680,-1.875633,0.992452,7.961911,-0.828544,-0.635145,-0.258323
2024-01-01 00:00:15.690,-1.48548,0.602477,6.888153,-0.28617,-0.949268,-0.093526
2024-01-01 00:00:15.700,-0.991873,0.459796,6.519816,-1.139289,-0.441908,-0.283682
2024-01-01 00:00:15.710,-1.676452,0.588463,7.055109,-0.790415,-0.578929,-0.251885
2024-01-01 00:00:15.720,-1.100371,0.959339,6.622832,-0.943783,-0.223858,-0.110816
2024-01-01 00:00:15.730,-1.641721,0.578662,7.742019,-0.519335,-0.416615,-0.405327
2024-01-01 00:00:15.740,-0.965659,0.565357,6.488008,-0.880351,-0.086773,-0.524281
2024-01-01 00:00:15.750,-1.101626,0.758645,6.104133,-0.472615,-0.08245,-0.260426
2024-01-01 00:00:15.760,-1.613001,0.505679,5.686635,-0.605385,0.438648,-0.492783
2024-01-01 00:00:15.770,-0.596975,1.437261,6.866326,-0.655643,0.211731,0.100189
2024-01-01 00:00:15.780,-1.217112,0.752128,6.602135,-0.414841,-0.306237,-0.037677
2024-01-01 00:00:15.790,-1.197476,1.201051,6.168479,-0.554562,-0.097255,0.080893
2024-01-01 00:00:15.800,-0.796155,1.042451,7.666605,-0.734214,0.296705,-0.221661
2024-01-01 00:00:15.810,-0.415454,0.710775,7.452284,0.264356,0.112624,-0.135408
2024-01-01 00:00:15.820,-1.12287,1.029314,7.156711,-0.531036,-0.336962,-0.273543
2024-01-01 00:00:15.830,-0.69441,1.289668,8.023166,-0.936268,0.800048,-0.058494
2024-01-01 00:00:15.840,-0.513468,1.019721,7.750738,-0.56442,0.697382,-0.359279
2024-01-01 00:00:15.850,-0.367494,1.454197,7.059626,-0.642196,0.699027,-0.544152
2024-01-01 00:00:15.860,-0.493908,1.421082,7.077995,-0.089817,0.464884,-0.266783
2024-01-01 00:00:15.870,-0.628842,1.406937,8.247491,-0.186457,0.767742,-0.351756
2024-01-01 00:00:15.880,-0.733982,1.008248,8.173386,-0.137296,0.524744,0.103202
2024-01-01 00:00:15.890,-0.357431,0.835297,8.215297,-0.299215,0.787716,0.168997
2024-01-01 00:00:15.900,-0.705484,0.986481,7.830651,-0.245963,0.537457,-0.298502
2024-01-01 00:00:15.910,-1.29485,1.238923,8.811541,-0.238001,1.173018,0.121123
2024-01-01 00:00:15.920,-0.061301,1.35145,8.248125,-0.134483,0.422808,0.085615
2024-01-01 00:00:15.930,0.160892,0.542064,8.798415,0.125908,1.139805,-0.276929
2024-01-01 00:00:15.940,-0.923658,1.195073,9.844381,0.032482,0.852674,-0.084309
2024-01-01 00:00:15.950,-0.391035,1.247049,8.88115,0.104959,0.726563,-0.097059
2024-01-01 00:00:15.960,0.238136,1.116614,8.576289,0.13632,0.891404,0.117915
2024-01-01 00:00:15.970,0.800584,1.585655,9.058913,0.264023,1.028446,-0.162861
2024-01-01 00:00:15.980,0.146641,1.321344,10.3794,0.146365,1.177012,0.022333
2024-01-01 00:00:15.990,-0.05675,1.582552,10.164491,0.195339,0.89865,-0.050077
2024-01-01 00:00:16.000,0.192417,1.117547,10.141304,0.433965,0.577643,0.139383
2024-01-01 00:00:16.010,0.79562,1.454586,10.114761,0.001426,0.789217,0.051325
2024-01-01 00:00:16.020,0.145821,1.653051,10.837934,-0.015584,1.199693,0.018889
2024-01-01 00:00:16.030,0.14911,1.543425,10.272757,-0.067773,1.047978,0.082359
2024-01-01 00:00:16.040,0.31612,0.807878,11.068169,0.304438,0.899406,0.434761
2024-01-01 00:00:16.050,0.206917,1.04326,10.648665,-0.175122,0.828126,0.08162
2024-01-01 00:00:16.060,0.638181,0.997921,10.697525,0.433003,0.757156,0.002581
2024-01-01 00:00:16.070,1.217624,1.228646,10.969713,0.318828,0.821461,0.260578
2024-01-01 00:00:16.080,0.814799,1.266498,11.230859,0.657911,0.363798,0.165597
2024-01-01 00:00:16.090,0.665044,0.786003,11.514664,0.233817,0.082403,-0.011387
2024-01-01 00:00:16.100,0.701712,1.033491,11.761747,0.377888,0.379034,0.549083
2024-01-01 00:00:16.110,0.305962,0.38106,9.680347,0.735526,0.095754,0.174616
2024-01-01 00:00:16.120,1.210077,1.39199,11.326942,0.826311,-0.0271,0.183583
2024-01-01 00:00:16.130,0.920258,0.776575,11.603104,0.335296,-0.008376,0.276642
2024-01-01 00:00:16.140,0.929377,0.916485,12.678391,0.574803,0.726996,0.524196
2024-01-01 00:00:16.150,2.153638,0.774875,11.273368,0.626165,0.073018,0.024318
2024-01-01 00:00:16.160,1.182513,1.178276,11.958188,0.66832,0.062541,0.328851
2024-01-01 00:00:16.170,0.85505,-0.05138,12.676707,0.530717,-0.400276,0.611271
2024-01-01 00:00:16.180,1.007446,0.759054,11.102698,0.937237,-0.621786,0.327755
2024-01-01 00:00:16.190,1.595328,0.695271,11.996689,0.164039,-0.430777,0.132932
2024-01-01 00:00:16.200,1.267867,0.552778,11.278986,0.549769,0.069771,0.234766
2024-01-01 00:00:16.210,0.757771,1.167522,11.36835,0.784606,-0.268177,0.367344
2024-01-01 00:00:16.220,1.61389,0.343233,11.115742,0.803458,-0.261885,0.544196
2024-01-01 00:00:16.230,1.087297,0.799803,11.052926,1.042802,-0.284128,0.301406
2024-01-01 00:00:16.240,2.003741,0.633092,12.837566,1.018536,-0.670938,0.483488
2024-01-01 00:00:16.250,1.750953,0.861808,11.677816,0.660847,-0.227196,0.150811
2024-01-01 00:00:16.260,1.239095,0.239582,11.680745,1.069318,-0.779918,0.155618
2024-01-01 00:00:16.270,1.86457,0.175553,11.196242,0.576804,-0.313832,0.305237
2024-01-01 00:00:16.280,1.458325,0.679356,9.883417,0.997829,-0.594364,0.598258
2024-01-01 00:00:16.290,1.749184,0.432679,10.816638,1.226344,-1.18738,0.397188
2024-01-01 00:00:16.300,1.634258,-0.204323,11.014454,1.084857,-0.957713,0.434032
2024-01-01 00:00:16.310,1.179994,0.05104,9.773369,0.813759,-1.242759,0.43537
2024-01-01 00:00:16.320,1.260306,0.28209,10.586655,0.709348,-0.526579,0.562527
2024-01-01 00:00:16.330,1.85306,0.37059,10.251845,0.413891,-0.839393,0.306487
2024-01-01 00:00:16.340,1.380114,-0.131607,10.688752,0.876187,-1.400938,0.502519
2024-01-01 00:00:16.350,1.358399,-0.849326,9.244158,0.521023,-0.755328,0.275281
2024-01-01 00:00:16.360,1.165448,0.134668,8.673418,0.601578,-0.983704,0.697422
2024-01-01 00:00:16.370,1.645741,-0.43561,8.881949,0.50097,-1.215247,0.27927
2024-01-01 00:00:16.380,2.214783,-0.721823,9.675942,0.681115,-0.414452,0.265748
2024-01-01 00:00:16.390,1.112367,-1.013246,7.689286,0.785543,-0.791601,0.478718
2024-01-01 00:00:16.400,1.48528,0.033974,7.370019,0.856032,-0.871186,0.405783
2024-01-01 00:00:16.410,1.959591,-0.217983,8.374855,0.631374,-0.872144,0.439778
2024-01-01 00:00:16.420,1.423678,-0.370214,7.9068,1.041482,-1.120279,0.421178
2024-01-01 00:00:16.430,1.593871,0.06871,7.986572,0.713571,-1.033169,0.219252
2024-01-01 00:00:16.440,1.045466,-0.201741,8.342943,0.558965,-0.346493,0.619951
2024-01-01 00:00:16.450,1.546776,0.047621,7.369398,0.80157,-0.742743,0.50653
2024-01-01 00:00:16.460,1.308768,-0.898744,6.503965,1.223831,-0.571436,0.570314
2024-01-01 00:00:16.470,1.694543,-0.534196,8.530771,0.803544,-1.037139,0.280627
2024-01-01 00:00:16.480,1.738299,-1.050941,6.742192,0.614734,-0.801423,0.415202
2024-01-01 00:00:16.490,2.200188,-0.67596,6.605449,0.308183,-0.262364,0.374629
2024-01-01 00:00:16.500,1.465832,-0.722007,7.705743,0.618726,-0.260735,0.50599
2024-01-01 00:00:16.510,1.344151,-0.498712,6.812086,0.714797,0.145036,0.50207
2024-01-01 00:00:16.520,1.263412,-0.711236,6.928095,0.540639,0.106105,0.347725
2024-01-01 00:00:16.530,1.035171,-0.574967,7.182819,0.201669,-0.222214,0.081315
2024-01-01 00:00:16.540,1.238853,-0.586861,7.482786,0.384897,0.019819,0.565718
2024-01-01 00:00:16.550,0.976862,-0.186081,6.688335,0.939769,-0.110842,0.371465
2024-01-01 00:00:16.560,1.097407,-0.960524,7.708122,0.912338,0.548935,0.185653
2024-01-01 00:00:16.570,1.456188,-1.180275,5.713353,0.309022,0.389192,0.326322
2024-01-01 00:00:16.580,0.597779,-0.854784,7.337207,0.674893,0.210433,0.026688
2024-01-01 00:00:16.590,1.302594,-1.198495,6.504056,0.187297,0.283142,0.399273
2024-01-01 00:00:16.600,1.316794,-0.540939,7.781922,0.807508,0.657844,0.007533
2024-01-01 00:00:16.610,0.76532,-1.096681,7.181197,0.491519,0.503274,0.18198
2024-01-01 00:00:16.620,0.013584,-1.206009,6.822927,0.640735,0.807564,0.23833
2024-01-01 00:00:16.630,0.491912,-1.200744,7.661035,-0.05296,-0.073569,0.343733
2024-01-01 00:00:16.640,1.105922,-0.865194,7.904028,0.517129,0.644143,0.189841
2024-01-01 00:00:16.650,0.590284,-1.147739,7.894251,0.317168,0.450692,0.254788
2024-01-01 00:00:16.660,0.193918,-1.310904,7.114648,0.502942,1.065767,0.140755
2024-01-01 00:00:16.670,0.311546,-0.635054,7.565013,0.489099,1.056509,0.125363
2024-01-01 00:00:16.680,0.72622,-1.406007,7.988763,0.246848,0.717202,0.128022
2024-01-01 00:00:16.690,0.566476,-1.1512,8.13664,0.049856,1.12759,0.071673
2024-01-01 00:00:16.700,0.234028,-0.977092,8.747527,0.36434,1.21954,-0.168278
2024-01-01 00:00:16.710,0.131308,-1.671279,7.409221,0.123466,0.817645,-0.045996
2024-01-01 00:00:16.720,0.064221,-1.045063,8.888831,-0.110817,1.437356,0.090406
2024-01-01 00:00:16.730,-0.180179,-1.511092,8.737119,-0.15395,0.826787,0.000676
2024-01-01 00:00:16.740,0.649152,-0.951292,8.630025,-0.324613,0.791068,-0.001033
2024-01-01 00:00:16.750,-0.088065,-1.488632,8.879153,-0.114374,1.066005,-0.041904
2024-01-01 00:00:16.760,0.391691,-0.991855,9.366356,0.257372,0.760663,-0.13869
2024-01-01 00:00:16.770,0.439137,-0.865925,7.699878,-0.005315,0.864755,-0.098851
2024-01-01 00:00:16.780,0.197222,-0.935377,9.488964,-0.213608,1.184859,-0.086608
2024-01-01 00:00:16.790,-0.361882,-1.112694,9.584044,0.088779,0.821226,-0.055446
2024-01-01 00:00:16.800,-0.127811,-1.249919,10.54553,-0.351648,0.371526,-0.012758
2024-01-01 00:00:16.810,-0.335469,-1.344064,9.990745,-0.150563,0.861039,-0.114283
2024-01-01 00:00:16.820,-0.700673,-0.718622,10.490163,-0.249909,0.564296,-0.256949
2024-01-01 00:00:16.830,-0.327632,-1.356776,11.623742,-0.040502,0.919271,-0.327354
2024-01-01 00:00:16.840,-0.909919,-1.443265,11.480685,-0.65951,0.837227,0.257014
2024-01-01 00:00:16.850,-0.136893,-0.915996,11.578648,-0.507259,0.987144,-0.316827
2024-01-01 00:00:16.860,-0.769667,-1.33618,10.94546,-0.733322,0.798453,-0.239674
2024-01-01 00:00:16.870,-0.590173,-1.362389,11.645579,-0.417208,0.792863,-0.098604
2024-01-01 00:00:16.880,-0.613932,-1.488812,11.332534,-0.077454,0.298535,-0.136026
2024-01-01 00:00:16.890,-0.855098,-1.177328,11.454629,-0.534085,0.609426,-0.125732
2024-01-01 00:00:16.900,-0.609352,-1.032393,11.875519,-0.562175,0.84063,-0.28366
2024-01-01 00:00:16.910,-1.029862,-0.908212,11.395422,-0.24268,0.114281,-0.194522
2024-01-01 00:00:16.920,-0.606302,-0.667788,12.603905,-0.218866,0.67253,-0.2338
2024-01-01 00:00:16.930,-1.428548,-0.765673,11.73871,-0.532785,0.020029,-0.302141
2024-01-01 00:00:16.940,-0.957936,-0.950134,12.195678,-0.363312,-0.12183,-0.230434
2024-01-01 00:00:16.950,-0.366704,-0.920077,12.669551,-0.826748,0.098444,-0.12045
2024-01-01 00:00:16.960,-1.436985,-0.673982,12.434279,-0.23517,0.136451,-0.293162
2024-01-01 00:00:16.970,-1.363935,-0.410388,11.074384,-0.063743,0.118755,-0.302792
2024-01-01 00:00:16.980,-0.984964,-0.718166,12.061034,-0.49094,-0.415603,-0.150398
2024-01-01 00:00:16.990,-1.13828,-0.859528,12.236123,-1.161688,-0.131422,-0.176098
2024-01-01 00:00:17.000,-1.112853,-0.978264,12.195772,-0.79853,-0.474851,-0.091896
2024-01-01 00:00:17.010,-1.096882,-1.074525,11.015478,-0.523112,-0.737218,-0.601594
2024-01-01 00:00:17.020,-1.076503,-0.400649,11.174968,-0.797987,-0.656433,-0.21054
2024-01-01 00:00:17.030,-0.938805,-0.385771,11.978462,-0.389791,-0.668606,-0.263683
2024-01-01 00:00:17.040,-1.210251,-0.343724,10.894825,-0.574927,-0.404134,-0.493831
2024-01-01 00:00:17.050,-1.462516,-0.512497,11.019249,-0.911593,-0.296816,-0.329749
2024-01-01 00:00:17.060,-1.164927,-0.008051,11.909857,-0.738775,-0.999883,-0.215752
2024-01-01 00:00:17.070,-0.75545,-0.530932,10.865507,-0.981009,-0.586388,-0.503149
2024-01-01 00:00:17.080,-1.484709,-0.054083,10.331308,-0.812733,-1.007169,-0.317159
2024-01-01 00:00:17.090,-1.795021,-0.306726,10.079145,-0.914081,-0.589919,-0.257013
2024-01-01 00:00:17.100,-1.079852,-0.431589,10.568242,-0.488886,-0.932438,-0.551941
2024-01-01 00:00:17.110,-1.520583,-0.02492,9.469134,-0.259504,-1.064336,-0.415596
2024-01-01 00:00:17.120,-2.247712,-0.03307,9.878289,-1.151012,-0.621368,-0.351462
2024-01-01 00:00:17.130,-1.197202,-0.001908,10.005565,-1.277497,-0.982705,-0.517766
2024-01-01 00:00:17.140,-1.68537,-0.037486,10.341981,-0.860229,-0.924472,-0.531341
2024-01-01 00:00:17.150,-1.531575,-0.026012,9.798165,-1.179544,-1.404744,-0.420227
2024-01-01 00:00:17.160,-1.383253,0.749116,8.841464,-0.788152,-0.612107,-0.279606
2024-01-01 00:00:17.170,-1.430005,0.435079,9.686359,-0.610995,-0.637255,-0.302554
2024-01-01 00:00:17.180,-1.243284,0.343724,8.67958,-0.42198,-0.829632,-0.52697
2024-01-01 00:00:17.190,-1.636613,0.207293,7.974021,-0.741221,-1.196254,-0.29796
2024-01-01 00:00:17.200,-1.294905,0.522508,8.372819,-0.834684,-0.490331,-0.518589
2024-01-01 00:00:17.210,-1.553347,0.422026,9.077814,-1.274599,-0.93264,-0.631527
2024-01-01 00:00:17.220,-1.189667,0.320342,8.203797,-0.765854,-0.848064,-0.441272
2024-01-01 00:00:17.230,-1.216373,0.26678,7.953689,-0.745779,-0.120812,-0.213355
2024-01-01 00:00:17.240,-1.740436,0.378388,8.689978,-0.593878,-0.834497,-0.278415
2024-01-01 00:00:17.250,-1.012029,-0.504275,6.854774,-0.919587,-0.428718,-0.371468
2024-01-01 00:00:17.260,-1.556641,0.553529,6.798158,-0.838925,-0.425622,-0.427587
2024-01-01 00:00:17.270,-1.061043,0.386543,6.491301,-1.086228,-0.416966,-0.416828
2024-01-01 00:00:17.280,-1.188038,1.052796,7.472088,-1.275004,-0.389185,-0.334773
2024-01-01 00:00:17.290,-0.643909,0.621817,7.258853,-0.96367,-0.307914,-0.503539
2024-01-01 00:00:17.300,-1.334175,0.299388,7.929592,-1.062428,-0.273859,-0.387139
2024-01-01 00:00:17.310,-1.344965,0.68016,7.142993,-0.567931,-0.292539,-0.35839
2024-01-01 00:00:17.320,-1.194347,0.419256,6.729426,-0.762893,0.16228,-0.519341
2024-01-01 00:00:17.330,-1.256667,0.911947,6.910321,-0.748188,-0.478351,-0.432582
2024-01-01 00:00:17.340,-0.831796,0.892847,6.946948,-0.83905,0.171464,-0.234897
2024-01-01 00:00:17.350,-1.636982,1.127304,5.951037,-1.379487,0.188491,-0.284246
2024-01-01 00:00:17.360,-1.397898,0.635775,8.36498,-0.171781,0.224417,-0.320743
2024-01-01 00:00:17.370,-1.359081,0.914976,7.179489,-0.775588,0.395665,-0.399474
2024-01-01 00:00:17.380,-0.607456,0.525597,7.043679,-0.604472,0.159151,-0.014156
2024-01-01 00:00:17.390,-0.294605,1.174434,7.316266,-0.84016,-0.220192,-0.363915
2024-01-01 00:00:17.400,-0.881748,1.147033,7.432682,-0.207786,0.292198,-0.187645
2024-01-01 00:00:17.410,-0.854838,1.165963,7.04421,-0.388543,0.123769,-0.285381
2024-01-01 00:00:17.420,-0.720559,1.04198,6.867279,-0.603966,0.247596,-0.193245
2024-01-01 00:00:17.430,-0.286592,1.188584,7.650468,-0.46779,0.176279,-0.116225
2024-01-01 00:00:17.440,-0.96492,1.566462,7.651924,0.078027,0.420853,-0.376297
2024-01-01 00:00:17.450,-0.503021,1.018957,7.125322,-0.331016,0.44099,-0.157379
2024-01-01 00:00:17.460,-0.190326,1.163693,8.493363,-0.328977,0.042052,0.036837
2024-01-01 00:00:17.470,-0.300633,0.812135,8.026641,-0.48922,0.853853,0.137288
2024-01-01 00:00:17.480,-0.353295,0.891604,8.42843,-0.697458,1.272024,-0.131408
2024-01-01 00:00:17.490,-0.012264,1.193749,8.962643,-0.233413,0.902203,-0.090449
2024-01-01 00:00:17.500,-1.251182,1.506103,8.386454,-0.081322,0.72896,0.250353
2024-01-01 00:00:17.510,-0.009741,1.106735,8.732239,0.143164,0.790219,0.104373
2024-01-01 00:00:17.520,-0.417488,1.119706,9.191964,-0.66269,0.71789,-0.142876
2024-01-01 00:00:17.530,-0.770554,1.073431,8.540175,-0.350518,0.859774,-0.12747
2024-01-01 00:00:17.540,0.108018,1.038232,9.163649,-0.183,0.83695,0.124575
2024-01-01 00:00:17.550,0.468917,1.288454,9.399508,-0.007197,0.639632,-0.154819
2024-01-01 00:00:17.560,-0.000912,0.750229,9.001405,-0.011088,1.269039,0.175744
2024-01-01 00:00:17.570,0.439686,1.581272,10.997744,0.026207,0.469693,0.07846
2024-01-01 00:00:17.580,0.729297,0.993091,9.14265,0.190024,1.009013,0.121658
2024-01-01 00:00:17.590,0.683784,1.403168,9.392933,-0.106589,0.786937,0.021107
2024-01-01 00:00:17.600,0.85577,0.797637,11.015376,0.383819,1.265216,-0.019332
2024-01-01 00:00:17.610,0.599308,1.3695,10.864789,0.289463,0.848098,0.309849
2024-01-01 00:00:17.620,0.423219,1.358831,10.08132,0.131678,0.641051,0.068807
2024-01-01 00:00:17.630,-0.107231,1.259114,11.144809,0.642071,0.632714,0.059282
2024-01-01 00:00:17.640,0.423271,0.830357,11.774386,0.66078,0.663924,0.123818
2024-01-01 00:00:17.650,0.269403,1.186633,11.096792,0.534312,0.323503,0.179497
2024-01-01 00:00:17.660,1.378641,0.73821,12.678349,-0.424607,0.36896,0.010392
2024-01-01 00:00:17.670,0.610562,0.996962,10.424675,0.753202,0.062443,0.094502
2024-01-01 00:00:17.680,0.767514,1.359616,11.866007,0.585032,0.222782,0.100466
2024-01-01 00:00:17.690,0.968559,1.266174,12.224384,0.915223,0.419039,0.333602
2024-01-01 00:00:17.700,0.840744,1.006498,12.157704,0.749624,0.410191,0.087235
2024-01-01 00:00:17.710,1.467416,0.682727,11.625498,0.860798,-0.222179,-0.030259
2024-01-01 00:00:17.720,0.70353,1.140559,11.633901,0.711108,0.174167,-0.049342
2024-01-01 00:00:17.730,1.035451,0.922943,12.07865,0.853087,0.283847,0.0374
2024-01-01 00:00:17.740,0.751854,0.189858,12.308484,1.038114,0.035904,0.474023
2024-01-01 00:00:17.750,0.592524,1.088192,12.201194,0.616556,-0.148653,0.283639
2024-01-01 00:00:17.760,0.88159,0.81226,12.436384,0.191321,-0.160144,0.367376
2024-01-01 00:00:17.770,1.122225,1.145122,11.283029,0.528568,-0.258839,0.38319
2024-01-01 00:00:17.780,1.022651,0.419447,11.681856,0.723037,-0.348608,0.321203
2024-01-01 00:00:17.790,0.96646,-0.242502,11.238736,0.663419,-0.210573,0.311131
2024-01-01 00:00:17.800,0.750622,0.755613,11.477207,0.351204,0.259865,0.488101
2024-01-01 00:00:17.810,1.245846,0.719695,12.167387,0.272197,-0.564046,0.361881
2024-01-01 00:00:17.820,0.778404,0.084382,11.573973,0.510739,-0.516375,0.557879
2024-01-01 00:00:17.830,1.599175,0.256474,12.840626,0.912951,-0.505775,0.448633
2024-01-01 00:00:17.840,1.388042,1.334177,11.392872,1.119985,-0.717646,0.269781
2024-01-01 00:00:17.850,0.87297,0.372729,11.187093,0.966802,-0.32082,0.29426
2024-01-01 00:00:17.860,1.296671,0.639781,11.069367,1.013634,-1.233982,0.265519
2024-01-01 00:00:17.870,1.161242,0.180724,10.506703,0.739528,-0.815932,0.562498
2024-01-01 00:00:17.880,1.553603,-0.296323,10.662998,0.333488,-0.51626,0.323747
2024-01-01 00:00:17.890,1.926208,0.234023,11.144189,0.663288,-0.827565,0.268776
2024-01-01 00:00:17.900,0.81364,0.15931,10.408534,0.719283,-0.98778,0.439954
2024-01-01 00:00:17.910,1.520831,0.072549,9.725342,0.665375,-0.696058,0.380244
2024-01-01 00:00:17.920,1.432851,0.111342,9.463936,0.807752,-0.598341,0.441225
2024-01-01 00:00:17.930,1.729883,0.178011,9.532372,0.907643,-0.785833,0.682116
2024-01-01 00:00:17.940,1.573233,0.006539,9.625317,1.012515,-1.047165,0.536591
2024-01-01 00:00:17.950,1.236801,-0.374865,10.044543,0.730465,-0.735927,0.404049
2024-01-01 00:00:17.960,1.387372,0.102949,8.454067,0.323549,-0.948339,0.188481
2024-01-01 00:00:17.970,1.217158,-0.674895,8.819805,0.677023,-0.654123,0.323877
2024-01-01 00:00:17.980,1.866777,-0.752228,8.881774,0.805688,-0.456988,0.504037
2024-01-01 00:00:17.990,1.489731,0.037808,7.604078,1.096247,-1.461449,0.219616
2024-01-01 00:00:18.000,2.137488,-0.07838,7.969045,0.643153,-0.759518,0.713698
2024-01-01 00:00:18.010,1.438357,-0.293887,7.874336,0.906583,-1.193568,0.391386
2024-01-01 00:00:18.020,1.1969,-0.741056,7.638194,0.843105,-0.116828,0.392619
2024-01-01 00:00:18.030,0.898056,-0.580048,8.017243,0.772499,-0.807438,0.280765
2024-01-01 00:00:18.040,0.777558,-0.491182,7.668161,0.983917,-0.462666,0.450152
2024-01-01 00:00:18.050,0.832825,-0.935171,7.30583,0.574669,-0.612916,0.196239
2024-01-01 00:00:18.060,1.457233,-0.721447,7.712287,0.583531,-0.75594,0.688398
2024-01-01 00:00:18.070,1.516144,-0.346602,8.302005,0.710673,-0.733324,0.554427
2024-01-01 00:00:18.080,0.75695,-0.15583,8.145807,0.538826,-0.050915,0.497076
2024-01-01 00:00:18.090,1.593875,-0.750668,6.08977,0.809996,-0.150101,0.132932
2024-01-01 00:00:18.100,1.0798,-0.437737,7.381543,0.487767,0.157471,0.363844
2024-01-01 00:00:18.110,1.266573,-1.277718,6.897393,0.70468,-0.251865,0.505415
2024-01-01 00:00:18.120,1.743912,-0.543391,7.026514,0.604095,-0.129404,0.403535
2024-01-01 00:00:18.130,1.456139,-1.018987,6.683053,0.662929,-0.202589,0.154282
2024-01-01 00:00:18.140,1.009099,-0.720969,6.94301,0.473377,-0.141128,0.196642
2024-01-01 00:00:18.150,0.750297,-0.921609,6.953285,0.481742,-0.262965,0.215467
2024-01-01 00:00:18.160,0.266562,-0.483955,6.558759,0.567841,0.085389,0.181404
2024-01-01 00:00:18.170,0.723895,-1.173842,6.406806,0.570838,-0.066445,0.489477
2024-01-01 00:00:18.180,0.856093,-0.753248,6.690963,0.494943,0.307013,-0.040155
2024-01-01 00:00:18.190,0.537423,-1.053941,7.119604,0.89724,0.30349,0.333837
2024-01-01 00:00:18.200,0.788575,-1.044635,7.387974,0.19739,0.395741,0.028692
2024-01-01 00:00:18.210,0.811697,-1.077808,7.609962,0.402509,0.803428,0.065092
2024-01-01 00:00:18.220,0.655168,-1.300278,6.964729,-0.002011,0.433658,-0.105762
2024-01-01 00:00:18.230,0.454297,-1.073106,7.501788,0.456646,0.687963,0.099455
2024-01-01 00:00:18.240,0.6877,-1.108315,7.996738,0.05648,1.064261,0.394255
2024-01-01 00:00:18.250,0.729249,-1.036103,8.241922,0.23686,0.927223,0.192942
2024-01-01 00:00:18.260,0.137938,-1.100359,7.712937,0.184092,0.934322,-0.0412
2024-01-01 00:00:18.270,0.957606,-0.901803,7.778304,0.317572,0.610814,0.276247
2024-01-01 00:00:18.280,0.372757,-0.877871,8.16857,0.079009,0.782092,0.293299
2024-01-01 00:00:18.290,0.356712,-1.482041,7.602848,0.037901,0.427815,0.108971
2024-01-01 00:00:18.300,0.540299,-0.916344,8.307472,0.514923,0.91012,0.383192
2024-01-01 00:00:18.310,0.315905,-1.541174,9.008176,0.196091,0.877145,0.185709
2024-01-01 00:00:18.320,0.509369,-1.015376,9.141202,-0.046518,0.832503,0.14927
2024-01-01 00:00:18.330,0.217485,-1.010423,8.832569,-0.000313,1.096457,-0.089309
2024-01-01 00:00:18.340,-0.156323,-1.772497,9.296456,0.442288,0.545512,0.109584
2024-01-01 00:00:18.350,0.125505,-1.172106,8.919847,-0.059336,1.258715,0.032246
2024-01-01 00:00:18.360,-0.460375,-1.339586,9.956997,-0.204357,1.072715,0.061955
2024-01-01 00:00:18.370,-0.081032,-1.423846,9.722707,-0.234731,0.821637,-0.134429
2024-01-01 00:00:18.380,-0.189431,-0.786284,9.806715,-0.232108,0.788932,-0.028199
2024-01-01 00:00:18.390,-0.309138,-1.381121,9.948873,-0.274649,0.927966,-0.185542
2024-01-01 00:00:18.400,-0.339415,-1.418569,10.297739,-0.47694,1.164716,-0.400584
2024-01-01 00:00:18.410,-1.010748,-1.143763,10.264543,-0.468837,0.781732,0.055852
2024-01-01 00:00:18.420,-0.601282,-0.948802,11.044327,-0.425585,0.759476,-0.334486
2024-01-01 00:00:18.430,-0.433226,-1.18319,10.628279,-0.100492,0.690652,-0.108114
2024-01-01 00:00:18.440,-0.465543,-0.775233,11.876005,-0.373439,1.090029,-0.089114
2024-01-01 00:00:18.450,-0.936142,-0.948555,11.949825,-0.359234,0.506707,-0.104737
2024-01-01 00:00:18.460,-0.187527,-1.742298,10.786699,-0.018758,0.542243,-0.210602
2024-01-01 00:00:18.470,-0.986778,-1.226973,11.436652,-0.040844,0.862764,-0.141616
2024-01-01 00:00:18.480,-0.396338,-1.214328,11.149146,-0.462877,0.477862,-0.125528
2024-01-01 00:00:18.490,-0.637021,-0.877988,11.422797,-0.577204,0.666845,-0.099499
2024-01-01 00:00:18.500,-1.062391,-1.783678,12.785394,-0.662087,0.093858,0.037027
2024-01-01 00:00:18.510,-0.263228,-0.204423,11.582156,-0.298585,0.20746,-0.200761
2024-01-01 00:00:18.520,-1.349363,-0.781208,12.001944,-0.548025,0.565392,-0.238817
2024-01-01 00:00:18.530,-0.655446,-0.865784,12.138958,-0.61777,-0.040506,-0.396583
2024-01-01 00:00:18.540,-0.670991,-0.524497,11.312978,-0.748053,0.024253,-0.206927
2024-01-01 00:00:18.550,-1.298373,-0.143029,11.399657,-0.7597,0.059363,-0.183534
2024-01-01 00:00:18.560,-0.617105,-0.550746,11.197786,-0.509035,-0.318953,-0.32337
2024-01-01 00:00:18.570,-1.231084,-0.491913,11.349511,-0.938763,-0.241529,-0.22326
2024-01-01 00:00:18.580,-1.079852,-0.700733,10.229683,-0.381094,-0.175473,-0.358783
2024-01-01 00:00:18.590,-1.125279,-0.744633,12.042077,-0.782203,-0.256256,-0.223722
2024-01-01 00:00:18.600,-1.29701,-0.806061,12.803014,-0.704077,-0.010471,-0.196443
2024-01-01 00:00:18.610,-0.997891,-0.871275,11.670881,-1.017804,-0.005778,-0.206986
2024-01-01 00:00:18.620,-1.033638,-0.788698,10.713245,-0.702483,-0.663323,-0.332019
2024-01-01 00:00:18.630,-1.950998,-0.946009,11.028124,-0.79622,-0.476858,-0.513065
2024-01-01 00:00:18.640,-0.908069,-0.521014,11.006256,-0.7403,-0.388358,-0.455677
2024-01-01 00:00:18.650,-1.969921,-0.960291,10.564246,-0.372365,-0.226626,-0.280873
2024-01-01 00:00:18.660,-1.047966,-0.353548,11.451424,-0.707233,-0.471128,-0.008507
2024-01-01 00:00:18.670,-1.034134,-0.377018,11.268403,-0.960521,-0.619026,-0.432036
2024-01-01 00:00:18.680,-1.827228,-0.276766,10.022693,-0.948705,-0.561835,-0.317062
2024-01-01 00:00:18.690,-1.603843,-0.431717,10.884431,-0.629915,-0.592228,-0.472757
2024-01-01 00:00:18.700,-1.859459,0.694176,11.145913,-0.46064,-1.020083,-0.538752
2024-01-01 00:00:18.710,-1.557806,0.225704,11.167299,-0.720232,-0.762553,-0.496803
2024-01-01 00:00:18.720,-1.598219,-0.50886,11.506829,-0.622706,-0.463535,-0.709813
2024-01-01 00:00:18.730,-1.223038,-0.018594,9.24146,-0.645389,-0.892602,-0.195897
2024-01-01 00:00:18.740,-1.040504,-0.223675,11.095193,-0.444761,-0.815627,-0.734283
2024-01-01 00:00:18.750,-1.011492,-0.298373,9.150308,-1.287388,-0.910587,-0.439569
2024-01-01 00:00:18.760,-1.695284,-0.348815,8.822669,-0.632409,-1.425123,-0.576326
2024-01-01 00:00:18.770,-1.567973,0.230024,9.133192,-0.551263,-0.832962,-0.531256
2024-01-01 00:00:18.780,-2.077851,-0.057058,8.440528,-1.128626,-0.748918,-0.190494
2024-01-01 00:00:18.790,-1.762297,0.484473,8.791274,-1.01088,-0.933635,-0.364571
2024-01-01 00:00:18.800,-1.131844,0.538728,7.661842,-0.996452,-1.070323,-0.536687
2024-01-01 00:00:18.810,-0.89111,0.698862,8.078744,-0.959032,-0.973122,-0.476845
2024-01-01 00:00:18.820,-1.873349,0.076622,8.746493,-0.889137,-0.528562,-0.499176
2024-01-01 00:00:18.830,-1.631218,0.520083,7.845651,-0.698739,-0.188656,-0.386227
2024-01-01 00:00:18.840,-1.413419,0.611759,7.80178,-0.532476,-0.294131,-0.348513
2024-01-01 00:00:18.850,-1.284265,0.323665,7.842367,-0.466909,-0.929811,-0.084283
2024-01-01 00:00:18.860,-1.641684,0.27756,8.093,-0.933894,-0.330373,-0.649664
2024-01-01 00:00:18.870,-1.183796,1.034332,6.418833,-0.921692,-0.656754,-0.36048
2024-01-01 00:00:18.880,-1.469891,0.661253,7.543415,-0.366537,-0.580419,-0.395081
2024-01-01 00:00:18.890,-1.278914,0.824405,6.980487,-0.517704,-0.49154,-0.197713
2024-01-01 00:00:18.900,-1.050489,0.426619,7.13955,-0.641518,-0.138392,-0.277894
2024-01-01 00:00:18.910,-1.205349,0.34604,7.565202,-0.525717,-0.012005,-0.233471
2024-01-01 00:00:18.920,-1.324367,0.57847,6.274559,-0.632322,-0.211676,-0.260672
2024-01-01 00:00:18.930,-1.172215,0.748417,6.338657,-0.473575,-0.141625,-0.442159
2024-01-01 00:00:18.940,-1.12524,0.501457,5.810713,-0.66765,0.061272,-0.110127
2024-01-01 00:00:18.950,-1.182582,0.851597,6.568216,-0.49444,0.154108,-0.161045
2024-01-01 00:00:18.960,-1.100789,0.380502,7.612542,-0.916415,0.372994,-0.13206
2024-01-01 00:00:18.970,-0.40625,0.582167,6.840462,-0.687027,-0.175817,-0.067933
2024-01-01 00:00:18.980,-0.723523,1.149159,6.210966,-0.659837,0.21572,-0.182641
2024-01-01 00:00:18.990,-0.975905,1.157257,6.737176,-0.558924,0.007839,-0.010514
2024-01-01 00:00:19.000,-0.579843,0.885278,6.256905,-0.670976,0.324538,-0.163028
2024-01-01 00:00:19.010,-0.890627,0.722678,6.541531,-0.546074,0.341067,-0.239203
2024-01-01 00:00:19.020,-0.312009,0.743359,7.473087,-0.763992,0.443795,-0.193685
2024-01-01 00:00:19.030,-0.540921,0.961542,6.725543,-0.220316,0.310596,-0.182322
2024-01-01 00:00:19.040,-0.654505,1.287156,8.107451,-0.349668,0.190593,-0.242429
2024-01-01 00:00:19.050,-0.405945,1.390856,7.592334,-0.72638,0.087204,0.094744
2024-01-01 00:00:19.060,-1.057278,0.98028,7.825253,-0.479359,0.622629,-0.090881
2024-01-01 00:00:19.070,-0.845878,0.798299,7.781665,-0.156654,0.588222,-0.106192
2024-01-01 00:00:19.080,-0.812721,1.238032,8.525327,-0.346341,0.563221,-0.047051
2024-01-01 00:00:19.090,-0.287543,0.922157,8.70436,-0.354274,1.094537,0.356959
2024-01-01 00:00:19.100,0.326605,1.023466,8.638061,-0.167862,0.576,-0.244365
2024-01-01 00:00:19.110,0.559411,1.584422,8.950253,-0.032257,1.167125,-0.185834
2024-01-01 00:00:19.120,0.060349,1.441031,8.713335,-0.446005,1.235894,-0.250544
2024-01-01 00:00:19.130,0.071154,1.244497,9.32191,0.08199,0.35408,-0.062661
2024-01-01 00:00:19.140,-0.675523,0.817881,9.033726,-0.224155,0.871555,0.024787
2024-01-01 00:00:19.150,-0.17603,1.263367,9.417579,0.002935,0.74993,-0.06609
2024-01-01 00:00:19.160,-0.202781,1.517377,9.461803,0.030048,0.118029,-0.061507
2024-01-01 00:00:19.170,-0.085429,1.082664,9.556387,-0.061437,0.475701,0.056525
2024-01-01 00:00:19.180,0.131737,1.595609,9.621131,-0.154268,1.01629,-0.024493
2024-01-01 00:00:19.190,0.08378,1.571173,10.445751,0.061385,1.30795,0.112929
2024-01-01 00:00:19.200,-0.385705,1.67371,11.09266,0.570093,1.004436,0.249015
2024-01-01 00:00:19.210,0.626381,1.255582,11.193028,-0.145959,0.830463,0.198784
2024-01-01 00:00:19.220,0.046149,1.327841,10.027598,0.647936,0.710364,0.244581
2024-01-01 00:00:19.230,0.561689,1.561709,11.589196,0.189978,1.098068,0.290342
2024-01-01 00:00:19.240,1.259484,1.255737,10.857212,0.293405,1.171968,0.184705
2024-01-01 00:00:19.250,0.266545,0.953476,11.504363,0.042098,0.441767,0.133092
2024-01-01 00:00:19.260,-0.243408,0.949899,10.806119,0.149685,0.038404,0.055413
2024-01-01 00:00:19.270,0.594959,1.134962,11.501211,0.244971,-0.039562,0.126673
2024-01-01 00:00:19.280,1.132186,0.653513,11.701528,0.136896,0.759033,0.120607
2024-01-01 00:00:19.290,1.482903,0.973376,10.804921,0.373094,0.357719,0.322413
2024-01-01 00:00:19.300,0.416535,1.319414,12.034518,0.349914,0.353925,0.277851
2024-01-01 00:00:19.310,1.068804,0.305635,12.504309,0.940007,-0.202827,0.34317
2024-01-01 00:00:19.320,0.778796,1.394424,11.71722,0.210722,-0.008258,0.077057
2024-01-01 00:00:19.330,0.949808,1.240411,12.595456,0.552014,0.040256,0.477933
2024-01-01 00:00:19.340,1.956115,0.733988,11.761761,0.611612,0.099465,0.210778
2024-01-01 00:00:19.350,0.546662,1.001802,12.33662,0.304527,-0.119057,0.121051
2024-01-01 00:00:19.360,1.201955,0.805295,10.636897,0.765385,-0.345536,0.230956
2024-01-01 00:00:19.370,1.315557,1.137667,13.159782,0.514746,-0.348606,0.679729
2024-01-01 00:00:19.380,1.568822,1.026603,12.609054,0.010927,0.084302,0.258855
2024-01-01 00:00:19.390,1.25818,0.27377,11.572126,0.817702,-0.220548,0.277605
2024-01-01 00:00:19.400,1.364896,0.830887,10.571517,0.391206,-0.190924,0.306405
2024-01-01 00:00:19.410,1.151244,0.552923,11.727905,0.425161,-0.628768,0.321259
2024-01-01 00:00:19.420,1.411761,0.59841,10.675019,0.874678,-1.200086,0.23413
2024-01-01 00:00:19.430,1.224652,0.313169,11.600524,0.63042,-0.647126,0.380087
2024-01-01 00:00:19.440,1.587438,1.013298,11.456581,0.96005,-0.784512,0.526643
2024-01-01 00:00:19.450,1.263518,0.757354,10.575282,1.045412,-0.528615,0.418579
2024-01-01 00:00:19.460,1.545702,0.179192,11.561738,0.59275,0.161382,0.210316
2024-01-01 00:00:19.470,1.422117,-0.044094,11.23066,0.962241,-0.526347,0.330311
2024-01-01 00:00:19.480,1.842899,0.195201,11.157897,0.583818,-0.051897,0.303613
2024-01-01 00:00:19.490,1.44497,0.395385,10.45191,1.338523,-0.624882,0.398063
2024-01-01 00:00:19.500,0.854304,0.290816,9.487667,0.613356,-0.950978,0.592865
2024-01-01 00:00:19.510,1.92616,0.548076,10.617646,1.048248,-0.72804,0.373531
2024-01-01 00:00:19.520,1.174801,0.362227,9.740324,1.006578,-0.38632,0.384592
2024-01-01 00:00:19.530,1.267996,0.369042,8.930642,0.877323,-0.385395,0.665797
2024-01-01 00:00:19.540,1.291019,0.129027,10.242622,0.632098,-0.992702,0.531298
2024-01-01 00:00:19.550,1.980915,-0.433068,10.456854,0.762077,-0.786391,0.486075
2024-01-01 00:00:19.560,0.750412,-0.122211,9.083093,0.260482,-1.202556,0.693159
2024-01-01 00:00:19.570,2.591824,0.2074,10.098534,0.852698,-0.629385,0.471768
2024-01-01 00:00:19.580,1.85663,-0.173038,8.769323,0.880476,-0.432346,0.098557
2024-01-01 00:00:19.590,1.556237,-0.053363,8.321967,0.821697,-0.79078,0.519061
2024-01-01 00:00:19.600,1.447692,-0.346307,8.001783,0.039023,-0.942658,0.152373
2024-01-01 00:00:19.610,1.553376,-0.60563,9.07258,0.458755,-0.656051,0.455383
2024-01-01 00:00:19.620,1.620098,-0.379234,7.574181,0.579754,-0.607367,0.126327
2024-01-01 00:00:19.630,1.645576,-0.294529,8.247205,0.830115,-0.652681,0.308572
2024-01-01 00:00:19.640,1.594056,-0.628363,7.384282,0.818785,-0.585351,0.318657
2024-01-01 00:00:19.650,1.408621,-0.546114,7.298071,0.691987,-0.626642,0.251754
2024-01-01 00:00:19.660,1.283738,-0.800246,7.98857,0.880308,-0.283742,0.30842
2024-01-01 00:00:19.670,1.273302,-0.224837,7.095681,0.450771,-0.294914,0.50855
2024-01-01 00:00:19.680,1.229414,-0.690281,6.977635,0.844629,-0.668017,0.238942
2024-01-01 00:00:19.690,1.663825,-0.206518,7.732337,0.794422,-0.615543,0.419639
2024-01-01 00:00:19.700,1.442159,-0.223125,7.910899,0.752743,-0.364892,0.18433
2024-01-01 00:00:19.710,0.170773,-0.744411,7.324438,0.594441,-0.053626,0.291551
2024-01-01 00:00:19.720,1.393109,-1.059863,6.562141,1.078243,-0.135882,0.358854
2024-01-01 00:00:19.730,1.193532,-1.419155,6.60901,0.723499,-0.267674,0.150621
2024-01-01 00:00:19.740,1.078912,-1.269824,6.916753,0.336828,0.025166,0.092698
2024-01-01 00:00:19.750,0.907882,-1.273906,7.047746,0.618804,-0.055995,0.352145
2024-01-01 00:00:19.760,1.394088,-0.480422,6.341833,0.7218,0.313586,0.435302
2024-01-01 00:00:19.770,1.287516,-0.890037,7.312159,0.362776,0.242906,0.243042
2024-01-01 00:00:19.780,0.639126,-0.83729,7.006071,0.757456,0.146009,0.173972
2024-01-01 00:00:19.790,1.004443,-1.648206,6.074896,0.555228,0.346502,0.253211
2024-01-01 00:00:19.800,0.472899,-1.367855,6.581699,-0.152031,0.679389,0.225116
2024-01-01 00:00:19.810,0.279857,-0.767163,6.903529,0.481704,0.26805,0.239828
2024-01-01 00:00:19.820,0.491934,-0.970475,7.24249,0.277845,0.568408,-0.189561
2024-01-01 00:00:19.830,0.960582,-1.122251,8.436367,0.485625,0.504516,0.0153
2024-01-01 00:00:19.840,0.938776,-0.928547,7.655189,0.558818,0.680027,0.034597
2024-01-01 00:00:19.850,0.730262,-0.625468,7.200144,0.342487,0.457236,0.169479
2024-01-01 00:00:19.860,0.749111,-1.198998,7.932874,0.680488,0.692209,0.159969
2024-01-01 00:00:19.870,0.619868,-1.126596,7.776498,0.189566,0.981208,0.212548
2024-01-01 00:00:19.880,0.157884,-1.102571,8.31606,0.360152,0.505262,0.140611
2024-01-01 00:00:19.890,0.476179,-0.453861,8.631693,0.374572,0.43784,-0.108442
2024-01-01 00:00:19.900,0.54725,-1.810628,9.158952,0.11812,0.47323,0.288279
2024-01-01 00:00:19.910,0.472794,-0.983351,8.667443,0.30605,0.524396,0.246466
2024-01-01 00:00:19.920,0.566275,-1.228413,9.773426,-0.068586,0.981796,-0.148688
2024-01-01 00:00:19.930,0.339191,-1.027744,9.565695,-0.056957,0.492239,0.074248
2024-01-01 00:00:19.940,0.155279,-1.396934,8.873358,-0.31091,0.774739,-0.080708
2024-01-01 00:00:19.950,0.347763,-1.214498,10.674705,0.046065,1.00403,0.013686
2024-01-01 00:00:19.960,-0.095092,-0.984612,9.835412,0.035548,0.948601,0.135114
2024-01-01 00:00:19.970,-0.453354,-0.260531,9.390757,0.217644,0.737791,0.28093
2024-01-01 00:00:19.980,-0.260434,-0.94651,10.950712,0.089326,0.866485,0.058462
2024-01-01 00:00:19.990,-0.522424,-1.436014,11.371759,-0.210777,0.825037,-0.025549
2024-01-01 00:00:20.000,-0.555963,-1.299564,10.392864,-0.465025,0.71674,-0.136213
2024-01-01 00:00:20.010,-0.427679,-1.297485,10.309613,-0.092906,0.68985,-0.073239
2024-01-01 00:00:20.020,-0.711306,-1.687377,10.659865,0.046244,1.26657,0.088243
2024-01-01 00:00:20.030,-0.597934,-1.233154,11.307241,-0.072616,0.870809,-0.137412
2024-01-01 00:00:20.040,-1.208342,-0.897962,11.766854,-0.019855,1.245268,-0.278404
2024-01-01 00:00:20.050,-0.525508,-1.482032,11.517195,-0.373058,0.453614,-0.402996
2024-01-01 00:00:20.060,-0.653391,-0.765464,11.387403,-0.465355,0.50578,-0.097393
2024-01-01 00:00:20.070,-0.992433,-0.912248,12.27123,-0.561,0.13989,-0.151294
2024-01-01 00:00:20.080,-0.52726,-1.255781,11.378255,-0.418239,0.213498,-0.299019
2024-01-01 00:00:20.090,-0.480215,-1.053295,12.206796,-0.450776,0.831757,-0.061662
2024-01-01 00:00:20.100,-1.420126,-0.505097,11.55676,-0.405654,0.163952,-0.291928
2024-01-01 00:00:20.110,-1.17222,-0.736761,12.013124,-0.515133,0.710637,-0.261601
2024-01-01 00:00:20.120,-1.220849,-0.924939,11.759554,-0.540953,-0.145099,-0.256273
2024-01-01 00:00:20.130,-1.325522,-0.968189,11.822045,-0.72567,-0.163728,-0.318391
2024-01-01 00:00:20.140,-0.749602,-0.84182,11.660562,-0.319218,-0.052389,-0.241932
2024-01-01 00:00:20.150,-1.149507,-0.984911,12.607668,-0.55776,-0.049942,-0.115718
2024-01-01 00:00:20.160,-1.214321,-1.428097,11.449278,-0.641873,0.130054,-0.470503
2024-01-01 00:00:20.170,-1.861427,-0.148073,11.41426,-0.805564,-0.054114,-0.236075
2024-01-01 00:00:20.180,-0.974214,-0.677004,12.941739,-0.97117,-0.335941,-0.293272
2024-01-01 00:00:20.190,-1.665031,-0.565911,12.251902,-0.329697,-0.328808,-0.305279
2024-01-01 00:00:20.200,-1.243085,-0.663418,10.326637,-0.535506,-0.437031,-0.206306
2024-01-01 00:00:20.210,-1.197791,-0.82627,11.237858,-1.096578,-0.6455,-0.337905
2024-01-01 00:00:20.220,-0.847446,-0.620263,10.44895,-0.515175,-0.695814,-0.280946
2024-01-01 00:00:20.230,-1.808515,-1.002179,10.806592,-0.489608,-0.270902,-0.252734
2024-01-01 00:00:20.240,-2.431915,0.203701,9.47507,-0.702285,-1.035692,-0.442344
2024-01-01 00:00:20.250,-1.333265,-0.806101,10.986338,-0.345865,-0.221502,-0.327819
2024-01-01 00:00:20.260,-0.787792,-0.700983,10.283556,-0.702071,-0.754901,-0.415744
2024-01-01 00:00:20.270,-1.002501,-0.478511,10.784958,-1.120143,-0.901442,-0.402871
2024-01-01 00:00:20.280,-1.378686,0.085487,9.690011,-0.683143,-0.558147,-0.435527
2024-01-01 00:00:20.290,-1.637822,-0.250618,10.453723,-0.720509,-0.401948,-0.320204
2024-01-01 00:00:20.300,-1.194667,-0.579452,9.997776,-0.938643,-0.519216,-0.381663
2024-01-01 00:00:20.310,-1.827022,0.214373,10.864606,-0.649293,-0.693582,-0.33716
2024-01-01 00:00:20.320,-1.326372,0.104305,10.623186,-1.213235,-0.562673,-0.400787
2024-01-01 00:00:20.330,-1.320684,0.093648,10.084331,-0.551077,-1.273684,-0.639978
2024-01-01 00:00:20.340,-1.128704,0.194055,9.276454,-1.019412,-0.979953,-0.395235
2024-01-01 00:00:20.350,-0.533751,0.744893,10.351217,-1.04604,-1.076958,-0.390371
2024-01-01 00:00:20.360,-1.359816,0.729321,8.208942,-0.826942,-0.537412,-0.362854
2024-01-01 00:00:20.370,-1.670507,-0.085128,8.09691,-0.687687,-0.928617,-0.487025
2024-01-01 00:00:20.380,-1.494215,0.654959,8.631649,-0.75116,-0.60541,-0.575391
2024-01-01 00:00:20.390,-2.095032,0.32939,9.730604,-0.972788,-0.661749,-0.29987
2024-01-01 00:00:20.400,-1.707309,0.410482,8.198201,-0.907407,-0.985308,-0.431483
2024-01-01 00:00:20.410,-1.593442,-0.201018,8.03388,-1.056697,-0.885717,-0.361031
2024-01-01 00:00:20.420,-1.617409,0.300982,7.17445,-0.820958,-0.380189,-0.424613
2024-01-01 00:00:20.430,-1.362216,0.153139,8.329291,-0.486199,-0.857818,-0.378387
2024-01-01 00:00:20.440,-1.682755,0.689676,8.184483,-0.745016,-0.588918,-0.439368
2024-01-01 00:00:20.450,-0.979752,0.806171,7.956033,-0.51694,-0.768114,-0.511109
2024-01-01 00:00:20.460,-1.347117,-0.094662,7.049232,-0.354651,-0.599762,-0.288191
2024-01-01 00:00:20.470,-1.323434,0.563093,6.892116,-0.8511,-0.478377,-0.442516
2024-01-01 00:00:20.480,-1.405884,0.947397,6.468041,-0.735241,-0.605223,-0.319706
2024-01-01 00:00:20.490,-1.205745,0.595024,7.137422,-0.129235,-0.589749,-0.274447
2024-01-01 00:00:20.500,-0.938264,0.908926,6.423228,-0.29334,-0.216032,-0.415235
2024-01-01 00:00:20.510,-1.495628,0.833666,6.310617,-1.053905,-0.434965,-0.498485
2024-01-01 00:00:20.520,-1.38571,0.867794,6.68086,-0.51941,-0.361239,0.055814
2024-01-01 00:00:20.530,-1.223118,0.719695,6.615774,-0.595494,-0.327148,-0.376983
2024-01-01 00:00:20.540,-1.547582,0.470667,6.575248,-0.367535,-0.045099,-0.193561
2024-01-01 00:00:20.550,-1.321312,0.532438,7.129497,-0.738017,0.277224,0.015034
2024-01-01 00:00:20.560,-1.15769,1.113612,6.933725,-0.738442,0.484596,-0.145784
2024-01-01 00:00:20.570,-0.639881,0.937156,6.764431,-0.673507,-0.007519,-0.297311
2024-01-01 00:00:20.580,-0.807458,0.918833,7.071412,-0.622638,0.776455,-0.249895
2024-01-01 00:00:20.590,-0.783641,0.8608,6.488125,-0.250248,0.051138,-0.35193
2024-01-01 00:00:20.600,-0.504307,0.922458,7.168564,-0.723098,0.634764,-0.081644
2024-01-01 00:00:20.610,-0.799681,1.352564,7.284693,-0.556507,0.24276,-0.115486
2024-01-01 00:00:20.620,-0.563252,0.960783,6.479827,-0.820541,0.262137,-0.263808
2024-01-01 00:00:20.630,-0.683272,0.680257,7.971568,-0.093364,0.347387,-0.328898
2024-01-01 00:00:20.640,-0.500494,1.325213,7.068645,0.001293,0.570866,-0.356417
2024-01-01 00:00:20.650,-0.742642,1.058488,7.743862,-0.369062,0.775752,0.00433
2024-01-01 00:00:20.660,-1.336733,1.145466,8.485764,-0.332166,0.841097,-0.110783
2024-01-01 00:00:20.670,-0.473867,1.632656,8.515058,-0.114358,0.476328,-0.081584
2024-01-01 00:00:20.680,0.128033,1.156767,8.193873,0.171325,0.499189,-0.22209
2024-01-01 00:00:20.690,0.01176,1.260439,8.152078,-0.064469,0.547095,-0.302836
2024-01-01 00:00:20.700,0.083471,0.828936,9.05536,-0.310075,0.773255,0.076547
2024-01-01 00:00:20.710,0.23662,1.123808,9.093267,-0.509253,0.768428,-0.045968
2024-01-01 00:00:20.720,-0.106299,1.377818,8.574057,-0.352024,0.598207,0.099464
2024-01-01 00:00:20.730,-0.00936,0.731747,8.671765,-0.023519,0.912754,-0.078802
2024-01-01 00:00:20.740,-0.235568,1.260153,8.165578,-0.174173,1.415358,-0.040693
2024-01-01 00:00:20.750,-0.070954,1.229818,9.586909,0.0699,0.722632,0.117574
2024-01-01 00:00:20.760,0.31419,1.209787,9.652705,-0.085607,0.734266,0.136164
2024-01-01 00:00:20.770,0.578876,1.504513,10.517058,-0.180528,0.971169,0.161639
2024-01-01 00:00:20.780,0.167313,1.287811,10.28036,-0.178995,0.675006,0.013351
2024-01-01 00:00:20.790,0.11682,1.623174,11.003013,0.536928,0.960357,0.165352
2024-01-01 00:00:20.800,0.332412,0.87212,10.06637,0.399435,0.58697,0.254959
2024-01-01 00:00:20.810,0.599976,1.199604,11.249942,0.640392,1.193373,0.088165
2024-01-01 00:00:20.820,-0.059073,1.171,10.499321,0.373002,0.785715,0.041984
2024-01-01 00:00:20.830,-0.301356,0.80994,11.375364,0.160399,0.504358,0.335361
2024-01-01 00:00:20.840,0.364871,1.400909,10.29305,0.6282,0.467946,0.050516
2024-01-01 00:00:20.850,0.184697,1.792999,11.361677,0.318105,0.438611,0.257607
2024-01-01 00:00:20.860,0.487536,1.070374,10.266215,0.410083,0.858675,0.168673
2024-01-01 00:00:20.870,0.666069,1.205193,11.323986,0.372117,0.14353,-0.084824
2024-01-01 00:00:20.880,0.61045,1.055619,11.813201,-0.326546,0.236108,0.374379
2024-01-01 00:00:20.890,1.327552,0.791168,11.370924,0.838084,0.202554,-0.195228
2024-01-01 00:00:20.900,0.982381,0.432437,11.151986,0.585695,0.276797,-0.066147
2024-01-01 00:00:20.910,1.020673,0.738837,12.252734,0.570726,0.148952,0.323235
2024-01-01 00:00:20.920,1.179346,0.503412,11.773121,0.497395,-0.221412,0.33548
2024-01-01 00:00:20.930,0.607558,1.401233,11.588168,0.57747,-0.014832,0.17267
2024-01-01 00:00:20.940,1.412855,0.823092,11.892462,0.410235,-0.006564,0.301951
2024-01-01 00:00:20.950,1.064038,0.720142,13.31608,0.735774,-0.205615,-0.0889
2024-01-01 00:00:20.960,1.364922,1.05568,12.481359,0.276027,0.056491,0.407447
2024-01-01 00:00:20.970,0.79305,0.416201,12.452014,0.669557,0.048752,0.348979
2024-01-01 00:00:20.980,0.66052,0.485293,12.002673,0.782706,-0.265473,0.31431
2024-01-01 00:00:20.990,1.524865,0.69729,11.790378,0.610921,-0.251492,0.333421
2024-01-01 00:00:21.000,1.402695,0.945966,10.302218,0.770558,-0.910726,0.412908
2024-01-01 00:00:21.010,0.985611,0.74732,11.153928,0.446208,-0.534776,0.342686
2024-01-01 00:00:21.020,1.025306,0.629866,11.156982,0.467711,-0.234671,0.073475
2024-01-01 00:00:21.030,1.749889,0.536496,10.271321,0.782372,-0.645099,0.691046
2024-01-01 00:00:21.040,0.963889,0.590029,10.535167,0.905735,-0.773577,0.548169
2024-01-01 00:00:21.050,1.977175,0.486623,9.940351,0.279144,-0.066207,0.181189
2024-01-01 00:00:21.060,1.106904,0.072643,10.856509,0.88897,-0.223288,0.327462
2024-01-01 00:00:21.070,1.663236,0.350375,11.166339,0.632092,-0.599388,0.348541
2024-01-01 00:00:21.080,1.340228,-0.031161,11.15483,0.727929,-0.465339,0.549893
2024-01-01 00:00:21.090,1.679549,0.269214,10.59703,0.448285,-1.335685,0.067692
2024-01-01 00:00:21.100,1.288906,0.054259,9.655634,0.57608,-1.000393,0.319641
2024-01-01 00:00:21.110,1.430987,0.913524,8.934414,1.035112,-0.940318,0.132695
2024-01-01 00:00:21.120,1.508598,0.092762,8.838433,0.805163,-0.896046,0.355709
2024-01-01 00:00:21.130,1.147506,-0.363683,8.911736,0.703384,-0.968571,0.328664
2024-01-01 00:00:21.140,1.759233,-0.029896,8.924284,0.770848,-1.48738,0.411939
2024-01-01 00:00:21.150,1.319666,0.118919,9.128508,0.921925,-0.751887,0.30908
2024-01-01 00:00:21.160,1.416304,0.417931,8.462744,0.908158,-0.705741,0.286363
2024-01-01 00:00:21.170,1.142994,-0.307973,9.013302,0.776452,-0.429223,0.490553
2024-01-01 00:00:21.180,0.586591,-0.652722,8.508813,1.06439,-1.009675,0.463776
2024-01-01 00:00:21.190,1.406639,0.020478,8.456609,1.028482,-1.008001,0.475643
2024-01-01 00:00:21.200,2.305721,-0.684985,8.89789,0.882706,-1.433419,0.363146
2024-01-01 00:00:21.210,1.721458,-0.447464,7.448382,0.785304,-0.805045,0.300065
2024-01-01 00:00:21.220,1.423403,-0.439225,8.162442,0.927074,-0.47007,0.363544
2024-01-01 00:00:21.230,1.319214,-0.427588,7.768028,0.83122,-0.807674,0.451501
2024-01-01 00:00:21.240,1.397981,-0.244078,7.445738,1.006596,-0.074196,0.044181
2024-01-01 00:00:21.250,1.558348,-0.699349,7.98028,0.95388,-0.625749,0.423612
2024-01-01 00:00:21.260,0.92819,-0.619041,7.852714,0.46089,-0.472915,0.404097
2024-01-01 00:00:21.270,1.704026,-0.583035,6.736956,0.429316,-0.795341,0.359726
2024-01-01 00:00:21.280,1.534898,-0.574809,7.058703,0.509762,-0.324845,0.32014
2024-01-01 00:00:21.290,1.50439,-0.630314,7.228629,0.912315,-0.831106,-0.050778
2024-01-01 00:00:21.300,1.373059,-0.567812,6.853114,0.256372,-0.100393,0.259247
2024-01-01 00:00:21.310,1.191135,-0.483329,7.269007,0.730299,-0.028554,0.584221
2024-01-01 00:00:21.320,1.382611,-0.655417,7.060896,0.702427,0.195618,0.307831
2024-01-01 00:00:21.330,1.315306,-0.672659,7.888418,0.881687,-0.332848,0.249419
2024-01-01 00:00:21.340,0.943601,-1.317675,6.028557,0.614426,0.029118,0.287207
2024-01-01 00:00:21.350,0.824444,-0.860906,6.808068,0.210973,0.196832,0.326604
2024-01-01 00:00:21.360,1.016954,-0.763731,6.396393,0.283523,0.233002,0.360504
2024-01-01 00:00:21.370,1.478039,-0.719102,7.264326,0.203638,-0.028097,0.215237
2024-01-01 00:00:21.380,0.455322,-1.174237,6.093734,0.339652,-0.345139,0.300807
2024-01-01 00:00:21.390,0.327124,-1.191493,7.239557,0.402679,0.402657,0.4757
2024-01-01 00:00:21.400,0.84887,-1.191719,6.782853,0.130615,0.338895,0.361925
2024-01-01 00:00:21.410,0.758233,-0.882693,6.819774,0.762557,0.294118,0.548491
2024-01-01 00:00:21.420,0.749163,-0.755962,6.535479,0.035876,0.682836,0.085083
2024-01-01 00:00:21.430,0.72088,-1.209221,7.195391,0.675457,0.533634,0.420894
2024-01-01 00:00:21.440,0.503394,-0.833766,8.179683,0.606432,0.264703,0.03647
2024-01-01 00:00:21.450,1.048084,-1.086567,7.712455,0.505446,0.157591,0.19347
2024-01-01 00:00:21.460,-0.089385,-1.176611,8.224823,0.077722,0.400195,0.235453
2024-01-01 00:00:21.470,0.124528,-1.216689,8.957681,0.30668,1.31844,0.033917
2024-01-01 00:00:21.480,0.32129,-0.941451,8.357955,-0.128714,0.934168,0.108509
2024-01-01 00:00:21.490,-0.275314,-1.078114,8.083484,0.387621,0.829243,0.216516
2024-01-01 00:00:21.500,0.180161,-0.50157,8.831816,0.110416,0.760442,-0.042085
2024-01-01 00:00:21.510,0.764759,-1.446679,8.464398,-0.0046,0.762781,0.299273
2024-01-01 00:00:21.520,0.131804,-1.040429,8.67902,-0.23954,1.130089,-0.174491
2024-01-01 00:00:21.530,0.146296,-1.357614,8.315767,-0.584416,0.724105,0.308434
2024-01-01 00:00:21.540,-0.434552,-1.460775,9.857758,-0.256166,0.994198,0.151934
2024-01-01 00:00:21.550,-0.268276,-1.202524,9.332757,0.250173,0.760807,-0.027472
2024-01-01 00:00:21.560,-0.242842,-1.155473,9.84087,-0.160188,1.325642,-0.09014
2024-01-01 00:00:21.570,-0.281525,-0.316787,9.364297,-0.133172,1.013653,-0.121474
2024-01-01 00:00:21.580,0.219714,-1.241194,10.36371,0.041829,1.121815,-0.081399
2024-01-01 00:00:21.590,-0.091851,-1.516877,9.89006,0.298328,0.641645,-0.083819
2024-01-01 00:00:21.600,-0.73379,-1.085967,10.410555,0.147369,1.024719,0.096343
2024-01-01 00:00:21.610,-0.315705,-1.778499,11.143733,-0.457474,0.649766,0.188103
2024-01-01 00:00:21.620,-0.284184,-1.170138,11.260277,-0.730209,0.718632,-0.092376
2024-01-01 00:00:21.630,-0.115377,-1.122416,10.968652,0.315541,1.058813,-0.264025
2024-01-01 00:00:21.640,-0.016311,-0.871768,10.15372,0.263515,0.344257,-0.233726
2024-01-01 00:00:21.650,-0.978971,-0.799265,12.906776,-0.28552,0.606911,-0.19378
2024-01-01 00:00:21.660,-0.960709,-1.221934,12.343768,-0.67864,0.613302,-0.335027
2024-01-01 00:00:21.670,-1.169232,-1.093899,11.891351,-0.148036,0.57838,-0.371262
2024-01-01 00:00:21.680,-0.862028,-1.254777,11.176786,-0.44306,0.277482,0.106537
2024-01-01 00:00:21.690,-0.666727,-1.337996,11.611972,-0.470886,0.851124,-0.175929
2024-01-01 00:00:21.700,-0.53293,-0.879696,11.444681,-0.244917,-0.056838,-0.359236
2024-01-01 00:00:21.710,-0.952262,-1.326319,12.493083,-0.410102,0.567299,-0.124357
2024-01-01 00:00:21.720,-1.083374,-1.038746,11.981688,-0.814548,0.440771,-0.435799
2024-01-01 00:00:21.730,-0.962553,-1.181608,11.430076,-0.622875,0.545804,-0.435247
2024-01-01 00:00:21.740,-1.350635,-0.685479,11.611061,-0.399157,-0.393335,-0.402679
2024-01-01 00:00:21.750,-0.368023,-0.275965,12.479742,-0.458763,-0.280369,-0.044986
2024-01-01 00:00:21.760,-1.701364,-1.171614,12.7208,-0.541794,0.243333,-0.341581
2024-01-01 00:00:21.770,-1.11158,-1.300577,12.64367,-0.393972,-0.6646,-0.67992
2024-01-01 00:00:21.780,-0.50371,-0.744516,12.166713,-0.736814,-0.661432,-0.141683
2024-01-01 00:00:21.790,-1.243446,-0.663623,11.543904,-0.619773,-0.444761,-0.378177
2024-01-01 00:00:21.800,-1.344261,-0.562981,9.81818,-1.52536,-0.335551,-0.618144
2024-01-01 00:00:21.810,-1.432795,-0.721746,11.668786,-0.809847,-0.043982,-0.39622
2024-01-01 00:00:21.820,-1.39874,-0.606402,11.395439,-0.521346,-0.544102,-0.27801
2024-01-01 00:00:21.830,-0.880949,-0.393471,11.351971,-0.823703,-0.702508,-0.302445
2024-01-01 00:00:21.840,-2.15933,-0.148327,11.17135,-0.855318,-0.521851,-0.099619
2024-01-01 00:00:21.850,-0.870061,-1.00299,10.268006,-1.010637,-0.527831,-0.503052
2024-01-01 00:00:21.860,-1.924552,-0.48253,11.14968,-0.509781,-0.576453,-0.373303
2024-01-01 00:00:21.870,-1.536688,-0.262502,11.027347,-0.632676,-0.768535,-0.489831
2024-01-01 00:00:21.880,-1.60855,-0.556328,10.883318,-0.571414,-1.245597,-0.620213
2024-01-01 00:00:21.890,-1.265015,0.284561,10.849999,-1.216091,-1.014325,-0.25944
2024-01-01 00:00:21.900,-2.040765,-0.378903,10.477012,-0.830204,-0.453082,-0.325555
2024-01-01 00:00:21.910,-1.327778,-0.153866,9.729867,-0.864448,-0.779603,-0.354658
2024-01-01 00:00:21.920,-0.786837,0.072349,9.723393,-0.867661,-0.920097,-0.33474
2024-01-01 00:00:21.930,-1.975946,-0.224676,9.61701,-0.953385,-0.567818,-0.50251
2024-01-01 00:00:21.940,-1.433603,-0.554022,9.429444,-0.886526,-1.132529,-0.550854
2024-01-01 00:00:21.950,-1.730533,-0.081406,9.722546,-0.58697,-0.903708,-0.394043
2024-01-01 00:00:21.960,-1.346295,0.40319,9.332078,-1.275736,-0.805049,-0.22458
2024-01-01 00:00:21.970,-1.482852,0.04031,9.927563,-0.350105,-0.936747,-0.156003
2024-01-01 00:00:21.980,-1.705962,-0.06575,9.809173,-0.669142,-0.783003,-0.275736
2024-01-01 00:00:21.990,-1.300278,0.512393,8.454813,-0.795134,-0.831899,-0.387899
2024-01-01 00:00:22.000,-0.826822,0.181605,6.122181,-0.551075,-1.106726,-0.348424
2024-01-01 00:00:22.010,-1.51021,0.1735,8.740987,-1.132769,-0.678744,-0.383166
2024-01-01 00:00:22.020,-1.17429,0.41659,7.600027,-0.926818,-1.018935,-0.534213
2024-01-01 00:00:22.030,-1.859452,0.647606,7.302052,-0.780566,-0.60392,-0.371451
2024-01-01 00:00:22.040,-1.719979,1.174878,7.379444,-0.397397,-0.256265,-0.569618
2024-01-01 00:00:22.050,-1.196156,0.751804,7.219637,-0.737757,-0.620813,-0.381678
2024-01-01 00:00:22.060,-0.816219,0.894073,7.680549,-0.599838,-0.790772,-0.11076
2024-01-01 00:00:22.070,-1.183286,0.435973,6.377181,-0.844862,-0.473907,-0.225305
2024-01-01 00:00:22.080,-1.387384,0.320732,6.54643,-0.55979,-0.59167,-0.479218
2024-01-01 00:00:22.090,-1.246144,0.686948,7.246048,-0.245168,-0.174188,-0.343103
2024-01-01 00:00:22.100,-1.649689,0.739119,7.332402,-0.397543,-0.29695,-0.448369
2024-01-01 00:00:22.110,-0.964737,0.421038,7.289857,-0.647733,0.231962,-0.323062
2024-01-01 00:00:22.120,-0.829948,0.728473,6.466448,-0.438469,0.160954,-0.147504
2024-01-01 00:00:22.130,-1.257679,0.936115,6.338897,-0.441992,-0.101573,-0.195235
2024-01-01 00:00:22.140,-1.222939,0.958431,6.591373,-0.437846,0.182482,0.090375
2024-01-01 00:00:22.150,-0.922704,1.034274,7.010529,-0.263751,-0.027869,-0.091998
2024-01-01 00:00:22.160,-1.124375,1.001582,7.719633,-0.242026,0.145353,-0.228473
2024-01-01 00:00:22.170,-0.948925,0.792079,5.815847,-0.525538,0.112081,-0.145302
2024-01-01 00:00:22.180,-0.143696,0.818435,6.874905,-0.308116,0.458374,-0.264659
2024-01-01 00:00:22.190,-0.916516,0.639836,6.332416,-0.538471,0.687674,-0.390474
2024-01-01 00:00:22.200,-0.905647,1.560321,6.240026,-0.64689,0.589713,-0.012194
2024-01-01 00:00:22.210,-0.955829,1.052701,7.777725,-0.456275,0.678742,-0.043102
2024-01-01 00:00:22.220,-0.416553,1.003362,7.655749,-0.380147,0.734444,-0.216697
2024-01-01 00:00:22.230,-0.68723,0.812672,7.726185,-0.74809,0.693805,-0.125257
2024-01-01 00:00:22.240,-0.796897,1.990807,8.120073,-0.088712,0.320029,0.034243
2024-01-01 00:00:22.250,-0.052091,0.80519,7.495066,-0.966257,1.075203,-0.01026
2024-01-01 00:00:22.260,0.03818,1.013865,7.676349,0.434074,1.142143,-0.34178
2024-01-01 00:00:22.270,-0.612251,1.280831,9.280865,0.161015,0.669367,-0.070685
2024-01-01 00:00:22.280,-0.998191,1.347911,8.115516,-0.2492,0.667447,-0.117119
2024-01-01 00:00:22.290,0.065463,1.465184,8.834807,-0.150799,0.940796,0.090372
2024-01-01 00:00:22.300,-0.468606,1.728218,8.619172,-0.046383,0.948086,0.093594
2024-01-01 00:00:22.310,0.10627,1.344075,7.788974,-0.238196,0.777562,0.152338
2024-01-01 00:00:22.320,-0.801185,0.879862,7.874323,-0.011391,0.528075,-0.197457
2024-01-01 00:00:22.330,0.259734,1.122176,8.876082,-0.064094,0.924329,-0.131664
2024-01-01 00:00:22.340,-0.417531,1.292339,9.972121,-0.020166,0.987828,0.168814
2024-01-01 00:00:22.350,0.321192,1.819326,10.021435,0.080258,1.028221,-0.0713
2024-01-01 00:00:22.360,0.129364,0.776527,10.285877,-0.262052,0.925637,-0.19505
2024-01-01 00:00:22.370,-0.150759,1.551797,9.432957,0.107556,0.756885,0.128721
2024-01-01 00:00:22.380,0.099124,1.238308,11.053505,0.169708,1.054403,-0.01766
2024-01-01 00:00:22.390,0.53989,1.427157,9.8181,0.192041,0.798608,0.348383
2024-01-01 00:00:22.400,0.39437,1.13486,10.643792,0.136606,0.637309,0.139709
2024-01-01 00:00:22.410,0.618925,0.900572,10.691823,0.505467,0.675099,0.13454
2024-01-01 00:00:22.420,1.162566,1.364619,10.764434,0.162687,0.246028,0.070163
2024-01-01 00:00:22.430,-0.020971,1.319976,11.749601,0.337639,0.594987,0.379029
2024-01-01 00:00:22.440,1.147423,1.397811,10.768688,0.634404,0.766713,0.208823
2024-01-01 00:00:22.450,0.671907,1.083034,10.546265,0.319027,0.629919,0.10816
2024-01-01 00:00:22.460,0.373807,0.886226,11.419702,0.420753,0.872132,0.064456
2024-01-01 00:00:22.470,0.274703,0.57603,11.296317,0.370737,0.370164,0.186396
2024-01-01 00:00:22.480,0.724905,1.265354,13.467995,0.731261,0.498976,0.064312
2024-01-01 00:00:22.490,1.163232,1.121004,12.062838,0.383918,0.514234,0.378506
2024-01-01 00:00:22.500,0.844266,0.676857,11.53156,0.794923,0.838706,-0.034209
2024-01-01 00:00:22.510,1.464688,0.776275,11.226978,0.473188,0.224558,0.228615
2024-01-01 00:00:22.520,0.473297,0.767621,10.809711,0.308446,-0.138474,0.353176
2024-01-01 00:00:22.530,1.020882,0.431148,11.300694,0.71657,0.268002,0.324681
2024-01-01 00:00:22.540,0.629089,0.597775,11.933013,0.493128,0.455551,0.177055
2024-01-01 00:00:22.550,1.235358,0.46866,12.64456,0.746105,-0.158351,0.394529
2024-01-01 00:00:22.560,1.457439,0.649541,12.45076,-0.070603,0.066206,0.172968
2024-01-01 00:00:22.570,1.036925,0.514951,11.918861,0.63287,0.097659,0.312427
2024-01-01 00:00:22.580,0.308044,0.210594,11.559125,0.535509,-0.019416,0.422981
2024-01-01 00:00:22.590,1.322588,1.266523,11.81405,0.402428,-0.304755,0.403558
2024-01-01 00:00:22.600,1.437308,0.995537,11.296054,0.54673,-0.571142,0.241264
2024-01-01 00:00:22.610,1.455456,0.345136,12.427798,0.557349,-0.474765,0.530012
2024-01-01 00:00:22.620,1.773942,0.618739,11.26694,0.703427,-0.394899,0.370716
2024-01-01 00:00:22.630,0.991935,0.619589,11.199402,0.387131,-0.334438,0.47593
2024-01-01 00:00:22.640,1.628147,0.808247,9.892443,0.82044,-0.526472,0.600051
2024-01-01 00:00:22.650,1.82856,0.161211,10.85712,1.094184,-0.749618,0.543943
2024-01-01 00:00:22.660,0.807601,0.689666,11.268254,0.832956,-0.556421,0.549381
2024-01-01 00:00:22.670,1.558691,0.152343,10.055604,0.973881,-0.51656,0.414719
2024-01-01 00:00:22.680,1.284814,-0.129855,10.056728,1.052988,-0.668458,0.508764
2024-01-01 00:00:22.690,1.444942,0.441913,10.725572,1.094976,-0.999455,0.424966
2024-01-01 00:00:22.700,1.605075,0.565321,9.291675,1.258675,-0.857908,0.214172
2024-01-01 00:00:22.710,1.320473,0.90761,10.495334,0.670401,-0.592712,0.443012
2024-01-01 00:00:22.720,1.259807,-0.275739,9.427201,0.618408,-1.187389,0.437469
2024-01-01 00:00:22.730,1.511241,0.246665,9.310336,0.995486,-1.371679,0.487369
2024-01-01 00:00:22.740,1.119409,-0.133198,8.709129,0.977037,-0.472855,0.380786
2024-01-01 00:00:22.750,1.118239,0.177519,9.338666,0.993,-0.718245,0.285322
2024-01-01 00:00:22.760,1.732068,-0.545777,10.288631,1.269274,-0.685393,0.496953
2024-01-01 00:00:22.770,1.085902,-0.53044,9.173179,0.796432,-1.092069,0.199804
2024-01-01 00:00:22.780,1.712576,-0.431116,8.079537,0.895534,-0.61917,0.613321
2024-01-01 00:00:22.790,1.630366,-0.221102,8.996076,0.538081,-0.710446,0.356876
2024-01-01 00:00:22.800,0.851242,-0.483173,8.020092,1.309977,-1.146215,0.424902
2024-01-01 00:00:22.810,1.202686,-0.138739,8.780302,0.683775,-0.360288,0.467739
2024-01-01 00:00:22.820,1.8401,-0.073471,8.306419,0.681432,-0.638473,0.467846
2024-01-01 00:00:22.830,1.058876,-0.24616,6.091774,0.661197,-0.734745,0.162595
2024-01-01 00:00:22.840,1.217691,0.01577,7.016301,0.5749,-0.683862,0.491675
2024-01-01 00:00:22.850,1.517762,-0.388222,7.957166,0.540862,-1.043156,0.407084
2024-01-01 00:00:22.860,1.603933,-0.920348,7.402354,0.578272,-0.337659,0.25931
2024-01-01 00:00:22.870,1.213353,-0.187715,6.649779,0.352626,-0.364159,0.234588
2024-01-01 00:00:22.880,1.06189,-0.818797,6.771645,0.481547,-0.41911,0.28883
2024-01-01 00:00:22.890,1.736504,-0.40366,5.992911,1.147867,0.010361,0.135502
2024-01-01 00:00:22.900,1.813025,-0.243151,6.928394,0.826266,-0.591977,0.579516
2024-01-01 00:00:22.910,1.510879,-0.615642,8.143371,0.854558,-0.330433,0.534464
2024-01-01 00:00:22.920,1.160198,-1.237706,7.335838,0.897148,-0.327846,0.369178
2024-01-01 00:00:22.930,0.807748,-1.099309,8.078841,1.040209,-0.118431,0.257328
2024-01-01 00:00:22.940,0.7586,-0.460731,7.35589,0.116747,0.035048,0.250235
2024-01-01 00:00:22.950,1.189123,-0.940672,7.44764,0.229192,0.192485,0.382041
2024-01-01 00:00:22.960,1.108109,-0.897063,7.995643,0.31196,0.064512,0.520119
2024-01-01 00:00:22.970,1.406166,-0.722861,7.160019,0.370891,-0.002748,0.158602
2024-01-01 00:00:22.980,1.095781,-0.76971,6.90716,0.387857,0.702086,0.063862
2024-01-01 00:00:22.990,0.293216,-0.921549,7.650336,0.325212,0.945749,0.450625
2024-01-01 00:00:23.000,1.137376,-1.092813,7.968407,0.465064,0.438789,-0.062952
2024-01-01 00:00:23.010,0.368582,-1.147439,7.00488,0.391705,0.271403,0.040161
2024-01-01 00:00:23.020,0.531108,-0.818061,6.985089,0.174224,0.884237,0.140437
2024-01-01 00:00:23.030,0.699631,-0.929486,7.583738,-0.217454,0.205265,-0.070849
2024-01-01 00:00:23.040,1.256159,-1.191173,8.101654,0.04921,0.531327,0.315536
2024-01-01 00:00:23.050,1.590897,-0.806049,8.230939,0.130651,0.485245,0.262516
2024-01-01 00:00:23.060,0.65875,-1.18434,7.166138,0.176308,0.409557,0.03282
2024-01-01 00:00:23.070,0.325557,-1.414299,9.167062,-0.07459,0.665265,0.295856
2024-01-01 00:00:23.080,0.519427,-1.397865,7.937061,0.054552,0.550501,0.306021
2024-01-01 00:00:23.090,0.585189,-1.473356,8.324636,-0.136342,0.796228,0.056227
2024-01-01 00:00:23.100,0.10401,-1.269188,8.160259,0.083875,0.821464,-0.009935
2024-01-01 00:00:23.110,0.785966,-0.823237,10.331518,-0.184197,0.675891,0.380978
2024-01-01 00:00:23.120,0.179321,-1.438923,9.174534,-0.159535,0.749997,0.13452
2024-01-01 00:00:23.130,0.214007,-1.143035,8.769354,-0.305946,0.791091,0.049061
2024-01-01 00:00:23.140,0.21381,-1.396908,9.909366,-0.048649,1.052181,0.199395
2024-01-01 00:00:23.150,0.069261,-1.276457,10.053651,-0.258369,0.808261,0.024411
2024-01-01 00:00:23.160,0.156425,-1.647982,9.72218,0.153521,1.041952,-0.112431
2024-01-01 00:00:23.170,-0.41194,-1.255884,10.479744,-0.003018,0.967457,-0.040216
2024-01-01 00:00:23.180,-0.4497,-1.240742,9.751466,-0.153086,0.944024,0.087986
2024-01-01 00:00:23.190,-0.697347,-1.011618,10.11706,-0.365928,1.123275,-0.382106
2024-01-01 00:00:23.200,-0.215982,-1.095975,9.459023,-0.102101,0.466824,-0.14182
2024-01-01 00:00:23.210,-0.154121,-1.509929,10.00554,-0.054924,0.594107,0.093659
2024-01-01 00:00:23.220,-0.322808,-0.81082,11.888527,-0.221943,1.114541,-0.205588
2024-01-01 00:00:23.230,0.047513,-1.056896,11.948283,0.113694,0.566525,0.088301
2024-01-01 00:00:23.240,-0.595214,-1.042639,11.222462,-0.201493,-0.1197,0.05401
2024-01-01 00:00:23.250,-0.412971,-1.085374,12.230413,-0.116681,0.482945,-0.182371
2024-01-01 00:00:23.260,-1.081899,-1.21673,11.345219,-0.339837,0.51372,-0.271895
2024-01-01 00:00:23.270,-0.886977,-0.9732,11.404054,-0.23188,-0.230971,-0.243502
2024-01-01 00:00:23.280,-0.558577,-0.871392,11.660241,-0.626936,0.69749,0.185822
2024-01-01 00:00:23.290,-0.554108,-1.512092,11.637679,-0.568623,0.124019,0.054152
2024-01-01 00:00:23.300,-1.002142,-1.122076,11.65077,-0.392261,0.321155,-0.220992
2024-01-01 00:00:23.310,-0.970879,-1.007866,12.445867,-0.418912,0.117604,-0.343442
2024-01-01 00:00:23.320,-1.522174,-0.824022,11.932273,-0.401587,-0.213982,-0.246689
2024-01-01 00:00:23.330,-1.159441,-0.510973,12.258892,-0.276625,-0.226186,-0.239288
2024-01-01 00:00:23.340,-0.764806,-1.067236,12.436136,-0.930344,-0.259251,-0.473555
2024-01-01 00:00:23.350,-0.915408,-0.950553,12.068738,-0.839203,0.179175,-0.285789
2024-01-01 00:00:23.360,-0.980056,-0.919134,11.292539,-0.558761,-0.195319,-0.109716
2024-01-01 00:00:23.370,-1.174636,-0.968854,11.037838,-0.816854,-0.35411,-0.587785
2024-01-01 00:00:23.380,-1.224504,-0.794445,11.804519,0.190055,-0.521119,-0.203206
2024-01-01 00:00:23.390,-1.491106,-0.419871,11.554689,-0.543067,-0.05047,-0.129779
2024-01-01 00:00:23.400,-1.046467,-0.927076,11.609009,-0.708146,-0.043331,-0.428365
2024-01-01 00:00:23.410,-1.172779,-0.441447,11.450595,-0.832931,-0.170532,-0.097905
2024-01-01 00:00:23.420,-1.174928,-1.038345,12.76592,-0.838512,-0.398052,-0.462786
2024-01-01 00:00:23.430,-1.556174,-0.653341,10.486616,-0.724231,-0.499916,-0.299721
2024-01-01 00:00:23.440,-2.148531,-0.540199,9.985599,-0.715931,-0.924022,-0.417979
2024-01-01 00:00:23.450,-1.031495,0.105377,11.114104,-0.869107,-0.725313,-0.423516
2024-01-01 00:00:23.460,-1.601534,-0.434634,10.565814,-0.833057,-0.874529,-0.474979
2024-01-01 00:00:23.470,-1.752132,-0.967133,10.779537,-0.437348,-1.195285,-0.281923
2024-01-01 00:00:23.480,-1.221414,-0.860518,10.752028,-0.434744,-0.50541,-0.263114
2024-01-01 00:00:23.490,-1.613037,-0.20433,10.955766,-0.724102,-0.96962,-0.403219
2024-01-01 00:00:23.500,-1.114268,0.016238,9.233699,-1.127446,-0.517737,-0.600061
2024-01-01 00:00:23.510,-1.276405,-0.00835,9.565348,-0.661298,-0.612283,-0.337486
2024-01-01 00:00:23.520,-1.257904,-0.023622,9.913123,-0.409911,-0.704374,-0.335939
2024-01-01 00:00:23.530,-1.977714,0.321993,9.904915,-0.457357,-0.695938,-0.432408
2024-01-01 00:00:23.540,-1.075599,-0.141313,10.490725,-0.616276,-1.003329,-0.119857
2024-01-01 00:00:23.550,-1.406167,0.336255,9.613663,-0.443117,-0.380114,-0.633951
2024-01-01 00:00:23.560,-1.622356,-0.37471,8.862238,-0.782979,-0.823634,-0.730755
2024-01-01 00:00:23.570,-1.436112,-0.109655,8.212132,-0.635666,-0.7436,-0.505971
2024-01-01 00:00:23.580,-2.098864,-0.3336,8.204054,-0.958024,-0.960941,-0.287351
2024-01-01 00:00:23.590,-1.322748,0.172419,8.006273,-0.708681,-1.006102,-0.54925
2024-01-01 00:00:23.600,-1.812378,0.28696,8.516917,-0.442069,-0.623832,-0.534372
2024-01-01 00:00:23.610,-1.909603,0.380567,8.129688,-0.913312,-0.654015,-0.240325
2024-01-01 00:00:23.620,-1.950838,0.409863,7.100698,-0.971634,-0.866578,-0.308754
2024-01-01 00:00:23.630,-1.008217,0.157388,7.438881,-0.721045,-0.985544,-0.31615
2024-01-01 00:00:23.640,-1.595378,0.422261,8.021683,-0.790072,-0.896236,-0.249489
2024-01-01 00:00:23.650,-0.813678,0.073036,7.604202,-0.557971,-0.228951,-0.423908
2024-01-01 00:00:23.660,-1.511266,0.973365,7.607444,-0.819307,-0.627255,-0.409844
2024-01-01 00:00:23.670,-1.892511,0.514561,7.402063,-0.261023,-0.501688,-0.223849
2024-01-01 00:00:23.680,-1.654913,0.499295,7.996264,-0.996621,0.005191,-0.538834
2024-01-01 00:00:23.690,-0.798828,1.161955,7.155883,-0.343293,-0.576151,-0.649771
2024-01-01 00:00:23.700,-1.25125,0.350848,6.75261,-0.829445,-0.413748,-0.384109
2024-01-01 00:00:23.710,-1.352055,0.422973,6.415029,-1.067745,-0.359138,-0.169744
2024-01-01 00:00:23.720,-1.065818,0.46773,7.024947,-0.538838,0.303658,-0.260819
2024-01-01 00:00:23.730,-0.906131,0.810948,5.529631,-0.640588,0.464199,-0.159874
2024-01-01 00:00:23.740,-0.648919,0.994223,6.7705,-0.832074,0.220668,-0.57978
2024-01-01 00:00:23.750,-0.489676,1.11872,6.773975,-0.951891,0.295344,-0.218449
2024-01-01 00:00:23.760,-1.077665,1.699108,6.167446,-0.509688,0.020513,-0.155719
2024-01-01 00:00:23.770,-1.369483,0.281935,6.453278,-0.238903,0.717512,-0.444051
2024-01-01 00:00:23.780,-1.002296,1.167157,7.469972,-0.31114,0.361251,-0.09938
2024-01-01 00:00:23.790,-0.717373,0.843643,7.226926,-0.417008,0.569427,-0.23232
2024-01-01 00:00:23.800,-1.09542,0.859535,7.245464,-0.284611,0.389384,0.258539
2024-01-01 00:00:23.810,-1.041566,0.872601,7.460934,-0.383637,0.405795,-0.515002
2024-01-01 00:00:23.820,-0.533601,0.807334,7.459231,-0.706192,0.94267,0.030987
2024-01-01 00:00:23.830,-0.617304,1.605079,8.219863,-0.67537,0.712681,-0.219197
2024-01-01 00:00:23.840,-0.534215,1.370464,7.743545,-0.341829,0.987853,-0.388091
2024-01-01 00:00:23.850,-0.75574,1.141053,7.023515,-0.301639,0.732226,-0.209781
2024-01-01 00:00:23.860,-0.514719,1.55396,8.881552,-0.018763,0.495543,-0.074133
2024-01-01 00:00:23.870,-0.7007,0.707677,8.356701,-0.011857,0.596653,0.055028
2024-01-01 00:00:23.880,-0.008204,0.773203,8.004502,-0.019263,0.798482,0.173022
2024-01-01 00:00:23.890,0.100505,0.528187,7.821254,-0.209715,0.641577,0.143462
2024-01-01 00:00:23.900,-0.849651,0.979083,8.915739,-0.453688,0.54185,-0.19907
2024-01-01 00:00:23.910,-0.470151,1.242904,8.825069,0.025779,1.134508,0.130905
2024-01-01 00:00:23.920,-0.609721,1.228887,9.949799,0.08546,0.708203,0.035777
2024-01-01 00:00:23.930,-0.254424,1.244609,9.090048,-0.611488,0.884001,-0.105368
2024-01-01 00:00:23.940,0.002943,0.776407,9.016572,-0.19144,0.923253,-0.023214
2024-01-01 00:00:23.950,-0.416217,1.438728,10.165989,-0.124146,0.696683,-0.082167
2024-01-01 00:00:23.960,-0.172621,1.265871,10.376497,0.109603,1.195693,0.045572
2024-01-01 00:00:23.970,-0.142717,1.408248,10.151555,-0.08955,0.537816,-0.053804
2024-01-01 00:00:23.980,0.339526,0.61301,10.617729,0.132857,0.86155,-0.083004
2024-01-01 00:00:23.990,0.349154,1.264963,10.406511,0.120637,0.831781,0.158503
2024-01-01 00:00:24.000,0.129673,0.804046,10.730818,0.164096,0.726021,0.196251
2024-01-01 00:00:24.010,0.500972,1.02824,11.410251,0.05508,0.380104,0.08895
2024-01-01 00:00:24.020,0.303871,1.293028,11.27207,0.104365,0.882418,0.337203
2024-01-01 00:00:24.030,0.455485,1.143573,10.984024,0.023568,0.806852,0.107753
2024-01-01 00:00:24.040,1.190775,0.842578,11.959322,0.417719,0.404494,0.115935
2024-01-01 00:00:24.050,1.127793,1.080015,10.041808,0.494046,0.699115,0.274708
2024-01-01 00:00:24.060,0.256321,0.597094,12.585848,0.186639,0.56159,0.169783
2024-01-01 00:00:24.070,1.053022,1.378418,10.620721,0.786888,0.09043,0.216084
2024-01-01 00:00:24.080,1.096862,0.946934,11.302317,0.354882,0.137274,-0.1613
2024-01-01 00:00:24.090,0.459979,1.317702,11.698818,0.842211,0.573327,0.232338
2024-01-01 00:00:24.100,1.196105,0.796273,11.700286,0.324553,0.30232,-0.031537
2024-01-01 00:00:24.110,1.494061,0.767775,12.378959,0.003107,0.018706,0.071733
2024-01-01 00:00:24.120,0.607664,0.664774,11.272984,0.634179,-0.121013,0.066516
2024-01-01 00:00:24.130,0.722647,1.124678,12.012174,0.618815,-0.101998,0.121952
2024-01-01 00:00:24.140,1.441555,0.615456,11.549204,0.587464,-0.151191,0.207105
2024-01-01 00:00:24.150,1.220315,0.98684,12.012535,0.439597,-0.318236,0.227104
2024-01-01 00:00:24.160,1.356481,0.642671,11.782196,0.611871,-0.608198,0.409898
2024-01-01 00:00:24.170,1.31904,0.127389,11.821373,0.512096,0.047305,0.353314
2024-01-01 00:00:24.180,1.371086,0.510738,11.405359,0.582729,-0.058507,0.043997
2024-01-01 00:00:24.190,0.802673,0.288697,11.350349,0.886108,-0.68108,0.350344
2024-01-01 00:00:24.200,1.66413,0.612202,11.697935,0.738091,-0.38804,0.393757
2024-01-01 00:00:24.210,1.735545,0.203577,11.954579,0.859788,-0.704412,0.304365
2024-01-01 00:00:24.220,1.272465,0.79629,10.989277,0.663501,-0.598011,0.351601
2024-01-01 00:00:24.230,1.362001,0.44817,10.711226,0.649012,-0.669276,0.395805
2024-01-01 00:00:24.240,0.863661,0.378472,11.385892,0.458055,-0.736893,0.487903
2024-01-01 00:00:24.250,1.599699,0.584107,10.879647,0.664669,-0.172143,0.142357
2024-01-01 00:00:24.260,1.63789,0.631499,11.193865,-0.063521,-0.821735,0.346731
2024-01-01 00:00:24.270,1.431634,0.290754,10.069995,0.627592,-0.948082,0.613824
2024-01-01 00:00:24.280,1.860402,0.019421,9.413156,0.761867,-0.966399,0.603667
2024-01-01 00:00:24.290,1.361155,-0.327802,9.916025,0.929229,-0.539738,0.521796
2024-01-01 00:00:24.300,1.684606,-0.048135,9.599811,0.725894,-1.233673,0.477055
2024-01-01 00:00:24.310,1.136718,-0.074436,9.786061,0.883505,-1.026182,0.646489
2024-01-01 00:00:24.320,1.489648,0.09572,9.284372,0.253928,-0.483519,0.687115
2024-01-01 00:00:24.330,1.438836,-0.087165,9.845799,0.785716,-0.788687,0.380601
2024-01-01 00:00:24.340,1.578361,0.17551,9.082935,0.37986,-0.800894,0.254453
2024-01-01 00:00:24.350,1.367488,-0.261966,9.128155,0.496229,-0.309768,0.358609
2024-01-01 00:00:24.360,1.445805,-0.142263,8.938081,0.748846,-0.769922,0.862323
2024-01-01 00:00:24.370,1.773622,0.18316,8.767811,1.110802,-0.992106,0.160465
2024-01-01 00:00:24.380,1.322021,-0.116108,8.460915,0.879409,-0.864076,0.322723
2024-01-01 00:00:24.390,0.900683,-0.282947,8.574171,0.784817,-1.050994,0.178226
2024-01-01 00:00:24.400,2.061169,-0.491389,7.681558,0.767818,-0.421974,0.405065
2024-01-01 00:00:24.410,1.915906,-0.546162,8.722431,0.585538,-0.556578,0.201569
2024-01-01 00:00:24.420,0.961466,-0.656212,7.665023,0.618009,-0.379035,0.36069
2024-01-01 00:00:24.430,1.634326,-0.607544,6.925898,0.849739,-0.31272,0.078933
2024-01-01 00:00:24.440,1.193898,-0.262065,7.6135,0.384294,-0.671528,0.45796
2024-01-01 00:00:24.450,1.437046,-0.598097,6.916251,0.865504,-0.752652,0.541972
2024-01-01 00:00:24.460,1.420605,-0.978404,7.636983,0.605607,-0.474678,0.293776
2024-01-01 00:00:24.470,1.206343,-0.084074,8.385993,0.893528,-0.622365,0.3233
2024-01-01 00:00:24.480,0.982829,-0.558635,6.651389,0.910751,-0.302854,0.310728
2024-01-01 00:00:24.490,0.982269,-1.115792,7.194274,0.234507,0.001145,0.353526
2024-01-01 00:00:24.500,0.868206,-0.864273,5.988027,0.488671,-0.259952,0.311307
2024-01-01 00:00:24.510,0.860807,-0.735327,7.160269,0.400489,-0.115106,0.422403
2024-01-01 00:00:24.520,1.089718,-0.292899,6.39579,0.140541,-0.109807,0.481817
2024-01-01 00:00:24.530,0.822274,-1.171146,6.527002,0.314021,0.18113,0.163967
2024-01-01 00:00:24.540,1.269404,-0.579036,6.268177,1.160013,-0.119582,0.22845
2024-01-01 00:00:24.550,1.50752,-0.483787,7.295264,0.678769,-0.435127,0.398439
2024-01-01 00:00:24.560,0.738734,-1.122612,7.480652,0.98159,0.297617,0.037884
2024-01-01 00:00:24.570,0.978852,-1.046205,6.988697,0.68464,0.491658,-0.056925
2024-01-01 00:00:24.580,1.021871,-1.301286,6.564443,0.266262,0.419576,0.259809
2024-01-01 00:00:24.590,0.962789,-1.077339,7.992602,0.329938,0.209298,0.287142
2024-01-01 00:00:24.600,0.773543,-1.051608,6.798083,0.545487,0.144687,0.090844
2024-01-01 00:00:24.610,0.95511,-0.865454,6.127521,0.480135,0.608492,0.098581
2024-01-01 00:00:24.620,0.811094,-0.757363,7.687312,0.198228,0.57366,0.057253
2024-01-01 00:00:24.630,0.155264,-1.328235,6.958124,-0.063661,0.556927,0.02688
2024-01-01 00:00:24.640,0.837877,-1.711681,8.251223,1.106565,1.090429,0.246337
2024-01-01 00:00:24.650,0.788623,-1.143794,7.649906,0.219684,0.440616,-0.049589
2024-01-01 00:00:24.660,0.15458,-1.063534,8.352981,0.143488,1.159379,0.072633
2024-01-01 00:00:24.670,0.378012,-1.089159,8.961534,0.222858,0.757434,-0.038538
2024-01-01 00:00:24.680,0.546338,-1.272571,7.702917,0.103143,0.319817,-0.136381
2024-01-01 00:00:24.690,0.175876,-1.145907,8.239817,0.163555,0.758303,0.196963
2024-01-01 00:00:24.700,0.566254,-0.735628,8.697833,0.42345,1.062394,-0.027117
2024-01-01 00:00:24.710,0.959348,-1.080825,9.777384,0.039259,0.745573,0.063464
2024-01-01 00:00:24.720,-0.202026,-1.310586,8.764616,-0.251708,0.477271,-0.206726
2024-01-01 00:00:24.730,-0.469334,-1.350007,8.996253,-0.032927,0.808723,-0.107549
2024-01-01 00:00:24.740,0.061309,-1.250415,9.783001,-0.140115,0.634175,0.101406
2024-01-01 00:00:24.750,0.14853,-0.706089,9.398411,0.300499,0.964779,0.360353
2024-01-01 00:00:24.760,-0.243648,-1.247898,9.993495,0.205929,1.023314,-0.339858
2024-01-01 00:00:24.770,0.287222,-1.192793,9.246635,-0.091209,0.54889,-0.089211
2024-01-01 00:00:24.780,-0.748164,-1.323655,11.503711,-0.468832,0.614461,-0.012732
2024-01-01 00:00:24.790,-0.094929,-0.839545,9.724761,-0.486447,0.953123,-0.182402
2024-01-01 00:00:24.800,-0.606777,-0.569755,10.462415,-0.20674,0.517567,0.022168
2024-01-01 00:00:24.810,0.150393,-1.009193,10.787023,-0.15666,0.425514,-0.25038
2024-01-01 00:00:24.820,0.190028,-1.104442,12.013479,-0.364244,0.360842,-0.112217
2024-01-01 00:00:24.830,-0.83086,-1.101385,10.379583,-0.420058,0.698922,-0.228319
2024-01-01 00:00:24.840,-0.80918,-1.809134,12.335258,-0.477178,0.639812,0.018425
2024-01-01 00:00:24.850,-0.369328,-0.850022,11.785022,-0.36328,0.339634,-0.28017
2024-01-01 00:00:24.860,-0.857989,-1.011379,11.709942,-0.98102,0.456874,-0.245446
2024-01-01 00:00:24.870,-0.789576,-0.899557,11.037872,-0.687962,0.77952,-0.064462
2024-01-01 00:00:24.880,-0.814786,-1.216335,11.978733,-0.596055,0.093889,-0.373852
2024-01-01 00:00:24.890,-1.544271,-1.091516,11.337648,-0.163396,-0.212955,-0.222324
2024-01-01 00:00:24.900,-0.924589,-1.071255,12.488525,-0.693984,0.324621,-0.518646
2024-01-01 00:00:24.910,-1.207085,-0.611759,11.29906,-0.469912,0.117816,-0.420705
2024-01-01 00:00:24.920,-1.18271,-1.000749,11.79692,-0.482093,-0.098427,-0.212045
2024-01-01 00:00:24.930,-0.547717,-0.229823,11.56434,-0.237115,0.175272,-0.429402
2024-01-01 00:00:24.940,-1.534005,-0.691538,11.32169,-0.267943,0.155155,-0.37348
2024-01-01 00:00:24.950,-0.849148,-1.168404,12.252174,-0.619053,-0.673285,-0.228376
2024-01-01 00:00:24.960,-1.269191,-0.787947,12.103233,-0.7437,-0.350178,-0.399292
2024-01-01 00:00:24.970,-1.305438,-0.907408,12.42285,-0.80997,0.327696,-0.19858
2024-01-01 00:00:24.980,-0.964988,-1.331639,10.713325,-0.722462,-0.168925,-0.298749
2024-01-01 00:00:24.990,-1.154771,-0.153858,12.197515,-0.787863,-0.206892,-0.274325
2024-01-01 00:00:25.000,-1.104271,-0.382149,12.896284,-0.557052,-0.141506,-0.161585
2024-01-01 00:00:25.010,-0.993295,-0.391603,11.162633,-0.605408,-0.486579,-0.307269
2024-01-01 00:00:25.020,-1.474227,-0.459562,12.333463,-0.57646,-0.34475,-0.131378
2024-01-01 00:00:25.030,-1.596555,-0.880617,11.01458,-0.422391,-0.414107,-0.231917
2024-01-01 00:00:25.040,-1.783936,-0.567202,10.261587,-0.283154,-0.504885,-0.452953
2024-01-01 00:00:25.050,-1.71271,-0.125034,10.695203,-0.728203,-0.762205,-0.185712
2024-01-01 00:00:25.060,-0.409109,-0.647801,11.277444,-0.493823,-0.676519,-0.344765
2024-01-01 00:00:25.070,-1.020896,-1.046316,10.069316,-0.864733,-0.899995,-0.447611
2024-01-01 00:00:25.080,-1.942393,-0.308823,10.022314,-0.487491,-0.778404,-0.350113
2024-01-01 00:00:25.090,-1.943082,-0.236752,10.495045,-0.524075,-1.097588,-0.227877
2024-01-01 00:00:25.100,-1.319979,-0.106787,9.981428,-0.541833,-1.021987,-0.328712
2024-01-01 00:00:25.110,-1.303192,0.118096,10.108654,-0.773674,-0.908664,-0.125237
2024-01-01 00:00:25.120,-1.30641,0.137975,9.722699,-0.9663,-1.082572,-0.236626
2024-01-01 00:00:25.130,-1.589215,0.071559,9.659092,-1.148622,-0.976211,-0.321521
2024-01-01 00:00:25.140,-1.543026,0.399832,8.960781,-0.809538,-0.88898,-0.553675
2024-01-01 00:00:25.150,-1.381171,-0.367337,9.13031,-0.414575,-0.740219,-0.425874
2024-01-01 00:00:25.160,-1.460359,0.286772,8.29939,-0.872353,-0.591043,-0.386696
2024-01-01 00:00:25.170,-2.259358,0.370193,9.328147,-0.59444,-0.926742,-0.290866
2024-01-01 00:00:25.180,-1.552916,-0.143086,8.085372,-0.574338,-0.454432,-0.297063
2024-01-01 00:00:25.190,-1.758079,-0.175882,8.875605,-0.849635,-0.526081,-0.363925
2024-01-01 00:00:25.200,-1.3841,0.096967,7.953684,-0.441806,-0.60252,-0.367394
2024-01-01 00:00:25.210,-0.383679,0.167561,8.02868,-1.489042,-0.653425,-0.27287
2024-01-01 00:00:25.220,-1.280782,0.636754,7.489766,-1.057368,-0.571062,-0.504628
2024-01-01 00:00:25.230,-1.497832,0.270436,7.057584,-0.969226,-0.30905,-0.115832
2024-01-01 00:00:25.240,-1.04201,0.241257,6.522018,-0.932737,-0.251133,-0.670979
2024-01-01 00:00:25.250,-1.170128,0.357262,6.77817,-0.630104,-0.171053,-0.138773
2024-01-01 00:00:25.260,-1.164387,0.918095,7.069878,-0.626915,-0.439091,-0.35649
2024-01-01 00:00:25.270,-1.069342,0.627269,7.267146,-0.585097,-0.252527,-0.19141
2024-01-01 00:00:25.280,-0.530281,0.609464,7.622664,-0.517684,0.005196,-0.278776
2024-01-01 00:00:25.290,-1.612276,0.669093,6.752408,-0.886307,-0.42399,-0.272486
2024-01-01 00:00:25.300,-1.015202,1.127479,6.457823,-0.934396,-0.283375,-0.231788
2024-01-01 00:00:25.310,-1.467883,0.551729,6.10978,-0.510866,-0.134208,-0.183615
2024-01-01 00:00:25.320,-0.910124,1.206549,7.142972,-0.746653,0.153093,-0.343872
2024-01-01 00:00:25.330,-1.385285,0.909202,7.630799,-0.959949,0.223842,-0.128445
2024-01-01 00:00:25.340,-1.167365,0.830773,7.573127,-0.30185,0.00422,-0.435014
2024-01-01 00:00:25.350,-1.080527,1.660652,7.289168,-0.172422,-0.248714,-0.261398
2024-01-01 00:00:25.360,-0.590153,0.623761,7.287283,-0.10761,0.25569,-0.123055
2024-01-01 00:00:25.370,-0.563229,0.862961,7.922245,-0.425082,0.029068,-0.086664
2024-01-01 00:00:25.380,-1.272317,0.626448,7.238427,-0.289552,-0.050937,-0.153899
2024-01-01 00:00:25.390,-0.767419,1.307482,7.49273,-0.077078,0.066485,-0.268781
2024-01-01 00:00:25.400,-0.984111,1.552483,7.056344,-0.552758,0.522583,-0.061696
2024-01-01 00:00:25.410,-1.124205,1.569064,6.592317,-0.086986,0.837049,-0.282733
2024-01-01 00:00:25.420,-0.706595,1.455977,7.086564,-0.267492,0.559235,0.094541
2024-01-01 00:00:25.430,-0.684541,1.048523,7.590708,-0.079077,0.651672,-0.166453
2024-01-01 00:00:25.440,0.32774,1.015537,7.77324,-0.231669,0.940154,-0.37004
2024-01-01 00:00:25.450,-0.314305,0.639313,8.953434,0.075616,0.299925,-0.303427
2024-01-01 00:00:25.460,-0.891515,1.765213,8.101998,-0.162439,0.853438,-0.102613
2024-01-01 00:00:25.470,-0.549894,1.307141,8.877115,-0.558847,0.753368,-0.072952
2024-01-01 00:00:25.480,0.062934,1.02905,8.16799,0.205888,0.925963,0.216902
2024-01-01 00:00:25.490,0.494534,1.583418,8.420359,-0.362974,0.686897,-0.21882
2024-01-01 00:00:25.500,-0.733019,0.899699,8.05015,0.218371,0.621597,-0.041527
2024-01-01 00:00:25.510,-0.777127,1.318195,8.565797,-0.086109,0.8744,-0.190687
2024-01-01 00:00:25.520,0.594641,1.147245,9.459345,0.261898,1.25956,-0.089951
2024-01-01 00:00:25.530,0.135218,1.391603,9.370335,0.28308,1.065227,0.25229
2024-01-01 00:00:25.540,-0.245998,1.180033,10.081487,0.138418,0.720543,-0.155009
2024-01-01 00:00:25.550,0.303986,0.761074,9.85806,0.189462,0.504438,0.119221
2024-01-01 00:00:25.560,-0.746865,1.214417,9.757612,0.199335,0.406173,0.105775
2024-01-01 00:00:25.570,0.235336,1.499948,11.322512,-0.378573,1.137599,0.058816
2024-01-01 00:00:25.580,0.407038,1.168231,10.274009,0.185476,0.546675,0.155862
2024-01-01 00:00:25.590,0.673487,1.399412,11.14409,-0.092353,0.67607,-0.080672
2024-01-01 00:00:25.600,0.052278,0.841292,10.455526,0.259939,1.055059,0.35702
2024-01-01 00:00:25.610,0.49365,1.133355,11.230124,-0.03845,0.284095,0.412369
2024-01-01 00:00:25.620,0.195561,0.938393,11.504795,-0.019193,1.019189,0.145588
2024-01-01 00:00:25.630,0.663838,1.332608,11.25353,0.707609,0.537259,0.516653
2024-01-01 00:00:25.640,0.315186,1.09901,9.977401,0.602592,0.264347,0.107761
2024-01-01 00:00:25.650,0.53885,1.275944,11.40412,0.36253,0.437059,0.241848
2024-01-01 00:00:25.660,0.385222,1.372938,12.180001,0.43753,0.262559,0.410452
2024-01-01 00:00:25.670,1.01259,1.23019,11.889305,0.356523,0.494978,0.140401
2024-01-01 00:00:25.680,1.134868,1.079135,11.926525,0.587488,0.161919,0.015277
2024-01-01 00:00:25.690,0.800717,0.670684,10.801869,0.301831,-0.216788,-0.006335
2024-01-01 00:00:25.700,0.943273,0.940756,11.405907,0.744376,0.141534,0.557095
2024-01-01 00:00:25.710,0.468497,0.751649,12.066374,0.456997,-0.208129,0.180781
2024-01-01 00:00:25.720,0.914718,0.776928,12.088496,0.438828,0.115609,0.244034
2024-01-01 00:00:25.730,1.044554,0.734994,12.538057,0.571895,-0.299133,0.116319
2024-01-01 00:00:25.740,2.020277,0.519269,11.782021,0.44048,-0.191219,0.436384
2024-01-01 00:00:25.750,0.752975,0.190677,12.061162,0.691325,-0.090004,0.187343
2024-01-01 00:00:25.760,1.692019,0.540862,11.807927,0.494756,-0.25436,0.240859
2024-01-01 00:00:25.770,1.564022,0.761596,11.202007,0.765196,-0.202985,0.36896
2024-01-01 00:00:25.780,1.347025,0.260315,10.435324,0.970029,-0.158222,0.173407
2024-01-01 00:00:25.790,1.896063,0.629628,11.829952,0.503128,-0.678442,0.314692
2024-01-01 00:00:25.800,1.440542,1.15419,11.591676,0.666186,-0.463313,0.559746
2024-01-01 00:00:25.810,1.474239,0.849307,11.045938,0.82895,-1.335072,0.421047
2024-01-01 00:00:25.820,1.345094,0.992893,10.372821,0.618335,-0.493228,0.383231
2024-01-01 00:00:25.830,1.815474,0.573834,11.475417,0.855934,-0.67919,0.402156
2024-01-01 00:00:25.840,1.792378,0.762706,10.837595,0.89011,-0.89503,0.31726
2024-01-01 00:00:25.850,1.208831,0.150581,11.134918,1.032318,-0.611394,0.680174
2024-01-01 00:00:25.860,0.983072,0.129216,11.689607,0.619067,-0.434027,0.263459
2024-01-01 00:00:25.870,1.388516,-0.544976,9.314313,0.542738,-0.878575,0.420855
2024-01-01 00:00:25.880,1.192034,0.586428,9.928084,0.708198,-1.023435,0.4098
2024-01-01 00:00:25.890,1.460019,0.646143,10.012626,0.548597,-0.768755,0.546582
2024-01-01 00:00:25.900,1.923264,-0.028732,10.738159,0.935877,-1.161672,0.562852
2024-01-01 00:00:25.910,1.335702,0.013999,8.844683,0.5073,-1.005494,0.394066
2024-01-01 00:00:25.920,1.484048,-0.183151,10.613805,1.38274,-0.542216,0.443343
2024-01-01 00:00:25.930,1.520299,0.11056,9.42707,1.123977,-0.834434,0.449278
2024-01-01 00:00:25.940,1.79557,0.286007,9.102925,0.802408,-1.316739,0.058811
2024-01-01 00:00:25.950,0.708514,-0.621462,8.851498,1.014142,-1.287764,0.160298
2024-01-01 00:00:25.960,1.276567,-0.022803,8.52773,0.384886,-0.78444,0.306284
2024-01-01 00:00:25.970,1.554541,-0.275415,9.155117,1.420492,-0.590695,0.310585
2024-01-01 00:00:25.980,1.890003,-0.204875,7.806849,0.636433,-1.187031,0.212101
2024-01-01 00:00:25.990,1.284915,-0.147305,8.406444,0.746985,-0.641679,0.500992
2024-01-01 00:00:26.000,0.785133,-0.387132,7.834247,0.305044,-0.388328,0.384831
2024-01-01 00:00:26.010,1.641436,-0.406902,7.463666,0.881325,-0.211287,0.347672
2024-01-01 00:00:26.020,1.182561,-0.484561,9.151636,0.472714,-0.558549,0.186227
2024-01-01 00:00:26.030,0.966778,-0.173225,7.816509,0.7631,-0.46878,0.362161
2024-01-01 00:00:26.040,1.14072,-0.381892,7.791067,0.58886,-1.079212,-0.031538
2024-01-01 00:00:26.050,1.268629,-0.483759,7.959167,0.441611,0.031971,0.33108
2024-01-01 00:00:26.060,1.093457,-0.972781,6.443891,0.494972,-0.580835,0.357509
2024-01-01 00:00:26.070,0.503051,-0.745714,8.094932,0.736447,-0.611616,0.376287
2024-01-01 00:00:26.080,1.556877,-0.402204,5.67066,0.342509,-0.380991,0.096826
2024-01-01 00:00:26.090,1.655088,-0.699119,6.561559,0.457534,0.123754,0.356091
2024-01-01 00:00:26.100,1.401018,-0.55009,6.680496,0.79141,0.362447,0.156581
2024-01-01 00:00:26.110,0.73708,-0.254357,7.216601,1.256097,-0.092437,0.180868
2024-01-01 00:00:26.120,1.025273,-0.507875,6.995971,0.703821,0.192275,0.399902
2024-01-01 00:00:26.130,1.052339,-0.825385,6.778413,0.333149,0.020453,0.583349
2024-01-01 00:00:26.140,1.22139,-1.039181,6.873544,0.447854,-0.182959,0.27752
2024-01-01 00:00:26.150,1.201353,-1.683128,6.367647,0.523862,0.51204,0.135418
2024-01-01 00:00:26.160,0.664596,-0.997336,6.122775,0.404141,0.0528,0.274049
2024-01-01 00:00:26.170,0.902949,-1.072914,7.401553,0.692031,0.656401,0.373988
2024-01-01 00:00:26.180,0.985637,-0.884778,7.453909,0.494682,0.659651,0.313307
2024-01-01 00:00:26.190,1.285185,-1.073283,8.028484,0.640641,0.548946,0.618306
2024-01-01 00:00:26.200,0.97108,-1.146859,6.820862,0.30779,0.91065,0.0859
2024-01-01 00:00:26.210,0.948405,-1.606566,7.747889,0.6899,1.066651,0.217097
2024-01-01 00:00:26.220,0.648264,-1.375076,7.334688,0.288472,0.51676,0.397384
2024-01-01 00:00:26.230,1.058317,-0.968735,8.281025,0.058352,0.406903,0.373499
2024-01-01 00:00:26.240,0.652928,-0.61388,8.334689,0.816069,0.187789,-0.156642
2024-01-01 00:00:26.250,0.152196,-1.173081,8.045023,-0.214337,1.255729,0.12045
2024-01-01 00:00:26.260,0.888118,-1.058878,7.907298,0.027016,0.621034,0.328528
2024-01-01 00:00:26.270,0.583951,-0.883082,8.795644,0.024409,1.046579,0.524179
2024-01-01 00:00:26.280,0.12684,-1.421885,8.802857,0.777426,0.604642,0.180744
2024-01-01 00:00:26.290,0.055866,-1.076538,8.256267,0.571015,1.196761,0.004471
2024-01-01 00:00:26.300,0.268926,-1.414854,8.09264,0.461549,0.65437,-0.107347
2024-01-01 00:00:26.310,0.26842,-0.937535,8.857848,-0.025969,0.543532,0.361159
2024-01-01 00:00:26.320,0.116373,-1.153982,10.045822,0.631782,0.796182,0.12193
2024-01-01 00:00:26.330,0.09722,-1.110428,10.039692,0.085828,0.716952,-0.13034
2024-01-01 00:00:26.340,0.524208,-1.433443,8.993882,0.206568,0.99529,-0.049347
2024-01-01 00:00:26.350,0.245333,-0.983395,9.158472,-0.024253,0.82444,0.011939
2024-01-01 00:00:26.360,-0.121714,-0.56508,10.694221,-0.112866,0.980097,0.031321
2024-01-01 00:00:26.370,0.082586,-1.48601,9.557089,-0.19461,0.731196,-0.200776
2024-01-01 00:00:26.380,-0.666311,-1.276871,10.645313,-0.215038,0.613471,-0.173442
2024-01-01 00:00:26.390,-0.223234,-1.094947,10.203704,-0.041215,0.604821,-0.344609
2024-01-01 00:00:26.400,0.21373,-0.916188,11.601992,-0.131948,1.228254,0.04409
2024-01-01 00:00:26.410,-0.552213,-1.305868,10.450634,-0.261679,0.735176,-0.178149
2024-01-01 00:00:26.420,-0.828199,-1.972044,11.655642,0.0939,0.140599,-0.071792
2024-01-01 00:00:26.430,-0.814566,-0.696768,11.27062,-1.0544,0.460197,0.056983
2024-01-01 00:00:26.440,-1.021604,-0.857051,11.438658,-0.213986,0.564516,-0.137748
2024-01-01 00:00:26.450,-0.967804,-1.587083,10.33532,-0.190239,0.948351,-0.201782
2024-01-01 00:00:26.460,-0.874646,-1.223815,10.313724,-0.110576,0.687858,-0.16957
2024-01-01 00:00:26.470,-1.287593,-0.54682,11.496991,-0.440561,0.141266,-0.202693
2024-01-01 00:00:26.480,-0.83962,-0.55709,11.833139,-0.398733,0.914993,-0.038432
2024-01-01 00:00:26.490,-0.577421,-0.682453,11.143094,-0.229896,0.239398,-0.191566
2024-01-01 00:00:26.500,-1.25768,-0.988001,11.212954,-0.128523,0.494022,-0.332318
2024-01-01 00:00:26.510,-0.453506,-0.879943,12.155192,-0.600604,-0.172191,-0.105557
2024-01-01 00:00:26.520,-0.850241,-0.912386,12.175248,-0.482066,-0.549582,-0.089832
2024-01-01 00:00:26.530,-0.710482,-0.501552,11.793745,-0.151655,-0.36906,-0.486399
2024-01-01 00:00:26.540,-1.341933,-1.06839,12.286944,-1.123909,-0.896342,-0.066533
2024-01-01 00:00:26.550,-0.85139,-1.011741,11.184929,-0.786089,0.377976,-0.252086
2024-01-01 00:00:26.560,-1.56965,-0.43009,11.59263,-0.26686,-0.16177,-0.274169
2024-01-01 00:00:26.570,-0.911044,-0.708514,12.637388,-0.378935,-0.510586,-0.175041
2024-01-01 00:00:26.580,-1.19575,-0.242621,11.696658,-0.539199,-0.228558,-0.419951
2024-01-01 00:00:26.590,-1.093571,-0.817554,11.642388,-0.798661,-0.354552,-0.200131
2024-01-01 00:00:26.600,-1.727987,-0.591517,12.741366,-0.922603,-0.304332,-0.407591
2024-01-01 00:00:26.610,-1.657082,-0.809899,10.590599,-0.864501,-0.212013,-0.579591
2024-01-01 00:00:26.620,-1.159973,-0.488232,11.673078,-0.343133,-0.638519,-0.514731
2024-01-01 00:00:26.630,-1.723997,-0.89051,12.013476,-0.899551,-0.834131,-0.286167
2024-01-01 00:00:26.640,-1.250868,-0.549048,10.772141,-0.728239,-0.451554,-0.518618
2024-01-01 00:00:26.650,-1.910212,-0.788821,11.266339,-0.952008,-0.498158,-0.140279
2024-01-01 00:00:26.660,-1.151357,-0.104401,10.087336,-0.56169,-0.70947,-0.207799
2024-01-01 00:00:26.670,-1.89386,-0.051749,10.075854,-0.914669,-0.221624,-0.189978
2024-01-01 00:00:26.680,-1.281164,-0.739539,10.484681,-0.810782,-0.902077,-0.374475
2024-01-01 00:00:26.690,-1.265204,0.226313,10.525956,-1.212405,-1.039282,-0.357101
2024-01-01 00:00:26.700,-1.735449,0.622249,10.512611,-1.198851,-0.726443,-0.576811
2024-01-01 00:00:26.710,-1.292962,-0.0661,10.565483,-0.796306,-1.011197,-0.249745
2024-01-01 00:00:26.720,-1.408288,-0.225039,9.469123,-1.130992,-0.724858,-0.342876
2024-01-01 00:00:26.730,-1.688484,0.861843,9.965892,-0.27367,-1.058002,-0.314875
2024-01-01 00:00:26.740,-1.851006,-0.333921,8.9247,-1.31432,-0.945556,-0.146223
2024-01-01 00:00:26.750,-2.18073,0.114932,9.414274,-0.996743,-0.36329,-0.489244
2024-01-01 00:00:26.760,-1.364916,0.209747,8.8402,-0.789048,-0.922718,-0.415533
2024-01-01 00:00:26.770,-2.026152,0.606125,8.783153,-0.879801,-1.001264,-0.345258
2024-01-01 00:00:26.780,-1.433986,0.356907,8.588066,-1.058626,-0.484143,-0.53161
2024-01-01 00:00:26.790,-1.546173,0.145415,7.295946,-1.014931,-1.010019,-0.415864
2024-01-01 00:00:26.800,-1.200623,0.055212,7.391051,-1.014769,-0.886308,-0.30961
2024-01-01 00:00:26.810,-1.526165,0.283055,7.904934,-0.829253,-0.530325,-0.427599
2024-01-01 00:00:26.820,-1.515679,0.127959,6.769183,-0.258883,-0.397074,-0.177084
2024-01-01 00:00:26.830,-1.121971,0.488155,8.013373,-0.715516,-0.279854,-0.594139
2024-01-01 00:00:26.840,-1.236471,0.347583,7.905826,-0.42627,-0.721449,-0.192582
2024-01-01 00:00:26.850,-1.216604,0.110864,7.488726,-0.581127,-0.331997,-0.254758
2024-01-01 00:00:26.860,-1.134475,0.976986,6.587249,-0.414184,-0.5409,-0.431649
2024-01-01 00:00:26.870,-1.805615,0.491577,7.871466,-1.376346,-0.51653,-0.476839
2024-01-01 00:00:26.880,-0.970769,0.29988,8.155369,-0.735125,-0.002792,-0.641548
2024-01-01 00:00:26.890,-0.986845,0.668231,7.052783,-0.313861,-0.377582,-0.439599
2024-01-01 00:00:26.900,-1.52075,0.776493,7.20454,-0.76422,-0.105751,-0.153566
2024-01-01 00:00:26.910,-1.212235,0.268143,7.00172,-0.160345,-0.070429,-0.308895
2024-01-01 00:00:26.920,-1.100713,0.926451,7.164855,-0.208737,-0.310357,-0.115408
2024-01-01 00:00:26.930,-1.092494,0.546401,6.80526,-0.67484,0.265775,-0.371759
2024-01-01 00:00:26.940,-0.885412,1.406113,6.865365,-0.660331,0.231092,-0.161204
2024-01-01 00:00:26.950,-0.456573,1.080866,7.411286,-0.764096,-0.339346,-0.362972
2024-01-01 00:00:26.960,-0.532738,0.833149,8.24723,-0.643455,0.291813,-0.387865
2024-01-01 00:00:26.970,-1.323025,0.757531,6.246052,-0.768813,0.093066,-0.246402
2024-01-01 00:00:26.980,-0.597076,0.976033,7.03254,-0.327357,0.622656,-0.317025
2024-01-01 00:00:26.990,-0.299463,1.216241,6.528065,-0.771793,0.046954,-0.435314
2024-01-01 00:00:27.000,-0.577811,1.048035,8.154207,-0.229437,0.376571,-0.217532
2024-01-01 00:00:27.010,-0.278849,1.012178,7.069576,-0.195349,0.610696,-0.160219
2024-01-01 00:00:27.020,0.097129,1.11481,6.725568,-0.739123,0.585049,0.028343
2024-01-01 00:00:27.030,-0.1944,0.934412,8.008299,0.092682,0.809936,-0.006865
2024-01-01 00:00:27.040,-0.410116,1.02915,8.765253,-0.136864,0.283485,0.050358
2024-01-01 00:00:27.050,-0.075497,0.52116,8.329142,-0.047924,1.115852,-0.009621
2024-01-01 00:00:27.060,-0.333788,1.452024,8.243799,-0.394732,0.869585,-0.052641
2024-01-01 00:00:27.070,-0.318757,1.260756,8.530864,-0.018871,1.109078,-0.271574
2024-01-01 00:00:27.080,-0.392235,0.948474,9.265271,0.138004,1.01379,-0.049316
2024-01-01 00:00:27.090,0.336255,1.757696,8.193046,-0.137153,0.813479,0.033269
2024-01-01 00:00:27.100,-0.438762,1.219903,8.803401,0.419247,0.511422,0.177999
2024-01-01 00:00:27.110,0.44288,0.886826,8.81013,-0.038823,0.702514,0.078024
2024-01-01 00:00:27.120,0.140512,1.456705,8.612903,0.266828,1.246495,0.176873
2024-01-01 00:00:27.130,-0.465136,1.319253,9.271454,0.086384,1.195901,-0.148234
2024-01-01 00:00:27.140,0.212322,1.316507,10.25763,0.190991,0.689814,-0.026657
2024-01-01 00:00:27.150,-0.59247,1.066843,10.154611,-0.341812,0.130073,0.102413
2024-01-01 00:00:27.160,0.42014,1.324303,10.389016,0.200076,0.766238,0.227799
2024-01-01 00:00:27.170,0.569404,1.103368,10.302751,-0.045305,0.727166,0.047435
2024-01-01 00:00:27.180,0.110207,1.339587,10.69228,-0.042249,0.711377,0.072308
2024-01-01 00:00:27.190,0.41824,0.590412,10.139976,0.636025,0.875886,0.20307
2024-01-01 00:00:27.200,1.115838,1.019023,10.578417,0.176895,0.928125,-0.053712
2024-01-01 00:00:27.210,0.311087,1.651339,11.01405,0.009493,0.917572,0.37127
2024-01-01 00:00:27.220,0.172939,0.88832,11.211344,0.200114,0.738196,0.013078
2024-01-01 00:00:27.230,1.116755,0.919304,11.374609,-0.006087,0.129462,-0.128276
2024-01-01 00:00:27.240,1.338766,0.946375,11.250881,0.70613,0.443647,0.17534
2024-01-01 00:00:27.250,0.705832,0.694954,11.23571,0.201834,1.050984,0.442646
2024-01-01 00:00:27.260,1.110136,0.373902,13.283543,0.535591,0.511585,0.289601
2024-01-01 00:00:27.270,1.276054,0.942594,12.135484,0.76918,0.450464,0.32774
2024-01-01 00:00:27.280,0.595831,1.026342,11.939912,0.331335,0.386636,0.234395
2024-01-01 00:00:27.290,0.73368,0.94212,11.645824,0.614892,0.337026,0.218086
2024-01-01 00:00:27.300,1.380778,0.88521,11.572423,0.24913,-0.427627,0.021589
2024-01-01 00:00:27.310,1.58469,0.910948,11.779966,1.142074,0.042198,-0.073592
2024-01-01 00:00:27.320,1.235363,1.172857,12.02889,0.787884,0.025902,0.306335
2024-01-01 00:00:27.330,0.77223,0.775498,10.834038,0.527936,0.288825,0.484926
2024-01-01 00:00:27.340,1.815772,0.625743,10.990069,0.404285,-0.086359,0.350367
2024-01-01 00:00:27.350,0.972859,0.67773,11.472511,0.589474,-0.576024,0.402526
2024-01-01 00:00:27.360,1.078003,0.898789,11.89108,0.552498,-0.121974,0.556305
2024-01-01 00:00:27.370,1.349869,1.110386,11.584989,1.144263,-0.49413,0.377328
2024-01-01 00:00:27.380,1.806849,0.459064,12.454444,0.367159,-0.65923,0.318373
2024-01-01 00:00:27.390,1.592668,0.636912,10.736967,0.723715,-0.623233,0.222228
2024-01-01 00:00:27.400,1.467858,0.667523,11.036325,0.700831,-0.336155,0.65604
2024-01-01 00:00:27.410,1.511634,0.226148,12.170003,0.690372,-0.211255,0.438844
2024-01-01 00:00:27.420,1.389448,0.48714,11.278282,0.705762,-0.456116,0.224918
2024-01-01 00:00:27.430,1.592172,-0.002339,11.55366,0.715955,-0.46617,0.196811
2024-01-01 00:00:27.440,0.531916,-0.137682,12.045494,0.97414,-0.549372,0.565896
2024-01-01 00:00:27.450,1.331692,0.458117,10.376435,0.917849,-0.681621,0.227185
2024-01-01 00:00:27.460,1.535984,0.187452,10.535519,0.878872,-0.567657,0.665147
2024-01-01 00:00:27.470,1.062432,0.31735,10.264858,0.022989,-1.376922,-0.022726
2024-01-01 00:00:27.480,1.611995,0.204951,9.157741,0.862566,-0.770007,0.607198
2024-01-01 00:00:27.490,1.414421,-0.129273,9.874776,0.378616,-1.079615,0.469297
2024-01-01 00:00:27.500,2.107304,0.103145,10.338617,0.957787,-0.543191,0.415892
2024-01-01 00:00:27.510,2.048031,-0.300316,9.956896,1.167277,-0.881068,0.373008
2024-01-01 00:00:27.520,1.336707,0.439691,9.80381,0.568301,-0.841671,0.68354
2024-01-01 00:00:27.530,1.446885,-0.431641,9.05995,0.734383,-1.225539,0.505973
2024-01-01 00:00:27.540,1.471411,-0.130797,8.709433,0.648717,-0.589662,0.263798
2024-01-01 00:00:27.550,1.334505,-0.431842,9.574041,1.104904,-0.676405,0.140186
2024-01-01 00:00:27.560,1.553824,0.005051,8.411154,0.816059,-0.678202,0.422745
2024-01-01 00:00:27.570,1.210843,-0.312162,8.659399,1.219411,-0.999829,0.393504
2024-01-01 00:00:27.580,1.068913,-0.41466,8.405871,0.884574,-0.96418,0.162587
2024-01-01 00:00:27.590,1.668694,-0.049025,8.944898,0.834343,-0.684289,0.378556
2024-01-01 00:00:27.600,1.654948,-0.341609,8.507766,0.782178,-0.878644,0.296473
2024-01-01 00:00:27.610,1.134745,-0.240355,7.10229,0.959835,-0.556756,0.379062
2024-01-01 00:00:27.620,1.709078,-0.734043,7.012363,0.309954,-1.162041,0.481076
2024-01-01 00:00:27.630,1.151935,-0.904705,7.845318,0.753596,-0.696179,0.590021
2024-01-01 00:00:27.640,1.43675,-0.493963,7.364358,0.701497,-0.074024,0.495838
2024-01-01 00:00:27.650,1.608327,-0.66383,7.034439,0.885998,-0.359017,0.244106
2024-01-01 00:00:27.660,1.280459,-0.421415,7.741345,0.64226,-0.36996,0.39993
2024-01-01 00:00:27.670,1.420396,-0.673542,7.197378,0.412976,0.144431,0.345796
2024-01-01 00:00:27.680,1.047544,-0.627264,7.048759,0.656928,-0.8739,0.127726
2024-01-01 00:00:27.690,1.124684,-1.213951,7.389015,0.365795,-0.429979,0.377988
2024-01-01 00:00:27.700,1.0847,-0.197428,6.708939,0.135618,-0.261281,0.586968
2024-01-01 00:00:27.710,0.856958,-0.84907,7.748292,0.778186,0.119761,0.303067
2024-01-01 00:00:27.720,1.016166,-0.625119,6.437938,0.719718,0.190836,0.048349
2024-01-01 00:00:27.730,0.494125,-1.118528,7.233923,0.669381,-0.177658,0.280845
2024-01-01 00:00:27.740,0.820736,-0.807256,7.677949,0.85514,0.355015,0.082647
2024-01-01 00:00:27.750,0.847892,-1.321077,6.163935,0.339128,0.070725,0.382234
2024-01-01 00:00:27.760,0.811426,-0.823726,6.779899,0.122802,0.539428,0.31902
2024-01-01 00:00:27.770,0.768658,-1.093773,7.659118,0.437523,0.041856,0.201879
2024-01-01 00:00:27.780,0.782335,-1.004329,7.74406,0.3419,0.330827,0.164713
2024-01-01 00:00:27.790,0.921281,-0.828228,7.103949,0.19128,0.298509,0.169092
2024-01-01 00:00:27.800,1.007913,-1.430307,6.898362,0.354348,0.741845,0.188396
2024-01-01 00:00:27.810,0.421682,-1.287174,7.945172,0.193285,0.400966,0.057258
2024-01-01 00:00:27.820,0.174241,-0.964233,8.199427,-0.141475,0.571577,-0.0494
2024-01-01 00:00:27.830,0.175984,-0.48986,7.04827,0.178079,0.755812,0.314991
2024-01-01 00:00:27.840,0.314679,-1.176912,7.177464,-0.025321,0.808443,0.071576
2024-01-01 00:00:27.850,0.305775,-0.972547,8.123776,0.286684,0.932719,0.139442
2024-01-01 00:00:27.860,0.102532,-1.194597,8.514795,0.034407,0.798207,0.142
2024-01-01 00:00:27.870,-0.139105,-0.590648,8.180367,0.445661,0.670688,0.132179
2024-01-01 00:00:27.880,0.096912,-1.706484,8.901031,0.537796,0.712844,-0.107658
2024-01-01 00:00:27.890,0.261675,-1.161095,8.324631,0.275539,0.826745,-0.198529
2024-01-01 00:00:27.900,0.347749,-1.682463,7.743972,-0.313363,0.897697,-0.051107
2024-01-01 00:00:27.910,-0.114512,-1.950238,8.868624,0.419278,0.8083,0.080846
2024-01-01 00:00:27.920,-0.122991,-1.110637,9.332926,0.405428,0.85445,-0.103444
2024-01-01 00:00:27.930,-0.361848,-1.157776,9.343261,-0.015304,0.469624,-0.063239
2024-01-01 00:00:27.940,-0.10751,-1.282965,9.05379,0.279261,1.009802,0.29336
2024-01-01 00:00:27.950,-0.45231,-1.225404,8.886475,-0.220778,0.877041,-0.318243
2024-01-01 00:00:27.960,-0.013378,-0.258238,9.7932,-0.58068,1.065875,-0.170315
2024-01-01 00:00:27.970,-0.897307,-1.257521,10.75615,-0.335273,0.794037,0.21189
2024-01-01 00:00:27.980,-0.455983,-1.017542,11.134306,0.256265,0.333065,-0.09472
2024-01-01 00:00:27.990,-0.282072,-1.354085,11.270943,-0.579415,0.646961,-0.20922
2024-01-01 00:00:28.000,-0.379864,-1.057605,10.33552,-0.237029,0.650932,0.05686
2024-01-01 00:00:28.010,0.442298,-1.202766,10.307534,-0.258271,0.846638,-0.125119
2024-01-01 00:00:28.020,-0.433115,-1.23782,11.363279,-0.424534,0.099244,-0.200392
2024-01-01 00:00:28.030,-0.961385,-0.550634,11.576828,-0.436196,0.579184,-0.133802
2024-01-01 00:00:28.040,-0.696854,-0.723089,11.573495,-0.335773,0.645858,-0.275634
2024-01-01 00:00:28.050,-1.337574,-1.013492,10.359251,-0.522347,0.297409,-0.343527
2024-01-01 00:00:28.060,-0.795434,-1.722416,11.090783,-0.764701,0.423912,-0.221633
2024-01-01 00:00:28.070,-1.108941,-1.114493,11.638202,-0.382173,0.188457,-0.369615
2024-01-01 00:00:28.080,-0.545865,-0.16876,11.9953,-0.193659,0.100644,-0.229396
2024-01-01 00:00:28.090,-1.106127,-1.020826,12.207535,-0.269961,0.116999,-0.190516
2024-01-01 00:00:28.100,-1.000776,-0.591146,11.908067,-0.714385,-0.02386,-0.128016
2024-01-01 00:00:28.110,-1.226986,-0.458582,12.038629,-0.848562,0.258473,-0.098689
2024-01-01 00:00:28.120,-0.439017,-0.793148,11.915929,-0.629775,-0.162958,-0.340224
2024-01-01 00:00:28.130,-1.2015,-1.077725,12.243405,-0.188887,-0.271864,-0.215505
2024-01-01 00:00:28.140,-0.487432,-1.520834,12.019978,-0.440642,0.329215,-0.227142
2024-01-01 00:00:28.150,-0.881886,-0.548828,11.850284,-0.446323,0.061486,-0.261984
2024-01-01 00:00:28.160,-1.034318,-0.961171,11.6176,-0.419158,-0.708901,-0.39273
2024-01-01 00:00:28.170,-1.108323,-0.625455,11.74614,-0.554744,-0.498029,-0.484178
2024-01-01 00:00:28.180,-1.131969,-1.013751,11.889729,-0.647074,-0.307633,-0.263313
2024-01-01 00:00:28.190,-1.974934,-0.67789,11.678122,-0.527889,-0.346439,-0.602762
2024-01-01 00:00:28.200,-1.426293,-0.54679,11.634875,-0.845173,-0.856481,-0.394492
2024-01-01 00:00:28.210,-1.059253,-0.434051,12.045586,-1.076314,-0.247697,-0.744394
2024-01-01 00:00:28.220,-1.396446,-0.806001,11.322589,-0.554895,-0.381182,-0.568282
2024-01-01 00:00:28.230,-1.893284,-0.068675,10.67826,-0.438015,-0.51352,-0.505295
2024-01-01 00:00:28.240,-1.439772,-0.562348,11.36933,-1.037654,-0.337391,-0.214539
2024-01-01 00:00:28.250,-0.842752,-0.840557,9.970694,-0.562087,-0.601884,-0.280568
2024-01-01 00:00:28.260,-1.018305,-0.325336,9.9577,-0.355658,-0.636762,-0.471015
2024-01-01 00:00:28.270,-1.48969,-0.236275,10.560237,-0.783489,-0.388796,-0.282058
2024-01-01 00:00:28.280,-1.145978,-0.151987,10.47635,-0.993293,-0.527395,-0.261253
2024-01-01 00:00:28.290,-1.615966,0.25521,9.319266,-0.762679,-1.032586,-0.420817
2024-01-01 00:00:28.300,-2.090441,-0.177393,9.601277,-0.934479,-0.678322,-0.60608
2024-01-01 00:00:28.310,-1.821729,-0.095207,9.283524,-0.953204,-1.011913,-0.430698
2024-01-01 00:00:28.320,-0.952913,-0.343048,9.152712,-0.691663,-0.723789,-0.414664
2024-01-01 00:00:28.330,-1.595254,0.281321,9.742563,-1.200589,-0.729388,-0.584696
2024-01-01 00:00:28.340,-1.581648,0.137641,9.416271,-1.159096,-1.187861,-0.344
2024-01-01 00:00:28.350,-1.596195,0.003405,8.823406,-0.790512,-0.86069,-0.355695
2024-01-01 00:00:28.360,-0.81728,-0.395125,8.343198,-0.796898,-0.747001,-0.328904
2024-01-01 00:00:28.370,-0.904817,0.656193,7.715227,-0.700193,-0.900434,-0.351202
2024-01-01 00:00:28.380,-0.68522,-0.099189,9.05835,-0.310817,-0.685823,-0.280335
2024-01-01 00:00:28.390,-1.503083,0.13756,8.429399,-0.745827,-0.531427,-0.412877
2024-01-01 00:00:28.400,-1.327328,0.467787,7.549406,-0.613549,-0.704407,-0.351278
2024-01-01 00:00:28.410,-1.942784,0.046099,8.177068,-0.996928,-0.600146,-0.436183
2024-01-01 00:00:28.420,-0.874004,0.001167,7.595728,-0.549846,-0.26591,-0.45859
2024-01-01 00:00:28.430,-1.77647,-0.144507,7.340263,-0.861063,-0.445144,-0.163995
2024-01-01 00:00:28.440,-1.266572,0.75167,7.612965,-0.698115,-0.461421,-0.66455
2024-01-01 00:00:28.450,-1.699113,0.413678,6.853576,-0.728576,-0.69616,-0.219168
2024-01-01 00:00:28.460,-1.491737,1.496384,6.973207,-0.427427,-0.231065,-0.435917
2024-01-01 00:00:28.470,-1.547257,0.359906,7.143636,-0.996409,-0.255994,-0.446963
2024-01-01 00:00:28.480,-1.43361,0.420767,6.730908,-1.221931,0.044792,-0.286324
2024-01-01 00:00:28.490,-1.374291,0.565493,7.317035,-0.685677,-0.200322,-0.539601
2024-01-01 00:00:28.500,-1.340399,0.84482,7.935464,-0.495403,-0.600693,-0.428672
2024-01-01 00:00:28.510,-0.817965,0.666391,6.466318,-0.553736,-0.505333,-0.423273
2024-01-01 00:00:28.520,-1.45574,1.025472,5.954495,-0.262102,0.17044,-0.318286
2024-01-01 00:00:28.530,-0.949597,0.581212,5.773986,-0.438276,-0.089123,-0.39443
2024-01-01 00:00:28.540,-0.556657,0.49197,6.812281,-0.665198,0.229192,-0.02195
2024-01-01 00:00:28.550,-1.117195,0.397237,6.565736,-1.081395,0.214388,0.019532
2024-01-01 00:00:28.560,-1.142027,0.298431,7.095361,-0.534397,0.208799,-0.540834
2024-01-01 00:00:28.570,-0.923237,0.837387,7.119337,-0.192372,0.289544,-0.143032
2024-01-01 00:00:28.580,-0.380141,0.928279,6.244413,-0.520969,0.158468,-0.082679
2024-01-01 00:00:28.590,-0.67437,0.853328,6.221681,-0.388817,0.429729,-0.116501
2024-01-01 00:00:28.600,-0.876344,1.438351,7.489643,-0.262883,0.34372,-0.282829
2024-01-01 00:00:28.610,-0.468103,1.454656,7.521044,-0.593802,0.449912,-0.206604
2024-01-01 00:00:28.620,-0.969315,1.00504,7.34396,-0.155398,0.511831,-0.267845
2024-01-01 00:00:28.630,-0.290185,0.584825,6.80944,0.127328,0.582162,-0.204016
2024-01-01 00:00:28.640,-0.329977,0.968768,8.133067,-0.295465,0.911511,-0.307625
2024-01-01 00:00:28.650,-0.524318,0.972847,8.735555,-0.504445,0.686431,-0.128308
2024-01-01 00:00:28.660,-0.653039,0.967879,8.359377,-0.208402,1.008259,-0.321296
2024-01-01 00:00:28.670,-0.612265,0.966124,7.918066,-0.717123,1.165588,-0.110534
2024-01-01 00:00:28.680,-0.056664,0.987998,8.592482,-0.045828,1.018809,-0.252314
2024-01-01 00:00:28.690,0.244747,1.074836,8.005389,0.014191,0.957647,-0.018417
2024-01-01 00:00:28.700,-0.349712,1.005052,9.531204,0.35136,0.919588,-0.135687
2024-01-01 00:00:28.710,0.092719,1.261273,9.189523,-0.084614,1.062875,0.025529
2024-01-01 00:00:28.720,-0.739133,1.308091,8.368602,0.097495,0.872283,0.159924
2024-01-01 00:00:28.730,-0.154233,0.926129,9.372477,-0.188451,1.094225,0.251852
2024-01-01 00:00:28.740,0.09849,1.578126,9.988382,-0.030781,0.99449,-0.350038
2024-01-01 00:00:28.750,-0.150219,0.898416,9.743856,-0.291606,0.738672,-0.080284
2024-01-01 00:00:28.760,-0.101059,0.700874,9.965301,0.072219,1.035126,0.014995
2024-01-01 00:00:28.770,0.051191,1.292388,9.629004,0.075627,0.811537,0.145026
2024-01-01 00:00:28.780,0.444937,0.923045,10.793623,0.257557,0.734748,-0.156175
2024-01-01 00:00:28.790,0.334327,1.252958,10.298075,0.057377,0.610126,-0.040676
2024-01-01 00:00:28.800,-0.326885,0.421979,9.633431,0.264301,0.734055,0.141286
2024-01-01 00:00:28.810,-0.229853,1.545554,10.771043,0.189931,0.900748,0.149371
2024-01-01 00:00:28.820,0.355091,1.312494,11.660673,0.219788,0.828909,0.207974
2024-01-01 00:00:28.830,0.781905,0.641929,11.043182,0.351672,0.646304,0.232342
2024-01-01 00:00:28.840,-0.286654,0.628012,12.335145,0.370116,0.655689,0.230782
2024-01-01 00:00:28.850,0.552278,1.551237,11.725991,0.578125,0.768389,0.222964
2024-01-01 00:00:28.860,0.594081,0.804628,11.774038,0.384915,0.354868,0.215899
2024-01-01 00:00:28.870,1.314063,0.750281,11.601017,0.354206,0.052967,0.320553
2024-01-01 00:00:28.880,0.741981,0.293864,11.703725,0.422392,0.59451,-0.102102
2024-01-01 00:00:28.890,1.058018,0.840079,11.651347,0.314119,0.072519,0.478043
2024-01-01 00:00:28.900,1.019214,0.847165,11.669888,0.427235,-0.033155,-0.072066
2024-01-01 00:00:28.910,0.268374,1.098877,12.152732,1.048628,-0.376019,0.108545
2024-01-01 00:00:28.920,1.32567,0.431883,11.355227,0.335456,0.149,0.247799
2024-01-01 00:00:28.930,1.173274,0.361578,11.271874,0.515875,-0.466073,0.393661
2024-01-01 00:00:28.940,1.315164,0.917743,11.224081,0.509672,-0.314788,-0.146018
2024-01-01 00:00:28.950,2.549076,1.04805,12.929848,0.564816,-0.045889,0.309086
2024-01-01 00:00:28.960,0.481254,0.237105,12.044234,0.562893,-0.076996,0.441711
2024-01-01 00:00:28.970,1.84826,0.994226,11.853053,0.733606,-0.483335,0.481075
2024-01-01 00:00:28.980,1.176004,0.641318,11.022632,0.253315,-0.414893,0.23583
2024-01-01 00:00:28.990,1.40719,0.916904,11.851936,0.95616,-0.658086,0.303308
2024-01-01 00:00:29.000,1.318685,0.526689,11.336555,0.86994,-0.632891,0.263475
2024-01-01 00:00:29.010,1.212051,-0.251385,11.397446,0.4149,-0.482019,0.303908
2024-01-01 00:00:29.020,1.184903,0.416468,10.609658,0.171048,-0.723366,0.214385
2024-01-01 00:00:29.030,1.521337,0.736145,11.091078,0.505603,-0.704682,0.241548
2024-01-01 00:00:29.040,0.894482,0.105374,10.61583,0.699596,-1.051489,0.445288
2024-01-01 00:00:29.050,1.70547,0.211924,10.264693,1.414549,-0.439509,0.40448
2024-01-01 00:00:29.060,1.312137,0.229781,10.918221,0.91331,-0.628187,0.462486
2024-01-01 00:00:29.070,1.075058,-0.633364,9.490313,0.332413,-0.585748,0.424257
2024-01-01 00:00:29.080,1.323575,0.691397,10.46228,0.617495,-0.484779,0.500605
2024-01-01 00:00:29.090,1.929283,-0.127212,10.338875,0.78098,-1.032094,0.528874
2024-01-01 00:00:29.100,1.307806,0.247908,9.285686,0.860847,-0.928676,0.137455
2024-01-01 00:00:29.110,1.624206,0.023014,9.122916,0.470645,-1.320871,0.27152
2024-01-01 00:00:29.120,1.244164,0.379071,9.254773,0.766252,-0.064891,0.365293
2024-01-01 00:00:29.130,1.764196,0.07636,9.335852,0.620016,-0.884957,0.396311
2024-01-01 00:00:29.140,1.735452,-0.163106,8.90113,0.521673,-0.580189,0.298293
2024-01-01 00:00:29.150,2.13682,-0.407711,9.030514,0.859463,-1.136515,0.534085
2024-01-01 00:00:29.160,1.420333,0.052888,9.572129,0.983752,-0.559855,0.692134
2024-01-01 00:00:29.170,1.705485,-0.795022,8.13844,0.995037,-0.321517,0.420312
2024-01-01 00:00:29.180,1.493173,-0.085383,7.295433,0.92165,-0.773075,0.401678
2024-01-01 00:00:29.190,1.897537,-0.654592,8.52115,0.645781,-0.978117,0.51248
2024-01-01 00:00:29.200,1.175284,0.005582,8.828903,0.939638,-0.722991,0.100624
2024-01-01 00:00:29.210,1.668309,-0.366364,7.964385,0.827961,-1.20361,0.379619
2024-01-01 00:00:29.220,1.317913,-0.265524,7.005435,0.772716,-0.61101,0.51647
2024-01-01 00:00:29.230,1.339941,-0.477461,7.40184,0.573694,-0.347185,0.266835
2024-01-01 00:00:29.240,1.368759,-1.070289,6.732855,0.588658,-0.508831,0.172455
2024-01-01 00:00:29.250,1.397095,-0.844468,7.59221,0.716504,-0.515292,0.321145
2024-01-01 00:00:29.260,1.238268,-0.425298,6.399238,1.292074,-0.253976,0.33195
2024-01-01 00:00:29.270,1.322251,-0.61681,6.894995,0.740432,-0.174081,0.196263
2024-01-01 00:00:29.280,1.765664,-0.351269,6.439617,0.494308,-0.677268,0.637977
2024-01-01 00:00:29.290,1.522569,-0.622249,7.008435,0.419989,-0.175664,0.242239
2024-01-01 00:00:29.300,1.444379,-1.069754,6.698944,0.485152,0.476775,0.130998
2024-01-01 00:00:29.310,0.941482,-1.053867,6.974711,1.131481,-0.399508,0.279536
2024-01-01 00:00:29.320,0.748726,-0.818213,6.882295,0.465498,-0.020233,0.418835
2024-01-01 00:00:29.330,1.351711,-1.576025,6.335348,0.769307,0.553427,0.273907
2024-01-01 00:00:29.340,1.27979,-0.411136,7.246249,0.425044,0.410482,0.332352
2024-01-01 00:00:29.350,1.442918,-0.810585,6.913405,0.559954,0.071702,0.116602
2024-01-01 00:00:29.360,0.668962,-0.603478,6.450357,0.667459,0.315959,0.457915
2024-01-01 00:00:29.370,0.75152,-1.472742,8.295107,0.300684,0.326632,0.306087
2024-01-01 00:00:29.380,0.20826,-0.650616,7.407488,0.256831,0.200848,0.36571
2024-01-01 00:00:29.390,0.593719,-0.378372,7.157802,0.804629,0.427605,0.24973
2024-01-01 00:00:29.400,1.027755,-1.466298,8.130293,0.608257,0.431713,0.304787
2024-01-01 00:00:29.410,0.4625,-0.859167,8.487275,0.531414,0.582317,0.035915
2024-01-01 00:00:29.420,0.79579,-1.109117,7.528431,0.501684,0.416025,0.078721
2024-01-01 00:00:29.430,0.449908,-1.589923,7.944459,0.390405,0.329219,0.339728
2024-01-01 00:00:29.440,0.574165,-0.994123,7.365028,0.750175,0.679286,0.356827
2024-01-01 00:00:29.450,0.0025,-0.905533,7.991573,0.226546,1.155344,-0.064275
2024-01-01 00:00:29.460,0.376835,-1.347785,8.135187,0.329389,0.779569,0.129997
2024-01-01 00:00:29.470,-0.757603,-0.827696,8.525445,-0.208438,0.703868,0.012504
2024-01-01 00:00:29.480,0.165714,-1.685698,8.791792,-0.082972,0.99816,-0.042921
2024-01-01 00:00:29.490,-0.398062,-1.640456,9.106383,-0.20815,0.787911,0.088754
2024-01-01 00:00:29.500,0.535909,-1.155562,9.122426,0.379215,1.307222,0.201494
2024-01-01 00:00:29.510,0.326935,-1.191582,8.521405,-0.608886,0.846749,0.082374
2024-01-01 00:00:29.520,0.159124,-1.414967,8.86788,-0.102823,1.025111,-0.04905
2024-01-01 00:00:29.530,0.469094,-0.956054,9.280149,-0.782164,0.658325,0.06036
2024-01-01 00:00:29.540,-0.454328,-1.036743,9.620771,-0.272999,0.964488,-0.086585
2024-01-01 00:00:29.550,0.43061,-0.933793,10.546743,-0.219253,0.89403,0.013559
2024-01-01 00:00:29.560,0.086821,-1.221553,9.518302,0.218513,0.792554,0.145618
2024-01-01 00:00:29.570,-0.380348,-0.995379,10.145557,-0.059538,0.657665,-0.390922
2024-01-01 00:00:29.580,0.042267,-1.299565,11.044482,-0.397726,0.595166,0.024868
2024-01-01 00:00:29.590,-0.799499,-0.537634,10.526453,0.0466,0.792153,-0.340804
2024-01-01 00:00:29.600,-0.757333,-1.383664,11.107483,-0.245543,0.841217,0.059248
2024-01-01 00:00:29.610,-0.737489,-0.492665,10.931174,-0.270332,0.61037,-0.235416
2024-01-01 00:00:29.620,-0.764542,-1.096398,11.292666,-0.609681,0.668174,-0.337157
2024-01-01 00:00:29.630,-1.003213,-1.500413,11.158246,-0.585326,0.537379,-0.064621
2024-01-01 00:00:29.640,-0.258375,-0.656544,11.771398,-0.572383,0.518599,-0.128429
2024-01-01 00:00:29.650,-0.829025,-1.006751,10.662725,-0.382212,0.387904,-0.346792
2024-01-01 00:00:29.660,-0.665877,-0.765119,11.407397,-0.401464,0.383841,-0.398418
2024-01-01 00:00:29.670,-1.03848,-0.627652,11.851177,-0.061367,0.992839,-0.251818
2024-01-01 00:00:29.680,-1.524372,-0.866232,12.048068,-0.376888,0.333246,-0.417189
2024-01-01 00:00:29.690,-0.839568,-1.116601,12.627352,-1.175072,0.352086,-0.408311
2024-01-01 00:00:29.700,-1.648857,-0.616069,11.627754,-0.456776,0.23451,-0.243875
2024-01-01 00:00:29.710,-1.047551,-0.877001,12.677793,-0.908386,-0.007232,-0.417822
2024-01-01 00:00:29.720,-1.544813,-0.638556,11.507414,-0.809974,0.315074,-0.22026
2024-01-01 00:00:29.730,-0.411077,-1.456209,12.590935,-0.793242,-0.148057,-0.071578
2024-01-01 00:00:29.740,-0.826653,-0.640516,12.284652,-0.776837,0.122121,-0.327785
2024-01-01 00:00:29.750,-1.145846,-0.929505,11.292228,-0.974646,-0.290692,-0.295907
2024-01-01 00:00:29.760,-0.775958,-0.204112,11.908056,-0.598866,-0.511348,-0.022154
2024-01-01 00:00:29.770,-1.547973,-0.474269,11.640872,-1.020307,-0.242537,-0.511943
2024-01-01 00:00:29.780,-1.093111,-0.549302,11.928739,-0.595275,-0.670516,-0.163536
2024-01-01 00:00:29.790,-1.242972,-0.434468,11.363754,-0.140973,-0.318456,-0.189479
2024-01-01 00:00:29.800,-1.248039,-0.838095,11.206334,-1.047244,-0.806119,-0.229305
2024-01-01 00:00:29.810,-0.920586,-0.008953,12.004656,-0.799613,-0.639398,-0.17048
2024-01-01 00:00:29.820,-1.132882,0.144883,11.062028,-1.3718,-0.966176,-0.328382
2024-01-01 00:00:29.830,-1.309393,-0.290551,11.424701,-0.827472,0.052971,-0.463558
2024-01-01 00:00:29.840,-2.008662,0.113433,10.690151,-0.601695,-1.107339,-0.217001
2024-01-01 00:00:29.850,-1.782256,-0.489132,11.565732,-0.591168,-0.727873,-0.215738
2024-01-01 00:00:29.860,-1.503734,-0.511727,10.103027,-0.759745,-0.47645,-0.223746
2024-01-01 00:00:29.870,-1.440387,-0.214099,9.958519,-0.56332,-0.530405,-0.386143
2024-01-01 00:00:29.880,-1.878637,-0.049326,10.949228,-0.154455,-0.598996,-0.502913
2024-01-01 00:00:29.890,-0.646677,-0.251158,9.675876,-0.366998,-0.908436,-0.368833
2024-01-01 00:00:29.900,-0.965413,0.075421,10.607627,-0.928577,-0.503515,-0.257639
2024-01-01 00:00:29.910,-1.288477,0.053194,10.021775,-1.162359,-0.619882,-0.246139
2024-01-01 00:00:29.920,-1.474749,-0.290969,9.249432,-0.901518,-0.796839,-0.464441
2024-01-01 00:00:29.930,-1.572653,0.211393,8.140625,-1.035882,-0.786185,-0.352262
2024-01-01 00:00:29.940,-1.827646,0.36196,8.932197,-0.684216,-0.91348,-0.594843
2024-01-01 00:00:29.950,-1.461134,0.201329,8.806252,-1.089033,-1.05089,-0.249125
2024-01-01 00:00:29.960,-1.38951,0.542437,9.2037,-0.807391,-0.495062,-0.512089
2024-01-01 00:00:29.970,-1.903516,-0.122129,9.251762,-0.57391,-0.452184,-0.273918
2024-01-01 00:00:29.980,-1.338837,0.42955,7.823907,-0.8016,-0.972313,-0.560609
2024-01-01 00:00:29.990,-1.494781,-0.016295,8.471083,-1.004813,-0.756125,-0.229405
