timestamp,acc_x,acc_y,acc_z,gyro_x,gyro_y,gyro_z,label
2024-01-01 00:00:00.000,-1.163866581069189,3.6341783822475824,0.6572484829877875,-0.005577090882264505,-0.22621595906309827,0.18177878340755535,abnormal
2024-01-01 00:00:00.010,-0.2544053392352125,-0.27509628058723806,0.774063327485121,-0.22465987305315738,0.24229518353290172,0.5819500175832705,abnormal
2024-01-01 00:00:00.020,-0.3440759028014551,-1.9061926595171412,0.3815465082445163,-0.14518127639936346,0.6602678069464716,-0.24132191511216264,abnormal
2024-01-01 00:00:00.030,2.8349027042564887,-1.2123172682701322,0.7054443309396619,0.9729655310290105,-0.6078548987002427,1.0230739339594466,abnormal
2024-01-01 00:00:00.040,-1.1318705875303667,-2.3446728902539498,2.7134053727666867,0.4338528957981991,-0.5322193357147974,-0.5283679611638377,abnormal
2024-01-01 00:00:00.050,1.6509538316587804,0.04180672227845432,2.3131994351766108,0.5101661215247252,0.8578039822807879,0.3961345936672235,abnormal
2024-01-01 00:00:00.060,0.14781590475181533,-0.3725261603227909,3.4890274999996302,-0.7160578631302478,0.051677346463802856,-0.5310185858351224,abnormal
2024-01-01 00:00:00.070,1.226224572354291,-0.14232463856743421,3.5820757471169573,-1.0123374533372094,-1.2211495492028668,0.3646662804951777,abnormal
2024-01-01 00:00:00.080,-0.0033337459598824517,0.0445752968580069,1.5027146406928336,-0.6417155003186983,-0.5360835659002597,0.02809957729194912,abnormal
2024-01-01 00:00:00.090,0.4713241255829852,0.7306743883918799,4.98004497283016,-0.44058668327841,0.53281675572218,0.17550962737946457,abnormal
2024-01-01 00:00:00.100,0.5893872776553504,-0.7479010217648696,5.273810908954091,-0.3127521512742029,0.9163820835033035,0.7576509572696752,abnormal
2024-01-01 00:00:00.110,0.13144643290886526,-0.8455476090302879,5.850574913002543,-0.46010072469051183,0.1708489607174659,0.7945813716903181,abnormal
2024-01-01 00:00:00.120,0.7815111581581663,1.5249299910858805,6.191844960390429,1.179061421806954,-0.2766308505858394,-0.21942132687179616,abnormal
2024-01-01 00:00:00.130,0.41955643394371417,-0.6182900396969537,5.586296210759121,-1.4185197619173922,-0.727000301547514,0.2425561449169819,abnormal
2024-01-01 00:00:00.140,1.4793828501171498,-0.5087834503016218,5.700801234802456,1.3335040602229875,-1.442746098695316,0.16941068085738648,abnormal
2024-01-01 00:00:00.150,2.168930927751237,0.6978762218846426,6.845752369158771,-0.2785503767424748,-0.34006665006022485,1.0600364192771052,abnormal
2024-01-01 00:00:00.160,-0.10599581106417187,0.674835650173587,5.659040107837513,0.9160021591354023,0.8330297833055612,0.7541261092471057,abnormal
2024-01-01 00:00:00.170,-0.2246756011350427,0.4581620963923755,7.075248864105457,0.573128183973794,0.461089001581033,-0.5429028719451706,abnormal
2024-01-01 00:00:00.180,0.49282978777712794,-1.6278733320482537,7.59915646670492,0.49216354161846804,0.2745736954317363,0.07704681738475543,abnormal
2024-01-01 00:00:00.190,-1.9889986951277498,1.589769238423615,8.536413696550289,1.1276918482819573,1.5436166364567183,0.0019513888715154929,abnormal
2024-01-01 00:00:00.200,0.36982805561882315,0.9626460581357619,8.39696767110166,-0.8724160887216507,-1.6241827162336135,-0.4323940852066739,abnormal
2024-01-01 00:00:00.210,-0.6290828318084579,-1.9076670589225566,8.666930230708521,-1.0849616576267869,0.1570972002332373,-0.35855964564683396,abnormal
2024-01-01 00:00:00.220,-0.9875228873324964,3.220084155991099,8.033765178154017,-0.6049040325518198,-0.43593751709646644,0.2547671706337039,abnormal
2024-01-01 00:00:00.230,-1.894500170113552,-0.13986250172621212,8.328189712208378,-1.1298291501954894,-1.9880964021912906,1.1024419059780095,abnormal
2024-01-01 00:00:00.240,-0.26952908873502196,-1.2202075925419915,8.02177707046495,-0.599782701848546,-0.48430615878953004,0.5568559909570443,abnormal
2024-01-01 00:00:00.250,0.6118625873252223,1.327935801980382,9.21488755884334,-0.45043500927755364,-0.681049903440933,0.623397261829977,abnormal
2024-01-01 00:00:00.260,-0.633964707011216,-0.10094092074135289,8.59475118488186,1.4503973194555553,-0.12640043748463645,-0.29344074951882165,abnormal
2024-01-01 00:00:00.270,-1.0917867388910847,-0.14519686424847938,8.857268101473057,-0.7114336563104257,1.6011256767306803,-0.08032223795883983,abnormal
2024-01-01 00:00:00.280,-0.6750541859346754,-0.9350083878209016,8.180077880865749,-1.2452261185931843,0.12065392819722855,0.1641844856846405,abnormal
2024-01-01 00:00:00.290,-0.18166243746711475,-0.26864941975657214,8.07034489465352,1.5408904816627358,-0.8954322985210706,0.3171439211817953,abnormal
2024-01-01 00:00:00.300,-1.3906265358917758,1.3026267364982698,8.07238372753996,-0.14926795555173555,1.2782902192887093,0.8265950407744177,abnormal
2024-01-01 00:00:00.310,-0.6409451653446157,1.3008413245524133,7.26552626398,0.01350234049085804,0.5803582266763626,-0.4546275955892559,abnormal
2024-01-01 00:00:00.320,-1.2905105244009172,-0.6094640483969838,7.424978364079801,-0.15628580133884132,0.962848589923937,0.34153157556554525,abnormal
2024-01-01 00:00:00.330,-0.15133940421760542,-0.1261490304547389,7.571158184315583,0.5138924341575878,0.945414772837287,-0.46458954223165017,abnormal
2024-01-01 00:00:00.340,2.09351615122361,-0.6716822407656803,8.15751962007967,0.33180196306359677,0.7322781138937124,0.8635509666311121,abnormal
2024-01-01 00:00:00.350,0.19850752015846126,1.2456160360719428,7.2305906187326485,-0.9185519593380724,-0.006043763874029502,-0.22454981927230389,abnormal
2024-01-01 00:00:00.360,2.390165242737313,-0.029021917340820203,6.447740585827297,-2.348463294754103,0.6235671045062431,-0.03169507448846679,abnormal
2024-01-01 00:00:00.370,-0.8317635333990042,-1.7888872377035203,5.9323293058890165,-0.3678542828840281,0.45143814100220775,-1.0357079640762288,abnormal
2024-01-01 00:00:00.380,-1.3632850567080663,-0.7447193371351177,6.380074981311898,-1.338783081490429,0.762469416613171,-0.5816093152385111,abnormal
2024-01-01 00:00:00.390,-0.3407432669447666,-0.6432355890095125,5.935680267064582,-1.0175735842497198,0.7487798629196936,-1.0232232263118772,abnormal
2024-01-01 00:00:00.400,0.10220936687190435,-0.4091644981787487,4.475082033073929,-0.014301007384732748,2.19483010622828,-0.09612076506748662,abnormal
2024-01-01 00:00:00.410,0.4489469029231658,-0.7488687537492072,5.829462710856898,0.7688242674161503,1.506432309594994,0.1956837207227275,abnormal
2024-01-01 00:00:00.420,0.4638692776559654,-0.9957336019849279,4.205428680833517,0.4432872306974213,-0.17902182821041,0.1995246087275222,abnormal
2024-01-01 00:00:00.430,-0.37922127979369313,-1.364425634544119,4.4183278695248305,-0.6240093500299259,-0.20076570040060382,-0.46362647819286873,abnormal
2024-01-01 00:00:00.440,1.0630021795591456,1.1946632994084208,3.4008531428680984,0.2454799455900177,-1.1658455087579074,0.44506497079926605,abnormal
2024-01-01 00:00:00.450,-0.10711417936501381,0.5711503460551276,2.363259016879106,1.190423528400342,0.2965930190556902,-1.3805449163777603,abnormal
2024-01-01 00:00:00.460,0.8401109147151279,-0.7631454331078977,2.081513811359742,-0.7525523007475525,-1.2091329305234622,-0.18830567839183018,abnormal
2024-01-01 00:00:00.470,0.5383673514236674,1.0932780311646604,1.543248905245754,-0.7985657749146561,-1.8765447319211603,-0.5820057820899251,abnormal
2024-01-01 00:00:00.480,0.30205668109566775,-2.03671542973926,1.6671388491387524,0.9709223024091154,0.15175399843469192,-0.318612994750458,abnormal
2024-01-01 00:00:00.490,0.2653223859198032,-1.245953782379552,0.9702876600239175,0.5701659261708375,1.1813818182087605,0.443398567801791,abnormal
2024-01-01 00:00:00.500,-0.8673154432302003,0.08564710475705971,0.14504714547681477,-0.05839186402082202,-0.16883601275026308,-0.5619165588913226,abnormal
2024-01-01 00:00:00.510,0.6492327265894903,0.5196503309508084,0.09342590787621663,2.1578885593314316,0.6974944541073258,-0.6789923257529186,abnormal
2024-01-01 00:00:00.520,0.697084261956252,1.9428268513157094,1.3030838459830143,0.4424894088805676,-1.5994222209072702,-0.3669351514326987,abnormal
2024-01-01 00:00:00.530,-0.5779542252965989,-1.881606114742134,1.100968964089638,-1.1595537278047439,-2.429044015637297,0.06740728203990241,abnormal
2024-01-01 00:00:00.540,3.051531786739132,-0.812299549087087,1.0360137933863456,0.722202486728225,-0.5353823230908137,-0.22115861541606913,abnormal
2024-01-01 00:00:00.550,0.19812673646063764,-0.2898020602411552,1.6250537785822954,-1.052475288228329,-1.237761199019636,0.2939417194416007,abnormal
2024-01-01 00:00:00.560,-1.5408542695667087,0.09654653374526269,2.517581449772494,-0.17022754010785066,0.3968508202165338,0.25093760235175444,abnormal
2024-01-01 00:00:00.570,-1.885528182207189,1.1568853946403381,2.817665100990051,0.40998092586050555,1.4185826707538953,-0.34916283401708903,abnormal
2024-01-01 00:00:00.580,-1.0192729309363444,-0.733192515053332,4.245225091502533,0.651174288674448,-1.1168556222359876,-0.7672238578879872,abnormal
2024-01-01 00:00:00.590,-2.628850835856142,-1.3594919240715846,4.168387053400705,-0.2731866989277898,-0.10524206053644092,0.36765689771003635,abnormal
2024-01-01 00:00:00.600,0.48644719947749127,-0.5340205658709224,4.62227834898959,-0.151430996178445,0.7498747038470922,0.36672798737885964,abnormal
2024-01-01 00:00:00.610,-1.2765222238210032,1.3819560081366946,5.363031229948609,-0.7346134314509705,1.2361243617030457,-0.3465288199905978,abnormal
2024-01-01 00:00:00.620,0.4650997579743061,-0.4409404507718467,5.66101470802445,1.412843647370207,-0.4435833162037772,-0.63977472666741,abnormal
2024-01-01 00:00:00.630,-1.650238960706545,-0.6947653042200752,5.182542304181818,-0.8800995851930075,1.2364180356795653,-0.565884941279934,abnormal
2024-01-01 00:00:00.640,0.26808575469744705,-1.3753610136222456,5.411306681341494,-1.1659537906572566,1.8043547471705934,-0.2093740785129507,abnormal
2024-01-01 00:00:00.650,1.2920858275355842,-0.0849291704460778,6.603914826478954,-0.0009263713312727862,-2.010666471901695,0.27598640173404604,abnormal
2024-01-01 00:00:00.660,0.7024451308542872,-2.493631094565527,7.294645224519337,1.0253215326774914,0.05395051052947666,-0.1311139208023273,abnormal
2024-01-01 00:00:00.670,-2.0884836652111214,-0.23190717283110018,7.51138362632964,-0.45298929450237074,-0.9389741674916637,1.4655529192209213,abnormal
2024-01-01 00:00:00.680,0.07370753136205555,-0.4076812979177474,8.171894926232838,-1.5503956246092756,-0.6922320084124288,0.16499418380181638,abnormal
2024-01-01 00:00:00.690,-0.4486012855657568,-1.7524429875234095,8.000232517323656,1.1809591513865387,0.0789626906601155,0.10897396185482332,abnormal
2024-01-01 00:00:00.700,1.4116343005217358,-0.7240425390084256,7.6683310096059385,-0.8476351152159939,-0.40702970125280463,-1.2359967296952867,abnormal
2024-01-01 00:00:00.710,0.5025049863371107,0.4409017615525073,7.213615492248579,0.8211121912426678,0.12535382208195361,-0.5985210602242386,abnormal
2024-01-01 00:00:00.720,2.27136090173372,-0.817574280988072,8.431607391480707,-0.7566493267414433,0.16743351788876448,-0.23397881794321754,abnormal
2024-01-01 00:00:00.730,0.2505192939976994,-0.8569705310744113,7.372334289418058,0.14939364589873988,1.861295159668678,-0.37257276021482216,abnormal
2024-01-01 00:00:00.740,-1.2534160030962547,0.22909983106755943,9.012777574980154,-2.007099858208248,0.3492668852268903,-0.6592437664977001,abnormal
2024-01-01 00:00:00.750,-1.0375560000258905,-0.4366850359158738,8.510671189622512,-0.3911472117410371,-0.07151389104619406,-0.03219345358917536,abnormal
2024-01-01 00:00:00.760,1.4821409279714775,0.6882871939979144,9.22540124703807,0.5517245139279738,-0.6123863783179655,-0.7047921805132965,abnormal
2024-01-01 00:00:00.770,-1.1325277443877388,1.6240184083152904,9.19728776515891,-0.8373316009244923,-0.245290985476443,-0.7262863887099954,abnormal
2024-01-01 00:00:00.780,0.23339630145767692,0.9528807062489062,9.360503371774586,-1.592096435436435,1.5878417667184774,0.16570669073644348,abnormal
2024-01-01 00:00:00.790,2.621031382603898,-0.39451820266252813,8.353575660165308,0.46988642990756685,-0.8471980854060409,0.4653044568549056,abnormal
2024-01-01 00:00:00.800,0.045489094498431415,-1.8304630924867549,8.556254212023747,-0.37273068932613035,-0.614608109693974,1.0001586718437774,abnormal
2024-01-01 00:00:00.810,-1.009917702687983,-0.18782688285983237,8.021470089429183,0.2572303956329334,-0.978412810175267,0.36685533075894466,abnormal
2024-01-01 00:00:00.820,1.093123529138617,-1.7877194272643544,8.083316270139793,0.4884939919527636,0.8702627557140625,-0.32356840273864046,abnormal
2024-01-01 00:00:00.830,0.5125648776893101,0.05172405979069867,8.068388866573496,-0.7005141390772993,-0.7759775597963261,-0.10527654736084067,abnormal
2024-01-01 00:00:00.840,-1.3752763793772165,-0.48017571277781806,8.510878942534696,0.07779256439977292,-1.5746056928421126,-1.3094016956190953,abnormal
2024-01-01 00:00:00.850,0.9782356658460823,0.2851692339822906,6.994105896370479,-1.2370425586633218,-1.542663608779381,0.997479191969633,abnormal
2024-01-01 00:00:00.860,0.2841079370211891,0.8701840759333751,6.9797024032125385,-1.0194297058167054,0.5188002532464494,1.0702552073260503,abnormal
2024-01-01 00:00:00.870,0.9007619265452507,1.2256129802419287,7.287067150221105,-0.3170236220900055,1.2688444357109026,0.7292030992859893,abnormal
2024-01-01 00:00:00.880,-0.7254852561739887,0.8978239080623461,6.509543639913147,0.45310279757683325,-1.0140067354630717,-0.14039727039373878,abnormal
2024-01-01 00:00:00.890,1.4184375234604423,1.5627906831389013,6.096503111234372,1.0224769883705431,0.2022736443674964,0.08394636257185849,abnormal
2024-01-01 00:00:00.900,-0.5547388781944582,0.9588592587053612,5.044493601985662,-2.128964848552375,-1.3630399916683302,-0.47002184166862054,abnormal
2024-01-01 00:00:00.910,1.5442886643472598,0.7371983033350864,4.0098027164941,-0.9545263915295233,-1.537987492883948,0.01560836205082069,abnormal
2024-01-01 00:00:00.920,-1.2798564502541685,-0.9068524154007332,4.529729288111239,1.852085517323175,-0.8637293098947795,-0.2050768765157398,abnormal
2024-01-01 00:00:00.930,0.4154429435536128,0.07344896986598211,4.408974680623062,1.367038615143785,-0.5875076307367363,-0.0021172760304233613,abnormal
2024-01-01 00:00:00.940,0.45959642752682905,2.7685744353966277,3.834333473962784,-0.016956605270799785,-1.081014717505764,0.3869698361367315,abnormal
2024-01-01 00:00:00.950,-1.4973765585263232,-0.08336663100447814,3.1860902577582837,-0.026811540421531107,-1.9189076350885943,0.31750534292840077,abnormal
2024-01-01 00:00:00.960,-2.2407201884609074,-1.2148069667049803,1.9053146814155482,0.36995985643767615,0.4353990794316847,0.42034388693211117,abnormal
2024-01-01 00:00:00.970,-0.797051169360521,0.463377006829719,2.516303713911637,-1.0367503347241889,0.6023082718390759,0.7490717517170018,abnormal
2024-01-01 00:00:00.980,-0.9101840310149338,-0.18832225722496246,1.3512681186894806,2.6370051353521196,0.3789272087377409,0.6025260326888204,abnormal
2024-01-01 00:00:00.990,-0.7431043265576025,-0.6551431406468309,0.8523466268154243,0.015650164175951397,0.8170673524057643,-0.5797808986899502,abnormal
2024-01-01 00:00:01.000,-0.13992367152243798,1.0539378642481034,0.7731006781226883,-1.1022504022107553,-0.5646891809736955,0.5228430916275927,abnormal
2024-01-01 00:00:01.010,2.7249294710034766,-1.3296674226835468,0.47406357971816937,0.18399875799221774,0.6824269908923067,-1.1138206759018672,abnormal
2024-01-01 00:00:01.020,0.2699592132730978,0.045917425218533515,1.358120684693421,-1.0763373170946053,-1.4471839367662778,0.02020855184486112,abnormal
2024-01-01 00:00:01.030,1.991064359500912,-0.009945169286897983,-0.07168780783516016,0.31136333017998274,-0.18827090782207173,0.5389386006480608,abnormal
2024-01-01 00:00:01.040,0.49008867900768605,-0.43586643870383945,1.1946434494870244,0.5143082814913605,-0.10290643110904517,0.5913794442610897,abnormal
2024-01-01 00:00:01.050,1.3875358592293103,1.6844364783238686,2.2277006279920903,1.17492472350303,1.2164232284939134,-0.4589899125633039,abnormal
2024-01-01 00:00:01.060,0.7454410492044237,0.2956171649834731,3.0150179646740094,-0.8037591897076222,0.4937667181523061,0.3690177729205192,abnormal
2024-01-01 00:00:01.070,0.1371625405204588,0.04246949496603189,3.8487210040093505,0.5343220263375597,0.19693195473263653,-1.1021782784104606,abnormal
2024-01-01 00:00:01.080,0.6435532334524185,-2.681461862142065,3.803839735629084,0.27889758139856674,1.3771540459210083,-0.4348376854922664,abnormal
2024-01-01 00:00:01.090,2.6772185715586785,-1.0408044671508092,4.151821992950828,-0.19572340212962364,0.5003013110488692,-0.2890197178826065,abnormal
2024-01-01 00:00:01.100,-1.9059354229597227,0.20357192333230287,3.693387225437678,-0.4209181408199915,0.586172933941805,0.07257762053031193,abnormal
2024-01-01 00:00:01.110,0.360083223158403,-1.191370994129631,5.086406293138228,-1.0440475863765344,-0.16265435124619967,-1.0999182411002613,abnormal
2024-01-01 00:00:01.120,0.8138832928629675,-0.032539642864826704,6.2123492306350325,0.8726466397510254,0.7628230838477027,0.5760914479050283,abnormal
2024-01-01 00:00:01.130,-1.4001068956412597,-1.315663148112303,5.729914985740835,0.46861422414251414,-1.3847905641216474,0.11273008648573664,abnormal
2024-01-01 00:00:01.140,0.7076483478573029,-0.7949686062851586,6.292702774982597,0.7080987440815131,-0.15716438332375318,-0.024927173162895163,abnormal
2024-01-01 00:00:01.150,0.27928811755843347,-0.03798295091177891,5.821589654842125,-0.16584165052874603,-1.0075015478087206,0.43822092629405185,abnormal
2024-01-01 00:00:01.160,1.5440814863717045,0.5813800405608687,6.2271514275858175,0.7572014701448145,-0.14919072567487965,1.0669272346684984,abnormal
2024-01-01 00:00:01.170,0.8051402333178587,0.1847064839935508,7.8041651136644665,-0.9808148783542412,0.16874807172839942,1.1081587691988368,abnormal
2024-01-01 00:00:01.180,0.032164255508846835,0.02080622798068009,7.194275445678204,1.7615069595703152,-2.003021309523284,-0.3248224437035069,abnormal
2024-01-01 00:00:01.190,0.3912584106615004,0.4043221213851931,8.188228912439902,0.9545038124871742,1.1280168653362321,-0.1923138440449479,abnormal
2024-01-01 00:00:01.200,-2.554187696432265,0.34033290027740726,7.493897448331143,-1.2249207756437261,0.506608670953976,0.5688656380755234,abnormal
2024-01-01 00:00:01.210,2.4616463286369545,0.23279618794153953,7.552765002145231,-0.5705757104075807,-1.9544270167745685,0.6380240372624705,abnormal
2024-01-01 00:00:01.220,0.3291517921105501,1.364520244303969,8.169243557786826,0.42012897674821076,0.4449273368091467,0.38904145207344787,abnormal
2024-01-01 00:00:01.230,-1.6378363114940815,-3.3184728723045818,8.111211588427233,-0.7225656586799969,-0.35934165287153774,0.15472264899570737,abnormal
2024-01-01 00:00:01.240,-1.152504846576631,-0.7766285238688402,7.7113135536574,-0.5990901286854342,0.24398168183397587,-0.9859157599004637,abnormal
2024-01-01 00:00:01.250,-0.2485958212416146,-0.5101542859474634,8.443684296819171,0.7435714379515233,0.1812108565238715,0.7961077625911016,abnormal
2024-01-01 00:00:01.260,-0.6850154785487608,0.8362446039755618,7.844810084187124,0.038226132788964445,-1.7819943756002017,-0.6316271566561189,abnormal
2024-01-01 00:00:01.270,0.21495679213994667,-1.6024030506552085,8.555485911531544,0.42976666208072994,-1.725618601500121,0.04601420951706873,abnormal
2024-01-01 00:00:01.280,-0.8175862094019757,-0.9770595215154415,8.803742879246329,0.2197614896870109,1.1297900076551397,0.5017867577928332,abnormal
2024-01-01 00:00:01.290,0.6142133085998435,1.1412395431882194,8.169610138307643,-0.7650510294132932,-0.2810044009992061,0.2154382855755288,abnormal
2024-01-01 00:00:01.300,-0.570400449835485,-2.083504619332849,9.107578477689554,0.12929658897563018,0.07737435238314293,0.3442296865636755,abnormal
2024-01-01 00:00:01.310,-0.11566246309967883,1.6795408841565445,8.072021556024326,-0.7736905185579458,-0.8982496410604676,-0.6224766456706198,abnormal
2024-01-01 00:00:01.320,-1.6891385400949916,-1.154554216645052,7.8211266033726154,1.403457717000398,1.553298250551932,0.40764293450789446,abnormal
2024-01-01 00:00:01.330,-0.9357349245068235,2.7093550330520477,7.715494517784395,0.5858736298094542,-1.0604502874260375,-0.39706166878309196,abnormal
2024-01-01 00:00:01.340,-0.1986373247030869,-1.1957523813896724,7.240117355356588,0.6578371388655584,0.31419711771595826,-0.4327569757120609,abnormal
2024-01-01 00:00:01.350,-1.176828850793728,1.3771680739033807,7.034572553006456,-0.14031035758009144,-0.09285764870837836,0.1272925499756044,abnormal
2024-01-01 00:00:01.360,-0.3522495221989471,-0.3427615644188318,6.822526485729228,0.45404358300001524,-0.8101298708636175,-1.1177054655696244,abnormal
2024-01-01 00:00:01.370,-0.44732214036451073,0.4460360249815462,7.221399084871986,0.14182161442149407,1.1423741122404816,0.5228363500268516,abnormal
2024-01-01 00:00:01.380,-1.9572274849267521,1.8647678525643285,6.389243424134345,0.82859656026117,-0.6363880606213344,-0.49801135932558876,abnormal
2024-01-01 00:00:01.390,1.2175338498866528,0.05610427332139373,6.008474425136305,-0.1735964636076008,-1.1037351534975919,-0.32921751197466365,abnormal
2024-01-01 00:00:01.400,-1.7221240068154189,-0.6397012859682846,5.046945227793732,0.0724702497388834,0.3331731556914005,-0.6579242434978613,abnormal
2024-01-01 00:00:01.410,1.9519034824348198,1.2741280231405352,5.326150619016664,-0.47152536830438446,-0.7242486183915052,-0.46242131100226236,abnormal
2024-01-01 00:00:01.420,1.1346978811820607,-0.04482075206352019,4.720525679413314,0.08082225163003492,1.1826282233818404,-0.01849242742606822,abnormal
2024-01-01 00:00:01.430,0.5913333751294265,1.5616040598652228,3.2678390665385,0.5047913382912427,0.5316337868159493,0.4232938372326733,abnormal
2024-01-01 00:00:01.440,-0.12506378394896614,-0.5843190545792011,3.7102247383005738,0.04226485746437424,-0.12639227976782763,0.4480340060760753,abnormal
2024-01-01 00:00:01.450,-1.1059756891352936,-0.10164938233819988,2.915593137304162,-0.7582349487842338,-0.002535028565423209,0.4451138811708148,abnormal
2024-01-01 00:00:01.460,1.8878825236771486,0.8415496668205577,2.3687098988449855,0.4657394083056749,-0.9860131439301869,0.30448484656543523,abnormal
2024-01-01 00:00:01.470,2.3567434722059755,2.172308564457917,2.874878849238474,-1.1334060530505297,0.3960522236995431,-0.8296060599791607,abnormal
2024-01-01 00:00:01.480,-0.8918344036985971,0.8752357415540527,2.1919698001464596,-0.6661851239081876,-0.5601755751099534,0.5734690481361093,abnormal
2024-01-01 00:00:01.490,2.1252773976062644,-0.18744746065431328,1.9515408092645319,-0.4841580110903795,0.9459335311415507,-0.17807607202456815,abnormal
2024-01-01 00:00:01.500,1.328980691091118,0.14983005859635865,1.0547672013350287,-0.4891594648877593,0.2985983501359355,-0.4731958055189104,abnormal
2024-01-01 00:00:01.510,1.0355991867946326,0.7207351857798885,0.24123390240173642,0.7514190119416085,1.1620694349716323,-0.8762814178401592,abnormal
2024-01-01 00:00:01.520,0.6013948512836887,-0.3322036056482137,-0.002962354653593152,-0.16984267710529347,1.629111258412912,0.0048564412152525055,abnormal
2024-01-01 00:00:01.530,-0.3354085317953147,0.031242666517407047,0.6707442568688188,-0.1127359786692219,-1.4751087293989387,0.28406644921241847,abnormal
2024-01-01 00:00:01.540,-0.10488871069920402,0.9121231241497643,1.4038164040172638,1.3022764792172006,1.2414111411030488,0.508258024925942,abnormal
2024-01-01 00:00:01.550,0.27397108914757967,-0.09068296452041992,1.5743493803709614,0.32834380357395276,-0.5165403641826183,-0.301683970491821,abnormal
2024-01-01 00:00:01.560,1.5951210129232554,0.6179824389709027,2.481971770639639,0.7085747667779376,0.9306739988299624,-0.1933893284773307,abnormal
2024-01-01 00:00:01.570,-1.5281952133076722,0.6673362009794045,1.9073490158563993,0.42954378896223394,-1.211954727218436,0.2531616151505415,abnormal
2024-01-01 00:00:01.580,0.2643091715593546,1.0954717660735998,3.50227910744774,0.9579691200511892,0.18127160346885954,0.5897367050456718,abnormal
2024-01-01 00:00:01.590,-1.290881663214238,-0.7929879948001026,3.9890450856032755,0.672490855099138,-0.7030885479791386,-0.6303692690261209,abnormal
2024-01-01 00:00:01.600,0.10396838290835037,-0.9629810274298514,4.549966176482996,-0.294936120909406,0.26586597239988613,-0.6992112127955661,abnormal
2024-01-01 00:00:01.610,-0.3177829334636814,0.7053789693601282,4.560718387438573,0.27859723396999625,0.31766646832185846,-0.2408947251115042,abnormal
2024-01-01 00:00:01.620,-0.8811881316484608,0.5610501492002363,5.527577340526997,-0.3139863789278805,-0.5666886563656589,0.33248788550199454,abnormal
2024-01-01 00:00:01.630,0.7352498940320744,-1.1059024707674037,6.074523851890614,-0.03488303876642521,-0.6401479132183034,-0.618974431689796,abnormal
2024-01-01 00:00:01.640,0.8182487984555902,-0.001876248781160994,5.088036334142438,1.112191123937212,0.906188922269467,0.829661901606055,abnormal
2024-01-01 00:00:01.650,-1.5006268971682286,0.6872760039676014,6.786937578307494,1.417536671089173,-0.9391609716770494,-0.14992604757053185,abnormal
2024-01-01 00:00:01.660,-0.876435958768815,-1.5050415778494994,7.016780325995649,-0.05779160226983375,0.5525318492553511,0.8031077579500029,abnormal
2024-01-01 00:00:01.670,0.5658691379679477,1.0411516520150967,6.263747649629226,0.49635135217843374,0.035846760427223616,1.0645233520240103,abnormal
2024-01-01 00:00:01.680,-0.6071169424340197,-1.6961006640895036,7.596481739780414,-0.10391387876275962,0.19308874145764707,0.2721853851472582,abnormal
2024-01-01 00:00:01.690,0.3585060683580578,0.4897882321392745,7.047700685549648,-0.06139423590552927,-0.35728220962780033,0.4220911536370694,abnormal
2024-01-01 00:00:01.700,-3.339143653491156,0.5146566106645317,6.933209735768039,0.3341962181028545,0.22463172506199308,0.7319452303925336,abnormal
2024-01-01 00:00:01.710,-0.481816586661956,1.9880503039196031,8.505522575937002,-1.129317870862495,0.6582060711879839,0.2348692047128232,abnormal
2024-01-01 00:00:01.720,-0.4066411872174753,0.4172898078967451,8.50917939348102,-0.17153629104593873,0.12861641447353936,0.8258102775731757,abnormal
2024-01-01 00:00:01.730,0.3226686589369337,-1.093466551370295,7.648858317182463,-0.9686601815716677,0.9205752912521551,0.7601692524267621,abnormal
2024-01-01 00:00:01.740,2.6388238288455295,-0.6914280578354328,8.63975188381445,-0.09309451868516617,0.012744511174374955,-0.14121826867719636,abnormal
2024-01-01 00:00:01.750,-0.32376286636921886,0.6836840513634536,8.373233101625816,-0.012540168561597115,-0.6986983392504239,0.9504375386159388,abnormal
2024-01-01 00:00:01.760,-0.2088036667304581,-0.15855273253240684,7.988469600421776,-1.80645532753296,0.24033753695791957,0.6352758839495136,abnormal
2024-01-01 00:00:01.770,1.6995075997972946,0.5514055435923668,8.010013137234392,-1.0374773660904077,-0.6262480922015666,-0.24856286168976735,abnormal
2024-01-01 00:00:01.780,-0.15869687067291413,-0.3787148513541517,7.78812940884464,-1.1104391916317569,-0.3257164822251146,0.6994071985339428,abnormal
2024-01-01 00:00:01.790,1.9632405606924381,0.3164568013373686,7.6672872980905185,0.6248790452919903,-0.47648184335448873,0.7009651484328371,abnormal
2024-01-01 00:00:01.800,0.8989677512428761,0.7357028096598806,8.300540669567916,-0.38924266150430337,-0.5177830961997659,-0.9182183314140371,abnormal
2024-01-01 00:00:01.810,-2.1400281698602854,0.7781910960925412,8.524917381384798,-0.5679147392523275,-1.441353268189856,-0.34390942585514056,abnormal
2024-01-01 00:00:01.820,0.22176328967234338,0.6193712423699905,9.188432613916216,-0.41622936014651674,1.2688620580875138,0.035731771468492504,abnormal
2024-01-01 00:00:01.830,1.8982972460315115,1.8007863144744047,8.786876069711836,0.18897891312851137,-0.659455565588154,0.910853159962138,abnormal
2024-01-01 00:00:01.840,0.2645866141567013,-0.9506902942480997,7.732671610105553,0.8773342084065102,-0.46842832607182394,0.12792255053523718,abnormal
2024-01-01 00:00:01.850,0.3540226114280404,3.0740795308525115,7.353745038521055,0.6789307252688532,0.4990560404687515,-0.020542004121934725,abnormal
2024-01-01 00:00:01.860,0.21042191455436038,-0.7002810550404186,8.043668534461757,0.18082317855747615,0.9282067944266144,0.027207966091836438,abnormal
2024-01-01 00:00:01.870,0.1723083196980615,-0.2401759247543667,6.959055045133918,-0.5042034722375156,-0.631318095330808,0.26538441918436717,abnormal
2024-01-01 00:00:01.880,1.502282721308266,-1.3034883443500123,7.380465051620985,-0.1525066949966478,-0.8074427303005071,-0.32202568090463435,abnormal
2024-01-01 00:00:01.890,0.6583114156437962,0.5583274372791803,6.118302926406368,-1.0130659546035472,-0.5843733824300367,-0.13227429062015553,abnormal
2024-01-01 00:00:01.900,0.2998038079019557,1.2437562923100915,5.83746375935644,0.5019027692291462,-0.8417678621203292,0.7073996122270904,abnormal
2024-01-01 00:00:01.910,2.816063993465989,0.06612027612385049,5.602034433350499,-1.4282781834109268,-0.8358048298685231,0.2930846542103127,abnormal
2024-01-01 00:00:01.920,-1.7470691800606957,-0.23615343797829555,4.891167125822639,-1.0846003400890902,-0.941835367007702,0.42866938560001827,abnormal
2024-01-01 00:00:01.930,-0.7817762577173143,-0.5611855735680678,5.11120562443487,0.3899154055174132,0.20633235898826693,-0.7067922049849843,abnormal
2024-01-01 00:00:01.940,-0.36625533824481815,-0.3225381127371768,3.8788340298922686,-0.5078860524188462,-0.5925521187941868,-0.13793506322122542,abnormal
2024-01-01 00:00:01.950,-0.44678060486557797,1.4571402848185906,2.9953076778485874,0.580159878885507,1.7479836697463296,-0.6739875165068002,abnormal
2024-01-01 00:00:01.960,-2.0523655743239573,2.3637931046229896,2.4426335956291396,-0.6054347851215247,-0.20648525958398242,-0.1913253610587507,abnormal
2024-01-01 00:00:01.970,3.198766678928056,-0.4155089863057409,2.734968757384425,-0.2221922930054183,-1.2235099320452028,0.22367830130850538,abnormal
2024-01-01 00:00:01.980,-0.10605945107110781,0.27326502150810145,3.2125414246798636,-1.652588708209397,-0.10828175548302951,0.3423078426480942,abnormal
2024-01-01 00:00:01.990,0.6297988416661144,1.146616235947917,0.967771775827955,1.3464892729273819,0.9529913578551951,-0.06814598804505619,abnormal
2024-01-01 00:00:02.000,-0.019385729373376955,-0.5035495909007209,0.42522180928713815,1.4816456314361879,-0.13217830851428847,-0.4940801781164435,abnormal
2024-01-01 00:00:02.010,-1.4316723876985404,-0.23361600627529716,0.956534370675161,0.9246300857721124,-0.6383134664710821,0.6609277288417791,abnormal
2024-01-01 00:00:02.020,2.7742338334554963,0.9004039617897679,-0.22717921782166592,0.39692025939008024,0.0529142570707783,0.20316166488508408,abnormal
2024-01-01 00:00:02.030,-0.14571773534401916,0.13906936620357432,-0.44323369390043554,0.7922003291260621,1.1340813493407844,0.3916272867135157,abnormal
2024-01-01 00:00:02.040,0.1587730401419872,-1.5172358845481646,0.5780765002489421,-0.5841964645693312,-0.5244323378300019,0.4548127035078282,abnormal
2024-01-01 00:00:02.050,-0.052681234895581956,-0.08460373315444471,1.2546242506745637,0.9412360430007647,-0.006613853092222852,0.28017719530081137,abnormal
2024-01-01 00:00:02.060,0.3598058732483743,0.6739914570463302,1.5198219162135178,-0.39758460141242835,1.2300919052022758,-0.6965194911831325,abnormal
2024-01-01 00:00:02.070,1.6906626333476606,-1.1089699635135588,2.863537229928978,0.013671209654081718,-0.660140243094479,-0.04392847471394437,abnormal
2024-01-01 00:00:02.080,-0.05620851461742667,0.3627579267001428,3.2509567227512375,-0.5979807010606346,0.24085423204298298,0.11471440164150033,abnormal
2024-01-01 00:00:02.090,-4.044944196480522,1.3107309192076988,3.8419475216994874,-0.19382859187435889,0.14027541536547114,0.14160592481130382,abnormal
2024-01-01 00:00:02.100,-0.7975084688983549,0.12869814504695837,3.620268988062549,0.658351109210784,0.3897004551285225,-0.11913864766533191,abnormal
2024-01-01 00:00:02.110,-1.2913110219317552,-1.4693666317842073,4.72762745757492,1.1204621784670292,1.4169168070853773,-0.15335630931416672,abnormal
2024-01-01 00:00:02.120,0.6715895163698076,1.137337222581311,4.725931163692131,0.09541169993723217,0.18130011404887134,0.23231852986668025,abnormal
2024-01-01 00:00:02.130,-0.49347733669461497,-0.22644183917446895,4.366536690492976,-0.998744580892902,-0.029506511478631543,0.7898730457631311,abnormal
2024-01-01 00:00:02.140,0.5817137014472357,-0.2298362098875045,4.857290217211038,1.1954220814949668,-0.8535810404438577,0.11294712888903119,abnormal
2024-01-01 00:00:02.150,0.21081801582586113,-0.7883751921189436,6.134100133977802,-0.9854051261880388,-0.3571474382018959,-0.03412891613217141,abnormal
2024-01-01 00:00:02.160,-0.6353320618173529,0.28476387954029936,5.47128612943359,0.6626213186587877,0.46741632077379525,-0.3852990449801132,abnormal
2024-01-01 00:00:02.170,0.9011962293050771,-0.6871647075650757,5.606349910479551,0.8857392602964888,-0.07686307075912564,0.42689035468294917,abnormal
2024-01-01 00:00:02.180,-0.3588409137073372,1.2521850934163459,7.724304849620013,-1.0014290409725868,-1.2975256752744817,1.039358829640576,abnormal
2024-01-01 00:00:02.190,-1.4318678560463904,-1.3152580457082383,7.471172301101264,0.6460518063522679,0.6815101254601205,0.7246399427721533,abnormal
2024-01-01 00:00:02.200,-1.8415721331184103,1.8542445616136627,8.347260955176873,0.01024073129842359,-0.5816464880080663,0.24065672394912124,abnormal
2024-01-01 00:00:02.210,-1.2159398562719255,-0.526806590515333,7.192594582744138,-0.8065924853847134,-1.8418069890371191,-0.529813575968144,abnormal
2024-01-01 00:00:02.220,-3.156417649104177,0.03464463160639732,7.084079498067749,0.18608757493897649,-1.2293691042129893,0.3245784153813261,abnormal
2024-01-01 00:00:02.230,-0.08700910483758269,1.0184693930426159,7.74654766173136,0.18115684074693003,0.17757572354072254,-0.2514553530877391,abnormal
2024-01-01 00:00:02.240,0.23404958725172667,0.061703078267343725,8.38662389924993,0.4561131847995521,0.3990596624823749,0.4692788769075526,abnormal
2024-01-01 00:00:02.250,-1.4740561275252722,-0.9645289675744744,8.630875987639602,-0.10207571353241687,-0.0773219025174505,0.7739705792475808,abnormal
2024-01-01 00:00:02.260,-2.802062618261691,-0.8344221967758626,7.580831671184265,1.5051295093287638,-0.30744651055573025,0.2813213121509319,abnormal
2024-01-01 00:00:02.270,-1.4037837598871146,-1.257488959057958,9.168403816350942,-0.17993920433748167,-1.4815814967320096,-0.643341929372798,abnormal
2024-01-01 00:00:02.280,1.063710371339107,-0.18983318590486004,8.896220977801645,0.07973661461537258,0.5452998682732711,-0.13367628134051937,abnormal
2024-01-01 00:00:02.290,-0.26329634753880193,-0.16672467568790927,8.572737598027903,0.4149616006717258,-1.9725822819585768,0.6075840341934086,abnormal
2024-01-01 00:00:02.300,0.05895579546241535,-1.8229695143594353,8.073612360656261,0.41463751755179235,-0.9671035332304978,0.3985526894126317,abnormal
2024-01-01 00:00:02.310,0.24002859502670404,-0.762210068899802,8.575088340055208,0.5482758447453933,-0.33061583096983654,0.28274565692729153,abnormal
2024-01-01 00:00:02.320,-0.05645896373293906,0.4156449250023291,8.193688649308285,-0.12735338429536883,0.589067819774364,0.5895568533590928,abnormal
2024-01-01 00:00:02.330,-0.26376258922449686,-0.9641745368673857,7.435557014402606,-0.5567842908211359,-0.12629071122304075,-0.1849359725600291,abnormal
2024-01-01 00:00:02.340,0.7152623986793679,1.214209431657603,7.6933117813332155,0.789450920680753,-2.085379154214476,0.5148774639132672,abnormal
2024-01-01 00:00:02.350,0.6807168445410702,-1.659093407747873,6.785391842690641,0.41093881608791755,-0.15538013244034815,-0.5777630850514947,abnormal
2024-01-01 00:00:02.360,-0.9331167898027117,-0.2554237056443551,6.7529616228906875,1.4115113208965693,-1.202412048455658,1.1227981426039508,abnormal
2024-01-01 00:00:02.370,-0.8985318865539006,-0.5740342769965392,6.428533338920745,0.3453440134158879,0.12134501865438453,-0.4254651138177976,abnormal
2024-01-01 00:00:02.380,-0.15636849532169617,0.18121829818051546,6.848084559495604,-1.1319599741475717,0.6322048416915319,-0.06782770833019836,abnormal
2024-01-01 00:00:02.390,0.3510935124720536,0.13374477434489404,6.786955293951,0.2768400460576053,-0.8354162795259794,0.1247008282960754,abnormal
2024-01-01 00:00:02.400,0.646567696586989,0.40961151033309745,5.856801813567823,-0.6700208410879411,-0.12072884992484793,-0.12753274470849071,abnormal
2024-01-01 00:00:02.410,-0.15956332017578492,-1.9596380953849735,5.834047256443058,-1.1613432550695308,-1.0486657031714726,-0.3616238510095116,abnormal
2024-01-01 00:00:02.420,-0.23258557529111976,1.2063430555794283,5.063801731726145,0.38169000165149075,-0.04592622996645066,1.1792356731660787,abnormal
2024-01-01 00:00:02.430,-1.4231081146170985,1.59245795888559,4.450487861032505,-0.3101455382374683,0.8271387555532667,-0.41984968562638575,abnormal
2024-01-01 00:00:02.440,1.3996166527829852,0.23132887795502752,4.734657764226134,0.030021970591655324,1.542788726727674,-0.12959233674482107,abnormal
2024-01-01 00:00:02.450,-0.0026281990031370816,-1.0471779140620845,4.60192544256194,-0.058397118702974135,0.7148658830170938,-0.011767429761035961,abnormal
2024-01-01 00:00:02.460,0.8950670444917465,-0.9134439938935861,3.83915099417999,0.7829726190386401,0.9652821668698683,-0.12759875138168886,abnormal
2024-01-01 00:00:02.470,-0.37607870923233766,1.4757816670754953,2.4982182939407274,-1.7210867393357974,1.228910307091539,0.36393364639642856,abnormal
2024-01-01 00:00:02.480,-1.3064224556957595,-1.9079995946668098,2.3049322529429155,0.2877021380817636,0.18569597586142322,0.7757687339274894,abnormal
2024-01-01 00:00:02.490,-0.6841393610034764,-1.2030419011005693,1.2329298699235385,1.227033124656597,2.0535086904601894,0.5471891073697895,abnormal
2024-01-01 00:00:02.500,-0.7158035449327287,0.044271052682463875,1.5412340497073238,-0.2740590080794461,-0.17860121106265459,-0.3290927908727064,abnormal
2024-01-01 00:00:02.510,0.5866420321668077,0.11302480311641812,1.1562336576838084,-0.03442064422746319,1.7772156784001025,0.8476272999502338,abnormal
2024-01-01 00:00:02.520,-0.4646727065768115,0.725223253589565,0.29847445724858995,-0.46647022543697775,-1.4983844118743763,-0.2262921339468139,abnormal
2024-01-01 00:00:02.530,1.2918403538780348,-0.6153306470265967,0.5561606776804973,0.8447627962221765,-1.0969074080081762,0.1854865012428332,abnormal
2024-01-01 00:00:02.540,0.6444827770151327,-1.3495465553159427,1.7025829637612233,1.1261393829507487,1.2064417736758382,-0.006595924447957412,abnormal
2024-01-01 00:00:02.550,3.0123457578037023,0.8147519223307799,1.4021516918744321,-1.4423260440186563,1.573981378227385,0.5259134123656689,abnormal
2024-01-01 00:00:02.560,-2.0148289531977377,-0.35810918920647367,2.2448717116575083,-0.8624718288375063,-1.0050530672203966,-0.5222707502963824,abnormal
2024-01-01 00:00:02.570,1.6777030071804788,-0.23696931202883434,2.8041459707681744,-1.6718267263203959,0.1467072497753949,-0.48018022321594506,abnormal
2024-01-01 00:00:02.580,-0.6378333954860677,1.1449967330677346,2.231398207908149,0.1749649393681128,-0.568477577138725,0.6156216944618642,abnormal
2024-01-01 00:00:02.590,-0.037193842361500064,0.5228603206931958,4.022205678049275,-0.1534412361101603,0.4827918022324607,0.5752142766325681,abnormal
2024-01-01 00:00:02.600,0.3572959163600356,-0.9837830003243767,3.2613406464321457,0.25176709972110767,-1.2156080104518434,0.2904430426070263,abnormal
2024-01-01 00:00:02.610,1.3490355503588405,0.8968397757163111,4.379262536263956,0.3220418792507749,0.32674167441244123,-1.0843023943930599,abnormal
2024-01-01 00:00:02.620,0.10996651178505128,2.925071309617009,4.06800868279623,-0.7757632233974276,0.29165109531207906,-0.7647176126531253,abnormal
2024-01-01 00:00:02.630,-0.5064579520435802,-1.2060080385727905,4.931519462907802,-0.5727224622828149,-0.16251307612588975,-0.7859719940123807,abnormal
2024-01-01 00:00:02.640,2.057253845270686,-0.3359725353933843,6.52041851749261,-0.2676087657274253,0.28653853632572984,0.7463470990923792,abnormal
2024-01-01 00:00:02.650,-0.8021703171921452,1.9911085020773422,6.883097771508363,-0.057041209945983586,-0.24311120279805257,0.0722106650693523,abnormal
2024-01-01 00:00:02.660,1.1914401309729672,-0.8999862337169352,4.919468745304746,-1.0720559882278813,0.24658567703034037,-0.33035090261578165,abnormal
2024-01-01 00:00:02.670,-0.20918283020531425,-1.85565139648693,6.740635941453911,0.05844514401086739,0.5551083634301055,-0.018702762963833358,abnormal
2024-01-01 00:00:02.680,1.4898426309654966,0.343993468948283,5.758964663421434,0.2385094206204118,-0.6687054488885199,0.2118634777297796,abnormal
2024-01-01 00:00:02.690,-0.02702644303959451,-0.5254777080405708,7.277043581887134,1.1808377739587397,-0.7361700900205188,0.19847875274014581,abnormal
2024-01-01 00:00:02.700,-0.9760180981528702,-0.6757274813170865,7.518216505243557,-0.1371833727618969,-0.540232128266639,-0.6086175528835865,abnormal
2024-01-01 00:00:02.710,-1.3422423792516753,-0.17402534812551854,7.302945397841327,-0.000631075807199473,0.012870669005427281,0.014277896986065002,abnormal
2024-01-01 00:00:02.720,-0.8150476002079334,-0.06020140185927385,7.204878979828327,0.11982567877063446,1.3247843902089813,0.31212240603483876,abnormal
2024-01-01 00:00:02.730,0.8625023138174227,2.307427664238904,8.822081966477977,-1.075256979307937,1.2173861064290692,0.9791882610751605,abnormal
2024-01-01 00:00:02.740,1.7087433801560676,-0.5310837251256892,8.13713602441977,-0.6939644695166741,-0.5711991581836918,-0.3869236648816471,abnormal
2024-01-01 00:00:02.750,0.11184509947341433,-0.9625059645075433,8.63310484134572,0.5311631613960515,0.8893805982314448,0.8221754750082156,abnormal
2024-01-01 00:00:02.760,0.4180609830206284,-0.5188882330720891,8.915958920032011,-0.5621305948853639,1.220762152494492,-0.2734880798925116,abnormal
2024-01-01 00:00:02.770,-1.7655901205929918,1.1667591608845054,8.694772988934218,0.31753834894749317,-1.1088044056188886,-0.3961935726187824,abnormal
2024-01-01 00:00:02.780,-0.20600589844669145,-0.39395187480672106,8.952944736383808,-1.421446571185693,-0.02545336348795345,-0.22948742604314543,abnormal
2024-01-01 00:00:02.790,1.3180936223824,-0.8106356878586393,8.597206588751204,-0.5743950669254364,-0.28881014728010834,0.32736339914144236,abnormal
2024-01-01 00:00:02.800,1.2639688935135345,0.9840244418645476,9.369087419231526,-1.8928945556331376,0.3112152151432528,-0.21814767184828546,abnormal
2024-01-01 00:00:02.810,-1.4837502943203003,1.8525388933604652,8.376377862088114,-0.5432706786727616,-0.4660449117537623,-0.2125893977947188,abnormal
2024-01-01 00:00:02.820,-0.523308896943022,-1.4445304688419294,7.738349162058363,-1.3754442011714556,0.4621002048005896,0.1640166227336384,abnormal
2024-01-01 00:00:02.830,-0.6661979562948476,0.6252660969203262,7.66287911217072,1.6989156980076439,0.28165163904976875,0.6403046937461403,abnormal
2024-01-01 00:00:02.840,0.3598707234122867,0.8745438133207153,7.819372563908712,-0.6355753638968071,1.2374266071979363,-0.12551858904663382,abnormal
2024-01-01 00:00:02.850,-0.8335799822062283,-1.6082698529175758,7.253287136253875,-1.1452034900705146,-0.44287225487099746,-0.6500634247058572,abnormal
2024-01-01 00:00:02.860,0.021637478591206866,-0.16124576127168339,7.8797207076321545,0.4478461588090519,1.5931804561949463,-0.44596371228615617,abnormal
2024-01-01 00:00:02.870,1.5984199124318805,-0.35404168260348695,6.435734384024334,-0.02286694652894026,0.3687971723478598,0.13994382389871948,abnormal
2024-01-01 00:00:02.880,0.20796991290246553,0.7074843497492387,7.147560863743756,0.3162345961007771,-0.5260348777535118,-0.8105709828728891,abnormal
2024-01-01 00:00:02.890,-0.42471867203046837,0.2661744597733019,6.715005491088763,-0.46521984081912254,-0.7684265767858898,-0.6383031428987901,abnormal
2024-01-01 00:00:02.900,0.18895146889304223,1.1016606925753367,5.8410742973546546,-1.1638456159631219,-0.5425106324072698,-0.16542074453818856,abnormal
2024-01-01 00:00:02.910,-1.7230033200719799,0.31876789271633427,6.561497219587606,1.7173223107732185,1.0597111875046608,-0.0739469310987249,abnormal
2024-01-01 00:00:02.920,-0.09069863687648468,0.347109033237744,4.810132168232991,1.3186436369973253,-0.4630548515980411,0.48964900001492767,abnormal
2024-01-01 00:00:02.930,0.13567373309177977,1.8710014276561253,4.9101658406159485,0.3571081884998654,-0.6270037781698451,-0.7465829774187005,abnormal
2024-01-01 00:00:02.940,1.9776012099683742,-1.0826557463974944,5.154990026879552,-0.1275445233491959,-0.004675173736287712,-0.6964146274789499,abnormal
2024-01-01 00:00:02.950,-1.170309245644113,2.1394416494937514,4.948570412765166,0.865714151484946,-0.2572412554368711,-0.6958853271361112,abnormal
2024-01-01 00:00:02.960,1.2843300057215614,0.4234957093738726,3.626584032563022,0.31657814398223066,0.21673371190422636,-0.5631523566989884,abnormal
2024-01-01 00:00:02.970,0.6908064646887978,-0.8528582122794661,2.944567655489769,-0.7303613807948642,1.1867718919688408,0.4814682148432564,abnormal
2024-01-01 00:00:02.980,2.1608254782651297,-0.9414963901752039,2.3221207875705225,0.5779909119514213,0.219567125483306,-0.5447819704462377,abnormal
2024-01-01 00:00:02.990,1.8603866074781248,1.3409127962086342,2.286264786859504,-1.7656295815051724,-0.33281878137989823,0.9288073963512196,abnormal
2024-01-01 00:00:03.000,0.6170265499668706,-1.3499182887909351,2.9899923275970544,0.476299795563666,-0.5102579385977388,-0.12502528801129578,abnormal
2024-01-01 00:00:03.010,-0.2351905504671491,-0.5805641595804079,0.7344053636711517,-1.6434017285940965,0.2808501372733066,0.18851826036484162,abnormal
2024-01-01 00:00:03.020,1.9455729638859238,-0.3303247038438305,0.09199147184255774,0.5925522825217707,-0.14692550996516243,0.5357280384444589,abnormal
2024-01-01 00:00:03.030,2.2559774558205823,0.6820732205093386,0.014978798240799618,1.0188983048772953,0.6170223868876096,-0.311647643534091,abnormal
2024-01-01 00:00:03.040,-0.15393882720824612,-0.36948327129620506,-0.24240172849968494,-1.2767884366111728,-1.081250106892326,0.27006717616295567,abnormal
2024-01-01 00:00:03.050,2.183718716024158,1.1178344568957241,0.7380822288550687,0.16251829725284012,0.8645063058988657,0.7922281187219276,abnormal
2024-01-01 00:00:03.060,0.2670841177456036,-2.435618907751558,1.0641151679392133,0.7175219970415657,1.033183472866711,0.5697746189565862,abnormal
2024-01-01 00:00:03.070,1.2327678911463815,-0.7394642775765722,1.5446211044726135,-0.951906641094159,0.10215159844315466,-0.685161176387334,abnormal
2024-01-01 00:00:03.080,-1.0800078642392195,0.1739420170084591,1.8758725127758327,1.3038977200177035,-1.5608254863453501,0.535681120117845,abnormal
2024-01-01 00:00:03.090,0.8282540042027647,-1.495243001345962,3.1850826899695615,-0.8797184304412392,-0.16253049421138646,0.09818983005056281,abnormal
2024-01-01 00:00:03.100,0.1775147015965676,0.22845791592818782,3.7873053017868554,-0.6951177373854865,-1.3226918662965979,0.7075265125736641,abnormal
2024-01-01 00:00:03.110,0.08235089290345383,-1.4432042436466037,4.938034481950837,0.979109632974286,1.3185817567479408,0.21618128775153692,abnormal
2024-01-01 00:00:03.120,-0.6753692553069714,0.666925310087141,5.258074522056112,-1.2871260039690824,-1.0705966286371211,-0.60850912312134,abnormal
2024-01-01 00:00:03.130,-0.5311309194729776,-1.1908197382568677,4.7351695090915396,-0.8838314266810339,-0.03915338748245912,-0.9339381024419887,abnormal
2024-01-01 00:00:03.140,0.7876881619831657,-0.49047203469058553,4.912061757988346,0.7779158871307721,0.6184876151722786,-0.8456184755431615,abnormal
2024-01-01 00:00:03.150,-0.25548275298429884,0.4182284153470073,5.339805182389252,0.8868192798181465,0.19798641767430236,-0.7214174160273991,abnormal
2024-01-01 00:00:03.160,-2.098633136750868,0.7932356300024251,4.60802041878711,-0.0035938898873632283,1.2838144787886328,0.22338433582210604,abnormal
2024-01-01 00:00:03.170,-1.1880747631583597,1.7678691934531308,5.835638408394545,-0.0952466996511759,-0.7513066840302549,-0.45780115753493117,abnormal
2024-01-01 00:00:03.180,1.6705215879321453,1.2484862077838155,6.652184684492395,-1.7168937266392887,-1.8502685308926459,0.09321868343349454,abnormal
2024-01-01 00:00:03.190,0.11013750358996986,2.161972175155268,8.294683325948366,0.8521264051810006,-0.3764868719225152,-0.15217547453360153,abnormal
2024-01-01 00:00:03.200,-0.14123365060807835,0.5664564597991548,7.39278581176331,0.11116132855756757,-1.0680181203056136,-1.0371789338663877,abnormal
2024-01-01 00:00:03.210,1.9649355341075259,-1.6657702256297418,7.370073625741161,-1.0432331855269494,-0.324897079043603,-0.4686363809534807,abnormal
2024-01-01 00:00:03.220,-2.166178138327818,1.9925663562482534,8.223035961596425,1.5109395062624427,1.2837680280378114,-0.01874341275138259,abnormal
2024-01-01 00:00:03.230,-1.2385034532446215,-0.34386311650874796,7.812803760342852,-0.5273332360176016,0.9440473384297585,-0.1254571007344442,abnormal
2024-01-01 00:00:03.240,0.841738095544341,-0.30080760515057164,8.222462061233273,-0.6026443442402865,1.32266609631508,-0.8076498916090629,abnormal
2024-01-01 00:00:03.250,1.4079371193336943,-1.7090686940129627,8.81475644087959,-2.5438788024814056,0.27004225462887754,-0.22786318257113236,abnormal
2024-01-01 00:00:03.260,0.41758726872125435,-0.9667040175231962,7.5083823595018835,-0.42769823363763904,-0.0027347123300702557,-0.7014299997916865,abnormal
2024-01-01 00:00:03.270,-1.3765097015764745,-2.5015805046024124,10.017593988092166,0.6056687289537125,-0.8046792943143788,0.9646149616897404,abnormal
2024-01-01 00:00:03.280,1.2263361330706781,2.0134707970132544,7.400118228357942,1.560996399167966,1.3347432003800461,0.25375877135833574,abnormal
2024-01-01 00:00:03.290,0.28085522748236885,-0.8635528031295959,10.179082636127172,-0.03458119079508112,-0.5748290798649032,-0.6488577582405742,abnormal
2024-01-01 00:00:03.300,-1.0449880301059908,0.4965007588055042,8.513855143823147,-0.6560647139504602,-0.7807930972774845,-0.1836377222095096,abnormal
2024-01-01 00:00:03.310,-2.57108858776403,2.7592690082755817,7.905095342155551,0.11236558306251242,-2.495252380976077,0.08876824811015213,abnormal
2024-01-01 00:00:03.320,0.02317301117579708,-1.3921079451456533,7.429367241291727,-0.13935415999418474,-2.074654157773419,0.1600786083335937,abnormal
2024-01-01 00:00:03.330,-0.9094582311883738,0.6557163537303808,8.513901540871288,-0.3247904531508435,-0.3781383946166631,0.3718936545665646,abnormal
2024-01-01 00:00:03.340,-1.1557790009353452,-0.020566124599294237,7.12763168258902,-1.627486880303127,0.6270779200827447,0.4839812464033393,abnormal
2024-01-01 00:00:03.350,-0.9797274789989994,-0.14133908010610272,9.513391095353954,0.15888960471256755,-0.889475872886285,0.8398564526096566,abnormal
2024-01-01 00:00:03.360,-0.4837375454317415,-0.12380178126977226,7.877939051926185,-1.4454031440764283,2.0668766929312645,0.7198737818707738,abnormal
2024-01-01 00:00:03.370,-0.6657372637827295,-1.2338573322582536,7.9144224111127075,-0.3560295732366022,-0.5867222006587202,1.1446466738993228,abnormal
2024-01-01 00:00:03.380,0.11192847854738863,1.6762161141479635,7.258263501741985,-0.8110390046079721,-0.8027917316598115,0.6249369275540407,abnormal
2024-01-01 00:00:03.390,1.6411952693775238,0.36631317568905714,6.899527436856445,-0.40429418790291494,-0.9294051054874334,-0.3458461410055585,abnormal
2024-01-01 00:00:03.400,-2.6766170686341124,-2.4860637298904784,6.2438736775470485,0.7350286765726013,-1.3102898704123316,0.7366056637208781,abnormal
2024-01-01 00:00:03.410,-1.1752097219808741,0.7627757784608092,5.422167313039389,1.7665533177982125,-0.13736967063734057,0.21276506180100094,abnormal
2024-01-01 00:00:03.420,0.01108383128907041,-0.5486789571530892,5.1861388117489176,-0.7423428893343236,0.2024564853484759,0.3239022382277996,abnormal
2024-01-01 00:00:03.430,0.03759133826851583,1.7263523968183556,5.491916341084693,0.6949424743945478,-0.6781882238202563,0.24409055666349458,abnormal
2024-01-01 00:00:03.440,0.6051435093338903,0.9352476631326845,4.906829468784168,-1.8638707763601272,0.05609552710248438,0.7131854828765278,abnormal
2024-01-01 00:00:03.450,-0.292089977706684,2.5428623800822145,4.395459553871901,0.8229495646008358,-2.3398998582561483,0.07896898523640661,abnormal
2024-01-01 00:00:03.460,-0.25557661864937914,-2.081658061989704,4.2809511379303595,0.5851723589978045,-0.20979281423322688,0.631241423851472,abnormal
2024-01-01 00:00:03.470,0.3606013155804933,-0.4879018085458012,3.2173877437298133,-0.42203648516182735,-0.5676755169462611,-0.8679430310789675,abnormal
2024-01-01 00:00:03.480,1.2210797733878909,-1.3185538726476465,3.177348274937797,1.66125902867775,0.05643604099817413,-0.18892827092962317,abnormal
2024-01-01 00:00:03.490,0.7434730629060433,1.6171152096830859,2.664962617607434,-0.3686407850542454,-2.638352724773802,-0.686498389197674,abnormal
2024-01-01 00:00:03.500,-0.4729619136774145,1.294692606248727,0.9949568028040916,1.3259251866827269,0.010408449768044904,0.5089240387864601,abnormal
2024-01-01 00:00:03.510,0.8839800120054816,-0.13256099727665668,2.0644372287899735,-1.08998795137232,0.7108077282392007,0.45211525857852874,abnormal
2024-01-01 00:00:03.520,0.4847782727856784,-0.14761178813221199,0.6251449976393437,-1.0880218468300806,0.07293974286734975,-0.32069590592909514,abnormal
2024-01-01 00:00:03.530,-0.9080460714426934,-0.27623216949943286,1.5921287759440697,-0.13536068274983085,1.115215686617146,0.3506034523757011,abnormal
2024-01-01 00:00:03.540,1.0217066455145714,1.8602799581105365,-1.2027738605032974,0.6323008631854152,1.0477381332947564,0.6575653733287481,abnormal
2024-01-01 00:00:03.550,0.9113164303787712,1.177829356308943,0.43851834208809815,-0.286599644125732,2.0431625747330755,-0.056616467761683636,abnormal
2024-01-01 00:00:03.560,-1.155257844966624,1.4145511797943857,1.7351806226822473,0.2640663621355297,0.6225565004634781,0.03684942194328498,abnormal
2024-01-01 00:00:03.570,1.1935197517643552,1.6244970982777938,0.34598341352800843,1.4091519720112626,0.5476143652187137,-0.24899787970239579,abnormal
2024-01-01 00:00:03.580,-0.3088787109034065,-1.4372168840164548,2.725087705423158,-0.6617956057961397,1.018148281617292,-1.0858895004616893,abnormal
2024-01-01 00:00:03.590,2.3903749853069987,-2.2008892638873534,2.1513388972859184,0.650625547148886,2.2897842381369657,0.17994165073234747,abnormal
2024-01-01 00:00:03.600,-1.1948680736809947,-0.9785326015090462,1.7709097774846823,-1.2180042895645622,0.05869366107083965,-0.547101124714063,abnormal
2024-01-01 00:00:03.610,-0.038792070716504604,-0.35779079962496485,3.5865415673115115,-0.485933144691017,-0.970547724718044,-0.5456621619213234,abnormal
2024-01-01 00:00:03.620,-0.2175563590476463,-0.8334413744156653,4.735397528111838,1.0185554019995584,0.5384418512183655,0.56624498806051,abnormal
2024-01-01 00:00:03.630,-1.2376492391735459,1.9551279923431952,5.077336709413915,-0.3514450600940173,0.8725729586904497,-0.2261387442485598,abnormal
2024-01-01 00:00:03.640,-0.6490998682328499,1.1391379149169967,3.7155633172077054,-0.38216938080061136,0.8674830193037942,-0.7904869425151305,abnormal
2024-01-01 00:00:03.650,0.21944140347795724,0.13930656592410182,4.874555044139406,0.1991592343009637,0.9509115251445921,-0.47702574904389394,abnormal
2024-01-01 00:00:03.660,-0.46596666973576145,1.315290524434661,6.151065757029457,0.43382889872323493,-0.9162017160799604,0.1932265512109475,abnormal
2024-01-01 00:00:03.670,0.2967067065423852,0.6120265668571468,6.4538296380655105,-0.8711459795117344,0.09886764335001937,-1.0962340605678287,abnormal
2024-01-01 00:00:03.680,-0.6752609733627847,-1.1281238486394067,6.771894180750068,1.945881693334264,-1.2316844446515172,-0.8633457884400141,abnormal
2024-01-01 00:00:03.690,0.39459115967005615,1.0289042512622006,7.018180005011181,1.1472118415182542,1.4086035940590431,-0.4709811168265969,abnormal
2024-01-01 00:00:03.700,0.2905478613237659,0.643104602515622,7.0047503494361285,0.6295799183271641,-0.921063979316132,0.16658277090730872,abnormal
2024-01-01 00:00:03.710,-1.2450175226925724,-0.16301884463236396,7.947809971220641,0.3771529104484804,0.4977051642098275,0.11914605655769879,abnormal
2024-01-01 00:00:03.720,-3.2494646147268402,0.9104868635590275,7.813160733498915,1.3610490899161352,0.04248803571108151,-0.35910973963011206,abnormal
2024-01-01 00:00:03.730,0.43603657237896365,-2.3041534895156897,8.121506595047736,-0.34741965712022194,-1.4653393637189467,-0.6884131479783475,abnormal
2024-01-01 00:00:03.740,-1.2696007324106655,1.8655287332767263,6.6302614026059805,-0.034752162929196896,0.48983028146719004,-0.7785490896245105,abnormal
2024-01-01 00:00:03.750,-5.622349521843437,-0.5055392844455291,8.21513214610753,-0.24240072916966737,0.5602306409587715,-0.2082547013803411,abnormal
2024-01-01 00:00:03.760,1.1143658760874584,-0.513714227741074,7.460054796766545,-0.40527339546757457,-0.7466712040806136,0.4642512885630488,abnormal
2024-01-01 00:00:03.770,-0.39583828960230155,0.9639256799267492,8.037708865486884,1.126076344234552,0.6002915578965147,0.2105196016304138,abnormal
2024-01-01 00:00:03.780,0.8083221584172128,-0.8335488426402483,7.254162611351455,-0.7882821983345168,-0.38370268647908345,-0.3282139242581949,abnormal
2024-01-01 00:00:03.790,1.0576919868616483,1.3638681400449253,9.091889602482818,0.43816121636407557,0.8541437470262909,-0.7056450610940881,abnormal
2024-01-01 00:00:03.800,3.845226156702027,0.8029553559330151,8.768965430616273,-0.38568330006997487,-0.02555765792421874,0.18911942273284288,abnormal
2024-01-01 00:00:03.810,0.46247948912013964,-0.028415619015641234,8.717943057369661,0.0824098911659949,1.594263681966664,0.9639257743630467,abnormal
2024-01-01 00:00:03.820,1.2015785214482582,-0.13750707047704228,9.203180832257495,-0.8054047435424865,0.33937190065619754,0.10086494621238491,abnormal
2024-01-01 00:00:03.830,1.682408701156364,-0.006360146612278021,8.752585480924978,-0.31601309161994556,-1.1623175317723,-0.9739364389962271,abnormal
2024-01-01 00:00:03.840,2.1811233451511,-2.783401877377658,7.243402219704538,0.7369985335831498,0.06572251662805008,0.04199476256194983,abnormal
2024-01-01 00:00:03.850,-0.04621323923313796,-1.2118900841972031,7.593131227901858,-0.2512252694295967,-0.05303246581862378,0.14201679272583737,abnormal
2024-01-01 00:00:03.860,0.2836034688892807,0.9653242536239172,8.957441997799696,0.40794770723460433,0.7234984272022124,0.35848002921740213,abnormal
2024-01-01 00:00:03.870,0.985147910650139,-2.545670428018568,6.554276257589714,-0.9230422899998144,0.07269254783786532,0.17481568155683624,abnormal
2024-01-01 00:00:03.880,-1.663033207858854,0.3973881526122693,7.127947316440567,-1.0762313334009113,-1.4274622448356704,0.49247984900415687,abnormal
2024-01-01 00:00:03.890,0.7501839952197683,0.27333980172331485,6.702095449948558,-1.3990371387016562,-0.06155809849866635,0.5959254123052614,abnormal
2024-01-01 00:00:03.900,1.8855742495928332,0.44056905801343316,6.585528219296116,0.7933814223567269,0.21748276657787133,-0.08990014713142992,abnormal
2024-01-01 00:00:03.910,0.22588305812005638,0.6623913138850217,5.527812159323171,-0.3369543482377567,-0.04505971978689038,-0.3242973178865382,abnormal
2024-01-01 00:00:03.920,1.2013730097471338,-0.39698730872496235,7.131969820104684,0.4174695441602646,1.4828261250389332,-0.2030632554066513,abnormal
2024-01-01 00:00:03.930,-0.9819195765460993,-0.6099571596599828,5.70169909083012,-0.5874501944143871,-0.6079333365163899,0.26822690471649474,abnormal
2024-01-01 00:00:03.940,1.1156310426204077,0.8996511920265975,5.598471779432979,0.32185754613325335,-0.4508719934199576,-0.28670453023650927,abnormal
2024-01-01 00:00:03.950,-1.9462473798629267,0.7984186643549298,4.059651529642099,-1.054875593912868,-0.40203068742063436,-0.528364913751104,abnormal
2024-01-01 00:00:03.960,-0.3821560858711454,-1.7053642849045263,5.383158508696329,0.7627297759235834,1.1270813853787054,0.20737449561912216,abnormal
2024-01-01 00:00:03.970,1.410783593383826,0.40053783393343273,3.285103771577524,-0.7812071991752607,-0.4451687815442572,-0.30071208310147124,abnormal
2024-01-01 00:00:03.980,-0.8465317805345183,-0.6792378880385973,3.8718890058189555,0.859954747188614,-1.1999456252919387,0.2608120782003008,abnormal
2024-01-01 00:00:03.990,0.7117251827307752,-0.42367092461528627,2.6992899283419063,1.3460804986874573,0.9326362686154903,-0.21300188017651556,abnormal
2024-01-01 00:00:04.000,-1.2815135202613033,-1.6788480160902723,2.6483073608484444,0.3223876141859022,0.1866176286204539,0.4737592846481083,abnormal
2024-01-01 00:00:04.010,0.10574613050307187,-1.7143942368134872,1.4565423275857763,-0.3481139694026563,0.028581619868142765,-0.03633899982234735,abnormal
2024-01-01 00:00:04.020,0.15048611021813793,-2.222566231107473,1.5573260952694725,-0.24300945044269953,0.6621940642535213,-0.7992799627463248,abnormal
2024-01-01 00:00:04.030,-0.3688365678016244,0.474382512738789,0.30683236810929115,-1.7256875273818397,-0.19929811579572476,0.7811669618697273,abnormal
2024-01-01 00:00:04.040,-1.0493114469030624,0.14932207036736092,-0.043291199836419214,2.0401904254286007,-0.05869805948450278,0.03256121830794386,abnormal
2024-01-01 00:00:04.050,-0.4733834096255265,0.16342408834739106,-0.7576014374471742,-0.8038938031675765,-0.4351904780489524,0.09581790120321595,abnormal
2024-01-01 00:00:04.060,-1.2581988132172202,0.5869287513140743,0.654827543801161,0.2133176713835017,-0.6508884650423421,-0.33045608711725255,abnormal
2024-01-01 00:00:04.070,-1.078320293348737,-0.30407330415067874,0.7072203006226082,1.0371489689825448,0.8052153034909693,-0.337106911569994,abnormal
2024-01-01 00:00:04.080,-1.4326134471085878,-0.6726190944560527,2.3506942888429965,-0.08506971734830551,-0.06477894740778985,0.5162270842874124,abnormal
2024-01-01 00:00:04.090,-0.36832211855181624,-0.30306955102314115,2.7390405364674315,0.6615141824049935,1.9370243232466122,-0.7080104540724474,abnormal
2024-01-01 00:00:04.100,1.412005633699774,-1.3942346502698368,2.3073661822997162,-0.4339429385859428,0.0764234923440038,-0.10492829459354726,abnormal
2024-01-01 00:00:04.110,2.9445321872087877,-0.03870917141282667,3.997083583232194,-0.4046708961544685,-0.06966224952088958,0.07711944648760265,abnormal
2024-01-01 00:00:04.120,0.6592223748137048,1.2834610180692638,3.2347775172877045,-1.0134978828128642,0.4071672635637556,-0.3304247389666593,abnormal
2024-01-01 00:00:04.130,0.5251538356215558,-0.11872068514678115,2.753005576267139,0.037502388633066,0.5785741603524307,-0.4603252300881146,abnormal
2024-01-01 00:00:04.140,-1.0222244606770314,0.7677581268660217,5.352018282590706,-0.5053662404173247,0.043080454441862655,0.5602976931365724,abnormal
2024-01-01 00:00:04.150,-0.8409297099283923,-1.0214773666103572,4.102776639206838,1.0101440648757085,0.11634695551177174,0.2593529469411143,abnormal
2024-01-01 00:00:04.160,0.9962426925869475,0.6295222793088805,4.3688756935132,-0.5686821278625624,-2.1799707737939125,-0.5403422513421414,abnormal
2024-01-01 00:00:04.170,1.402870158395883,-0.24151364106929302,5.834889908671229,-0.3875667361248511,0.05798612354888311,0.4376913564460613,abnormal
2024-01-01 00:00:04.180,-0.9665877152342095,-0.8050080991185237,5.827611229903962,-0.08341332314136678,-0.040653899586095506,-0.5511932938986278,abnormal
2024-01-01 00:00:04.190,-0.5253689182486679,1.2223375742943956,5.736291075011957,0.5038336017911328,0.14169953020717357,0.5582574548904309,abnormal
2024-01-01 00:00:04.200,1.4616017024829255,-1.5556436070156099,7.31498993177934,0.027720430874127847,0.6102560518528217,0.1963860724358499,abnormal
2024-01-01 00:00:04.210,1.513259877589604,1.3340883100306804,7.618698339694114,-2.1956387688889465,-0.24304898309182024,-0.6713671360624759,abnormal
2024-01-01 00:00:04.220,1.1604745959637908,-1.0233482357482087,7.009606766711638,-0.2711893937070103,0.6279547579520016,-1.5018439920705748,abnormal
2024-01-01 00:00:04.230,-0.5403134030709609,-0.5334672446291294,7.57914583430827,2.046908736560766,-1.057414752596962,0.4457398562182045,abnormal
2024-01-01 00:00:04.240,-0.5490937751785782,0.9274149954959371,9.105356214470108,0.3501895099984215,-0.10591033429220706,-0.6061360236190599,abnormal
2024-01-01 00:00:04.250,0.07086287824935411,0.3275873184636315,8.507974160211408,-0.266182084676216,0.4717262546087275,-0.05134835502364707,abnormal
2024-01-01 00:00:04.260,-2.888818532328734,0.29941536500808263,8.09298890530687,-0.24313695850762518,0.2131614408900459,-0.07189155703572006,abnormal
2024-01-01 00:00:04.270,0.3844462848276973,-1.2262946644652446,8.99911929485615,-1.086785503370417,-1.6224552821704454,-0.5289337457900732,abnormal
2024-01-01 00:00:04.280,1.0927343339127809,-1.2454072423679923,8.443249237830944,0.6116582566646737,-0.039339879915223426,0.655691537376783,abnormal
2024-01-01 00:00:04.290,0.12537898069899803,0.4451118368777858,8.494524327267385,0.19207776161046497,0.7708976529812726,0.07117159923238446,abnormal
2024-01-01 00:00:04.300,0.37993163446143413,0.5618925404620836,7.515696464794963,-0.9302241155481438,-1.3711009973017019,0.9757358002106762,abnormal
2024-01-01 00:00:04.310,-1.2505354579364916,-0.9149478164698269,9.374686539452123,0.2248227643056276,-0.044676729120803185,-0.5164147148753109,abnormal
2024-01-01 00:00:04.320,0.4504251162141872,1.3273680590190762,8.211384565768663,0.4275154876270701,0.7701674160139429,-0.8289902911712795,abnormal
2024-01-01 00:00:04.330,0.3974276130790679,-0.34722062163371475,7.7252171666623655,-0.4696582247764824,0.03789892994373136,-0.347684542089481,abnormal
2024-01-01 00:00:04.340,-0.6892972265843432,0.1714557809416434,7.905912514243936,2.113089243005816,-0.7063166085784678,-1.1107528785191418,abnormal
2024-01-01 00:00:04.350,0.18251142952992652,0.5965937396987568,8.199815645219733,1.8331841066929087,0.6155045740817424,-0.5651780479257733,abnormal
2024-01-01 00:00:04.360,-1.4700194525543362,0.2024644913435462,7.4756153583376825,-0.5970889895392126,-1.1280979485832914,0.21242027089132098,abnormal
2024-01-01 00:00:04.370,-0.9533914970721282,-0.8774997091423808,7.195101897057723,0.34819921223741596,1.4268135848088228,0.5814365073270017,abnormal
2024-01-01 00:00:04.380,-0.052834029100510785,2.2905985082462164,7.697533713095484,1.3758576453267142,-0.4043035642258229,-0.12581356478046846,abnormal
2024-01-01 00:00:04.390,-0.9989869817065203,0.660011372316501,7.011679456807913,0.2977433483149177,0.8432700341833941,0.21990882728241554,abnormal
2024-01-01 00:00:04.400,-1.2873171929313187,1.0711409724595298,7.0130300716513405,0.15990432384973316,1.097076347440484,-0.2664676651788458,abnormal
2024-01-01 00:00:04.410,-1.4275535768574368,0.06873394851374283,7.957297709094052,-1.082498261940185,-0.4683843343137605,0.1984719496456964,abnormal
2024-01-01 00:00:04.420,0.4093029374101769,-0.6376461625190949,7.21958493426028,-1.597210313783239,-1.0675796077708728,-0.4177522174107899,abnormal
2024-01-01 00:00:04.430,1.2318586609817808,1.6323547694453253,6.021517548856814,-0.010201164881080301,1.0935687842941384,0.03396811957987566,abnormal
2024-01-01 00:00:04.440,1.5200942480419126,0.7420024094004952,4.621781247462071,0.06647968812348347,-0.23269399977254188,-0.4142986288452264,abnormal
2024-01-01 00:00:04.450,0.010212458479999484,1.5842666470656694,5.49048493680653,-0.7033559177486981,-0.7441182733825896,-0.12639154168137395,abnormal
2024-01-01 00:00:04.460,-0.2465087716674113,0.32838035149311295,5.10530403286429,0.30017906460134974,-0.025069508242500038,-0.19528561989840154,abnormal
2024-01-01 00:00:04.470,-0.019506188377357736,1.2430090151858801,3.9263616697722687,0.79284263659025,-0.40417690668373835,-0.3219839794328829,abnormal
2024-01-01 00:00:04.480,1.0852388171438636,0.09061876104661484,3.7852788569882296,-0.041859343193288746,0.28992132398438664,-0.43834580947962565,abnormal
2024-01-01 00:00:04.490,-1.2129700142186126,1.7395512187025428,3.3851282456152183,0.4277003485118715,0.034684846143570335,1.0277331466934219,abnormal
2024-01-01 00:00:04.500,-0.06829165218245564,-1.719480502377543,2.9931428263318094,-0.7228108984405024,0.3063446894985207,0.640848981821067,abnormal
2024-01-01 00:00:04.510,0.14685268721107086,-0.5107407542692664,3.091254072087829,0.07320404881731885,-0.5306005281312554,-0.09816688868576702,abnormal
2024-01-01 00:00:04.520,-0.4342529449244464,0.9864126169106662,1.4303285670575567,-0.6687014141550369,0.0006785665166299019,0.2451541934834714,abnormal
2024-01-01 00:00:04.530,1.4762612746808637,-1.2679541129860041,0.414109775030024,-0.4580349316264764,0.32670329093085165,-1.1794104468438757,abnormal
2024-01-01 00:00:04.540,0.2063965203332878,-0.910449196260312,1.3108278395581243,0.7288749073604593,0.625237178711923,-0.7965847333801399,abnormal
2024-01-01 00:00:04.550,-0.5698911016105939,1.141991573597547,1.5545803481958889,-0.973286057116829,-0.30235083213379976,-0.6003258983047761,abnormal
2024-01-01 00:00:04.560,1.6844642006114225,-0.12061139219669637,-0.7837368246791689,0.9910363273507304,0.1660903746632316,0.02458893125628878,abnormal
2024-01-01 00:00:04.570,-1.4754494134979057,1.3957256804084492,0.8256915600802055,1.088256521439366,0.7143853211158996,1.391585392151278,abnormal
2024-01-01 00:00:04.580,-0.48498276575060406,2.6319857259331902,2.5799222468554057,-1.4584537607298034,1.3146941289802,-0.9433375922590889,abnormal
2024-01-01 00:00:04.590,-0.3625267035733176,1.7587380731565017,1.758170222343424,-0.2948072333293807,-0.16369834304086506,1.4187762442051017,abnormal
2024-01-01 00:00:04.600,-1.0679202304613726,-2.0394276915044043,1.8659437215866186,-0.12237513972462791,-0.4887637029107325,-0.4016722642949091,abnormal
2024-01-01 00:00:04.610,1.2014121631857382,2.345343536773188,2.992863279450301,0.9022899366715701,-0.5432974477204393,1.1765445004456938,abnormal
2024-01-01 00:00:04.620,-1.5843488415754183,-0.6396932810226726,4.070288427499976,0.8852190995205768,-0.18178675935897243,0.4955453762287208,abnormal
2024-01-01 00:00:04.630,-0.05714017956749619,-0.38202129997270384,3.7499265484824944,-0.13282457229389755,1.8015466655224563,-0.19548270477678184,abnormal
2024-01-01 00:00:04.640,-1.377703571849813,-1.7970508460666326,5.1488853605979505,-0.41526554445224173,0.3942411698786737,0.39656151537954715,abnormal
2024-01-01 00:00:04.650,-0.6297652014192535,-0.24382203870694275,4.8210476077138305,1.1861805134654084,0.2944414444050483,-0.8811942294341997,abnormal
2024-01-01 00:00:04.660,1.1931717274657991,-0.7593627446121248,5.4304683223015875,-0.1542695319778959,0.97103716809916,-0.0943581721596883,abnormal
2024-01-01 00:00:04.670,-1.379181968167586,-0.006099931665124389,6.338648392763914,-2.1505635078970506,-1.6476518178651693,0.06476557764661406,abnormal
2024-01-01 00:00:04.680,-1.229489661075851,-0.8419720341227558,5.555995463448553,-1.145356060714426,-0.29245426006634556,-0.7120147643440413,abnormal
2024-01-01 00:00:04.690,0.6369564901337658,0.41921134400188814,6.3283031971186,0.03069158143762513,-0.1092670781754257,0.0934338678827709,abnormal
2024-01-01 00:00:04.700,-0.8148230819588991,2.0473478198715105,7.16039248063796,-0.37437477324780893,-0.7291703180455721,0.5665922402456303,abnormal
2024-01-01 00:00:04.710,0.5683060139645882,0.029741008226855558,7.737504201259608,-1.5618166228628678,0.06683883994301243,0.10602155576678225,abnormal
2024-01-01 00:00:04.720,1.929291602770396,-0.07107070688558716,7.4728235705811965,1.7391835088815313,-0.19838860713955922,0.2685301682090358,abnormal
2024-01-01 00:00:04.730,0.05455530164719438,-0.5301343926733199,7.65853068712016,-0.47886666073609024,0.33218773594931594,0.802921463548568,abnormal
2024-01-01 00:00:04.740,0.46496559334277415,-1.5668125063318854,7.513106892722094,0.22139138601524122,-1.7502890189421205,0.5568277326320831,abnormal
2024-01-01 00:00:04.750,0.7194905513072527,0.815161756812517,8.223780531802975,0.2206701791133252,0.46856985910304716,-0.4065432340436155,abnormal
2024-01-01 00:00:04.760,0.4349814504412491,-0.44894248504287304,7.8139240396830685,-0.5196072186410984,-1.172916244718712,0.5481099129636865,abnormal
2024-01-01 00:00:04.770,-3.6719104937299987,-0.40830751589751374,8.474388676836048,0.13552203615638517,-0.8787882703887684,0.19736619618243367,abnormal
2024-01-01 00:00:04.780,-1.3209107258936699,-0.40556293127391424,7.530724040004727,-1.2176686634869045,-0.32232778717450566,0.4240987381689686,abnormal
2024-01-01 00:00:04.790,2.21955412088186,-1.0737658862921844,8.042812745091574,-1.5882507093939413,-1.2246494768957514,-1.2037982471171969,abnormal
2024-01-01 00:00:04.800,0.48479837947209703,-0.29792320923387455,8.197480815221788,-0.12115798439611142,0.3558283195571138,-0.47046045076583204,abnormal
2024-01-01 00:00:04.810,-0.8534389123159031,1.7406311265150247,9.003481773001873,-0.17633352133250235,0.20901629607959815,-0.32070245974435746,abnormal
2024-01-01 00:00:04.820,0.35334709073530385,-0.5808986305823393,8.212210091650718,-0.4358988229582388,0.619052777142245,-0.7391914742100714,abnormal
2024-01-01 00:00:04.830,0.7888325146026186,0.39265994249644826,9.169064135503087,0.3500133322362723,0.04656090674523895,-0.8007650864575165,abnormal
2024-01-01 00:00:04.840,-0.7508057940167797,0.6596823211890931,8.400398826524839,-0.0645300455117938,0.4543767237870748,-0.31349747156845403,abnormal
2024-01-01 00:00:04.850,0.8057461722199425,2.8436359497068295,7.658752250258468,1.592040460470917,-0.09464895771151494,0.6885310594864528,abnormal
2024-01-01 00:00:04.860,2.1102295676163902,1.5181841315362787,8.503997730009965,-0.5669803925820883,1.3625538472276877,-0.08044721189332102,abnormal
2024-01-01 00:00:04.870,0.8219008818826403,0.638746777096019,8.151835814045892,-0.2550652244510725,0.11046335627587964,0.028090976969540632,abnormal
2024-01-01 00:00:04.880,0.8684819745776242,2.2001743149088306,8.249454596171232,0.28500721581681254,0.8503154873001482,0.6124028851229222,abnormal
2024-01-01 00:00:04.890,0.21698183619705974,0.013767163744169164,6.918521751418736,-0.6716693908124328,1.0202155456671036,-1.030581478460881,abnormal
2024-01-01 00:00:04.900,0.9585405270376463,0.2745315221804365,6.443239029257424,0.7916163070198886,-1.1479466327643761,-0.08157224385111438,abnormal
2024-01-01 00:00:04.910,-0.7874945432289264,1.0556895186355386,6.192707642710627,0.04422153263200623,-0.45162823542013136,0.006970301002065882,abnormal
2024-01-01 00:00:04.920,1.7997239780430432,-0.6647700357498839,6.525864473627611,0.9837458335970052,-0.3429413264425019,-0.13255726644401503,abnormal
2024-01-01 00:00:04.930,0.5909707369491669,0.20605741243903544,6.5753587914501495,1.2952477949757792,-0.630200843120565,0.4235101043274569,abnormal
2024-01-01 00:00:04.940,1.5818902042780132,0.5078298845733299,5.900993963482343,1.4807757909399324,0.07831736823000451,0.17819320993946072,abnormal
2024-01-01 00:00:04.950,2.3658549832901783,1.0423221535127658,5.366313987008559,-2.0272565074574103,0.8472776762486092,0.21645660489278143,abnormal
2024-01-01 00:00:04.960,-1.127977029658817,-1.7125163490642261,5.512093937022506,0.30089361827883365,1.3720858417498085,-0.3276442144893691,abnormal
2024-01-01 00:00:04.970,0.05578022426507214,-0.6835478304839551,3.4301721469059756,-1.2595168038311817,0.48800313955542596,-0.21993130404865016,abnormal
2024-01-01 00:00:04.980,-1.4593462621042206,-0.5303665734890819,3.855128772585439,-0.23279911716811147,-0.6298577927445329,-0.5780505024084756,abnormal
2024-01-01 00:00:04.990,2.625612288388814,-0.7387516590253859,3.460912161658019,-0.35812867944063903,-0.3371702721057425,0.12009801734264976,abnormal
2024-01-01 00:00:05.000,-0.5893347830296762,0.30810053684408717,2.978466536187646,-0.08559073655659552,-0.054035065755292516,0.42166050647590436,abnormal
2024-01-01 00:00:05.010,-1.1256463860344847,0.5063797494832104,1.7536391523233539,0.7708570640214244,0.5435147650411584,0.2551652805065092,abnormal
2024-01-01 00:00:05.020,0.687748623583042,-2.6189194335596766,1.2545743001252199,1.394702463867674,-0.08300718200158133,0.47429023189935804,abnormal
2024-01-01 00:00:05.030,0.1847630946345886,-0.6708366702383122,1.938382740386269,0.012507549520639757,0.8067751389200694,-0.4218055496711996,abnormal
2024-01-01 00:00:05.040,1.30739800047264,-1.2470487436828726,-0.003886010122155281,-0.39031710480514203,1.850192542300255,0.9163332190782653,abnormal
2024-01-01 00:00:05.050,-0.9623905184076857,0.49541720752173446,-0.23777348541296284,0.18137063923864186,0.3029700626886097,-0.012140568376158798,abnormal
2024-01-01 00:00:05.060,1.4111523748382344,2.401518011161588,-0.13334522345245803,0.35275642633373905,0.8176533317002,0.23218906320082552,abnormal
2024-01-01 00:00:05.070,1.4598283842895599,0.21969974592498476,1.1371750424205573,0.3588003433514635,-0.7901265709548617,0.027036822660645624,abnormal
2024-01-01 00:00:05.080,-1.9478635082908122,1.7830927201995979,-0.2535756885045781,1.7523762510550267,-0.3689064431797282,-0.4049952512238469,abnormal
2024-01-01 00:00:05.090,-0.4060179355478003,-0.5810237866468807,2.3489977042584256,0.33846006175998344,-0.927470749529562,0.37997863468462456,abnormal
2024-01-01 00:00:05.100,-1.317797560438793,0.8583255280513654,1.5808312693932065,-1.7625510293186217,0.8012702110615483,-0.043450745304067964,abnormal
2024-01-01 00:00:05.110,-1.3195840848518225,1.885722765169847,2.404839498279371,2.1098286155933517,-0.4491505288120008,-0.34897998183867285,abnormal
2024-01-01 00:00:05.120,-1.322636542383829,-0.8712814615309395,3.0561444680771985,-0.4290266429022541,-0.17519161643324715,0.038339493306621945,abnormal
2024-01-01 00:00:05.130,-0.8033289567376382,-0.8119067897029185,3.827692297970508,-1.0553386016979658,-1.08193072008021,-0.33869164563244414,abnormal
2024-01-01 00:00:05.140,-0.7269144751216126,-0.23905235015280313,4.1842528843889655,-0.6789677595142077,-0.43588004753638293,-0.4946726877328004,abnormal
2024-01-01 00:00:05.150,-1.0601045144124739,-0.9374980080770474,4.0988046785724395,0.5347583238047673,-0.8336217513822931,-0.6541270364024508,abnormal
2024-01-01 00:00:05.160,2.7800883193740833,-0.76187781200176,6.043724919275763,0.03209392129616512,0.5218613116758293,0.030988309157194704,abnormal
2024-01-01 00:00:05.170,-1.731976483856615,1.211565411976649,5.3700756792164475,-0.8810606614031172,0.5059438356111551,0.33140455715253864,abnormal
2024-01-01 00:00:05.180,-0.6324952115036022,0.10814685157997048,5.531099338913977,-0.2619534093682224,0.07275867802094726,-0.6264039625037044,abnormal
2024-01-01 00:00:05.190,-0.7410859172785209,-0.2735945290289221,6.8935234530941685,-1.0951708402784854,1.1050886630016108,-0.8177748469720196,abnormal
2024-01-01 00:00:05.200,-3.0253979754775338,0.5547229105413448,5.44963914030914,0.7029993741632274,-1.057392005532509,-0.5931560197092554,abnormal
2024-01-01 00:00:05.210,0.5880002110714407,-1.1206191681220734,6.411579751758181,-0.08382818657194405,0.20856892261547413,-0.22286805205291918,abnormal
2024-01-01 00:00:05.220,0.6908769469601471,2.2955598591012616,6.7567530843663555,0.23111245016226845,0.1370474775519079,0.21505294786019136,abnormal
2024-01-01 00:00:05.230,0.1357777145736926,-1.492753104627779,7.763353595444749,-0.8605796991220063,-1.085175770530341,-0.632015771246369,abnormal
2024-01-01 00:00:05.240,-1.7945355614451983,-0.08384882853381846,5.687982955265516,0.636229420337309,-0.23254476901844767,0.2635635829389555,abnormal
2024-01-01 00:00:05.250,0.05087908664647617,-1.328565334172297,7.309876585896522,-0.28165933749118927,0.35468256061322323,1.1835093389525322,abnormal
2024-01-01 00:00:05.260,-1.741208342484778,1.4943378017837383,7.3742370819920735,0.9649449740510755,-0.04260534457874258,0.706288090446743,abnormal
2024-01-01 00:00:05.270,-0.2769925178490085,-0.20172897728478079,8.154714764228094,1.1077712511523665,1.3191251613582236,-0.23723407213282396,abnormal
2024-01-01 00:00:05.280,-0.061857534465477294,0.2812024785969309,8.917834737288857,0.9794353185132636,-1.2631471856070844,-0.7992160080656368,abnormal
2024-01-01 00:00:05.290,0.27506552200635775,-0.560312068120212,8.662073265737506,-1.4937550071022274,-0.7808854315067782,0.05119451420841989,abnormal
2024-01-01 00:00:05.300,-0.3426446640347552,-0.7443360853828936,7.418080485777955,-1.3332721381707282,-0.21121999019025556,-0.36557760770181846,abnormal
2024-01-01 00:00:05.310,0.3626448524506504,-0.6183559884288153,8.169819730081459,-1.2670376606891312,1.443654331539559,0.26283483632264065,abnormal
2024-01-01 00:00:05.320,0.47527708277964353,-0.6789498342302132,8.356091832048378,0.28638910649927335,1.0206223179776395,0.1277137714946529,abnormal
2024-01-01 00:00:05.330,-0.10202636225184573,-0.482141731735797,8.541340719943577,-0.5050861645356781,0.4119584628133643,-0.35842325677820003,abnormal
2024-01-01 00:00:05.340,-0.927546878100097,-1.5553573324248193,7.873216747836392,-1.7001968048412663,0.879603974489413,-0.0018004632443617632,abnormal
2024-01-01 00:00:05.350,0.6916112446475065,1.1698278414235022,7.722457840741478,-0.14240424037879984,0.2881635866801129,0.43348647183737354,abnormal
2024-01-01 00:00:05.360,0.8344073247423476,-0.8957152093729662,9.361262300887034,0.8881257987138635,1.126201821516761,-0.9864706712598068,abnormal
2024-01-01 00:00:05.370,1.2373134070703946,-0.3127077902472855,7.583015598764569,-0.8689515214473693,0.4625826012431037,0.43783711493124394,abnormal
2024-01-01 00:00:05.380,-0.0022487432942693104,1.66670963422791,6.821382866738246,-0.0700280943823542,0.39891085492489825,-0.8173861498500122,abnormal
2024-01-01 00:00:05.390,1.142367139445561,-1.282887286694874,7.483903638612482,-0.2733765074699221,0.13253629636450118,0.7348060003181714,abnormal
2024-01-01 00:00:05.400,-0.8362328236571185,-0.7286785609668802,7.177509108985808,-0.7980026477664167,-0.03810872650996645,-0.5127806252027637,abnormal
2024-01-01 00:00:05.410,-0.1464100640154323,1.3053216960728555,7.782566229746921,-1.3847230672123945,0.7991537837075248,-0.5994633823811641,abnormal
2024-01-01 00:00:05.420,0.23554852710027352,1.9035932595893053,7.563795932356356,0.28116387106731056,0.4244804546095725,0.25269825606450386,abnormal
2024-01-01 00:00:05.430,2.061463764663471,0.11622515794300282,5.459081880425656,0.8824498267369115,0.7641692043913678,-0.2826409976753205,abnormal
2024-01-01 00:00:05.440,-0.581120636758713,-0.4507603351241043,5.5097268748297505,-0.0381639737251273,-0.2809524205632085,0.16375661956705231,abnormal
2024-01-01 00:00:05.450,-0.17504510203961735,-0.26460490609297005,5.810252772850145,0.7714908947066526,1.0079419925604463,-0.6116875959946431,abnormal
2024-01-01 00:00:05.460,-0.7098761728185666,1.360249984678517,5.7542740295637005,0.1101306836187996,-1.0511251322868866,0.31217747450162525,abnormal
2024-01-01 00:00:05.470,1.3290957949133861,-0.3546422972300314,4.289984760458888,1.070189140171247,0.5553997117554141,-0.7447309694168349,abnormal
2024-01-01 00:00:05.480,0.90727493493494,-0.35144860166255354,2.750718389386309,1.1005319624168082,-0.9769383314246047,0.8425106786065594,abnormal
2024-01-01 00:00:05.490,-0.18218848539215377,1.8326218750823413,3.04398554075532,0.1092158232326589,1.357396783761806,0.03159613753922016,abnormal
2024-01-01 00:00:05.500,-1.7816601911327634,0.10795034504246263,3.1695567433652143,0.2943053269026162,0.20085319683862532,0.17759741024860703,abnormal
2024-01-01 00:00:05.510,0.8965313331781115,-0.22501613672921095,2.3541479160841954,-0.9018992950179878,-1.0477703588071205,-0.6582902841109652,abnormal
2024-01-01 00:00:05.520,-1.4795545492643585,-1.012687228079728,3.5441477979285194,-1.6257105054678278,-1.4037588820247486,0.20613419143400985,abnormal
2024-01-01 00:00:05.530,0.9812096151069452,-0.5945585232647493,0.2971274158771602,-0.31800609637984295,-0.3336836084275748,-0.11889209289400132,abnormal
2024-01-01 00:00:05.540,-1.87171673022476,-0.35116177100993107,0.9955853464796486,1.043364689454586,-1.0199712813801252,-0.014882593050437069,abnormal
2024-01-01 00:00:05.550,0.8623282336229053,-0.9704454470759643,0.449795644336157,-2.587087383005834,0.6916676573315187,-0.6188486180855488,abnormal
2024-01-01 00:00:05.560,-0.766111517843628,-1.239198354855374,0.19144870750056325,0.49533132246327194,-0.30251027989647034,-0.7184482259446897,abnormal
2024-01-01 00:00:05.570,-1.7709012846698726,0.1046015500981012,0.3805283788362212,0.9101241308715847,0.038121520996550244,-0.5698029140396904,abnormal
2024-01-01 00:00:05.580,0.583215167951458,0.7329145466531712,0.8775724917370898,-0.17072550392466726,0.02335563676228969,-0.7598032143957044,abnormal
2024-01-01 00:00:05.590,0.08135800485677849,-0.4961826413272261,1.5448388557209374,-1.1424011492581754,-0.2456729714391904,0.010996812760547843,abnormal
2024-01-01 00:00:05.600,-2.708668996108973,2.1770382532521935,1.378735667491373,0.733960469080592,-0.5222847948816777,-0.4682676548262824,abnormal
2024-01-01 00:00:05.610,1.570351666519476,-1.1250942219959466,2.78937016566963,1.4944877583146279,-0.2441769901755546,-0.07959133643913807,abnormal
2024-01-01 00:00:05.620,-0.34300571458497986,-0.4594442568734214,3.7601084895035735,0.6563911220568698,0.7913905396599245,0.25906148709809196,abnormal
2024-01-01 00:00:05.630,-2.079055947580449,0.048638770994197375,2.6239621076121575,0.09203277988361333,-0.7657284491366294,0.45945834671857716,abnormal
2024-01-01 00:00:05.640,0.05927913531288888,0.6806233538561569,4.385012267947937,-0.21970536110314537,1.306049216774708,-0.5379233908152765,abnormal
2024-01-01 00:00:05.650,0.6355617182216472,2.128287076746016,3.8323134167586352,-1.1881359493150367,-0.6875866791846026,0.5052288607024725,abnormal
2024-01-01 00:00:05.660,0.23831529225270606,-1.379190024355552,5.673840074234804,-0.3738788365758192,-0.13293949880006306,-0.6316888710941525,abnormal
2024-01-01 00:00:05.670,-0.7212570889568478,0.9745575582497794,5.575450697363113,0.785345592742969,-0.38908995724876855,0.04751743485006859,abnormal
2024-01-01 00:00:05.680,0.9148164588804113,1.870178662629256,6.277080129518496,0.011812498271390902,0.09355877521418561,-0.3522128164928132,abnormal
2024-01-01 00:00:05.690,-0.7004504344423241,-0.8652956747266292,6.37424468745896,0.3649177751427112,1.617901408358374,0.2992949140237888,abnormal
2024-01-01 00:00:05.700,-1.3555299347287384,0.4446240649808861,6.027759431192498,-0.3956814763431566,0.46968133216513713,-0.35351611644641945,abnormal
2024-01-01 00:00:05.710,1.226725925804338,-0.4779233325498292,6.539035638173426,-1.0453227630285553,0.6538337419470341,-0.29329995406126014,abnormal
2024-01-01 00:00:05.720,-0.6206806680911234,-1.2488034816318092,6.3960461803039355,0.40018437108859956,-0.30181230392883324,0.3142709287224279,abnormal
2024-01-01 00:00:05.730,-0.5877345364084574,-0.9068586375480143,7.884101963038979,0.8285261976044779,-0.0908617959876138,0.10270144826943658,abnormal
2024-01-01 00:00:05.740,1.754199391734075,0.9150746079014443,8.087933811222005,0.9335785509859204,-1.0827817848940222,0.29658756564947014,abnormal
2024-01-01 00:00:05.750,-1.2479004186633096,0.1437451842874738,8.278973249091756,0.6367887590909946,-0.08369029410658672,0.47864949134502266,abnormal
2024-01-01 00:00:05.760,1.781329917022194,1.4855423149341742,8.969439783530325,0.48524873209246744,-0.31267916592080375,1.147310800797534,abnormal
2024-01-01 00:00:05.770,-0.23410273492481326,0.18132625196620022,7.254208517413319,0.032545390509545524,1.125474927746265,0.3276662920408809,abnormal
2024-01-01 00:00:05.780,0.20445775822658516,0.5135025230559236,7.844860545426952,-0.14894802129317486,-0.4240464743692039,0.3246117713277635,abnormal
2024-01-01 00:00:05.790,0.028162917200871974,0.09822292658825442,8.611380672824769,1.0362953443561655,-0.9232286331113021,0.13408195867204661,abnormal
2024-01-01 00:00:05.800,-0.6601215191481853,2.2538318879946218,8.918242404038276,-0.19106440333005867,0.28776013184281457,0.5788795317763482,abnormal
2024-01-01 00:00:05.810,0.4014380332346284,-1.9677178636366206,8.187203334030192,0.2522682935889893,-0.5952579221538764,-0.6181517450814705,abnormal
2024-01-01 00:00:05.820,1.4360481855841167,0.43965032815206284,9.475803663253497,0.6272597154789961,-0.5924411255695478,-0.6375058047702453,abnormal
2024-01-01 00:00:05.830,-1.264223399452358,-0.13245626629005977,8.306225644235708,-0.9412734488110818,-0.9040531469745,-0.21800962980193286,abnormal
2024-01-01 00:00:05.840,-1.166532191323177,0.34467715621719275,8.766800434571168,-0.29528848420330456,0.35623835625856354,-0.5810866628844578,abnormal
2024-01-01 00:00:05.850,0.22282033841368473,0.0017326319090140063,8.864995389099583,1.5416748891800895,0.10751826528407457,0.5065730418995641,abnormal
2024-01-01 00:00:05.860,-0.5264050869038148,-0.42717882542504254,6.858344015559101,0.8853299392604184,-0.09172339494956785,0.24341180103276341,abnormal
2024-01-01 00:00:05.870,2.243332501542545,1.0529370997260166,8.492688704399425,0.3561344479120188,0.3047806311495617,0.206716170628018,abnormal
2024-01-01 00:00:05.880,0.48059283461845825,0.6798832948500789,7.857354501781405,0.4457611487403434,1.2569492773552235,0.45249112582822215,abnormal
2024-01-01 00:00:05.890,-0.22035074530924487,-2.635806052687932,7.569512805779254,0.5466411256997478,1.2907848686726688,-0.6548598538969681,abnormal
2024-01-01 00:00:05.900,-1.1506700424579601,2.593372316716287,8.645624144888611,-1.059440723061091,1.4419174924063352,-0.06978972505284563,abnormal
2024-01-01 00:00:05.910,0.16556312189743444,0.7655583803364754,7.426366152259575,-1.2548466611021674,-0.010197259922591295,0.46038142675832394,abnormal
2024-01-01 00:00:05.920,-0.8058859675655669,0.0034924908044777774,6.436460060041247,0.3431806125650169,0.7610555821528876,-0.9202883361130011,abnormal
2024-01-01 00:00:05.930,1.144340444977548,-0.8886660625164935,6.888582689832844,-0.11186475888178592,-1.6395943463982556,-0.6477245606515504,abnormal
2024-01-01 00:00:05.940,-1.709534346201216,1.0214920635568023,6.7892740635659425,-0.18206511923207766,0.03713864624221123,-0.15033419495460157,abnormal
2024-01-01 00:00:05.950,0.025724376980334907,0.3537668686811404,5.362590133119748,-1.9089547041645325,1.0120874284597892,-0.5832388346498041,abnormal
2024-01-01 00:00:05.960,0.7943014484963249,0.4568325959884998,5.574211171548044,0.9767928118070731,0.4372773651539369,-0.5116622537062707,abnormal
2024-01-01 00:00:05.970,-1.3681247927256475,0.8390722685192333,6.165382509887147,-2.1508896066842023,-0.7169113619837104,-0.7556119497296518,abnormal
2024-01-01 00:00:05.980,-1.138132536922233,-1.9676567589327303,4.252611414068892,1.6196960313920417,0.07927726772224557,-1.0155846237739938,abnormal
2024-01-01 00:00:05.990,-1.1542766213153963,-2.4166648356167437,4.631481134963194,-0.5764609120840728,-0.0752631182040683,-0.5875489392717873,abnormal
2024-01-01 00:00:06.000,0.8506862962679331,0.25051617119006,3.4647867623202284,-0.5415532820899576,0.8227560762979691,0.5211030802753308,abnormal
2024-01-01 00:00:06.010,0.3264163322200667,0.06804355195809753,3.6642278145227962,0.9176868605327604,0.4794474069226478,-0.8739404222863145,abnormal
2024-01-01 00:00:06.020,-2.2377512942089823,0.025918657349933365,2.5322794948736758,0.6420380378869208,-0.1759278840020974,0.507237608130189,abnormal
2024-01-01 00:00:06.030,0.09662018349051396,-1.2169690026379978,2.110018282354245,0.5269129709359307,0.957969236294652,0.5904578981268124,abnormal
2024-01-01 00:00:06.040,0.20800535419136781,0.4210846726665006,0.9159213374061345,0.5295401458451069,0.23181926649567663,-0.18845134605629282,abnormal
2024-01-01 00:00:06.050,0.6041905862439727,-2.1661822512970073,1.2287282427148567,0.8192334540641344,-1.3991577761225962,-1.4381162788911928,abnormal
2024-01-01 00:00:06.060,1.555869410749508,-0.01833834611812773,1.2786346333557819,-0.07928402802247893,0.4874153348068043,0.379587005630639,abnormal
2024-01-01 00:00:06.070,-2.016637910621107,0.7754338069624687,0.5478458081115949,0.6000030895929374,1.3458681655755809,0.16695821675639383,abnormal
2024-01-01 00:00:06.080,1.177645033436695,-0.29535369295683844,0.9232891255711483,-1.117011570191429,0.08870139609212012,0.09523865805971714,abnormal
2024-01-01 00:00:06.090,-1.7408723967925115,2.1426673209136275,1.2512620584910465,0.27458735403923357,-0.4220396278067014,-0.07797218379789408,abnormal
2024-01-01 00:00:06.100,-0.8616771751986257,-0.8429789645373168,2.553532839335444,-1.4179299202973668,-0.4353841690552489,-0.002856379643261999,abnormal
2024-01-01 00:00:06.110,-0.7369189156253858,1.8489747984552594,2.704367021034274,-0.5261799185886368,2.2504646983770735,0.19557770319771778,abnormal
2024-01-01 00:00:06.120,-0.4255407287836383,-0.10024997429067346,2.293683060736468,0.9030352832404605,-1.6131715526699477,-0.35520547832179994,abnormal
2024-01-01 00:00:06.130,-0.5162256026372062,-0.8197083300585255,3.3925044241283455,-1.622073360154458,0.827467291133315,0.26108554201120787,abnormal
2024-01-01 00:00:06.140,-0.15792749298379308,1.4765107610056618,3.838851146178143,-0.6290709320935473,2.192316409993055,-0.6424105080895118,abnormal
2024-01-01 00:00:06.150,0.721783580841434,1.2412848088827044,3.6943265982714406,-0.2386505269127947,-1.4329835685900678,-0.002181894353877612,abnormal
2024-01-01 00:00:06.160,1.1331864175051334,0.27668446621621723,5.602406611946309,0.05514210797005308,1.2677661954069623,-0.28632887478208474,abnormal
2024-01-01 00:00:06.170,0.7425455886078037,0.4981158632508188,4.87698432653424,0.6905627072152987,-0.5779764620295927,1.0276357748508578,abnormal
2024-01-01 00:00:06.180,-0.18056203675596258,-0.4093705358818279,5.614047931354259,0.21962615377586822,1.1202331416829705,1.366854073690815,abnormal
2024-01-01 00:00:06.190,-0.8962492900140725,-0.4089999460515883,5.229715991471034,-0.30947241648967944,-1.4854606805319805,-0.5661322630089274,abnormal
2024-01-01 00:00:06.200,1.0754507904191806,1.08503513547453,6.526783812253733,-2.1951352096043135,-0.3283940178871358,-0.7667678607431594,abnormal
2024-01-01 00:00:06.210,0.7693301464688924,-0.11420437746331538,5.16301223823358,-0.8866084301414001,-0.09869433393738442,0.27286428296883664,abnormal
2024-01-01 00:00:06.220,0.6590264749593112,-0.3120035671768981,6.440174489380724,0.49864062128728814,1.2477787430496727,-0.1871621024760565,abnormal
2024-01-01 00:00:06.230,0.2660848838761281,2.102913140175915,8.449435241912298,-0.0055837547457046974,0.09017934522784789,0.08627679681802246,abnormal
2024-01-01 00:00:06.240,0.8263260063855381,-2.482441287385816,7.010634952245739,0.6746840286740592,-1.315707126766127,-0.1465302985939939,abnormal
2024-01-01 00:00:06.250,-2.3753893490791027,-0.839889968231461,7.4515101004713475,-0.30200955467021134,-0.07283390602314879,0.9690647356440703,abnormal
2024-01-01 00:00:06.260,1.0432326023853864,0.07329808352836324,7.812474761496495,-0.2340283944834872,1.3224250869571705,-0.16129122953831906,abnormal
2024-01-01 00:00:06.270,0.6678373007269769,1.1750041846142405,8.361858298563495,-1.0288258241924575,-1.660993033616182,0.22423067602342808,abnormal
2024-01-01 00:00:06.280,-0.7702167004567996,1.026073035823703,8.880184212975294,0.007724455466041996,0.22723130435621505,0.030607574569335338,abnormal
2024-01-01 00:00:06.290,1.0937732907984419,1.5933242405350108,9.094893366585161,-0.03577626179695276,-0.3077011118249547,-0.13221097124399525,abnormal
2024-01-01 00:00:06.300,-0.7257348877523461,0.2151154414052586,8.305554701142343,1.1085161720898742,1.1521259606672105,-0.9222794852566696,abnormal
2024-01-01 00:00:06.310,-1.0545170368992411,2.6364491560423833,8.573854486982613,-0.10986745051641507,-1.7923376128349524,-0.5090839608829546,abnormal
2024-01-01 00:00:06.320,0.2998761045483827,-1.936432339443285,7.967075263942702,0.9479836534116258,-1.5155357054870204,-0.1291443210506355,abnormal
2024-01-01 00:00:06.330,1.603326342421643,0.35587505444296386,8.244922074110125,0.0355064035245494,-0.02131031984146686,-0.9635819557613537,abnormal
2024-01-01 00:00:06.340,0.3767429095638825,0.29696929576094544,8.198908178200675,0.5021548396741011,1.6004694783973188,0.7419804971686313,abnormal
2024-01-01 00:00:06.350,-1.872029922055014,-1.776099152734918,8.51803084943018,-1.2632883882270203,0.34685158109938263,0.0032295874248843056,abnormal
2024-01-01 00:00:06.360,-0.813860700198231,-0.3144098294485401,8.448533576456256,-0.5607561935839974,-1.0011232660729281,-0.2965635902740737,abnormal
2024-01-01 00:00:06.370,0.7419146315090934,-0.35264980396255396,8.762323853760902,0.6995282138794514,0.8534051036848844,0.772813322244753,abnormal
2024-01-01 00:00:06.380,0.5861349579544273,-1.0091771303668342,7.2999142076001124,-0.7682552478921386,-1.1765165479169166,0.8828849144548336,abnormal
2024-01-01 00:00:06.390,-0.833724432059738,-0.059936450610447264,8.32618408594367,0.16932844161438756,-0.9359798990377145,-0.6185964164356518,abnormal
2024-01-01 00:00:06.400,0.3868302001014617,-1.233148336359308,7.340504146821386,0.0982717491040621,-0.9607153215805961,-1.096536926445544,abnormal
2024-01-01 00:00:06.410,1.7540065875676267,1.0918395417653595,7.72440040583227,-0.9551740634470383,-0.27096241086576145,0.5411319837782708,abnormal
2024-01-01 00:00:06.420,-0.6173876867125038,-0.6093588425927102,6.91838550080345,-0.23199524873088484,-0.175188501536231,0.3063331677481413,abnormal
2024-01-01 00:00:06.430,1.2620899654779223,-0.8071368462075961,6.7238853484991745,-0.264984927558679,-0.2722907381998555,-0.34864952695449675,abnormal
2024-01-01 00:00:06.440,0.28709075628506536,-1.2998437218539047,5.901746891496803,0.2265326803322985,1.217022342393604,0.8518872860872738,abnormal
2024-01-01 00:00:06.450,-0.4889131108904819,-0.5978791698708329,6.172912465039844,-1.6639218207022535,0.933805266011794,-0.18653175220859256,abnormal
2024-01-01 00:00:06.460,-0.30353444744119706,0.9139764325812145,5.645696830042987,-0.20456955749474298,1.231269975908965,0.1967185155766689,abnormal
2024-01-01 00:00:06.470,0.01568847755620146,0.9378354109797934,5.266938271780661,-0.11413906388574364,1.2567346454167114,-0.11149189361421818,abnormal
2024-01-01 00:00:06.480,1.5887906027582095,-1.3445255137515237,5.055429896690763,0.42883661941435297,-0.6340380448344657,-0.2550884456604999,abnormal
2024-01-01 00:00:06.490,0.43467018721220707,0.595644395012268,5.1004118001090974,1.0765649153561263,0.2784873818369915,0.742268746321331,abnormal
2024-01-01 00:00:06.500,0.3226551746195371,-0.8078260098205453,3.8042209730062413,0.5597352606976511,0.6734329597995212,-0.38145791600294304,abnormal
2024-01-01 00:00:06.510,-1.0841640069665028,-1.6116413137541639,3.8344583854271788,-0.5446312362050642,-0.7485111683175354,0.6190116378648405,abnormal
2024-01-01 00:00:06.520,-0.29241034186553505,-0.9341855974855474,2.466878990492927,0.4198113964572144,2.6007081277653263,0.32585907720454393,abnormal
2024-01-01 00:00:06.530,-1.068613466423027,0.2648770445243967,2.9236394020225065,-0.5245019950133686,0.044158519864923154,-0.41292152440062646,abnormal
2024-01-01 00:00:06.540,-1.0953485325623495,-1.2687693390830592,2.4265617780270423,-0.31783584695488254,-0.22392143717197538,-0.12273747751064137,abnormal
2024-01-01 00:00:06.550,1.3535615504508902,-0.2707656626282039,2.4432228131092613,1.6242844026879764,-0.38097305203013304,-0.32647799294665875,abnormal
2024-01-01 00:00:06.560,0.4626116526817446,0.4522627764088524,0.9664825254657012,0.1316781117292673,0.8165019216381891,0.7944451763168112,abnormal
2024-01-01 00:00:06.570,-1.7508259377045168,0.20539698063810036,0.715583611269791,-1.6087680324778337,-0.7788391827759055,-0.11581300624773558,abnormal
2024-01-01 00:00:06.580,0.6320683829612449,0.24255972518143676,0.5039072306455379,-0.8977420818589342,0.5586775131908305,-0.34346666754448546,abnormal
2024-01-01 00:00:06.590,0.8878316358094115,1.6998777009351378,0.6213491393033457,-0.3033584075595691,0.6031705842935885,0.22081074485223204,abnormal
2024-01-01 00:00:06.600,-1.1750151376741753,-2.6971223577866845,1.691942847014459,-0.48269867474434563,-0.7024999776508535,-0.8844824511084618,abnormal
2024-01-01 00:00:06.610,-0.5797944934634276,-0.2894775396519926,2.969041437268786,0.06400047137394317,-0.9214192717623338,0.42864043551455555,abnormal
2024-01-01 00:00:06.620,-0.45032827161216543,0.5212021190413545,2.957169673271796,0.3360777881043341,-0.8027025262698158,0.8062774370447773,abnormal
2024-01-01 00:00:06.630,0.826069198763848,0.5920205026989367,3.302371312089729,0.6041625221630913,0.4435336591038498,0.1857788995913232,abnormal
2024-01-01 00:00:06.640,0.9051730152185272,-0.34055274586426443,4.435133930429602,0.26461788052474633,0.509496960276814,0.23539409595473573,abnormal
2024-01-01 00:00:06.650,-0.04809804035321914,1.1933838182869576,3.35672392086512,-0.4221914415906778,-0.46266862957586774,-0.5950711690457551,abnormal
2024-01-01 00:00:06.660,-0.07340182388525861,0.43548097039724787,4.0250984918576265,-0.03801992101743046,-0.49369203855412497,-0.15472510481350168,abnormal
2024-01-01 00:00:06.670,0.06042023705426802,1.417796807422973,3.200476521996931,0.6585652663670453,1.14941873941645,0.5288107164868441,abnormal
2024-01-01 00:00:06.680,-2.054317212271777,3.2665836036352527,4.2847186138206945,0.6681358889031567,-0.38166740322367393,-0.1084675784956757,abnormal
2024-01-01 00:00:06.690,-2.1168747552975518,0.9058543430597813,6.2818022999504155,-1.6562918033778848,-0.12499867212550558,0.5535837587907847,abnormal
2024-01-01 00:00:06.700,1.1664148149139948,-0.38277889289671324,5.864614820204241,0.1160719218642366,-0.09570133518413862,0.5587557557701042,abnormal
2024-01-01 00:00:06.710,-0.13349090352152745,0.6900949013077395,5.447822734178214,0.2221860533874078,-0.8228874498627069,0.9894478427304092,abnormal
2024-01-01 00:00:06.720,-0.22773524236678216,0.23713633748758886,7.117493903132882,-0.22208040196538806,-1.5437301822469078,-0.05643052002103969,abnormal
2024-01-01 00:00:06.730,-1.371228903120209,0.6237423889328072,6.843525362303552,0.7345666179639793,-0.6483243029816032,-0.7781626685252806,abnormal
2024-01-01 00:00:06.740,-1.1225880943653717,0.2514613257425829,6.682739593286345,1.8071748330947093,1.9311415411187656,0.8490069531828491,abnormal
2024-01-01 00:00:06.750,-1.8001486759924674,-0.14248310598761135,7.267236943204116,0.02876577908929367,0.47421362420653196,1.1570559283931787,abnormal
2024-01-01 00:00:06.760,1.0752324405756002,-1.3952645660751766,7.584767925120572,-0.11174017487665798,-0.099289067001696,0.042626460539052,abnormal
2024-01-01 00:00:06.770,-0.44535121684443973,1.726334940887926,7.45929029506151,-0.15064409731998896,-0.06428965330390352,1.1571622463101947,abnormal
2024-01-01 00:00:06.780,0.5158078183699312,-1.2343034404583948,8.36417475023627,-1.311945353593217,0.009865560896445297,0.32724827857625777,abnormal
2024-01-01 00:00:06.790,-0.8106476242166522,-1.241832594202446,7.729094888496153,-0.09889767483723494,0.6358170754343343,0.2985593691516982,abnormal
2024-01-01 00:00:06.800,-0.561698825138856,-1.1294198479881503,8.868348289036184,-0.6916932184409054,-1.5890220161447068,0.1655515781407462,abnormal
2024-01-01 00:00:06.810,1.8497352093880002,0.5486988558671233,9.092754445902253,-1.1365476647963668,-0.1611020676044864,0.8448449391275468,abnormal
2024-01-01 00:00:06.820,0.7100941131915843,-0.37884756226939786,8.230334912266814,-0.3201145304090252,0.5105126355681331,0.11497796003244586,abnormal
2024-01-01 00:00:06.830,-0.8792325644414575,-0.17548678799330553,8.72230643329488,-0.18076296476921183,-0.13805503312968884,-0.3762661340331567,abnormal
2024-01-01 00:00:06.840,-1.2441545267621956,-0.09713308142135386,8.32297071111422,-0.38580444722216356,-0.26208576012759804,-0.2506281796990954,abnormal
2024-01-01 00:00:06.850,-0.8572836401490372,1.6744732048750912,8.22480661635392,0.2319582177070794,-0.11468782301651273,-0.6790534396824376,abnormal
2024-01-01 00:00:06.860,-0.2661030598630507,0.1382018872549766,9.023952327455623,-1.0921474396170008,0.051266678587688394,0.11648988065889777,abnormal
2024-01-01 00:00:06.870,-1.857651521554733,1.8868054899594462,8.665325770219212,0.7485534492928566,-0.6757223515197737,0.5789378907023801,abnormal
2024-01-01 00:00:06.880,2.203653457922967,2.2836180054794917,7.836679167828492,-0.37765320864257684,-1.0728279213739493,0.24164336601128192,abnormal
2024-01-01 00:00:06.890,0.7962100237513435,0.3714042728862507,8.094292764547113,-0.40319186194219825,-0.5221961135924599,1.1557103928065904,abnormal
2024-01-01 00:00:06.900,0.5281790802844172,0.04264292920776299,9.193373222931093,-0.5347434934325274,-0.1790689640943472,-0.20671985723270683,abnormal
2024-01-01 00:00:06.910,-4.1014061108007285,0.3022652142623351,7.5493219217088985,0.8365891055375511,0.2668742255281519,0.40350325982486035,abnormal
2024-01-01 00:00:06.920,-2.4575129270139104,-1.1886518759514433,7.874978313584019,-0.594059870506416,0.5774724395553276,-0.2708259677720127,abnormal
2024-01-01 00:00:06.930,2.5173526226135774,-1.2545736642392307,6.446187324755494,1.1889721822690849,-0.016745393966263882,0.03505743442905499,abnormal
2024-01-01 00:00:06.940,0.7545734161363498,-1.2803094034776852,7.312481488663684,-0.6624774501228358,-0.04556871964979316,0.38095046000882377,abnormal
2024-01-01 00:00:06.950,1.7919033097343775,-0.5545009917222852,6.887424943842888,0.7468647315775857,-0.24481210081922897,-0.4179809781138058,abnormal
2024-01-01 00:00:06.960,2.008610065086016,-0.8054314418847924,5.234226641423657,0.6243034122076466,-1.5351962163677082,-0.22917365258103686,abnormal
2024-01-01 00:00:06.970,2.6523747822235513,1.1378617795122907,4.925076727681972,-0.550565968607226,0.09346108351540926,-0.8331316135540174,abnormal
2024-01-01 00:00:06.980,2.2702778284073455,0.558694884854092,4.203518352219736,0.1451661644004864,-0.5138998398784342,0.6132387890613401,abnormal
2024-01-01 00:00:06.990,0.34074717986180725,0.5860269646357684,5.395534316911505,0.32326677482560057,-0.7301208952376363,0.6679860000460673,abnormal
2024-01-01 00:00:07.000,0.27191040440870257,0.05957379803647947,3.6596860790375065,0.09276818906287831,0.14828791796468724,0.36464943516227616,abnormal
2024-01-01 00:00:07.010,0.8694928846411812,-0.03743864974291206,4.044548074682126,-0.41043654969248916,0.5702697858937396,-0.3275414501344367,abnormal
2024-01-01 00:00:07.020,1.0143060401295607,-0.9215380308295148,3.236910180636305,0.3113124157888258,-0.6070298059785355,-0.14787310429956926,abnormal
2024-01-01 00:00:07.030,-0.48455707464882813,0.5679628923638239,2.6040618565087406,0.7224668745252409,0.7348625843211765,-0.6258671486091297,abnormal
2024-01-01 00:00:07.040,-0.5172788823734042,-0.12462925595053315,2.8495269000179007,-0.8549452240552073,-0.8812858055499677,0.03705667959740358,abnormal
2024-01-01 00:00:07.050,0.3334392007113229,0.055456574746547346,0.7201033031015432,0.913669878472508,-2.159312422636795,0.026843282938627224,abnormal
2024-01-01 00:00:07.060,-1.3144498207336597,-1.0705904396981052,0.9415953367738749,1.1486961304161474,0.17296697988564938,0.18876189375778868,abnormal
2024-01-01 00:00:07.070,-2.5410852895517153,-2.285103257616582,0.4562731963149303,-1.4940590794349244,-0.9123240886822706,-0.49735279685287315,abnormal
2024-01-01 00:00:07.080,1.926841132306601,-2.0656444928243953,0.9186078609856865,-0.19692600860109408,-0.5531665523134779,-0.34800966064088845,abnormal
2024-01-01 00:00:07.090,0.48201357471387235,0.16661083019783623,1.3045878601536158,0.7310808940097985,0.48529759351171176,-0.654053532511856,abnormal
2024-01-01 00:00:07.100,1.9416135949032869,-1.6294356948515314,0.7021049165998926,-0.650569559648043,-1.925448841780797,-0.733174302620341,abnormal
2024-01-01 00:00:07.110,1.3472801830492684,2.7127438748497443,1.2916558896354007,0.03634515092279363,0.8045586093874799,-0.6512998634011452,abnormal
2024-01-01 00:00:07.120,1.3839272542503374,-1.9020147553590536,2.8261498355899293,-1.311631311136516,0.8749331221222777,-0.11176288887787628,abnormal
2024-01-01 00:00:07.130,1.1126225678254729,2.837166278648486,3.364803167146732,-0.15530534243942162,-0.11422386135552466,0.49144003158554705,abnormal
2024-01-01 00:00:07.140,0.9607754696952371,1.1823830896560972,3.642154469416969,0.06012201164192228,0.17604685339241463,-0.29124176001906504,abnormal
2024-01-01 00:00:07.150,1.1364837887023496,-0.08185046881870725,4.244849549551672,-0.686876235407208,-0.13467050009604428,-0.9324286838196753,abnormal
2024-01-01 00:00:07.160,-1.1313154491341626,-0.06985705344562665,3.284261716802393,-0.8249723253600951,-0.03416376526448652,-0.18464103092023254,abnormal
2024-01-01 00:00:07.170,-0.574268043690066,0.8879523443430177,3.6954717485751383,0.44887709508393053,-0.965680243627567,0.024821214664744854,abnormal
2024-01-01 00:00:07.180,1.434542885023924,0.9612456059326362,5.105895584669709,1.5818785170891223,-0.4064608730757053,0.8336061882900095,abnormal
2024-01-01 00:00:07.190,-0.5441375884294594,1.0561615788863437,4.901798316266832,-0.08266651974177029,-0.4728713297023683,-0.8930973317596487,abnormal
2024-01-01 00:00:07.200,-1.3554444806312373,1.227894387305776,6.055127899789502,1.1858639040671584,0.8950412390877458,-0.3342956247990068,abnormal
2024-01-01 00:00:07.210,1.9012537144237838,-0.5514682511817991,6.9061659422836446,-0.244659646407517,0.4520289485039776,0.11540215638666901,abnormal
2024-01-01 00:00:07.220,-2.5614965189096823,0.5373097995711976,6.675948992065575,0.19681861264728837,-0.011489543752817914,-0.2629823930625478,abnormal
2024-01-01 00:00:07.230,0.5990262706436287,-1.6413708055747875,7.566371761863085,0.0521608258921854,0.19595449271256815,-0.020944688112386523,abnormal
2024-01-01 00:00:07.240,-0.4266313985129648,-0.7485750310983393,7.105720008186689,0.18476333433659142,1.1592584945559368,0.22974879856538438,abnormal
2024-01-01 00:00:07.250,0.5464748405943276,-0.4981676036314766,7.369615548274816,0.41855948125422454,-0.5444625817410033,0.12462577433901871,abnormal
2024-01-01 00:00:07.260,-0.3915249031218963,-0.26110761142240885,7.431391673971008,0.20125831176555165,-0.6031745699201587,0.3500433778760121,abnormal
2024-01-01 00:00:07.270,-0.46346999322302673,-0.5386132657241828,7.180725856523136,-0.927945188451552,-0.8519445853098898,0.28609303782830786,abnormal
2024-01-01 00:00:07.280,0.05141196861783285,0.9249143588537247,8.093764157278983,-0.27054218434889216,1.0315673218750754,-0.3808510107268998,abnormal
2024-01-01 00:00:07.290,0.5288108470207661,-1.5706266058452163,7.338777883313738,0.0342480955170979,-0.42268853223385705,-0.17841702601438086,abnormal
2024-01-01 00:00:07.300,-1.0985668356287404,-1.1718504116760335,7.970946789230369,-0.11270166981701714,0.32188137707849807,-0.6654916874183744,abnormal
2024-01-01 00:00:07.310,-0.3118425180164081,0.6607883814372845,8.223648872463517,-0.970066470917684,-0.13540689309372933,-0.03155002572524196,abnormal
2024-01-01 00:00:07.320,-0.508874051705065,-2.0626814206155317,9.546670000489842,0.8037168646388657,1.1103679639257726,0.37104830459206717,abnormal
2024-01-01 00:00:07.330,2.331202922654684,-0.39590430972171864,8.612437676222857,0.17414022142267133,-0.3758577344022259,-0.222339519992484,abnormal
2024-01-01 00:00:07.340,-1.258092150826607,2.480658073315397,8.378420705711829,0.07619780213503682,0.9924638844672391,-0.030405298580639065,abnormal
2024-01-01 00:00:07.350,1.2499133683079442,-0.5705972175313926,9.001410738828797,0.44923900641163295,-0.8637351700708092,0.27516758401686503,abnormal
2024-01-01 00:00:07.360,-1.8791884303957638,-1.634874275182676,9.251180636299424,-0.5952404390539353,-0.7379008038866401,0.41296277029552575,abnormal
2024-01-01 00:00:07.370,-1.2041627184254549,0.054507851271092464,8.488120291264648,-0.25373420591373486,-0.9456375320967936,-0.4254099137124627,abnormal
2024-01-01 00:00:07.380,1.4947450745259945,1.36420219296133,8.478427123719081,-0.25141774107500775,2.2946772899535604,-0.5906267996897175,abnormal
2024-01-01 00:00:07.390,-0.872843304995153,-0.7420760701746357,9.005100928760013,-0.5034345535491388,-0.25947717246144664,-0.1669782161371803,abnormal
2024-01-01 00:00:07.400,1.7923935507610649,-0.2048100318263679,8.788692074507818,-0.9750971905999017,0.36093647673697327,0.16059190839174947,abnormal
2024-01-01 00:00:07.410,2.214971826220572,-0.9146124064512262,8.495212108942413,-0.3931649489310575,0.310508499250778,0.18305617432509058,abnormal
2024-01-01 00:00:07.420,0.39378098166204517,0.16235282172514384,7.25820587043703,-0.5868897861024152,0.13526256603977588,-0.4603398494327788,abnormal
2024-01-01 00:00:07.430,0.4379430780023681,0.03699954250737283,7.130970503429302,-0.061613229728194295,-0.21648537366870624,0.12984905354206958,abnormal
2024-01-01 00:00:07.440,-1.8288216316188606,2.079555940690755,6.566157502190443,0.40239297750343633,-0.5062045449545826,0.4487433305468711,abnormal
2024-01-01 00:00:07.450,-0.7404857422624072,-0.5291018969716076,6.491968509646171,0.986179262478097,0.4440470045423834,-0.10246181865048944,abnormal
2024-01-01 00:00:07.460,0.7495305039960442,-1.7538487042922275,5.6121177489381635,1.007991958698827,-0.8878989913750406,-0.7130666791377653,abnormal
2024-01-01 00:00:07.470,-2.1901496779262577,1.4946954390690843,5.445992727024532,-1.4712313964690873,0.18302558601394517,0.7212047774578711,abnormal
2024-01-01 00:00:07.480,1.2507720139832326,1.161121467200353,4.964965897816695,0.9071905513491281,0.3175654824731508,-0.08917872673504766,abnormal
2024-01-01 00:00:07.490,-0.29833750487541927,0.8503104868239432,5.988785093964979,0.26057710042405663,-0.10588145629680905,0.5123200837434164,abnormal
2024-01-01 00:00:07.500,-0.2890693181804574,1.935247530420431,3.526421228641865,-0.11012437177085038,0.08460537703470095,-0.16028294798487486,abnormal
2024-01-01 00:00:07.510,1.287644488106228,0.9560839000307708,3.331266345673935,-0.07598278224343417,0.5574950056739353,0.6266309585904891,abnormal
2024-01-01 00:00:07.520,-1.6942799025356254,-0.28177222798261053,3.7794020548311935,0.13754450461172332,0.8319965482941538,0.0653209441425844,abnormal
2024-01-01 00:00:07.530,-0.6990049735877207,-0.9662023432228817,1.9034015136892677,-0.27460017208244514,-0.3937415810835905,-0.445789436071086,abnormal
2024-01-01 00:00:07.540,0.9837384137797581,-1.7378017813875086,3.2158060093647665,1.0155680485830534,-1.7585348680468251,0.19589331920671574,abnormal
2024-01-01 00:00:07.550,-0.5662459393335215,1.6167043385831723,1.914448490643899,1.1612341137430078,0.4822283738057341,0.1762383081317068,abnormal
2024-01-01 00:00:07.560,-0.816531505528087,0.5363966962322205,-0.0806669158273321,1.0257859946996821,-0.07819254398994398,-0.22245607814415666,abnormal
2024-01-01 00:00:07.570,1.0173915845470123,-0.7394056181487529,0.6798331868410071,0.2755522713663032,1.2967854936767584,0.2830258749601804,abnormal
2024-01-01 00:00:07.580,-0.13983952116149284,-0.629605876980086,0.3368477182387282,0.8262151637634026,0.7846776904405941,0.6680101656316899,abnormal
2024-01-01 00:00:07.590,-1.8789332239461394,1.720938496782665,-0.26528594371197667,0.8883889065548075,-0.4390513774006466,-0.002300065840306937,abnormal
2024-01-01 00:00:07.600,-0.41573878067902403,1.7923806444045227,0.8393353008078952,-0.271300239832385,-1.519494928913868,-1.365717731084878,abnormal
2024-01-01 00:00:07.610,0.375405918613608,0.5158196867563591,1.9433335837336703,-0.5051439922000687,-1.1219261436259662,-1.23862562152218,abnormal
2024-01-01 00:00:07.620,0.40910675553234455,0.5616213877579921,2.427948413786613,0.3779936045895665,1.589757599625859,-0.4566092438574799,abnormal
2024-01-01 00:00:07.630,0.7668984954697423,-0.2959868408331677,2.951764504615598,1.6381076083230557,-1.2197762857235717,1.2070641186227562,abnormal
2024-01-01 00:00:07.640,2.3178094791417556,0.27812498419104703,2.7647632576224246,0.14037571741274016,1.196745859506428,0.40864644198528594,abnormal
2024-01-01 00:00:07.650,-1.2006764095521343,-2.3208468601473324,3.508693175648532,-0.9919029925737533,-1.0833747497115358,-0.9035325000940241,abnormal
2024-01-01 00:00:07.660,-0.3319340468493893,-0.5877649243652294,4.180442523496624,-0.6284121834818098,0.4184957994953105,-0.09510873376687559,abnormal
2024-01-01 00:00:07.670,1.253992028198127,0.3419162957755576,5.236375124807956,-1.891739851376701,-0.018032786141659582,-0.18038791691887654,abnormal
2024-01-01 00:00:07.680,-0.3481118065776689,1.6684956234980923,4.12493092409421,-0.6452003517954338,-1.5610415049910311,0.37341424886604935,abnormal
2024-01-01 00:00:07.690,0.3098344559946223,0.7922963598602811,4.043279231284594,-0.8867038936400579,0.3941854408190625,0.6209566014143574,abnormal
2024-01-01 00:00:07.700,0.9782965150475017,0.11158454941611858,6.310204187619241,-0.5979776191563887,-0.39179304321338465,0.39393503603062086,abnormal
2024-01-01 00:00:07.710,0.25191271268540694,-2.247164021868872,7.069536276863496,0.398600944258241,1.6118860180829861,-0.32745789614485493,abnormal
2024-01-01 00:00:07.720,0.45133884365575866,2.1696554142328166,5.190162682724594,1.3323072254496164,-0.5763973823195767,-0.489601221358858,abnormal
2024-01-01 00:00:07.730,0.6018049307979192,-0.9615512569044189,6.413896289901462,0.5858362181291071,-0.4699228193946417,-0.8390022119038906,abnormal
2024-01-01 00:00:07.740,0.518357967006173,-1.2667270138674398,7.241384000793897,0.8318382011387073,0.19922862873156252,0.33749523468403775,abnormal
2024-01-01 00:00:07.750,-1.925171516151085,-0.1120991723862844,7.419768010910385,-0.6471248083440324,0.1599824808784519,0.3950377565460893,abnormal
2024-01-01 00:00:07.760,0.8005913484762609,-1.2542889902581207,7.421724316743611,0.6876118744056414,-1.2168617065090397,0.1885739081235608,abnormal
2024-01-01 00:00:07.770,0.04072271184317104,1.1772826748403875,7.726261620161928,-0.011133717895908129,-0.5821018494921044,0.2791984179138013,abnormal
2024-01-01 00:00:07.780,-0.9302334649418293,-1.0032982284532614,7.606975973123026,-0.5104306206720389,-0.004461514123072495,-0.23114002555252297,abnormal
2024-01-01 00:00:07.790,-1.6660829396344046,0.45913510274416486,8.389192562300991,-0.32577887182404364,0.16119444127572985,-0.16282568154942625,abnormal
2024-01-01 00:00:07.800,0.1302814506729486,-1.4887582682256437,7.580220450210674,-0.4256982583915477,0.5899179753908708,0.8159756179631574,abnormal
2024-01-01 00:00:07.810,-0.9287510575368296,-0.6067268586420284,8.475841160861592,0.5259191144366494,-0.5206405579009423,0.6516261037504236,abnormal
2024-01-01 00:00:07.820,0.5378999600656739,0.12624256956503074,7.917138420704593,-0.8155856341806565,-0.1733185722434527,-0.7092389798714198,abnormal
2024-01-01 00:00:07.830,-0.88900493519083,0.8236469480064285,9.035905081777607,-0.31801854723421785,0.16467719610259732,0.31164828339624434,abnormal
2024-01-01 00:00:07.840,0.8099188628741939,-1.0052549057096947,8.2292342522651,-0.3497776124355645,-1.8286362521558532,-0.22891905823408995,abnormal
2024-01-01 00:00:07.850,-1.001859905216527,-0.8417117405531149,9.03249465074327,-0.512184616848156,0.7807195105694689,-0.5435941011134453,abnormal
2024-01-01 00:00:07.860,-0.7192236104703512,0.37273818813369725,8.964417721081277,0.8417837896778084,0.2690537810814275,-0.35553655161848796,abnormal
2024-01-01 00:00:07.870,-0.7651398181835131,1.0899723197041673,8.82912782518891,-0.3386393021658422,1.6651461501052942,0.17072587716899273,abnormal
2024-01-01 00:00:07.880,1.2753432093577854,1.1684068592214003,7.786247356429837,-0.5924017510253565,0.8714439390154325,-0.2529344883765882,abnormal
2024-01-01 00:00:07.890,0.8526688375257993,1.078069804961361,8.240525798595627,-0.5982060342800203,-1.4178367241747858,-0.33561074064648866,abnormal
2024-01-01 00:00:07.900,0.2092707548804771,-0.6196489350245151,8.697176128934899,0.9282320957086404,-0.07292338772428465,-0.38571557549259317,abnormal
2024-01-01 00:00:07.910,-0.5001902467264118,1.2726407713784178,7.75231652822523,-0.03754880993185155,0.3686890810031767,0.23478597904467416,abnormal
2024-01-01 00:00:07.920,0.6897507072833199,0.32574583150316216,7.055285203727487,1.033219853873443,0.3369947792604153,-0.8800336348938467,abnormal
2024-01-01 00:00:07.930,1.9654606750414778,-1.0386771324889916,7.608370823628664,-0.31824794244650123,-0.21504118309222442,-1.0956620274481126,abnormal
2024-01-01 00:00:07.940,0.007446191138785953,0.9827387866401978,7.0260536488452034,-0.9941689981372044,1.645961412418426,0.13931886828128315,abnormal
2024-01-01 00:00:07.950,1.1491720213108096,-0.6845470888466694,6.351520496717292,-0.13941944878946547,0.9937513642368938,0.3340317583244068,abnormal
2024-01-01 00:00:07.960,0.47206722728089434,-0.9510637753042939,6.066750739067952,1.3259978069614917,-0.7020630599734661,0.6735887877653088,abnormal
2024-01-01 00:00:07.970,-1.0256173536577815,0.18231166861453457,5.474051315689201,-0.6698172887830108,0.10069791246236913,0.5553772715346965,abnormal
2024-01-01 00:00:07.980,-1.449772709993638,0.9366945907306758,4.7962960805084105,0.21111312849083688,-0.558308979835557,-0.5030988680796383,abnormal
2024-01-01 00:00:07.990,-0.2591084325705669,1.6191025260699274,5.639632758667775,-0.7110691344544656,-0.48942170509746435,-0.3191321355038068,abnormal
2024-01-01 00:00:08.000,-1.2690394597381718,2.1077648587554743,4.255356295005832,-0.8274958374301574,0.4369360097386473,-1.0402178416404528,abnormal
2024-01-01 00:00:08.010,0.1337176306719766,0.1202846484542075,5.036387469430529,0.035409715437999756,-1.006507115996465,0.25819387139779515,abnormal
2024-01-01 00:00:08.020,0.5755726527804345,0.5437432129477363,4.2892274008660705,-1.7619023767772055,0.19969716608523785,0.11941832811607013,abnormal
2024-01-01 00:00:08.030,-3.1800878826585346,-0.0268144816730597,3.7737973745734634,0.8782670571733432,0.17323828742308686,0.46817227736824346,abnormal
2024-01-01 00:00:08.040,-0.29706181132966875,0.11865027355799394,1.8080443742303012,0.5688775452863241,-0.43112461887947734,-0.5158960650951503,abnormal
2024-01-01 00:00:08.050,1.7257092464337085,0.7974281221456496,2.32073404512967,-0.9736475082819661,-0.24788401950630484,0.6860151859504358,abnormal
2024-01-01 00:00:08.060,-1.5914400981628294,0.6446927238920043,2.231894280835002,-1.9088229143480275,0.5411388402205501,-0.9033975992507783,abnormal
2024-01-01 00:00:08.070,-1.7985820446936671,-2.1334667978780777,0.6519252536738782,-0.8896021526858539,1.8170280054200068,-0.7130815384700696,abnormal
2024-01-01 00:00:08.080,-0.9746098479980332,-2.5339060011908097,-0.12557858255101173,0.516323389689278,0.29963878101499125,-0.30723609857962575,abnormal
2024-01-01 00:00:08.090,-0.9565302029871887,-0.6265599304196159,1.2975191935737072,1.322690952069141,0.43194740194859116,0.39162064485333004,abnormal
2024-01-01 00:00:08.100,1.1817585768520718,0.8011815024712065,0.17229343612393488,-0.5548926313747088,0.025388541299632538,-0.09439831198495437,abnormal
2024-01-01 00:00:08.110,-0.6246005448010542,-1.4762853502604678,-0.7434494572157502,0.7104240339993183,-0.1627426074963112,0.6480109863574322,abnormal
2024-01-01 00:00:08.120,2.205169414102044,0.2504378974722442,0.6690305532953404,0.5221923517173931,-0.48742001398750595,-0.8580164195101746,abnormal
2024-01-01 00:00:08.130,0.4269558721360536,1.9804224110430133,1.9437014495747582,0.18741087977654963,1.3179655643251198,0.3447993560990534,abnormal
2024-01-01 00:00:08.140,-0.8924244844154314,-1.7560749571330845,2.6528102139293415,-0.3252956253771418,-1.0286672758256636,0.41332379279032133,abnormal
2024-01-01 00:00:08.150,0.23579940811531275,0.4365014445694804,1.8294675221946708,0.190050133964117,0.011491191185048839,-0.7539556244990916,abnormal
2024-01-01 00:00:08.160,1.9083914134333966,0.2886099686956838,3.3991443714266696,-1.256440553293366,-0.1020499196198235,-0.46325782575063434,abnormal
2024-01-01 00:00:08.170,-0.18632412057399353,-0.8304086331265966,3.9451164755938626,-0.742284695057914,-0.97917439365791,-0.3793942825813319,abnormal
2024-01-01 00:00:08.180,0.17268295801009073,-0.5760707096981216,5.461952379347343,-0.11620640399945613,-0.12952390041132394,0.5134691950750426,abnormal
2024-01-01 00:00:08.190,-1.6276073369434385,-0.668943807285479,4.5977132842170105,-0.9868837896025006,0.23923809176866365,-0.43058691017558165,abnormal
2024-01-01 00:00:08.200,-0.6912263563386027,-0.652357339324957,4.382412294218408,0.9860113258874535,-1.4261539315304805,0.5671313884019342,abnormal
2024-01-01 00:00:08.210,0.7676182387230472,1.8303834972809663,5.8490248184194575,1.611185374923166,-0.8997593059974897,-0.46975819462462404,abnormal
2024-01-01 00:00:08.220,-0.9107267469959318,1.3316121917731296,5.834408341126145,0.1691720474655653,0.9447258128430968,-0.37893011664024223,abnormal
2024-01-01 00:00:08.230,3.18229597986369,1.7926980357739353,7.190928469644872,1.024739602500248,-0.8993371775013164,-0.15832721572427202,abnormal
2024-01-01 00:00:08.240,0.21897095669770958,0.23203087844614528,7.144930099751073,-0.7736232692781749,-1.0114639819165239,0.5153023174746858,abnormal
2024-01-01 00:00:08.250,-1.3690432811729418,0.9468323451167736,6.820933736851578,0.5564768130350058,-0.37222873985214644,-0.33448494283890806,abnormal
2024-01-01 00:00:08.260,-1.2101638676811761,0.6124753672382902,7.043032295105263,-0.5274667509755865,1.1817877190547916,-0.5960650491153153,abnormal
2024-01-01 00:00:08.270,0.7641705807733007,1.086129658342734,7.599919974531487,1.2906030675576476,-0.7513684531318539,0.6189021648179911,abnormal
2024-01-01 00:00:08.280,-0.2575120652566353,-0.8138695186565169,7.1400750107903885,-0.9835293892381581,-1.171247958232499,0.4111632605218788,abnormal
2024-01-01 00:00:08.290,-1.5509821596584994,1.1992319542541545,7.509928379759964,0.19162744505913834,-0.01057070498270431,0.47354573529588095,abnormal
2024-01-01 00:00:08.300,1.2058584708019697,0.14598994628679687,8.006353595447353,-0.9830485240698671,-1.3545254735137875,0.27748327867400013,abnormal
2024-01-01 00:00:08.310,-0.3124794715792409,0.8176844662729236,8.948839744604811,-1.0796636226273455,0.7936617124154108,0.31498778998238586,abnormal
2024-01-01 00:00:08.320,-0.3080891013718251,0.043050969962774625,9.47902614988637,-0.46049930696172703,1.004271563095471,1.0465805378583437,abnormal
2024-01-01 00:00:08.330,-0.7685291541185933,1.3797757839027434,7.688901495001404,-1.2997635861202945,0.3954069607789785,0.11614697796681683,abnormal
2024-01-01 00:00:08.340,-1.4958890922375963,-0.6401836782435333,8.184179617991013,-0.4888146986189583,-0.11164798751720956,0.2679553935570353,abnormal
2024-01-01 00:00:08.350,-1.767518492889349,-0.6934301764398118,9.6684074663438,-0.31304228063375933,-0.9888294058399743,1.2895529273202493,abnormal
2024-01-01 00:00:08.360,1.0378175445113031,-0.39742744492401266,8.090192262785884,-0.760354252075896,-0.38069011482058646,-0.30990076592521465,abnormal
2024-01-01 00:00:08.370,1.6310186473183206,1.645348658484684,9.114139659021111,-0.09926001941187335,-0.24599027243300112,-0.22997075007614026,abnormal
2024-01-01 00:00:08.380,0.7283820327510191,-1.8661035724711985,8.286125659900907,-0.15845913138227247,1.5104973809400508,-0.37158656676499924,abnormal
2024-01-01 00:00:08.390,-1.0845499176634068,0.10325395407399633,9.178842848308374,-0.40571841879237,0.6693987266768979,-0.8756290463101807,abnormal
2024-01-01 00:00:08.400,-0.2024712388001978,0.7004512881841737,8.912336576439845,-1.325120103495933,-0.7100578115870066,-0.5477646010945667,abnormal
2024-01-01 00:00:08.410,1.2294817458596756,-1.6887605124962242,7.707731507431352,-0.6390945422402778,1.1632338583333237,1.1690640340613998,abnormal
2024-01-01 00:00:08.420,-0.6351007896524606,0.886889333819567,7.6947174815160055,-2.3490469233358584,-1.841902241896658,0.9253836284403365,abnormal
2024-01-01 00:00:08.430,0.6970783813137792,-0.14826090108938247,7.066814301658925,-0.62891591178247,-1.4344026306200885,-0.32770753870599023,abnormal
2024-01-01 00:00:08.440,-1.4427857569750075,-0.0621845968055039,7.625844578605219,-0.4680138789632701,0.37608620841771645,1.239702774743812,abnormal
2024-01-01 00:00:08.450,0.6235588372960705,-0.6388517426214712,6.596182127206946,1.0034721451245696,-1.0813384534839499,-0.014376859520002946,abnormal
2024-01-01 00:00:08.460,1.1698181304571837,-2.224400953640232,5.529559908673251,0.2933223621210302,0.7271495311904544,-1.1046035546272022,abnormal
2024-01-01 00:00:08.470,0.9821011096580365,1.1393372420240009,5.589417207749566,-0.05771260254647583,-0.8291257663853141,-0.3892021883734175,abnormal
2024-01-01 00:00:08.480,-0.6878524751075514,-0.5752646002054089,5.195313660432267,0.1899603370496611,-0.2970933022728962,0.2703528836553549,abnormal
2024-01-01 00:00:08.490,-0.2299709227729217,0.31600943827683237,6.405725901498892,-1.0647600208064076,-0.9110807122461286,-0.6570170040432985,abnormal
2024-01-01 00:00:08.500,-1.3631849259308686,0.5843224224869713,4.949432171737786,0.9814350574875802,-0.7384380580779303,1.2364576042296163,abnormal
2024-01-01 00:00:08.510,-0.6614653517920716,-0.1917310333052529,3.742248484479909,0.11393675119372178,0.8605951249969593,0.7262838317909214,abnormal
2024-01-01 00:00:08.520,0.444282959031503,-0.10299045148631618,4.01720994108771,0.32660418649503664,0.42495937677328816,0.26349582425424456,abnormal
2024-01-01 00:00:08.530,-1.2299732631491154,-0.545837983719279,1.8916015345555408,-0.8829717361811039,0.05324812523172866,0.016310558342844447,abnormal
2024-01-01 00:00:08.540,0.6283589005744973,1.8507862584726487,3.088013768620425,0.6137504581642959,-0.764407717521182,-0.5015114402903788,abnormal
2024-01-01 00:00:08.550,-1.6533153522467328,-1.0867204574412057,3.662840180216868,0.3442563662629679,-0.7485488795439277,-0.7298471177927104,abnormal
2024-01-01 00:00:08.560,-0.8115519145290518,-0.2649713494029064,2.2195053712881916,0.8252245487518097,-0.6290529960181984,-0.7096554201565145,abnormal
2024-01-01 00:00:08.570,1.1470207924654385,-0.5747105078277862,1.007208084705879,1.3700834157880497,-0.8494980784607186,0.14593634917211967,abnormal
2024-01-01 00:00:08.580,-1.5820720963108115,-0.8201012622065639,0.7122224121524954,-1.3203119566895258,0.08052153416815384,0.056903300265484166,abnormal
2024-01-01 00:00:08.590,0.03747720916123877,-0.39525251441059084,0.7161250593531172,-0.9528888681831292,0.8657245448187414,-0.5806780295295271,abnormal
2024-01-01 00:00:08.600,1.209243474817198,-0.15540225007920855,-0.533632580901635,-0.8991009631848378,0.6650682247330392,0.13045591979559695,abnormal
2024-01-01 00:00:08.610,0.10566095841534612,1.3353834572913807,0.7250691660641038,-0.866760454775064,0.44228740184333837,0.9530166582148409,abnormal
2024-01-01 00:00:08.620,-1.0943317690266265,1.1221572343414725,1.387183121507233,0.22226115574164348,0.2181275590148705,-1.2461952178990274,abnormal
2024-01-01 00:00:08.630,-0.21525196221339452,0.08366508095915705,1.4516896663834151,0.04963616160625459,-1.7520531655342653,0.17015123842050095,abnormal
2024-01-01 00:00:08.640,0.7125555996595762,-1.3551639046844002,2.130825363993958,-0.4315796829496513,-0.07905198985298034,-0.13327329518713407,abnormal
2024-01-01 00:00:08.650,1.5909100347161511,0.4712072173396854,3.488566783302747,-0.3267959823748561,-0.3545220610639793,-0.23628060820774446,abnormal
2024-01-01 00:00:08.660,-0.564893784588879,-0.34283898327917756,3.578230045982234,-1.2207457027141952,-0.31753239247303033,0.7465451721077112,abnormal
2024-01-01 00:00:08.670,0.15028042959908033,0.13719377799352417,3.309539856776261,0.1822740870741893,0.4413382944645815,0.3134251908659083,abnormal
2024-01-01 00:00:08.680,0.33309937320900485,-0.5290807668964368,3.1897336457513674,-0.8020932753291656,-1.0769011181022103,0.1325791200905335,abnormal
2024-01-01 00:00:08.690,-1.1769476026091432,-0.6113986690986302,4.3705424822201735,0.13213021749973294,0.12117639196662695,0.1577706276767571,abnormal
2024-01-01 00:00:08.700,0.5817922452511364,-2.2985434724939067,4.618291645520294,-1.51366492174337,-0.7486517820775141,0.6614249623402487,abnormal
2024-01-01 00:00:08.710,0.3391039442965061,1.686802423169918,6.030153418336287,0.7694956028479328,1.2250298731504485,-0.2300530084330651,abnormal
2024-01-01 00:00:08.720,-1.8254285607384773,-0.9705049520061146,6.207691520899034,-1.078422578414091,0.5371642517632282,0.5438223060111914,abnormal
2024-01-01 00:00:08.730,-0.18580344380082287,-0.7264923711162441,6.571047603381104,0.9071310233978488,-0.23854082418726857,0.135895402520508,abnormal
2024-01-01 00:00:08.740,-0.12117991518007099,-0.5246172135772941,5.933141817804934,0.13695405561769078,-0.24903071569121904,-0.46646647236823713,abnormal
2024-01-01 00:00:08.750,-0.8345191006546914,-0.16770551670548497,5.897909501579946,0.7641695414018154,0.011851974195630046,0.3601014049995343,abnormal
2024-01-01 00:00:08.760,0.7531937938025413,1.4402926436624415,7.7154113557028765,1.629078946874424,0.3041759660832101,0.23623990360425376,abnormal
2024-01-01 00:00:08.770,0.8506302818289514,0.8686990283763543,8.458153401858521,-0.16775651794446822,0.3393468236137314,0.7887993800925004,abnormal
2024-01-01 00:00:08.780,0.23931563745227546,-0.3659360366604947,8.194936253437907,-0.2380641873489581,0.988815818063897,0.06573677733606853,abnormal
2024-01-01 00:00:08.790,-1.1134898212266255,0.6305204935405867,7.230110984551682,0.4921724909930658,1.0183158166539887,0.009941327727270332,abnormal
2024-01-01 00:00:08.800,-1.0854355288728472,0.7387196663875844,7.561805581237129,0.8125040292873434,-0.18640465455363295,-0.7370726375499812,abnormal
2024-01-01 00:00:08.810,1.0605422474087223,1.429365749863418,8.080833382943403,-1.238760172877898,0.46798080049951546,-0.6159129174679085,abnormal
2024-01-01 00:00:08.820,-2.378538206392414,0.8998191864561597,9.16061715726705,-0.16015467541848552,-1.0978411523773486,0.5040358789267231,abnormal
2024-01-01 00:00:08.830,-0.5314789454080268,-0.7934284725756556,8.141268648661205,0.09233450370180363,-2.1637077736087433,-0.9748289016075776,abnormal
2024-01-01 00:00:08.840,-1.1586508187159328,-0.26401794900549064,8.371033530578204,1.382452338048981,-0.627040917984441,-1.677747024463841,abnormal
2024-01-01 00:00:08.850,-0.2429041788501937,-0.7973704961820848,8.448406962745281,-2.0846135162600943,0.15499844952475436,1.038304436424027,abnormal
2024-01-01 00:00:08.860,-1.0561482049398654,0.9671246721613938,8.160472976439095,-0.656015731070744,-0.23746901452150138,-0.13898735861826034,abnormal
2024-01-01 00:00:08.870,-0.514156966814028,0.5733320839404312,8.327066334433177,-0.45046712666556704,1.4888440110287333,0.179459695088993,abnormal
2024-01-01 00:00:08.880,1.1313961648240416,-0.4413496970389905,8.6312571168824,0.27458236867143265,-0.5544744587932443,-0.17307193729343945,abnormal
2024-01-01 00:00:08.890,-1.2212950747166895,-0.22697083387199002,9.048021218501509,0.9049019716538852,-0.702503943769178,0.4322751405641855,abnormal
2024-01-01 00:00:08.900,1.7827390753507923,1.1936097595999138,8.43450123555114,-0.5905076211373879,1.2635249636871764,-0.7762976047276032,abnormal
2024-01-01 00:00:08.910,-1.1404889654727863,-0.5973839369841665,7.813737379289266,-0.6696788688891081,-0.05730678924456538,-0.20448450308108027,abnormal
2024-01-01 00:00:08.920,0.24579166739931133,-1.4154176763030974,7.8814903539555035,0.5532355663862559,1.058723391429496,0.12122707189083447,abnormal
2024-01-01 00:00:08.930,-1.3119226676150864,-0.05670094370732062,7.5133143733857715,1.5820961991152043,-0.900167017218943,-0.5666891848769503,abnormal
2024-01-01 00:00:08.940,1.9614778599742244,-0.7803805321373443,7.935060523530497,-0.08570380351640865,-1.815453676814687,-0.48791835353571616,abnormal
2024-01-01 00:00:08.950,-0.4752987428410805,0.05679968283441693,6.832267574183613,1.416710259610852,-1.8442255288774054,0.7087282894735857,abnormal
2024-01-01 00:00:08.960,0.8255426673814849,-1.6121050574159226,6.242097553714569,0.11082423940147654,-0.5603969775300062,-0.26612164248779335,abnormal
2024-01-01 00:00:08.970,0.7593453423662335,1.5977628918790836,5.465229824979855,-0.328468942452123,0.23733765679401994,-0.4065149249552076,abnormal
2024-01-01 00:00:08.980,0.6641898144035434,-0.3618594677370528,6.254466687064925,1.5504905215014337,0.1555176480424349,-0.7496266137764491,abnormal
2024-01-01 00:00:08.990,0.710591225314682,1.371477994863553,4.880978564264256,-0.3127819309240183,-0.5790289982610622,-0.4531211127148262,abnormal
2024-01-01 00:00:09.000,0.5060452662633542,0.5268322689847121,5.911184699573867,-1.8883442008151126,-0.7406160758126988,-0.50703209315688,abnormal
2024-01-01 00:00:09.010,0.44792148922813,-1.7066913885102146,4.09995986820286,0.4585629933230043,-0.17576327641326897,0.10383274430019113,abnormal
2024-01-01 00:00:09.020,0.42481181975110244,0.33436963300281847,3.899370407945611,-0.958504028615726,0.9796534490853724,-0.509815293115163,abnormal
2024-01-01 00:00:09.030,-1.2227272367156468,1.159659425756445,3.9501253972538968,0.44876145757698266,-0.8500623543570561,0.04964986933849547,abnormal
2024-01-01 00:00:09.040,0.06187865393393137,-2.490430077403279,3.3245263729404586,-0.9294085706058625,1.2989820604000861,0.8311145239108333,abnormal
2024-01-01 00:00:09.050,0.3590863273425157,-0.8205657703437964,3.544251826829729,0.0243721331433938,-0.26399000493608726,0.11770880363245999,abnormal
2024-01-01 00:00:09.060,-0.40327399148049486,0.017475805281877338,2.6204030691269473,0.006058585191170091,0.53587322710719,0.20869340847447101,abnormal
2024-01-01 00:00:09.070,-0.5491765865305442,0.08769139326948712,2.149788789255884,-0.4151777571289949,0.37210372851329343,0.39323491675027666,abnormal
2024-01-01 00:00:09.080,-1.4348651874877856,-2.1967690142829643,1.5329861729384244,1.1708463085425689,-0.5187604092898852,0.5868442935571145,abnormal
2024-01-01 00:00:09.090,1.0504029861291015,3.071776560850597,0.6828087688482367,-1.783481296172843,-0.35172494997777737,-0.6885619591816523,abnormal
2024-01-01 00:00:09.100,-0.5060091597615414,2.255118794965033,0.3695312761997062,-0.41456274411570326,-1.169284612064325,-0.1793660058686672,abnormal
2024-01-01 00:00:09.110,2.1201202780025152,0.5329797306321037,-0.6169480332224522,-0.6917481750896766,0.4934545873703145,-0.5240629413694265,abnormal
2024-01-01 00:00:09.120,1.9720942372982173,2.9872803779899537,0.8570105875363689,-1.5010816974157406,0.8612128700125634,0.5007171139183918,abnormal
2024-01-01 00:00:09.130,-0.6409516716815066,-0.7583690621961622,2.2513201476810805,1.3985683736576264,0.47213487783463765,-0.5108511818122362,abnormal
2024-01-01 00:00:09.140,-0.270753876573135,0.5889867390199178,2.121627028472509,-0.07688080135855233,0.14911129536931972,-0.5871565704207059,abnormal
2024-01-01 00:00:09.150,0.086026001439013,-0.401213305915642,2.5624252690236267,-0.9666470668082117,1.5080947413331807,0.7339809470218588,abnormal
2024-01-01 00:00:09.160,2.4732404831827894,-2.4282746302709346,2.7378181506040016,0.21764430477334412,-0.09370768317652117,0.7207983993158193,abnormal
2024-01-01 00:00:09.170,0.017757900382022476,0.24599369672402457,2.5153443666871063,-0.9114200578810278,-0.9776771411250533,-0.012305343418348984,abnormal
2024-01-01 00:00:09.180,0.17622661968006556,1.6808723921756596,3.7923902945797416,0.08323988691483523,-0.13804182189977257,-0.5636440159566334,abnormal
2024-01-01 00:00:09.190,0.7463957541904314,1.4839219611124337,3.3097211613382798,-0.19437917697824025,0.5756998100536037,0.17055341889057024,abnormal
2024-01-01 00:00:09.200,1.932385076931034,1.4500926415099824,5.143257744893397,0.15092421366131734,0.11020114820661298,0.4047943788034699,abnormal
2024-01-01 00:00:09.210,-0.07434980126730949,0.3628366092881043,5.550966433657714,-1.6307115288533922,-0.15048265933144944,0.7146105087609583,abnormal
2024-01-01 00:00:09.220,-1.4350086417843093,-0.49951947583587286,6.0529505421445045,-1.9106512156144717,0.9570995333881148,-0.27068898844043626,abnormal
2024-01-01 00:00:09.230,0.9340452685011834,1.1234848856627515,6.080787553862322,-0.885724326859499,0.4350892961164987,0.4663501616883685,abnormal
2024-01-01 00:00:09.240,1.5438071329091545,-0.19798187784175197,6.238347474206847,0.7457040829943259,-0.19631103729719507,-0.294283785719409,abnormal
2024-01-01 00:00:09.250,0.7634765484435119,-0.5534114844843768,6.0374938131795854,-0.5984674489116744,0.990145714173834,-0.5083559660784553,abnormal
2024-01-01 00:00:09.260,1.637353348240848,1.9790339710693121,6.921139183456753,-1.546726959920167,-0.15753745462771077,-0.6239825001730867,abnormal
2024-01-01 00:00:09.270,-0.2147583865448291,-0.8978993209378446,7.524314445954642,1.1704254075566767,0.5179970307791746,-0.5573057877015953,abnormal
2024-01-01 00:00:09.280,-0.13381472598512956,0.8095502704704294,8.230960412908816,0.552009826122544,0.14466064615116922,-1.1078064934062002,abnormal
2024-01-01 00:00:09.290,1.7276327395935036,-2.129117644253612,8.82786512627085,-0.16293827465502211,0.3960431981495728,-0.8915137056441,abnormal
2024-01-01 00:00:09.300,-1.2543387752764859,-0.1263736819353289,8.549048638810097,0.925710375473399,0.2914904182564298,-0.03555265394154793,abnormal
2024-01-01 00:00:09.310,-1.3150318025615446,1.2146559846610643,8.24547728611424,-0.3524002130622396,0.888522303240132,0.14426817751646415,abnormal
2024-01-01 00:00:09.320,1.6347678022481185,-0.895422552633291,8.302833279526725,-1.0409529544011207,1.220077299292914,-0.5804852880393169,abnormal
2024-01-01 00:00:09.330,-1.22012071505271,-3.0878220491744335,8.693735514710395,-1.0169975554380948,-0.7337747927011355,-0.8805847232126035,abnormal
2024-01-01 00:00:09.340,1.528844150717202,-0.9589876991872299,9.026743767489606,-0.02882467209645345,0.939034665520113,0.7323118894527585,abnormal
2024-01-01 00:00:09.350,-0.8283372934801208,0.6355656349684182,7.717399096591263,-0.3631664613252201,-0.09765590795532578,0.1853834054371362,abnormal
2024-01-01 00:00:09.360,1.3400867487120174,-0.13932067731526868,9.358902469281178,-0.6365508628494774,-0.11041013509807011,-0.17950797110128833,abnormal
2024-01-01 00:00:09.370,2.779418038536254,0.8654799782561745,7.552539587213739,-0.3197381047717192,1.364501599313164,-0.23455066670409797,abnormal
2024-01-01 00:00:09.380,1.6776961443767202,-0.9346866519736502,8.489070839907091,-0.09680901527913414,-1.3231018861040198,0.34466386415681016,abnormal
2024-01-01 00:00:09.390,0.7805438210453474,0.6512510606337747,7.40548387344539,-0.13872768610852412,0.674889425868561,-0.9832067936742015,abnormal
2024-01-01 00:00:09.400,0.3354667947867506,0.4371633353407564,8.002510406330146,0.7975796350128878,1.067878776975032,0.2143795032389836,abnormal
2024-01-01 00:00:09.410,0.9303564155598851,0.6671967155787902,8.523372138214336,0.8791647769876604,-0.814756386868166,-0.2267024953169923,abnormal
2024-01-01 00:00:09.420,0.24665809097813507,-0.6244238546495637,6.800822273934071,-0.054153886973723586,0.16339239825739726,0.3789985448801988,abnormal
2024-01-01 00:00:09.430,-0.38315833891967516,0.0005457703355203485,6.7080047443370034,-0.053363855259962095,-0.5888334505264249,-0.5292032315007712,abnormal
2024-01-01 00:00:09.440,1.1545149431012645,1.1578692451015131,7.311301100388571,-0.428097520494684,0.1721079512673745,0.7205909621062024,abnormal
2024-01-01 00:00:09.450,-0.48890717849222415,0.7782873221754757,7.6098867059119515,-0.6581774639887686,-0.534309507454248,-0.35174044004597,abnormal
2024-01-01 00:00:09.460,0.6263675616456447,0.9506258443788371,6.2079504262134115,-0.41877118184200646,-0.8166355771363821,-0.5900410961908478,abnormal
2024-01-01 00:00:09.470,-0.7756310866388306,2.9460553828294125,7.380539670036155,-0.8492938331178039,-0.40516681186236825,-0.7591638467871445,abnormal
2024-01-01 00:00:09.480,-1.1505408514378224,-0.07627904956693955,6.75436441252088,-1.5314865224420573,-0.21637003531555085,-0.17328314121277869,abnormal
2024-01-01 00:00:09.490,1.8167957292069858,-0.6124067913492848,5.140524561706369,0.9079171090445395,0.841534387160648,-0.533956055229084,abnormal
2024-01-01 00:00:09.500,-0.3061683509973863,-0.019672740329134162,5.850310183787107,-0.9631152018661112,0.6967983075429641,-0.5996430692420577,abnormal
2024-01-01 00:00:09.510,1.2445134575804069,1.2408493665927562,5.29993155695026,-0.882080371646151,-0.00828479432070228,-0.3458547114957869,abnormal
2024-01-01 00:00:09.520,-0.22584773950968517,-0.4088663508318264,4.0902004716464075,1.378362325602032,-0.11574569984730816,-0.018086400487263184,abnormal
2024-01-01 00:00:09.530,-0.7325151527153696,-0.7673887854356835,3.077642392965636,1.2121601356173786,-0.00746994317000607,-0.5687040235411198,abnormal
2024-01-01 00:00:09.540,-1.2378189671935413,-0.2822751766452015,3.430667758152466,1.632802879505886,-0.624200197902233,-0.10521997460830855,abnormal
2024-01-01 00:00:09.550,-2.093958601261408,-0.36189441779415704,3.403912391856644,0.5538834670091545,0.24533653808277675,0.03839704631801732,abnormal
2024-01-01 00:00:09.560,-0.7561521450673955,0.6324121473900868,3.711013245242409,-0.9962639363935551,-1.0756211229685835,0.5442208627635324,abnormal
2024-01-01 00:00:09.570,-0.7506556277502401,2.1548297142655928,1.7737193494147596,-0.6978676727595448,-2.024849092126311,-0.16211989486075917,abnormal
2024-01-01 00:00:09.580,1.7237916057163443,-0.2633774538106586,0.11233906948399008,-0.7829702701273364,0.5953957228225429,0.5044342515919001,abnormal
2024-01-01 00:00:09.590,-0.7491291917765047,0.564941795837513,0.8690678359185473,-2.301907411391043,-0.6622204877494642,-0.2660253690264199,abnormal
2024-01-01 00:00:09.600,0.21474546059913655,0.4250636200297553,0.5073882512093151,0.21433107958782432,0.1937020676653674,0.48827259362964204,abnormal
2024-01-01 00:00:09.610,0.420558926080936,-0.8174319086596911,0.4729364636321271,-0.2873685986715236,-1.4541697854549471,-0.003763191430415687,abnormal
2024-01-01 00:00:09.620,-0.46301283347332556,-0.1786784400290375,0.6619559748088266,-2.2222164852720026,-0.3480595998506577,0.1906764276030484,abnormal
2024-01-01 00:00:09.630,2.4806212264422527,3.3439837558008603,0.2561493617647407,-0.30839264791308824,-0.7405645414191467,-0.042066374655378776,abnormal
2024-01-01 00:00:09.640,2.670294610651602,0.429254276240939,2.04021910524561,-0.04583656631058687,0.28993197853907676,-0.08551971626892683,abnormal
2024-01-01 00:00:09.650,0.8138835119382749,1.2672584445122208,1.6490439765965987,-0.5862224270323153,-0.5623383007472311,-0.8211324342378852,abnormal
2024-01-01 00:00:09.660,-1.2357868931220692,0.02134696193997148,4.025633191545456,-1.8522111316687693,-0.8794064967118675,-0.18844637982047852,abnormal
2024-01-01 00:00:09.670,-1.1269699801098192,-1.2657099979696584,3.8020169817732814,-0.28031561615918943,0.6537707896271575,-0.7874300722240757,abnormal
2024-01-01 00:00:09.680,0.6924070487215342,-1.893839967780089,3.5481066043467315,1.09973777893924,-1.0683987139613673,0.5273397907412479,abnormal
2024-01-01 00:00:09.690,0.1260652490663856,-1.0161132329768843,4.537593145718021,-2.1266593700163288,0.6023007608082072,-0.5616181914155153,abnormal
2024-01-01 00:00:09.700,0.0923328847863273,-3.224094204481756,5.080759033784027,0.0379904736399036,-0.8139580100413376,-0.4464247849583836,abnormal
2024-01-01 00:00:09.710,1.0078111908831422,0.19896190214261314,5.026334844060822,-0.6964221152192109,-1.9782931306990401,-0.7052376231121933,abnormal
2024-01-01 00:00:09.720,0.04750827387795347,-0.5854453896892502,5.34508650567858,-0.13657914041469874,-0.9627588858731385,-0.08532915806736266,abnormal
2024-01-01 00:00:09.730,-0.8444453153676946,-0.1058197152543914,5.512496224961956,-0.24474230288216925,1.311067726912248,-0.012123795696492348,abnormal
2024-01-01 00:00:09.740,-1.4347330525861282,-1.0236987776575004,6.360132769121241,-0.518174246246844,1.2218377662394977,0.5948577023269271,abnormal
2024-01-01 00:00:09.750,0.09421404328439124,-1.4107040912997013,6.782517157163072,0.4509081832462604,0.946468583176632,0.94885281799476,abnormal
2024-01-01 00:00:09.760,-0.5478264454995766,-0.9809004681522479,6.799867892220215,0.20509252683885265,1.2523622670677435,0.12733119594481482,abnormal
2024-01-01 00:00:09.770,0.16368514399316128,-1.3534237945128742,7.5789218399187845,-0.19301932203449668,-0.10181805257403283,0.10939205042599039,abnormal
2024-01-01 00:00:09.780,-0.8743547150999327,-2.2632890030934094,7.32676003596842,-1.0178011509500842,-0.11545540079918314,0.4301443358986176,abnormal
2024-01-01 00:00:09.790,-0.08328120936385332,-0.8023960265155615,8.489885716384208,0.22880239517636888,-0.45687871474888975,-0.2343569131843769,abnormal
2024-01-01 00:00:09.800,0.8069356140077821,0.7227742018217681,7.848265768151558,-0.2484808927505446,-0.281072276189259,0.18980781547387743,abnormal
2024-01-01 00:00:09.810,-1.7624442005657521,1.0056846951103289,8.552059417843623,0.18431195250415053,-1.2604519017019489,0.7007543605089422,abnormal
2024-01-01 00:00:09.820,0.6486729777388535,1.2667916743779533,8.576799190729975,0.54325551363803,-0.16315567312378484,0.30163505949990715,abnormal
2024-01-01 00:00:09.830,0.9649615533663682,0.7782363748549782,7.904070935889643,-0.025582621977401153,-0.8757568745809531,0.6076366412808187,abnormal
2024-01-01 00:00:09.840,-1.6012112321361303,-0.9045446205105281,7.575139215385548,-0.40685243726183384,0.38439615767884916,-0.5850912314048142,abnormal
2024-01-01 00:00:09.850,-1.1360678428117565,-1.238681707618443,8.651307063164849,-0.6785080188887841,-0.7622079286638579,0.2214551190335718,abnormal
2024-01-01 00:00:09.860,-0.0329546757812733,-0.11467172493312361,7.737192829353244,1.665101974725956,0.997316086139453,0.501802716008698,abnormal
2024-01-01 00:00:09.870,-0.7624553212789661,1.8311323489392723,8.552530175713208,1.268344019816232,-0.8448633866358763,-0.153912622210774,abnormal
2024-01-01 00:00:09.880,2.442298943224944,-1.5210075938492817,8.396183434397996,-0.06918639804455287,-1.5201314521537463,0.2951374300766051,abnormal
2024-01-01 00:00:09.890,-1.721374718064004,1.3285730491131262,8.27345077592643,-0.6910305689431226,-0.9716655029210962,-0.07701697610599473,abnormal
2024-01-01 00:00:09.900,-0.12697494571004678,0.09114509542337162,9.270518599659775,0.6694142963310276,1.0191844309728597,-0.3043205271948254,abnormal
2024-01-01 00:00:09.910,-0.3939420690528602,-0.9826214132642671,8.029702477824717,2.516999799893363,1.1414050571335723,-0.7434374863687307,abnormal
2024-01-01 00:00:09.920,1.2996739846660386,-0.6875257109814754,8.093140251126451,-0.006236406135442794,-0.5641562985103551,-0.06370778828930004,abnormal
2024-01-01 00:00:09.930,0.2449245543827588,-1.003613399045824,8.66642508975829,0.1788393334034352,-1.200722855925675,-0.1188812153624025,abnormal
2024-01-01 00:00:09.940,0.2154949442334372,0.028367528879576852,7.054918043292862,-1.6705516529615754,-0.11505137021916292,0.12872654362027147,abnormal
2024-01-01 00:00:09.950,0.04208716658238389,-1.6544770088849161,6.32022874945443,0.32849758776000704,1.080097974629315,0.18249670332166112,abnormal
2024-01-01 00:00:09.960,0.6429512539270196,-0.5120780773534137,7.192232655678434,0.35969631986294964,0.3898529485727768,0.04120067610660157,abnormal
2024-01-01 00:00:09.970,0.9461265342965453,-0.2839615758746571,7.125905933312771,0.7422766564990481,-1.1016268835618224,0.0708006564891532,abnormal
2024-01-01 00:00:09.980,-0.9747148565688288,-0.5403928689018453,7.73928778501963,-0.25933670275985565,-1.6774189347104136,0.23208752210875241,abnormal
2024-01-01 00:00:09.990,-0.5769149197328305,-2.105071585670329,7.430150058301047,0.11394460138475895,0.4231824721417723,0.17251401928426574,abnormal
2024-01-01 00:00:10.000,1.1812240089003856,2.8327925530168048,6.789302381819088,-1.0818995999314358,-1.5062543682772012,0.20819896161863427,abnormal
2024-01-01 00:00:10.010,-0.650143502441461,0.4348276683089793,4.694571757689906,0.205542299376749,0.17935534332555522,-0.4288523270797138,abnormal
2024-01-01 00:00:10.020,0.2554431269773784,-0.7751995240533724,4.933484717271677,-0.05466131587718772,-0.7281954229769941,-0.03248960220604694,abnormal
2024-01-01 00:00:10.030,0.39234361954922353,1.0878668141073322,4.337317382262834,1.3383588782802411,0.16300826193608114,0.4176873507189761,abnormal
2024-01-01 00:00:10.040,-1.893742708838439,-1.6908219581271304,3.375048587139014,0.7698540926912434,-0.11538678366674089,-0.0973172045219548,abnormal
2024-01-01 00:00:10.050,1.3744154600655663,-0.22207469999194088,3.6610251260494233,1.143667687807536,0.15638149626900083,-0.8650490200570777,abnormal
2024-01-01 00:00:10.060,0.011997579470217372,-0.18230493038500334,3.3594582737297465,-0.3056762039476415,-0.6246707468830139,0.38309660758576247,abnormal
2024-01-01 00:00:10.070,-0.17725420925929267,0.7783121548890335,3.216355737732501,-0.5310421820865108,-0.09490757779525028,0.44764907473821774,abnormal
2024-01-01 00:00:10.080,1.248721792241271,-0.6754286484303628,1.830125311999947,1.0341612576098407,-2.3505744926727123,0.9849294568872419,abnormal
2024-01-01 00:00:10.090,-0.5207977553727222,-0.28919995630555956,1.4562401162678973,0.9698736695605471,-0.5863208219640935,-1.0919765293101307,abnormal
2024-01-01 00:00:10.100,0.5771857082553772,0.11841708411477764,0.636796988477775,1.2685585742196726,0.7144780401752941,0.20806749715619147,abnormal
2024-01-01 00:00:10.110,-0.27117212675967606,0.3099711348503544,-0.3900513465995061,-0.2825838771760092,2.3612805945724387,-0.11711785563473488,abnormal
2024-01-01 00:00:10.120,-1.3401323765053843,1.6396825711678744,1.212039205257356,0.44968382959001824,-0.19066395186753332,0.5197149761096556,abnormal
2024-01-01 00:00:10.130,-0.5840486754112322,-1.643073745603631,0.5430007899274192,0.18654379795769527,0.652217524876025,-1.0538042521353501,abnormal
2024-01-01 00:00:10.140,-0.21872395927710644,-1.9020648413567722,1.612636612073337,0.7978570962787098,-0.1556322632662221,-0.20962498862827642,abnormal
2024-01-01 00:00:10.150,-0.07224631890697059,-0.18285137478126426,2.349358164389982,1.1198356583335412,1.6428168363585007,-0.2723298241987316,abnormal
2024-01-01 00:00:10.160,-2.9155095805219573,-0.5402942501122553,2.3270511600573833,-0.7001899945317707,-1.109083334139478,-0.5314200032322951,abnormal
2024-01-01 00:00:10.170,0.9506188337765935,0.624519506361384,3.339086974256486,0.2348655035330008,1.2794438741254852,-0.21257061039728417,abnormal
2024-01-01 00:00:10.180,-0.6846991805813218,1.831626268229924,2.514816336401038,1.0229592504303446,-0.8312677036590961,-0.4369633163604176,abnormal
2024-01-01 00:00:10.190,-3.415826284265192,1.4868659895436735,4.843149199181297,-0.598324913627973,-1.1905822908588213,-0.8306887149172237,abnormal
2024-01-01 00:00:10.200,1.6284704611581298,1.4753034418450461,5.4111274315682945,-0.1847501328010175,-0.474968178787368,0.3558219956532397,abnormal
2024-01-01 00:00:10.210,-0.4120194685405289,-1.0111278666433716,4.815181224161375,0.17039482269208975,-0.3147584426419762,0.478276344730259,abnormal
2024-01-01 00:00:10.220,-0.1773449473408879,-2.226315261782614,4.839952980088058,-0.1366632226388,1.8830113915634579,-0.12739363590417185,abnormal
2024-01-01 00:00:10.230,-1.5821602552104796,1.969173132300645,4.8429544145390535,0.6777194054932195,-0.76688188534993,0.744336464979662,abnormal
2024-01-01 00:00:10.240,0.09679732890946169,-0.36260392089903076,5.974955688760871,-0.3311667842537424,0.029992524985235035,-0.0162996955704378,abnormal
2024-01-01 00:00:10.250,0.518779124140583,-2.944669413265166,7.425969914928606,-0.3690673354463067,0.9331206555415789,-0.2418933834585848,abnormal
2024-01-01 00:00:10.260,0.35197796244241675,0.2028269412244289,6.3810231099822285,-0.8259081690810871,0.49089949830195045,-0.7621029547503835,abnormal
2024-01-01 00:00:10.270,1.6670407437699273,0.7054516060059661,6.973667014576364,-0.16096925388295671,0.3421929709374157,0.2629376389377249,abnormal
2024-01-01 00:00:10.280,1.8386740835232773,-0.0455750678476135,6.551430082198813,-0.5295588670129723,-0.3692071104940159,0.9832510674094851,abnormal
2024-01-01 00:00:10.290,0.11521819131104852,1.3018301098243164,7.880463277550639,0.11213227901519283,1.998033819078542,0.16998810620536925,abnormal
2024-01-01 00:00:10.300,-0.7780292695378667,0.6385898286747306,6.71779017788746,-1.2773002100189197,0.8442347630290339,0.4569038382343633,abnormal
2024-01-01 00:00:10.310,-0.8301188419910701,1.4365452624122537,7.899237733494363,0.3162612391675852,0.6430300801501715,0.2762907955468956,abnormal
2024-01-01 00:00:10.320,-1.0788004858566496,-1.4129456489313494,9.694615346787717,0.2133156314957042,0.8910572171810504,-0.10131662964668071,abnormal
2024-01-01 00:00:10.330,2.2048309427927837,-0.05845022300041483,8.429954051043564,-1.4833329170088185,-0.5671804427965473,0.5759125224326761,abnormal
2024-01-01 00:00:10.340,-0.5464157591902314,-0.31912924721065594,8.928073596976086,0.7176539727466024,0.4877435962479289,-0.18999514899098321,abnormal
2024-01-01 00:00:10.350,-0.6069196694953193,-2.2531890057410853,8.340498813966226,0.20826140461889975,-0.27585800953556994,-0.9573693372858847,abnormal
2024-01-01 00:00:10.360,0.197908426185962,-2.4867153651866274,8.286720837111531,-0.8729198714883597,-0.9436507623850467,1.3615835219772745,abnormal
2024-01-01 00:00:10.370,-0.8993827491724243,-0.0353847539036569,7.580331311836791,-0.7055408677191776,-0.14322014421249735,0.2667159173667009,abnormal
2024-01-01 00:00:10.380,-0.239401556555041,2.3273044193727515,9.240306171743836,-0.2923846345720779,0.5172804084848579,-0.9492100780849729,abnormal
2024-01-01 00:00:10.390,-0.6576656050824613,1.0718463134840144,9.169420540749229,0.5470252721835818,1.4883395460474511,-0.5779713760878817,abnormal
2024-01-01 00:00:10.400,0.5542331884335027,1.2117898209688314,8.43488804594451,-0.25395275414978885,-1.3542077677569084,-0.0051623762857916835,abnormal
2024-01-01 00:00:10.410,0.03404006023734389,1.1851011461242433,7.639594066372771,0.24986087872174517,-0.1459437613535436,-0.18486296721591697,abnormal
2024-01-01 00:00:10.420,-0.4741888491792578,1.1669405967292552,7.3587016233960165,0.3809768011955826,-0.8034344026451438,-0.38299195612954645,abnormal
2024-01-01 00:00:10.430,0.047734554013871916,1.9962261224167523,7.733421079535888,-0.41542719814167234,1.2703150066133757,0.23438737869382956,abnormal
2024-01-01 00:00:10.440,1.1431466747208727,1.9351597514581442,7.950587926331953,-1.9517423123410123,0.8124457260118847,-0.21660367328771948,abnormal
2024-01-01 00:00:10.450,-0.35206530011670917,1.4212403245905638,7.498115466428107,-1.0721912830257354,0.8783599831634363,-0.4421634337977623,abnormal
2024-01-01 00:00:10.460,-2.2357042591694136,-0.7572172195385088,6.279739241522778,-1.2744159977981375,-0.3632513824299841,-0.2770915197886869,abnormal
2024-01-01 00:00:10.470,0.6977735964258893,-1.5345350294675917,6.978996357497338,-0.7408428364595453,-1.7889403737902614,0.44592753206229524,abnormal
2024-01-01 00:00:10.480,-0.39838078935290167,-0.9439997775334249,6.161628295776297,0.7179531868645354,-0.6992080837444805,0.438108795070721,abnormal
2024-01-01 00:00:10.490,-1.0245702485619663,0.7737732368860447,6.197870618172279,-0.1846736180606434,-1.73199310405584,-0.3911321491756957,abnormal
2024-01-01 00:00:10.500,0.2881716078961431,0.7165873644468193,6.8176968897013595,-0.08585385376615348,-0.2849492299455129,0.3794146122573434,abnormal
2024-01-01 00:00:10.510,-1.2766073273051384,-0.03430276148720324,5.096422249441979,-0.36877835694739103,-0.2434369955097387,-0.18629382367350425,abnormal
2024-01-01 00:00:10.520,3.7983728575709446,-0.266651789234715,5.11630747641612,-0.1599009883692424,1.3904238956884665,0.5277242519675517,abnormal
2024-01-01 00:00:10.530,-0.8096268200019641,-0.3611338420995977,4.49828115662067,-0.28358107823101636,0.30853541522655953,-0.29730921822653167,abnormal
2024-01-01 00:00:10.540,1.1478956948138133,2.004766072338622,5.19795121453258,-0.6533066624272651,-0.9730649078098192,-0.13608186834859917,abnormal
2024-01-01 00:00:10.550,0.899035969847648,-0.1884191405582275,2.8931814418005137,0.5579380191961724,0.6494580542666221,-0.2425140385226953,abnormal
2024-01-01 00:00:10.560,0.8517398557810577,-0.08721093097249079,3.3326667057756594,-1.361261905399824,-0.24559412346544698,0.5505484754649737,abnormal
2024-01-01 00:00:10.570,1.3402590824838299,1.5819540063703947,1.942833507355091,0.2275008398854762,-1.017673655371556,-0.820965717164806,abnormal
2024-01-01 00:00:10.580,-1.7473908402392375,0.2469133397117269,1.8299311176665407,-0.5212362432588159,-0.5501846899840587,-0.8128918907523468,abnormal
2024-01-01 00:00:10.590,2.2433562136501797,0.5703165594647871,1.8937003024546588,0.7397574449909602,2.0094393963295736,-0.0406408614940977,abnormal
2024-01-01 00:00:10.600,-1.1791688733141805,-1.1523061531271848,0.9357021337397631,-1.0040726118780205,1.6357362476408104,-0.07843737316098051,abnormal
2024-01-01 00:00:10.610,-0.6349326546204599,2.319109478392662,0.7291303039380714,0.28747796333126546,-0.46621745095932915,1.1361435485466627,abnormal
2024-01-01 00:00:10.620,-1.3308427119650101,0.12416761157376019,0.45174248086886826,-0.007094286508939503,1.760870229271115,0.5259521295783169,abnormal
2024-01-01 00:00:10.630,0.9093505469089563,0.7404523508699489,1.1853745366161441,1.929119385890247,0.4446588151245195,-0.2591298490216951,abnormal
2024-01-01 00:00:10.640,0.16980499177616612,0.08179973594952003,0.5170918844483352,0.11598081239767107,-1.7183968264357943,-0.031571212678700694,abnormal
2024-01-01 00:00:10.650,-0.5942615333346469,0.32954750985021225,1.620544795470357,-0.7677337593665059,0.2694195117788258,-0.05770977543705272,abnormal
2024-01-01 00:00:10.660,3.464388895760975,0.28657086394493403,1.5684612551636312,1.3061953939655173,-0.2812229198300197,-0.4039808401810899,abnormal
2024-01-01 00:00:10.670,-0.04212656698033539,0.8287584860700602,2.7777110083524352,0.5427569915239743,0.14179668400222234,-0.3615532107395615,abnormal
2024-01-01 00:00:10.680,1.7658067550731589,0.07437126541312637,2.8302295801617205,0.09135088657492846,-0.3608265396720316,0.061469568747175775,abnormal
2024-01-01 00:00:10.690,-0.7081851991607654,0.28349907050274104,3.661927854550581,-0.8353896754256351,-1.034181225107001,-0.035770226906448405,abnormal
2024-01-01 00:00:10.700,1.6834072575209804,1.4502438944524467,3.5231700897767295,-0.4140773449823045,0.9957356281135571,0.7336950169577522,abnormal
2024-01-01 00:00:10.710,-0.040750999507027354,-1.9497265301980273,5.317416393745033,0.05724426287987051,0.867870673111267,0.4281875809091109,abnormal
2024-01-01 00:00:10.720,0.3021713455253196,1.054808170941714,5.570111198712286,-1.162860848377467,0.9279096174998619,-0.36630446669562583,abnormal
2024-01-01 00:00:10.730,-1.5372788183137716,0.22469400567140382,6.126304130649397,-1.3333795943448712,-0.6292989754117244,-0.08591900465279897,abnormal
2024-01-01 00:00:10.740,2.617221324135354,0.2776286564600046,6.311195268433119,0.42768954917217256,-0.1100628388658926,0.11617057961132603,abnormal
2024-01-01 00:00:10.750,-2.4158802727546473,0.9464418798032027,5.554900472449022,1.0169631029529052,0.6990390406088484,0.4154967585929602,abnormal
2024-01-01 00:00:10.760,-0.45164708148958077,-1.3228474248639712,6.41438509583409,-0.11521435177438547,-0.6363886345308951,0.7257544613966679,abnormal
2024-01-01 00:00:10.770,-0.3613626502559586,0.8324511506756102,7.495354386515099,-0.09993629052529261,0.3121416453884008,0.7232335328812062,abnormal
2024-01-01 00:00:10.780,0.24476845683540366,-0.4961439035205607,7.433410556941591,-0.8385875202821573,0.022467545212960457,-0.5597500680834928,abnormal
2024-01-01 00:00:10.790,-1.110030363368087,1.5379642022956885,7.552952874438629,-0.860248844321267,-1.144605375970762,0.4355243621736279,abnormal
2024-01-01 00:00:10.800,2.187467707456237,-3.1682961518310457,7.320191721957473,-0.15623028520708973,-1.153099518331046,0.34537441386122075,abnormal
2024-01-01 00:00:10.810,-0.1749767547428076,-1.0433084917766149,7.550386943033127,1.9850656203709511,-1.5108147322558794,0.1630862615378318,abnormal
2024-01-01 00:00:10.820,-1.7937362601972238,0.21013023640748504,8.427954881238716,-0.11730358363458926,1.2304831854544,0.056322430907710115,abnormal
2024-01-01 00:00:10.830,2.1589170320399957,0.6238366187619934,10.07822219909711,-0.10292983222951141,0.7515908264806994,0.0363006395507013,abnormal
2024-01-01 00:00:10.840,-1.0735284363696302,-1.4426917046741692,7.31327190120596,0.2661777853963667,-0.9663953195251321,-0.7673938002438382,abnormal
2024-01-01 00:00:10.850,-0.6480630653073854,-1.3795829983488217,8.418237844479052,0.09535467541737441,-0.3122138747609393,0.07672034596114366,abnormal
2024-01-01 00:00:10.860,-0.20933702314796124,0.72939396315398,8.791033968653,0.1590800856007772,-1.8413416089972374,0.48682554091961056,abnormal
2024-01-01 00:00:10.870,1.1895962650560445,0.2994208426478265,9.36957817464637,1.5264643886313614,-0.44805695462575773,-0.4345858769138037,abnormal
2024-01-01 00:00:10.880,2.531662220939175,-1.2235644154191918,8.443176762838958,0.7861070102004121,0.10563862694991623,0.0591556793969809,abnormal
2024-01-01 00:00:10.890,-0.06564377736049758,-0.16913049729301685,8.258726236887897,-0.6241302387972723,-0.8857719704449881,0.4417611597977872,abnormal
2024-01-01 00:00:10.900,-0.9890958226825899,0.8559798207626742,8.350927149590918,0.7778465423815839,0.5335655790379533,-0.47136598840017985,abnormal
2024-01-01 00:00:10.910,-0.6030531178989665,0.2894935911539879,7.608457034713408,1.4133009472445988,0.8233297880818286,0.35886994818695195,abnormal
2024-01-01 00:00:10.920,1.9749672996769245,-0.43019599700160993,8.40075529207118,0.2272843213872915,-0.3152740819975496,-0.18943124581888257,abnormal
2024-01-01 00:00:10.930,1.3781040011268666,1.6043042720801113,8.241876165774448,0.23325035467531305,1.031880229932019,0.13811170864370304,abnormal
2024-01-01 00:00:10.940,-0.3192355105258711,-1.3147732858282697,9.048921670427418,0.2011428288680697,-0.060152835550351454,-0.44191237958998797,abnormal
2024-01-01 00:00:10.950,1.228372371612222,0.10192735793743785,8.387250260040394,-0.31672078629623535,0.09948503423096108,0.3049374993562074,abnormal
2024-01-01 00:00:10.960,-1.0801081275560604,-1.4707228545273785,7.113703509060985,1.348472569377368,-0.19125151001832738,1.2329014873237523,abnormal
2024-01-01 00:00:10.970,0.35833716107799324,-1.0871052322645391,7.85594994914393,1.8611227910204997,0.2330257150941419,0.12067104719379883,abnormal
2024-01-01 00:00:10.980,0.27374209780147996,0.4662615558341252,5.497382286770918,-0.5034618416148082,1.3154412049009454,-0.16506720091019736,abnormal
2024-01-01 00:00:10.990,1.1910226495270106,-0.1178397675082096,6.195568939699483,0.6065390201924965,0.027144532277164297,-0.6083625101103496,abnormal
2024-01-01 00:00:11.000,0.7778332027080115,-1.5057237802032961,5.437973396995582,-2.0959443090852075,-0.3446926936752828,-0.4750305154940317,abnormal
2024-01-01 00:00:11.010,0.6740665816015946,0.802939256224275,5.962214808916992,0.18221944228546863,-0.5567300115282388,-0.4259255477178392,abnormal
2024-01-01 00:00:11.020,-0.26749881696966044,0.8055717093155137,5.139164371038925,0.016187686912145564,0.7919207978266308,0.05605820032789736,abnormal
2024-01-01 00:00:11.030,0.4620983949751272,-0.4944154134233953,4.641127550480884,0.34340396990591215,-1.4151774343085932,0.765031999823264,abnormal
2024-01-01 00:00:11.040,0.3117088889800002,0.0630337412288956,4.740194132073256,0.2043283219871281,-0.11704470478801725,-0.8547841485775406,abnormal
2024-01-01 00:00:11.050,0.5312579668263534,0.39586429379530014,4.131207484231318,2.1592075290949584,0.910977427322244,0.3924612771907304,abnormal
2024-01-01 00:00:11.060,-0.8385792981163671,-2.1045385608694045,1.7449331109132644,-0.7364242437924065,-1.7305476205361943,0.4280685956102012,abnormal
2024-01-01 00:00:11.070,-1.6899909789657692,-1.2160843829017391,3.192779890687931,-0.7439539331547742,0.5069613999708533,0.11748973974509118,abnormal
2024-01-01 00:00:11.080,1.5751017561591976,1.8367658589751854,1.8302645527570278,0.6715529853303841,-0.6872369473189119,-0.04152137517955291,abnormal
2024-01-01 00:00:11.090,-2.022155901995309,-1.6319178351319392,2.564308199240725,-0.476051926027732,-0.5473138098907498,-0.6932388770531318,abnormal
2024-01-01 00:00:11.100,1.7658566518891639,-1.0314450904668697,1.452031306928891,-0.0749985074116364,1.4104250166870114,-0.2889155382551513,abnormal
2024-01-01 00:00:11.110,-0.05882658978623789,-1.7084626660723607,1.6208706843733416,-0.6654400612490202,-0.7132189547430466,0.17497417007069713,abnormal
2024-01-01 00:00:11.120,-2.6267702594513067,-0.6645316615712737,1.1873913192865058,0.4297986248638187,0.38273079735232507,0.030588512869255013,abnormal
2024-01-01 00:00:11.130,1.9580237729832064,0.6755274437463343,0.7972610779408913,0.46205734368797724,-0.9949515360906521,1.4029520000968414,abnormal
2024-01-01 00:00:11.140,0.2636405577833397,1.5457044819988746,1.5174918859913902,-0.23898568064728215,-0.6395414619505666,0.35931794949332063,abnormal
2024-01-01 00:00:11.150,-0.194692062527528,2.3581704609140957,0.6159377436411771,0.9141181248996902,0.24812141770007282,0.07184005460227443,abnormal
2024-01-01 00:00:11.160,1.886053827181848,-1.4863232608835106,1.8827292326084575,0.18304988669423758,0.7624175278130686,0.25869869809821183,abnormal
2024-01-01 00:00:11.170,1.544199446988768,2.46658412393415,1.8426001900516709,-1.512754101119507,-0.13665615804788467,0.4610204688950706,abnormal
2024-01-01 00:00:11.180,-1.3550583521663275,-1.6222297341979035,4.224417802561381,0.0733062806882864,0.5336168361412224,0.25256176133098934,abnormal
2024-01-01 00:00:11.190,-0.25503147747042,0.23130039670560196,3.4714310112348143,-1.3282121685474564,0.3718588749567306,0.1421585349917513,abnormal
2024-01-01 00:00:11.200,-1.852405863765484,-1.1426333303797356,3.239100095665168,-0.19310135739434126,0.26201875815973763,0.03464233178813897,abnormal
2024-01-01 00:00:11.210,-0.230620440970117,-0.2262201453048176,4.635324971730444,1.3839082060794696,0.5501716584473002,-0.07708281103898096,abnormal
2024-01-01 00:00:11.220,0.7654676357459864,-1.244817108190662,5.7753555990111165,0.19796115753424776,-1.08839852571718,-0.4131065929987967,abnormal
2024-01-01 00:00:11.230,0.6113804471500883,-0.969218878612879,7.073056804843507,-1.2363436258484235,-1.2843309588747056,0.48322554586261784,abnormal
2024-01-01 00:00:11.240,0.34938701452624166,-1.4347526528625951,5.831512860734006,0.2777363905599039,-0.05706039040151837,-0.7466982028756257,abnormal
2024-01-01 00:00:11.250,0.3892562942587349,1.487360593092003,5.197109605627445,1.1029229405331087,-0.9117784620819767,-0.06240114345671363,abnormal
2024-01-01 00:00:11.260,-0.23465109319185937,0.9779633889617267,6.4745506333603196,0.42324098535340643,-1.0474676369729063,0.4941784424601335,abnormal
2024-01-01 00:00:11.270,-0.06005603814034208,0.7682907843337269,5.845407681541407,0.9659791321125555,1.5104991738675333,-0.16982584674677317,abnormal
2024-01-01 00:00:11.280,0.3623630154786937,0.19401099083792844,7.566915235744339,0.2879160987796074,0.08446306047808169,-0.12303161069703568,abnormal
2024-01-01 00:00:11.290,0.8598439913618682,0.9474068050328419,6.700648301440903,2.508012614093572,1.3375475035133204,0.2026704683040182,abnormal
2024-01-01 00:00:11.300,-0.2505872258928954,0.6575503747106325,8.666277463767118,-0.32774800724129793,0.7325354027149326,-0.9122320190547762,abnormal
2024-01-01 00:00:11.310,0.080681368371951,0.5343589840196851,7.6417494191882405,1.0073906804112327,-0.2893060437256644,-0.8051983471014237,abnormal
2024-01-01 00:00:11.320,0.7746718861227566,-0.4706910957792801,9.12175877335613,0.3378152737349523,-0.8124024473359612,-0.319168772466642,abnormal
2024-01-01 00:00:11.330,-1.1033661616747183,-0.2517734856180182,8.464665801371174,1.8152033297021926,-1.0795090097463533,1.0599182313670705,abnormal
2024-01-01 00:00:11.340,-0.8013662284895351,-0.9415238490906004,7.80483442384743,-0.38427630290301673,-0.3360120832138846,0.22487643648080266,abnormal
2024-01-01 00:00:11.350,1.4742033995364718,0.6470176494654828,7.584133757836202,-0.7132789059710437,-1.3813212688826728,1.1143110179435967,abnormal
2024-01-01 00:00:11.360,-0.560581295096722,-1.5244918319314997,8.764337233663673,-0.20037528353976372,0.5749630192980003,0.08060277277030412,abnormal
2024-01-01 00:00:11.370,-1.3695132588159695,1.5160747951730362,8.30522852502045,1.1757771927714158,0.331128342161272,-0.3754225295155059,abnormal
2024-01-01 00:00:11.380,1.1025151263948962,-1.2593379311998063,9.192355707462955,-1.3792271877999593,0.1840462217844371,-0.31831536268191724,abnormal
2024-01-01 00:00:11.390,0.4743499563235517,0.8389880943453217,9.089853539917122,-1.3222059922735803,2.0777133764900735,0.11932030561726979,abnormal
2024-01-01 00:00:11.400,2.3027559908570923,0.9924464316886573,8.177404003142978,1.6093855399300014,1.0433709726196074,0.07948330954621091,abnormal
2024-01-01 00:00:11.410,1.037126579208108,1.4786310212940699,8.678166245481512,-0.9849961559913999,-0.8493580712894621,0.5836680699192999,abnormal
2024-01-01 00:00:11.420,1.231526010191097,-1.9178126289289503,6.756496995841598,-0.24687707130414144,1.1914121359486445,0.2983120372926257,abnormal
2024-01-01 00:00:11.430,-0.19136942080805844,0.795894503836496,7.165278803901247,-0.35747635176283515,-1.262172551773822,0.1920710713009336,abnormal
2024-01-01 00:00:11.440,-1.1360429753619203,-0.8786864335455739,7.932418822630361,1.6402759965264706,0.5460692489005936,0.4068767856973997,abnormal
2024-01-01 00:00:11.450,0.23373329228954196,-0.5090630571983199,8.430575682946099,-0.9414190640432288,1.4271934290379644,-0.9691371550602681,abnormal
2024-01-01 00:00:11.460,0.6558881917883392,-0.21488549943291516,7.429025050215829,0.4825685587964623,1.3575832629637548,-0.17905431611337916,abnormal
2024-01-01 00:00:11.470,-1.8898493689672486,-1.0408963624550993,6.7962509159248015,0.7663723414292383,-0.6339947001291101,0.41160440836187895,abnormal
2024-01-01 00:00:11.480,-0.07738684527449768,0.5376478335568637,7.939474766678231,-0.13123044429455522,-0.18120628552416485,-0.34699031429793675,abnormal
2024-01-01 00:00:11.490,1.0487894296039133,0.31980969173474916,7.032644712296773,-0.8565930178234099,-0.5487136142465704,0.005499313453417082,abnormal
2024-01-01 00:00:11.500,0.28920758586141654,0.00023740995750775836,6.205888654254154,0.8301190350475443,-1.587837631147699,0.18890671055061567,abnormal
2024-01-01 00:00:11.510,1.3150351164468332,0.08955080587489907,5.739830317232344,-0.43590500924067593,0.19245445460498178,-0.47408625957890876,abnormal
2024-01-01 00:00:11.520,-0.9524759054995477,-0.5915894017475499,6.77323539549843,0.09540926804456806,1.2905994849776312,0.9996620377178723,abnormal
2024-01-01 00:00:11.530,-0.2882255052099337,-1.3570269274067288,5.554108227625103,-1.0147578915725683,0.710399839478098,-0.634519698934996,abnormal
2024-01-01 00:00:11.540,1.3626640271245096,0.04613437110687776,4.303009268222536,-0.6843671105518333,-1.1721201050388272,-0.10431653952061422,abnormal
2024-01-01 00:00:11.550,1.8500392051336068,-0.10258462168966327,4.739215144929821,-0.7407969399453627,1.2398677241897589,0.22737173058301813,abnormal
2024-01-01 00:00:11.560,0.023120748987973665,-2.467471311925366,4.463589496275902,-0.3738590522548373,-0.4427220574365595,-0.36324042000777573,abnormal
2024-01-01 00:00:11.570,-2.586495181953316,1.5900156583819778,3.791027660799826,-0.41880785043849944,0.6185170169184547,-0.9379188644107849,abnormal
2024-01-01 00:00:11.580,0.19041327776097378,-0.7628100012893786,1.9508441759581991,0.14150737275860592,-0.08288151912502605,0.9525394973448271,abnormal
2024-01-01 00:00:11.590,-0.3955405161022075,-0.18544788066561033,2.5188796730462184,-0.9075210546156419,0.3621211817617339,-0.33259804080783906,abnormal
2024-01-01 00:00:11.600,1.1810556077863055,0.17757150819057588,1.7126303877512536,-0.7924781802726294,-0.4798731614263846,0.9402523415198414,abnormal
2024-01-01 00:00:11.610,1.2016671093359526,1.0551768280112352,1.5946141448575124,1.0861424409337135,0.471941461427332,-0.10435933972730785,abnormal
2024-01-01 00:00:11.620,1.1129850729963897,-0.7402703456042894,-0.03695792988287505,1.730553535824932,1.1235149381322873,-0.12784361136731695,abnormal
2024-01-01 00:00:11.630,1.6454527296802446,-0.006588503940589247,-0.8685789033222857,1.1704438143689788,-1.0665035988093328,-0.008085445115528852,abnormal
2024-01-01 00:00:11.640,-0.7136415378024603,-0.5676351252550722,-0.8185987150991744,-1.1328896457525301,-0.23035548112952853,-0.29764688304559034,abnormal
2024-01-01 00:00:11.650,-0.3207640807377794,-1.8192509474169554,1.633380009434243,-0.5456158710360711,0.6744757869172132,0.030968638060873167,abnormal
2024-01-01 00:00:11.660,-0.8210378787138274,-0.9847885047419129,1.7500593862646063,-0.05247978608784585,-0.20677408577108597,0.8432521271386348,abnormal
2024-01-01 00:00:11.670,-0.6394877042426469,0.059512491595567256,0.7200524296365187,0.24771380647179853,-0.9727379538083726,-0.26093507278102646,abnormal
2024-01-01 00:00:11.680,-1.448890101909291,1.7086105155303606,2.287207976893207,-0.3726210839066696,0.14173650619690498,-0.7478529993894495,abnormal
2024-01-01 00:00:11.690,-0.1859689089550098,0.5025781997786494,2.964670578400334,0.8216894045456944,0.07705897597890345,-0.6975464191339766,abnormal
2024-01-01 00:00:11.700,-0.277782206837431,0.44430759569483297,3.9890840636567826,-0.15369341462345998,-0.02747947584364691,0.7405436161370313,abnormal
2024-01-01 00:00:11.710,-2.1856056014760634,0.461485614771574,3.94309666058183,0.027968100265970932,-0.5082954749108203,-0.0028764051005415485,abnormal
2024-01-01 00:00:11.720,1.209740308701825,-0.2712659195579533,5.781020628432538,0.05727882299989812,-1.4412181737985386,0.4932000530066891,abnormal
2024-01-01 00:00:11.730,-0.24696932187597073,-1.1723508444380888,5.20820132586347,0.3281561308272343,0.5203979443179331,0.09290114993823947,abnormal
2024-01-01 00:00:11.740,1.8014582420973213,0.8386821818425388,5.4869586462217335,1.5746673752084728,-0.13325302852596085,0.9144159343969707,abnormal
2024-01-01 00:00:11.750,1.3248397010189377,-0.5046518895664868,6.551131409578799,-0.6625108135448791,0.2343366416684259,0.18790820681917994,abnormal
2024-01-01 00:00:11.760,-0.025060088041529708,-0.48915912535172207,5.914287495437412,-0.46778665006954717,1.5162508462752426,0.8814567936931841,abnormal
2024-01-01 00:00:11.770,-0.4983107193766627,-0.04092326267259611,6.104544956788441,0.18394108989653313,1.2195864491428168,0.7657862134569633,abnormal
2024-01-01 00:00:11.780,-0.538084530181301,-1.4271931789040202,6.640540096486125,0.7778346427774228,1.0926082513191862,-0.6867895302969909,abnormal
2024-01-01 00:00:11.790,0.6274858470820087,-0.7561257962302458,7.605364707405845,-0.5113732289081304,0.8456032025576883,-0.1717459606263758,abnormal
2024-01-01 00:00:11.800,-3.664095423676438,0.5513260196752908,7.98215668383509,-0.9196588679893002,-0.8235797254585181,-0.41312619616858004,abnormal
2024-01-01 00:00:11.810,-1.2784701139577552,0.6293861640819133,7.563494339417619,0.06332950502489448,0.24714336977738366,-0.2529694476895358,abnormal
2024-01-01 00:00:11.820,-0.871749303102981,0.31987153593967715,8.059622559220445,0.012558965520984906,-0.6760295630735129,-0.4879988216456866,abnormal
2024-01-01 00:00:11.830,1.9583270288264585,0.1482969040332326,7.722758860418459,0.6187600388230419,-0.4890541367874212,0.5886208091692188,abnormal
2024-01-01 00:00:11.840,1.3424445301133014,-1.3518506002379325,7.788772426753845,0.627608684731477,-1.0218055409128146,-0.5264097478654819,abnormal
2024-01-01 00:00:11.850,0.7781312804483265,-0.13900040849534376,9.508990324502424,-1.1060686878168526,0.5764722448140216,0.3366568641257794,abnormal
2024-01-01 00:00:11.860,-0.7492661079153052,1.2089490421520004,7.300679352163834,-0.5573593921422905,-0.5935012472023758,-0.33748647914697705,abnormal
2024-01-01 00:00:11.870,0.18883111099294805,2.5153558269158904,7.812151592388057,-0.18918015783057365,-1.7212492477601595,0.3096319579548363,abnormal
2024-01-01 00:00:11.880,-1.9447629190314863,0.2933278904859161,7.527759407292863,0.29815019393031755,0.2726285286768448,-0.39858256454040375,abnormal
2024-01-01 00:00:11.890,-0.11685111595982646,1.2969001788125503,7.8336841634805126,-0.7150326387463329,0.6378942394059963,-0.5751991349165478,abnormal
2024-01-01 00:00:11.900,-0.06608624606870578,-2.847693456624627,8.096490724543605,0.5942513570906265,0.123419431247133,0.7931818318302452,abnormal
2024-01-01 00:00:11.910,1.9330397723613266,-1.313664728969574,8.062090960867778,0.9595946265228311,-0.8375167182794039,-0.27241930200248937,abnormal
2024-01-01 00:00:11.920,0.7214581370471879,0.34544164556932805,8.682686046307643,0.6926558397073802,1.8119375389339705,-0.350190051736598,abnormal
2024-01-01 00:00:11.930,-1.8214064580707099,-1.2931949481355092,8.033348067612506,-0.5395463533372749,-0.031538993821938976,-0.21849129952879087,abnormal
2024-01-01 00:00:11.940,1.3289704623407221,0.6967593354143259,7.076665728159641,0.6517006382728339,0.30076664175800094,-0.3825906248129987,abnormal
2024-01-01 00:00:11.950,0.14493192240315225,-0.303318024413556,7.814088711868682,1.3680518393713224,0.24239100467103486,0.5564780034992863,abnormal
2024-01-01 00:00:11.960,0.3389388365835378,2.0350598853307624,8.018967191327542,0.4917231321322061,0.655671913492334,0.5202334520436697,abnormal
2024-01-01 00:00:11.970,-0.5022404692032082,-0.1773281053878852,6.395592525561982,-0.04564916366837984,-0.22940997364307403,0.42913496581589106,abnormal
2024-01-01 00:00:11.980,0.028908182504263268,0.2966344460478893,8.126110104000931,-0.6811979656790907,1.2477109791371088,-0.281563736909752,abnormal
2024-01-01 00:00:11.990,2.168923147294738,2.1729652232371484,6.720279492344493,0.5463509539409186,-0.5146238619018688,0.36691233600268974,abnormal
2024-01-01 00:00:12.000,0.8263894714829482,-2.049566195769388,6.589542550003629,-0.31991709488431697,-1.1337305521460632,0.8846111379281407,abnormal
2024-01-01 00:00:12.010,0.47580390643473996,-0.6788900406835799,6.030972762436015,0.41651814390167397,-1.3706828689872226,-0.11652685166053206,abnormal
2024-01-01 00:00:12.020,2.0430511265453424,0.8895340623504887,5.823055875623932,0.6639506189977069,0.3799048766862911,0.017753596476126746,abnormal
2024-01-01 00:00:12.030,0.8464713097060256,1.9389501566620218,5.388823886600507,0.7813192168956202,1.1466578409346244,0.45166468775615537,abnormal
2024-01-01 00:00:12.040,-1.268226084815672,0.30075124521780333,5.250673636603262,-0.41236751486188417,0.7247139213170506,-0.6253299680141818,abnormal
2024-01-01 00:00:12.050,-0.6789777206080997,-2.1877176326498904,4.099008326348518,-0.4848362784401831,-0.7434995754769329,-0.21755416961965482,abnormal
2024-01-01 00:00:12.060,-2.2954635443898606,-0.38934910123356553,5.300298026991216,-0.014331201672263297,-0.530890537761445,-0.8047120826842789,abnormal
2024-01-01 00:00:12.070,2.069419890033698,0.44685964056371225,3.854267807411775,-0.1821529409896848,0.6789558240200618,1.0895252336455945,abnormal
2024-01-01 00:00:12.080,0.44154826730710844,-0.43965614822166815,3.1505321104763246,0.3782079131236149,-0.40723724931669314,0.2101281842674239,abnormal
2024-01-01 00:00:12.090,1.721590122799602,0.30176552165170384,3.1343646892499275,-0.2527168177807974,-1.254423462296978,-0.3508647347026143,abnormal
2024-01-01 00:00:12.100,1.3456586959114742,0.629172412226693,3.072505152043911,1.2386378036009233,0.48537697839791966,-0.5521926416209322,abnormal
2024-01-01 00:00:12.110,-0.1461487067686094,-0.2719464118965914,1.8037737954218542,1.8093149462847753,-0.25665122425074993,-0.6086873050317867,abnormal
2024-01-01 00:00:12.120,-1.361652332017577,0.4571865015790954,0.17805075526167224,-0.7262415598445052,0.7987371169985265,-0.30172357623281454,abnormal
2024-01-01 00:00:12.130,-0.2754421052440965,0.8719900517842677,-0.1588317398023848,-0.4483973490655894,-0.4552650457759357,0.3907416519026226,abnormal
2024-01-01 00:00:12.140,-1.9416948571050923,-0.3817724871580816,0.39320010086842355,0.11806246791409349,0.10312852608533749,-0.05243859193195495,abnormal
2024-01-01 00:00:12.150,0.9037519197027928,-1.1809362579442892,-0.4818750241194175,0.43086336884315224,-1.373063126686505,0.8500709128224312,abnormal
2024-01-01 00:00:12.160,-2.62102217920422,-0.48055538686961885,0.6660450834055744,-1.2879462687477627,-0.23518838530145658,0.03719992866324743,abnormal
2024-01-01 00:00:12.170,-0.30103113472338694,0.6046267322049186,1.5762206260765168,-0.676471680429621,0.38527213175278097,-0.47445960625019323,abnormal
2024-01-01 00:00:12.180,-2.8417949961355173,0.837938670805295,1.624558726305699,-0.6290020595551602,0.2301197230358359,0.21700996479031084,abnormal
2024-01-01 00:00:12.190,-1.6143094137230203,-0.01822544544515685,3.1227667967179684,0.9262771992509367,0.2144354034036319,-0.08265365620146865,abnormal
2024-01-01 00:00:12.200,0.3942824277551227,0.3673597446228406,3.4328700018796594,0.543616216796447,0.6926228424103883,-0.5090898092451592,abnormal
2024-01-01 00:00:12.210,0.2449354360767083,1.9779761786897514,3.1345404185438213,1.0817923085382646,0.4316710352468958,-1.0732644526296113,abnormal
2024-01-01 00:00:12.220,-0.32748176755485325,-0.5203221839504251,3.8542511636248165,1.0198232211525777,-0.16521249646484198,-1.4283486464081956,abnormal
2024-01-01 00:00:12.230,0.1923049641688804,3.068219046343564,4.664300859352867,-0.40512287368708383,-0.4270175113924248,0.6459862823289013,abnormal
2024-01-01 00:00:12.240,-0.44256526583471634,-2.3067658716004074,5.540368650741485,0.5580924936251608,0.7650924326334934,0.09960084953838995,abnormal
2024-01-01 00:00:12.250,0.9820937129645346,-0.8914517345041366,5.7965519084511445,-0.6178908984585879,-0.320876920123857,-0.0525447148565773,abnormal
2024-01-01 00:00:12.260,0.8108514445155014,0.4990140551437524,6.020788674435069,-0.8754854313482373,-0.464347637726394,0.7871788573899777,abnormal
2024-01-01 00:00:12.270,-1.1297153967874303,1.3257024600296667,5.892628853901048,0.24376352890895486,0.6235304916184156,-1.0134864052992123,abnormal
2024-01-01 00:00:12.280,0.1275192434586047,-2.050364731511912,7.154962142172636,0.7451642889703693,1.2525073215746543,0.6276036629948013,abnormal
2024-01-01 00:00:12.290,-0.17863654992173025,0.5822566383630372,8.25227649219331,0.9510356217001358,0.4687983937357529,-0.723753522328625,abnormal
2024-01-01 00:00:12.300,2.068564931483744,-0.9490743981961147,6.803594116632419,-0.949269950915127,-0.47771268771863157,0.022177063542175537,abnormal
2024-01-01 00:00:12.310,0.6861364939136051,0.23190653880966336,6.44863625335407,1.4189664892512,0.20314456867070627,-0.02438304128047116,abnormal
2024-01-01 00:00:12.320,1.0590896165865642,-0.7083658403741742,7.725437647123039,1.7663440033888733,0.2949301798585741,0.42016201141698284,abnormal
2024-01-01 00:00:12.330,-0.4242777888062403,-1.0965472607071842,8.660934161973278,1.0203256391147244,0.8859898609394691,-0.7245170204247621,abnormal
2024-01-01 00:00:12.340,0.8837283216990979,-0.701060069410654,7.478895209672042,1.5319222964518484,1.2377800441689262,-0.534512023022703,abnormal
2024-01-01 00:00:12.350,0.6868166048844087,0.3875816322264278,8.610449402787976,2.0317036121081857,0.34105567413820276,-0.9189697243637799,abnormal
2024-01-01 00:00:12.360,-0.14315458080948867,0.6080551021721536,8.427187127515735,1.3331476164021907,0.30268471395596086,-0.6872134148206702,abnormal
2024-01-01 00:00:12.370,0.8062353240928303,0.5969322880145914,8.941368348110332,0.1043416965583263,0.25350999205900626,-0.31596651745540816,abnormal
2024-01-01 00:00:12.380,0.5895687942513148,-1.0207809565636916,8.30187274302139,0.3175526545026045,1.2379282732058228,0.8266381324740749,abnormal
2024-01-01 00:00:12.390,0.7437360873197011,-0.22444406103715422,8.32880777447594,1.8543242367292991,0.2253729564129155,0.6226926980494195,abnormal
2024-01-01 00:00:12.400,0.031343780911565096,-0.4363758538762865,8.721201672928503,1.6024112638536472,-0.550202398311968,-0.5227631881825908,abnormal
2024-01-01 00:00:12.410,-0.017973572087559345,0.9742049719326491,8.153755544396715,0.31700327200053435,1.6786794145599515,0.3660716359920664,abnormal
2024-01-01 00:00:12.420,-2.243824589753377,-2.780904774382691,8.540302569804616,0.8326774610691402,-1.2260106955289765,-0.9156214727293387,abnormal
2024-01-01 00:00:12.430,1.3581861547263652,0.7794944436521498,9.068122749152728,0.004391998982461743,-0.41363457119436664,1.1930479083043075,abnormal
2024-01-01 00:00:12.440,-0.9811148707351283,-0.381431072751844,9.267226020773794,0.43610767520882826,-1.1656660800308867,0.302141177205808,abnormal
2024-01-01 00:00:12.450,1.0702953946926912,-0.33695026341838125,7.860501023713424,1.377333674652651,0.7831992299514365,-0.7435160748161205,abnormal
2024-01-01 00:00:12.460,0.7061375165783677,-0.5092113673791361,7.7000365218269815,0.392167924279575,-0.587025610768725,0.41523341050255025,abnormal
2024-01-01 00:00:12.470,0.5687131623637516,-0.5469728164629183,6.942718128170076,-0.27189318074260144,-0.8100637747390889,0.17200851991045632,abnormal
2024-01-01 00:00:12.480,0.5124952490944195,-2.1174558761413773,6.010578112100342,-0.9838855870680445,-0.3109018351514474,-0.28367171481042347,abnormal
2024-01-01 00:00:12.490,0.029607374623608237,1.1983536673520294,7.961407623399144,-1.5504601105097786,0.7879357048263266,-0.22904144763798517,abnormal
2024-01-01 00:00:12.500,-1.3161942637109885,0.031768034712507234,6.383626929498589,0.21773222818659327,-0.3827586041832216,-0.11862170110708238,abnormal
2024-01-01 00:00:12.510,-0.6568662739607978,-1.3472621388095585,6.12113222727313,0.861440542478521,-0.22427363444252174,0.2257754451713676,abnormal
2024-01-01 00:00:12.520,-0.010814614285500488,-0.3246826548501228,6.800680857413742,0.9750672534865976,-0.5837846164667748,-0.38618957275510596,abnormal
2024-01-01 00:00:12.530,0.4940511858158212,0.7305301911696214,5.5295021849788375,-2.5799556931764727,-0.4087536295197605,-0.11676910555397094,abnormal
2024-01-01 00:00:12.540,-0.6302405945362244,-0.7499893301909409,5.7377752313243136,0.6271430184083461,0.9471145132609478,-0.9744219190292351,abnormal
2024-01-01 00:00:12.550,-0.4803982385461619,0.2669158956860865,5.011911156518074,-0.7488569841775786,-0.4513904391434959,0.011641371649638367,abnormal
2024-01-01 00:00:12.560,-1.377982517584829,0.8373669945245924,4.478786448201067,-0.2638955762706831,-0.012585068773793088,-0.08071843643875928,abnormal
2024-01-01 00:00:12.570,2.3702875844461264,0.7835127729972657,3.0823465216542827,0.46920317906518755,-0.022695948469009367,0.7949762388707304,abnormal
2024-01-01 00:00:12.580,1.559322934086502,0.26770847214165455,4.416992894658245,-0.3492173333041545,-0.04273488756192498,0.41501916294405067,abnormal
2024-01-01 00:00:12.590,0.7222943170999306,-0.9112903388506058,2.928330214954973,1.0613045399096637,0.1828161813933901,-0.10124623768600187,abnormal
2024-01-01 00:00:12.600,1.6682861023061042,0.49492472037874535,2.1201251465909294,0.17217873415762647,0.321973710989494,0.2904751170004306,abnormal
2024-01-01 00:00:12.610,0.3400320025004891,-0.010174272353561315,1.4156451985111762,2.282806866234616,0.209433335494183,-0.8426747215236235,abnormal
2024-01-01 00:00:12.620,-0.08261125113525504,1.199593856756817,1.4679559672838405,-0.5592492872934768,0.2517743177205458,-0.30062985555409577,abnormal
2024-01-01 00:00:12.630,-0.40885875756745793,1.5327012989470183,1.125519844861987,0.5247220286480905,0.9720584655206504,-0.7488454271334617,abnormal
2024-01-01 00:00:12.640,0.9925443169087297,0.8992217451736034,-0.623401591743894,0.3822189642523106,1.1472356130153576,0.9622007337300867,abnormal
2024-01-01 00:00:12.650,0.6200319825990007,-1.649384232539066,-0.06461269070188946,-0.14649425317519876,0.5815111612645442,0.4573475368854727,abnormal
2024-01-01 00:00:12.660,-0.5104645519556101,2.131173499054783,0.39098729481284394,-0.0015582379032509988,-0.3381993171430338,0.5441046973093189,abnormal
2024-01-01 00:00:12.670,1.0890069860068288,-1.7952801846864328,1.8876813288488121,0.7897474695305127,-0.486478235999843,0.2257172153096164,abnormal
2024-01-01 00:00:12.680,1.7546614401418796,-1.4894400027630181,2.170729023872459,0.010218140075825055,0.9260763344782245,0.08387257626420132,abnormal
2024-01-01 00:00:12.690,2.421397314638028,-1.3802274987770613,2.3427718719936363,1.2801148872108463,0.15712042195704204,0.5475569456543304,abnormal
2024-01-01 00:00:12.700,-0.05274908611828819,-2.401693359695249,2.2867083526727368,-0.6930897993386435,-0.27883873155958694,-0.19625367028988505,abnormal
2024-01-01 00:00:12.710,2.5727502763371937,0.4693453458647727,3.6126924679621184,-0.22667241606178806,0.46607766830412206,-0.5993442295149156,abnormal
2024-01-01 00:00:12.720,-0.04544865965024353,-1.6188238117657934,3.650526814363911,-0.9023697671066527,-0.1597246702644511,-0.8623524962918604,abnormal
2024-01-01 00:00:12.730,-0.53977386690701,0.7956910633432785,4.375887442811112,0.9286699894726188,-0.39040234061898876,0.39167642406595565,abnormal
2024-01-01 00:00:12.740,1.7828698036856419,-0.25770498676484976,4.049401001564281,-0.32403283712733744,0.7484796089620458,-0.23204928708333877,abnormal
2024-01-01 00:00:12.750,1.7283383325273811,1.0375130030298823,6.334625168809261,0.8327277072906697,0.393136306583662,0.2998959734017799,abnormal
2024-01-01 00:00:12.760,0.8272385112480622,0.760492368779304,5.3808451743517685,0.6916259497188232,-0.21666061634943778,0.2631820719825267,abnormal
2024-01-01 00:00:12.770,0.5958732001944622,1.0413308874418485,6.8603178259390685,-0.3255008616217232,-0.5097889646974464,-0.33949533467810794,abnormal
2024-01-01 00:00:12.780,1.4359047301925338,0.29007413051971526,6.829734780976491,-1.362823689085455,-0.29848983133210566,-0.6453887992446479,abnormal
2024-01-01 00:00:12.790,1.4477986739846396,0.9284565931112374,7.046264850263429,-0.6959984843060693,1.0650270467225065,0.8644162595954806,abnormal
2024-01-01 00:00:12.800,-0.20170921511849654,1.8440799897864653,7.266687815068426,-0.36959245506869953,0.8891571151974001,0.3171990077571534,abnormal
2024-01-01 00:00:12.810,-0.720711832156919,-0.2386222714312217,6.963347640065633,1.45411218737869,-0.3714111401490622,-0.8733490722101442,abnormal
2024-01-01 00:00:12.820,-2.552347418561989,1.0437636457835027,7.754249751633688,0.8358459557189938,-0.49416988491356717,-0.35105068096506054,abnormal
2024-01-01 00:00:12.830,-1.7697317302278628,-0.6967087676333741,7.60124175578164,-4.171266508107673,2.3393468864017,-0.3003352481644542,abnormal
2024-01-01 00:00:12.840,0.49035635175196357,-0.3568395596663427,7.365452085482452,-1.0127980016476243,0.17648626443376983,-0.5473322205095953,abnormal
2024-01-01 00:00:12.850,-1.000027636426026,0.7523607524173959,7.205922207805495,0.8435978204967819,-0.3771008758755512,-0.33990228179877213,abnormal
2024-01-01 00:00:12.860,0.2362168506265373,-0.8510182328211146,7.483714807044027,-0.8184073376301101,0.6316865201709394,-0.48882625764246623,abnormal
2024-01-01 00:00:12.870,-0.16226185667358042,2.7780299168890648,8.34775950442362,-0.43708978183837366,-1.1954400108513055,-0.058880973369251945,abnormal
2024-01-01 00:00:12.880,-0.39125847185984425,-2.4319796673728913,8.608983730344386,1.0233314276687204,-0.9078611274638462,-0.8746283975145603,abnormal
2024-01-01 00:00:12.890,0.1081283380672854,-0.2932813953337245,7.7259433356556055,0.7737260072263592,-0.916537659234056,0.10527613603031845,abnormal
2024-01-01 00:00:12.900,1.789968120759,-1.8920924460513404,7.440324309617308,1.2138878722139255,1.2654301441076996,0.4562335225200155,abnormal
2024-01-01 00:00:12.910,-0.7171989323322031,0.2834334765391475,8.594279841369907,1.46963309470865,-0.3671870564250308,-0.2987890456562393,abnormal
2024-01-01 00:00:12.920,-0.25078140450011377,-1.0334651084173567,8.684160096278815,-1.7510421113889434,-0.3361187549147914,-0.24235493188440776,abnormal
2024-01-01 00:00:12.930,0.7987801019396746,-1.3851111001907699,8.145661509404764,1.9211158445095253,0.5456900997162198,-0.9884378951591324,abnormal
2024-01-01 00:00:12.940,-2.9943720836535594,-0.30146450310359635,9.046112569467367,-0.2668558789184869,-0.18786804557884784,0.359897774897775,abnormal
2024-01-01 00:00:12.950,1.629341189598944,0.8831666763694556,8.653038797287667,-0.4171104812519195,1.0277963119550444,-0.04366020821980772,abnormal
2024-01-01 00:00:12.960,-0.28292043315590937,0.41508634072716816,7.722412828084475,0.6248125072756995,0.04191558557946095,-0.6069730649780464,abnormal
2024-01-01 00:00:12.970,0.21454930645570688,-1.566093515174679,7.36224399390072,-0.18401915521975404,-0.24322481532517443,-0.3919157925418847,abnormal
2024-01-01 00:00:12.980,-1.5091877111904535,0.5394688479842157,8.236987587699202,0.36904452055175213,0.9546794486536582,-0.3821653726804357,abnormal
2024-01-01 00:00:12.990,-2.7457972653196436,-1.2758366958090401,7.033284695747204,0.33466273701910093,0.7645569504701106,-0.21403219917600583,abnormal
2024-01-01 00:00:13.000,-0.1967550485276819,1.5405956901768774,7.15786636408927,-0.553668160499326,-1.0940440113535397,0.37414385786224247,abnormal
2024-01-01 00:00:13.010,-2.608476961495556,0.1189540831565228,6.816223672394064,0.006220939738204078,0.09154304897514093,-0.008082126011621017,abnormal
2024-01-01 00:00:13.020,0.748846127226701,2.77528183246244,6.088863957583291,-0.7746969552289206,-0.766013351210644,-1.1719627403255795,abnormal
2024-01-01 00:00:13.030,1.048172882875415,1.1918379801719123,5.725886664515181,0.7967290328761802,-0.3737512464830039,-0.07936828261638676,abnormal
2024-01-01 00:00:13.040,-1.0400720224605104,-2.486716093158058,5.66382590325996,-0.4061762501736455,-2.262133474495341,0.30288890554390174,abnormal
2024-01-01 00:00:13.050,-1.3345835614127832,0.7891576070062651,4.412322555816763,0.8725081583336659,0.41805010151479416,0.853121134800275,abnormal
2024-01-01 00:00:13.060,-0.6241796738652757,2.2792338651978703,4.237754294841615,1.3511872130680043,1.4147838538287236,1.3020689484411867,abnormal
2024-01-01 00:00:13.070,0.167739111137142,-0.5225000424340579,4.506037763737314,-0.03909706891815137,0.3513151109706732,0.46378797351508855,abnormal
2024-01-01 00:00:13.080,0.7679253200074684,-1.027709477131828,3.340205087689448,-0.15539159536747016,0.8659234254316982,0.259371481791722,abnormal
2024-01-01 00:00:13.090,1.3302967075962657,-0.003357163026753658,3.6000841391151446,-0.28991065034419317,-0.255870780550421,0.07127327289398151,abnormal
2024-01-01 00:00:13.100,1.8845571084594777,0.25546982940609947,2.4144239246063774,-0.4975888914173656,0.6366423793672951,-0.248018211708277,abnormal
2024-01-01 00:00:13.110,-2.4129628096549065,-1.159988073227236,3.0045059198435915,-1.1884998085490739,0.33584682492331513,0.9700154009045625,abnormal
2024-01-01 00:00:13.120,0.29391426722521047,-0.8357762025258009,0.13851862707244833,0.5750329586832803,-0.789864365819739,-0.12257939471379711,abnormal
2024-01-01 00:00:13.130,0.6917573780277787,-0.5955866974588027,1.3811300265033344,0.3065750836692539,-0.5519197688495217,-0.34838485926646456,abnormal
2024-01-01 00:00:13.140,0.5708986391065318,-1.3381219048700916,0.3602335603998314,-0.15695143185972188,0.5845955961187864,0.039738635482133876,abnormal
2024-01-01 00:00:13.150,1.4432736027895892,1.0171208292413731,0.2420808528034349,1.4594040352092332,-0.3763353546061699,0.3351178723898261,abnormal
2024-01-01 00:00:13.160,-2.0914727092139014,0.7835065282049188,1.1063145451679526,0.5674379627209221,0.22245923560519434,0.9549330960826481,abnormal
2024-01-01 00:00:13.170,-0.3131230590019283,-0.439241705985661,0.18526763451964767,1.0582159185744928,-0.1306642404000001,0.4715285297665909,abnormal
2024-01-01 00:00:13.180,0.8876423700706129,0.6062704851512658,1.4449378189094677,0.47717845433721484,0.45888318206674256,-0.15661712077540427,abnormal
2024-01-01 00:00:13.190,1.3048193919119606,-0.2841462982392085,1.3857138767401385,0.6181820519893909,0.9241708706162128,0.05902240325943184,abnormal
2024-01-01 00:00:13.200,0.669813454053973,-1.4221430742077732,2.2496120951001544,-0.8563229869165635,0.4493644055302879,0.22042470242290502,abnormal
2024-01-01 00:00:13.210,-0.27519262678667916,-1.2393041942831096,3.4225572045017927,0.12137499129503154,-1.0288992519151887,-0.3261429462932697,abnormal
2024-01-01 00:00:13.220,0.3696444920242515,-1.40186335052763,4.43829613152887,0.11333581882160793,0.6607595808066549,-0.012982149454140338,abnormal
2024-01-01 00:00:13.230,-0.4902107529045559,-1.640127767027659,5.091856017087347,-0.030839079939537162,-1.1745899171074823,-0.5477426818656851,abnormal
2024-01-01 00:00:13.240,-0.8016805945872796,1.0352009051942344,3.634540134811405,1.4457381869871695,1.0192031394662917,0.9698770082351207,abnormal
2024-01-01 00:00:13.250,0.41927901962724745,0.875282786194811,5.809818947125482,1.4756423262376246,0.6862007805641759,0.04207470028292775,abnormal
2024-01-01 00:00:13.260,-1.2543905811787726,1.2506076237720705,6.151706232933239,0.5065919805436436,-0.25940648219169443,-0.7557247941723747,abnormal
2024-01-01 00:00:13.270,2.07700790177158,-0.6518853731693497,5.3015743523712615,-0.06835604525203026,-0.5273476128186919,0.6007160665365018,abnormal
2024-01-01 00:00:13.280,-1.4016798059183906,0.07309957075573052,6.321193184211041,-0.6740069284729855,-0.23231226668539964,0.23241356894621013,abnormal
2024-01-01 00:00:13.290,0.1500182799534532,-0.5718045041256947,6.5321094397101955,0.21916794784722018,-1.3313415932950496,-1.0858206455934212,abnormal
2024-01-01 00:00:13.300,-0.9294049468027346,-0.3719013364169669,7.498263483794719,0.4716633942756939,0.8595739289169358,0.20724861563451957,abnormal
2024-01-01 00:00:13.310,0.5580308809625548,-2.5808485121683593,6.490302190677971,-0.29548716702114514,-0.06592438728842603,-0.2481488413787165,abnormal
2024-01-01 00:00:13.320,-0.18880266883024152,-1.6720585712040144,7.759084591266696,-0.1472497746663046,-0.7630462222983281,-0.4954229350738842,abnormal
2024-01-01 00:00:13.330,-1.1301035400083683,-0.5188086662322628,7.110575546789801,1.0617077917459101,-0.827294013180016,0.310655236279984,abnormal
2024-01-01 00:00:13.340,-0.8274391929578735,0.2568496347168727,7.375347754593481,1.2187482424327583,0.4865055321761095,0.47614176906682215,abnormal
2024-01-01 00:00:13.350,0.1357878552068203,0.6060678708961824,7.767172938682724,0.16674782558160417,-0.9391217098721013,0.09980715291363186,abnormal
2024-01-01 00:00:13.360,-1.391109579172364,-1.2548655266394453,7.841538496793412,0.6243740396458459,0.7586048291666218,-0.39726302798872276,abnormal
2024-01-01 00:00:13.370,1.0713549455778828,0.546314530700143,8.111479085568067,1.4611284286309034,-0.7175102463105623,-0.5538041141241273,abnormal
2024-01-01 00:00:13.380,0.9232883978664713,0.6596373778290842,8.921498672480617,0.14418413919916243,1.6226898498503954,-0.12413470088447713,abnormal
2024-01-01 00:00:13.390,0.9435237270360689,-0.8790259208514717,6.919697128220718,-1.2550921864485272,0.18730149887382838,-0.14564070616414052,abnormal
2024-01-01 00:00:13.400,0.7049745322370627,-1.060588377721152,8.33087923272557,0.6737984833954687,0.842518579761072,-0.41640323169061816,abnormal
2024-01-01 00:00:13.410,1.4919260243343648,0.5922751333963457,8.420954864350145,-0.09574537329826152,1.8687779829846114,-0.6990439736065108,abnormal
2024-01-01 00:00:13.420,-3.3444942010180023,-0.20510225790471323,8.26609257882463,0.30046295410598467,1.4204048678383967,0.8369540850382812,abnormal
2024-01-01 00:00:13.430,-2.018621224938351,1.671303770524683,7.848582664465837,-1.6624628503116339,0.8406171126262816,-1.3603246546582743,abnormal
2024-01-01 00:00:13.440,0.664236028748896,-3.3029113085541906,7.912892158803263,0.35038451494955625,-1.9973200590347915,-0.514128387214361,abnormal
2024-01-01 00:00:13.450,-2.0077638883257993,-1.598085367866608,7.682477815144154,-0.8369737174566348,0.5072870635820471,-0.0902609207708487,abnormal
2024-01-01 00:00:13.460,-1.154065533283971,2.378688812520583,7.344250020639201,0.3688105573119858,0.047860244242672996,0.022413471421147822,abnormal
2024-01-01 00:00:13.470,-0.36721821111029146,1.0227576344398759,8.368441779400454,0.618706855791185,-0.31732535823362457,0.08198780084547125,abnormal
2024-01-01 00:00:13.480,-0.5990083613223444,1.6581564937252378,7.116936715272071,1.4242937933601583,-1.0602160333157693,0.6610952789267479,abnormal
2024-01-01 00:00:13.490,-0.058337033798990134,0.4151735359197069,7.777709652817046,-0.7246529323299596,0.3129247060008223,0.06775442613890631,abnormal
2024-01-01 00:00:13.500,0.8332366247145773,0.8056235336656729,6.9575375091426155,0.1292297796398578,0.6308260775073358,-0.8780829048547073,abnormal
2024-01-01 00:00:13.510,0.6086807661493614,0.6378618150552668,6.88224237808944,0.6290634403107639,-0.16437868537665454,0.6475629647194884,abnormal
2024-01-01 00:00:13.520,0.7647661248855541,0.4862275734293879,6.014456770772815,0.48996665963404173,1.5941865030234728,0.9079811669350653,abnormal
2024-01-01 00:00:13.530,1.202687447424144,-0.8304536238157846,6.099341570653499,-0.7918069890307738,-0.6765661892321717,-0.7957466440594019,abnormal
2024-01-01 00:00:13.540,-0.05964770724340761,1.2827445524202712,5.45048049634921,0.2352512947279852,1.131667561649614,-0.7568987315262904,abnormal
2024-01-01 00:00:13.550,-2.629473050456372,1.0134809340195643,4.68474065027407,-0.6176727328547462,-0.8260226189424552,0.6776176888340031,abnormal
2024-01-01 00:00:13.560,0.4032642864180442,-0.3323554072324943,5.111759531733857,1.3857766519607702,-1.2302914304552233,0.07356187270355836,abnormal
2024-01-01 00:00:13.570,-0.702890120555299,1.2524556159366258,4.430173271413445,-0.4805194483784943,-0.09083850632148963,0.5311590240617283,abnormal
2024-01-01 00:00:13.580,-0.29579966407746894,-1.0936035897510346,3.7256676619712037,-0.8733006796095372,-0.9071546291922005,0.19845833889545966,abnormal
2024-01-01 00:00:13.590,0.33719242637873836,1.6964289471642708,2.504194470644413,0.0816334926145897,-0.9251323527766325,0.37369632931426316,abnormal
2024-01-01 00:00:13.600,1.5862981808489325,1.6168713801293575,3.7526560186969053,0.8253041127748745,0.41139394787811034,-0.03390947113267509,abnormal
2024-01-01 00:00:13.610,1.8344297144692523,0.2474486061256153,2.359052291560727,1.0699691530685569,1.5577029867430965,-0.003478505598720329,abnormal
2024-01-01 00:00:13.620,-0.2747417895606283,-0.7801474929573752,1.371450219795574,0.282739958001486,0.19701580279906855,0.4140633505648765,abnormal
2024-01-01 00:00:13.630,0.38369057908103604,-0.0931054689401545,0.23790381164602947,-0.5273240556885335,-0.5189958534242847,0.13109593581546383,abnormal
2024-01-01 00:00:13.640,-0.6541556770237752,-0.21988289380515919,-0.29289277909991207,-0.4521948245968662,-0.8223906188210591,0.026888495422411687,abnormal
2024-01-01 00:00:13.650,0.19773345087340735,-0.06721091242008216,-0.46739912811005363,-0.8131364085606041,1.0550614506355434,-1.079637542665336,abnormal
2024-01-01 00:00:13.660,-0.0729565082710574,-1.2726045494960776,0.7242814806889886,0.10068839773337822,-0.38774222170770917,1.1562398513652132,abnormal
2024-01-01 00:00:13.670,0.22082654925023928,-0.360312951517978,0.9092895846465173,0.2629391816028338,1.2075597876876984,0.9351822368121819,abnormal
2024-01-01 00:00:13.680,-0.18227116034764543,-0.3064246871079834,1.495334191716398,-1.4706066585357276,0.3478443306837021,-0.029309061768055995,abnormal
2024-01-01 00:00:13.690,1.7019176321481801,1.8079581911080371,2.738375292556012,0.3872999730163165,-0.250812464725485,0.3364648750009874,abnormal
2024-01-01 00:00:13.700,0.731371476259153,1.23670009508623,2.799359988645934,-0.4978462894255261,0.10187987855071946,-1.6930044130076496,abnormal
2024-01-01 00:00:13.710,0.6061699746552007,1.6873928874275432,2.7421818258805795,-1.3532895956124547,0.24953596399129935,-0.14310938249907493,abnormal
2024-01-01 00:00:13.720,0.005198568751139443,0.33757772514720363,4.155930942995718,2.050328032410648,1.4967534868215524,-0.10137360271302752,abnormal
2024-01-01 00:00:13.730,0.1099743476400765,0.8345471901166259,3.8149184866754196,0.5053046155478728,1.415124480586559,-1.1791063968626743,abnormal
2024-01-01 00:00:13.740,-1.6380114322026265,0.824111000945865,3.636609136287452,-0.9135622179878545,-0.8400970895512192,-0.45599967761775284,abnormal
2024-01-01 00:00:13.750,-0.3601654810966896,-1.3484222164764808,4.928946700941406,0.6742688548709298,0.7778304361213885,0.11992416537068414,abnormal
2024-01-01 00:00:13.760,-0.8983446037704496,-2.138222978171809,5.763597687132016,0.32723661614172894,0.0938775136545952,-1.1362415242693469,abnormal
2024-01-01 00:00:13.770,0.2383668998546093,-0.2639589305313376,6.674040675651538,0.5701456651780196,-0.7946354832299879,0.3869813952624219,abnormal
2024-01-01 00:00:13.780,0.6820057093589121,-0.006220261685190773,5.2946351111601615,0.01527370898557051,0.5382664154606154,-0.9070439972375582,abnormal
2024-01-01 00:00:13.790,1.7433054793044593,-0.25866082606517865,6.653153173770488,0.42121912857151805,0.8372305831746728,0.989488474720473,abnormal
2024-01-01 00:00:13.800,-0.7708926265255727,-3.5211462003362626,6.443775642782087,0.4113620120153904,-0.45692297540658006,-0.5564132916127276,abnormal
2024-01-01 00:00:13.810,-1.2557533011018065,-0.07399567566399165,6.56604184282347,-0.782749447235633,-1.2215619681395045,-0.4919996100648824,abnormal
2024-01-01 00:00:13.820,0.5497414904241201,-0.004960834492406652,8.433583654575806,-1.238103684151319,-0.8248148460473996,0.5886122222892257,abnormal
2024-01-01 00:00:13.830,0.16399560876169278,0.25839569367795845,7.927453011671207,-1.2696503295258261,-0.1198747512770737,0.5520137854205658,abnormal
2024-01-01 00:00:13.840,-0.7035845608803771,1.4056121925090113,8.265435700222396,0.3677952132806726,0.4175156721100093,-0.258303686882856,abnormal
2024-01-01 00:00:13.850,-0.5766026759926305,-0.5325051994493832,7.8385956951930496,-1.100507103786834,-0.004603523374793562,-0.7194060887024974,abnormal
2024-01-01 00:00:13.860,0.9681100590252618,-0.8804943702969744,8.48218147124845,0.9047924782941861,2.316538722308183,1.1535990181029936,abnormal
2024-01-01 00:00:13.870,1.2036382838302633,0.13579728677136504,8.191129783032373,-1.3033399790437954,0.08179079589412472,0.4682597378056216,abnormal
2024-01-01 00:00:13.880,0.4163221840745361,0.857625473179234,7.846984790713861,1.1078259882177848,0.9925911564682242,-0.5588703141426197,abnormal
2024-01-01 00:00:13.890,0.9094886816748939,1.629171230128501,9.458574883215164,-0.3833537717077662,0.0630933981354512,0.5589784791122582,abnormal
2024-01-01 00:00:13.900,-0.007569148238682759,-1.5359535425105197,8.671919672925128,-1.065075817748719,-0.2897484284593844,-0.07194787691275693,abnormal
2024-01-01 00:00:13.910,0.37509901157664394,-1.7599421828394235,9.59942575200887,-1.9382690279188048,0.24446446465294439,-1.0761434685329994,abnormal
2024-01-01 00:00:13.920,-0.843372645508987,-1.3277808263115287,7.979445316218884,-0.1299025429025451,-0.16768620791489153,0.3904553683027627,abnormal
2024-01-01 00:00:13.930,0.47140778842542547,-2.4632156133704695,7.876940712622222,1.735720222894021,0.3597800266853211,0.1911920352344081,abnormal
2024-01-01 00:00:13.940,1.6549749895386887,-1.2736202894517814,8.288685598326836,-0.250262442303213,0.47735376584736705,0.24032439010876622,abnormal
2024-01-01 00:00:13.950,0.19902800423191633,-1.1442952463448546,7.40532128527646,-0.43905549106362096,-0.5053481917844941,-0.6280557386316863,abnormal
2024-01-01 00:00:13.960,1.8779903556608275,0.05177676512418745,8.819047512913103,-1.4887451434626384,-1.070867281376175,0.11969210737224721,abnormal
2024-01-01 00:00:13.970,-0.5126007932719332,-0.658009131469028,8.851934316943053,2.1290592690147854,-0.5720006017490293,-0.1022959342231216,abnormal
2024-01-01 00:00:13.980,0.7547374766279479,0.5608291198012215,7.297077164928372,0.8064201032620445,1.2340278375810796,0.47911308169866546,abnormal
2024-01-01 00:00:13.990,0.8850772119317564,0.6762857032842312,7.621093364767746,-0.06175754663638362,-0.11590835875498835,-0.7839171129336653,abnormal
2024-01-01 00:00:14.000,0.31801944580507713,0.27030889288266197,7.825638687245703,0.7296780033435649,0.23322167030878677,-0.15587303232593072,abnormal
2024-01-01 00:00:14.010,-0.4055211799052326,-0.24322833210010744,6.503631752610089,1.13985303545733,0.2691612082070942,0.047403210166553335,abnormal
2024-01-01 00:00:14.020,-0.4849907901664382,0.6019682640856687,6.708726178924955,1.392534570105412,-0.9835538542289548,-0.32309679776134514,abnormal
2024-01-01 00:00:14.030,-0.15206329393329565,0.4156678143867271,6.744740899258581,0.22887216549523254,0.7009969556752699,0.21621772508249196,abnormal
2024-01-01 00:00:14.040,0.7090635620747381,-0.5448566652319975,5.9416181653820574,-0.3589276579195293,-1.0496600496965593,-0.2397831876409047,abnormal
2024-01-01 00:00:14.050,-0.661862756846865,-0.40806608890525686,5.742071490117696,-0.8675229479594054,0.1423749695836322,0.007477549227459276,abnormal
2024-01-01 00:00:14.060,1.232483027441859,-0.6122025361134464,5.225227624970997,0.5036094417445413,-1.387324397954659,0.020598808425732192,abnormal
2024-01-01 00:00:14.070,0.23160148857882484,-0.36075966557897976,5.038760198704516,0.1896100376525195,-1.325689596651493,1.1527467435989074,abnormal
2024-01-01 00:00:14.080,-0.8338543197979215,-0.3247517747250716,5.021033355611606,0.8326390264204435,0.27894073072508313,-0.8565323169486248,abnormal
2024-01-01 00:00:14.090,-1.3740286728662208,1.423337379442377,3.2269886074958483,-0.8657484910543207,1.2711042351478612,0.23813252631671178,abnormal
2024-01-01 00:00:14.100,-1.3505583731415014,-0.45698233174137953,3.3087351302741013,-0.28059575866628467,-0.886124333276808,-0.10505172627260438,abnormal
2024-01-01 00:00:14.110,-2.6633312340153954,-0.04468640351873359,2.7686220217564204,0.1533356484987838,1.3581172917942201,0.11966318119424353,abnormal
2024-01-01 00:00:14.120,0.21866985077073922,0.9529826504971679,1.2329329494673913,-0.08809652473985816,-0.9238119802138091,-0.14223603251413297,abnormal
2024-01-01 00:00:14.130,-1.657655625734298,-1.400262100729053,0.44538534013830255,0.20028441273374725,-0.711321981610074,-0.2422456525433076,abnormal
2024-01-01 00:00:14.140,-0.2386101090538678,-0.6411690937075601,1.0387223345906589,-1.3845441188319576,0.3793179733369171,0.10853136859869673,abnormal
2024-01-01 00:00:14.150,-1.4346308789492492,0.4533612551961984,1.698701614823814,0.1872838395729853,-0.6323918750069091,-0.4762259199953628,abnormal
2024-01-01 00:00:14.160,2.5472718010925304,1.7436690696716244,-0.42299754447258753,0.49162916761571795,0.14355415763974197,0.15585733026696516,abnormal
2024-01-01 00:00:14.170,-1.6058390179081365,0.21234404229369505,0.6701112888176198,-0.8930963208224898,0.24739547467840275,0.35313233466928495,abnormal
2024-01-01 00:00:14.180,2.098490238049361,-0.7442623538385371,2.211654327702022,-0.177161896517893,-0.8099148922160017,-0.50903220144892,abnormal
2024-01-01 00:00:14.190,-1.217109810419635,-0.38119513261903976,2.425740747182078,0.20559683924070732,1.0542522428171188,-0.4605617765736734,abnormal
2024-01-01 00:00:14.200,-2.8200906681012783,0.3609857697653908,2.6262134998964077,0.49754204469393615,-1.4109578838582066,-0.43967268799981496,abnormal
2024-01-01 00:00:14.210,0.994823759295567,-0.7945742397881178,2.074392688502258,-0.23310323871833516,0.12737949524900813,-0.11951432680841204,abnormal
2024-01-01 00:00:14.220,0.09460645632155464,0.7422388351500487,3.8592087633697063,0.2140244192751719,0.10957784278224376,-0.06231257498278401,abnormal
2024-01-01 00:00:14.230,-0.6553645509716545,1.059334966429474,3.8787527388674796,-1.2839618349710566,1.5822133927746007,0.5813737653948211,abnormal
2024-01-01 00:00:14.240,-1.001731925520323,-0.18349353658156128,3.9259005471299515,-1.6133734265983593,1.4197879522352292,-0.03061895643173907,abnormal
2024-01-01 00:00:14.250,-1.8722721582022832,-1.1447636888780077,3.923018393851559,-0.5973975058348089,0.2567598909844882,-0.0032164977187158386,abnormal
2024-01-01 00:00:14.260,0.2375594100604786,0.4428646496880946,4.982179027202049,-0.5968701216174022,0.17061254930872105,-0.6833879250044782,abnormal
2024-01-01 00:00:14.270,-0.18803336881290286,1.4350957708099044,5.404513179108954,-1.382545960311276,0.34529692757945285,-0.14664033854074757,abnormal
2024-01-01 00:00:14.280,0.1358330563166537,-1.3663469486822104,5.666875036058698,0.34653394264276394,-0.4244127829378504,-0.26554196372753064,abnormal
2024-01-01 00:00:14.290,0.30756935819363423,-0.5754572750086328,5.877636597024966,-0.5335836363527664,-0.9468082793791079,0.7160628408758573,abnormal
2024-01-01 00:00:14.300,-0.2965335251904383,-0.296345740591849,6.8007765675984695,-0.25994791474228446,0.9641909228637032,1.3633905065547613,abnormal
2024-01-01 00:00:14.310,-2.40849022973917,-0.12091465252234514,6.390631151989743,-0.7254311785230034,0.4858786582837012,-0.007419870843272458,abnormal
2024-01-01 00:00:14.320,0.2136437254189781,2.9904554790866666,6.467565427522297,-0.4571588386982972,-0.3639890644644542,-0.19620065278227938,abnormal
2024-01-01 00:00:14.330,-0.6823957371853331,-2.3010918242707623,6.8474762808977605,0.32753544249470307,-0.9506435522899565,1.2096572966183732,abnormal
2024-01-01 00:00:14.340,1.5292334399204273,1.648253671689726,7.071908679971367,-0.26701330028118947,0.8435439391780785,-0.0012751073074268552,abnormal
2024-01-01 00:00:14.350,0.2557230069668969,-1.7137710845480263,7.814528600804515,0.07887701807290874,1.3897103264543367,-0.6357141866284276,abnormal
2024-01-01 00:00:14.360,0.3475200572256674,1.2612801929408253,8.950912707193533,1.108965533517317,0.6541178170437978,-0.20072742018117573,abnormal
2024-01-01 00:00:14.370,-0.5032514635974756,0.524912678939519,8.560914498762834,1.287957015478097,0.05772489280376084,-0.16395251354814272,abnormal
2024-01-01 00:00:14.380,1.6849548023502543,-0.43533170288926026,8.441968809447708,-0.5382020523620044,-0.22350481036250291,0.3185400308574566,abnormal
2024-01-01 00:00:14.390,1.0091495279985703,-2.577585960435423,7.948367787187529,0.4787707379462589,0.26990593475319735,0.1548854697470643,abnormal
2024-01-01 00:00:14.400,0.7283552538623255,0.7308346231784943,9.352337983076952,-1.731111830067052,-0.21182471065314973,0.14937244542895642,abnormal
2024-01-01 00:00:14.410,0.5896879148003382,-1.6081831086804521,8.40885285088568,0.03430285375096064,-0.4470136996544784,-1.004732389508305,abnormal
2024-01-01 00:00:14.420,-0.4974033904873162,1.3007773838109258,9.25880263052606,-0.6986821747314212,0.8880520803477624,0.0594391881611201,abnormal
2024-01-01 00:00:14.430,-2.743649305028344,-0.9379146597692679,8.210751573270942,-0.48761394876596575,0.788513317391764,-0.7965420219063266,abnormal
2024-01-01 00:00:14.440,-2.3756703742863072,0.28049840391689634,8.654848083098509,0.8965683563167008,0.818577921899792,0.011473223528682613,abnormal
2024-01-01 00:00:14.450,-0.29607440348709246,-0.008386713770006736,7.844284199079758,0.6908579801408717,-0.41217970616413213,0.8822660878153015,abnormal
2024-01-01 00:00:14.460,-1.9931505412444788,-1.660740669263336,7.608063456691003,0.09015795006278528,-0.5143642949971697,0.6009819540859926,abnormal
2024-01-01 00:00:14.470,0.15920893683048826,1.0693326765176197,7.929195968232079,1.5861441499720306,1.3007060642549697,-0.2343540844799817,abnormal
2024-01-01 00:00:14.480,-1.1902606500325277,-0.22403534876101103,8.33880357188438,0.039424529841809025,0.17262889778914434,0.41078861617988255,abnormal
2024-01-01 00:00:14.490,-1.2621950269580486,-1.0709953033395425,8.353971654290085,1.417538642943047,-0.5146284562520593,0.7617368007258136,abnormal
2024-01-01 00:00:14.500,-0.12082470458425826,0.8181183140954785,8.350795609769817,-0.34824187979933185,0.5843980429070855,0.12821145364421746,abnormal
2024-01-01 00:00:14.510,0.3289417127944509,-0.6817913972846513,7.163066777020177,-0.1518242130756606,-1.3821767789970536,-0.01634783164634726,abnormal
2024-01-01 00:00:14.520,0.9233934487944344,-1.256412584161838,6.9026536218475805,0.05030223995593291,-0.24460366497046665,0.7988943249947559,abnormal
2024-01-01 00:00:14.530,-1.3849834068154643,1.0843890390288418,6.215079369494905,1.130240830516599,-0.890270669979857,-0.3830784149116349,abnormal
2024-01-01 00:00:14.540,1.259969217052494,-0.9270084170732114,6.457366322483232,0.630912589851687,-1.0226472532844442,0.8373377020445706,abnormal
2024-01-01 00:00:14.550,-0.590612760737195,2.618381210394683,5.925640776801778,0.34237000742864343,-0.14068239587723122,-0.7906239924114222,abnormal
2024-01-01 00:00:14.560,0.1737483719746367,0.07689421955045361,4.528228943842811,2.038270651767486,1.3383782271637308,0.026271985775288012,abnormal
2024-01-01 00:00:14.570,-1.6675163953437273,-2.333408417280508,4.911417657389199,-0.4080536428868238,-0.6069565151505303,-1.5230874007529136,abnormal
2024-01-01 00:00:14.580,1.9000281479689656,-0.8416137091480501,4.861411403721255,-0.8241154100010055,-0.3432361135415051,0.2263357207496318,abnormal
2024-01-01 00:00:14.590,1.8723775159311429,1.820271301708941,4.207623458559611,0.6208686706173794,0.87055507623982,-0.1799107738595469,abnormal
2024-01-01 00:00:14.600,0.38306745541288867,2.1548182109948266,3.802848384951965,0.5178880852200153,-0.07355940978381195,0.3469918254863219,abnormal
2024-01-01 00:00:14.610,0.7465478355226326,-2.802570901011627,3.2392050344168974,-0.2660531417679111,0.42999183471740343,-0.3822991829955811,abnormal
2024-01-01 00:00:14.620,-0.4389845411619265,-0.5444115376201539,2.6770950452603444,-0.376599108054519,-0.7772793725865658,-0.9180918694853183,abnormal
2024-01-01 00:00:14.630,3.472757437808607,1.2325883037793612,2.3964705600491176,0.0626036812317866,-1.0930368737715142,-0.4467084550249179,abnormal
2024-01-01 00:00:14.640,-3.0796449990725248,-2.597669438992127,1.5588832681645826,0.09080940085585651,0.08471809042513637,0.32034239439122714,abnormal
2024-01-01 00:00:14.650,0.7308499137355398,-0.19567998815825052,1.8829133506960969,-0.40681188940745633,-0.24524284499815924,-0.37499826595728625,abnormal
2024-01-01 00:00:14.660,-0.8777446572488694,3.1161455033521994,1.4581191589939726,-1.2752632405901965,-0.8490591239291553,0.4182918576055915,abnormal
2024-01-01 00:00:14.670,-2.408128560322831,0.9306345645373858,-0.5043055426285584,0.21831730017153092,-0.9933643479187835,0.6372417680934666,abnormal
2024-01-01 00:00:14.680,1.162386267220918,2.8002322486132996,0.20602256394088314,-0.030178717645318626,-0.48257975556347243,-0.48582675325995744,abnormal
2024-01-01 00:00:14.690,-0.04779292988303019,-0.32934582975510174,1.6183163662348885,0.11579103618980954,0.13058588690552386,0.3635231414112012,abnormal
2024-01-01 00:00:14.700,-0.848640603578806,0.28643345429800293,1.6374472744075592,-1.0406722871959788,-0.1490267596205995,-0.8305243587158908,abnormal
2024-01-01 00:00:14.710,-0.1816646059214387,0.4758078001544799,2.16961802276458,1.4212758043060458,0.8657686695447143,0.8331180343249146,abnormal
2024-01-01 00:00:14.720,0.08960826227841949,1.8764739682744207,2.012453411233565,1.5952861485709116,1.3741668721416533,0.24916194283899132,abnormal
2024-01-01 00:00:14.730,-1.0878135111933767,-0.6321274951232222,3.7406778666159015,-0.6063882589194408,-0.8426037976799261,0.30121112838175224,abnormal
2024-01-01 00:00:14.740,-0.1709481590634934,0.34376939224303044,2.8295213697372597,-0.22274894615648633,0.09241860150370808,-0.3035080407164312,abnormal
2024-01-01 00:00:14.750,2.1236179995627547,-1.3016458883074902,3.6293343675350433,-0.8677137166145947,-0.2847731464576887,0.21304634578471515,abnormal
2024-01-01 00:00:14.760,0.773587238220982,-1.0478090905309565,4.573035949316355,0.5977329984363237,0.20881587563954332,0.19798742597971414,abnormal
2024-01-01 00:00:14.770,-0.4961298151689687,-3.1185044473208006,4.728836072709139,-0.01438389894988458,0.9344422712749066,0.1526623437812296,abnormal
2024-01-01 00:00:14.780,0.12403203902135976,1.908514317854148,5.938078056163478,0.0761685486224768,-0.42011633378097835,0.03558442276260989,abnormal
2024-01-01 00:00:14.790,0.6721915518076541,-0.23628688593716574,6.731707029626525,1.120205446852271,-0.4524678475491325,0.9385371039460464,abnormal
2024-01-01 00:00:14.800,0.15718335859072063,1.1987422379518262,6.8743171196824555,0.550376768474664,0.6077058165938736,-0.139720799871491,abnormal
2024-01-01 00:00:14.810,0.8875770011938645,-0.26045372106162595,6.869935732814271,-0.05590234976129598,0.7695149088925041,-0.6244653827741017,abnormal
2024-01-01 00:00:14.820,-0.4967927158755795,0.9974886373668455,7.695806045375093,0.5108138531527957,-1.2303754080487885,-0.0287597773253241,abnormal
2024-01-01 00:00:14.830,-0.7111300594880509,-0.5751942013575181,6.799759294420894,0.18142463800581507,-1.1649670496441247,-0.44634360591997124,abnormal
2024-01-01 00:00:14.840,0.6019521659351702,0.8118185378008036,7.649902503018001,0.5934090054417973,-0.04108366906191345,0.5170754130458098,abnormal
2024-01-01 00:00:14.850,-0.9054860684842149,-1.3278266039704842,7.376648350170009,2.1930840940349694,2.1736045055535027,-0.420970311810415,abnormal
2024-01-01 00:00:14.860,3.1047301751875245,0.553149708202922,7.870911286859936,0.4066605531942242,0.8699723620904123,-0.5393957797700569,abnormal
2024-01-01 00:00:14.870,0.8042467697329182,1.2246128946287362,8.308999311646092,-2.5865858305352605,-0.5231114810328048,-0.5502141021093923,abnormal
2024-01-01 00:00:14.880,-1.2975262049099958,0.8262160769303556,8.378088193384311,0.734495577015714,1.665010144153559,-0.031513948173070114,abnormal
2024-01-01 00:00:14.890,-0.300790158121019,3.4106065200159343,8.024012042126126,-0.1551242744333664,0.20954728772749787,0.2901051793369809,abnormal
2024-01-01 00:00:14.900,-0.2939195318686788,0.7272597221848317,8.232114448202015,1.57101999787517,0.6481165384742004,0.23988298323717497,abnormal
2024-01-01 00:00:14.910,-1.8470735801507252,0.7883672119360211,8.647855820936524,0.7261710435114953,-1.2265535253759576,-0.3525153317794704,abnormal
2024-01-01 00:00:14.920,0.47327364990977605,-0.2672895474255126,7.982455978617613,0.8964108483128983,-0.01040821808029487,-0.0560963022602159,abnormal
2024-01-01 00:00:14.930,-0.4288802551572019,-1.147139668551572,8.728042022967719,0.07066431463499014,1.4314135174281069,0.13560341140172794,abnormal
2024-01-01 00:00:14.940,1.1200107439172695,1.7279042805960878,8.04710716466216,0.5743422485803393,-0.12578425866892765,-0.4030147238904673,abnormal
2024-01-01 00:00:14.950,-1.6131423762060528,-0.46842017587889784,8.234492021719543,0.49490242615585694,-0.8432359470990501,-0.7543052393565836,abnormal
2024-01-01 00:00:14.960,-0.8701163902461544,-0.008764687528265161,8.752934691535293,0.388624971421139,0.7865650092634573,0.01799685705188476,abnormal
2024-01-01 00:00:14.970,-2.5615127796612334,0.37123532082072735,8.633240905245897,1.3265456285565287,-0.8391364150137202,0.28309260115540824,abnormal
2024-01-01 00:00:14.980,-1.1958562117918652,1.253885067426646,7.557545401723139,0.4605804036956377,0.985559597722767,-1.0293127851287758,abnormal
2024-01-01 00:00:14.990,-0.3226234489502839,-0.176097054937883,7.411373370702941,1.2133119326950466,-1.6679506216273907,0.04933974776254689,abnormal
2024-01-01 00:00:15.000,0.080863109809102,-0.7277103046892103,6.628549673374651,-0.44475201002280207,1.2069853838375715,0.04697265793141954,abnormal
2024-01-01 00:00:15.010,-3.074751177490061,-0.4906852447358638,7.925257650473566,0.26038503713907557,-0.6035612658917693,0.5351946717518555,abnormal
2024-01-01 00:00:15.020,-2.0136449635066263,-0.02125859025247072,7.717239050743914,0.7514090659497797,1.6346718194606042,0.16768314055320505,abnormal
2024-01-01 00:00:15.030,2.007780928373924,1.2849946370254315,7.133482114535761,-0.5132924846678639,-0.555091171516352,0.08483663269220816,abnormal
2024-01-01 00:00:15.040,-2.2626008207022146,-0.3068779767672707,6.915526068758234,0.2288000651372463,0.6615332637098624,0.5010249402724499,abnormal
2024-01-01 00:00:15.050,1.278959960474757,0.6171512504165128,6.076340399919238,0.6235985726391402,-1.1831610958771155,-0.18800948370909565,abnormal
2024-01-01 00:00:15.060,-0.10495331902245704,0.4295116490971346,5.066313556011015,-0.8186765537617198,-1.4587200360427264,0.49954454992625374,abnormal
2024-01-01 00:00:15.070,1.9898808654076776,-0.7530544950910351,5.720951014769085,0.03506691019896361,-0.37141542724264,-0.6988511866771712,abnormal
2024-01-01 00:00:15.080,0.31601015399808463,0.06584131025083065,3.4763183800360875,0.10136586223093004,-1.173291512428388,-0.30338735244624737,abnormal
2024-01-01 00:00:15.090,-0.3983026235412418,0.8104843710686779,4.654624236206061,-0.5922450847466906,-0.5798253079936236,0.8762289490185924,abnormal
2024-01-01 00:00:15.100,-0.2706166771092829,-1.441776259887868,3.3277440438238166,-0.18954867472294873,-0.4665663008703374,-0.8990846874310952,abnormal
2024-01-01 00:00:15.110,0.4605791327667962,1.0319521469073198,2.7849459362861313,-0.4845906906125336,0.29675401743627927,-0.2032993839134349,abnormal
2024-01-01 00:00:15.120,-3.633642585242362,2.4754957309894197,2.898255384044071,-0.4148705468892286,-0.444475901203264,0.021553531594895363,abnormal
2024-01-01 00:00:15.130,0.7750735478042216,-0.6285502452212012,2.4381183434219533,-0.4857079290974915,-1.0299733060727372,0.6411415435703274,abnormal
2024-01-01 00:00:15.140,1.1264122734053281,-3.0046400012715426,1.5515956949794758,0.2210598392764632,0.004407419980562213,0.37676650999780864,abnormal
2024-01-01 00:00:15.150,-0.3205093510752051,1.7395519551663694,0.7881695003741205,1.0911702964490289,0.44868928534918995,-0.3418129835168951,abnormal
2024-01-01 00:00:15.160,2.0081574170914935,-1.4107580168949962,1.1241654233603362,-1.0148244321689037,-2.293734114151767,1.4321865273097418,abnormal
2024-01-01 00:00:15.170,-0.8605149652858712,1.5380586104071994,0.9685215998078276,-0.07791923260225467,0.2857461590529853,0.3594672999493954,abnormal
2024-01-01 00:00:15.180,-0.4918281889668979,-0.3020181105602166,0.2718039530886124,-0.10193315136727031,-1.2144789323288578,0.4143057812924264,abnormal
2024-01-01 00:00:15.190,0.4400038117096809,0.030404985045811902,2.0355973411049684,0.1898708147983357,0.26139003437516944,1.1225296861218352,abnormal
2024-01-01 00:00:15.200,0.8495015036753656,3.2649022314041667,1.1881185722041667,0.1134119886845205,-1.5809699020057386,-0.33373132919359677,abnormal
2024-01-01 00:00:15.210,-1.731639918816852,0.5237588357431834,1.4292830038396347,0.029580655273515895,0.7481561605542465,-0.494821530708601,abnormal
2024-01-01 00:00:15.220,-1.0261013796351204,0.8167373813757703,2.6412075321874333,0.540860604043051,0.25972439278654735,0.2936907735707201,abnormal
2024-01-01 00:00:15.230,1.027326726921388,-1.6133169330117039,2.9502946075326526,0.10136628359069248,0.44125193673933305,-0.10476352442118317,abnormal
2024-01-01 00:00:15.240,-1.713314001425799,0.45505179163477816,2.7647333833919987,-0.6210053195308881,1.9101568167666103,-0.09239634805306467,abnormal
2024-01-01 00:00:15.250,-0.18941529501352183,-1.03434738385875,3.634364013908696,0.8977918388835082,0.3082430706134489,-0.8532783929245573,abnormal
2024-01-01 00:00:15.260,1.0281085353753237,1.9854684033525398,3.7829494522840608,0.7910425682307664,0.1741489433450873,0.0820652824774316,abnormal
2024-01-01 00:00:15.270,-0.562615905253948,0.2502332522460365,4.336587062244013,-0.8007726248630128,1.5305206383539691,-0.015361238177198658,abnormal
2024-01-01 00:00:15.280,1.046819826548911,-0.21855411740888428,5.758273746902568,-0.48089805069120856,1.3795901850646368,0.5162587430617857,abnormal
2024-01-01 00:00:15.290,0.3193849609170945,3.0288218148165242,5.252548081825486,0.8644827183322844,-0.4206137423423338,-0.8173752218491938,abnormal
2024-01-01 00:00:15.300,0.9573399661544475,-0.6957622327355222,4.997096906331699,1.4580778156526264,-0.13181711063800403,-0.5793602906474408,abnormal
2024-01-01 00:00:15.310,0.6364229539417289,-1.3737590500082655,5.765406444473295,-0.5236172408393757,0.13632165666675083,-1.1931476873000122,abnormal
2024-01-01 00:00:15.320,-2.04865350991107,-1.060763100289792,6.541439218409567,2.3218104375315645,-0.11185499606106787,0.507100889713391,abnormal
2024-01-01 00:00:15.330,-0.8991944188961046,-0.2989802350921408,6.554352872868392,-0.8606578035837249,0.12934995536310823,0.02644143295321818,abnormal
2024-01-01 00:00:15.340,0.25293251473374756,0.06191601353383595,6.620182959368659,1.2323499041087351,-0.5526968700408376,-0.356233500070407,abnormal
2024-01-01 00:00:15.350,-0.045813446019356066,-0.21734609506994765,7.055834172366081,0.11631777152308324,0.12114723943800597,0.08032418413976113,abnormal
2024-01-01 00:00:15.360,-0.5259955778304415,1.125144907916476,8.38177789715875,0.10807573807716817,0.6234418393235691,0.06889994807361141,abnormal
2024-01-01 00:00:15.370,-1.4576884808050552,0.5656834684214608,7.8358316754323125,-0.9104935099412608,0.8884557904807721,0.7754992712909172,abnormal
2024-01-01 00:00:15.380,-2.0550747668337443,2.686867931567012,8.428022730640823,-1.1330452250932277,-0.10441436513414909,0.11075041219062595,abnormal
2024-01-01 00:00:15.390,2.488555770865306,0.7490025249046363,8.834783175475922,-0.7071864210559632,0.5822400754751678,0.11872564246427206,abnormal
2024-01-01 00:00:15.400,0.8367968017619207,-3.245117440246463,7.750383581857534,-1.93064381935548,-1.5449161943807872,0.20624093867997906,abnormal
2024-01-01 00:00:15.410,-0.8322339617798366,1.2321011133295274,8.50155282167917,0.5105420069018051,-0.305537915457763,-0.2120053694032171,abnormal
2024-01-01 00:00:15.420,1.1565076612753853,-0.05710440709703525,8.105221886675688,-0.3644599393258811,0.5874206788145528,-0.8056319159209812,abnormal
2024-01-01 00:00:15.430,0.5575818120872292,0.2103039868373359,8.515861503311873,0.480844006247597,0.10938747003908796,-0.646621871917198,abnormal
2024-01-01 00:00:15.440,-2.671128935135098,0.3796334534107034,8.773806244387757,1.5677443238133142,-0.8386640838245281,-0.20636997847547534,abnormal
2024-01-01 00:00:15.450,-0.013883764633813335,0.48350367615352013,8.713189541041077,-2.20716997775472,-0.6193297505302648,0.32951858605164974,abnormal
2024-01-01 00:00:15.460,0.5258417730296251,4.046512361989742,8.048330102750818,-1.3865187930198173,-0.3039658481169242,0.3352226786202779,abnormal
2024-01-01 00:00:15.470,1.270763831875982,1.1173817326881683,7.1233929005362135,-0.4680017037930121,-0.8533815143469495,0.3335794584507323,abnormal
2024-01-01 00:00:15.480,-1.648036758832202,-0.26378759702001786,8.408862529090287,-0.39781326759490715,-1.0421577565732703,0.4463625659208219,abnormal
2024-01-01 00:00:15.490,-1.0156678246450865,2.6817644176020194,8.004603125090117,0.7995724655531672,1.113649625480016,0.10306227923987499,abnormal
2024-01-01 00:00:15.500,-0.3426364059477746,2.0828018553585945,8.211871234622736,0.5929662079637134,-0.4026881192382249,0.2676654792097553,abnormal
2024-01-01 00:00:15.510,1.1199459598960486,-0.6676528506288177,7.98678562868938,-0.7308461548171171,-0.09452206566108022,0.17472291220514277,abnormal
2024-01-01 00:00:15.520,-1.2728928404677682,0.14811047765176275,7.103410556593432,-0.4509601572350261,1.2807800209977303,-0.5586793575012806,abnormal
2024-01-01 00:00:15.530,-2.1100487074695073,-0.6766560708436214,6.764743557862122,-0.41601132525121093,0.5530452902615,-0.45012863101156714,abnormal
2024-01-01 00:00:15.540,-0.5823575532685398,-0.46124325926436494,7.108325731860701,-1.4549247594874513,0.12995091966761774,0.43165171076646586,abnormal
2024-01-01 00:00:15.550,1.7523710208172274,0.25293135412390266,6.367183291966904,-1.7439136507142738,-1.524009227422969,0.8051916192497099,abnormal
2024-01-01 00:00:15.560,-2.3994026151547962,-0.32309930697118877,6.123324971043529,0.8230042677493628,-0.3012442570324671,-0.37873273504739474,abnormal
2024-01-01 00:00:15.570,1.1958193869071179,-1.4005345263355438,6.01224955428057,1.4633813094276964,-1.4225340169568412,-0.02090640820528831,abnormal
2024-01-01 00:00:15.580,0.41062049926128663,-0.4421301273843689,4.155293257978018,-1.4938182777715074,0.3456919033498651,-0.6608290585380092,abnormal
2024-01-01 00:00:15.590,1.3024324376051182,-0.6277873069751678,5.381789554477379,0.2685098053279766,-1.4250807255609501,-0.027560029436713315,abnormal
2024-01-01 00:00:15.600,0.01333658513515038,-0.07754344908826173,3.9935593151325004,0.6019856967866054,0.12661322739611253,-0.8684973163112603,abnormal
2024-01-01 00:00:15.610,-1.4880695044153882,-2.672232707280505,4.573897698984393,0.32244054133334826,-0.9366858149587185,-0.7520356898507284,abnormal
2024-01-01 00:00:15.620,0.7948312709946956,-0.7575315246915607,3.550186654609498,1.2841300280694643,0.14353207214979616,-1.1314302742372022,abnormal
2024-01-01 00:00:15.630,0.7676364614512493,-0.4822287090959362,2.1550020463503192,-1.199996980345803,-1.0799529239830492,-0.670838118348964,abnormal
2024-01-01 00:00:15.640,-0.647924800245321,-1.2391406480321965,1.893456487282197,1.4644320120418226,-0.6550345296279225,-0.6062750314166543,abnormal
2024-01-01 00:00:15.650,-0.36765348243649,0.8419070796118602,1.4703069146423602,-1.1240903326938017,0.43977641725377387,-0.5081318711142743,abnormal
2024-01-01 00:00:15.660,-0.4081590020407347,0.3793416522576299,1.4004973092397217,0.5523649023808355,-0.8946380323830552,0.24527466134952022,abnormal
2024-01-01 00:00:15.670,-0.39253919937672116,-0.9293645937918402,0.5145631174478076,-0.5434532672984825,-0.2612404420061632,-1.0655189010197914,abnormal
2024-01-01 00:00:15.680,-0.2095567816793091,-0.11469396462157329,0.20687942121331887,0.5366186474446885,1.107501457148198,-0.06020859770211681,abnormal
2024-01-01 00:00:15.690,0.8732893703464014,-0.39735107697068045,0.3986357985307074,0.701606493369413,0.3072027727764441,0.22768283310238202,abnormal
2024-01-01 00:00:15.700,0.41701059377930344,-0.9089366087829449,0.3051904924049256,-0.1312339292685467,0.5793509361623552,1.156210175461668,abnormal
2024-01-01 00:00:15.710,-0.5398511285049715,-0.33348176694503573,1.0019764488922105,0.5313803815687336,-0.4910266547281556,-0.5126448056150993,abnormal
2024-01-01 00:00:15.720,-2.0107497474588003,-1.1551007112655127,0.7746813693819139,0.19685528327058338,-0.870902537990295,-0.3539293486734566,abnormal
2024-01-01 00:00:15.730,-0.4884109934837032,-0.22334762461160304,2.6121685695134493,-0.26992835451966785,1.9270843234004587,-0.42103818733256687,abnormal
2024-01-01 00:00:15.740,0.4903763238488525,-0.205611682249219,2.395120152445677,0.10505889428945964,0.41359811853273626,-0.1366294163135458,abnormal
2024-01-01 00:00:15.750,-1.3886856355295931,0.394123597412074,3.791498994298418,1.4736049889301683,-1.3155604698165193,0.57397895513452,abnormal
2024-01-01 00:00:15.760,-1.6801386713101436,0.1049603667868538,4.464035369199647,1.5718771355168868,-0.9458465152728069,-0.11347852066898251,abnormal
2024-01-01 00:00:15.770,-0.2596351628433136,1.466140643149806,2.948125982881087,0.16460451983971802,0.31290235809712613,-0.05862265272819138,abnormal
2024-01-01 00:00:15.780,-0.5229599262923667,1.3287146339019256,4.839273076848633,-0.5823328145555623,-0.8383673994558558,-0.16304978247598262,abnormal
2024-01-01 00:00:15.790,1.2163068091750577,1.0174205856125103,5.647998019575898,-1.2661714361697314,1.3290345061690585,0.575672739676307,abnormal
2024-01-01 00:00:15.800,1.2467968241353051,1.459427436951057,5.5476856050428935,-0.14725900222011096,-1.728424741816272,-0.5351773464599868,abnormal
2024-01-01 00:00:15.810,-0.2795048686474224,1.012813717842596,6.272271150971096,-0.3036054533211425,-0.32988442948569485,0.28849981796934054,abnormal
2024-01-01 00:00:15.820,0.7719274509539779,-0.8111840635774107,7.781960955410132,-0.17564138205403124,0.5366078488403976,0.6630884191013695,abnormal
2024-01-01 00:00:15.830,1.398230080082674,0.8971002384395479,5.670667321559659,1.1295992955888612,-1.5836347542980613,-0.3357300738876717,abnormal
2024-01-01 00:00:15.840,0.967424900303403,-0.8794550163156936,6.244343364846595,-0.04306844886564669,-0.37327927698306107,-0.8002852757406358,abnormal
2024-01-01 00:00:15.850,-0.40145780300053874,-1.4416177304823072,7.865652880327846,-0.015521044229879946,0.872679174429302,-0.9812808103281448,abnormal
2024-01-01 00:00:15.860,0.2991264073750095,-2.5454037599084836,5.723449049886694,0.08912037025767985,1.0394303447597268,0.18451899875455796,abnormal
2024-01-01 00:00:15.870,0.541337901503433,-1.3704539062908918,9.052526438671507,0.21503028989372872,-2.3339005092786542,1.0205533624176275,abnormal
2024-01-01 00:00:15.880,-0.7075685896699513,-2.7433042417098963,7.814427181450741,0.8878368336001783,1.0194660429383988,-0.3980928778639979,abnormal
2024-01-01 00:00:15.890,1.5139122736987929,-0.9187767139442546,8.782540309686658,-0.2040330889901314,-0.6620555873945252,-0.026655890725297893,abnormal
2024-01-01 00:00:15.900,0.43173676133073985,0.3132599400702822,8.478582257966213,0.502606867893126,1.2977643723894143,0.7350189002202657,abnormal
2024-01-01 00:00:15.910,-0.841063154164385,-1.2235549255400209,8.33584451393282,-0.5254358055580088,1.4216449984193524,-0.032800417696297754,abnormal
2024-01-01 00:00:15.920,-0.09065173154127829,1.4535398455147959,7.900949786759552,-0.22525372529016996,-0.5339853776459976,-0.40378295166117856,abnormal
2024-01-01 00:00:15.930,0.7749179546099216,-0.5808460293765265,8.944678431587636,0.4446867449350782,0.6567930434329978,0.18160875629459508,abnormal
2024-01-01 00:00:15.940,-1.3440125597227788,-0.7472599472914714,8.276120137301323,-1.0208570939082422,0.48716124784530707,-0.20393717716264637,abnormal
2024-01-01 00:00:15.950,-0.1858117643476506,-0.502714116714027,9.088857192402417,-1.4860888547455335,0.35508868659465864,0.22126387954155557,abnormal
2024-01-01 00:00:15.960,0.800649192508881,0.07093732699707889,8.717757351764666,0.7778622716729912,-0.8627300722737531,0.6855646254339396,abnormal
2024-01-01 00:00:15.970,0.4110988528564112,-0.040399814588633204,7.73524254711324,-1.1301407595910553,-0.9259705119077437,0.14399959654599526,abnormal
2024-01-01 00:00:15.980,1.3320012325476012,-1.2315381563388819,7.881979469229341,0.5271418103093313,-0.09557879854675776,0.3620315996470014,abnormal
2024-01-01 00:00:15.990,-0.6776289454723232,0.05617162798421226,7.837743091184029,-0.8342996355460967,-0.5339819068881746,-0.7843181879091683,abnormal
2024-01-01 00:00:16.000,-1.0998709074071598,-0.8245114778120839,7.5450544027575575,-0.34353056927664927,-0.19332311277137582,0.54094417356814,abnormal
2024-01-01 00:00:16.010,0.6405415637934273,1.5841409470298184,8.072254434915951,0.005336965108485869,-0.8632244669027174,0.036131300159922525,abnormal
2024-01-01 00:00:16.020,-0.9482328977120071,0.1652420675177406,7.709079238876822,-0.8807662172816371,0.12266156608435885,0.34549630011798926,abnormal
2024-01-01 00:00:16.030,1.540893609594301,-2.2274380214554914,6.164393486527978,0.038635030781745835,0.4954801222384128,-0.19487758837496996,abnormal
2024-01-01 00:00:16.040,1.4273471242711404,0.08432273179777973,7.467614974592496,1.2233013562390163,0.4326951579228425,0.3155349418912187,abnormal
2024-01-01 00:00:16.050,0.9002565148595996,-1.0736075121560587,5.664091335737095,-0.15202299991942625,1.7229239348605845,-0.8615929375621041,abnormal
2024-01-01 00:00:16.060,1.3017153203742011,-1.6862247862292463,6.262849561939564,-0.8391406431921316,0.9810665936373918,0.09167256536008973,abnormal
2024-01-01 00:00:16.070,1.5174845532634036,-0.7016683838042519,5.442458134821004,-0.5835959504060214,-0.9421219096829956,0.522961678356016,abnormal
2024-01-01 00:00:16.080,0.10755099551367739,1.4088329520806602,4.967500228167993,1.204700574232754,-0.5552955358887831,-0.12068898892971179,abnormal
2024-01-01 00:00:16.090,1.1741083950582183,2.392642365589225,5.451408818609166,0.7326321235143886,-0.03796711966600253,-0.05442541457006414,abnormal
2024-01-01 00:00:16.100,2.1434690366241607,-0.7512519579546809,4.686781620653858,0.5689664399507292,0.517682066678605,-0.15317835694445225,abnormal
2024-01-01 00:00:16.110,1.478197569859779,0.25514843653662145,3.6806692331405957,1.3246848701564309,-1.0470017304151769,0.21856580243443877,abnormal
2024-01-01 00:00:16.120,-3.0764119241895016,-0.7884572629620628,3.309121346283857,0.14018128316778472,1.0721356804333961,-0.03732426523230068,abnormal
2024-01-01 00:00:16.130,0.037811655469231154,0.4815351210666036,3.091880577379922,-0.843197465060936,-0.5331181219953126,-0.5575122514112212,abnormal
2024-01-01 00:00:16.140,-0.40861944364730735,-1.5060271221382804,3.5981269154914868,-1.0090497011343635,-0.4911525826013313,-0.29392863635790506,abnormal
2024-01-01 00:00:16.150,-0.6439259935775549,-0.06435094916986274,1.8482639738628994,-1.540320794500695,-0.07352969116630512,0.3752715238770595,abnormal
2024-01-01 00:00:16.160,-0.35138373204835427,0.47907359593735555,1.769609926152417,0.7968234175748815,-0.42899776738184425,-0.3077454304098173,abnormal
2024-01-01 00:00:16.170,-1.087455080992173,-0.2426175706057427,1.3170906513924394,-0.3027400103342075,1.5626706711259148,1.0493718570955948,abnormal
2024-01-01 00:00:16.180,-0.9290369911913374,-0.4664801102428557,0.4108972324981892,-0.33621268168862084,0.055236614998694485,-0.06662720299048379,abnormal
2024-01-01 00:00:16.190,0.6967082639325641,1.1691065669433869,1.2576938471812347,0.5991016323191626,-0.7689865972269645,0.39201380978101236,abnormal
2024-01-01 00:00:16.200,-0.14825708511398775,1.1805096482755328,-1.1078085946481195,1.3968496064483218,1.1737158355010635,0.29853565401486537,abnormal
2024-01-01 00:00:16.210,0.687198109028354,0.5392657997456106,0.42019282708508887,0.9593215031194222,-0.01783818224253337,0.4632861513029955,abnormal
2024-01-01 00:00:16.220,-0.7807255332928756,1.2946251414501497,1.773136422589424,-2.2345298450257345,-0.6908748836354544,-0.3794758747907349,abnormal
2024-01-01 00:00:16.230,-0.20842417794913928,-0.6405357226404352,1.9771607432892186,-0.21034285189188237,-0.3166988274887922,0.4647984772179896,abnormal
2024-01-01 00:00:16.240,0.12159638101797096,0.07913087145530165,2.792203358626476,0.49459295286094573,1.5112873972641,-0.867784256560181,abnormal
2024-01-01 00:00:16.250,0.72743410158316,2.2768890494604874,3.391118777941546,1.0007042360206941,0.15324745802039919,0.5482477447985754,abnormal
2024-01-01 00:00:16.260,0.8443867543598282,0.20178266038782292,3.655577125253059,0.07897330937113481,-0.46166038199716763,0.1367121074046513,abnormal
2024-01-01 00:00:16.270,-2.5933164708672654,1.0152161255609957,4.14692783893139,-0.3756288807160784,1.3931844916981178,0.3181526724916334,abnormal
2024-01-01 00:00:16.280,-1.295143219551979,1.3315600218760555,4.337943991523277,0.16124713754210004,-0.01890812523873928,0.4282226959811194,abnormal
2024-01-01 00:00:16.290,1.6841214765351096,0.8008472064103219,4.93563319575105,0.14853085828948057,-0.37060465607962445,1.1154723348033393,abnormal
2024-01-01 00:00:16.300,0.6564187215843504,0.04359364421997327,6.268197488292301,0.4821135893007733,-0.5610506167751699,0.6130162238440781,abnormal
2024-01-01 00:00:16.310,-0.1650267455518389,-1.635931965275351,5.926893347677494,-0.08981478978951052,0.5695044428937494,-1.0338694233484509,abnormal
2024-01-01 00:00:16.320,0.80859779270854,-2.3314096703667393,6.342905213919072,-1.2060047050140101,0.07484414540292214,-0.185868535669197,abnormal
2024-01-01 00:00:16.330,0.728377668403965,-0.0905436469573025,7.55903657856754,-0.44262120006587996,0.22306609640918948,0.5921629837813482,abnormal
2024-01-01 00:00:16.340,-0.09589439485682957,-1.1709775371057936,6.395925042633442,-0.4470152531769494,0.5545707089601526,-0.1411212207710322,abnormal
2024-01-01 00:00:16.350,-0.7027814012122129,-0.34161800297206757,7.738929594482761,0.6851052669875357,2.51307839394662,-0.7404252274662178,abnormal
2024-01-01 00:00:16.360,0.9348003966146996,0.1815902691568006,7.357162979675863,1.3088117900184453,-0.7092489053951053,0.7019372730359672,abnormal
2024-01-01 00:00:16.370,1.0157768856655909,1.1261553987317678,6.9256965266364245,0.6938283140448329,1.299114226304609,-0.7751343832825298,abnormal
2024-01-01 00:00:16.380,0.6950566627322227,-1.9771796634981305,8.213886414757907,-0.2403144270406989,-0.21719619214886848,0.40401412740434106,abnormal
2024-01-01 00:00:16.390,-1.4390725038021424,-1.72958206469911,7.419895318824056,0.12130555077496519,0.2774058783487517,0.7484009987912332,abnormal
2024-01-01 00:00:16.400,-0.4578193562142132,-1.43671421503247,7.591452837601276,1.1656186492430238,-0.43912064770845566,1.2589120208676192,abnormal
2024-01-01 00:00:16.410,0.7946294446927225,1.9563825542263755,8.14182140374527,1.193301713788335,-0.607651780066642,-0.4544177121072458,abnormal
2024-01-01 00:00:16.420,-0.772672258157599,-0.12229869713840202,7.234975794446414,0.006514015093022636,0.4323456069969219,0.1644794213760949,abnormal
2024-01-01 00:00:16.430,0.12900738054298222,0.46372632251384954,8.823092320613684,0.3527340539724391,0.9994416154946525,-0.5277455175102731,abnormal
2024-01-01 00:00:16.440,-0.11091202409539741,-0.9893893981748796,9.248192347458252,-1.6210269831495556,-0.3339423412106393,0.4122371813049501,abnormal
2024-01-01 00:00:16.450,-0.2999506638669309,-0.718437706759213,7.852168753316394,-0.2215973081507288,0.38577612647273835,-0.734857880287269,abnormal
2024-01-01 00:00:16.460,-0.41994716211979005,-0.2483003943575939,8.375412545894086,0.7501831063563468,-1.3987612409533345,-0.18715326520459513,abnormal
2024-01-01 00:00:16.470,-0.38020563670736607,0.7446036416678578,8.397411467418728,0.379347805462441,-0.10521594722677408,-0.1350947861968055,abnormal
2024-01-01 00:00:16.480,-1.1955931819807768,-0.14276592564861995,7.870503900381749,0.5603861909390683,0.2929671721033448,-0.41143760690496706,abnormal
2024-01-01 00:00:16.490,-1.509574970755312,0.5115362349042007,7.973893635999943,0.7953002400888407,1.8421879556315055,0.1549904204411756,abnormal
2024-01-01 00:00:16.500,0.4914793312057091,0.8233870507317762,7.7960635976868256,-0.5855975659078878,-0.0126304537833064,0.8430111588904882,abnormal
2024-01-01 00:00:16.510,-1.3929036652828521,0.8443834489990377,7.943725326558265,0.02880090159785088,0.5984820074674927,-0.8751084945495194,abnormal
2024-01-01 00:00:16.520,-0.6033796249907357,-0.8929723225790956,7.085775753187789,-0.142432433037301,1.156201774898971,0.45551261831626444,abnormal
2024-01-01 00:00:16.530,1.2858263344361385,-0.7468010049548144,5.863846228567898,-0.020433265052107814,1.1472028062397983,0.614843519682291,abnormal
2024-01-01 00:00:16.540,0.8016005977631407,-0.4682925785603037,6.334633862928643,0.546356902088966,-1.2341187966962959,0.13051442833846466,abnormal
2024-01-01 00:00:16.550,-1.6632223987355381,0.5844772292512272,6.137527868067222,-0.8115292526748538,-1.3450528829438844,0.7578143494584566,abnormal
2024-01-01 00:00:16.560,-0.6032432339281469,0.39238469643480006,5.937829552950533,0.07574764132887049,-0.30423369168413994,0.3756275212324706,abnormal
2024-01-01 00:00:16.570,1.2028396727236979,0.5755167556845424,5.795902095655054,0.41254723430862755,1.576896709750264,-0.18537797761097924,abnormal
2024-01-01 00:00:16.580,0.9810159931389912,0.20035488956870298,4.974547625454073,-0.7614900112908264,-0.17374939222893357,0.8129527626695614,abnormal
2024-01-01 00:00:16.590,-0.2898072752764993,-0.2569725566421022,5.913786652060307,-0.7947178245568358,-1.6604971001789168,-0.0021826235915885597,abnormal
2024-01-01 00:00:16.600,-0.45702252426320145,-0.5691062289325481,4.151452295679245,1.1199289389897056,-0.09611335866302044,-0.8028043756733274,abnormal
2024-01-01 00:00:16.610,-0.6382440585072026,0.4204496413793193,4.327659051483205,0.3553663342505772,-1.2225388362476144,-0.49548863592794523,abnormal
2024-01-01 00:00:16.620,-0.2969098324889468,0.2561036398252563,2.519362715808229,0.6621876217448098,-0.17509918224506693,0.28464907312111215,abnormal
2024-01-01 00:00:16.630,2.086220258463442,-0.6657073206080397,4.335688187912748,-0.5185185427061398,-1.4826794046021732,0.679769751217464,abnormal
2024-01-01 00:00:16.640,-0.8641051325603847,-0.6949921967691789,1.7531326263355638,-0.5144419601861964,0.7636725062591495,0.5388830999115283,abnormal
2024-01-01 00:00:16.650,1.895762031706199,0.1789551730035637,2.995138126039152,0.2960099344735231,-0.2238394678984385,-0.1818598632170153,abnormal
2024-01-01 00:00:16.660,-2.5355051165973364,-0.9688007840544601,1.2094297592821701,0.3262448368543475,0.7327647803196837,-0.11855222082269606,abnormal
2024-01-01 00:00:16.670,-0.05765483089366323,-0.9178471920158204,1.3397721163627445,-1.1580623396906002,0.06639921550584857,-0.8892610536369926,abnormal
2024-01-01 00:00:16.680,1.4217203224934347,-1.7986022020794112,1.1068037372850865,0.7420200529089758,0.5842831368310772,-1.6077745644282115,abnormal
2024-01-01 00:00:16.690,0.2128892043806228,-0.37196607083090655,0.1312223705500632,1.457569234570012,0.8116907196983376,-0.2014831331780681,abnormal
2024-01-01 00:00:16.700,1.0085334084499753,-0.8692868035734529,1.2554846158154813,-0.2300873386957445,0.1295466151917153,1.0956290850068489,abnormal
2024-01-01 00:00:16.710,1.1252882975075087,0.8949112279445754,0.9170190724283946,-1.9473249645554889,0.11263798858230593,0.38083339804315475,abnormal
2024-01-01 00:00:16.720,1.4199436735636655,1.6139684747628842,1.8332738229959442,-1.3031853883515985,-0.4554819176791334,-0.4765322885829128,abnormal
2024-01-01 00:00:16.730,-0.07625336201268314,-0.13218353471146715,2.8159441663266795,-0.10856484120112765,0.3603052495161093,0.4446446777555132,abnormal
2024-01-01 00:00:16.740,-0.9328544795850054,-0.05856506640745098,3.116796962242023,0.5870903352870829,0.08478388664201429,-0.24539907096568356,abnormal
2024-01-01 00:00:16.750,0.8415763846372752,-0.7825574755010557,4.038846674946247,-0.0137448099934854,-1.396139619088358,0.13607884868000217,abnormal
2024-01-01 00:00:16.760,0.21027068067811688,-0.06672242651714166,3.1765338612371123,0.013856558543557666,-0.5634037050821552,0.993614103754415,abnormal
2024-01-01 00:00:16.770,-1.5006532572565952,-0.646378870514566,5.438953269260587,0.7904189893393181,-0.9431345337289787,-0.09671417733593099,abnormal
2024-01-01 00:00:16.780,-1.817685079776194,-0.10975663559401219,5.573893362209297,-0.33664426527116265,0.5272310140380959,-0.6566569326527867,abnormal
2024-01-01 00:00:16.790,-1.1873540905933009,1.371689060536876,5.435139408503855,-1.7587154568663173,-0.9327695886877684,-0.002039321578476241,abnormal
2024-01-01 00:00:16.800,-0.07813752807380284,-0.11738297912097376,6.620568887349183,-0.03404479621039209,-0.23438548669329912,-0.5831935063699583,abnormal
2024-01-01 00:00:16.810,-0.18991882821968292,-1.845947388312662,6.0065749174281216,0.6238827688485237,2.602371748025218,0.027050341032771662,abnormal
2024-01-01 00:00:16.820,-2.0302180562514582,-0.9854126985009991,6.0573423226659795,0.9542500925891201,-0.20771749049387978,1.3695722372089663,abnormal
2024-01-01 00:00:16.830,1.3050065996665843,-0.9390852328530406,6.534382042335443,-0.36108763410152894,1.235203923153196,-0.38821691061444813,abnormal
2024-01-01 00:00:16.840,-2.2651396487885984,0.2757963188879109,5.627913799762491,-0.6130956903903674,-0.11637802501169803,-0.3621737592395342,abnormal
2024-01-01 00:00:16.850,0.23033117907400383,0.8874705897598932,7.658817465572017,-0.2651570852856768,1.694308892326756,-0.06310747450131246,abnormal
2024-01-01 00:00:16.860,-1.7341109858984358,0.27199224260853494,8.242676801604187,-0.10098840953404671,0.898170813536516,-0.22458002211992495,abnormal
2024-01-01 00:00:16.870,0.9676013109898032,-1.683180053927301,8.039383077106802,-0.3699117100671091,1.3967484935470529,-0.3415780196683072,abnormal
2024-01-01 00:00:16.880,1.0080677412235393,-2.565640237836242,8.263917821955078,0.07287338691717635,-0.19339920644415837,-0.5835114440569362,abnormal
2024-01-01 00:00:16.890,1.138602871051106,-1.253424781684163,8.852163422667083,1.5673989917677604,0.33641580791003334,-0.3468545490252062,abnormal
2024-01-01 00:00:16.900,-0.5130604183179788,0.5400991579417134,8.787611116683248,0.8383294575811039,-0.1962006280209106,-0.7792364310437643,abnormal
2024-01-01 00:00:16.910,-0.4816523743221602,1.3639700879275134,8.321122381177211,-1.624879672272612,0.6203230006969586,0.10723633925436507,abnormal
2024-01-01 00:00:16.920,-1.40339152210774,0.7920133936477056,8.33714546263389,1.2967855241626303,-0.9535360571734378,-0.12199892875233388,abnormal
2024-01-01 00:00:16.930,1.806532173784536,-1.133422899726785,8.660474083824624,-0.08621365303139551,1.235791735637546,0.22254827703550442,abnormal
2024-01-01 00:00:16.940,-1.1118650127036946,1.2401272095015456,8.053221493240429,0.8814241940427361,0.09474138979239241,0.9499001499438344,abnormal
2024-01-01 00:00:16.950,0.14528526305418787,-0.10113867240369813,7.605858312308227,-0.09993374963148433,0.32833028212240517,1.0816497870953952,abnormal
2024-01-01 00:00:16.960,-2.1991072369514457,0.5637724563258061,8.288424722005907,-0.16108067451672445,0.32133338762112906,-0.09789310494938734,abnormal
2024-01-01 00:00:16.970,-1.3914215963036904,-0.6801656330430421,7.798653787792998,-0.33750558006519765,-0.747948618065655,0.039826108981004124,abnormal
2024-01-01 00:00:16.980,-0.9142781480553268,0.7400826672266455,8.000091687196713,0.643140624085891,-1.5399533221103583,-0.6298015596479892,abnormal
2024-01-01 00:00:16.990,-0.6988573395429863,0.4720693896375753,8.141463084328773,-0.5862146239746097,-0.6241778024647703,0.5136028978385341,abnormal
2024-01-01 00:00:17.000,1.0300741790515575,0.7270133392066266,9.135744304466202,-0.20467325054721988,-0.003786732098941039,0.5026411804410092,abnormal
2024-01-01 00:00:17.010,0.13046463115199952,-0.6518979577772973,7.122979326637777,-1.5689312175941874,-0.2751178805017929,-0.0008584057684439222,abnormal
2024-01-01 00:00:17.020,1.548029361764297,-0.44694731636771207,6.953033626454471,0.27366614418357754,-0.11276823870899706,-0.16378467664630825,abnormal
2024-01-01 00:00:17.030,-0.4903269692069263,-0.7170127675738072,6.944629438822052,-0.7267617578593755,0.0817554440623253,-0.006872286567675606,abnormal
2024-01-01 00:00:17.040,0.8991981492759445,1.3828701206783685,7.256514781899616,0.1868872669780261,0.11237023770681888,-0.28499412592235557,abnormal
2024-01-01 00:00:17.050,0.8162634888835719,1.6714781143565338,6.395042862677198,-0.5285432414265557,-0.24918219849031076,0.17643547978450003,abnormal
2024-01-01 00:00:17.060,0.20979966890595422,-0.13590934222488532,6.8007056917711,1.2327898323581046,-1.7029059851771449,-0.4273771268967686,abnormal
2024-01-01 00:00:17.070,0.21596110645624508,-0.8726131233013523,6.578132751896268,-0.22892582541382198,-0.44627524260168366,0.5313564914239769,abnormal
2024-01-01 00:00:17.080,-0.9629158240776915,0.6817835560362089,6.138865048845452,1.244232898025579,-0.2640644789772021,-0.8544709249821467,abnormal
2024-01-01 00:00:17.090,-1.2754849541408673,-0.2384557107355579,4.901724515329033,-0.781666616415331,1.128190118029611,0.1362563641080851,abnormal
2024-01-01 00:00:17.100,0.3979651227923841,-0.20022020965417875,5.3082444054429985,-0.08954130849274203,0.85582593324197,-0.4787758212205585,abnormal
2024-01-01 00:00:17.110,-2.1613659867152157,-0.37868022845704585,4.514453131207335,-1.029517239370111,0.24892897676674072,1.2235659851806184,abnormal
2024-01-01 00:00:17.120,-1.2717765431098993,0.3227495484569202,3.535961335386802,1.030925010455698,0.5564978672888434,-0.34812533581457117,abnormal
2024-01-01 00:00:17.130,-0.4529633238864601,0.8992646520969811,3.065448130780514,-0.6644923780281939,0.2335265812500467,-0.38294736004531776,abnormal
2024-01-01 00:00:17.140,-0.1749462761109237,-1.7661185296759427,3.886466192633172,0.06203218968859527,-1.0152363594103981,0.4752855096974897,abnormal
2024-01-01 00:00:17.150,0.13194801173820053,-0.5958298927893614,2.523038932814256,1.2228700713399472,-0.7468533427792584,0.19533590823608857,abnormal
2024-01-01 00:00:17.160,0.3364700959140236,1.0216744912145177,1.8232615859467867,-0.5798026014749585,-2.244481459957632,0.3352120944863442,abnormal
2024-01-01 00:00:17.170,2.2939353451065734,-1.384707929534849,0.544242888747282,2.113272135972543,1.9697828591307371,-0.7628162335548826,abnormal
2024-01-01 00:00:17.180,0.19402559613556042,1.823566427245739,0.6273210132770881,-0.8245275670504129,1.859361350955057,0.05057940809343529,abnormal
2024-01-01 00:00:17.190,-0.4508195874852956,0.14443281066501096,-0.33485329831383287,1.890744426724815,-0.7477384477662122,0.34785496888666706,abnormal
2024-01-01 00:00:17.200,2.503007208240189,0.6000937803826583,0.11134494002167031,-0.6428278444128299,0.5095914710385115,-0.04359021729006421,abnormal
2024-01-01 00:00:17.210,0.22882449339989752,0.26115722929957913,0.6418288931391545,0.36264837970464736,-0.35585646489181816,0.027837657443493126,abnormal
2024-01-01 00:00:17.220,0.005466709601387165,0.3800044821515158,1.0199710896449283,-0.41362875005538535,1.1360161716285608,0.11627347547391714,abnormal
2024-01-01 00:00:17.230,-1.7486583702441185,0.4772998880481588,1.8584107780661308,-1.1036866407707602,0.11145433273715044,-0.985740668883843,abnormal
2024-01-01 00:00:17.240,0.30072913069008206,0.29624849860513525,3.0079574019136457,1.90244135969269,0.19359926971718588,0.2789206102212033,abnormal
2024-01-01 00:00:17.250,0.3238830555273551,-0.7609823632847575,3.4118866382283124,0.09513910086832979,-0.8422382320588911,-0.21270313464420515,abnormal
2024-01-01 00:00:17.260,-0.6843571595777337,-1.6581026554839597,2.5948845855839315,0.043116104125101,-0.876250031847741,0.7597663571201084,abnormal
2024-01-01 00:00:17.270,-0.2844947593229579,-1.641512640900352,3.116360660420981,1.9598209554803665,0.029900248229010325,0.03336038452718041,abnormal
2024-01-01 00:00:17.280,1.085397872351508,-1.4994840762816606,4.9534843110714055,-0.7229507251889754,-1.4908950060722037,0.5431759022663886,abnormal
2024-01-01 00:00:17.290,-1.3427232240467815,1.3380550423404929,4.528633114030405,-1.5895266559246923,-0.9991481394346974,-1.4259857279838986,abnormal
2024-01-01 00:00:17.300,0.2990529208463644,-1.7102621592144405,4.307503466605423,0.629789053687456,-0.3078189799492878,0.5426721097627082,abnormal
2024-01-01 00:00:17.310,2.0965024606868097,-0.46177703049434493,5.050817160935243,1.3001828194576823,0.04428427604775456,0.5406508920410843,abnormal
2024-01-01 00:00:17.320,0.8397661010127399,0.474619628030616,5.980116886009661,-1.922816397621325,-0.22950409246093156,-0.11001649654705249,abnormal
2024-01-01 00:00:17.330,0.013150705195819259,-2.1111455240760595,7.034122206413306,0.9866023350381037,0.30062800344801677,0.41081242706774124,abnormal
2024-01-01 00:00:17.340,-0.6829505176240249,1.4090939540065845,6.829766333390445,0.3787446419819147,-0.9765908880064946,-0.770745439330229,abnormal
2024-01-01 00:00:17.350,1.1895176077658491,0.18581348315715937,7.893109135067472,-0.02557295365354572,-1.9401292475724683,-0.6230668310994818,abnormal
2024-01-01 00:00:17.360,0.03906999812146393,1.3918264490697172,7.594213212858321,0.6695237127184334,0.2826726115756595,-0.23186394738912938,abnormal
2024-01-01 00:00:17.370,0.4285338405698984,0.33730163958269127,9.014000496107654,-1.1479569836782395,-0.7846403376368373,0.46211863198801,abnormal
2024-01-01 00:00:17.380,0.7233512245682548,0.9135439658037418,7.766157911787278,0.0553683062475337,-1.4518138204809976,0.49883735814299357,abnormal
2024-01-01 00:00:17.390,0.8246046744978178,0.09938494632014404,9.61673124115301,-0.18947818430183755,0.8581827423250261,0.49869639913734815,abnormal
2024-01-01 00:00:17.400,1.7037149936073486,-2.1196157877674215,7.962370283068273,-0.02707525253345296,-0.5502677635805067,-0.3298739480020078,abnormal
2024-01-01 00:00:17.410,-0.37111065612173844,1.5777242781261618,8.360973563732452,-0.43287178057947284,-0.9509948852794969,-0.0945335236362376,abnormal
2024-01-01 00:00:17.420,0.7237308624748883,-1.2976542763611276,8.377290842212714,-0.710549032854893,0.32946475774850725,0.14075013226434313,abnormal
2024-01-01 00:00:17.430,-0.04538555084207497,0.6276143831332145,8.039111343052003,-0.8006741427766632,0.5906344315981938,0.2801249683220771,abnormal
2024-01-01 00:00:17.440,-0.6098693439726041,-0.4969946825339433,8.749290240785982,-0.953899430245321,-0.7258520954515668,-0.5404535350003308,abnormal
2024-01-01 00:00:17.450,0.4461626748257502,0.710309020925974,8.682561030085576,-0.5943611187794772,0.3313993067358364,-0.11982868274906136,abnormal
2024-01-01 00:00:17.460,-2.628649951360238,-0.21584665814993656,8.383024152789647,0.8576081312046498,-1.8151779242808332,0.384554417159552,abnormal
2024-01-01 00:00:17.470,-0.08562856553966966,2.1867205318644602,9.1600084320187,1.0833006924499136,0.6079443124523061,-0.03663023069164976,abnormal
2024-01-01 00:00:17.480,0.7407618432420687,-0.49170001748079645,7.249896140917236,1.5209377554377717,-0.6966911737809615,0.19946806329085065,abnormal
2024-01-01 00:00:17.490,-1.2396540794897335,-1.2747582390614645,8.983657283300667,-0.8993215295934708,-0.6589375263147897,-0.0694242215628167,abnormal
2024-01-01 00:00:17.500,-0.21425157108446516,1.3412585402781787,7.530971162439096,-0.777325947323957,-0.872069963113232,0.4300250418829392,abnormal
2024-01-01 00:00:17.510,-0.7843126286204296,0.1924508160149295,7.585007740491765,-1.4550207013951892,-0.6883860098998882,-0.1012379489038698,abnormal
2024-01-01 00:00:17.520,-0.3094087286083817,-1.3807217609040114,7.182842148599356,-0.8085678836648066,-0.21753334664082463,0.7158669973599252,abnormal
2024-01-01 00:00:17.530,-1.2874961255650992,-0.368481709073237,7.737805493941257,0.06204903286686465,-0.42531711433837616,0.4253702199156903,abnormal
2024-01-01 00:00:17.540,-1.7918707232804456,-0.0980108236310284,8.143250184176747,0.445060553265967,-0.09608485268123035,-0.14130898975351547,abnormal
2024-01-01 00:00:17.550,0.6333838071964838,-0.9192921463141467,5.383913611192476,0.7275325561267846,1.2200948900627129,0.20714614856871186,abnormal
2024-01-01 00:00:17.560,0.09255277181559796,-0.1470373183374536,6.249338379945219,0.04021853150091151,0.3635468028292632,0.49586934792036186,abnormal
2024-01-01 00:00:17.570,1.8387751842061884,0.888329498248526,5.824973919448244,1.922417397372883,-0.35199433715808737,-0.33170187159950615,abnormal
2024-01-01 00:00:17.580,-2.076897824405142,-1.2792744859114966,5.966989572079442,0.4475025196373755,-0.19408046156621164,-0.13015812871051277,abnormal
2024-01-01 00:00:17.590,0.34056315978923685,0.763250659912598,5.543141934181422,1.0050219628614794,1.4193468251400436,-0.1927808885050274,abnormal
2024-01-01 00:00:17.600,-1.050149255729362,0.8971830244635718,5.0774633119366825,0.6205017604387736,0.5327202205675641,1.2546908589517067,abnormal
2024-01-01 00:00:17.610,0.34930219091031306,1.2791369533442885,4.623077507809136,1.159509711435211,-0.29843418877977473,-0.5289663598099167,abnormal
2024-01-01 00:00:17.620,1.3335197750833194,-0.2590288359002046,4.439942157483324,-0.6642337830656215,0.3039240625334898,-0.3349200698442729,abnormal
2024-01-01 00:00:17.630,-1.0869683305319597,-0.17532583026474502,5.02162947947754,1.4931529019050698,-0.6950313873765448,-0.13431729837213574,abnormal
2024-01-01 00:00:17.640,-1.0154948047554335,-0.4172178846756523,2.5946142739122813,0.2267834194422222,-0.11757082147160387,-0.3765318947772364,abnormal
2024-01-01 00:00:17.650,-0.4533333917265814,1.5357747856735255,2.9869681673257737,-0.27148631678050017,-2.5139396291711793,0.6395870411389238,abnormal
2024-01-01 00:00:17.660,-1.270429668982228,-0.12227554260255613,0.8715462715034097,0.5151288895341826,-0.21467925621744885,-0.18012255160010326,abnormal
2024-01-01 00:00:17.670,1.1157780872644578,3.327600635372669,0.4817203774825318,0.8019040709246675,-0.3906891226196554,-0.2917450741160966,abnormal
2024-01-01 00:00:17.680,1.2079957856230374,0.9770379943205169,1.1953616912252356,-1.257872682601501,-0.8671412305164053,-0.531424296174427,abnormal
2024-01-01 00:00:17.690,0.9191954804818003,0.4717227006461324,1.7375163362709056,-0.9673547403643962,-1.3567402749681257,0.5808006546622667,abnormal
2024-01-01 00:00:17.700,0.5850641585863698,-0.6896182672489861,0.23880687153726762,-0.12909735695567395,0.5679792847209659,-0.14937481371839345,abnormal
2024-01-01 00:00:17.710,-0.3575443529684942,1.225604465645449,1.1908742025971817,-0.8001221064983857,1.1146096502152514,-1.1384144006411123,abnormal
2024-01-01 00:00:17.720,0.47683044143799713,-1.58061055581976,1.795300815856846,0.9104626883243556,0.08635090871032985,-0.007728731751031657,abnormal
2024-01-01 00:00:17.730,1.685362793592525,-1.0285059472316296,2.0460057509464336,-0.07313425408107879,0.13363880754438937,0.506568652373662,abnormal
2024-01-01 00:00:17.740,-2.46860195213481,2.0071479369681717,3.0642882453372113,0.5315165346339022,-3.000848588506885,0.2712723803271565,abnormal
2024-01-01 00:00:17.750,-1.7273723736861475,0.9266609915352171,2.593226630843055,-1.4637805713261098,-0.5856704404884122,-0.4278149694320586,abnormal
2024-01-01 00:00:17.760,1.3705259914332981,0.010040883921533161,2.757183536847397,-0.1859748766572071,-0.45880698784664903,-0.4965929753973764,abnormal
2024-01-01 00:00:17.770,0.2350216168125352,-0.17568957004114558,4.0696555324406,0.46244052688938725,-1.0861962229892992,0.6741152161028866,abnormal
2024-01-01 00:00:17.780,0.5339177536821669,1.5427357239027215,3.7498012819102957,-0.5832491509708585,-0.011471775507609212,0.07260100012491776,abnormal
2024-01-01 00:00:17.790,3.717951697410807,-0.00821006302527967,3.8468771885259088,1.2350099248871653,-0.06737098894167197,0.4973826760386197,abnormal
2024-01-01 00:00:17.800,-0.7638841426479882,0.192140057217113,5.4078956707882,1.0000304653140444,1.1547887968533077,-0.33279751295008575,abnormal
2024-01-01 00:00:17.810,0.1172590276988407,1.2512451702154717,5.2497441884620875,0.40661378843225093,-0.499702018519135,-0.6865741178969649,abnormal
2024-01-01 00:00:17.820,0.7128382504426684,-1.560676815159593,5.6340816592166165,-0.7513827570990401,0.4916739190263448,0.17270362595723113,abnormal
2024-01-01 00:00:17.830,-0.34682387618097016,1.2020610728545216,6.410414775028942,-0.5016145152058472,-1.5135894776940078,-0.27847312066666696,abnormal
2024-01-01 00:00:17.840,-2.2512772862063253,0.9903099143010377,5.0103320852640305,-0.6320451566090448,-1.2016160282435129,-0.9788361766864746,abnormal
2024-01-01 00:00:17.850,-0.8173031533234385,-0.7845728058932251,7.1666727571568165,-1.3197336014345364,0.6347204043954952,-0.498087414439898,abnormal
2024-01-01 00:00:17.860,-1.4185587193786866,0.1859661756497452,7.274130957013261,0.36456511298102207,2.6294673849227297,0.4980827177637784,abnormal
2024-01-01 00:00:17.870,-0.9474283950473821,0.3950538360184957,6.676104932569662,0.47329333713514243,-1.328766508382239,-0.5078501668632237,abnormal
2024-01-01 00:00:17.880,-1.9967919343833032,-2.4061220781464168,7.790358030118526,0.7673727510729751,1.5011851157038605,-0.42005332957125296,abnormal
2024-01-01 00:00:17.890,0.18111695904685202,1.5556434849488758,7.851498394033081,-0.26111227592325703,0.9297339423346717,0.7982141468635136,abnormal
2024-01-01 00:00:17.900,-0.34928115373145285,-0.533626294834561,8.250515988102531,0.35178421419613404,-1.1879237969917387,0.03543272818336966,abnormal
2024-01-01 00:00:17.910,0.8478885151144833,-1.7425251576413046,8.371013289803306,0.9905174955905865,-0.3450872497277107,0.85571670335314,abnormal
2024-01-01 00:00:17.920,0.2083615297355732,-2.347123973354533,9.470460967450244,-0.6019035162854888,-0.19666482707864028,-0.15149111681106983,abnormal
2024-01-01 00:00:17.930,-0.10518364633997476,1.0656856307699771,8.261454486961236,1.9118032440132378,0.2818518284311963,0.2527523016176092,abnormal
2024-01-01 00:00:17.940,1.3328073320795848,-1.18608871034936,9.16626601631237,0.10512160194030254,-0.5412321510826259,-0.11567648783671979,abnormal
2024-01-01 00:00:17.950,-0.588657540894843,-1.0211303725587333,8.003207971802055,-0.1175680133228125,0.02222720125736955,0.31896090121367304,abnormal
2024-01-01 00:00:17.960,-0.35905438943045914,1.704964038811441,9.178382204659544,1.4200650692775305,-0.369999996601049,0.40697712127279095,abnormal
2024-01-01 00:00:17.970,1.0392668296706518,3.5141772001370293,7.65321418771573,1.1712179134536422,0.06687545773808529,-0.1353130636472708,abnormal
2024-01-01 00:00:17.980,-0.3614117196871749,0.8336530616984131,8.56484415992544,0.9214082799925009,-0.16423873189993246,1.2906180078803795,abnormal
2024-01-01 00:00:17.990,1.659115460016819,-0.048373020962270405,7.714153484788872,-0.4278315598315371,1.1753253477128447,0.52257486362547,abnormal
2024-01-01 00:00:18.000,1.3681859599798831,-2.191915341296008,7.899999118099568,0.8478014484861711,-0.015139070071700692,-0.2552529825158597,abnormal
2024-01-01 00:00:18.010,-0.15467333674913875,0.6711102183729198,7.8766406224234835,1.1105911364043342,0.2719831597595615,0.13287832044894046,abnormal
2024-01-01 00:00:18.020,0.7736393444988782,1.0985433555695094,7.566687786225526,-0.6083454740037645,1.1803007182615965,0.5812694120488522,abnormal
2024-01-01 00:00:18.030,0.12975942978264135,-0.2852760659529751,8.453516008442344,-0.45311110549810885,1.280345290811744,-0.02738941842197363,abnormal
2024-01-01 00:00:18.040,1.248922977589686,-0.632021762473661,7.118895788533976,0.47359416485487027,0.1762230559916409,0.928584420361685,abnormal
2024-01-01 00:00:18.050,1.827392077502254,1.6078179705525744,6.372960393151981,-0.7057644636088948,0.9949910594346981,1.126474079543153,abnormal
2024-01-01 00:00:18.060,-1.6294208711654896,0.11246115533330162,6.490259222710616,1.386920676171726,0.9981437843773808,-0.8071758885464624,abnormal
2024-01-01 00:00:18.070,1.5096836038417418,1.6844354204510346,5.295401264663948,-0.35419505443182425,0.12833409480612085,-0.5275305529515317,abnormal
2024-01-01 00:00:18.080,-0.48616693508092074,0.5625468177509634,5.5815158411436006,0.04408770802527116,0.2540146186729981,-0.21728800889962685,abnormal
2024-01-01 00:00:18.090,0.19989111551180297,0.3135280464811527,6.08220968506684,-0.07440279394915061,-1.3764182550756123,0.6651066402976491,abnormal
2024-01-01 00:00:18.100,0.1272297383062919,-1.0584490469808452,5.71520125897213,-0.6154850325752408,-0.6725860688508747,0.5266439730225138,abnormal
2024-01-01 00:00:18.110,1.5351895577275827,-0.16516415724721714,5.050025347984754,-0.5589964137041136,0.4253842829290174,-0.849091100038214,abnormal
2024-01-01 00:00:18.120,0.05261437502906013,0.9636255690382061,3.8533689897707237,0.18507897204853072,-0.6840264297662175,0.1708029875294724,abnormal
2024-01-01 00:00:18.130,1.5927214897401425,-0.2947133483937517,3.3644544467825193,-0.9243861307772046,-0.5377801744761133,0.4035639803975506,abnormal
2024-01-01 00:00:18.140,-1.3313837505912922,-1.3475836263905832,2.4181539914142745,0.054882793096596674,0.30417077142534826,-0.2983455046431298,abnormal
2024-01-01 00:00:18.150,1.0548471049769717,0.6205981109789359,3.203179976673085,-1.4942962633268202,0.38977906302219134,0.036913265718497,abnormal
2024-01-01 00:00:18.160,-3.289017885475699,-1.7360195638729854,2.4007943522550668,1.1959854901237192,1.072977503176634,0.4360845439478683,abnormal
2024-01-01 00:00:18.170,0.1358272058415511,-1.7544722551272958,1.8495493983654911,0.2683057003448954,1.938587757553265,-0.10384993210994976,abnormal
2024-01-01 00:00:18.180,2.457954683064158,-0.45492422082601036,1.849008105309466,-0.03199879444284828,-0.27204615262951504,-0.2008824297769043,abnormal
2024-01-01 00:00:18.190,0.7880780908918988,-1.4872168238749166,0.5383865192115265,-0.3467157296936474,-1.5851940384114978,-0.4622154613040254,abnormal
2024-01-01 00:00:18.200,-0.6300096250052163,0.599019966165977,-0.10600468392674028,-0.9750511564868336,0.2377338676702892,-0.16594773499613102,abnormal
2024-01-01 00:00:18.210,-1.2847380407081619,-0.23941768159560084,0.016472124562420226,0.6082022264548612,-0.4514400245634868,0.3607935170563821,abnormal
2024-01-01 00:00:18.220,-0.9236456273549563,2.7619426438784935,-0.6960630029870595,-0.3362899433497917,1.3141016961052179,0.22327279773343608,abnormal
2024-01-01 00:00:18.230,-0.18707496967430498,-1.561024104699739,1.9191971572133246,1.297315489855706,-1.6181957753758704,-0.215874728768826,abnormal
2024-01-01 00:00:18.240,0.9878621579229261,-1.8770972381157653,1.730746127904223,0.4295488630652939,0.6394932565799027,-0.1454065367176801,abnormal
2024-01-01 00:00:18.250,0.08116466519961756,0.5501452620390742,1.9481793510406364,-0.18051150178985198,0.9234799472965098,-0.19930291967345856,abnormal
2024-01-01 00:00:18.260,0.024008141435806336,0.9465532912412716,2.5059467572006793,0.3869794820617147,-1.3314937625262255,0.11379074671818976,abnormal
2024-01-01 00:00:18.270,-0.8367543590051584,-0.9062733040043649,3.189866935115892,0.8163714255145745,1.1667733803472198,-0.2835434154063472,abnormal
2024-01-01 00:00:18.280,-2.165991785834976,0.29349593169269456,4.418322788542005,0.29770757335713016,-1.4427349702713907,-0.3038116370517326,abnormal
2024-01-01 00:00:18.290,1.4256536116957357,1.3603263078271832,5.451511074468755,-1.524611556699355,0.8095570368505155,1.0082060903817975,abnormal
2024-01-01 00:00:18.300,-0.296209263649846,0.3106716919660267,5.196677199947414,0.5404766662030374,-0.2978939641673537,0.49953445866007357,abnormal
2024-01-01 00:00:18.310,0.16241882143517783,-0.9934007185116023,5.035083310884415,-0.9444371812047867,-1.0120051613931933,-0.21312950493161933,abnormal
2024-01-01 00:00:18.320,0.4174014103852502,-0.4292028104012144,6.03871868651636,-0.4355245749250695,-0.8907881770047077,1.0796050650373163,abnormal
2024-01-01 00:00:18.330,0.4059531185448671,0.542892765813357,6.379639414649244,0.03407905478760399,0.8078538054070863,0.113159090721706,abnormal
2024-01-01 00:00:18.340,0.4847221098869217,2.4350886709933737,6.197362693029145,0.3518398586055964,-0.15921352160627414,0.2950838374532994,abnormal
2024-01-01 00:00:18.350,1.1997744179086072,1.0371545720056077,6.571003587422797,-0.5222671895597887,1.1903179510257342,-0.11737823517392146,abnormal
2024-01-01 00:00:18.360,0.2246382347997033,2.3005473810019863,7.015014064681636,0.36787354229168856,-0.09875346299736455,0.6038021269512989,abnormal
2024-01-01 00:00:18.370,-0.0159770481318017,-1.2386817056711168,6.997600847093955,-0.709124343043949,-0.09303964445063234,-0.5232695084099265,abnormal
2024-01-01 00:00:18.380,-0.0648745661914213,-0.2951053638884488,6.778464713142667,-1.1114753104382225,-2.0791864853455873,0.0862775201401349,abnormal
2024-01-01 00:00:18.390,3.4033849925948423,-1.0887935745779358,8.065864206842726,-1.931288142303635,-0.013670553539153578,-0.007624838328394079,abnormal
2024-01-01 00:00:18.400,0.10968210381996708,0.0851696224077375,8.534378706210264,-0.02908564960644314,0.16602977836404378,0.0661636785476725,abnormal
2024-01-01 00:00:18.410,-1.0373880844290029,-0.25951274396339824,7.902443185238148,0.6021295660197803,0.13645694275058234,0.10931904136480741,abnormal
2024-01-01 00:00:18.420,1.1456592278880227,-1.1063299061319707,8.265592873101102,-0.17796859953100122,0.2707940282763955,0.24033417182218922,abnormal
2024-01-01 00:00:18.430,-1.2870343222579697,0.28687731513371534,9.174463667978214,0.318892775813493,-1.3562177996365383,-0.056945918042173624,abnormal
2024-01-01 00:00:18.440,-1.6129974981398543,1.9138293069999786,8.126966875329257,-0.3035388036608055,-1.1748353240854459,-0.43168257231914453,abnormal
2024-01-01 00:00:18.450,-0.7324439831946309,0.32213866976843814,8.383051354889226,-0.985733930651241,-0.6696107248444111,-1.408805417484168,abnormal
2024-01-01 00:00:18.460,0.3118157142226278,0.2270009984771877,8.93188807906595,-0.14075400151497833,-0.7041385880109859,-0.5494995041703383,abnormal
2024-01-01 00:00:18.470,1.0167016752529938,0.20772865280148853,8.042369369087428,0.5604831832526458,-1.0173863668670742,0.9323815618329785,abnormal
2024-01-01 00:00:18.480,-1.9347742996715236,0.19374728849866266,8.255664863843727,0.7328115921073923,0.26072498509384545,-0.11554372726965305,abnormal
2024-01-01 00:00:18.490,-0.6011362522706412,-1.0018463363932344,7.429781165957692,0.5335754458966985,-1.5767151379926834,-0.23746284064637502,abnormal
2024-01-01 00:00:18.500,-1.093106791601825,-0.3511550003754295,7.598050211525692,0.016630558778612036,-1.1586520786319947,0.73896642066534,abnormal
2024-01-01 00:00:18.510,-1.3139290718872987,1.8854929368893185,7.64347770690943,0.03766175577716515,-1.032364901883602,-1.338000152203979,abnormal
2024-01-01 00:00:18.520,-0.0832095580213119,-0.8777606019877606,9.168023925269694,-0.08686309513286553,-0.7669959544368884,-0.46448427583423874,abnormal
2024-01-01 00:00:18.530,0.9941713996458751,0.15900850428892646,7.997074302485915,1.122213053202469,-0.5548914614751111,-0.03739141418492281,abnormal
2024-01-01 00:00:18.540,-1.0886250067140748,0.825854351592954,7.293457801773839,0.6971525560894793,-1.6485890439997175,-1.1720000303099385,abnormal
2024-01-01 00:00:18.550,0.8878892304635402,1.9197589160819997,6.635515733543634,-0.4938662506361904,0.6309334988005616,-0.09075948601611526,abnormal
2024-01-01 00:00:18.560,1.576369513620823,2.184307357108292,6.4269842231157375,-0.8972126204806784,0.11392255847385463,0.4867966769626836,abnormal
2024-01-01 00:00:18.570,-0.6942123974953426,0.25956172227444946,6.356516583075015,-0.9064914276796107,-0.4095958752343645,-0.46574881274261437,abnormal
2024-01-01 00:00:18.580,-0.1191095925730784,1.7395640048322998,5.75253573594779,-0.6002449090715278,-0.8598473505366757,0.039594101559573304,abnormal
2024-01-01 00:00:18.590,-2.317669782501967,-0.9002200133959002,6.19794064128483,0.038666827400633104,0.9791147841417835,-0.45860231622858266,abnormal
2024-01-01 00:00:18.600,1.5897962686394873,-2.2838622035445724,5.612360216353695,0.03227078090861608,0.27554045232610846,0.20437215523158758,abnormal
2024-01-01 00:00:18.610,-0.5691248579798098,-1.4572900364054324,5.643048903150968,0.4551516598296853,0.7000178321981273,-0.24113045349665965,abnormal
2024-01-01 00:00:18.620,-0.3131083464961692,0.0029976399862207217,5.491454716269651,-1.7577524952648942,-0.2653020652065844,0.33412010696998684,abnormal
2024-01-01 00:00:18.630,0.3796764149812904,0.4047870304280591,4.032919621424248,-0.5249658819348816,-0.6137584289075871,-0.032946034259626465,abnormal
2024-01-01 00:00:18.640,0.4965981681635937,-1.9190272473852263,2.54879634953731,-1.3894331763684296,-0.5918559362581044,-0.2795301956148415,abnormal
2024-01-01 00:00:18.650,0.1304753087675005,-0.7438614145860974,3.0533811826024655,-0.2983684426651994,1.0085731400946099,-0.00466663616642159,abnormal
2024-01-01 00:00:18.660,1.2883577936346433,-1.4059473151254451,2.9685171899135687,-1.4829702377780587,0.11018836638941261,-0.041323546938738846,abnormal
2024-01-01 00:00:18.670,0.18159407199774638,0.932633399045921,2.0351684598447086,0.02882021948626739,-0.5288717422141139,0.39822693422176064,abnormal
2024-01-01 00:00:18.680,0.5990858695232393,1.325509772389424,1.4847611492389456,-0.8591159313553892,-0.8380213173360972,-0.07494609436625403,abnormal
2024-01-01 00:00:18.690,-0.962163674183303,-0.6837172721971302,2.526048813422407,0.5561368208276082,-0.2647147709297095,0.7173699616501636,abnormal
2024-01-01 00:00:18.700,-1.4286098135229093,1.6156333938783367,-0.21029544969573555,-0.17570246761432726,-0.5380809123730561,0.8165838474559673,abnormal
2024-01-01 00:00:18.710,1.4886416023831612,0.5576531428564702,0.693904096704434,-0.4189493400657475,-0.5043436108043294,-0.17111333432524137,abnormal
2024-01-01 00:00:18.720,1.751802187802227,-0.19017491767932693,0.5998401600310164,-0.5853745269063858,-0.01992707879684305,0.8448824917801245,abnormal
2024-01-01 00:00:18.730,3.329677325510217,1.0646376712789274,0.8663588604602296,0.05407017995492721,0.014354755289832903,-0.3307564963399158,abnormal
2024-01-01 00:00:18.740,-0.8519278090912774,0.056233470507530296,0.5242824086342226,0.4182333186169953,-0.13068141374802486,0.7800113455861746,abnormal
2024-01-01 00:00:18.750,0.5615394657803318,-1.006144363278771,2.069902016128893,0.6421981648388984,-0.7409683671215364,-0.38894405753896205,abnormal
2024-01-01 00:00:18.760,0.020711462657800973,-0.7322012302273971,3.2865796583703144,-0.30366332546149133,1.882917861420966,-0.3334748195236479,abnormal
2024-01-01 00:00:18.770,0.7736459951928042,-1.138705067753925,2.513541216174998,1.2875852507536587,-0.6767482810950257,-0.8478801270746812,abnormal
2024-01-01 00:00:18.780,0.8761505761356109,-1.033108510076647,3.314138908326872,-1.376134881646703,-1.1509253519520246,-0.38549792517017123,abnormal
2024-01-01 00:00:18.790,0.6910481862329304,0.2409319630826558,4.528349814675911,-0.5180268077860423,-1.08954725619447,-0.4998108949760322,abnormal
2024-01-01 00:00:18.800,0.2529235490421297,-1.228395007766652,3.1410171205917616,0.19719915218364648,-0.706580108165047,-0.5863148958244868,abnormal
2024-01-01 00:00:18.810,-1.0385611312770746,0.5201406698392781,4.842595576030051,-0.5109817177457621,0.24938797266210358,0.3795540396956507,abnormal
2024-01-01 00:00:18.820,0.3300712634286835,0.15005484973094654,5.7296145995484595,-0.5124761612249452,-0.26825830294083075,-0.9930880867046815,abnormal
2024-01-01 00:00:18.830,-0.35126356577916745,1.193211648362426,6.2862130782794114,0.543188019295427,-0.34590112167246895,0.38871197354416326,abnormal
2024-01-01 00:00:18.840,1.5907733410704352,-0.4593095936924393,6.669138154882885,-1.0543202267596754,0.19860588092412743,0.35249040606091914,abnormal
2024-01-01 00:00:18.850,0.5775275583493816,-0.4817517500402194,6.430542867689916,-0.011300573851185217,-0.8361168835818414,0.4978304639702434,abnormal
2024-01-01 00:00:18.860,-1.7207762246249187,-1.9964507656923078,6.820873848721264,-0.3408836490762719,-0.04326210893818789,-0.07171132034242135,abnormal
2024-01-01 00:00:18.870,-1.547153322863628,-1.7395617867728455,7.764776165794848,1.9951679200090184,-0.252790159845383,-0.7130465414768709,abnormal
2024-01-01 00:00:18.880,3.0096361293833827,1.418779228266562,8.646246307897107,-0.6354700274898368,1.0313673645619736,0.9106322768215052,abnormal
2024-01-01 00:00:18.890,-0.9524843082866978,0.6563814646382942,8.517069885797484,-0.29334568971841846,0.19623764447844486,-0.9231012804173125,abnormal
2024-01-01 00:00:18.900,-1.5840266152006588,0.56856864446499,7.776537026360715,-0.27656711585525773,-0.1601933018594603,-0.14163473817109826,abnormal
2024-01-01 00:00:18.910,0.038588289965939764,-1.8033243904438854,8.562926728454386,-0.4396402606463556,-0.688899315710111,-0.654506329443842,abnormal
2024-01-01 00:00:18.920,-0.5127083068600189,0.09579993832613352,8.107394958218364,-0.1889153107712677,0.5524048218805813,-0.8141983625287796,abnormal
2024-01-01 00:00:18.930,-0.2881349991725732,-0.952900318584261,8.311521750769238,-0.5569038092776161,0.28485909548026705,0.6783843255199365,abnormal
2024-01-01 00:00:18.940,-0.7269818895988145,-0.6868949018033182,8.656185070083065,-2.7004501704466994,-0.835492453731314,-0.36036328004250695,abnormal
2024-01-01 00:00:18.950,0.4692356791648248,-0.25943675894791557,8.286619429193628,0.05988276645378533,-0.8968820076860363,0.2796920399660258,abnormal
2024-01-01 00:00:18.960,-0.3188222185473776,0.7361358440475808,7.972028617156877,-0.15867866572626788,0.6525067841029104,0.5460434360458365,abnormal
2024-01-01 00:00:18.970,-0.03286615347615073,1.714520001330429,6.728204406718602,0.8323953631936196,1.6893926772870909,-1.009761495525807,abnormal
2024-01-01 00:00:18.980,-1.520132249500764,-1.327928165603926,8.626708478757465,-0.015725948964098176,-0.23384537258905422,-0.012181767256446619,abnormal
2024-01-01 00:00:18.990,0.5131906111004244,1.6562550061780583,8.709508084772626,-0.8276017262596347,0.47796522769450417,0.16444524639527786,abnormal
2024-01-01 00:00:19.000,0.9702807507972467,-0.33217907012967063,8.214103825960128,0.5820574905103866,0.31133103062710926,-0.3465318367051547,abnormal
2024-01-01 00:00:19.010,-1.9358308835339189,-0.6545845214857128,9.618064309543119,0.26377433449417387,-1.2870509490605428,-0.3773485797025468,abnormal
2024-01-01 00:00:19.020,-2.3846606675422666,0.915849859672557,8.189732715186901,0.18343703400530145,0.13923287635564727,-0.22268805263870012,abnormal
2024-01-01 00:00:19.030,-0.5708772407415924,0.5565518327047492,8.334920676114953,-0.4716872756444996,-0.7960778750970281,0.0028588303724836612,abnormal
2024-01-01 00:00:19.040,1.9205582129755936,1.3379744855497762,8.26655594232638,0.29160528859947654,-0.03835930948061463,0.22351156165072344,abnormal
2024-01-01 00:00:19.050,1.1244364588632725,-1.041228741777151,7.656151609638356,-1.0069455280488182,-0.24262959512170554,0.25465116869335636,abnormal
2024-01-01 00:00:19.060,1.7628446634675232,-1.4440944941862075,6.6933005996016615,0.7102131794348027,-0.3485808604322147,-0.12427618883457166,abnormal
2024-01-01 00:00:19.070,-0.42675341774208664,-0.05781753294704796,6.863051983969218,-0.697070951956388,0.5006863674414549,0.1981101176453841,abnormal
2024-01-01 00:00:19.080,-1.2256848778976952,1.1855170436878808,6.059805184745016,-0.47203438474193965,-0.749058330779103,0.21893993508245607,abnormal
2024-01-01 00:00:19.090,0.9381571061899577,1.2286716951421548,6.652393764320198,-0.5495407526742472,0.4683593861053626,-0.12009285830794622,abnormal
2024-01-01 00:00:19.100,1.2814497392569513,-0.23550842977243536,5.647515285357021,-0.7515443815813773,-1.0666690920769792,0.9536230275794837,abnormal
2024-01-01 00:00:19.110,-1.0838062070756151,0.21786388874376844,6.226547639476307,-0.416206023751752,0.6904050089218079,-0.37061654728750354,abnormal
2024-01-01 00:00:19.120,3.7958708052366705,-0.7643468431514249,6.871552720424628,-0.9134394172905661,0.6763128526308694,-0.5278018116535463,abnormal
2024-01-01 00:00:19.130,0.8085816423883528,-0.8600346355114298,5.517274722783934,0.8806366048235389,-1.6362138373253285,-0.5861460885090221,abnormal
2024-01-01 00:00:19.140,0.12378108943053467,-0.5378076521852687,3.3748005921641675,-0.8147383320640832,-1.7157540323628455,-0.019368999566389766,abnormal
2024-01-01 00:00:19.150,1.2653449580851936,0.6381167297619814,3.9061154641350044,-0.8146032852791,0.8344844497410141,0.13517118205947132,abnormal
2024-01-01 00:00:19.160,0.0772115140656616,-0.5514500377950425,3.623926917969611,0.10167272842677358,-0.41597998102048644,-0.3984157770411351,abnormal
2024-01-01 00:00:19.170,-0.02303401198130707,-0.13251283664178212,3.2167880833397158,-1.1018488301390965,-0.3846095385775716,-0.19132186502061302,abnormal
2024-01-01 00:00:19.180,2.4793949557402755,1.6976292943733498,1.6380125101137968,0.40882469570809293,0.9723990613424929,0.1701652542956727,abnormal
2024-01-01 00:00:19.190,1.1685917481361903,0.4548768906528623,1.3249947757968528,0.1798885072484526,-0.6027511055923948,0.03781245738038122,abnormal
2024-01-01 00:00:19.200,1.084343176511646,0.9975166266214788,1.1786887740459597,0.5797369117655076,-0.9391044793888628,0.28069115635888603,abnormal
2024-01-01 00:00:19.210,0.40895721774411775,2.8263584737508345,0.409426608734615,-0.6455211064078819,-0.9179857281882209,0.35086971101478504,abnormal
2024-01-01 00:00:19.220,-0.1775923529386182,-0.32198866096420914,0.1421602687244892,0.31661770418566576,0.697872023642451,0.6122233694471871,abnormal
2024-01-01 00:00:19.230,-0.07299371592373201,-1.3294896036718244,1.075322356367668,-1.1799516740910165,1.303939973750393,0.3807134282711948,abnormal
2024-01-01 00:00:19.240,1.0224658114951928,1.6648522273593638,1.7741708531263556,-0.5900274755641985,0.16181156748717615,-0.39758921650668516,abnormal
2024-01-01 00:00:19.250,3.3256372047554033,-0.012181621408050581,2.4358602494504744,-1.7919827134369009,-1.288423617142755,0.5552935822852276,abnormal
2024-01-01 00:00:19.260,-0.7420694622912547,-1.3676092256963355,1.557025292441256,-0.04418053028172645,-0.6471120586696939,-0.0009423530672455107,abnormal
2024-01-01 00:00:19.270,0.37051225929980225,-0.38410134785024813,2.73322548891891,-0.18809174058568398,1.745820895521313,-0.8404134404995136,abnormal
2024-01-01 00:00:19.280,1.3490242558632957,-0.8786990381683174,2.267125529865936,-0.9447838803478815,-1.258890496461679,0.9513484574440777,abnormal
2024-01-01 00:00:19.290,-2.36866968024321,-2.0947669716060937,2.5655484536824793,0.5570684655706358,0.7385507355980139,-0.20955460086778238,abnormal
2024-01-01 00:00:19.300,0.5904950901113805,-0.7307564126288258,4.899481095684822,-0.2648475976800687,0.5680165638965846,-0.9499153894276837,abnormal
2024-01-01 00:00:19.310,-0.7558019494787501,0.24199127007414714,5.6110128395733065,-0.13966613391228164,-0.24219462690396593,0.10837615153503972,abnormal
2024-01-01 00:00:19.320,0.738216008398118,0.8561501433003882,4.738838203846381,0.5314883231424758,0.4613866860158802,0.7239092852412031,abnormal
2024-01-01 00:00:19.330,1.100150168094901,-0.9337266238349112,4.929912324995939,0.7181191613833243,-0.49657646141871764,-0.46184936875335364,abnormal
2024-01-01 00:00:19.340,2.0498140760860992,0.1745509035684509,5.844718227423485,-1.347774147398251,-0.7778294609034012,0.20531644591775028,abnormal
2024-01-01 00:00:19.350,0.30106233169793234,-1.852763581876271,6.816879286771379,0.2524993131608738,1.815066352593887,0.19303985084666359,abnormal
2024-01-01 00:00:19.360,1.8970137642475073,-1.2495615124635855,6.107430182910486,-0.25435702362053353,0.8479415329630757,0.018513602051961484,abnormal
2024-01-01 00:00:19.370,0.017456453295988283,2.0170856378663595,6.556458790323284,1.0341800738190614,0.17314524745317408,-1.0039060936358448,abnormal
2024-01-01 00:00:19.380,0.5687648997678751,0.9547887495137934,6.987481274248646,-2.009402350437014,0.640579588107381,-0.24295042435812716,abnormal
2024-01-01 00:00:19.390,0.5701731105264475,1.4305942360087898,7.590901182845518,0.8420462456983436,0.3019756030170175,-1.5302541976586768,abnormal
2024-01-01 00:00:19.400,0.33730856745115206,0.9462178839130448,7.539295792818754,-1.1013928056816327,-0.4937747836093083,0.27143128655988635,abnormal
2024-01-01 00:00:19.410,-1.8082235367955832,-1.5924324824821485,8.268302894045432,-0.7778036681542801,-0.607225132900163,-0.8568780393526144,abnormal
2024-01-01 00:00:19.420,0.3102137773729126,-0.7543802150985998,7.20739237565154,0.4861563188391912,1.3776737738319385,-0.5923084498135304,abnormal
2024-01-01 00:00:19.430,-0.6953988068050464,-0.9746110953302447,7.787555419638305,-0.7489589927343991,-2.1947295240537703,-0.316229575084909,abnormal
2024-01-01 00:00:19.440,0.12057575198804574,2.108825641026417,7.749400379894537,-1.1345453810506385,0.7248697806736049,-0.30010555747788786,abnormal
2024-01-01 00:00:19.450,0.7964491392559375,-0.5185848630678144,8.595012882548755,2.405329246346196,0.33001917866668856,-0.33608177040483944,abnormal
2024-01-01 00:00:19.460,1.4193219738363707,0.7618281159179076,8.64158667612817,0.6608979781461141,-0.32264672173476516,0.6382573086812019,abnormal
2024-01-01 00:00:19.470,0.8541135446672178,0.6030610984410464,9.108475891133681,0.33533882945305643,-0.38118246175169757,-0.6955979682501254,abnormal
2024-01-01 00:00:19.480,2.0046769326242955,-0.9147362948830515,7.915253623779135,0.11059490593252481,-0.09742031236596221,-0.0868620397791163,abnormal
2024-01-01 00:00:19.490,-1.0940095407302257,-1.188943121264175,8.21246641686327,0.4847116987772659,0.4671593966536734,0.08871270847038902,abnormal
2024-01-01 00:00:19.500,0.36907599968151167,-0.48249715421057804,8.370549890354935,-0.15484281896640456,0.5632568751886158,0.08236855896641089,abnormal
2024-01-01 00:00:19.510,0.6135128084703959,-0.7740429462068168,8.793230919425893,0.7844297219574153,0.5677954534662744,0.35120683986750667,abnormal
2024-01-01 00:00:19.520,0.4059493615899487,-0.9750217364277161,7.421201604418934,-1.0444091362775583,-1.0961189731521668,0.3440000329700001,abnormal
2024-01-01 00:00:19.530,0.48292067915532894,0.6422249282190716,8.087213020507669,-0.9484234812425193,0.7388385502452448,0.18595161112927702,abnormal
2024-01-01 00:00:19.540,-0.014700638448275453,-0.31601411174743643,7.3582490404102705,-0.01246565467152923,-0.9326283872311691,-0.32984011200066227,abnormal
2024-01-01 00:00:19.550,-0.4665423052747715,-0.6383191055834637,7.651739085055228,-0.47688881546167666,0.015856426961084844,-0.5625947795992573,abnormal
2024-01-01 00:00:19.560,-1.4877567942030776,1.6525982836382611,7.210798558057687,0.1847818874661852,0.3627675038149891,-0.1816029506456024,abnormal
2024-01-01 00:00:19.570,-0.3396923839255668,-1.191849482116847,6.941620990514662,-0.6315370066296333,0.6020965259629968,0.07266369933638349,abnormal
2024-01-01 00:00:19.580,1.5836662622751219,2.2215931223910776,7.0389135286490045,0.867260507464481,0.08002512261013472,0.512554518181057,abnormal
2024-01-01 00:00:19.590,-0.6481476670250024,-0.41209289398756854,6.530128477345342,0.24235082121613424,-0.055903869885394725,1.3930495637725546,abnormal
2024-01-01 00:00:19.600,0.37915289460943447,1.8986317821766927,6.320338891538999,0.23917848648416912,-0.6754541244200901,0.058337433187881996,abnormal
2024-01-01 00:00:19.610,-0.5137116059220935,1.0173803210743544,5.6291756577341205,-0.2711127578822239,-0.5114424012796173,-0.48628574801433144,abnormal
2024-01-01 00:00:19.620,-1.0894218576249806,-1.1160552552959304,5.329530714410765,0.7205621162421272,-0.3925046964718432,0.19764320756451367,abnormal
2024-01-01 00:00:19.630,0.4757260913241963,0.5818851327610117,5.971344393746129,-0.7424623892206882,0.43154434702523,0.5349232639582137,abnormal
2024-01-01 00:00:19.640,-0.15932093395841768,-0.21151545028171076,3.9650826398973655,-1.2541787038916368,1.0544286952005162,-0.1157043905861562,abnormal
2024-01-01 00:00:19.650,1.4170260818603593,3.6484889959474955,4.685903258829818,-1.9435623557645858,-0.45161934590618324,0.7899231845062649,abnormal
2024-01-01 00:00:19.660,-0.5272343234848488,2.0465179823649673,2.530631475546315,0.28713635320433906,0.09895527542718223,0.5193782958118861,abnormal
2024-01-01 00:00:19.670,0.864266843416788,-0.20202710127287246,2.606072799722133,-0.6899225344658009,-0.3939002912605105,0.37779296345766766,abnormal
2024-01-01 00:00:19.680,-0.9450852469216493,-1.9517009571629271,1.7999214040323122,0.28781613005446494,0.935412802710153,0.19225805489801967,abnormal
2024-01-01 00:00:19.690,1.272345250239672,-0.26757309874751306,2.330762378672955,0.949588402430773,2.549524988846711,0.19244806854510377,abnormal
2024-01-01 00:00:19.700,-0.5419481946112983,-1.888338339148558,1.6770459281575527,0.556411606510999,1.0064430973253968,0.2720801146171726,abnormal
2024-01-01 00:00:19.710,0.5349471561694942,-2.278630303901514,-0.2145779296214655,-0.688098054803218,-0.07479692292382706,-0.63701304161509,abnormal
2024-01-01 00:00:19.720,0.8276544356360828,0.2946180831486738,0.4175653450318828,0.6648275923149788,-0.043985964869427234,0.4245387768374768,abnormal
2024-01-01 00:00:19.730,-0.04994733633258414,2.447337032652979,0.5394187815174195,0.39691344607953566,-0.30118847138443455,0.5678650124054023,abnormal
2024-01-01 00:00:19.740,-0.6163003324046281,-2.916793185666387,0.751122888938199,-0.2885896679122262,0.12732073181021658,0.1828830647637033,abnormal
2024-01-01 00:00:19.750,0.008547161147275568,-1.2872932412095384,0.9861464327703262,1.0506716441811819,1.0054048448005015,-0.20203662642591852,abnormal
2024-01-01 00:00:19.760,1.550881353066264,-1.447100689364558,1.8469801287647167,0.10111997284280289,1.4394001903410807,0.9673347990670822,abnormal
2024-01-01 00:00:19.770,0.5548929831910037,-0.3188778094403525,2.1011987606471587,0.2834838638110876,-0.25121990506131164,-0.509624028894533,abnormal
2024-01-01 00:00:19.780,1.7993922908310507,0.07902209364487489,3.3757618267664586,0.04545748128463572,0.6349579226678504,0.03819514327432207,abnormal
2024-01-01 00:00:19.790,-0.0019151109303512956,1.9809478347418041,3.594057822263724,0.023899753445960712,-0.024710115822757832,0.5632391588006392,abnormal
2024-01-01 00:00:19.800,-0.1473944850966962,1.1989803060629523,2.9266176685627996,-0.3024472383688498,-1.357361427273708,-0.40468834340262855,abnormal
2024-01-01 00:00:19.810,1.093256386149518,-2.1696456634891303,4.364238011212753,-0.49382405064411006,-0.43103533515426484,0.3859967429127246,abnormal
2024-01-01 00:00:19.820,-0.1606892752784158,0.4469511495366036,4.785915421222569,0.45087736259910277,0.38334183425566515,-0.39983049494085426,abnormal
2024-01-01 00:00:19.830,0.7848250927882863,1.7764305697963547,5.21234140435289,-0.5873845245753975,0.48715554549899687,-0.3504685550062087,abnormal
2024-01-01 00:00:19.840,0.057431811386773134,0.9161014344165557,4.920423935440402,-0.052058213621255636,0.31456151895821743,-0.1858378526881632,abnormal
2024-01-01 00:00:19.850,-0.6548354780514078,0.6080479198468703,5.825537573923467,-1.3383259998642079,-0.40338800846608425,0.3280291542548483,abnormal
2024-01-01 00:00:19.860,0.34462687742958564,1.5476994248953329,6.6016190892209785,0.41375201550847157,-0.914968356049077,-0.14488910816212208,abnormal
2024-01-01 00:00:19.870,1.229123278359032,-0.7973848466751589,6.803189047847456,-0.32940124546273086,1.4622291313582785,0.2937453796242871,abnormal
2024-01-01 00:00:19.880,0.19824529661758317,-0.2075967833847376,7.68816804332417,0.6399034261018842,-0.22170316105942037,-1.1814567614306994,abnormal
2024-01-01 00:00:19.890,-0.12742338686043453,0.08793777859727968,7.537948584922024,0.05965791741605746,-0.9949842166366671,-0.16378089656035447,abnormal
2024-01-01 00:00:19.900,-0.9603101547268033,1.383770882162308,7.461580891768264,-1.4093839732284237,-0.19435669536812625,0.37335283027580823,abnormal
2024-01-01 00:00:19.910,1.4052700483962266,-0.48418957820966557,7.765025990656636,-0.18141035223700652,0.3149195903988253,0.6780240601313715,abnormal
2024-01-01 00:00:19.920,-1.6361728245173894,0.14440844314086232,7.429191781764565,0.025826841332546847,-1.0828434524210502,0.5056225489247576,abnormal
2024-01-01 00:00:19.930,2.3848930534728643,-1.7272206524285443,8.213788459557346,-0.1384030995262385,-1.3890917969367778,-0.6975321940076866,abnormal
2024-01-01 00:00:19.940,1.3138557166244234,1.1139287017936768,8.759214770224835,0.07790835893014418,-0.7695161344874573,-0.19854637157007596,abnormal
2024-01-01 00:00:19.950,0.5534655839581156,1.8611176350824792,7.875164252500007,-1.0255220600786348,-0.7059923294050499,0.1709128329967471,abnormal
2024-01-01 00:00:19.960,0.4485161885494326,-0.9254212060120811,9.111352173931893,0.10536406320015494,-0.011715019245616631,-0.01848768122075525,abnormal
2024-01-01 00:00:19.970,-0.41998957865103764,-0.7341197489464276,8.13369640205435,0.4468278983417414,-0.4174644198732753,-1.1727265834484784,abnormal
2024-01-01 00:00:19.980,0.5195599559455076,-0.018667760038385297,8.236816629075362,0.36898154129122923,-2.152279015382177,-0.4037373122784812,abnormal
2024-01-01 00:00:19.990,-1.6505619405151724,-1.5105523863165553,8.920549068157545,-1.0625550107520934,0.25309268862510115,0.6020776134881609,abnormal
2024-01-01 00:00:20.000,-0.22305159764191532,-1.0470229585761983,9.659754867914755,0.30841974026969315,-2.0854164351356936,-0.4007342164375261,abnormal
2024-01-01 00:00:20.010,0.5310784930260111,1.7627217560314645,7.482509800882046,0.30266365532473183,1.3548432699345163,-0.4437950020745763,abnormal
2024-01-01 00:00:20.020,1.0521755938900637,1.6488520973520429,8.866337077631226,0.1272521061646015,0.39562726519680347,-0.2810279343584181,abnormal
2024-01-01 00:00:20.030,-1.2491937651307137,1.5348396954577408,8.566041699368682,0.14047914868225667,-0.12198317257642721,-0.15119822550203812,abnormal
2024-01-01 00:00:20.040,0.5605277158483346,0.26717801362659255,8.493124041319412,0.6405254311462045,0.5423871427833171,0.19144166234934717,abnormal
2024-01-01 00:00:20.050,0.41338195080345014,-2.1968383433768497,8.613355969668914,0.8377882195080956,-1.3724843030452456,0.40665194939022176,abnormal
2024-01-01 00:00:20.060,1.8786904366785047,1.8143042269331942,7.405091179103411,0.40957998863244943,-0.25203969278131044,0.8415638497385173,abnormal
2024-01-01 00:00:20.070,-0.5809657012509192,0.7676603610659484,7.378021055481567,1.091589840701916,0.03591231892528569,-0.7893828974290975,abnormal
2024-01-01 00:00:20.080,-1.4645273634154992,0.9984546488198758,7.289593021531382,0.18691972563429657,0.28915946843457213,-0.06181807702382815,abnormal
2024-01-01 00:00:20.090,-0.04856203689341167,1.9666616029772515,6.445757082287728,-0.40595318527389085,-0.2483109044299696,0.1979654221535185,abnormal
2024-01-01 00:00:20.100,-0.31515228142346013,1.2246956129813564,5.727839854036636,0.4379917799361211,0.4867250536883468,0.4233462431008792,abnormal
2024-01-01 00:00:20.110,0.2686379835061789,0.21466478574091868,6.707983008325747,0.6542225378348715,0.6792463297343768,-0.9342990770500917,abnormal
2024-01-01 00:00:20.120,0.19226941893703522,-0.5490287257394143,4.905165188313878,-0.08820763848198589,-0.024996820086953333,0.8587262358121088,abnormal
2024-01-01 00:00:20.130,0.2463541185972476,-0.6289609907318346,4.010175860488199,0.880075738212875,-0.23960767660462218,-0.29956373360525773,abnormal
2024-01-01 00:00:20.140,1.0313382912716929,0.8229537944249005,4.716891226406818,-0.14953446480443117,-1.1147920335424075,0.09174004482383172,abnormal
2024-01-01 00:00:20.150,-1.4478282439003218,-2.094743075396124,3.6589203073455874,-0.8291572994646238,-0.5119836641740563,-0.5235145181638398,abnormal
2024-01-01 00:00:20.160,0.2984942694097702,-1.40214936539713,2.6013731511597302,-0.043549695294458186,-0.10194013383926114,0.34942992560985886,abnormal
2024-01-01 00:00:20.170,0.2915061637504494,-1.7489135800711768,3.34970562161311,0.409714698949496,0.3020464395749059,-0.3267156278585995,abnormal
2024-01-01 00:00:20.180,0.9032276675021271,-0.37197045560286107,2.9335283541077235,-0.799781740032929,-2.3687890747003153,0.4727011171463959,abnormal
2024-01-01 00:00:20.190,-0.7752240674868983,0.09122342426374659,1.7761256632665972,0.4705042063390152,-0.3041776292675653,0.19302703364740884,abnormal
2024-01-01 00:00:20.200,-0.013575731438794916,0.2949743367983657,1.7738171742277733,-0.5895686391319426,1.926357330902371,0.3403813590499806,abnormal
2024-01-01 00:00:20.210,0.1972813212773508,-0.36641805362801444,0.8601195037658395,-0.23157316048108686,0.3697548163988716,0.6124228678574546,abnormal
2024-01-01 00:00:20.220,0.06431584063452281,0.9146256355042363,1.7199428903058476,2.83318163725692,-0.8937228358226817,0.7244618269324713,abnormal
2024-01-01 00:00:20.230,-0.8401569893476178,-0.9237747388578992,-0.3512293698543063,0.7322817805546595,-0.9931403903821227,0.4753047193171417,abnormal
2024-01-01 00:00:20.240,1.082418112903158,1.0502117730963478,0.051062816733992045,-1.5809785762046333,0.14314475643581967,0.01725391812259012,abnormal
2024-01-01 00:00:20.250,-0.36227131540840324,1.858176493847363,0.16700541807243974,-0.7129718286042208,0.41011187495117124,0.812574014965899,abnormal
2024-01-01 00:00:20.260,1.5175263996642896,1.9740128749453931,1.5052053332768789,0.5947028440502407,-0.1728351401580704,0.0882985702513591,abnormal
2024-01-01 00:00:20.270,-1.373835483356231,1.1281454960088533,2.9178866830612478,1.1578444579430045,-0.8314712531932509,-0.3783368811862018,abnormal
2024-01-01 00:00:20.280,-1.2774107995528914,-0.42791407532830217,3.4147245337039385,0.05552430980175305,-0.30994850750723907,0.27020680782244816,abnormal
2024-01-01 00:00:20.290,3.315631545369953e-05,-0.6839834718298933,2.718696050950854,0.020792091269131355,-0.9752928313756618,-0.6256630190955772,abnormal
2024-01-01 00:00:20.300,0.4106846863532641,-0.37378844273195094,4.7151284686893895,-0.5232077838943119,0.5518375486051198,0.09780323055394978,abnormal
2024-01-01 00:00:20.310,0.8092699911227625,-0.6464770519463567,3.160437360120463,0.7259206685919378,0.8841133364759882,-0.7319907113485368,abnormal
2024-01-01 00:00:20.320,-2.4008582835710786,-1.5821064590681553,3.814714112679893,0.558675204066335,0.08847496037813368,-0.30687206357327046,abnormal
2024-01-01 00:00:20.330,0.8232461762935331,1.3434591651797954,5.242111507808549,0.2882841574287245,-0.7854092215924754,0.49613161329061534,abnormal
2024-01-01 00:00:20.340,0.8980240248105237,-0.2287866995909072,5.879751065212118,0.8625659940862842,-0.9051521202947513,0.02079046641741506,abnormal
2024-01-01 00:00:20.350,1.1843880847675181,-0.34625411857008476,5.563495712702587,-0.3254294331484375,-0.6103552526807227,0.2437607431520634,abnormal
2024-01-01 00:00:20.360,-2.0427554449460263,-1.4443638755675126,5.982148987919198,-0.8942305686716674,0.1740893867849394,0.3577451672930286,abnormal
2024-01-01 00:00:20.370,0.6836282570405802,0.6567904206775864,6.948048703833305,0.4405460713232591,-0.7940843630861286,-0.30520115801550074,abnormal
2024-01-01 00:00:20.380,-0.230070978194247,1.6217105123977573,5.917621812006991,0.5165749971664864,0.04293075333596662,-1.1713398514942368,abnormal
2024-01-01 00:00:20.390,-1.2763229520050412,-0.9937290949932089,7.200868214796358,-0.40191125683394097,1.0347528498608238,-0.3625178852052695,abnormal
2024-01-01 00:00:20.400,-1.3109928810263727,0.06012432364803516,7.04567927831849,0.582903265515505,0.4522008781420321,-0.8587653896265885,abnormal
2024-01-01 00:00:20.410,0.9076947752551585,-0.10744548866473609,6.8291889349515165,-0.5115400388797955,-0.16460208078150967,0.5307229942607632,abnormal
2024-01-01 00:00:20.420,-1.0870433498942407,1.4327062657019853,6.879831820870181,0.7729235161379742,-0.5299305211911421,0.9109255617601879,abnormal
2024-01-01 00:00:20.430,0.3515955008271153,-0.34493694620126836,8.250827815464108,0.698685138981713,-1.1566424280797263,0.4761029770462519,abnormal
2024-01-01 00:00:20.440,1.179923908620374,-1.0125064256902017,8.339794393725745,-0.07944446131860655,-0.7882361287096984,-0.3931644909589206,abnormal
2024-01-01 00:00:20.450,2.0080006192617943,-0.08102677976863787,7.8657419395659804,-0.375058787902277,0.1504293961166299,0.8648294887204766,abnormal
2024-01-01 00:00:20.460,-0.9135237425863239,-0.9019790462088688,8.944447863467452,-1.7789689105459217,0.38816603271810235,-0.4673973034576389,abnormal
2024-01-01 00:00:20.470,0.7689696787368564,1.1996125667390622,8.264142356313352,-0.6757717676583266,0.4040846722766203,-0.8684469968368722,abnormal
2024-01-01 00:00:20.480,1.8197605902558136,-1.4443980365726068,8.67153008954848,-0.606642448323778,-0.4748361066455072,-0.10679573785166357,abnormal
2024-01-01 00:00:20.490,-0.420496110928081,-0.8794629994510151,8.303864032544077,-0.37780506423073673,-1.0892238570817787,0.33609507334022826,abnormal
2024-01-01 00:00:20.500,1.671941800132331,1.229740379145237,7.7822595818617915,-1.8606322407787592,-1.4309590693728242,-0.14683017792113442,abnormal
2024-01-01 00:00:20.510,-2.75822338237741,-0.27132453558171765,8.720147130487081,-0.143636391764193,0.09246743815338355,-0.2232683054438665,abnormal
2024-01-01 00:00:20.520,2.160110192042355,2.680439358441153,8.776765016766984,0.4939101529413752,-0.10354282768486452,-0.9206144638431752,abnormal
2024-01-01 00:00:20.530,-0.33102580664210096,3.6665424926939387,8.165625614553408,0.4553241926024532,0.551291633683701,-0.8792036940475464,abnormal
2024-01-01 00:00:20.540,0.8557994972938445,0.7370113632005418,7.733238695350812,0.25630102877524674,0.8771472126209184,-0.16466124919447178,abnormal
2024-01-01 00:00:20.550,-0.9147561664473586,-0.3018820723191702,7.217295731045207,0.17929575915083507,-0.032505600883899206,0.4791863035829047,abnormal
2024-01-01 00:00:20.560,-3.121192831158389,-0.8157185071765417,7.44667985882743,0.3613250260661513,-1.2191384762797877,-0.4327019899337171,abnormal
2024-01-01 00:00:20.570,-1.488321133848346,1.5781401830174697,7.833386720848095,-0.7243836671383289,-0.0693977518470834,0.23065315633867847,abnormal
2024-01-01 00:00:20.580,-2.7310721406406677,-0.32651256077201424,7.907160765634427,1.5769971453920288,0.02451458782517083,0.18509619783368764,abnormal
2024-01-01 00:00:20.590,-1.0659085994810753,0.17521458518977343,6.464227942763754,-1.3492977352024156,0.6046924162651226,0.448873903217983,abnormal
2024-01-01 00:00:20.600,0.4272391048678253,-1.2106182504071994,5.780744197911258,-1.3640854850297632,1.7725145403093125,0.642482199254723,abnormal
2024-01-01 00:00:20.610,0.7795033769357341,-0.420096822336136,6.455535645951194,-0.1405700086057066,0.0927741659354459,1.1721610036300623,abnormal
2024-01-01 00:00:20.620,1.0758525802360444,-0.2504071350703273,4.685231521114759,0.8123536542159947,0.4091964800802364,-0.5663763875396177,abnormal
2024-01-01 00:00:20.630,-0.2666105222937207,-0.5846652301026073,4.948667257686531,0.7917479232388895,0.5175947681988255,0.22753189492979048,abnormal
2024-01-01 00:00:20.640,-1.3591913544196417,2.7078364101259464,4.554069900473152,-0.48016907362776334,1.397160025640091,-0.47463247005162945,abnormal
2024-01-01 00:00:20.650,0.3323729743490655,0.661397239860969,5.661050464271129,0.4902230410583132,-0.3189566267827338,-0.49218373109856167,abnormal
2024-01-01 00:00:20.660,0.5933171277889934,0.22416679234781237,3.7595317183213623,-0.9201811503682906,-0.7648555708563928,0.12616806976685713,abnormal
2024-01-01 00:00:20.670,0.3114794670722502,-1.2028514411584956,2.9735082512403705,0.22963026679695703,0.4618566888683081,0.5994332629877837,abnormal
2024-01-01 00:00:20.680,-0.3259386988452732,1.1500292502814198,2.8301171762464055,0.930206702026435,0.2296707246931047,0.5016496293641195,abnormal
2024-01-01 00:00:20.690,1.0527888144211106,0.7697999103035326,2.519055838635999,0.6877949871567981,0.9324794755393034,0.1755658623946729,abnormal
2024-01-01 00:00:20.700,-1.2083051289295113,0.3511799304901367,2.1905908193500503,1.2645956555055806,-1.4231384395807134,-0.2245965723138762,abnormal
2024-01-01 00:00:20.710,-0.28402458809447734,-2.2734096834835382,1.5657415094161098,-1.0614817375207715,1.591792356371848,0.5566658277235119,abnormal
2024-01-01 00:00:20.720,-0.14804916468420076,-0.6847524930210471,0.24046210391823142,-0.7986814248450097,0.4126765361407717,-0.32605254554865865,abnormal
2024-01-01 00:00:20.730,-1.544769261697563,-0.5581803031656629,-0.3940427224163692,1.4542737730560809,-0.24388537496566876,0.15846870919827133,abnormal
2024-01-01 00:00:20.740,-1.4879863281428316,-1.5846119903542577,0.4354889432054573,-0.18063862713392131,1.1970501968094402,0.6196735374758762,abnormal
2024-01-01 00:00:20.750,-1.6975975255290314,-2.769618296759933,0.7075622436165309,0.3679795714537013,-0.7191837114695183,-0.9193472944741129,abnormal
2024-01-01 00:00:20.760,0.07549805867997487,-0.5717262091651238,0.23315119389178363,-0.35540643121805854,0.9459416270941463,0.5958832111400718,abnormal
2024-01-01 00:00:20.770,0.8042398865963833,2.7598921002994334,2.3948667758276287,2.153887460780602,-0.2884187003777254,0.16974887495831892,abnormal
2024-01-01 00:00:20.780,-2.997267517440926,0.920450959730226,1.7302308408695102,-0.33422283010888726,0.9136434357030669,0.26336564144089286,abnormal
2024-01-01 00:00:20.790,2.7748117622271136,0.7102242172857438,2.749676615660432,-1.8463488185750305,0.2661788597370007,-0.6308049532900258,abnormal
2024-01-01 00:00:20.800,0.4887235339431256,-0.3031552713410128,3.52435494741174,0.6641847006580082,0.025074401924850144,-0.4617698087493153,abnormal
2024-01-01 00:00:20.810,1.3657063361063657,0.9092500562124723,3.339907374289184,0.4979550343375689,0.9314642054002589,0.2832702727105375,abnormal
2024-01-01 00:00:20.820,-1.049288229154881,0.6422945864676696,4.363666684782183,1.2946731989762135,-0.4466395286855469,-0.07794659214654397,abnormal
2024-01-01 00:00:20.830,0.9468256719726748,0.14101375054598378,4.977741961868523,-0.6941254921043051,-1.1757003023804988,0.6907315444321589,abnormal
2024-01-01 00:00:20.840,-0.5190935663496878,1.0731618606306048,5.121727379661239,0.3479692898987108,1.3564341753418516,0.21862428684661286,abnormal
2024-01-01 00:00:20.850,1.0034211154698685,-0.938684190617631,5.719119936075386,-0.7035610524600359,-0.006371593393010886,0.111235110665193,abnormal
2024-01-01 00:00:20.860,-2.0632625309725503,1.1758357913260542,6.008363402902274,-1.601106842018042,-0.1406040018258733,-0.2085146086383918,abnormal
2024-01-01 00:00:20.870,-0.7093635880779444,0.7938396308713566,5.376998790769747,-0.2004216809454852,0.5900968442862827,0.848493833589666,abnormal
2024-01-01 00:00:20.880,-0.20964428611788216,-0.5370887654499581,5.670220107020639,-0.012089173469851803,-0.18224600134532654,-0.1651466521449698,abnormal
2024-01-01 00:00:20.890,-0.22748139156836078,0.8471152288019413,6.79811456454712,-0.7283578424101262,-0.6498016657380671,-0.22857079423743548,abnormal
2024-01-01 00:00:20.900,0.7250041422529844,1.2873640342987176,7.508420918746282,1.886611106484734,0.758773448667125,0.31055653357336305,abnormal
2024-01-01 00:00:20.910,-0.06198825894636247,0.1133392723750219,7.9356200230854,-0.6696643426500741,0.7243922193264776,-0.33045554996704346,abnormal
2024-01-01 00:00:20.920,-1.1204301015838638,1.400370581543779,7.962489785883572,-0.14767150497903903,0.5518126863530689,-0.6212786860538729,abnormal
2024-01-01 00:00:20.930,0.19192458680871435,-0.7386900732334466,8.846533401010381,-0.6365293689875335,0.06836578377057467,-0.24463708524336472,abnormal
2024-01-01 00:00:20.940,-1.2082372242166588,-1.6968309534475292,7.444950706920832,0.18508998955559103,0.1875107630305188,0.07606354012055919,abnormal
2024-01-01 00:00:20.950,-0.2961712720414441,1.8237709716869346,7.764105817554829,-0.27238059880630505,0.6830260202356079,0.06722495485856576,abnormal
2024-01-01 00:00:20.960,1.423810111139116,-1.0751637206469038,7.969823965897986,-0.9915692263271331,1.3189040010334545,-0.37502085797445617,abnormal
2024-01-01 00:00:20.970,1.945452812228648,-1.21374275071702,9.26758230649435,-1.004971877071556,0.011251538329400757,0.6145629132333935,abnormal
2024-01-01 00:00:20.980,-0.21354845503744527,-1.128239332933256,8.14535324592723,-0.814352198190902,-0.2948391165090818,0.3292167105298083,abnormal
2024-01-01 00:00:20.990,-0.4103535982035525,-0.3897072512754595,8.652430376254305,-0.44003969026114953,0.8538259128041268,-0.7242895288829092,abnormal
2024-01-01 00:00:21.000,0.9739663434662061,1.1188025725442003,8.509077150582511,-0.580793024457532,-1.4090166514627003,0.43744418973030147,abnormal
2024-01-01 00:00:21.010,0.9382955347378996,-1.6704411737714966,9.479559190371225,1.198952895638408,-0.8630020551350278,-0.26913733516866695,abnormal
2024-01-01 00:00:21.020,-2.5296838561255406,0.5405067048005934,8.80499236174608,0.1992093627628415,-1.6120684461440409,0.15257926429012317,abnormal
2024-01-01 00:00:21.030,-0.27994949841357014,-1.0958904001509988,9.676279068577365,-0.5489292321417372,1.1062846341225572,0.7998950136150076,abnormal
2024-01-01 00:00:21.040,0.4365601532636667,0.38102778379308627,7.725145795120956,-0.27633482703234474,-0.4393083488651931,-0.041556665011258785,abnormal
2024-01-01 00:00:21.050,-0.07208426055546253,-0.9676726794731765,7.413525138332613,-0.8618834069604606,0.017925821309778583,-0.40394874763969923,abnormal
2024-01-01 00:00:21.060,0.33763630809900225,0.11465988814812775,7.935493547991825,1.4952492841451916,-1.091612244615152,1.159571317597597,abnormal
2024-01-01 00:00:21.070,-1.530891001277385,-1.933462498136545,6.779535730197734,-0.30604522720371735,0.7040462505007207,-0.23445670346806685,abnormal
2024-01-01 00:00:21.080,-1.1333151387782934,1.262367458809657,6.959849282730246,-0.05289425867017249,0.059725238242142174,-0.5289198603363268,abnormal
2024-01-01 00:00:21.090,-0.8277447957475915,0.8386693718443422,7.89494538053659,0.5197295492988308,-0.6524386332802018,-0.5109007473933553,abnormal
2024-01-01 00:00:21.100,1.0509136755074246,2.7723157110160326,6.267623645594524,-1.2380223721776022,0.9165120814822714,-0.1759771515518202,abnormal
2024-01-01 00:00:21.110,0.5230292807504421,-1.0306964623565023,6.671469919470425,-0.5097300466452641,-0.06825286441960547,-0.06133040941385732,abnormal
2024-01-01 00:00:21.120,0.4121968589700068,1.6635252215218397,6.60388838729705,0.47204240212850374,1.165724016416414,-0.3094083099802722,abnormal
2024-01-01 00:00:21.130,0.3307513612599617,-2.118464590028725,5.428879288825602,0.04618431468443266,-1.3091408421799677,-0.1404803435361225,abnormal
2024-01-01 00:00:21.140,1.1525434144093551,-0.9242560077328658,4.77199755556033,0.1641005390314836,1.010008988236034,0.21318824653715313,abnormal
2024-01-01 00:00:21.150,1.6547703516834151,-0.3488129611356959,5.703877643761727,-0.12751018488504146,0.5279029872139341,0.16024765241739433,abnormal
2024-01-01 00:00:21.160,0.30830838228019763,-0.03484162023277451,4.071715762072892,1.091896183293431,0.7271762179866585,-0.1530737828351206,abnormal
2024-01-01 00:00:21.170,0.7423095204402925,-1.663184473291258,4.739432790460328,-0.07481629027844094,-1.2848587027748632,0.013470727295438033,abnormal
2024-01-01 00:00:21.180,-0.8551397786870256,-1.9980019365196897,3.0843131736833227,1.416445592037056,-0.6704270288985811,-1.1059305118072824,abnormal
2024-01-01 00:00:21.190,-1.2173226832536919,-3.2979729549303705,2.5835379997535544,0.8228180889908228,0.15344154995399611,-0.6415405701612845,abnormal
2024-01-01 00:00:21.200,0.7708397368450342,0.9336582176602661,2.72441563880967,-0.9591846279605164,-1.0982421642102105,0.8796761757416326,abnormal
2024-01-01 00:00:21.210,1.3193078037771997,-0.6739328364282592,1.928065389097775,-1.746678072781345,0.004308024500122434,-0.19441770098314823,abnormal
2024-01-01 00:00:21.220,0.21964745958001144,-0.20311180810248727,0.8579841929470537,-0.5797529457399868,-0.8110491045471654,-0.19297997930431057,abnormal
2024-01-01 00:00:21.230,-0.937568335565807,0.8686276140996159,1.2802395286321393,0.36527470964223635,-0.174149798207297,0.19302841220659478,abnormal
2024-01-01 00:00:21.240,0.24376647007738214,-0.6236049488422885,0.3351732813428927,-1.0758675400218183,-0.9732307157731993,-0.5894535750570805,abnormal
2024-01-01 00:00:21.250,-0.559694199568433,1.0798904974067904,0.9839907213507383,1.4017803976645407,0.08872366770713463,0.5836550098165573,abnormal
2024-01-01 00:00:21.260,0.25502866953804043,-1.3512278452705624,1.0367366879315032,1.0354750832448034,-2.3791287835977646,-0.20437512677251737,abnormal
2024-01-01 00:00:21.270,-1.183617407821757,-0.6779719018197669,0.9081354823975746,-0.060998815031590374,1.8281269976644263,-0.8848627823992268,abnormal
2024-01-01 00:00:21.280,0.5750216219902765,0.5249963713361552,2.541137342862341,-0.03689953746625956,-0.8715493964841929,-0.893105237432444,abnormal
2024-01-01 00:00:21.290,0.28230247011829723,-1.2902292658381844,2.979923156894699,0.16535196409424663,1.132664979216175,1.3011241167572207,abnormal
2024-01-01 00:00:21.300,-0.9811282750343454,-1.371814127787915,2.730166545604698,0.42484074128605137,0.6298778004180656,0.13245434489406385,abnormal
2024-01-01 00:00:21.310,0.5480818580011841,0.03189289622548641,4.3386426655518076,1.609558254647002,0.5610820553393272,-0.27970768782460625,abnormal
2024-01-01 00:00:21.320,0.08487985288862096,0.2871604252626425,3.4498233158740126,0.12287261405708959,-0.21638286885449862,0.5389354721770918,abnormal
2024-01-01 00:00:21.330,0.17578509746200124,-2.3425281491853793,4.1907350300964055,1.0987413532492631,0.6060411777241052,0.05731788741850899,abnormal
2024-01-01 00:00:21.340,0.1355744859020748,1.2613675273024516,4.525374817067417,-1.909028740145212,0.5244411699963468,-0.42856025541148546,abnormal
2024-01-01 00:00:21.350,1.2276934874077725,0.10739923347516418,4.797866539945859,-0.38830372281204495,-0.166273052604406,1.2108018935154718,abnormal
2024-01-01 00:00:21.360,0.7933353060066974,1.785538291659903,5.377901022041149,-0.700691538336357,-1.001709995475215,0.8126893528018952,abnormal
2024-01-01 00:00:21.370,-0.7080213936120677,-1.0235330640404947,6.355746382499052,-0.4393292838451141,-0.9032471244717867,0.07974749789162794,abnormal
2024-01-01 00:00:21.380,2.9732523622623104,2.5369216406221757,5.33466549137142,1.434454340942739,0.7308163927630785,0.7231210323353401,abnormal
2024-01-01 00:00:21.390,2.901288278692669,0.1234660051499558,7.0731669941482025,-0.9924222368803542,0.24386393325657404,-0.23004733958141346,abnormal
2024-01-01 00:00:21.400,1.3866137611349034,-0.8265854974301176,7.474084360682276,-0.2216633183377713,0.2508617594826374,-0.03481569258338365,abnormal
2024-01-01 00:00:21.410,-1.2375543090296355,0.40719193427916556,7.917701800303464,-0.5136047466971049,0.2675560676207783,0.4783283674054129,abnormal
2024-01-01 00:00:21.420,-1.6887377842938136,-1.6159303862214847,8.106021142968855,1.1296766339333344,-0.2353798100245134,-0.6539140937048759,abnormal
2024-01-01 00:00:21.430,1.1293310910864087,0.6254801568240047,7.379121333804413,-2.3034821937116727,-1.0892790857412196,0.3416273196562158,abnormal
2024-01-01 00:00:21.440,-1.5913076597090658,0.15265068684910668,8.426828251278568,0.7400483820101105,-0.8811833161576439,0.8638518494256638,abnormal
2024-01-01 00:00:21.450,-0.36746065084960305,1.2943611822516965,8.024500318703085,-1.1619545660971726,-0.8706481576632445,-0.45554525628354947,abnormal
2024-01-01 00:00:21.460,-0.3330932195752103,1.401904316268275,9.012307591397242,-0.3976248228440808,0.31682999389496636,-0.0011912692216197163,abnormal
2024-01-01 00:00:21.470,0.18904320300393374,1.6665681894328455,8.819647476256078,0.8333198082325596,-0.9474479113149962,0.32102298808831725,abnormal
2024-01-01 00:00:21.480,0.10090926473299082,-0.7546280531915168,7.9300922479769165,-2.8507120293243955,-0.052302523736637185,-0.018268734379576178,abnormal
2024-01-01 00:00:21.490,-0.7093893766441169,0.6414825634643528,8.45302400562676,-0.1409233913248063,-0.8022926708467618,-0.3385977869225644,abnormal
2024-01-01 00:00:21.500,1.6441483865732636,0.37414477341729213,7.143219233204876,-1.0971763855246193,0.156810122490149,-0.089837400122773,abnormal
2024-01-01 00:00:21.510,0.8736141051637186,0.8249218964066931,8.802902062811972,0.9648701326204495,0.918205048649276,-0.7252839425870646,abnormal
2024-01-01 00:00:21.520,0.25895108340846384,0.7248921427458476,6.664938613964466,0.5880910428783591,-0.222729717593561,-0.2898607152292575,abnormal
2024-01-01 00:00:21.530,0.13055357438717283,-0.16454427689598253,7.173636426898045,-0.026216240345320056,0.5029303151210348,0.8587481718908965,abnormal
2024-01-01 00:00:21.540,0.36927755568052284,-1.8143048534155077,9.23004887038461,-0.31126275990224217,0.6523689802821827,0.39075515323376764,abnormal
2024-01-01 00:00:21.550,-1.0838200974368697,-1.3667877877324213,7.945849601541751,-1.161273082521908,-0.7547556293329561,-0.23558365302946724,abnormal
2024-01-01 00:00:21.560,-0.3631770239333852,-2.108749612674828,9.376831580472524,-0.19568550624592146,0.9860729043634716,-0.9340276296483945,abnormal
2024-01-01 00:00:21.570,0.7537126358797557,0.06964601865657605,7.300874266691784,0.22550627560240744,1.8603135109783715,-0.5240496793658382,abnormal
2024-01-01 00:00:21.580,-1.2728840478119958,-0.5839867003607783,8.00272370231316,0.5772882753865213,-0.6975218807024989,-0.23227821685432215,abnormal
2024-01-01 00:00:21.590,1.2676241736271037,0.5082325919012037,7.2600209449998845,-0.9827918173253747,-0.8071188706038214,-0.49298337796311253,abnormal
2024-01-01 00:00:21.600,0.3193828535875467,2.2860869515406335,6.245445946473897,-0.5871264885086693,0.6135372429059235,0.5072017725605009,abnormal
2024-01-01 00:00:21.610,-0.18474205961538862,-0.9056425448440273,5.532834330951249,0.23879657824069667,0.8524310429461702,-0.4309243381985353,abnormal
2024-01-01 00:00:21.620,0.6890420264668019,-1.2067760043578752,5.934066893052371,-0.2753132668597986,-1.5585130519311414,0.276091121020682,abnormal
2024-01-01 00:00:21.630,1.56340472331426,0.3826756263975255,6.134594960454037,0.09621180493150444,0.4751175301561562,0.7318595862558439,abnormal
2024-01-01 00:00:21.640,0.9627873979497001,0.41351337099111235,5.8783805402923415,0.32731882397761736,-0.1750846297719761,0.19585266177512123,abnormal
2024-01-01 00:00:21.650,0.6378059733304867,-1.2978320679884354,4.784629576818266,-2.419918590106165,-0.1598066209543668,0.2987473570913404,abnormal
2024-01-01 00:00:21.660,-0.46277134838986994,0.6667777702438215,3.693006909243418,-0.6935097221075746,0.795479689378341,-0.6308029546408027,abnormal
2024-01-01 00:00:21.670,0.8544679144499625,-0.1396259620453495,3.597705006320487,0.9101165858298852,-0.33125773155042343,-0.46669252746537465,abnormal
2024-01-01 00:00:21.680,-0.08800772257817378,-0.0786071162791228,3.8030684530785877,0.0207057811512596,-1.1775971332637711,-0.40478290549608414,abnormal
2024-01-01 00:00:21.690,-0.10096427469443361,0.7811514291441393,3.040240843530804,0.43133801723102233,-0.8600109754642724,0.33915613025392183,abnormal
2024-01-01 00:00:21.700,2.164221952274582,-1.4540454186805083,2.522030272344081,0.5355941194552124,-0.7001610699355584,-0.38424876541493447,abnormal
2024-01-01 00:00:21.710,0.9764763841157416,-1.2355347052463013,1.9315893868807112,-0.1273776900491647,0.2426666731370006,0.013348413711949907,abnormal
2024-01-01 00:00:21.720,-3.723740793179931,0.3038439837496873,1.5207223480807244,-1.4177005128472426,-0.2204501862253694,-0.46895215943652696,abnormal
2024-01-01 00:00:21.730,0.10607745994419715,2.0707089071387834,1.0160406129953232,-0.9838972098896794,-0.32675396129920087,0.2983782631477381,abnormal
2024-01-01 00:00:21.740,0.4667487957361943,0.20487563413404594,1.4771087394731062,-0.847106654541324,2.7405312568058706,-0.6421374101286024,abnormal
2024-01-01 00:00:21.750,1.2880126664727,-0.3153655767934793,-0.6765906710127954,1.090827780721739,0.042621618091637566,0.7374191944791707,abnormal
2024-01-01 00:00:21.760,0.20686392894337144,-1.2613079175283672,0.7584104154165429,0.09870859800378864,0.5748165610589587,-0.4715745246652469,abnormal
2024-01-01 00:00:21.770,1.4078222828230935,-1.6950574768968434,1.0296518084523887,0.7844145314165025,-1.68732367853751,-0.06637581086237122,abnormal
2024-01-01 00:00:21.780,-1.026275438702946,0.2600688843619863,1.6224468015804345,-1.1249445648257483,-0.9410707310105956,-0.0033603944337359673,abnormal
2024-01-01 00:00:21.790,-0.4285573983071644,-0.7661843697621143,1.799108344449944,-0.008703518361229956,0.45204177758636493,0.7922599454144489,abnormal
2024-01-01 00:00:21.800,0.6440851142550196,-0.7043352757370414,2.0549897284620537,0.5882160562672017,-0.2564279308511803,-0.1570429015254475,abnormal
2024-01-01 00:00:21.810,-0.6199340697009847,-0.0427325150921761,2.7371904478262925,-0.1545443928671058,-0.48465017326305804,0.04398324811203336,abnormal
2024-01-01 00:00:21.820,-0.31074369507905975,0.22880575128694852,4.310787790506748,-1.3405811220509423,-0.27777499895504976,-0.043583045922694574,abnormal
2024-01-01 00:00:21.830,0.4478322417740699,1.186152459060373,4.551240388926291,-0.008306896180296145,0.8447407700358405,-0.279344434366069,abnormal
2024-01-01 00:00:21.840,1.1391367477314482,3.2674039381307973,5.171666989039107,0.3738804512593915,1.1110874925463416,0.24144108626745314,abnormal
2024-01-01 00:00:21.850,0.7893784141038127,-0.1545342229205057,5.42932377992771,-0.9513215020498776,-0.31356291790560414,-0.0769797419320315,abnormal
2024-01-01 00:00:21.860,0.12660412517898195,1.5762427146962372,6.217570827478438,0.6575662507488604,0.1550001012266591,0.12895615128559482,abnormal
2024-01-01 00:00:21.870,0.13190360687815347,0.08511883849700415,5.764067499457843,-0.6474849859738937,-0.24127787179836374,-0.1556590961768615,abnormal
2024-01-01 00:00:21.880,-0.7141673503401474,-2.1470928395442574,6.345895962498937,-0.14419392174583284,0.513986316215676,0.0361204168261296,abnormal
2024-01-01 00:00:21.890,0.738814127995734,0.21084269648801895,6.581004158063927,1.8099923755233867,-0.2869761109188719,0.4726309737730548,abnormal
2024-01-01 00:00:21.900,1.0825543046599087,1.0282613368178122,6.5641942274276,0.3174850597704518,-0.5816007322782303,1.1810876715143366,abnormal
2024-01-01 00:00:21.910,0.07186804391130243,0.7388481477017038,7.882499693034392,-1.0277590575559283,-0.1771843923818853,-0.060545222023333976,abnormal
2024-01-01 00:00:21.920,0.6677473080167505,-0.29289252281131345,6.8436176887776785,1.4428315403426413,0.05151753852386899,0.5935540235258545,abnormal
2024-01-01 00:00:21.930,0.06593289976122241,0.20636453382606987,7.116676564056443,0.7346859494164081,-0.9576106802157577,-0.22163031643456316,abnormal
2024-01-01 00:00:21.940,0.6438676012187713,1.4963354906581332,7.147184254595296,-1.3021040455986272,-0.5494988004892647,0.35104885948444164,abnormal
2024-01-01 00:00:21.950,0.35028537053159586,-0.0026876929526243477,8.066159862849991,-0.20119632610337107,-0.7895248848608826,0.1976771941136053,abnormal
2024-01-01 00:00:21.960,-0.3064495969194259,1.4069179344300287,6.939764306986392,0.19725652640021465,0.16234996234328627,0.25504789682934376,abnormal
2024-01-01 00:00:21.970,0.6934727839083266,0.5866086280872167,9.100326904241404,0.5015355522260833,0.8269195019625436,0.38111898866017935,abnormal
2024-01-01 00:00:21.980,-0.46517525461586046,0.34719788934600176,8.630549978924519,0.8471369070917468,-0.9027617311513568,-0.6176531055063352,abnormal
2024-01-01 00:00:21.990,-0.22963112424799687,-1.2990641494146142,8.766044524477607,-0.37489531856887404,-0.41864606002251975,-0.11072087943478542,abnormal
2024-01-01 00:00:22.000,-0.8840550293158567,1.596287951756392,7.634163466935788,-1.8941136351900225,-0.03701254901955449,-0.5899903478218941,abnormal
2024-01-01 00:00:22.010,-0.9098444723613954,0.8953750741718914,8.008254796261792,1.4807128900026918,-0.8098669593613828,-0.6026376318312886,abnormal
2024-01-01 00:00:22.020,0.7047515396917617,-0.6408039139173279,8.394021202509828,0.5402865481566964,0.21056026082464102,-0.022726097035102328,abnormal
2024-01-01 00:00:22.030,-0.08784211072473935,0.3868419260953612,8.40363758181262,-1.4462512950954045,0.9778919598027012,-0.4741208061649895,abnormal
2024-01-01 00:00:22.040,-1.634843222385652,-2.146208886219599,8.053139033404626,-0.2853748554382485,-1.6837427226436057,-1.0709488972420642,abnormal
2024-01-01 00:00:22.050,-1.0749602883801748,0.7457212491282647,7.289374100897516,0.9125780459934256,1.2581875600037333,-0.1751135102940438,abnormal
2024-01-01 00:00:22.060,-0.8215319989425934,-0.918516162031088,8.068316028399943,2.0849500424789205,0.23669779128375684,0.633863607872033,abnormal
2024-01-01 00:00:22.070,0.8943250244890312,2.5443181804202832,7.557032549257045,0.6091156596779637,-0.647164328558737,0.1773270035722154,abnormal
2024-01-01 00:00:22.080,0.9314494254987264,-0.4847358839202788,7.399631463792139,0.5666161145696551,-1.0640305116910544,-0.25104777209255086,abnormal
2024-01-01 00:00:22.090,-0.6652216714319475,-1.0879792986148225,7.258120786731913,0.006305517962331126,-0.0868613127932555,-0.6458066272868652,abnormal
2024-01-01 00:00:22.100,0.5700797209700932,0.5134524456397422,6.898566060509082,0.08238410823077,1.815369779617561,-0.22912718591046566,abnormal
2024-01-01 00:00:22.110,0.4332475925373192,-0.5648037987868596,6.492326566040282,-1.6757610824414069,-1.431597175323059,0.6799893436449737,abnormal
2024-01-01 00:00:22.120,-0.9915521366027155,-1.7810844904052576,6.800181302548301,-0.5930698053178904,0.40105058925528764,-0.5436239076736492,abnormal
2024-01-01 00:00:22.130,2.4229067453050943,1.520409438701684,5.224515896737567,0.6852770162530549,1.9081659403249644,-0.2645352467636979,abnormal
2024-01-01 00:00:22.140,-0.6979201901414004,2.2026880680549175,5.522182162712543,-0.09540556793673612,0.5202236949007012,-0.41925170565592085,abnormal
2024-01-01 00:00:22.150,-1.1080223247343823,-0.4077778049963039,5.490181876233794,0.018134235725007455,-0.8563030299720782,0.025799289595148905,abnormal
2024-01-01 00:00:22.160,2.436550412557596,2.70937419261136,5.632692050903964,0.8589019344965605,-1.686194434558588,0.4411170169032031,abnormal
2024-01-01 00:00:22.170,-0.8883456428784221,0.3616347606038493,4.483829892643014,0.21279473064997084,0.0752327100030324,-0.17383310184048806,abnormal
2024-01-01 00:00:22.180,0.7817456965219135,0.17634120784874727,4.517356338309922,0.7857113283131276,-0.4975507106519136,0.5031884221321584,abnormal
2024-01-01 00:00:22.190,-0.35715386980602304,-2.1841534692008038,3.0131738512828483,-0.686310335204651,0.9435024225368233,-0.3933380397450469,abnormal
2024-01-01 00:00:22.200,1.2632482010218309,0.5054200402830563,1.8722389967670943,-1.5348898213691407,0.3697415967504258,0.17265974073519633,abnormal
2024-01-01 00:00:22.210,-0.9807554850571604,-0.263276509830658,3.2555129419107933,-0.6092613663885197,0.25817907118920574,0.0772996907848349,abnormal
2024-01-01 00:00:22.220,-3.2089422944232986,-0.23963044358439106,2.6013114831080606,1.6694857455701524,-0.8593216508646467,0.26147794704916555,abnormal
2024-01-01 00:00:22.230,0.029032577055414337,2.7067760167591572,1.2681904521166196,1.6709577017467732,-2.031368910801851,0.8661350280613745,abnormal
2024-01-01 00:00:22.240,-0.7065292534813509,-0.04613696512921108,0.8819231608185313,-1.2138083616219077,-0.032580182496973635,-0.4537672548159156,abnormal
2024-01-01 00:00:22.250,1.4529375698083833,-1.0856646730395167,0.046014395823048684,1.227553509558556,-0.012523894842738024,-0.16594217401244638,abnormal
2024-01-01 00:00:22.260,-1.2777150466388425,-0.7815669286430381,0.5667070023829213,-0.7388520965222465,0.07226783233662194,0.510797246043215,abnormal
2024-01-01 00:00:22.270,-1.3244911468560805,1.8088799591123652,0.31025690809491635,-0.42939410041450027,0.017413147760069705,0.30364617019486523,abnormal
2024-01-01 00:00:22.280,1.2914068329683193,1.078277839366509,1.6853758500795857,-0.18249165564900033,1.049368330561441,-0.8832131975442685,abnormal
2024-01-01 00:00:22.290,1.4042193148219382,1.1447167864842511,2.6509731261891285,-1.1006769913455954,0.49016107768376294,-0.8066015174177869,abnormal
2024-01-01 00:00:22.300,1.2300545476267064,1.0365896754706432,1.8279801178691175,-0.4141958885017668,-0.9104642743202052,0.6525710197819008,abnormal
2024-01-01 00:00:22.310,-0.7062243236799942,0.012179085517751268,4.106610581715568,0.14561836449001042,0.1313798922615507,-0.4508681269903518,abnormal
2024-01-01 00:00:22.320,-2.3709356969452426,-0.540338074913699,2.9700320907402884,-0.26883298060329025,-0.6121930366091758,0.21604585986757083,abnormal
2024-01-01 00:00:22.330,0.12010322633738119,-0.14137115080626483,4.072125758023085,0.4430469045759204,0.6622555337320037,0.67646073510604,abnormal
2024-01-01 00:00:22.340,0.2690994350360852,-0.536504831386717,3.909855447311347,1.4545070168051375,1.1838786212884522,-0.05658635626644694,abnormal
2024-01-01 00:00:22.350,0.3476931375970322,0.4407615339320916,4.452211864005701,-0.260859479565048,-0.29339718424128375,0.6694536267115663,abnormal
2024-01-01 00:00:22.360,-0.2513626140351966,0.6595013369402779,5.509401715309515,0.5931381310616157,0.3024607389383586,-0.26317723813717747,abnormal
2024-01-01 00:00:22.370,1.1422487133363486,-0.03005033870453495,5.248778050592144,-0.209397989893662,-0.0672109882817952,0.0586253173130604,abnormal
2024-01-01 00:00:22.380,1.8087955351706908,1.1694213872708121,5.615115653039017,0.6666874785370356,2.192175362815652,0.02477241747035343,abnormal
2024-01-01 00:00:22.390,-1.5966498674178335,-0.3052047925403203,6.409095856088548,-0.9904208329083294,-0.3385638211475579,-0.22189870881949517,abnormal
2024-01-01 00:00:22.400,1.4099104604752164,-0.6086657333685439,7.1608848503906355,-0.8062082458116634,0.7517586995800353,0.3571326776237641,abnormal
2024-01-01 00:00:22.410,1.0876592914268999,-0.60030700542572,7.357030460992998,0.37264481481529527,-0.050711239428491046,0.21367276102606164,abnormal
2024-01-01 00:00:22.420,-1.0793801868586042,2.080488732391686,8.287633511756678,-0.08340535813741132,1.0661223091575625,-0.6259482044331869,abnormal
2024-01-01 00:00:22.430,-0.3826082603288578,1.646603317025761,7.749565108917693,-1.8587293865336851,0.9323670960085688,0.35828155079921836,abnormal
2024-01-01 00:00:22.440,-1.380423283323902,-0.5311479699519264,6.916757466541554,0.8090094053167621,0.918652547893888,-0.22371001927594922,abnormal
2024-01-01 00:00:22.450,0.04088765325342444,0.23324539144977052,7.043568668495483,-0.4124682892508764,0.3977199641176969,-0.047114942441265496,abnormal
2024-01-01 00:00:22.460,1.3090235802281662,-0.2840860161715904,8.02557774938093,0.8950821619590275,-1.0925819908840413,0.5179266023921002,abnormal
2024-01-01 00:00:22.470,0.3015492561383526,0.2293535443820666,7.857056474879426,0.49867908522760956,1.6019389493230212,-0.3876400019968035,abnormal
2024-01-01 00:00:22.480,0.32911200796401185,-0.8699022003294843,9.237114490646686,0.10157047463809238,0.3029064514585512,-0.3875380581905187,abnormal
2024-01-01 00:00:22.490,1.2961340428718409,0.29834689571664275,9.573513332146835,-1.5199998073579932,0.4635455091513712,-0.4513278961036983,abnormal
2024-01-01 00:00:22.500,2.5980143504708195,1.6861548656869385,6.858662381069672,-1.1212910567729903,-0.20157229221680825,0.3264220091722824,abnormal
2024-01-01 00:00:22.510,1.675437519314256,-0.70035071221455,8.249138865665028,0.2897319705797434,0.1084802647324041,0.7096644660302354,abnormal
2024-01-01 00:00:22.520,-0.6715641498246797,1.7373981365734414,9.07136275281615,0.2775404064993871,0.947432050897786,-0.2763830719035703,abnormal
2024-01-01 00:00:22.530,-0.8347910082647508,2.7816530655463167,10.047283731927973,0.6685143600706669,0.9923563927040919,0.5610349379978975,abnormal
2024-01-01 00:00:22.540,1.2214408911742363,-1.5128465908943898,8.209084582141557,2.112536864250241,-0.28033059296992285,-0.33628667047786265,abnormal
2024-01-01 00:00:22.550,0.7644147959698465,0.3758593443433785,8.633929667591875,0.6155447804844218,-1.5298790405077705,0.008382002019667647,abnormal
2024-01-01 00:00:22.560,-2.360058902859498,-0.06460061461608543,8.164405533730216,-0.25601786480928157,1.4855400904030938,-0.06243587616620202,abnormal
2024-01-01 00:00:22.570,0.12268270898175301,0.6940123845182823,7.609086879349869,-0.15854378531781516,0.4228471971530446,0.019979078408004593,abnormal
2024-01-01 00:00:22.580,1.9889226542885032,-0.5465900749958088,7.609985931421953,0.5984253557857026,0.17856120191363217,-0.48807213146362577,abnormal
2024-01-01 00:00:22.590,-0.7440265516031664,-1.9927047444582755,7.447837607214977,1.735844022992737,0.07633383001558204,-0.08678397319073958,abnormal
2024-01-01 00:00:22.600,-1.7887173975860151,-0.8223689928124285,7.079544948674126,-1.7957048000999154,-1.033209139841461,-0.5874573384833388,abnormal
2024-01-01 00:00:22.610,0.4116535572030135,-0.8555817175836332,6.167162073058564,0.7348137321091054,0.6999979279426671,0.1462327752097762,abnormal
2024-01-01 00:00:22.620,0.8853365123677184,2.1939992231404535,5.375772340711616,-0.8225254854559125,-0.3073173101569312,-0.4942014297784861,abnormal
2024-01-01 00:00:22.630,1.5145181918174415,0.9643833742994026,6.0541251066092086,-0.3205628724312706,-0.5497316369753088,-0.024156633284706762,abnormal
2024-01-01 00:00:22.640,-1.1606175895473063,-1.5380868787266397,5.837786855299607,0.4748802133981007,0.5566411689147321,-0.23465470723517212,abnormal
2024-01-01 00:00:22.650,-0.5509594468450227,2.8829081079782113,5.802973824836392,-1.1698370281033998,-1.111117103489076,0.17207306871684225,abnormal
2024-01-01 00:00:22.660,-0.04151404573737793,-1.2668825426699648,5.294303591695977,-0.02257986402989599,-0.7352041249627542,-0.2823200039221874,abnormal
2024-01-01 00:00:22.670,-0.8443688444275109,-0.5295853597767735,5.065265651750472,-0.20285036044236288,0.1463703244337863,0.2137863329945938,abnormal
2024-01-01 00:00:22.680,0.41690820873347945,-1.538801452684606,4.60253340895754,-1.133081491834177,-0.3105379289575034,-0.015169629877710287,abnormal
2024-01-01 00:00:22.690,-1.4203225189765836,-0.16984483650430593,4.127116078471372,-0.4665379496960136,0.13123499729728216,-0.2714190848571008,abnormal
2024-01-01 00:00:22.700,0.6856070809384659,-0.153213983914999,3.4034028031043757,-0.6930944291228531,1.705086354641573,-0.5674916278269977,abnormal
2024-01-01 00:00:22.710,0.8479540037259863,-0.7742751509833599,2.3523954637926594,-1.001605303826914,-0.7918944226231719,0.21489974404492154,abnormal
2024-01-01 00:00:22.720,-1.7272756427860922,1.3401234794256554,1.8067449798782653,-0.0741184552869025,-0.06220358468575251,0.16660520414137558,abnormal
2024-01-01 00:00:22.730,0.07801957763203493,0.28957841295690734,1.6885643018732708,1.0687306495478954,0.5715857632177886,0.5351506711480972,abnormal
2024-01-01 00:00:22.740,0.20467809001115114,-0.8310233451866965,0.8270705160978169,-0.026789911327775758,0.5781287384091283,0.5232662984665212,abnormal
2024-01-01 00:00:22.750,-0.8036020794501731,1.9285198089075735,0.09713341715974616,0.1582914742048599,-0.29265354896861406,0.9068262614568627,abnormal
2024-01-01 00:00:22.760,0.6706286570626392,2.9678344064034086,-0.0002149390357005232,-0.9973695859223953,-1.5215230325401066,-0.7509656168573601,abnormal
2024-01-01 00:00:22.770,1.5553468541593083,-1.8725635533340925,0.8172205328751148,-2.6183183401393944,-1.985130003268876,0.39575222404505195,abnormal
2024-01-01 00:00:22.780,-0.8191621393607309,0.4432101168102361,1.7069632644821486,0.5981349252697513,-0.5685069185149806,0.14967403814973787,abnormal
2024-01-01 00:00:22.790,1.4272621835469692,2.3029853977094765,2.3592512859515233,1.3233751608934188,-0.4316060416303552,0.6159918369803912,abnormal
2024-01-01 00:00:22.800,-0.9575641679385707,0.4213356311868969,2.3959365216656967,0.7423971566368749,0.28997211102900855,-0.6239877047049343,abnormal
2024-01-01 00:00:22.810,0.7774083143215176,2.166440062933722,3.3922636670954405,-0.23025815499242733,1.555842871932653,-0.03547109475144436,abnormal
2024-01-01 00:00:22.820,0.4302380094424411,-0.3465307923185666,2.0564131748751615,0.18799773365089395,0.8909618303067333,0.9792331103565803,abnormal
2024-01-01 00:00:22.830,0.4131091151574141,0.5074587301049069,3.286457242690925,1.3414024228723047,-1.6492609063391146,-0.03786272618578854,abnormal
2024-01-01 00:00:22.840,-0.612505694264451,1.4359245323726906,4.02911344845734,-1.0189340307865098,0.8471389170777605,0.05251645209125253,abnormal
2024-01-01 00:00:22.850,1.799876310571723,0.6284336721780722,4.562805957738912,0.0712068102089513,-0.45278216497353435,1.1470994046870069,abnormal
2024-01-01 00:00:22.860,1.0716954520847621,-2.297889492950668,5.365731174569583,-0.32950247366083535,0.038889760665880346,-0.402255390393183,abnormal
2024-01-01 00:00:22.870,-0.8489888445022342,1.7237848294930347,5.160566937091508,-1.0618153584328895,-0.2527622658523301,-0.23291047114416794,abnormal
2024-01-01 00:00:22.880,-0.5673705741960977,1.9377258165557487,6.866162071394779,0.5462275028282884,-0.48673418015105596,1.0575108367280246,abnormal
2024-01-01 00:00:22.890,-1.2805417424975973,-1.8693871488804854,6.1232244744984525,1.5498117102441638,-0.5902727091076889,0.5732750003793239,abnormal
2024-01-01 00:00:22.900,1.7594651748421077,-2.2029347671757096,6.664685897619682,-0.9305264778831279,-0.1030310488538356,-0.09065729782065002,abnormal
2024-01-01 00:00:22.910,-0.959186192524691,0.4832967488433525,6.832031265373631,0.7205090173804747,1.1175094354145707,-0.07528405207482296,abnormal
2024-01-01 00:00:22.920,-1.0460943280983677,-0.7473160274257262,7.139358118064355,-0.9740639039121949,-0.15447811800752015,-1.005873167443671,abnormal
2024-01-01 00:00:22.930,-0.9177210046755373,-1.0586513215635163,8.320305085529915,0.7900836294567226,-0.0016237691187684308,-0.34000699033979864,abnormal
2024-01-01 00:00:22.940,0.002042400810445976,0.4600475930971897,7.230013990765164,-0.9265456523444072,0.3658893281727021,0.750261362329936,abnormal
2024-01-01 00:00:22.950,-0.9262326863557919,-0.29278744029172454,7.717673870314234,-0.4367137890868689,-1.2751807747660033,-0.016239037825728424,abnormal
2024-01-01 00:00:22.960,-1.9170725801673119,0.24185346830012894,9.29789005312311,-0.19778793885328363,-0.02379925280805925,-0.9193109111133079,abnormal
2024-01-01 00:00:22.970,1.7205644180241733,-0.5830956233213584,8.783875708223992,-0.6049252744248556,0.3043398249106619,-0.10823883438396746,abnormal
2024-01-01 00:00:22.980,-0.5384645458981588,-1.0270045521668663,8.805217225135886,1.6916121731696554,-0.6354525226674476,-0.12011268488758568,abnormal
2024-01-01 00:00:22.990,0.2920305099873654,0.7515260186413635,8.066886214636643,0.7916760134915731,-1.2722581060467473,-0.15347297072669794,abnormal
2024-01-01 00:00:23.000,-0.6610109917087018,-0.941899386920049,8.849689061645133,1.1169885958480326,-0.1547490238406184,0.6724884690052882,abnormal
2024-01-01 00:00:23.010,0.8636362583628178,-0.62157026978458,9.096474020633343,-0.38276818756225994,-0.31839728046748467,-0.12604043188055367,abnormal
2024-01-01 00:00:23.020,-2.3610472092084183,0.2566154733289204,9.370419098341058,-0.8247314782266517,-1.440871933175613,-0.23805573526532475,abnormal
2024-01-01 00:00:23.030,2.0383563925131623,0.5471084000209216,7.790963913510875,0.11046711538411214,0.6058277309708767,1.0003297223219438,abnormal
2024-01-01 00:00:23.040,-0.9431322949891897,0.34269573352098187,8.360616258372401,-0.9910770028319813,-0.729884472839811,-0.3148147706883131,abnormal
2024-01-01 00:00:23.050,1.1818235798253225,0.37020949399084374,7.465743719901764,0.07724915458409409,-0.48856490608316105,0.609069191569915,abnormal
2024-01-01 00:00:23.060,0.9309414495419182,1.4915883326477124,7.568967375877672,-0.2734700755358914,1.533152417547619,0.3230707360363199,abnormal
2024-01-01 00:00:23.070,-0.7467006846060595,-0.39017596114538844,9.073100077897031,-0.8628416565348753,1.5119703021448192,0.5298279845189114,abnormal
2024-01-01 00:00:23.080,-1.094783434684506,1.0693886766292535,7.560134687555596,1.454506888436058,-2.0015253555263417,-1.0203665505662227,abnormal
2024-01-01 00:00:23.090,-0.9110280368551952,-1.7884019841323988,6.818090605804316,-0.08062598259451498,0.4404861310806321,0.21960504695762129,abnormal
2024-01-01 00:00:23.100,-0.7955560732662988,0.28780908166381053,7.4867633443198365,1.8010693187177353,0.2040426290443686,0.11083077479469684,abnormal
2024-01-01 00:00:23.110,0.9036484213852887,1.2550511964876352,6.669314414543997,0.655046553618955,-0.01657241379528825,-0.6697195803343464,abnormal
2024-01-01 00:00:23.120,1.2151804319511113,1.549463288364481,6.200458172988244,-1.2223794940667427,-0.45602623897788336,0.5710168838261035,abnormal
2024-01-01 00:00:23.130,0.8246399491881242,-1.2604755307250672,6.406785669422093,-0.977880989770301,-0.7361420260850549,0.529592420162614,abnormal
2024-01-01 00:00:23.140,-1.0917047673900575,0.8970818453095907,6.213264892014667,-0.6850966412463538,0.33881811357784797,0.15104377990018597,abnormal
2024-01-01 00:00:23.150,0.3749952153807565,-1.0721020377546489,5.924003205222843,-0.07429893858546958,-0.7361993727158814,0.7481822945383968,abnormal
2024-01-01 00:00:23.160,-0.49860585573397664,3.309120319486888,5.2689932477704895,-1.6648996136237963,0.4557937650339669,-0.8162656915516068,abnormal
2024-01-01 00:00:23.170,-0.8553377479204166,2.22690904395042,5.149344358221036,0.8131375164816271,-0.2902231987005005,0.28429020679999184,abnormal
2024-01-01 00:00:23.180,0.7452578247591405,-0.3842350037163553,3.4007352788371206,0.318346197460358,1.3581365320211174,-0.6982407145972672,abnormal
2024-01-01 00:00:23.190,1.1404355487326174,-0.9522378473556968,3.3129326466537803,-1.2437393732099464,0.14740789298805865,0.6946184459041608,abnormal
2024-01-01 00:00:23.200,-0.20432964684627394,-0.7558429915145949,4.358776040070382,0.4316440574308716,1.4573266060073842,-0.23327469585427182,abnormal
2024-01-01 00:00:23.210,-0.38475335533925514,-1.4775579859220043,3.706746554238512,1.5736932855052266,0.04196244935150347,-0.3947766067758507,abnormal
2024-01-01 00:00:23.220,-1.1879171937438988,1.2989635262869716,2.059051031000944,0.11818544606430337,1.7699296724741904,-0.09268370015631508,abnormal
2024-01-01 00:00:23.230,-0.2604948918260456,0.24194356380632642,0.8381721544304429,-1.3174680442500935,-1.157771528290911,-0.26800165146731575,abnormal
2024-01-01 00:00:23.240,-0.10637969103057791,-1.557068338237242,2.2374322106652182,-0.868607655498006,-0.6776391166040031,1.1432700793983768,abnormal
2024-01-01 00:00:23.250,-0.2767087538258159,1.601156982797834,-0.32366456307217173,-0.3417178727475714,-0.30271992286419563,0.14227358066707524,abnormal
2024-01-01 00:00:23.260,0.32897906435253754,-0.30230666594205546,0.04278549605566098,-0.19466097545949174,0.430403634385974,0.1815706787700251,abnormal
2024-01-01 00:00:23.270,-0.20879052016659788,0.010151770907312532,0.780122545636392,-0.2577962297619251,0.20731613542681002,-0.733599710778756,abnormal
2024-01-01 00:00:23.280,0.388898765437137,-0.366551294912831,2.2366249763490593,-1.4084921243605923,-0.07366576271914026,0.211980826654257,abnormal
2024-01-01 00:00:23.290,-0.8556562599607721,0.6001577857170609,1.4920147334848401,-1.0435025610321549,0.5651199462388122,0.399109194604291,abnormal
2024-01-01 00:00:23.300,2.6765047505670148,-0.7977043568612993,1.209576567135454,0.20206425482890356,-1.288220795389553,0.5171026103807741,abnormal
2024-01-01 00:00:23.310,1.5508329802123515,-0.8881113506966103,3.3713003484306,-0.10755112348413995,-0.5217557582594168,-0.49783720978986146,abnormal
2024-01-01 00:00:23.320,1.893798728445415,-0.9558460642578526,2.416439252500126,0.2440896300846979,1.1409251883016347,-0.22694289907227688,abnormal
2024-01-01 00:00:23.330,0.799139151469898,2.1285877408501226,3.1775212987419654,0.21291257993630697,0.22994086146120085,0.7184545879228131,abnormal
2024-01-01 00:00:23.340,0.10545363166653098,-1.6464511897253264,3.4837173219312945,-0.29207904764766485,-0.7522916793511848,-0.4799032438890496,abnormal
2024-01-01 00:00:23.350,-1.5566661754384028,-0.8624370316036212,3.9885893823301033,-0.3016549430011294,0.12504868318492568,-0.46424146340505945,abnormal
2024-01-01 00:00:23.360,1.5881302431750424,0.9094128552715552,4.5944725758208165,-0.16476726148364618,1.872030467689088,0.9018373808996412,abnormal
2024-01-01 00:00:23.370,0.7357839912301226,-1.6180449124382281,5.153677823172375,-0.4122683164616232,-0.03832720642400475,0.5296239042707471,abnormal
2024-01-01 00:00:23.380,-0.396042755894581,1.7221904299059814,5.8378196337872845,-1.1996213831272113,1.500886837276953,0.3255708535366746,abnormal
2024-01-01 00:00:23.390,1.1581066764623635,0.9831297339563345,5.8036219120396515,0.41288639950698836,-0.2879247782761167,0.07179930870962056,abnormal
2024-01-01 00:00:23.400,-0.18511038523461526,0.694295383894807,6.450302802212549,0.048147525681124716,0.7910897913429408,-0.24642267789143918,abnormal
2024-01-01 00:00:23.410,0.6790939630195285,-1.4643393313998063,6.276621210609734,0.20081327935795304,1.076223169829316,-0.6809220332717439,abnormal
2024-01-01 00:00:23.420,1.746778983636993,0.22951138200539442,7.0437461779892,0.03652883334009908,-1.4462179139755282,-0.6018034722527426,abnormal
2024-01-01 00:00:23.430,-0.0433775041119994,0.7488688813492944,7.351359021252921,-0.21041768152455365,0.18647138026035992,0.46216139385969,abnormal
2024-01-01 00:00:23.440,-1.4995443593184976,-0.38423353791600573,7.6844422060454916,-0.21906581081684667,0.4510544679967017,0.43855768244805243,abnormal
2024-01-01 00:00:23.450,-1.5294528730254524,0.2921292206176683,7.581739207160213,-0.7783087975458529,0.525553699432127,-0.5517568329496916,abnormal
2024-01-01 00:00:23.460,1.6126598821499318,1.5863211489593743,8.820028315482418,-0.7063303980288141,-0.24870980521839198,-0.24500830262249237,abnormal
2024-01-01 00:00:23.470,2.3539144223925494,-1.6524347320814174,8.89082559783892,-0.18769143627144907,0.7145282645440106,-0.3563140865752454,abnormal
2024-01-01 00:00:23.480,-0.28010289436968155,-0.6085349059603773,9.510008839585566,0.08079795807279935,0.1423759921197548,0.3586224551883766,abnormal
2024-01-01 00:00:23.490,-0.7187574716522942,-0.8958194586852506,8.182887807620693,0.4832807082135794,-0.748507212626437,0.4222205841137417,abnormal
2024-01-01 00:00:23.500,-2.2899958630117356,0.2090133539285163,8.763446038985016,-1.0934756417894005,1.456149918162066,0.22090174689980524,abnormal
2024-01-01 00:00:23.510,-0.2538067480213822,-0.14778005352068413,8.91949688760927,-0.043795886762965586,0.13378144140507622,0.05772024572506577,abnormal
2024-01-01 00:00:23.520,-0.659781905123525,0.3034589233351215,7.625394751438736,0.81612309636343,-0.8146143371291602,1.475771122364573,abnormal
2024-01-01 00:00:23.530,0.2634738730070695,2.0600596048926256,8.172383732989074,0.2416279413353586,-0.888460233845858,-0.7254134407607533,abnormal
2024-01-01 00:00:23.540,0.5972297496307959,-2.1967361507234195,8.328290257511522,0.19970612560220283,0.47284964080059677,0.05788841654622213,abnormal
2024-01-01 00:00:23.550,0.7251749545773528,-1.5855104472194854,9.354037954884763,1.1919086541461217,0.23050943759443193,-0.0026453549777688172,abnormal
2024-01-01 00:00:23.560,2.026706947593953,0.910478612536307,8.289489516899176,-0.1854564910934239,-0.27650518112148287,-0.4327823120598892,abnormal
2024-01-01 00:00:23.570,-1.31195563276085,1.3875955558805921,8.215110211326781,0.030040027521530406,-1.1944596460464518,0.5644048207559085,abnormal
2024-01-01 00:00:23.580,0.014045898554409417,-0.12291389441691358,9.0251020586928,-0.0319549066973635,-1.6797680685703313,0.1553416622254848,abnormal
2024-01-01 00:00:23.590,0.21859259964572358,-1.5597907970649845,8.040365763221649,0.2039376578391967,0.6359171432020987,-0.22248766475386567,abnormal
2024-01-01 00:00:23.600,-2.456712247613258,2.567919941795456,8.55186784387097,-1.58895815562382,-0.3283312924274287,-0.04470162295827958,abnormal
2024-01-01 00:00:23.610,-2.055587217946081,2.0041455268063655,7.635177080515218,0.2556205212858436,-0.4193607644940433,0.8545467770665492,abnormal
2024-01-01 00:00:23.620,0.40416296761552334,0.06499797248711309,7.501155680893404,-0.39803977129391654,1.6348959601384359,0.24542105090746374,abnormal
2024-01-01 00:00:23.630,1.9222676440080826,0.9864126103938122,6.997942277094737,-1.1262540122041882,-0.6698994315627866,0.8895638953312082,abnormal
2024-01-01 00:00:23.640,1.9093508947723357,0.4759894280018801,6.295301017485325,-0.975786280259204,1.0347561074763936,0.5097706871197112,abnormal
2024-01-01 00:00:23.650,-0.9286215481956785,-1.9664011439558569,5.5241100268240375,-0.2499493374506959,-1.1185710552367392,0.14474343704621973,abnormal
2024-01-01 00:00:23.660,0.5662074299358945,-0.5692703987676951,5.658595946641289,-0.541171628608543,0.4318335394000355,-0.743867048207433,abnormal
2024-01-01 00:00:23.670,-0.1861155567648031,-1.6774353202205567,5.485372925268615,0.9479322701183961,0.8890992489788166,-0.1432642905892403,abnormal
2024-01-01 00:00:23.680,-2.155077222887391,-0.40866885503277023,4.186643692577139,-0.8440022851704067,-0.40608448059432395,0.44076812847194147,abnormal
2024-01-01 00:00:23.690,-0.5182020465626659,-1.3966862642577087,2.4042936951654226,0.05248385853387413,-0.3387936284952205,0.14166785941502913,abnormal
2024-01-01 00:00:23.700,-1.188094029299824,-0.36214790152618304,2.8796534248178287,0.07542544671436097,-0.40440412098278994,-0.8495487078473549,abnormal
2024-01-01 00:00:23.710,-0.7610409118748099,0.6924913391707795,2.928338663465254,0.016982917689696873,0.7576539294015521,-0.06475569200553581,abnormal
2024-01-01 00:00:23.720,1.272827931953121,-0.24875754665305844,2.3488332781103782,-0.008494720289677184,-0.039802956040017316,-0.3746169934103735,abnormal
2024-01-01 00:00:23.730,0.7588265460031126,-1.0133293394224778,2.050554398686829,0.3093261381548677,0.6328089629029493,-0.3610509372090275,abnormal
2024-01-01 00:00:23.740,0.5875080161157556,0.8538115272448539,3.004309912362217,1.1781127162909737,0.28414774514924834,0.6415890144218528,abnormal
2024-01-01 00:00:23.750,-0.37980842067856857,-0.7118513748128071,1.3476897111132389,0.2880706786159401,0.7649104303665437,0.18889120865490436,abnormal
2024-01-01 00:00:23.760,-0.6423130202463991,-1.1723040084703795,0.567913129676081,0.4147300128598784,-1.8326979391191323,-0.05251908937806789,abnormal
2024-01-01 00:00:23.770,0.7342412458622855,-0.12735903781627503,-0.4009673840546712,1.583262797020197,1.306891404871521,0.2104531859437111,abnormal
2024-01-01 00:00:23.780,0.5869864427520445,0.2578325692170847,-0.2428373787480388,-0.06630080544647085,-0.41563794132742127,0.04524237199882497,abnormal
2024-01-01 00:00:23.790,0.27897633985454307,-0.13369916383281144,1.0023092935880933,0.23259134530106296,-0.37709463067730903,-0.4296365478276531,abnormal
2024-01-01 00:00:23.800,1.5776651701676858,-0.726838752318125,1.3737139353127017,0.051464596076718765,1.141969010146857,0.7321141744215973,abnormal
2024-01-01 00:00:23.810,0.8264502075874193,-0.9108606047217244,1.927299746465544,0.10709147490835355,0.5473221172280971,0.0069981800463073465,abnormal
2024-01-01 00:00:23.820,0.45779426032349113,-0.09788949480770615,2.4990439503856137,0.3260244419440325,0.563660075872577,0.8545796266300604,abnormal
2024-01-01 00:00:23.830,1.5320368227680092,1.4856630392581596,3.5690115008600944,0.8615726346028075,-0.44773870469155724,-0.2633039330805868,abnormal
2024-01-01 00:00:23.840,-0.9337903757356154,0.1813267267305571,4.038248672965878,0.2209633131452329,0.929915615587604,-0.4931992128200181,abnormal
2024-01-01 00:00:23.850,-0.77313427028986,1.367370729144137,4.608530298375527,-0.581330251085665,-0.1001413788686952,0.056490208960517256,abnormal
2024-01-01 00:00:23.860,-0.9472044716350988,1.034730319238755,4.002564908041196,1.1195860949482275,0.036520937108976935,-0.26867795029700803,abnormal
2024-01-01 00:00:23.870,-1.4233013191518606,-0.7143766770288019,5.151436734020474,0.679248881815172,0.7426444326512466,-0.9365254757476775,abnormal
2024-01-01 00:00:23.880,0.3375904588583229,-1.9990443619972602,5.719378016657106,1.468276566827179,-0.6013248108698489,0.765188276674562,abnormal
2024-01-01 00:00:23.890,-0.5589084003619421,-1.0814014855191982,4.864557492916262,0.24373480014612522,-0.9387225632016697,0.8940806589366519,abnormal
2024-01-01 00:00:23.900,0.3667402282604677,1.382811825395685,6.481976499628191,1.1348429046902744,0.4508123643320145,0.5762361421030111,abnormal
2024-01-01 00:00:23.910,1.1047286759125778,-0.4263085977032964,6.49042073756112,0.9336746671219937,0.04969800265268058,-0.35518730587483277,abnormal
2024-01-01 00:00:23.920,2.9027367473533436,-0.3089679936062084,6.743838275974395,-1.3055576884336815,-0.18535817909069896,0.2422333765585294,abnormal
2024-01-01 00:00:23.930,-0.43375673100576545,1.0164467934635726,6.753553835907278,0.034849810907830465,-0.47434846841467293,-0.09456265178293867,abnormal
2024-01-01 00:00:23.940,1.3111397121348218,-0.4819801064417713,6.846478629267785,0.15242998676376757,-0.25141765638851715,0.5795527295335668,abnormal
2024-01-01 00:00:23.950,-0.10073704264100775,1.0392422473859209,7.048321630825836,-0.2965375183430556,0.06476449187564676,0.7123713644560208,abnormal
2024-01-01 00:00:23.960,1.1337336736971602,-1.1432366615644565,7.199297581091865,-1.6800427349162628,-0.01699671521534489,-0.7058232016768388,abnormal
2024-01-01 00:00:23.970,0.06332809057373004,0.5933716326752417,9.219461347052816,0.36614134102730517,0.4066021202099185,-0.19806717141458083,abnormal
2024-01-01 00:00:23.980,0.6520009220732014,-1.0099788201076902,9.585539175698244,0.2477316555589369,0.6739843760097058,0.8671186682854002,abnormal
2024-01-01 00:00:23.990,-2.0948747834181836,0.17847015111085862,8.721404866445384,-0.16197418269185057,-0.1221756121423705,0.36762568066523194,abnormal
2024-01-01 00:00:24.000,-0.37760299835774175,0.06121942287876111,7.211120076917283,0.0024623615896607514,-1.5766926084879282,0.15867050480225467,abnormal
2024-01-01 00:00:24.010,0.8487954612466095,-0.4965940869580161,7.845004037965801,-0.644295313916251,1.3634449149352152,0.20102296450988866,abnormal
2024-01-01 00:00:24.020,-0.05619481745454364,0.5163052918318597,9.641438921185017,0.3222870687158544,-0.1701507552782904,0.2619368058964275,abnormal
2024-01-01 00:00:24.030,-1.4510613771584104,0.25056452964357645,9.16065553740766,-1.2684789866411952,0.07830714714570182,0.7640154317961318,abnormal
2024-01-01 00:00:24.040,0.5025007386957367,-0.6752477771459633,8.040400455734249,0.3014499009909994,-0.28996452552686725,0.9077684976848055,abnormal
2024-01-01 00:00:24.050,0.7404520862776343,0.9540601187192487,7.144135440439789,0.11500109072976672,-0.5821917314146432,-0.7605773896241519,abnormal
2024-01-01 00:00:24.060,-2.153235981176395,1.1628061030940278,9.433670617090895,0.6599440939350926,0.6763939773575072,-0.26682444066917277,abnormal
2024-01-01 00:00:24.070,1.3778104863625569,2.0573607808615693,7.762141173589145,-0.3318637563168718,-0.7595825472267957,-0.778882648812115,abnormal
2024-01-01 00:00:24.080,0.5490147576294482,0.7652112956058952,7.239786653233622,0.32635086370716726,0.8150132831353716,0.7703264650530568,abnormal
2024-01-01 00:00:24.090,0.854907003892254,-0.002456992970494792,7.88239872180656,-0.12269422299013125,-0.7251927075036068,0.5326186676784098,abnormal
2024-01-01 00:00:24.100,-0.8524191319740194,2.8808654293181637,6.429779931355647,-0.6773812729799723,-1.1920899119870796,-0.9138610343929429,abnormal
2024-01-01 00:00:24.110,-0.03261192500203925,0.24495574649526558,7.220402430224079,-0.27212270922386206,0.19407859316154685,0.23730122509081328,abnormal
2024-01-01 00:00:24.120,0.0020928267023021868,-0.2244914235070981,7.81704197445844,0.7706520109557701,0.21399571958826066,-0.0856662234262954,abnormal
2024-01-01 00:00:24.130,0.10712184200778145,-0.7614555756107797,6.9756869596684865,-0.0849018252564776,-1.0434639006280513,0.08960766876418029,abnormal
2024-01-01 00:00:24.140,0.19480432768435083,-0.5688903572933895,6.509339667223525,-0.4890380391798568,-0.25906873984308926,-0.13118299344651907,abnormal
2024-01-01 00:00:24.150,1.0396696177092846,1.535362722777774,5.150561561504962,-0.4655604314710166,-0.4105286689939264,0.1949988519285865,abnormal
2024-01-01 00:00:24.160,0.4855651914669109,0.6630699140655021,5.768784031616821,0.8661479785738064,0.5887551802293645,-0.1729193006492508,abnormal
2024-01-01 00:00:24.170,-0.2577591407700768,-0.017084466713686856,5.0356946173609956,1.9242533445402787,1.362278243671335,0.45943795071992133,abnormal
2024-01-01 00:00:24.180,-1.6433662912579787,-1.8637723134353177,3.574994902289732,0.5782226334882963,-0.19152523911290054,-0.09956265348352833,abnormal
2024-01-01 00:00:24.190,0.6861927723100812,-0.6292942418136858,4.578563474441236,-0.42050656476535925,0.18064014389610486,-0.4848355482761187,abnormal
2024-01-01 00:00:24.200,-0.37450214629490797,-1.492930606117583,4.39150597397733,-0.5600294215467755,-1.2231884826090502,-0.730233818372625,abnormal
2024-01-01 00:00:24.210,0.14560376681014123,-0.007019175112893491,3.1471767472068737,0.3760596589502811,0.4112839502770886,1.1378456348011845,abnormal
2024-01-01 00:00:24.220,1.0862921214607881,0.9473732447756509,3.1736791628989987,-1.3552722785022557,-0.9990254617643932,0.08486904957748258,abnormal
2024-01-01 00:00:24.230,-0.6626046600683597,1.203480122259052,3.144334444509164,0.07879155672075473,1.839489267746833,-0.2803313581068024,abnormal
2024-01-01 00:00:24.240,-2.120449503183334,0.7281967824439441,0.2911290236386881,1.2140296430444724,0.7009750097303779,-0.5582795127996282,abnormal
2024-01-01 00:00:24.250,0.24516886973849808,-0.17643265404647732,1.0727139047749037,1.191564875448061,-0.19940602247270012,-0.04423928329295718,abnormal
2024-01-01 00:00:24.260,0.3844714252320009,-2.0913320996127718,0.7592878114594094,-0.739735519716873,-0.5374923588913424,0.03549524090333954,abnormal
2024-01-01 00:00:24.270,0.3347205084881421,1.8276714375642245,-0.05729907158781378,1.3378241201894125,-0.06252974889026759,0.15765582365437295,abnormal
2024-01-01 00:00:24.280,0.8380963856463471,-1.503700203842988,0.009647238457898943,-0.8607844588897082,-1.0431287142503973,-0.3176895238809815,abnormal
2024-01-01 00:00:24.290,-0.23917010859292592,-0.6100910279858044,0.7249644412478229,0.720739245702897,-0.11736776266507214,0.6824258515710623,abnormal
2024-01-01 00:00:24.300,-1.0491452716919925,0.5781131825752236,2.725586928733093,-0.17960223097868136,0.026896302700608023,-0.03969936469625696,abnormal
2024-01-01 00:00:24.310,-1.607993651606098,-0.47991231871759826,1.2670722924078848,0.9723040119950579,-0.8005942815810139,0.6709098661536729,abnormal
2024-01-01 00:00:24.320,-0.38573679136984745,-0.43962342825849327,1.6474981704385643,-0.14580308796611213,1.2467127769416617,-0.04595101138417803,abnormal
2024-01-01 00:00:24.330,0.851162332861233,-0.3837991767159285,3.5603241849142835,-0.41378702604524203,-0.5428143521023844,-0.30245258302796124,abnormal
2024-01-01 00:00:24.340,0.5660412997729681,0.04108442044973043,4.73336275872459,-0.1996917503472619,0.4695639779857959,0.008465127759277942,abnormal
2024-01-01 00:00:24.350,-0.11414970091878246,-0.1939830594967951,4.44091900180734,-1.0913132319742038,-0.6073312711888911,-0.5839957895446771,abnormal
2024-01-01 00:00:24.360,1.6993100662348994,0.5346716985801596,4.207051568491975,-0.9637543438251546,0.559277504528136,0.006446050275387279,abnormal
2024-01-01 00:00:24.370,-0.15895510044170705,-0.3841295623538743,4.7348825351792865,-1.3443746861510393,0.6616754032487598,-0.12938024596617465,abnormal
2024-01-01 00:00:24.380,-0.39544280889219013,-0.44263628317569254,5.359444622492336,0.7939584348013045,-0.749051842949413,0.567742292294088,abnormal
2024-01-01 00:00:24.390,-0.5991259189787371,1.7074187934362595,5.275061034147532,0.5844759416660674,-1.0814632347653186,0.02729611380291679,abnormal
2024-01-01 00:00:24.400,0.047874627604164804,-0.2627999235319227,5.614685047259088,-0.24741004162358757,-0.26204821722213095,-0.3630308878507171,abnormal
2024-01-01 00:00:24.410,-1.5049192132531861,0.3511643675231382,5.965029460538433,1.3763426583496057,0.16896191320181475,0.2996982545733643,abnormal
2024-01-01 00:00:24.420,-0.6840679175271036,0.6567228463533167,6.567729967885746,-1.34276663606809,0.7740741173935671,0.42584358051410015,abnormal
2024-01-01 00:00:24.430,-1.013934159342756,0.7689088800280284,7.244840932450387,0.3438069803796812,2.081650728607475,0.30814485994343155,abnormal
2024-01-01 00:00:24.440,0.46286448832070526,-0.34287508817247586,7.35576963106241,1.1516914557187061,-0.031127486829554473,-0.6335826108508027,abnormal
2024-01-01 00:00:24.450,-0.9472775419595979,-2.0085798033476663,6.615186837628086,0.47918308248812397,0.476895797802269,-0.011117841466140822,abnormal
2024-01-01 00:00:24.460,-0.3001526466443706,-1.4459583408085086,9.248307270544121,1.3487076611395605,0.41019346088879927,-0.01617297895380197,abnormal
2024-01-01 00:00:24.470,0.40392940740406014,-0.16803994270314762,7.845196415298838,-0.29246415308120716,-0.5767662965383674,-0.15191948797563004,abnormal
2024-01-01 00:00:24.480,-1.338333568134178,0.9228164519694237,8.448300821473559,-0.1561657428888263,-0.8361558481579789,-0.9431232281404855,abnormal
2024-01-01 00:00:24.490,-0.455140629687053,-0.7673373449032076,7.862524010048501,-0.2815808632422108,0.9488518820573224,-0.5402175399175247,abnormal
2024-01-01 00:00:24.500,1.089005107248973,1.0072287003864056,8.915728185454304,-0.3073803615363737,1.2598890573420187,-0.013630614797298803,abnormal
2024-01-01 00:00:24.510,0.45957087946064146,1.2875617936809953,7.666742259012812,-0.09652805721069287,0.3468117671070461,0.16928718340692744,abnormal
2024-01-01 00:00:24.520,1.4258209814627738,-1.709290746102833,8.764997662088946,-1.6211949273497641,-0.819315388873345,-0.30848504617172295,abnormal
2024-01-01 00:00:24.530,-0.6388501745331112,-0.5507875313399491,8.984549364587052,0.6597086350014746,-1.2247059741714073,-0.06068204012329484,abnormal
2024-01-01 00:00:24.540,1.194651372549815,-0.779011747581188,8.800521111778002,1.0296045114656003,-0.16409727795692955,-0.1732251263420269,abnormal
2024-01-01 00:00:24.550,1.1484937813986746,0.455844952251225,7.741760001531933,-0.4196839336680151,1.453468604715458,0.16344373514774216,abnormal
2024-01-01 00:00:24.560,0.2867195182692462,-0.749709902768069,8.325229068848524,1.2112607326802816,0.1543114892038557,-1.0180982229286042,abnormal
2024-01-01 00:00:24.570,-1.0881599038215342,0.07932497713270596,8.78658065079884,-0.5251604480573767,-1.157982986772547,-0.3139206918411256,abnormal
2024-01-01 00:00:24.580,1.4938928716699358,-2.1636726454741484,7.999940048054825,-1.1181778708498697,0.9028323674514326,0.6640058665488361,abnormal
2024-01-01 00:00:24.590,-2.145209963280351,-2.1039866334296957,7.874080082883687,0.2401206238570944,-0.7739826161237622,-0.5430794800389859,abnormal
2024-01-01 00:00:24.600,-0.677537213108912,0.14154579732325856,7.635831501618941,-0.8153107580737622,0.46709314151246617,0.30412815548641775,abnormal
2024-01-01 00:00:24.610,-0.08314280048643984,0.08022366199795161,7.5886580366112675,-0.5847095244892808,0.14187390524569718,-0.23823028511096955,abnormal
2024-01-01 00:00:24.620,0.9576090166992367,-1.8333593639418015,7.047954870220314,0.43641525171556733,1.8015504613504838,0.1268443936790661,abnormal
2024-01-01 00:00:24.630,1.4144719866546125,2.8342747029388,6.562582999527201,-0.8721458872671244,-0.5797412367986113,0.17039965939378407,abnormal
2024-01-01 00:00:24.640,0.6209864394200583,-1.0025052768387264,6.692419804963155,-2.0672871066032483,-1.7002696676589117,-0.23861514790703997,abnormal
2024-01-01 00:00:24.650,-1.0870466944759065,1.2920161094554847,6.437155487069902,-0.6737079374778564,0.13128931509151484,-0.11796626268810846,abnormal
2024-01-01 00:00:24.660,-0.07297742163319766,1.8529413546156266,6.845158338185817,-0.4192481768794022,-0.1640779832313755,0.6252980151117259,abnormal
2024-01-01 00:00:24.670,0.3726797906454223,1.5162088491749683,5.132045672146217,-1.7417917807611043,0.7131340319696063,-0.03363184913501508,abnormal
2024-01-01 00:00:24.680,0.13361809711765493,-0.8916233001767631,5.495685520585137,-0.6500676554908866,1.0061232483517812,-0.8422736192540311,abnormal
2024-01-01 00:00:24.690,-0.888521164238527,1.2911688496676192,4.182424989861655,0.25985111479479167,-0.7392823397833354,0.26834458256802124,abnormal
2024-01-01 00:00:24.700,-0.589470476534786,-0.8873809561974796,4.177026570831928,0.14343261249061148,0.029054895502792433,-0.1283292063973105,abnormal
2024-01-01 00:00:24.710,-0.6749711167267118,-1.3849634142731306,4.113750923257483,-0.08737751795421451,-0.9191856539132334,-0.03317658605050213,abnormal
2024-01-01 00:00:24.720,-0.13197888241732894,-1.4269245876066607,3.690649188837206,-0.7309830042377936,-0.2019912074570175,-0.43787523565222247,abnormal
2024-01-01 00:00:24.730,0.20541360604117792,1.5426198360017358,2.6152724671490706,-0.2105503644389112,0.3896719784859986,-0.25734917211689506,abnormal
2024-01-01 00:00:24.740,0.18171322284280114,-1.33517717471189,2.3273524079051393,0.433200979358445,0.771410313020689,0.4194944618324582,abnormal
2024-01-01 00:00:24.750,-0.18829812740289092,0.015331033321286578,1.1705574422786356,0.6689392028476866,-0.19530669806007275,-0.7268148643950773,abnormal
2024-01-01 00:00:24.760,-1.2722609272399785,0.6061054489784503,1.6729143303781293,-0.47124231376640974,0.16300431116679065,-0.33084201747929154,abnormal
2024-01-01 00:00:24.770,0.5446850620947198,-0.4091986376540708,0.9597880730270247,0.14011373743358002,-0.2957082205220045,0.32093823885629247,abnormal
2024-01-01 00:00:24.780,0.6527532408965935,0.5662606441886899,0.4313411076344271,-0.7052204556864496,0.4719496912805672,0.45554438150233356,abnormal
2024-01-01 00:00:24.790,2.6659350821138683,0.5996434208870967,0.5792245560680696,0.5307559021551975,0.497873736921475,0.1820946254507916,abnormal
2024-01-01 00:00:24.800,-0.5632268853292165,1.0285183635013395,0.9254380159936398,-0.6435835355221311,0.184766922082788,-0.20362231790121355,abnormal
2024-01-01 00:00:24.810,-0.13128406135039217,1.9628620826857333,2.0269422121311824,1.072831988646496,-0.17987695635920775,-0.17124406730014394,abnormal
2024-01-01 00:00:24.820,1.6617715391307413,-0.5277292744451173,1.529535900322494,2.018968656083154,0.3045676392135041,-0.4389841952202391,abnormal
2024-01-01 00:00:24.830,-0.8476704465566993,0.20195708124273748,2.2921229437345816,0.47140068409759023,1.2305120543159522,0.9339876097571549,abnormal
2024-01-01 00:00:24.840,0.04869355271298725,-1.076789551338444,4.233608115685582,1.690581598250947,0.6694621977083064,-0.6048968238145161,abnormal
2024-01-01 00:00:24.850,-0.527822796715992,-0.982600450069682,3.346189878110029,-1.0882577220613814,-2.26685095713155,0.5578364152315453,abnormal
2024-01-01 00:00:24.860,1.7492934091414383,-1.4732444642467055,4.251801652355125,0.7083630355125693,-0.051911189776215914,-0.20128380170419752,abnormal
2024-01-01 00:00:24.870,-0.5763222709284258,-1.2746143045820035,4.12124961444405,-1.8889607432608724,-0.30918223948140094,-0.7129614444638008,abnormal
2024-01-01 00:00:24.880,0.854836376565218,-0.6429519542850342,5.282541861237633,-0.6158237982299828,1.0888781276079227,-0.7310337691092655,abnormal
2024-01-01 00:00:24.890,1.9130734269770724,0.9108868337633582,4.848296710055364,-0.05581541056808456,-0.836203584862688,-0.47807606775211037,abnormal
2024-01-01 00:00:24.900,-0.4015567253606865,0.7237307822477473,5.242832666238393,-0.631354733998737,0.5210010292379731,-0.2230570267650056,abnormal
2024-01-01 00:00:24.910,1.8125973062346061,0.20867244268740553,4.870325593716076,-0.2071287048009377,-0.6292281757861361,-0.36131029443913054,abnormal
2024-01-01 00:00:24.920,0.04918414206786655,-0.8205580083015038,5.54587598586769,1.490746700406314,0.9567549566606205,-0.21395474695850794,abnormal
2024-01-01 00:00:24.930,1.841170145613284,0.3683277649233596,6.872880839315023,-0.5421006735663784,0.32405619661942403,0.6952763486118064,abnormal
2024-01-01 00:00:24.940,0.6489247682013312,1.2252622329212957,7.466815603742093,-0.5929491826249166,-0.8264131280739591,-0.6500610992593844,abnormal
2024-01-01 00:00:24.950,-0.6681702098565931,1.7712972288468973,6.822723547665,0.2653837268690709,-0.9958578104727912,-0.45526414134845467,abnormal
2024-01-01 00:00:24.960,-1.6437655637440032,-0.9295418176340134,6.654691706971389,1.8597380344594094,0.8333807561264792,-0.11342463407903051,abnormal
2024-01-01 00:00:24.970,-0.8412111637811018,0.2999176051789721,7.5758243899599425,0.18965910907546818,0.3148961567280646,0.2172338076135016,abnormal
2024-01-01 00:00:24.980,2.562696169089136,0.4579767317060364,8.606470538630766,0.38092689810531477,0.3338394041820934,-0.06647143308593541,abnormal
2024-01-01 00:00:24.990,0.5732156486923886,1.6001610425158732,8.514132590461577,0.11844937721826593,-0.020265436115669465,-0.6945453706563954,abnormal
2024-01-01 00:00:25.000,-0.3100978146139244,0.4741497290918927,8.929134022746641,0.19563596255075807,0.7620884991162533,0.3928775203178137,abnormal
2024-01-01 00:00:25.010,-0.28766801682897475,-1.4480798153557732,7.177031821060183,-0.6493537235143295,0.12601255607592557,-1.27747155285352,abnormal
2024-01-01 00:00:25.020,0.6814114208815369,-1.064770218580185,7.477944088012802,-0.01580344204362927,0.4720314905326067,0.5884315184488126,abnormal
2024-01-01 00:00:25.030,-0.7955341207716066,1.554527977527356,8.426541999299419,0.056555306395086324,1.2013904569407867,0.25000823128296423,abnormal
2024-01-01 00:00:25.040,-4.26438849657837,0.09400914962408839,7.892750718087166,0.32334208067635556,-0.39668812522687813,1.0970196035516018,abnormal
2024-01-01 00:00:25.050,-2.0315382830287976,-0.19898635739586715,8.771887261128086,-1.0444768592186295,1.2184031130039585,-0.0254181632361424,abnormal
2024-01-01 00:00:25.060,-1.0651913547051728,0.16999071078430134,8.6115533117937,-0.6130028893282806,1.4363804270691753,-0.16909126497334395,abnormal
2024-01-01 00:00:25.070,-0.9631128771630559,0.5486627358087516,7.993316381107985,0.6212179856365965,0.35302163612782134,0.23118603555155207,abnormal
2024-01-01 00:00:25.080,1.0936045491461304,-1.218450903657512,8.259854792741036,0.921414790235838,-0.4965145530129734,-0.037749936867231604,abnormal
2024-01-01 00:00:25.090,0.16139697860792268,-1.6700442595047476,7.47752798321394,-0.20258666905200934,1.2652052388072903,1.0871537974158672,abnormal
2024-01-01 00:00:25.100,-0.18977997631283564,-0.1308227327273,7.674292440902291,2.1512804882383603,0.9595501295200272,0.3993067756836815,abnormal
2024-01-01 00:00:25.110,-0.7824017405986343,-0.43423928461064315,6.93115006961743,-0.8967259010158318,0.7156749826249982,-0.17027795571875776,abnormal
2024-01-01 00:00:25.120,1.3287789243007146,-0.1335420372747127,7.249194230708783,-0.8447395687448624,0.7348928081434504,-0.10315260570387573,abnormal
2024-01-01 00:00:25.130,-1.3421238664861284,0.12001667089211296,7.8083987231071506,-0.43006548815034235,1.1343221015385339,-0.5559691426650397,abnormal
2024-01-01 00:00:25.140,-1.5623245173441285,0.056204447102536394,6.925174028563516,0.36919879503033076,0.9419895303600269,0.16941796119480013,abnormal
2024-01-01 00:00:25.150,-0.5439694492030195,-0.1145421614845023,7.167406606854905,-0.9135794817355787,-0.01138139687115192,-0.06993607387191442,abnormal
2024-01-01 00:00:25.160,-2.6884364209639027,2.055156826765386,6.805731796341472,0.5384881652220219,-0.3791525463899955,-0.25136157043388235,abnormal
2024-01-01 00:00:25.170,0.729670566603407,1.1612221933081932,6.405464027841111,-2.150426377260285,-0.14153168481377737,0.5550373902611173,abnormal
2024-01-01 00:00:25.180,-0.5958745446524385,-0.461464300805487,5.177999204099654,-1.2078172112440593,-1.6141142045639705,-0.6789336885905445,abnormal
2024-01-01 00:00:25.190,0.3166437244698405,-0.2910283155902919,4.312701696040575,0.5572022657912657,0.5766612131154324,0.2441254298690752,abnormal
2024-01-01 00:00:25.200,-0.2848723623550315,-0.02036497350637254,4.463218462752348,0.7851187754533578,-0.3171587387301979,-0.5239715871663013,abnormal
2024-01-01 00:00:25.210,2.993215824528861,0.38448804209753257,3.7267152935634456,-0.6803826215619019,0.5117606371400363,0.0594850008193131,abnormal
2024-01-01 00:00:25.220,-0.062378326751441185,1.0827441813537768,3.9978526438732107,-0.5596895622658621,-0.41739158988761954,-0.9698302466431296,abnormal
2024-01-01 00:00:25.230,0.3446357490461202,2.3916913706896894,2.793282047022925,0.9431092278638733,0.5492917409923029,0.0831554310052685,abnormal
2024-01-01 00:00:25.240,-1.721690697623238,1.5185584026249845,1.6799326242891408,0.8580401144908579,1.0105297661534893,-0.16470881884868643,abnormal
2024-01-01 00:00:25.250,1.11876602937044,1.0963155366391761,1.840979710991485,-1.0956024993623155,0.26962490476608586,-0.2625689614371426,abnormal
2024-01-01 00:00:25.260,-1.7810189255271391,0.08308897382178579,2.440919620651182,0.5947793962711132,-0.5523505941518785,0.05448537155126423,abnormal
2024-01-01 00:00:25.270,0.3564116842785692,-1.7218948974493047,0.9363732820365035,-0.5610039125015328,0.767229638115354,-0.027081783592176747,abnormal
2024-01-01 00:00:25.280,-3.2138130111975824,-0.2933466677695947,0.46983299291389313,0.008748151598041714,0.8672360359608691,-0.4554003244841281,abnormal
2024-01-01 00:00:25.290,-1.2683355710563264,0.6479693232624913,0.938170159006341,-0.9170895792639467,0.0951302951835071,0.0983023672386352,abnormal
2024-01-01 00:00:25.300,-0.06612415043085679,-0.6450529426870836,0.820015835745613,-1.0558040286987185,-0.47351242202482713,-1.030383092404009,abnormal
2024-01-01 00:00:25.310,0.8556291664423259,-0.4771275648339968,1.7957736397682722,-0.9346813603191947,-0.22865161923373648,-0.5597594727589597,abnormal
2024-01-01 00:00:25.320,2.5395788450265333,1.765572693920668,2.164271082088067,0.4171571414656319,0.1778259779297948,-0.13585372099388945,abnormal
2024-01-01 00:00:25.330,-0.23286863721501794,-0.22125333517149057,2.2200761186855016,-0.8706494042146913,-1.3488499767272761,1.1293209304843568,abnormal
2024-01-01 00:00:25.340,3.1213102283780207,0.010378292293535235,3.203644724730649,0.8573167073998345,-0.9060110171171097,0.3293324401622007,abnormal
2024-01-01 00:00:25.350,-0.21432221627921613,-0.9333108257296433,2.6530581487191776,-0.845586986568446,0.08060456170575192,-0.1280324551041021,abnormal
2024-01-01 00:00:25.360,1.6146000270857217,0.7053878641663563,3.828238569772802,0.40950717739237114,-0.6587232857657014,0.0284992232489964,abnormal
2024-01-01 00:00:25.370,-0.370700127873388,0.4118250412219731,4.393158798446491,-1.4135578370432207,0.3099620717693649,0.008882762218121369,abnormal
2024-01-01 00:00:25.380,1.5118049027927134,-0.09602290254533064,5.8812473158917875,0.5846399790352802,0.31684380613569607,0.4076867800410707,abnormal
2024-01-01 00:00:25.390,0.14048687846097616,-0.5702634711247098,5.679670152480741,0.16197834524218552,-0.6861321725455641,0.8278103464126201,abnormal
2024-01-01 00:00:25.400,-0.19798104462993965,1.1485527115636889,5.23920004288085,0.8753483644890228,0.07499376647018366,-0.4201586429588829,abnormal
2024-01-01 00:00:25.410,0.801770103660768,-0.5571118411617743,5.786766292866197,-1.3907298083693398,0.16460141734524664,0.6986721172675351,abnormal
2024-01-01 00:00:25.420,1.1102976971388305,0.9116013140934232,6.311164970381872,1.7613265046443,1.111341688275472,-0.4056803271906193,abnormal
2024-01-01 00:00:25.430,0.9629522082470301,1.371181163793516,7.103858578914796,-0.8523538329714897,0.8254594564627934,-0.7690561090391986,abnormal
2024-01-01 00:00:25.440,-1.6440550710109625,-0.0005391900711435989,7.140170938542133,1.0198879430043213,-0.7414104607593179,0.5895268426873764,abnormal
2024-01-01 00:00:25.450,2.128081894826788,-0.7843980492691526,7.452663675928315,-0.39627188908642974,0.09184955232043453,-0.09727060478072187,abnormal
2024-01-01 00:00:25.460,-1.494161604831218,1.381571965420438,8.10249345266493,0.3999262407419036,0.6646170964869917,0.7781282694870845,abnormal
2024-01-01 00:00:25.470,0.2374532979964809,-0.12816637519945046,8.564261515536552,-0.5296200553375764,0.9638814869058541,-0.28082932596958293,abnormal
2024-01-01 00:00:25.480,3.1202589488033197,-0.8285644803755502,8.029654324366595,-0.6850466137618004,-0.2343200203690129,-0.3402794877897483,abnormal
2024-01-01 00:00:25.490,-0.5350730560446467,-0.38946924438156466,8.58101147838796,0.1939101456031633,0.09940262477107344,0.10858658856925993,abnormal
2024-01-01 00:00:25.500,-0.3962763268750131,-0.26989769132882885,7.476511241192109,-0.11234280563749816,-1.0391658998254651,-0.12152711049946237,abnormal
2024-01-01 00:00:25.510,-1.3161566577729422,-0.8765874779702931,8.837415142438752,-0.5161189110015985,0.7513510906207729,-0.5623676019097988,abnormal
2024-01-01 00:00:25.520,0.6979234899635637,-0.06995137790569286,8.286136264935195,-1.028448812505943,0.5057505866770641,0.09551654971596191,abnormal
2024-01-01 00:00:25.530,-0.08271939718704953,-0.6756140507868696,8.06407066593615,-1.2445838005712981,-0.6041916967836347,-0.8522619929817457,abnormal
2024-01-01 00:00:25.540,0.5116313437770313,-1.6406936188882504,8.353684254461564,-2.0148363492158974,0.9612017851172585,-0.41336423092777563,abnormal
2024-01-01 00:00:25.550,-0.5838722131862738,1.3874006559488987,8.859696087678984,-0.374609546595153,-0.0368062413928897,0.5885929067846771,abnormal
2024-01-01 00:00:25.560,0.3661326697551284,1.324588275864939,8.680311338674311,0.6477868582937569,-0.8855666190101867,0.03423236296068277,abnormal
2024-01-01 00:00:25.570,-0.5828900197327721,1.396529009146845,8.996507462071754,-1.2252158709077523,-0.6208542843121673,0.14244599371855934,abnormal
2024-01-01 00:00:25.580,-1.6411965335426164,-0.08648842841744699,9.35916886598354,-0.9228443670730061,0.27146176999166516,1.0743081232232774,abnormal
2024-01-01 00:00:25.590,0.3112585519183377,1.400801532240668,8.4875838965344,0.849178662531264,0.7967235999852584,-0.149701735261798,abnormal
2024-01-01 00:00:25.600,1.2681739443756155,0.2993168117119365,6.934768298422109,-0.12352607268462322,0.7273002789807943,0.27417714442192875,abnormal
2024-01-01 00:00:25.610,-0.5987358904427957,-0.6675432556436935,7.314251752619983,0.20561032454880612,-0.19560332854186943,-0.7230569291986672,abnormal
2024-01-01 00:00:25.620,-0.7833733021454766,-1.176497402709482,7.571052243373414,0.6537946863064541,-0.10222394281903674,0.030244074673901604,abnormal
2024-01-01 00:00:25.630,-0.5479409656321411,1.9432242516918845,6.508638111169055,-0.520713956978219,-0.4474629707263262,-0.4049186238267651,abnormal
2024-01-01 00:00:25.640,0.11952922578356401,-0.43969110495670527,7.9003875627190405,-0.42241850589787494,-0.3873027719070718,0.8642418874032202,abnormal
2024-01-01 00:00:25.650,-1.0115906067064386,0.6654274735692972,6.509527456226412,0.3962647795431896,-0.7722659877840752,0.06340759509488196,abnormal
2024-01-01 00:00:25.660,0.039608431806538925,0.45123872561343936,6.447205479452209,-0.4112046764883755,0.15764553426590214,0.3032460086748225,abnormal
2024-01-01 00:00:25.670,-2.2691156882949337,-0.4710856939191116,4.973640634616638,0.5254886076765679,0.44804270171318755,-0.09153832562545534,abnormal
2024-01-01 00:00:25.680,1.4088165469970264,-0.7148998123305565,4.616150735041953,2.7891537807123563,-0.8992022881507359,-0.3784207349676817,abnormal
2024-01-01 00:00:25.690,-0.1779056241713779,-0.6088920484309092,4.869361030572771,-0.04245007997870269,-0.9603149553952746,0.45235762571608273,abnormal
2024-01-01 00:00:25.700,-1.3655742909198818,0.26199659739352193,4.896045053598079,-0.7260265418559332,0.9686772019260345,-0.1504330084953978,abnormal
2024-01-01 00:00:25.710,-0.8274506039078003,1.2411228153469034,4.0003301546266705,-0.5372680446993108,-0.5688194937810226,0.10986208120650878,abnormal
2024-01-01 00:00:25.720,1.207530109824426,1.8250629374458727,4.6144165022383214,-1.17752876678663,1.4205634283251485,-0.4024421819739289,abnormal
2024-01-01 00:00:25.730,0.37094309094732053,-1.320828889058419,1.9268077108603934,0.1504032966575545,0.08300826805266634,0.24774875202016708,abnormal
2024-01-01 00:00:25.740,0.2012332071065009,0.28797590766836084,2.4324536922901423,2.3008794114664535,0.19733401967354428,0.4381002406060562,abnormal
2024-01-01 00:00:25.750,-1.4566885876175988,1.0787489952743516,2.526951445716625,0.055738165483154314,-0.08832242754426849,-0.18369928928254883,abnormal
2024-01-01 00:00:25.760,1.567917011343174,2.7086673066151707,2.6242081833835695,1.3205175616790938,-0.23903543683435502,0.36613592247404786,abnormal
2024-01-01 00:00:25.770,1.2055132758052682,-0.884496561288762,1.3708350495835846,0.7643807371233537,1.1297738770482595,0.0811922268938096,abnormal
2024-01-01 00:00:25.780,-0.8581884947411165,0.22346136040162431,-0.08823530218215858,0.4141127752311425,0.38039648036755874,-0.41565631862932223,abnormal
2024-01-01 00:00:25.790,2.492210371545712,-0.11391865950264038,-0.12914431013186517,-0.3482272590993784,0.8911845812725597,0.11309370068999289,abnormal
2024-01-01 00:00:25.800,-1.7902223711496155,0.8225788737769523,0.46033873189774854,0.045519157134345026,-0.2603954505247156,0.07716649816483383,abnormal
2024-01-01 00:00:25.810,0.23547577112472984,0.2509915434878888,1.7194018380232539,-0.2878177792533799,1.190757962918229,0.3114702649125742,abnormal
2024-01-01 00:00:25.820,-0.06083772789795312,-0.5310116243837882,1.476773338603275,-0.23624305059997858,0.785785060914627,0.3709630636031872,abnormal
2024-01-01 00:00:25.830,-1.277686442380296,0.7623441992704055,1.5560539638147057,1.1593588897639966,-0.4572948447155418,-0.2654607430253107,abnormal
2024-01-01 00:00:25.840,0.4212865671050189,-1.8828443779963124,1.5802215168011757,0.24584435043000494,-0.28404082392163715,0.43070493383764213,abnormal
2024-01-01 00:00:25.850,0.14785409511089695,1.8348067912683603,1.107439381332642,1.196691970303716,0.3234068378570408,-0.7477064754857455,abnormal
2024-01-01 00:00:25.860,-1.6108951694795308,0.24790264074837418,3.7615742994197867,-0.5052309772926105,0.16807895106496284,-0.5776065876723256,abnormal
2024-01-01 00:00:25.870,-0.17772328282594535,-2.695509558264378,4.118421045327575,0.03916481012870017,-0.0034804746189931656,0.07531398649718082,abnormal
2024-01-01 00:00:25.880,-0.5371542072797414,-1.1275448121563594,4.398373303579427,0.4978300139336262,-0.436690806674597,0.3692462271821647,abnormal
2024-01-01 00:00:25.890,-0.27092796994368046,0.8947257149486679,4.268857274885107,-1.2059662140637657,0.46765917627239695,-0.32106525928721746,abnormal
2024-01-01 00:00:25.900,-0.342367043966795,0.24717546749245153,4.348371444943722,0.5568703187468084,-1.3680399874386673,0.5133586025607311,abnormal
2024-01-01 00:00:25.910,1.7360224812784517,-0.8805641570045661,4.989209031666748,-0.6209106131801555,-0.9212526966890748,-0.34493620858478297,abnormal
2024-01-01 00:00:25.920,0.6699435943224091,0.3355882010642342,6.675344894254661,1.1185786355909546,-0.5690208073431514,0.4484433657064907,abnormal
2024-01-01 00:00:25.930,0.7831216127684583,3.1082653471046373,5.087411170058094,-0.5129511786691393,-1.2630438726152842,0.019436397775206504,abnormal
2024-01-01 00:00:25.940,0.6729776322726364,-0.8076395632499577,7.153550222540789,-0.9921291976038161,-1.028010968042038,0.07781889519411803,abnormal
2024-01-01 00:00:25.950,-0.6833755029806465,0.4176165236400466,8.0142870723894,-1.1615709851480143,-0.07838613703285978,-0.20638643519997169,abnormal
2024-01-01 00:00:25.960,2.529113055426062,-1.4150768815782835,7.032807137398967,0.3150536573294239,-0.6304889970274122,-0.0740324743429485,abnormal
2024-01-01 00:00:25.970,3.0378996798365656,0.9559841997401277,7.613303537578611,0.4053040072701069,0.6260172321915692,-0.6452446845353441,abnormal
2024-01-01 00:00:25.980,0.41887042446402567,0.7852969218037185,8.508051192615385,0.026909545382381345,-0.7145753271916379,0.246182253589337,abnormal
2024-01-01 00:00:25.990,1.946902527969836,1.5668741940165305,8.177571900805873,-0.7994409080186672,-0.4998395664505791,-0.8520433299798024,abnormal
2024-01-01 00:00:26.000,0.28675833622837316,-0.31804786142111924,7.992229520946734,-0.1603873973000316,0.057725048036264846,-0.04708813849065556,abnormal
2024-01-01 00:00:26.010,0.7359560490240579,-1.743999869929226,8.323151244704004,0.18286350155949382,-0.3209480223030646,0.2568908782714164,abnormal
2024-01-01 00:00:26.020,0.05971042659379151,-0.8882615699596791,7.697926746365125,0.8540950800998004,1.454412839545915,0.19652354692720983,abnormal
2024-01-01 00:00:26.030,0.5672306494149998,-2.1575863034874603,8.266560332354915,0.20450820749561113,-1.2685158185789758,-0.28652523113953027,abnormal
2024-01-01 00:00:26.040,0.13856531819726475,-1.8190156638400239,8.576842699625635,-0.5861438669091207,0.1533370995030671,-0.5005939719714455,abnormal
2024-01-01 00:00:26.050,-1.0518703614528413,-0.4319081057506969,9.082352080025537,-0.3300949056568832,0.07029274778494328,0.6953327637574365,abnormal
2024-01-01 00:00:26.060,0.19859846419421287,-0.495657677149696,7.564322531491514,0.35903379719584777,-0.05313658506173374,0.023214598194765953,abnormal
2024-01-01 00:00:26.070,-1.1980046875591654,1.1928304049095955,8.359262869198139,-1.6558828174495441,-1.1457729103282384,0.44706286602990514,abnormal
2024-01-01 00:00:26.080,-0.4355497832817021,0.8826853200911402,8.736916551045844,-0.8007565819382745,-0.11063984558053597,-0.04566475184965459,abnormal
2024-01-01 00:00:26.090,1.2811505966125105,0.8206853536482536,7.338741851932931,-0.08742546961904395,-0.2501171942566105,-0.3630563486306424,abnormal
2024-01-01 00:00:26.100,-0.32006898936907885,-0.7742097216205608,8.176629036788196,-0.7264229437430718,1.4818333705360045,-0.5397294662780795,abnormal
2024-01-01 00:00:26.110,-2.2648714147328404,-0.8937567256116202,8.994322818987264,-1.1844116296546594,1.111784020056616,-0.04316189182431232,abnormal
2024-01-01 00:00:26.120,3.0871081990374063,-0.1572022396368305,8.126379068870717,-0.5181770858211758,-0.7911592952434413,-0.9844967685811323,abnormal
2024-01-01 00:00:26.130,-0.5214847693620743,-1.2027741754021501,7.537209797698941,-0.8592264569467634,-0.2805787054086763,-0.9334937520120647,abnormal
2024-01-01 00:00:26.140,0.8571169640588411,-0.5334774126678777,6.703640245904936,-1.3289701835448444,0.30257965835412715,0.25922623166297737,abnormal
2024-01-01 00:00:26.150,-0.05052784274412409,0.019435951760254002,6.7673242363988155,-0.9955640731119291,-0.5901241364199914,0.38851728694042326,abnormal
2024-01-01 00:00:26.160,-2.888904638027157,0.2659542926027015,6.706775882270563,1.3727379691989416,1.719700302232899,1.3313387559740248,abnormal
2024-01-01 00:00:26.170,2.2933606118480285,-1.212352067478154,5.898011958354834,-1.2922853335322095,-0.845324054541095,1.2293853283593297,abnormal
2024-01-01 00:00:26.180,1.7402334755843194,0.07313279657578842,5.5264450004612735,-0.0064801062227617424,-0.00883740688103857,0.45118891856625243,abnormal
2024-01-01 00:00:26.190,1.9089659897122484,-0.274466521319941,4.997768498995394,-0.10741992717973435,0.13388100040752077,0.08372802476479721,abnormal
2024-01-01 00:00:26.200,0.47653153170394513,-0.8548635085036268,5.474851060873827,-0.5170272837031334,1.1158348451543105,-0.9802791473534591,abnormal
2024-01-01 00:00:26.210,0.7787335370910412,-0.301296928799058,3.859046406439516,0.33435956372815523,1.8044628814763857,0.6547092677944627,abnormal
2024-01-01 00:00:26.220,-0.70525944239648,1.024372450476641,5.60385349938476,0.9079472323780718,0.22977179896225963,-0.39101855474099906,abnormal
2024-01-01 00:00:26.230,-0.4885679756286521,-0.35486630831093907,4.053027221968817,0.036117317445053525,0.3884949620123063,0.23737883957242079,abnormal
2024-01-01 00:00:26.240,0.47735973202717363,-2.0699661307179817,4.0182158361433125,-0.5678646137475581,0.11770131733355292,-0.03647342007566013,abnormal
2024-01-01 00:00:26.250,2.4579035460839855,-1.0918993820521663,2.710466730726266,-0.1560971716702998,-0.9221340611595049,-0.38783351766227386,abnormal
2024-01-01 00:00:26.260,-3.555274294520374,0.16919564842811055,1.512181867967982,-0.14241789888828355,1.3172023262837498,0.7379285203917093,abnormal
2024-01-01 00:00:26.270,-0.7073109748169969,0.8738946220382807,2.5206251553421843,0.4696967011538484,0.61166289528813,0.2489275914029823,abnormal
2024-01-01 00:00:26.280,0.169862416451777,0.48983961580991553,0.2242177841113493,1.0116231277251873,-0.41832331519548266,1.0956754697455247,abnormal
2024-01-01 00:00:26.290,-1.2480232765655537,0.7733365992173314,0.6274808496235151,-1.5243333668460806,0.31243954697086346,0.617706115334816,abnormal
2024-01-01 00:00:26.300,-1.527092295373869,-0.4855275269863736,0.38048630334004563,0.8543286947735452,0.4196610009204264,0.20307747048788102,abnormal
2024-01-01 00:00:26.310,-1.3056112607410997,1.46801226473063,0.5412393319588903,0.22026886792314296,-0.1506573495862169,0.07228975522879073,abnormal
2024-01-01 00:00:26.320,2.11196073111658,-0.5515742749090248,1.3607084778034713,-0.30439748339025585,1.132244904975009,0.6648197386161581,abnormal
2024-01-01 00:00:26.330,1.0406859491560747,0.05893951940585144,1.5875464253814555,-1.0906776846083317,0.9819852977442438,0.540866460949319,abnormal
2024-01-01 00:00:26.340,0.3856651587104672,-0.5845554433997071,0.9463357018900016,-0.10680745611472504,-0.8280626923737928,-0.24720259310433487,abnormal
2024-01-01 00:00:26.350,0.2892123331715907,-0.2438084622172305,3.4687747849680406,-0.03545934849051519,1.0721937256408043,0.6126703753706056,abnormal
2024-01-01 00:00:26.360,0.5124399251527536,-0.09558060867165216,2.898295917124585,-0.8394452945366188,-0.09325242060479742,0.6993265874061558,abnormal
2024-01-01 00:00:26.370,-0.20152132662920488,0.3547605641049172,3.6389677471139286,1.3842141612636691,0.06058763462541093,-1.1496621618075349,abnormal
2024-01-01 00:00:26.380,-0.7596853691330805,-1.0143842951760604,4.39387087515692,0.5039524276962865,-0.22708837612081462,0.4041283567220247,abnormal
2024-01-01 00:00:26.390,-2.199492103633873,-0.46772073701599426,4.657238034778871,0.009914823683759554,0.6738220714785792,-0.2062459513036664,abnormal
2024-01-01 00:00:26.400,0.08427588457386219,-0.4431606896981116,4.483661595952848,-0.263507734514071,-0.622358848689067,-1.7427250082872463,abnormal
2024-01-01 00:00:26.410,-0.18756004172381463,-0.07121612671032022,6.643975031868747,-0.16068792966177534,-0.26283585093622686,0.39211608447030905,abnormal
2024-01-01 00:00:26.420,1.6154585139764475,-0.04286084804294598,5.514594734315062,-0.45358547931101184,-1.6029908428539068,-0.5313430221474312,abnormal
2024-01-01 00:00:26.430,-1.0747432097807528,-0.7354973347346093,6.213465265112576,-0.19038113316542873,0.03823232036598922,-0.4466147889712103,abnormal
2024-01-01 00:00:26.440,-0.4736458089738082,-0.8543710416658491,7.896404296891486,-1.3401193462192973,-0.008710649385988247,-1.4773613328633408,abnormal
2024-01-01 00:00:26.450,0.24759400379068824,-0.7599620956486945,7.328922698271257,1.1720575138145184,0.29323523159926707,-0.7863656089626695,abnormal
2024-01-01 00:00:26.460,-0.46256555683305667,-0.9903529165916505,7.022805313102111,-0.5414936107343695,-0.04063243349046444,-0.2841893862606907,abnormal
2024-01-01 00:00:26.470,-0.8465127799882887,0.004396901572995538,7.110777937821504,0.5294274403827687,-0.18736582441028923,-0.5976696089700748,abnormal
2024-01-01 00:00:26.480,-1.6098597843398352,0.5387336649813701,8.184239947481293,-0.7634555379591216,-0.27049603905779435,0.041743850940313756,abnormal
2024-01-01 00:00:26.490,-1.0455685864614963,-1.363583462612567,8.168052171093088,-2.403677922131562,-1.2109601450774066,-0.1156036796220756,abnormal
2024-01-01 00:00:26.500,-1.8235100103139377,1.779219370287398,8.05477199313167,0.1076028225076713,-1.2361898625215326,0.7449289946054457,abnormal
2024-01-01 00:00:26.510,-1.204179728084207,-1.8142459000757165,8.556796914250034,2.149633132250501,0.3801445409435432,-0.13658594109822003,abnormal
2024-01-01 00:00:26.520,0.12905222313615342,1.5211927495466844,6.8749164190302,0.6693889910423104,0.4072980615766374,-0.8430418040782027,abnormal
2024-01-01 00:00:26.530,2.2366925107839397,-0.26508971141448623,8.342712767911774,0.05736560099653085,1.3595121895311801,-0.16203793323957122,abnormal
2024-01-01 00:00:26.540,-2.279000357759543,-1.431462565012241,7.449727060076912,-0.900141869243369,1.647937230486042,-0.49996412655547284,abnormal
2024-01-01 00:00:26.550,-0.9902674367905708,-2.9487455051788114,8.113655647241757,-0.2205077034325724,1.1189408488767707,-0.4744908943491056,abnormal
2024-01-01 00:00:26.560,-1.1839339803522202,-1.1338674510461206,8.54908185433014,0.25585573633852327,0.718806519211733,0.08883864024884798,abnormal
2024-01-01 00:00:26.570,1.5373706446478426,0.25222931490598305,8.414287680395862,-0.8980859373148636,-0.03532567682325926,0.47103754944477155,abnormal
2024-01-01 00:00:26.580,0.5144615213355505,-0.43491034089842256,8.39396887937951,0.45682253634393244,0.1455283399358074,-0.1102000269089249,abnormal
2024-01-01 00:00:26.590,-0.4101142827594671,-0.6462053524133408,7.122468890139807,-1.568824076548833,0.5518330144746382,-0.35956158258404414,abnormal
2024-01-01 00:00:26.600,-1.16794386638698,-0.26394338695932834,8.09759116208533,0.2260082754711978,0.2955631831250934,0.5088714163761605,abnormal
2024-01-01 00:00:26.610,-1.112805661290267,-0.2288839342150502,8.643339948297609,0.3900083759201599,-0.92913140130974,0.10405454839570857,abnormal
2024-01-01 00:00:26.620,-1.2321104897401312,-0.5907361903671052,7.230992825577835,-1.1634866722876762,0.5883541867287436,-0.16603438776718848,abnormal
2024-01-01 00:00:26.630,0.7702949776445817,-0.2123675970618014,7.373152085916397,0.03388075177641837,-1.0696674997552829,0.9719670209695025,abnormal
2024-01-01 00:00:26.640,-0.8937419210942521,-1.4446240596118414,6.62206185839161,0.5557818656229815,-1.3166465565092151,-0.40681427417013627,abnormal
2024-01-01 00:00:26.650,-1.6259123507771889,-1.4620903446360711,6.614440569704039,0.8668677198336416,0.6075083651956563,-0.17692229309430643,abnormal
2024-01-01 00:00:26.660,0.9025872330357702,-0.8211088118335473,7.48057732682614,0.4020479376397481,0.7526381721211884,1.223633695584014,abnormal
2024-01-01 00:00:26.670,1.7459476535254075,0.08143938518917862,6.334081965945939,-0.5285838077847177,1.0143357121996448,-0.2781743253661873,abnormal
2024-01-01 00:00:26.680,0.12961882317444992,-0.1816273967314959,6.051411088992586,-0.8274549358386686,-0.01632173973168473,0.7554215720330343,abnormal
2024-01-01 00:00:26.690,1.834341030417043,1.070766123782887,5.920898248758936,-0.9413859257076229,-1.241361176029893,-0.7479663753667117,abnormal
2024-01-01 00:00:26.700,2.6165851010344325,-1.4147164592514077,5.290461641450758,-0.3886487801647974,-0.43782389054040083,0.26667645644970556,abnormal
2024-01-01 00:00:26.710,-1.7213823045384942,-0.054705379225400294,5.139551856521804,1.090822363309315,-0.24540640461268953,-0.16734906652179682,abnormal
2024-01-01 00:00:26.720,0.3942403036728753,0.9168644018580381,4.555233521754688,0.48273582434727363,0.8675438654801674,0.6277659585803349,abnormal
2024-01-01 00:00:26.730,2.3395058384144294,0.03572366846040473,3.7813727741778864,-0.391195863731671,-0.6153108117292548,0.3978288439969697,abnormal
2024-01-01 00:00:26.740,-2.5950043935843135,0.4524915003046661,3.807936910511641,0.4210839148232395,0.6590205336207299,0.1933982418130578,abnormal
2024-01-01 00:00:26.750,-1.3485348966413406,0.6411128295557346,3.0041005607290714,-1.0960963941767383,-0.8412174940290611,0.6964061470039801,abnormal
2024-01-01 00:00:26.760,0.17422324895737482,1.857667989923516,3.0340066570238093,0.12574718985915437,-0.3530425071589269,0.03258046043637723,abnormal
2024-01-01 00:00:26.770,0.7958178960043121,0.09177716198193574,1.8468670776432863,-1.061740000332101,0.761587473171346,-0.5362399042508245,abnormal
2024-01-01 00:00:26.780,-0.4986056163310893,-0.9041091499385115,0.8233804434303007,0.04650830280155412,-1.2435798881066993,-0.20887615842687368,abnormal
2024-01-01 00:00:26.790,-1.238619174695542,-0.3173208296430104,1.1479089144889123,-0.05059299320807746,-1.7445545471901953,-1.085975277911517,abnormal
2024-01-01 00:00:26.800,0.28226121009666494,1.113437545168654,0.33229650205468264,0.3714062172097353,0.013107544152766125,-0.6913118584363479,abnormal
2024-01-01 00:00:26.810,-0.7149060525551603,-1.397577726447553,1.6834354770538167,-0.7808175802250895,0.004539759494339244,-0.48989286240755947,abnormal
2024-01-01 00:00:26.820,-0.2933056796687507,-1.8601298680953642,0.5076355990714846,-0.11453745728687086,0.9854562329036135,-0.16640772815640542,abnormal
2024-01-01 00:00:26.830,1.040941258193247,0.010557673381240825,2.371838966775188,0.16443123056384332,-0.09539843194277181,-0.8097887451976783,abnormal
2024-01-01 00:00:26.840,-0.02198317932558227,-1.4425599680722856,2.4387727644991726,0.6722047571556296,1.6073792863265361,-0.10007222090822818,abnormal
2024-01-01 00:00:26.850,-1.2055299592232007,0.3564522505718421,2.273857860422464,-0.14904503011256287,1.1797874317507875,0.5703562991060894,abnormal
2024-01-01 00:00:26.860,1.7459955173268555,0.1811434361541329,3.1613562156032966,-1.1580849338871113,-0.8289605741562359,0.5157614260157846,abnormal
2024-01-01 00:00:26.870,0.6894813483046677,0.2603400011793771,2.2904881959627805,0.5281417021501736,1.1879143005722448,1.0786981871519095,abnormal
2024-01-01 00:00:26.880,-0.0849354663546949,-0.891775691923849,4.33816479118868,-0.07695222432116373,-0.3486534228777912,0.6723235876133078,abnormal
2024-01-01 00:00:26.890,-0.6493174369703406,-0.6155314347957065,4.8406102209780855,-0.4437013372190411,-2.2398535020421937,0.04979557916454148,abnormal
2024-01-01 00:00:26.900,0.2217988444931915,-4.924103436577502,5.483513504177154,2.1323304127120633,0.9207030813117368,0.09886456482203045,abnormal
2024-01-01 00:00:26.910,0.7681090721673373,-1.3090075310961091,5.03522893078472,-0.3472660896424091,0.8822035719923459,0.47956482463483185,abnormal
2024-01-01 00:00:26.920,-2.0605493089609084,-0.10609321853151854,5.267115728817474,-0.9973940758489102,0.008471740720674772,-0.4377343959637904,abnormal
2024-01-01 00:00:26.930,1.5671917794000598,0.5490124495125059,6.49748505793444,1.0172769481158286,-0.2272607954761379,-0.32680214003515523,abnormal
2024-01-01 00:00:26.940,1.0874766071818613,-1.0193693476316459,5.4093520658129535,-0.340536665425207,1.0888244633130995,0.24820901502595372,abnormal
2024-01-01 00:00:26.950,-0.5521551896834768,-1.7911639206190213,5.108257948839203,-1.2951545171397536,-1.5268592130805563,0.3577427652312605,abnormal
2024-01-01 00:00:26.960,-1.4573699263304454,0.3590074179685799,6.962706094629034,0.49457439618776927,-0.1693637987800977,-0.32743589971073545,abnormal
2024-01-01 00:00:26.970,0.48003857331548533,3.4888637461548524,7.754798810484129,0.4685897605866721,0.5647468656164565,0.13730598436712413,abnormal
2024-01-01 00:00:26.980,-1.6417547648779462,0.06889026573712273,8.208783552865174,-0.41813166575172417,-1.2577446382750235,-0.02864664123494726,abnormal
2024-01-01 00:00:26.990,-1.811394248042315,0.5555767779941898,7.367303724241099,-0.8770815128666635,-0.8774345008716558,-0.022325551775852097,abnormal
2024-01-01 00:00:27.000,0.8442548999000169,-0.12348224881103818,8.302476179499127,0.30456008732233614,-1.6555519651983388,-0.16736195451964586,abnormal
2024-01-01 00:00:27.010,2.605813054989863,1.93883258009796,8.605901435639158,1.102895499185442,1.4946008439606686,-0.2959763994039073,abnormal
2024-01-01 00:00:27.020,-0.5339730690660351,-0.0398623270338268,9.267609553823416,1.7388814310732137,-0.43407609380992934,-0.3706342000835864,abnormal
2024-01-01 00:00:27.030,2.5665569771385566,-2.046953679435178,9.604698899268806,1.136822684966493,0.733093223389153,-0.058406110877673494,abnormal
2024-01-01 00:00:27.040,0.9863752561391437,0.056943166975181016,9.281420476088142,0.557070426020557,0.6369957031515914,-0.16981390155813522,abnormal
2024-01-01 00:00:27.050,-1.8187882371028246,0.2636641405005703,8.60516585476782,-0.05266443417326916,-0.275633229352356,0.5999620149675374,abnormal
2024-01-01 00:00:27.060,1.084916303682064,-1.3179085674054203,8.903921594397511,-1.7857078560644033,1.0694589137205934,0.9364164447148658,abnormal
2024-01-01 00:00:27.070,0.684205319318435,-0.8581791813383761,8.973900793158743,0.987739196554961,-0.6921055810899763,0.40160729186483624,abnormal
2024-01-01 00:00:27.080,0.9680879437797542,1.2270221810602846,8.374799872007873,-0.4065686342059015,-0.34448499249097475,0.1768621628231223,abnormal
2024-01-01 00:00:27.090,-1.22816460875422,1.0099589604101833,9.152274489135676,-0.5670141954832246,-0.5791434576955587,0.5892069964574215,abnormal
2024-01-01 00:00:27.100,-0.051670238730869976,0.8865714661203224,8.421417253227984,-0.2653754420193524,-1.7111374522443572,0.44429466975021487,abnormal
2024-01-01 00:00:27.110,-1.0474563788619256,-1.0880666859261066,8.578851101785586,0.5342533351693031,-0.6796528036850951,-0.21692687116493808,abnormal
2024-01-01 00:00:27.120,-1.2507374634687645,1.615653068390461,8.148829710879625,0.1324180716128193,-0.5524639729787406,0.5517658893337082,abnormal
2024-01-01 00:00:27.130,-1.6858555419185552,-0.004190451118617686,7.644701148944275,-0.042721310664446295,0.9658904769767174,-0.5535974605819808,abnormal
2024-01-01 00:00:27.140,0.01617832844168692,0.7830242945879936,6.71150072510762,-0.21000109365833308,-0.43640633670331846,-0.28755832368068307,abnormal
2024-01-01 00:00:27.150,1.4645966314247056,-0.33919281926342054,7.241724821476326,0.37862137008470736,1.211795173556212,0.8677374496295184,abnormal
2024-01-01 00:00:27.160,-1.2259944673437304,-0.17122625424461604,6.658144042553878,-1.7181094972501703,-0.2826974887421353,-0.46099555363753325,abnormal
2024-01-01 00:00:27.170,1.0904674032286328,-0.8904978826621617,6.308475429616712,-0.07308415968100246,0.9223278375859283,0.35529955272528113,abnormal
2024-01-01 00:00:27.180,-1.368129229452837,-0.9921030377699044,6.0708523401008305,0.9136849885638338,0.642678770262829,0.05557094385513285,abnormal
2024-01-01 00:00:27.190,0.45192857772211725,0.2753462523677351,5.635360612198555,-0.5150399859813224,-0.4509496414407638,0.3771376267145926,abnormal
2024-01-01 00:00:27.200,-1.6776988460604276,-2.59432863140755,5.8442388298805374,0.03635387839427036,-1.013529170294516,0.6790717658467721,abnormal
2024-01-01 00:00:27.210,-1.8332388055970048,-0.08258472916696587,5.621467660460858,-1.3933475732204574,-0.5913704567852489,0.316794450654732,abnormal
2024-01-01 00:00:27.220,0.5355988161945039,-0.5197339208571634,5.044279547362752,0.9927482889931621,-1.3406912412705425,-0.21454457411045996,abnormal
2024-01-01 00:00:27.230,0.1829280586132017,0.5737834486894816,4.8640450814149885,-0.10490995252288748,1.2038711705104956,-0.2009490672862602,abnormal
2024-01-01 00:00:27.240,-2.09490203822668,-1.1889200427060098,4.558942542555932,-2.1076383351932413,0.6618155790059602,-0.1773451746688469,abnormal
2024-01-01 00:00:27.250,1.5263873288837726,0.0767348154014708,4.386483769846304,-0.721753574380548,-0.051281360453977534,0.6725975413090476,abnormal
2024-01-01 00:00:27.260,0.19983462848718805,0.14522113687191202,2.701058658074322,-0.06982076260219,0.2655979361018648,0.38869060495969415,abnormal
2024-01-01 00:00:27.270,-0.7714300927387435,1.9475719644477243,1.5424916609742527,-2.318274588819582,-0.4469252664354621,0.21857874973979763,abnormal
2024-01-01 00:00:27.280,0.25771990855390653,-0.9858351698556926,1.7241510733026515,-0.1259015223213022,-0.012568559422735683,-0.21717151543502217,abnormal
2024-01-01 00:00:27.290,-0.6119785565829471,0.17190521391373267,1.1796307929230272,-0.32210814688854356,-0.32890173873696993,0.08275842101349765,abnormal
2024-01-01 00:00:27.300,0.8281207709292995,0.5838035388139176,0.8075161056440565,0.8417170870087856,0.40354355962483623,0.6517258152967796,abnormal
2024-01-01 00:00:27.310,1.8542995843183807,-1.333925850428584,0.38809794997325997,1.2993974557780015,-0.838315963486454,-0.6164913307408872,abnormal
2024-01-01 00:00:27.320,-1.0405117946424054,0.4891336705912147,0.17034153858060525,-0.015037067100461349,0.007662853766204912,0.0983310016836534,abnormal
2024-01-01 00:00:27.330,0.6114714532323638,-0.25013604798050226,0.6275881138649089,1.2544871847447354,0.14303179282275322,0.6657683538780186,abnormal
2024-01-01 00:00:27.340,-1.7458338257684236,0.6573960996357209,1.7827519752320913,-1.4360516190649266,0.4230448477205315,0.803416746831417,abnormal
2024-01-01 00:00:27.350,-0.9905572950127451,0.4347656676236162,0.8226609964888951,0.3200294270179154,-0.04109100566458126,0.37847528010072756,abnormal
2024-01-01 00:00:27.360,1.4859446135962917,2.1800306669710316,2.978982063236287,-1.3736670714958488,0.9571502662296681,-0.1790386496867956,abnormal
2024-01-01 00:00:27.370,0.6007052116558641,-0.5344645941016796,2.7524328376074934,-0.5175114741207661,-0.7646480771355837,0.5507750071295967,abnormal
2024-01-01 00:00:27.380,1.1034842346433593,-0.4433172026136335,3.8580580291318816,-0.6812269027837272,-0.2616139210064206,-0.07518120273826409,abnormal
2024-01-01 00:00:27.390,0.6717729050242971,0.07572065490484921,3.9316864522260953,-1.1983163082817958,-1.0473472813112352,0.9952274075313262,abnormal
2024-01-01 00:00:27.400,0.6149304934595473,2.4242348141282677,4.913083908741029,1.3526439828526655,0.013147367151036198,-0.589720983891265,abnormal
2024-01-01 00:00:27.410,1.2789199873043213,-0.6409519373363238,3.394047506924826,0.6744276218197688,-0.038236075060917585,0.8485322903380094,abnormal
2024-01-01 00:00:27.420,-0.07277695569810293,-0.0992816391369547,5.7283715548331635,-0.6527001161256838,-0.21822560444912775,0.41872091345184653,abnormal
2024-01-01 00:00:27.430,-0.06579739197775138,-1.4647315142044492,5.248864625219789,0.8260212758514892,-0.446054143950842,-0.10489990716381158,abnormal
2024-01-01 00:00:27.440,-0.11038857448227035,-0.2339100295149004,6.184652334757319,-0.14483917679952066,1.200570370485995,0.26116831740836227,abnormal
2024-01-01 00:00:27.450,0.2396273381735922,0.13658499940786448,6.879814409925,0.28983701518800364,-0.03608755802762742,0.3212708415760038,abnormal
2024-01-01 00:00:27.460,1.5549313833378695,-0.7885565988023728,6.116255093153043,0.5759859440654534,-0.6502231942428012,0.6409097647838428,abnormal
2024-01-01 00:00:27.470,-0.4879865125561568,0.8844687237990568,6.46180103132706,-0.15967121446495022,1.1109554694227273,-0.49242391611395814,abnormal
2024-01-01 00:00:27.480,-1.0263655883356364,0.5370910780821315,7.460737392713967,-0.22468593955328814,0.032727414215114464,-0.08505204039952577,abnormal
2024-01-01 00:00:27.490,-0.020341592319560904,-1.6547792440255176,8.047616969933875,-0.904151436663186,0.6100756812989359,0.4389557021411858,abnormal
2024-01-01 00:00:27.500,0.9747263770382137,0.5969222050533466,8.238937530530478,-0.2944527482744745,-0.25561214722295716,0.28839971684731763,abnormal
2024-01-01 00:00:27.510,0.7306221714192952,-0.7117119660250409,7.905031311899379,1.3725873832829227,-0.35824484911575943,-0.5493218407071362,abnormal
2024-01-01 00:00:27.520,2.0741888819781558,-0.9392044809999678,8.526952646203918,-0.23478218075754897,0.9275720922097681,-0.07642944980600368,abnormal
2024-01-01 00:00:27.530,-0.22159130651384218,-2.1357484762307664,8.07690084210617,1.4860021245089912,-0.9022867022747556,0.47848127513714495,abnormal
2024-01-01 00:00:27.540,-0.3208365718880097,-1.352881949478602,7.3130668980806925,-0.5969403026914288,0.7156637276609157,0.11546485766812187,abnormal
2024-01-01 00:00:27.550,-0.37787497487652316,-0.6439573326776108,8.652036345028149,0.9324065819468419,1.1065648466544782,0.010909629145734616,abnormal
2024-01-01 00:00:27.560,0.4537296404054985,1.2838561300271008,7.334245962695083,0.6104015188079994,0.7769182206501084,-0.7509928890107579,abnormal
2024-01-01 00:00:27.570,-1.6464152003652683,0.2184663188068062,8.257568041089081,-0.5205895525845982,1.0889764121555856,0.464866688297403,abnormal
2024-01-01 00:00:27.580,0.2178876097511846,-0.9647032265100858,7.718323863446658,-1.6470169000291563,0.5372362112639364,-0.24319421370870697,abnormal
2024-01-01 00:00:27.590,2.0310467656574738,2.2176193819013816,9.168730291362841,0.7658133693251779,-0.8378588446597592,0.22596633904809457,abnormal
2024-01-01 00:00:27.600,1.37532377655879,1.4359434577158419,8.94484018997808,0.40469618772340393,1.1079724922390728,0.7802087581353617,abnormal
2024-01-01 00:00:27.610,-1.6118856161057742,-0.4126405572882316,8.155421211005313,-1.0490041847102103,1.0512813002626877,-0.75751306964582,abnormal
2024-01-01 00:00:27.620,2.950692655924948,1.306860325641697,9.376017758939602,-0.26090272410883025,-1.0108567518059304,0.6664887176697852,abnormal
2024-01-01 00:00:27.630,2.615110614055533,1.406750040357558,8.003461312410236,-0.6383602084146727,-1.5309657493597457,-0.4636168879384306,abnormal
2024-01-01 00:00:27.640,-1.5162669967030702,-1.135568148546901,8.361110532920447,0.5193295461513754,-1.0678835267895508,0.2633666831864799,abnormal
2024-01-01 00:00:27.650,0.9813527376114108,1.3095467098110498,7.035865559564756,-1.149067056092576,0.11256236499717145,0.14691361383475038,abnormal
2024-01-01 00:00:27.660,-0.5078880817566255,-2.3690733532419683,7.215811516596715,-0.7250813291306606,-0.7430320124122632,0.4259090531079032,abnormal
2024-01-01 00:00:27.670,-2.157093305070938,-1.7945941446239873,6.93077148205912,-0.43287075999662405,-0.9257277266500465,-0.2067964913016915,abnormal
2024-01-01 00:00:27.680,-0.9432065566666659,-0.15931251537228844,7.180145253401413,-0.9984950350574459,-1.0467141105991475,-0.2235362571627692,abnormal
2024-01-01 00:00:27.690,-0.8247202685325787,-2.1075625454691456,6.495922708109751,0.6855543874580053,1.0303455917126398,0.35414561169916176,abnormal
2024-01-01 00:00:27.700,0.019530052307125515,-2.4703530737579293,6.596047781780607,0.12150083395572012,-1.002790094078859,-0.42941703690136807,abnormal
2024-01-01 00:00:27.710,-1.0040908769768302,0.9887099571905651,5.084281032810867,0.5133948025837524,0.4884747159275346,-0.255648377794971,abnormal
2024-01-01 00:00:27.720,-0.5651758503350859,1.3947574885130933,4.636924565580726,0.5837959902705332,0.18370011136183317,-0.2381466126586951,abnormal
2024-01-01 00:00:27.730,0.40986654085113855,0.21347787982534813,4.457984221102269,1.0553401354060243,0.024730442452680614,-0.3534977256651705,abnormal
2024-01-01 00:00:27.740,-1.829648205782601,0.534449483357802,4.9127034263164955,0.04269190186894365,-0.18481609545912325,-0.5866099049866238,abnormal
2024-01-01 00:00:27.750,-1.4474414421783846,0.2535323963261649,3.863733900908828,-0.19335580248756037,-0.07209133365509089,-0.44893485086808665,abnormal
2024-01-01 00:00:27.760,-0.8448873853532866,0.11544863995843638,3.171455931730607,-0.2890800564993111,0.9961608956781428,0.5581177485873736,abnormal
2024-01-01 00:00:27.770,-0.32735569609909376,-0.2661775473138598,1.9879359626864235,1.4281434939766051,-0.6262450624795023,-0.2772086919792164,abnormal
2024-01-01 00:00:27.780,-0.7631317694788371,-1.1056623294739096,2.3486343465792507,0.21950469687273338,0.6816052788446486,0.7477937256491426,abnormal
2024-01-01 00:00:27.790,-0.7725233470332417,0.22895255088907443,1.207660524764325,0.9791413410318711,0.45718466184183404,0.21990209928562826,abnormal
2024-01-01 00:00:27.800,-0.6381128938529893,1.2616783896844137,-0.3477613675209438,-1.3738040487973033,0.2671645632815368,-0.6025032207328178,abnormal
2024-01-01 00:00:27.810,-1.5776197227146815,0.7921495349117945,0.9771556298290569,-0.06631791822598802,-1.0095252222090287,-0.5604369153049261,abnormal
2024-01-01 00:00:27.820,-0.764448515004631,1.8773762500147473,0.09565054733034409,-1.6688046114360762,-1.0180292875911057,0.14126001371825572,abnormal
2024-01-01 00:00:27.830,0.6070357775391145,1.585851045568462,0.8157912059046849,1.0542583109345682,1.1865466294476006,0.3638578080677538,abnormal
2024-01-01 00:00:27.840,-0.7773110391169239,-1.8674623828189116,1.6308813217515747,-0.9808524119460511,-0.8543367738780384,0.6333275529259447,abnormal
2024-01-01 00:00:27.850,-0.41858461541698233,-0.6605174239182011,1.5776471443148166,0.05865806770657854,0.28511673815064387,0.8277560509024504,abnormal
2024-01-01 00:00:27.860,-1.8492257520136557,-1.608140327722756,3.449981094507744,-1.256230609559638,0.6893404724471588,-0.03904266471265018,abnormal
2024-01-01 00:00:27.870,2.1689103600804054,-0.550892369140547,2.239563475088235,-1.2418781324328723,0.004864773661879643,0.8821610732644461,abnormal
2024-01-01 00:00:27.880,0.9991110955305873,-1.964534664118796,3.1817131895487374,0.2477519844377295,0.46091655018022265,-0.05625847463161012,abnormal
2024-01-01 00:00:27.890,0.9087408909159038,0.6284834568806292,3.8250826279088312,-0.22836286705811293,-0.12480046275401704,0.3270985707141005,abnormal
2024-01-01 00:00:27.900,1.6437553471182431,0.892995610011552,3.7131963907297565,0.875038092716792,-0.26872943651513875,-0.4603512095318517,abnormal
2024-01-01 00:00:27.910,0.18333028957532327,-0.25403297879408093,5.08000305489302,0.33775919995532844,0.675891884499659,-0.6310308696989491,abnormal
2024-01-01 00:00:27.920,-1.6048297596130594,-1.9777264399413537,4.777770621672959,0.013679435087589635,-0.6875565052882961,0.10122728866837134,abnormal
2024-01-01 00:00:27.930,-0.7679495156691033,1.3701361957193754,6.1088987704588655,0.09238085614508366,-0.3819521645572235,-1.0237062407278308,abnormal
2024-01-01 00:00:27.940,-2.0093541616026793,0.3941496010340478,6.135762411997608,1.1911070349266886,-0.06957648787253873,0.5614498996252798,abnormal
2024-01-01 00:00:27.950,0.5362706486129675,0.36729237744588533,6.621530090568656,-0.47119336591849315,0.2962383111495881,-0.28463172109054746,abnormal
2024-01-01 00:00:27.960,4.129408372513879,2.1311826909044322,7.071435447958157,0.6564881894221524,-1.5350161934660083,0.134165362126595,abnormal
2024-01-01 00:00:27.970,-0.3282030595206746,-0.1350344051535847,7.6455101405744506,-0.01116198317372395,-0.5155338981283151,0.08133651705958846,abnormal
2024-01-01 00:00:27.980,0.5849161471132557,-1.2829385219154277,7.994032055279605,1.3675106623688231,-0.5732438338851273,0.0954312735687675,abnormal
2024-01-01 00:00:27.990,-0.22629576270270513,0.9643772986019932,7.1712470300467865,-1.9082686607694137,-1.4485306600590158,0.7104392625219241,abnormal
2024-01-01 00:00:28.000,0.10458831862144452,1.9302228900055658,7.774488378770697,2.044414106347184,0.08502988721311211,0.19412763971550298,abnormal
2024-01-01 00:00:28.010,-0.24606447573197882,0.9987685497604196,6.610455992356126,0.8564089276780371,-0.265837662304408,-0.20567109984370816,abnormal
2024-01-01 00:00:28.020,-0.15829135819008058,0.008422881452583734,7.223089515235253,-0.13838350471449015,0.06352533964123723,-0.8875634779059671,abnormal
2024-01-01 00:00:28.030,-1.861330017697456,-0.49670885426605615,7.482010623804731,0.3096134260378031,-1.1777143138200532,-0.20719459829927236,abnormal
2024-01-01 00:00:28.040,1.8541833864465875,-0.42220155142584487,8.075557988778943,0.8305808451704098,-0.5988920485624717,-0.991409222352016,abnormal
2024-01-01 00:00:28.050,-0.8803071379896552,-0.8164902965574755,8.869890564454474,-0.7744334696310845,0.4167915738077047,0.12139621619584076,abnormal
2024-01-01 00:00:28.060,0.45711328226436737,1.4377382709009818,6.943871170822106,0.4508733332553891,0.7478319989350922,-0.36552584697109164,abnormal
2024-01-01 00:00:28.070,-0.14018342497732403,1.3779220602485547,8.276338693107004,-0.7623961319783239,0.4848289171460305,-0.5877693528164707,abnormal
2024-01-01 00:00:28.080,-1.5175479540473518,0.1550311261527508,8.46302915018314,0.03536832478684318,0.8146622454422883,0.612979144114788,abnormal
2024-01-01 00:00:28.090,0.3657443249801068,-0.42490257170003237,9.451358624296137,0.208340242931479,-0.5195966740146504,-0.5408444765705346,abnormal
2024-01-01 00:00:28.100,-1.3146902393980573,-1.2080386185411125,8.512019536811902,0.8388750065482299,-0.28881080687741306,0.5332665705921029,abnormal
2024-01-01 00:00:28.110,-0.19630147450188612,0.3664154928095494,8.251164309202752,0.49523068997843434,1.0314944272908493,-0.4429058626396683,abnormal
2024-01-01 00:00:28.120,1.3786186147687183,0.6625552938822853,8.10593058802589,-0.28905830670970056,0.5157208326121454,-0.09574530972017542,abnormal
2024-01-01 00:00:28.130,-2.324578384190756,-1.099977331760834,8.346704250415007,-0.6756190884034857,1.7768230749730451,-0.2995486658292078,abnormal
2024-01-01 00:00:28.140,-0.4410687100455174,-1.1365067381786516,8.187353749596594,-1.032865925446728,-0.31394713391564955,0.39702944624621744,abnormal
2024-01-01 00:00:28.150,-1.0476977890908268,-0.9787228306308747,7.260723933725105,-0.6376276678389199,-0.1515583334031899,-0.48411104800030136,abnormal
2024-01-01 00:00:28.160,-1.0361533548061708,-0.33141107144339765,6.999434933862976,-0.057836225782892284,1.2610502472306022,0.005299417826955349,abnormal
2024-01-01 00:00:28.170,-2.5054844125391775,-0.08756239230861433,6.693404701102457,-0.02887745815865764,1.2190391946395733,0.6566445663238196,abnormal
2024-01-01 00:00:28.180,0.6604584176379732,1.8080138822392364,6.947747274601841,1.46081257631391,-0.26187590612056205,0.3425683057811368,abnormal
2024-01-01 00:00:28.190,3.8285394108436637,0.5014059635021445,5.850408271181176,0.40045487577895755,-1.0130165940510059,0.08169152930842508,abnormal
2024-01-01 00:00:28.200,0.57786154942116,-0.19448083351279596,5.311883889425551,-0.23201216092704724,0.8999961684029193,0.21931679602702148,abnormal
2024-01-01 00:00:28.210,-0.01128949208778016,0.07771005723608025,4.732974357115003,0.11070130507686386,1.8690245877432472,-1.1463006344209354,abnormal
2024-01-01 00:00:28.220,1.0549423789196932,2.434869253880685,4.42365952822418,-0.5872695275916847,0.6827578087038007,-0.7821956332697193,abnormal
2024-01-01 00:00:28.230,-0.7757350456985671,-0.04879246791680544,5.199097755168561,0.2346189356615125,-0.44055525625010067,0.3441946049773746,abnormal
2024-01-01 00:00:28.240,-2.5185981519047336,0.5097381982709918,3.7903811959441915,0.5783707674073746,0.9888848661789882,0.1485215901444957,abnormal
2024-01-01 00:00:28.250,-0.751637806394514,-0.5265942848545405,3.768233104656568,1.3909654669329525,1.148598825787347,-0.2868488519268125,abnormal
2024-01-01 00:00:28.260,-1.1976365905920223,1.3465246046325716,3.5108479314976497,-1.2658757812838728,-0.30687599207803484,-0.0005992611110411767,abnormal
2024-01-01 00:00:28.270,-0.41283910607548974,0.7768216564342864,1.6030705965901098,-0.37543515918551235,-0.2929939631813826,0.5096262458022485,abnormal
2024-01-01 00:00:28.280,0.5764313411850093,-0.7244749807311194,1.6815646613808775,-0.3868869094795022,1.3449649353755346,-0.9615643182761421,abnormal
2024-01-01 00:00:28.290,-0.6539267353635426,0.18047576013917027,0.6800829540579014,0.2625387357609548,0.8555077763329206,0.34665797104983637,abnormal
2024-01-01 00:00:28.300,0.694704697883232,-2.1278049839672253,2.7433924143615886,1.0542592386985452,-0.10520282834840465,-0.23119969027585066,abnormal
2024-01-01 00:00:28.310,-0.205652754261989,-1.3640754436137357,0.7552119251090239,-0.7799061861726735,-0.0067626801763035005,0.19401739461820364,abnormal
2024-01-01 00:00:28.320,-0.7106209970580203,-0.36280701485415495,-0.006819465758642909,-0.024810587540495508,0.6555261854309524,-0.1244870459550804,abnormal
2024-01-01 00:00:28.330,-0.7857622407555717,0.1161210200770401,-0.6194866988273292,-0.38577162628397743,-0.996449739183398,0.6226387586799597,abnormal
2024-01-01 00:00:28.340,0.6137750229800983,0.8910549368014872,0.11181618608680222,0.540387114013766,0.07026966017651683,-0.5092604459333204,abnormal
2024-01-01 00:00:28.350,-1.2419751457339896,-0.7456229456329357,1.2260488149593332,-0.1041700247509774,-0.12441306335354398,-0.2150250312945516,abnormal
2024-01-01 00:00:28.360,-0.11318251494998957,-1.6001421329293204,2.119125711797632,0.8067949130411275,2.021785042360575,-0.5568097275269471,abnormal
2024-01-01 00:00:28.370,-0.4241537930956789,-0.777946172729015,3.380943639791489,-0.3430213937864844,-0.6020800173077928,-0.19902961579422385,abnormal
2024-01-01 00:00:28.380,-2.290665192370829,-1.1865267657086227,3.219479785370306,-0.21957722771321495,-0.565963771380702,-0.7648040563564962,abnormal
2024-01-01 00:00:28.390,1.8667779459392386,-2.2106933270316946,4.018214242178998,2.1489197470591814,-1.273503186037695,-0.5004322963425422,abnormal
2024-01-01 00:00:28.400,0.28854053099116983,0.6689409340472974,4.2335862799296295,1.3040471426887075,-0.03414536895390078,0.10050637624328013,abnormal
2024-01-01 00:00:28.410,0.5952913938740398,0.5226331410625367,3.010165551886253,-0.09692901883231075,0.5014770144801178,-0.05141211460831916,abnormal
2024-01-01 00:00:28.420,-0.4688813017637129,-0.9248445592332243,4.7963261037115075,0.8002007952775937,-2.1029977782382896,-0.35776182335201034,abnormal
2024-01-01 00:00:28.430,-1.5711429959797878,0.7546358068200562,4.360768120666891,0.4730055992160678,0.9936255627838521,0.6219967022566479,abnormal
2024-01-01 00:00:28.440,0.15233642560295763,-0.782100999539291,6.2185172364881955,0.5755315814481083,-0.3070849686161263,0.3407462908006526,abnormal
2024-01-01 00:00:28.450,-1.6964843415987005,-0.18512143018353705,6.411658681585464,-0.482753704849559,0.06767902626429062,-1.3483237795745109,abnormal
2024-01-01 00:00:28.460,1.97405643062409,1.0740121099888844,6.306420410551796,0.17210956959469292,-0.14759129789164543,0.2970423152716064,abnormal
2024-01-01 00:00:28.470,-1.2552871091757374,1.1412450707635293,6.541691468494017,1.0898389993275241,0.4330616965533596,-0.023862044183679387,abnormal
2024-01-01 00:00:28.480,-1.1666702029360052,-1.9227434032332953,6.650266753655517,0.5137544242971618,1.6800502149672212,-0.3459995295560351,abnormal
2024-01-01 00:00:28.490,0.6310311763718744,1.6253568755180863,6.714431688658144,0.0911269893584838,0.4905259915346477,-0.5301051241935671,abnormal
2024-01-01 00:00:28.500,-0.22619874211084945,-0.4329779190971041,7.885848347669649,0.19300465938127367,0.2084353895421334,0.1520677181698973,abnormal
2024-01-01 00:00:28.510,0.5862224560551893,0.13865801915094708,8.203521320079274,0.6274788409340605,0.8533625772685343,-0.411428710109747,abnormal
2024-01-01 00:00:28.520,-0.9320216689625712,-0.4508986608595812,8.413685228141341,0.5481710002370263,0.02928086565339473,1.1382716838660778,abnormal
2024-01-01 00:00:28.530,-2.4493569987687374,0.13169798099730004,8.200826286673696,-0.702693052697058,0.32036364874551143,0.3489765925806927,abnormal
2024-01-01 00:00:28.540,0.1785016461181212,0.022241709651602437,7.402386256835599,-0.3742680222361864,-0.4520149046247975,0.06614984611841455,abnormal
2024-01-01 00:00:28.550,2.977178310110254,-0.8577729969663525,9.880949771036764,-0.22773068162944687,0.1462645248529637,0.0343110109548435,abnormal
2024-01-01 00:00:28.560,1.8535224334167395,-0.36091071707345074,9.26645400622819,-0.9985229241907171,1.0027299185613137,-0.10203910332852023,abnormal
2024-01-01 00:00:28.570,-0.9839807333585637,-0.6641219293570043,8.186821498957391,1.1376150607446098,-0.253549680020453,0.20274517294667319,abnormal
2024-01-01 00:00:28.580,0.03128810514054687,-1.9244247644101617,8.418153169970365,-0.3215027627397916,0.22316876280050693,-0.20959444253897944,abnormal
2024-01-01 00:00:28.590,0.298929314544379,-1.493590731192458,9.241223048652527,0.583212889127949,0.49054728246318857,-0.7050286929779778,abnormal
2024-01-01 00:00:28.600,-0.3718582336298139,0.7483791809020932,8.366972626158793,0.7485972112293773,0.4172739201149823,-0.4372797778790594,abnormal
2024-01-01 00:00:28.610,0.44394093699133486,-1.83234052459134,8.33030394812286,0.9040225603491124,0.5258850368123268,0.7487423719333302,abnormal
2024-01-01 00:00:28.620,-1.780004382647707,-1.0933943311054501,8.619208990005284,1.1724735097554264,-0.6343151697252063,-0.3178607854369381,abnormal
2024-01-01 00:00:28.630,0.48818531885607214,-1.290288850233902,7.536498570113412,0.25116948155354546,1.032422990832194,0.7986370730217306,abnormal
2024-01-01 00:00:28.640,-0.11321179867644168,0.49266390321958076,6.483448464767783,0.4124726268602638,1.3717705963878069,0.010032004115232732,abnormal
2024-01-01 00:00:28.650,0.07523581545843988,-0.8232700894373904,7.647355657104705,0.9347557370067902,0.08329342632810871,-0.23155858941009577,abnormal
2024-01-01 00:00:28.660,1.3099880038507965,0.32509029520719146,6.724731056950522,-1.5087779209856034,-1.9277781703319323,-1.1666841533331411,abnormal
2024-01-01 00:00:28.670,-1.8707197156329163,-0.22283043721988477,8.61627151240469,-0.7174586760858779,-0.11838688305020188,0.32385683530600734,abnormal
2024-01-01 00:00:28.680,-0.4250201256406555,0.5352343090701592,6.666755880881065,0.7510726870595117,1.095993086520487,-0.5953565553822239,abnormal
2024-01-01 00:00:28.690,-1.5971688298211157,0.9565861116008019,6.1113729862118555,0.9121879191050545,-0.20055568334615873,-0.4137965795406239,abnormal
2024-01-01 00:00:28.700,0.25226243008663746,0.4515666177759893,7.13966472419803,-0.4022870330354687,0.4619778119904581,-0.4880653548262324,abnormal
2024-01-01 00:00:28.710,-0.9318174127023969,-1.3589042733790606,6.155541909887427,-1.6175826564197788,0.3229041765872832,-0.1558656206399003,abnormal
2024-01-01 00:00:28.720,1.479725550481175,-1.9336173498012694,4.515858223316442,-0.10606408456896298,-1.2481151427802322,0.0802086210837033,abnormal
2024-01-01 00:00:28.730,0.5670254620125856,-0.35787417362749696,5.113743340053464,0.6451062772807106,0.6121606515294098,0.22282435872041098,abnormal
2024-01-01 00:00:28.740,-2.0434894014069935,0.4877070456169443,5.081376869834091,0.9713426281951067,0.6850049610865236,-0.8883123356079701,abnormal
2024-01-01 00:00:28.750,-0.7722255991242252,0.47544377208339933,4.940630086682064,1.6008459365709538,0.19960931479372337,-0.8956893856894429,abnormal
2024-01-01 00:00:28.760,0.9354854485960532,-0.048554912146737926,3.402058157236353,0.5827075723569253,-0.307865455658988,-0.744635142787532,abnormal
2024-01-01 00:00:28.770,1.1535534804825434,1.8221035115626307,2.7827116353423516,0.5056221966008498,-0.8767014321150987,-0.3358998060155905,abnormal
2024-01-01 00:00:28.780,1.0821120980656675,-0.34862207080807484,3.6790147783816662,0.2617447213024068,-0.8297548469410391,-0.3309089857734441,abnormal
2024-01-01 00:00:28.790,0.9008524829502541,-0.3874361830763699,1.7412780948403452,-0.2176611110253075,-0.28736220202067175,0.04840407937144818,abnormal
2024-01-01 00:00:28.800,-0.7482908007285263,-0.46782389045090633,1.8985354893869968,1.0472155965469898,1.6087626464305573,-0.012728200110374606,abnormal
2024-01-01 00:00:28.810,-0.3157335278689722,-1.0024789534357752,1.2458341050594872,0.6109292934726372,1.029528533346186,0.981432829026888,abnormal
2024-01-01 00:00:28.820,-0.4856184704850561,1.3570897428029525,-0.40148716431083104,-1.6994616396500664,1.193289588258358,-0.8362641487482579,abnormal
2024-01-01 00:00:28.830,-1.0083529266108537,-0.934952844334417,0.2887315885113786,-0.7294544843115648,-1.0237027980828877,-0.00902283104955973,abnormal
2024-01-01 00:00:28.840,-0.11959928732156931,0.3569005192606355,1.382366167711788,1.8534040282328315,0.6863317715408392,-0.22134591550610883,abnormal
2024-01-01 00:00:28.850,-0.24559883750136224,0.3826111799588638,0.3167512521044209,0.6685486726051506,0.5173682298975778,0.5360474178934489,abnormal
2024-01-01 00:00:28.860,0.8525407982098284,-2.166189315980848,1.962503878903062,-0.7998680023437758,-0.4201128298926098,0.09675273966360917,abnormal
2024-01-01 00:00:28.870,-0.5692544224302329,-0.46541902586353306,1.6342909609505196,-0.6237128143371937,-0.7590754929966825,-0.1511025979459149,abnormal
2024-01-01 00:00:28.880,-0.5110441190332659,2.331583925128066,3.5945541441253535,0.37144927808796036,-0.6683784289057553,0.6270047194059946,abnormal
2024-01-01 00:00:28.890,0.24046327587641073,-0.2191969486467494,3.18857165908291,0.446781857431719,-1.137011005410498,-1.0166656269601895,abnormal
2024-01-01 00:00:28.900,-0.05709095419167767,-1.5171604571264614,4.647983433960595,-0.6636783308188876,-0.4490807247920068,0.20542354861774648,abnormal
2024-01-01 00:00:28.910,-1.0402879918172605,0.6279882920143705,4.0777183172759734,-1.0306605742128172,-0.1535617492316649,0.4903160791209186,abnormal
2024-01-01 00:00:28.920,0.5055518268815057,1.5562370956946538,4.483188011119477,-0.8149411102786195,-0.1854167984487142,0.04338963938763207,abnormal
2024-01-01 00:00:28.930,0.6491147127776066,0.3313649345600787,5.704780314897502,0.8754067847158049,-1.0443776021542728,-0.05668138215430576,abnormal
2024-01-01 00:00:28.940,1.030137043732653,1.1752164629307666,5.610000712163074,0.764693501782274,0.44063709028794373,0.706552546910138,abnormal
2024-01-01 00:00:28.950,-1.7295402198146073,-2.9461319806170754,5.671439923319905,-1.222075923261797,-0.599841177807716,-0.5276902530772577,abnormal
2024-01-01 00:00:28.960,0.7880414426083543,-0.223238177504724,6.078942874536204,-0.9735848347212874,0.14093511031781947,0.44382460129506346,abnormal
2024-01-01 00:00:28.970,0.7893661682405501,1.5358981020148996,7.046200984669185,-0.27604399405861374,0.891356717589991,0.021032669307270446,abnormal
2024-01-01 00:00:28.980,-1.2006928175542118,-0.5408372455040783,7.49940350280651,-0.37259083327998166,-0.6368063892438793,-0.3023118039653659,abnormal
2024-01-01 00:00:28.990,-1.6000394701631813,1.0449864598047416,7.676414988140819,-1.8227128805130144,-1.1813477581821124,-0.2781037764615367,abnormal
2024-01-01 00:00:29.000,-0.09839391825280942,-0.7095876523043964,6.907642221225522,0.37313897932731466,1.7286870382175696,0.35026742839109243,abnormal
2024-01-01 00:00:29.010,-0.7996657919715727,1.1824279333180356,8.938173779001774,-0.034116584668572404,0.7471961623644651,-0.9232945170565852,abnormal
2024-01-01 00:00:29.020,0.6572937652446038,0.8950668954110393,8.88711503103982,0.032523582972505856,0.24065737622187122,-0.4608418288305088,abnormal
2024-01-01 00:00:29.030,-1.3293810421852075,0.12032459532957586,7.962162020422483,1.1829759313149455,1.550814043997469,0.17711809381296345,abnormal
2024-01-01 00:00:29.040,-1.5546082330765627,0.3875937880462232,7.608646097959149,0.024516645803324955,0.695846326247434,-0.03699420091895257,abnormal
2024-01-01 00:00:29.050,-1.4850208714191349,-1.5210699075493423,8.620699875243053,-0.40198080573018374,-0.7833055979339661,-0.5099765927750839,abnormal
2024-01-01 00:00:29.060,0.515073852664295,-0.30047727683869907,8.449783960635367,-1.0462957298356996,0.4754209313153342,-0.0900897738431958,abnormal
2024-01-01 00:00:29.070,1.4115755641384757,0.34806164579815957,8.219625387243648,0.3155857768165802,1.0552741950602649,-1.1665294437493103,abnormal
2024-01-01 00:00:29.080,0.1366440106740748,1.4353067175061969,8.343047677565469,0.07556171760092699,0.5683074517752045,-0.38246354835429525,abnormal
2024-01-01 00:00:29.090,0.09576865865241166,2.2475656227146312,9.01150264502037,-1.618586786015161,-0.6021470529880066,-0.11727559180824053,abnormal
2024-01-01 00:00:29.100,-0.9263077796490828,-2.1897493285294174,8.9018536590341,-0.04228345807726277,0.6240788555708776,0.36307029467256025,abnormal
2024-01-01 00:00:29.110,-1.431136553020071,0.1740463532807361,8.656961103284228,1.1987126976414166,-0.2748664956291999,-0.3818919463964379,abnormal
2024-01-01 00:00:29.120,-0.2334067352362775,-1.3437549179234398,7.644002995011664,-0.9450249478709523,1.486675078404879,0.41491670798287383,abnormal
2024-01-01 00:00:29.130,-0.6229617063999938,-0.49912641119301665,8.524684867419078,0.46155604458552035,-0.2452348127729815,1.302594879682914,abnormal
2024-01-01 00:00:29.140,-3.1276396563997584,-0.7801711372379484,7.559145003192617,-0.054152554533643156,-0.5137183032490179,-0.10088451412585406,abnormal
2024-01-01 00:00:29.150,1.388456543823878,1.4194417989494759,8.375313276171488,0.25815573599492997,-0.38418529297338877,-0.2103621940605744,abnormal
2024-01-01 00:00:29.160,-0.587005014767204,-0.27326808688583937,7.85963899136174,0.18125693604032383,1.0778821696076242,0.023028755539289954,abnormal
2024-01-01 00:00:29.170,-1.2656436155085866,0.7404832024330864,6.5692228697869846,1.268125903763146,1.1496859855576365,-0.5817576896453417,abnormal
2024-01-01 00:00:29.180,2.045522067653101,2.974599456476141,6.89009024591291,0.16251887744301968,0.13214519404614394,-0.6777106135276026,abnormal
2024-01-01 00:00:29.190,0.36570060405197463,0.7244493378599185,6.545635747175404,0.5609061118817369,-0.045787722659496786,0.09390571137697849,abnormal
2024-01-01 00:00:29.200,2.209929307459431,-2.263750920255595,6.711058005347362,0.45944516957190307,1.0392390198995547,0.20686678106412637,abnormal
2024-01-01 00:00:29.210,-0.45646725697783913,-1.0190772907415135,5.713963220764494,-1.5551423121021628,-0.7544833538254841,0.33665812810371587,abnormal
2024-01-01 00:00:29.220,0.6200183195955188,-0.9812180507951415,5.143372890977145,-0.7802409400577,0.507927226595881,-0.08142924265981336,abnormal
2024-01-01 00:00:29.230,0.5193295969929093,1.3009433377178785,4.453785435853463,-0.8515352336594723,0.19341925792560716,-0.42086847399503685,abnormal
2024-01-01 00:00:29.240,-2.3140283965922164,-0.18851752398228622,4.056667821218217,-0.8095608627463298,0.5978049319786094,0.5898212606002278,abnormal
2024-01-01 00:00:29.250,-0.039081966544079576,-1.333560807462174,3.67470285265812,-0.4045798363039858,0.0390913739160975,0.8286088714541472,abnormal
2024-01-01 00:00:29.260,-1.9027769304594484,1.7048283945759666,4.078210440630156,0.07544181666681776,0.5397750019619926,0.17165820138873544,abnormal
2024-01-01 00:00:29.270,0.6806657017210563,-0.39770143340864206,3.9809390154288207,1.2039217260937236,-0.5055550781391777,-0.02743623980096513,abnormal
2024-01-01 00:00:29.280,-0.7460561111797837,1.4960531854127048,2.9394194969075267,0.9364898707100066,1.0080632277024075,0.6168168539591412,abnormal
2024-01-01 00:00:29.290,1.1301231261573497,-1.0133385642606516,1.3601099482178434,0.5536560112413452,1.317073132676498,-0.9704212519826032,abnormal
2024-01-01 00:00:29.300,1.1346355404983326,-0.8639731525126902,1.7087586909099561,1.0372833069222216,0.6173521084343762,0.0733481977293865,abnormal
2024-01-01 00:00:29.310,-0.6132366838106201,0.3455361697464637,1.459419329395046,0.495039246094988,1.1340857987706048,0.0025889201279190198,abnormal
2024-01-01 00:00:29.320,-1.5832924794518646,0.3513973388610813,-0.15628078141223445,-0.22301639902241605,-0.4447119800822548,0.09480378468154682,abnormal
2024-01-01 00:00:29.330,-0.6826461145916869,-1.0492116606621353,-0.20187436424601723,0.48775135205783576,-0.8002171246193598,-0.5337827630976978,abnormal
2024-01-01 00:00:29.340,0.07078120854154968,0.8357838448202268,0.8571584038861177,-0.5508985272581568,-0.8403190686827506,-0.5370107163827295,abnormal
2024-01-01 00:00:29.350,1.1880676789373446,0.4056646803865472,0.7536293026026261,-0.05626768083046925,-0.400288865571434,0.32491302108453485,abnormal
2024-01-01 00:00:29.360,0.6128363728145467,0.4450785976298171,0.9149040415967455,-1.3421275977399152,0.4709660764855859,0.1960947164465885,abnormal
2024-01-01 00:00:29.370,1.7651154377139773,2.1603923230236655,2.7318691751757633,-1.8410008934333528,-0.393970107851983,0.21390459045638946,abnormal
2024-01-01 00:00:29.380,0.4356341012209936,-0.5939134780816109,2.8035999499590774,-1.2751933969319231,-0.6922684100780034,0.23164741682338263,abnormal
2024-01-01 00:00:29.390,-1.0312345500269529,-0.549525014804074,2.8961437206675793,-0.8747921917483485,-0.31343554470182283,0.47940374950324216,abnormal
2024-01-01 00:00:29.400,-0.22332923485208753,-2.7250241981905616,3.9807721655363277,0.16040837703148259,-0.3111582585169811,-1.1048335612729003,abnormal
2024-01-01 00:00:29.410,1.1417665003837425,0.5002792095434601,4.437296335169176,-0.2407781080783815,-0.15366111586716594,0.10101960907910779,abnormal
2024-01-01 00:00:29.420,-1.1012955629214787,1.593030668499922,3.876505113874664,0.23781129111477403,0.4949216320993791,0.156372381851547,abnormal
2024-01-01 00:00:29.430,0.07918556299379767,-0.018570434819271876,5.404257411259947,-0.23485387108078043,0.2745740903531202,-0.3475884309218703,abnormal
2024-01-01 00:00:29.440,1.1371335087168006,-0.7287243621161029,5.899597589218122,0.9954021408091314,0.3685566645676178,0.23204936493105602,abnormal
2024-01-01 00:00:29.450,0.23186989993853624,0.5940263148741328,5.662515286162367,0.5879735401161884,-0.9655140761438537,0.31463877439207366,abnormal
2024-01-01 00:00:29.460,1.0475870113841632,1.9655225630054383,5.860303184619432,1.2789845291087036,1.5811912856989545,0.31795048921062513,abnormal
2024-01-01 00:00:29.470,-0.7062448268757924,0.4011895898326098,6.345430818157208,-0.60426417828776,-1.5407467458784512,0.02713602187682026,abnormal
2024-01-01 00:00:29.480,1.1611638134751399,0.6072070218365007,6.777431335938652,0.8003024640107492,1.3899578275793307,0.7145082425084679,abnormal
2024-01-01 00:00:29.490,-0.6117990223124808,1.1223022237477849,6.353959895439731,0.6186689452323968,0.428824473452106,0.5627279208466168,abnormal
2024-01-01 00:00:29.500,-0.07341580617755368,0.9730307452168436,7.187237414312725,1.0400942169775689,0.6495250861728267,0.6172396357684583,abnormal
2024-01-01 00:00:29.510,0.31165466944039394,1.068570541526504,7.174584063532743,0.04516467044207012,0.4916514416520139,-0.3417598509513901,abnormal
2024-01-01 00:00:29.520,1.6910446517353497,-0.6534575461320234,7.789211890045912,-0.28451455432114725,-0.45330611320213965,-0.7056880425321055,abnormal
2024-01-01 00:00:29.530,-2.2974844482148207,-0.6745964935696452,7.894953851043654,-1.0854455935688736,1.7052778915412625,-0.5346337182607666,abnormal
2024-01-01 00:00:29.540,-2.3821540792625964,0.8339245061211712,8.40093709295532,-1.3277705391030667,0.666746427024111,0.36991396162760093,abnormal
2024-01-01 00:00:29.550,0.5217705832369207,1.1276010949259774,8.534681443544127,0.31071582316025365,-1.461995902741452,-0.11590547687938942,abnormal
2024-01-01 00:00:29.560,-0.13738049629951718,-1.8066794639337036,8.603167882672013,1.3362869188921815,-0.36950257653765267,-0.5878614912080738,abnormal
2024-01-01 00:00:29.570,0.16526375537347862,-0.7577298712920706,8.292709074964856,0.4369539931413751,-0.3411644379741674,-0.2344432312925059,abnormal
2024-01-01 00:00:29.580,-0.11527844011648285,2.000519377841188,9.307788491280915,0.7160952398458753,-0.31867259925434394,-0.2874376555825783,abnormal
2024-01-01 00:00:29.590,0.7131049018177285,-1.4895686607222764,8.649779178808615,0.5827316210588581,1.013162544563411,-0.10492807486590079,abnormal
2024-01-01 00:00:29.600,0.09849187465433533,1.920165925872628,9.38274823976502,-0.18126698771654218,0.633950267483547,-0.5335564830880927,abnormal
2024-01-01 00:00:29.610,-1.879338823513671,1.01843782535412,7.850924230042833,1.1144640507926098,0.22348172661266083,0.6259577532981755,abnormal
2024-01-01 00:00:29.620,-0.173943535941749,0.3468157489883206,8.675750325847703,-0.8498094411545204,0.01697558058172493,-0.0033862172842671805,abnormal
2024-01-01 00:00:29.630,0.9700825522393888,0.2176929804123875,7.886626585202233,0.005597878398480154,-1.0842701771342276,-0.8311380795184454,abnormal
2024-01-01 00:00:29.640,-0.3163619952085477,0.4654579999498508,8.388651089212694,0.5360302769591163,1.628404248147593,0.9404079630563117,abnormal
2024-01-01 00:00:29.650,-2.148655224456359,-0.18061253622919396,7.816504647004464,0.05814157650085957,-0.354017506818269,-0.2872193357546388,abnormal
2024-01-01 00:00:29.660,-3.832357873545808,2.319898839555667,7.83407079161613,-0.050836994830597226,-0.9971730415307882,0.09186112184650383,abnormal
2024-01-01 00:00:29.670,-0.4321175464082609,0.6641412620654249,7.1790333242493425,0.5976066689142308,1.2133121961229567,0.16642749372854318,abnormal
2024-01-01 00:00:29.680,-1.6925261062829995,0.7210659920881322,7.452218507825228,0.26523678600571615,-1.2333191443059828,1.0326425083653812,abnormal
2024-01-01 00:00:29.690,-0.2010913772644761,-0.07835262313148082,6.8241324249493385,0.9161424435510457,-0.8648458931286607,-0.24604876209330886,abnormal
2024-01-01 00:00:29.700,0.09243705875256532,1.5379337008722467,6.795214869497347,-1.6235389974820806,1.765346808368062,0.5112389491313608,abnormal
2024-01-01 00:00:29.710,0.07530942723680964,-0.33333255971053394,6.015198320927252,-0.07613389184290274,-0.16850216264569579,-0.25760768564703695,abnormal
2024-01-01 00:00:29.720,-0.09604134949833595,2.041419661512003,5.988833109282923,0.6802986175337735,-1.117496052101642,-0.4316820116667397,abnormal
2024-01-01 00:00:29.730,-0.44133605271736215,-0.2854009514908952,4.755907844851733,-0.5924872634245958,0.6843092227083749,-0.27798711231457157,abnormal
2024-01-01 00:00:29.740,0.7793084883291869,-0.8353150263432038,5.339214283559549,0.37673603669209776,-0.1861482165446527,0.6205263888642293,abnormal
2024-01-01 00:00:29.750,0.45574813727247376,0.9348502027630179,4.390699552135791,0.10666879358563418,-0.3904707926567891,0.39169851759270163,abnormal
2024-01-01 00:00:29.760,-1.4137248929032342,-1.7449558920593344,3.321336387628827,-0.5852833001649768,-0.6200976868209448,0.3939265020467483,abnormal
2024-01-01 00:00:29.770,1.3980403266087966,0.16940295571531985,4.379370810060066,1.5917434085339808,-0.4495901997600927,0.06032383960695078,abnormal
2024-01-01 00:00:29.780,0.07530053192069652,-1.0720817980255541,4.669472036826141,0.2677419192249459,-0.03585642913151117,-0.08219418290307812,abnormal
2024-01-01 00:00:29.790,-1.057237994464558,1.3293080863447,2.0147292946538786,0.9996091750848287,0.08955144681719623,-0.014708470688186214,abnormal
2024-01-01 00:00:29.800,2.588656952362731,-1.000290469085772,2.1541699118092414,0.19075134610587527,0.8138764895876567,-1.1618274173500804,abnormal
2024-01-01 00:00:29.810,0.2815265083594093,1.0744505198985292,1.2725983632412898,1.2379803867050714,2.1122145964108725,-0.9768889307456319,abnormal
2024-01-01 00:00:29.820,1.15535717659233,0.6577262542121006,1.115028185535653,0.9188741120174823,-0.9103564516348698,-0.4624387401970079,abnormal
2024-01-01 00:00:29.830,-2.252189609415243,-0.5084299749000334,0.44101484876800756,-1.0393380563759171,-0.9872677867575154,0.9962939740399954,abnormal
2024-01-01 00:00:29.840,0.7654066143709399,-0.5289829371115798,0.003582016748850954,-0.9578897074387657,-0.865591956804789,0.7796954603660949,abnormal
2024-01-01 00:00:29.850,-0.6387244487476095,0.24358531849194912,0.6964117758885485,0.5893296060661654,-0.8930952470463861,0.7453809162347644,abnormal
2024-01-01 00:00:29.860,0.25047452978898266,0.24969396792138293,1.5109090900487698,-0.2302331776046949,-0.018916407315098898,-0.4859189423460808,abnormal
2024-01-01 00:00:29.870,-0.7240168463924298,-1.4136396607961788,0.9464333637687068,-0.38477080191245583,0.22712138362578033,0.5522225651635418,abnormal
2024-01-01 00:00:29.880,-1.5198948202196116,0.11855966252023953,2.961304735250204,-0.15878639857770332,0.5664154092565694,0.24879821101095462,abnormal
2024-01-01 00:00:29.890,0.043673903606925496,1.4896111201499624,2.2053225236901093,-0.7168912412568637,0.37179321071227983,0.21707191224431027,abnormal
2024-01-01 00:00:29.900,-0.5989989744262277,-0.8081912892714225,3.21410438864472,0.769967983536537,0.300631934054099,-0.39012879623519797,abnormal
2024-01-01 00:00:29.910,0.19097128715492726,0.29324390595696914,4.085638509628739,1.559759184591558,-1.471673526565011,0.15245736003166543,abnormal
2024-01-01 00:00:29.920,-0.8960229141870206,-1.4217976318894356,4.079590017996409,-0.7125102559667428,-0.7520964877499572,0.6252406247022104,abnormal
2024-01-01 00:00:29.930,0.21645456673367838,-0.4549854971723456,3.869153584036607,0.7594320643210614,-0.8294577936309296,-0.7755164729038263,abnormal
2024-01-01 00:00:29.940,-0.07088513635134423,-0.954720397311854,4.484439367213939,0.8256001410462109,-1.8845914502308296,-0.5012625805177578,abnormal
2024-01-01 00:00:29.950,0.3976116784636351,0.02599312215563041,6.774170436495632,-0.7726090482470165,0.11497492561201306,-0.0222375097464592,abnormal
2024-01-01 00:00:29.960,0.45093308507793606,0.33242854085803064,5.184579465457375,0.22990371362226256,-0.6262334860751517,-0.942781694583811,abnormal
2024-01-01 00:00:29.970,-0.4205270047466183,-0.05645918109464934,5.928891511881899,0.6467604188860001,1.2444488730940362,0.1358238990901599,abnormal
2024-01-01 00:00:29.980,-0.21286718453624795,-0.9674929596243398,6.209034203626991,0.5332123701624473,0.5779956596398874,0.15379016816958052,abnormal
2024-01-01 00:00:29.990,0.18981029097464827,-1.933218365807281,6.565167837053668,1.070804931598922,-1.0383826064330872,-0.19625700204929655,abnormal
2024-01-01 00:00:30.000,-2.731245303050976,0.8405953284441208,8.248561717589471,1.16305604389134,-1.1668342261474973,0.4570914276408533,abnormal
2024-01-01 00:00:30.010,-0.17805148925539926,-1.123967804123884,7.159322900556596,0.4893362088406021,-0.6740848810561154,0.11059105711287953,abnormal
2024-01-01 00:00:30.020,-1.5796184150679884,-1.3248438847750723,7.0472947302309095,0.13208088600667817,0.3307865546395684,0.2768983693650212,abnormal
2024-01-01 00:00:30.030,-1.5309786989332983,-0.7915706736544038,7.230539424832714,-1.0416340983715513,-0.11709581511877723,-0.9120747878124404,abnormal
2024-01-01 00:00:30.040,-1.1159348818018573,0.49429202278276363,8.332314868208394,1.006187281726579,0.6961037899742031,0.14554812549997276,abnormal
2024-01-01 00:00:30.050,-1.5821148953234054,0.7993829677222227,7.6449725655576595,0.2363584902666584,1.0156859399382403,0.4966280302851947,abnormal
2024-01-01 00:00:30.060,1.4074108794177278,1.7910607349762442,8.7977688461076,0.28220934897880534,-0.08626286254908673,-0.3526383540872403,abnormal
2024-01-01 00:00:30.070,2.30360747938954,-0.9179847242222908,9.369356751635209,0.269629476498777,-1.4882361935840893,0.4998993530130025,abnormal
2024-01-01 00:00:30.080,1.0662265281675989,-0.31412467545054895,8.473614277527403,0.09932567466197074,-0.3649050682341058,0.47787801750351405,abnormal
2024-01-01 00:00:30.090,-0.6028920789685134,-0.20232926256861203,8.929584367309259,0.01511155823753769,0.8991283834859939,-0.2138246235244689,abnormal
2024-01-01 00:00:30.100,-0.1900729974051073,-0.29744884311865905,7.573183287881989,0.751624133580789,-0.8974042520440502,-0.9083136861166269,abnormal
2024-01-01 00:00:30.110,2.27683846117949,-1.4083217948710167,9.626573263528284,1.6506053222195354,-0.43155355233391224,0.21049592479629212,abnormal
2024-01-01 00:00:30.120,0.7287378002094217,-0.1981206138420299,8.96439652253591,-0.6918851457214733,0.828858889018353,0.38686314907147645,abnormal
2024-01-01 00:00:30.130,1.7858625746079,-2.9913214371851176,7.6200319152359235,-1.3750618333863514,0.8393633933133433,0.424489129572564,abnormal
2024-01-01 00:00:30.140,2.009994520784561,-0.295516854438822,9.440502461674821,-0.9294013969035544,0.1739757547750019,-0.5146967794451046,abnormal
2024-01-01 00:00:30.150,1.3314571976546292,1.773973042038141,8.317934206342926,-0.19315025968294036,0.0687112729512375,0.9279539628773432,abnormal
2024-01-01 00:00:30.160,1.4535571779927527,1.0291641584051505,7.5843528095349795,-1.4663825131859693,0.2997027033175667,-0.5466941545408908,abnormal
2024-01-01 00:00:30.170,-2.9816770109338004,-2.4693354028846306,7.051757619729776,1.1013074455004264,-1.4680171703234637,-0.09533256482728454,abnormal
2024-01-01 00:00:30.180,-1.837736945931705,1.3338300704068746,6.712875851224499,-0.26764733096192667,0.5077044987951043,1.0352692578614795,abnormal
2024-01-01 00:00:30.190,0.7617444386129509,-1.6148011317067288,6.512554303060372,-2.290171684799152,-0.5539357778031336,1.3211300048514987,abnormal
2024-01-01 00:00:30.200,1.173248851523215,1.2016776768007076,6.863225880512058,-0.13076069537019266,-0.1150446315175148,-0.1705186492553305,abnormal
2024-01-01 00:00:30.210,-1.7244974263157042,-0.9672378149094275,6.137954085151486,-0.012389918724382361,0.7246410996242943,0.4311581591835804,abnormal
2024-01-01 00:00:30.220,-2.4755093621117257,0.06519718487450578,6.344288905610517,1.136315974014596,0.5873662243966187,0.4538828824095175,abnormal
2024-01-01 00:00:30.230,-0.5073286204095607,-1.5216532024547473,6.011209294129763,1.1432389769605829,2.0414083463058974,-0.3003456460289102,abnormal
2024-01-01 00:00:30.240,0.6701072990094309,0.43536773269099655,3.849183144857928,-0.6938873382690169,-1.0024031890628589,0.729355557780417,abnormal
2024-01-01 00:00:30.250,0.35552867152667994,-0.9003875450614813,5.130019845094243,-0.2083141434999582,-0.9335602166205765,0.043891751650541946,abnormal
2024-01-01 00:00:30.260,0.9231077990145499,1.795807219935049,4.420573153371266,1.0067669002637192,-0.5739758950597453,-0.2839629089705537,abnormal
2024-01-01 00:00:30.270,2.7727195875064683,1.9312058804018815,2.6806983901635686,0.11245665926776661,-0.23923457410254603,0.8190725754962559,abnormal
2024-01-01 00:00:30.280,-0.8714313192284154,0.46025281129869783,3.8586729137557563,0.5021894975924597,0.4770474920369228,-0.6165458159724803,abnormal
2024-01-01 00:00:30.290,1.4135982541485157,-1.668461646479828,2.442625592935654,-0.8076627680802871,0.8677743884166528,0.5004070429189564,abnormal
2024-01-01 00:00:30.300,-0.4954906177371222,-0.24257083799488666,2.082170531622772,-0.6223717234572119,-0.9902189378130919,-0.482370257914591,abnormal
2024-01-01 00:00:30.310,0.3122313902106594,-0.6291428023925582,2.1602211082295364,-0.13288204737121875,0.9374180837141428,-0.275014442032505,abnormal
2024-01-01 00:00:30.320,-2.3253240302576286,0.4227715284543127,0.8758506248586271,0.014939163039135561,0.2924821667085848,0.42289455336368664,abnormal
2024-01-01 00:00:30.330,3.2444308616125728,2.2848150427241567,1.5591769310016808,0.5033354014963984,0.9895619673166463,0.40436472777378474,abnormal
2024-01-01 00:00:30.340,1.3466541368859646,1.642340657739853,0.20710770961837424,-0.34379211171376617,1.1658619090673294,-0.0678372796633063,abnormal
2024-01-01 00:00:30.350,0.14239282158268163,0.10119655152183268,-0.40311059900153784,0.09526298381854192,-0.4492712916034237,-0.6689362241842474,abnormal
2024-01-01 00:00:30.360,1.4496971713455822,-1.4506215794402388,1.2721379003870625,-0.8703161068895202,-0.08446472600131308,-0.4399816709767795,abnormal
2024-01-01 00:00:30.370,1.7955491337968794,-0.5696426835201748,1.2631661467123478,-0.7924191330444554,-0.7052538589995089,-0.09269092781060738,abnormal
2024-01-01 00:00:30.380,1.9440977829406456,-1.4562520605024034,2.6366532759216894,-0.058508981372543796,1.6573579733216315,0.17615284296168374,abnormal
2024-01-01 00:00:30.390,-0.4657605733508906,2.709814939134986,1.3570913778835672,0.15473453895707986,0.5193637964121027,-0.2365579038747713,abnormal
2024-01-01 00:00:30.400,-0.04311553784330135,0.0034033082069267954,2.9845099281115903,0.37961932739876314,0.16292413312386123,-0.2809139218696014,abnormal
2024-01-01 00:00:30.410,-1.9666997314228278,0.2476756409083242,3.7841542114064595,-1.4187992815539865,-1.1151489283052578,0.35977399855909264,abnormal
2024-01-01 00:00:30.420,-1.5740877283830297,-0.8217866730818937,5.580334607949867,-0.6568406800463262,-0.0730782367463052,0.009374411317916158,abnormal
2024-01-01 00:00:30.430,0.5277187443993765,0.27758813755277173,4.5267365305628955,0.7421082404155793,0.12916672821711186,-0.29342739879467716,abnormal
2024-01-01 00:00:30.440,-0.8517424630536615,-0.44731788771072184,4.763294166636364,0.7103908934661677,1.1007980163908289,0.4728642871618106,abnormal
2024-01-01 00:00:30.450,-2.3357937202525343,-1.440627287787774,5.057433901039831,-1.613092579705913,0.7975475125612345,-1.376050057264846,abnormal
2024-01-01 00:00:30.460,-1.3511996393785186,-1.2012945316636765,5.950607886393741,0.8437267353177454,0.39236929329587383,-0.4019799639437022,abnormal
2024-01-01 00:00:30.470,-0.7081319365688757,0.1622823320264714,5.793179149968479,0.2661710125793938,0.09442470046825484,0.03022946886598378,abnormal
2024-01-01 00:00:30.480,2.0533171091916445,-2.3830609529008133,5.9327478423594915,0.9507171740533059,-1.0513439426185873,-0.3580784363555031,abnormal
2024-01-01 00:00:30.490,-0.8398178748247971,-0.32052576108767283,6.793787774421385,-0.012612747566126424,0.852129030725651,-0.45977063191315776,abnormal
2024-01-01 00:00:30.500,0.35359351050827,0.5748996930342536,7.352474952044588,-1.099728584485496,-1.3634521238742472,-0.9151065239475819,abnormal
2024-01-01 00:00:30.510,-1.4961092561796463,1.0886634570950917,6.928143779043506,0.5167964138134261,0.2655267790804137,-0.9105214709337862,abnormal
2024-01-01 00:00:30.520,0.8291088640490577,-0.7100990822390888,7.205114608472711,0.667057836745935,0.5292064426205672,0.06585247619230832,abnormal
2024-01-01 00:00:30.530,-0.43351892615955145,0.07924096930734074,6.856322811476043,-0.2700386417832657,-1.1526240739480833,0.48843910493205744,abnormal
2024-01-01 00:00:30.540,0.31860884624894786,-0.10544848521789815,8.087188510373355,0.5477098256993688,-0.9217129401604117,0.01847094890766837,abnormal
2024-01-01 00:00:30.550,0.7275575341391373,-0.8555003398434854,8.502232320905906,-0.14596710217127706,-1.010697920058506,0.16901296001293548,abnormal
2024-01-01 00:00:30.560,-1.1006860056776522,-2.427295226256864,7.937021229408365,0.6115663483868462,1.5819068932088074,0.484072192126578,abnormal
2024-01-01 00:00:30.570,0.562530696039852,-1.4288791089274537,8.080104149511895,1.0912049547866294,1.3006579682027002,-1.0374957255382662,abnormal
2024-01-01 00:00:30.580,0.7442805084209375,-0.5667804292838282,8.05197867748134,-0.29000654275274373,0.5431999320609391,0.43824009504924255,abnormal
2024-01-01 00:00:30.590,0.7922626006362342,-1.5997986389547378,8.661551078672112,0.5144714929173639,-0.5973003697636926,-0.7896633159827896,abnormal
2024-01-01 00:00:30.600,-0.3097609288817776,1.2797937208228625,8.959166072654456,-0.6148390139416963,-2.8367345958154906,0.22053736304472804,abnormal
2024-01-01 00:00:30.610,0.1283047074334308,-2.380101172327704,9.715493369606653,0.4243199820453927,-0.037774750878721085,-0.5441694568033038,abnormal
2024-01-01 00:00:30.620,1.8414346343613954,0.04159225725561578,7.49841649758843,0.5780483431401127,-0.1993724175521219,-0.8886413807193886,abnormal
2024-01-01 00:00:30.630,-1.7382735431022303,-3.308955322438771,7.943583936524992,0.3079537127779323,-0.10235156976173813,-0.11244509265784003,abnormal
2024-01-01 00:00:30.640,0.16914778077446116,1.2532315605088276,9.435304810380288,0.9951641844241091,-0.10272835097198094,0.6770570168778454,abnormal
2024-01-01 00:00:30.650,0.9222602450188047,0.6429070414445345,7.713180364877058,0.09286120556613082,-1.4490358059640867,-0.01803312334291898,abnormal
2024-01-01 00:00:30.660,-0.2982012041982057,0.5830632380911016,7.217761887756421,-1.173791115897946,-0.6171915259660369,0.5719501543281219,abnormal
2024-01-01 00:00:30.670,2.3906211979468486,-3.6073424097903057,8.563966448985358,-0.14980818581286687,0.08952362285743116,-0.5188027647257566,abnormal
2024-01-01 00:00:30.680,1.8960850847782598,-0.28706557762496504,7.945612087515994,-0.25999016932758157,1.0296773396935086,0.4493118673147345,abnormal
2024-01-01 00:00:30.690,-1.2513229608326757,2.1899163027675814,7.115170163959681,0.6411601414799925,0.7793233974754792,-0.01577898045847911,abnormal
2024-01-01 00:00:30.700,1.0009120183098483,0.3920766524262522,6.880882197642356,0.5473150317314492,-1.8472644928349453,-0.8193273102101921,abnormal
2024-01-01 00:00:30.710,1.1730759925622003,-0.5614020077745638,6.977751034178685,1.0560382815609473,0.6023442254183675,-0.9254899940945067,abnormal
2024-01-01 00:00:30.720,-0.19489570984325802,-1.3744630327923961,5.642494094740604,0.7373472667367316,-0.07204389618108178,-0.4313007713261191,abnormal
2024-01-01 00:00:30.730,0.1609304673899258,0.34998128365574077,5.8563448997941325,-0.8386881209789839,0.8861284542528173,-0.14443686417062562,abnormal
2024-01-01 00:00:30.740,-0.22247649115509405,-0.5503802684941161,5.77144947151299,-0.868359985817101,-0.4523300285151569,1.1030251922859564,abnormal
2024-01-01 00:00:30.750,1.7140171335824268,-1.297155706407746,5.509924473228795,-1.311879019707533,0.0014226018092683686,0.2835277313952375,abnormal
2024-01-01 00:00:30.760,0.5486879957208409,0.7160896787201138,5.29437523383703,-0.492564700807425,-0.4036989541728734,-0.07270336851404842,abnormal
2024-01-01 00:00:30.770,0.09702969984841515,-0.1211064724269916,4.606890553807324,-0.19219982803590754,-1.4677647296046694,0.6692539420316678,abnormal
2024-01-01 00:00:30.780,0.24688782220854094,-0.5262245890794363,3.7503468096357637,-2.1508783217158833,0.27982819856380065,-0.16827081502660124,abnormal
2024-01-01 00:00:30.790,-0.48582187928891246,-0.42289892077703767,2.809513790316332,-0.5687790812883061,-1.0754107022390187,-0.5879335531538006,abnormal
2024-01-01 00:00:30.800,1.5859553540279705,-0.22384028485379234,3.0053670923177638,-0.4506633239683602,-1.2725137672448685,0.5680758717952201,abnormal
2024-01-01 00:00:30.810,1.315398870091726,-0.08585917830955542,1.8563399790923072,-0.20835804210898257,-0.20459128380174404,0.4410485542411163,abnormal
2024-01-01 00:00:30.820,-1.3264927332586651,-3.798727694048938,1.610468308462042,-0.03023320841485951,-0.1883620463781153,-0.327971528661968,abnormal
2024-01-01 00:00:30.830,-1.6213750029185638,0.9945487564429625,1.5418485754338551,-0.7609855391246038,1.0985255383163253,0.11763896886500441,abnormal
2024-01-01 00:00:30.840,1.894790044659985,0.7782527942805755,0.5963459279825081,0.942978379982074,-1.4017420010660993,0.6556400384855461,abnormal
2024-01-01 00:00:30.850,-1.4356784673090033,0.1709189681533167,0.20628077668920047,-1.4479382049140754,-0.4099131710496204,0.03655989476590801,abnormal
2024-01-01 00:00:30.860,-1.1627907259868684,1.2388758542176153,1.0300365983403874,-0.11451643913251645,-0.4505231467331787,0.8270325926874688,abnormal
2024-01-01 00:00:30.870,1.890980732671643,-1.2735910053622124,1.2452801891251564,0.05254428523253962,0.7986046104485715,-0.3845286776195115,abnormal
2024-01-01 00:00:30.880,1.1897301768096513,-1.334875038084881,0.4578690151034259,-0.5567324487850442,0.032925002468673484,0.9303748002333023,abnormal
2024-01-01 00:00:30.890,-0.2316121486487044,-0.11035508318455195,1.955929109729677,0.4401889230119604,1.5241951344296798,-0.4396310007177641,abnormal
2024-01-01 00:00:30.900,0.4189976401119773,-0.8686139106826267,2.0596802450792953,-0.782370277477273,0.5627601022272625,0.531565936950984,abnormal
2024-01-01 00:00:30.910,-1.4729125552328797,-0.5185235021383794,3.1035529445482837,0.37773106809637935,0.5750101586698844,0.024118119906449416,abnormal
2024-01-01 00:00:30.920,0.420342280623221,-0.4851956527804879,3.560138473076269,-1.19494555798647,1.1155003680388176,0.3724002107300764,abnormal
2024-01-01 00:00:30.930,-0.6867993555966526,-0.4019348284831855,3.699912068503119,-0.021241610247766888,-0.12395345993195224,-0.3425467173975389,abnormal
2024-01-01 00:00:30.940,-0.1570797950309131,1.7256711381642384,3.9057316544758294,1.5775395488698447,-0.2714277709309487,0.3657469295672742,abnormal
2024-01-01 00:00:30.950,3.7093217990938876,-1.0104815197523296,4.919624667173905,-0.4389965765865922,0.2437033387658105,0.45653811964859714,abnormal
2024-01-01 00:00:30.960,1.2251930806397522,-0.2339268820136037,6.187199719740302,0.7496269302828726,-0.0027545810204800173,-0.17792955405455496,abnormal
2024-01-01 00:00:30.970,-0.5100945892859465,-0.6027762938531952,5.177341145169036,-0.04899911435793302,-0.2331494960013497,-0.03996140471775938,abnormal
2024-01-01 00:00:30.980,1.4811497566994094,-1.39468563856025,6.102787391548706,-0.9792714199904886,-1.0291423939367503,1.0732202743643513,abnormal
2024-01-01 00:00:30.990,0.6131039420069931,0.624685761614372,5.437287153371145,-0.23125984287000872,-0.12251435361443744,-0.08671114462355334,abnormal
2024-01-01 00:00:31.000,1.52297524432737,0.30943237763423503,6.107248588426035,0.6957095145223979,1.207714375359179,-0.2360246059580637,abnormal
2024-01-01 00:00:31.010,0.6991845462829737,-2.4848455401413614,7.743234620108117,-0.6029390050406354,-0.6832948383433594,-0.8631447617285704,abnormal
2024-01-01 00:00:31.020,1.5397143364164356,1.9621814075467816,7.285123748709914,-0.7237749552698117,-0.36549798362746305,1.0271006895280832,abnormal
2024-01-01 00:00:31.030,0.15549708471484247,-2.336242084810711,8.616951022413433,0.5771825021737447,-0.6205827381297465,0.10596689916483672,abnormal
2024-01-01 00:00:31.040,0.589042165580847,0.729015336723351,8.656293201483235,-0.43885824864698253,-0.545901078348878,-0.35822153938269924,abnormal
2024-01-01 00:00:31.050,1.007333344531599,0.7027479800086681,8.414680267620811,-1.7744063313796306,0.339464988861564,0.3864215025891771,abnormal
2024-01-01 00:00:31.060,0.6110197690036108,-0.4554477876915591,7.833056665779827,-0.6945944667930635,0.20039535797537164,0.1805664406487258,abnormal
2024-01-01 00:00:31.070,-0.2795028743974139,-0.975233685011076,8.30884411699326,-0.9146056712644424,0.49827326361615215,-1.7323909643761508,abnormal
2024-01-01 00:00:31.080,-0.3127696136510222,-0.16651021280999306,8.43396604078835,1.4043389870719014,0.3974183999831197,-0.8041868477512444,abnormal
2024-01-01 00:00:31.090,2.214260655584019,2.1713442488579844,7.931542895453409,0.4707037550019297,-1.4546573978713842,-0.05726295751332867,abnormal
2024-01-01 00:00:31.100,0.6130599476580622,0.8400009216552908,8.978450249370288,-0.7789476136684055,0.18408809948994997,0.2687473868943146,abnormal
2024-01-01 00:00:31.110,-0.7597179053411589,0.1847311466920767,9.101068267633758,1.2475029097189754,0.947518781517814,-1.0254124781619316,abnormal
2024-01-01 00:00:31.120,2.3620976668093188,-0.9392845884381607,8.669874091503123,-0.4638735680456746,-0.07911095605522386,-0.8497448818605046,abnormal
2024-01-01 00:00:31.130,-0.1392360388353096,1.8806835653488656,8.33893508741732,0.16579996078319584,-0.7421335009678693,0.35391958361637643,abnormal
2024-01-01 00:00:31.140,0.8157436319497199,-1.250479937013089,7.77887693302459,-1.2455991163320619,-1.349022570290112,-0.25842423266445524,abnormal
2024-01-01 00:00:31.150,0.557877252401023,-1.9008334936500255,8.238861044093584,1.5187904126143683,2.1128287977843097,0.15111372505616458,abnormal
2024-01-01 00:00:31.160,-0.04170493921835136,0.1837478502583692,7.888565349957758,0.9631005686513642,0.0010211337363525996,-0.8547047814353819,abnormal
2024-01-01 00:00:31.170,2.5245784448887605,0.013078571564160408,8.262258154919328,0.09082902311810417,-0.6551647436957925,0.3591189654506042,abnormal
2024-01-01 00:00:31.180,-0.5532771908605753,2.1111407789995713,7.971565714685738,0.3398809435227611,-0.14489150923568023,0.526378946432076,abnormal
2024-01-01 00:00:31.190,0.8337316938693153,0.3516983682387837,7.25279443190334,-0.32236438077965324,0.45598617426574767,-0.447395820579488,abnormal
2024-01-01 00:00:31.200,0.07012703305235998,-0.6149663767669832,6.948366005650707,2.152246097766004,0.3873562873233295,0.46934612578361784,abnormal
2024-01-01 00:00:31.210,-0.103847978215489,1.608594767119002,7.1071085543185815,-0.7917104303165777,-0.9529400768873061,-0.2525295105811221,abnormal
2024-01-01 00:00:31.220,0.779849238806395,-0.5495058121399837,6.344915641358758,-0.7245031822155853,0.27765987444844303,-0.16851361305628343,abnormal
2024-01-01 00:00:31.230,-2.113496114383499,-1.2635194382845625,5.448551400780332,-0.7204113870109164,0.232306344753883,0.3902246138980966,abnormal
2024-01-01 00:00:31.240,-0.17345115127671754,-1.8201393440255749,5.1800686194915775,1.2877271871658096,-0.3874289190870158,1.125647230961998,abnormal
2024-01-01 00:00:31.250,-0.40892058610269616,0.6088350352767703,3.8316510937563866,-0.21074248468150916,-0.36469138632275727,-0.48264896105010785,abnormal
2024-01-01 00:00:31.260,0.3650745070511608,-0.18640349861475392,4.841621366043069,-0.6149974790437301,0.08905780065735174,0.07670633436036833,abnormal
2024-01-01 00:00:31.270,0.3021342787878502,-1.4328994264741497,4.907521526559493,-0.610699575084374,0.19093479842552427,0.5918224576335362,abnormal
2024-01-01 00:00:31.280,0.3951701179384197,-1.5409816681249346,3.099806509866881,0.02161832357101359,-0.04994507104797204,0.6193078756891608,abnormal
2024-01-01 00:00:31.290,1.9341570951236873,-0.5752914004569726,3.5001454087823745,-0.7348157035670456,0.7319218824757365,-0.27342830307627275,abnormal
2024-01-01 00:00:31.300,-0.16489380881091498,0.05411495041988786,3.063454262504599,1.0141581839315037,-0.5996826599254942,0.03612485464882059,abnormal
2024-01-01 00:00:31.310,0.2939689019828287,-1.446537010724165,2.29764112145103,0.5838036437406088,-1.2731437716631173,-0.05750548155553475,abnormal
2024-01-01 00:00:31.320,-0.3934889258506735,-0.3245933821585008,2.2980903096620677,0.15276063769129553,0.717446422259385,0.4214135275238906,abnormal
2024-01-01 00:00:31.330,1.8497281000061099,0.5775012022713099,0.9648619939849998,-0.40978965216100327,-0.9238769293694193,-0.6154787596873452,abnormal
2024-01-01 00:00:31.340,1.0886308970385694,-1.6828284346764402,1.0416819694020978,-0.8582200727961368,-0.809134813043588,0.20015232044108489,abnormal
2024-01-01 00:00:31.350,-0.9113989245044923,-0.6918034382264509,-0.06524403890899277,-0.16816899758637163,-0.16970104429075566,-0.08746498532978998,abnormal
2024-01-01 00:00:31.360,-0.8170869158224084,-0.17924358654182793,-0.41748454509681954,-0.9203449122793377,0.894778284396493,-0.4218423097266928,abnormal
2024-01-01 00:00:31.370,-1.5258754374798087,-2.152186269887669,1.4070949528029586,0.5985687180058149,-0.2079176685863486,0.27930398489839003,abnormal
2024-01-01 00:00:31.380,0.5157741401263827,0.6382299289886191,1.2275772717608517,0.7222889529502773,-1.2304277980802254,0.3367844662236033,abnormal
2024-01-01 00:00:31.390,0.0035913293487202826,-0.0037583043309134703,2.5597838653254446,0.666727367879605,-0.2103367796960013,0.39916536773066236,abnormal
2024-01-01 00:00:31.400,-0.583899023178681,1.289666487832371,3.0228208942556316,0.6857236415035763,-1.071905878298885,-1.0654257913907752,abnormal
2024-01-01 00:00:31.410,1.1346529948350044,-1.505162885992997,1.845379095804302,-0.601954836291399,-0.7471871692585731,-0.18917245871265814,abnormal
2024-01-01 00:00:31.420,0.7962520973064963,0.642451380000101,2.842610578085817,-0.5794907002321374,1.16464088207217,0.06203382464731206,abnormal
2024-01-01 00:00:31.430,-2.1123266270124628,-0.7568466264578858,3.8020035513545256,0.6653300757840808,-1.5951373739714336,-0.7018561053322567,abnormal
2024-01-01 00:00:31.440,-0.030731683044120144,-1.2697778817084104,4.688927023300798,-1.0143863697727484,-0.19603109911631952,-0.1096306477018915,abnormal
2024-01-01 00:00:31.450,-1.6596343599192507,0.45647411288834955,3.8726941196000126,0.7349904289916899,0.30106942871527653,0.3222374516624962,abnormal
2024-01-01 00:00:31.460,0.6630088673453892,0.2021988606436884,4.88417383809017,-0.008700258223094602,-2.00846804862942,0.2655937246262797,abnormal
2024-01-01 00:00:31.470,-0.17570612486726175,-0.29265395296426994,5.804906125137091,0.017431452248152873,-0.9074285563889591,-0.08478103025845972,abnormal
2024-01-01 00:00:31.480,0.9781279442736199,2.0093460319508183,6.358084939974087,0.9368459696912252,-0.37584330388811993,-0.07564596949081419,abnormal
2024-01-01 00:00:31.490,-0.7771541465433284,0.797267601137151,6.437090125038618,0.669580177868325,-0.3717631769173113,-0.11733060892712564,abnormal
2024-01-01 00:00:31.500,-0.1259852821188707,0.14161191363515713,5.88599191835922,0.5493568280196239,-1.0739698182236816,0.8361998701152584,abnormal
2024-01-01 00:00:31.510,0.31363443018424547,-1.005380828459171,6.73523054305004,0.3869379370087027,0.6019293815158749,-0.5709410238227246,abnormal
2024-01-01 00:00:31.520,-1.6401464232730967,2.462781257401726,6.997114998134924,1.3735829337795717,0.7218472498509914,0.5355886417791816,abnormal
2024-01-01 00:00:31.530,-0.4104653736288152,0.3390123526506376,7.1474832656444445,1.0133323893920514,-1.3604205827873097,0.3760588988013289,abnormal
2024-01-01 00:00:31.540,-1.096918251049768,-0.7622818007944694,7.41164415426481,0.02972224460453739,0.4710782346183297,0.7808433554017532,abnormal
2024-01-01 00:00:31.550,2.519490040678806,-0.2927299428672169,7.917131425605958,0.05227457738856128,-0.6366585934985751,-0.24578669528564023,abnormal
2024-01-01 00:00:31.560,-1.3998222827604412,-1.5651849379849556,7.423781513207349,0.8978776657276254,0.8404356226456916,-0.044402315104393866,abnormal
2024-01-01 00:00:31.570,-0.09852470906697468,-0.43689970291741337,8.229891165227345,0.4309498115625711,-0.13987737661807553,0.053440441277865416,abnormal
2024-01-01 00:00:31.580,0.6385192371970353,-1.0784731455141394,8.379941696155496,-1.2506467457888737,0.18485168646328998,0.3220202585493666,abnormal
2024-01-01 00:00:31.590,0.42525844482622205,-1.011716224339481,8.521967454920718,-0.20671693903986385,-0.08592180347986547,-0.021616466975266285,abnormal
2024-01-01 00:00:31.600,-1.339299014023373,-0.745706506877872,8.674579288468816,-0.20618958124295886,-0.42141419154664556,0.015133749226750261,abnormal
2024-01-01 00:00:31.610,-0.3064047943265751,-0.9357146245975032,8.574431164938698,-0.702894819046015,-2.378722428510708,-0.7370738961400594,abnormal
2024-01-01 00:00:31.620,2.146365085956396,1.016586941714838,7.775507061099493,0.20911185412237265,-0.8628630184273741,-0.013627699208412235,abnormal
2024-01-01 00:00:31.630,-1.0029753044473586,1.7549668377611358,8.142261076908513,-0.43157826719912784,0.5749093912995776,-0.4624349946753682,abnormal
2024-01-01 00:00:31.640,1.3078381894308202,1.300525162913657,9.824870039889833,1.0466977304330118,0.582095204858067,-0.7547854661748304,abnormal
2024-01-01 00:00:31.650,-1.0483667394477196,-0.6485623913063528,8.740187287135702,0.9628536973488501,0.4184662121424639,0.6350835467353078,abnormal
2024-01-01 00:00:31.660,1.0706347575814843,-0.38096059864842957,8.447516826278266,0.9322022858353463,0.19649066565822457,0.18173641012826228,abnormal
2024-01-01 00:00:31.670,-0.903481940919569,-1.3398035401549868,7.643717026781226,-1.125622519046,0.23026670872816266,-0.06001812868830429,abnormal
2024-01-01 00:00:31.680,-1.1865880364935455,0.5656440308745615,8.155191814734032,-0.8216074262808245,-0.8182276719167694,0.5867350679654452,abnormal
2024-01-01 00:00:31.690,-0.7474872692212194,-1.5817897749795367,6.551256978172408,-0.915003145301849,-0.51060782018583,-0.5651804383025867,abnormal
2024-01-01 00:00:31.700,2.6757626746234595,-0.7049013251231339,6.992291300722195,-0.9627195841313184,-0.6381032568395036,0.199043779231503,abnormal
2024-01-01 00:00:31.710,0.08320305549348632,0.9471022796679011,6.480634240873349,0.33527082804045377,1.0945714509766662,0.22556535336032985,abnormal
2024-01-01 00:00:31.720,0.3862186836209285,1.1905250086602968,6.6668531982819195,-0.8902669145828838,0.7938731836728491,0.1892585626037682,abnormal
2024-01-01 00:00:31.730,0.6720498336669924,1.8354620174149714,5.646494435800051,0.4852762682716989,-0.5562916873490907,0.1453933136489854,abnormal
2024-01-01 00:00:31.740,-0.927784112541334,1.7051852355378636,6.513282099500947,-0.1382396113531118,-0.06424121682079192,-0.23120405123302165,abnormal
2024-01-01 00:00:31.750,0.09686305213185606,0.6453525825703463,4.6017250267961245,0.4786220295988969,0.6474128801078473,0.7919361963667848,abnormal
2024-01-01 00:00:31.760,-2.271064258588823,-0.2227001027455739,5.566819591090132,0.148637854597728,0.5863567956582735,-0.44947210705780094,abnormal
2024-01-01 00:00:31.770,-0.4867494721697153,1.8454850390653663,4.613635824314633,0.8660136371589762,-0.5297902903857132,-0.9420436791709819,abnormal
2024-01-01 00:00:31.780,0.5111549541418314,2.0635867280863374,4.633949730645913,0.7926417254053278,-0.6979886911136252,0.5254725382048622,abnormal
2024-01-01 00:00:31.790,0.3136785879219501,1.2973225033235947,3.9291502550615816,0.33555583488834195,-0.8575618138904115,-0.0007784661920652942,abnormal
2024-01-01 00:00:31.800,-0.7394350556293828,0.8582253776504299,3.091232486807433,-0.7487208131863244,-1.3618597959522751,0.12449871893971394,abnormal
2024-01-01 00:00:31.810,0.23360982442897976,0.6889223794772615,2.090287361236628,-0.8697781355490798,-2.4033488080681398,0.048232623521573814,abnormal
2024-01-01 00:00:31.820,-1.627758329381817,-0.4517629996379272,2.8349246749983066,1.1966793528513369,0.6507223127231896,-1.0220485088912694,abnormal
2024-01-01 00:00:31.830,-1.0483416828177758,-1.6127526312878642,1.821343408151622,-0.9888073075254327,-0.14131457334413838,1.5367294061487524,abnormal
2024-01-01 00:00:31.840,0.7383854128098967,-0.2748056912979454,0.9293124296041031,-0.9466446157713491,1.1326350515057406,0.25141333299324586,abnormal
2024-01-01 00:00:31.850,0.3126632549758413,0.04927286746883174,-0.002781148787870724,0.5808338393096458,0.6158316267971922,0.22847887786094975,abnormal
2024-01-01 00:00:31.860,0.19936214780237946,1.8017898842494895,0.5981910724741882,-1.670543192273225,-1.257790937469491,0.7598832976242504,abnormal
2024-01-01 00:00:31.870,1.3798173209208244,0.0009758647487498961,-0.4882171974086202,-0.2065954495905934,-0.3141137188662798,0.041610157701086475,abnormal
2024-01-01 00:00:31.880,0.021386111542900443,-0.570301914482879,1.289091906541802,-0.578612414069339,-0.6667409819530344,0.09875024035915583,abnormal
2024-01-01 00:00:31.890,-0.31719424309744443,1.545592216286649,1.7272651816688591,0.36481225132724804,-0.7530386374996643,-0.5065189053115032,abnormal
2024-01-01 00:00:31.900,1.8220218595058282,-1.4856832442061196,2.658587587479045,0.3314319676629521,-0.08094034049668032,0.7300171359626391,abnormal
2024-01-01 00:00:31.910,-0.29506272873532324,-0.9589266673058892,2.8219972216211944,0.7460718697752885,0.02161939985622007,-0.23332726048638303,abnormal
2024-01-01 00:00:31.920,0.705650246370651,-2.041070955680704,3.6938875007088274,-0.9976096602342716,1.6620999371023424,0.4883630013088064,abnormal
2024-01-01 00:00:31.930,0.4329778699294317,-0.5146760486009264,3.9479297706937215,0.8427899198552277,-0.8121615761014211,-0.5152754866003207,abnormal
2024-01-01 00:00:31.940,1.6651646958655568,0.40749042484668496,4.868963220945667,0.5676924721988826,-0.10329898404023573,0.11648669248213696,abnormal
2024-01-01 00:00:31.950,0.4583463991593257,-1.00183211731776,5.999486839480899,0.5088160787124476,-0.4231485643758248,-1.5506531864565576,abnormal
2024-01-01 00:00:31.960,-1.0494785577724446,0.2421595881998476,4.8473880844053845,0.8885152879413128,1.0713601739857166,0.08904772885101384,abnormal
2024-01-01 00:00:31.970,2.3862308277810564,0.16033748953290414,5.345501904496996,0.19212300816751965,-0.9884619638651148,-0.5539289446613086,abnormal
2024-01-01 00:00:31.980,-1.1847754279345848,-0.2668305100676496,5.146354485270691,0.6847049778039066,0.6491068462834588,0.18596039372545428,abnormal
2024-01-01 00:00:31.990,-1.3255931463788222,-0.057790775495990515,6.600195984849275,0.7875095143776273,-0.37630171693038206,0.016703772870824626,abnormal
2024-01-01 00:00:32.000,0.8451886997307778,1.4464059073905806,5.924151667862035,-0.6899126576094174,-0.19045648692277492,-1.0549753146409826,abnormal
2024-01-01 00:00:32.010,0.25977696289635216,-0.1402006320404606,6.759456490166079,-0.35080305072848467,-0.550551417114124,-0.2430929484411144,abnormal
2024-01-01 00:00:32.020,-1.0037384153047977,-1.1391848493507022,6.235241005600681,-0.026169921673067954,1.0666899387261592,0.6710417111413637,abnormal
2024-01-01 00:00:32.030,1.7198763027425266,2.3251977631658995,7.795622056228654,0.08820419498155993,-0.2742372939523163,0.574825271417247,abnormal
2024-01-01 00:00:32.040,0.04487600137367592,-1.3562425251472636,7.960328051266476,-0.23749569667225479,-0.019718526492394584,-0.03146578754663436,abnormal
2024-01-01 00:00:32.050,-0.3554788351051497,-2.576575316921235,7.919777919727518,0.05998475565722747,0.34910827467237676,0.06459835637117807,abnormal
2024-01-01 00:00:32.060,-1.4834961546531915,-0.2796514312605139,9.721276476041231,-0.8745461149206497,-0.9556993827969413,0.38664912215288155,abnormal
2024-01-01 00:00:32.070,0.2080246731489571,0.6746126824002442,8.432642127242591,0.6309181580469545,-0.1743383986488769,-0.17149905825607398,abnormal
2024-01-01 00:00:32.080,-0.3303160405549217,-0.102414856498031,8.616332657793292,-1.5205934675111066,2.3153833925837852,-0.8520395009806093,abnormal
2024-01-01 00:00:32.090,-2.454281867683528,-0.2894049643073939,8.271620824332036,-0.08105606079532347,0.5880224180799052,-0.21820384790697625,abnormal
2024-01-01 00:00:32.100,-0.5280153815626017,1.5355200565986658,8.270760194264058,0.475460921489726,0.86675328152143,0.3303452513836506,abnormal
2024-01-01 00:00:32.110,0.9841924874289174,1.255236203920773,8.175039143178527,0.7795132319617901,0.9815645692687146,1.1081277877860418,abnormal
2024-01-01 00:00:32.120,-0.2532597254044944,0.4668711681481384,7.358299183507956,0.8837631739878098,0.3012730036379928,1.0210035308053929,abnormal
2024-01-01 00:00:32.130,-0.08289759078650594,-1.4612532028103289,9.22264771053484,-1.2854870206490991,0.2852228351515241,-0.2575890545273755,abnormal
2024-01-01 00:00:32.140,-1.4264216162949706,1.243036008688301,8.262921701048294,-0.7622573179415655,0.1673435862375576,-0.8953066058807603,abnormal
2024-01-01 00:00:32.150,-1.0867906502942148,0.023466830268414587,9.108589361590736,-0.4335057170215792,-1.4634847049201363,-0.24584988952162495,abnormal
2024-01-01 00:00:32.160,-0.28525107847810915,-0.8796700220254743,9.032063049284531,-0.053337012554015,0.6557630058688539,-0.6806667302038939,abnormal
2024-01-01 00:00:32.170,-1.017577059675749,-1.7929202064118621,8.532677015005808,0.21301796870796594,0.7838163893304407,-0.3776517860169257,abnormal
2024-01-01 00:00:32.180,-0.6377952772358914,-0.8388433796657419,8.226440125280957,-0.017460741296143723,-0.9889516497762539,-0.06000586878932947,abnormal
2024-01-01 00:00:32.190,0.5125398518185497,-0.9902266634707785,6.569422288704728,-0.4841078295792409,0.7023061863592188,0.40550044991867795,abnormal
2024-01-01 00:00:32.200,1.1960605207951427,0.12791781136457414,7.342551971181798,0.20681429780534213,0.44794414288728984,0.1945900337401616,abnormal
2024-01-01 00:00:32.210,2.530187359260468,-0.2894710103244581,7.561596711007177,0.8256932797021161,0.0749512568207539,-0.37824404396566247,abnormal
2024-01-01 00:00:32.220,-0.5316571480738299,-1.5476473887049176,7.531612073260789,-0.7838600820591592,1.0395041844081263,-0.1690424218961152,abnormal
2024-01-01 00:00:32.230,-0.6326155754653924,0.5495934988717803,6.2491001522576415,0.3420647949397049,0.31261305003070144,0.04065427122259719,abnormal
2024-01-01 00:00:32.240,-0.4970938986156293,-1.9427446579082621,6.706197664984416,-1.1386584094797776,-0.04607136504678263,0.0975091881466548,abnormal
2024-01-01 00:00:32.250,0.9780287385444184,0.9938386768387388,5.457603543801521,-0.47637309874924627,0.5812243305632827,0.08775455417996085,abnormal
2024-01-01 00:00:32.260,0.5463041370062625,-1.2319508001455335,6.3572634679784095,0.6909049915683686,0.023188583402817004,1.0848112725788095,abnormal
2024-01-01 00:00:32.270,0.00023448458605732683,-0.5723873004115019,4.8700356330897625,1.6587891313477885,-0.48336457284217715,-0.14781287708515478,abnormal
2024-01-01 00:00:32.280,-2.174558544370027,2.0246043074331204,4.508019331492889,1.1151151701939819,0.08799895221035571,0.12144647434545364,abnormal
2024-01-01 00:00:32.290,-1.1149711175216273,-0.24641020352961865,4.006657290173148,0.08278112715032926,0.6273526308691416,0.02740038380953414,abnormal
2024-01-01 00:00:32.300,0.405426770388449,0.9635395622261957,2.80267160175623,1.0050843793640358,0.0322205266988086,0.02819890474524201,abnormal
2024-01-01 00:00:32.310,-0.6135159044671469,0.25183478785080216,2.956250835778412,-0.6336796402410878,-0.7001935436198656,0.7909322404561665,abnormal
2024-01-01 00:00:32.320,2.672374475390487,1.2958650130509082,1.514455115549159,0.668470597828285,-0.30824995469656125,-0.0637532490440794,abnormal
2024-01-01 00:00:32.330,0.44596973374029053,0.7496460911256172,1.382247021908607,0.16415383712605017,0.04030077060381261,-0.5140108505219554,abnormal
2024-01-01 00:00:32.340,0.1933299563194131,-1.605420702071057,0.7729295066286983,0.6329393047985844,0.9259670207821263,0.5040202199197498,abnormal
2024-01-01 00:00:32.350,-0.4623439877064094,0.17408346374236974,1.6784025939084826,0.5310979737263718,0.7048626084148544,-0.22276807516770983,abnormal
2024-01-01 00:00:32.360,-0.2493782667776584,1.5477171125036508,0.35726247201422234,-0.4321086374163724,-0.5954782823977184,0.13943397932788418,abnormal
2024-01-01 00:00:32.370,0.2812666202346529,-1.1549783111930678,-0.2614366315029506,1.5899244596108566,-0.19502134675158003,0.3141394704979865,abnormal
2024-01-01 00:00:32.380,-0.13196358792253646,2.566006285334602,1.8988870913886495,0.13704608685518851,0.8395929713540483,-1.646504250407016,abnormal
2024-01-01 00:00:32.390,1.3660201104908865,-0.3058375411944379,1.1937399410486846,2.2147891256623478,-1.0339851388727586,-0.6069092980324725,abnormal
2024-01-01 00:00:32.400,-2.803138771140158,3.1240074539165557,1.538956858932043,0.102938734867535,-1.2263274420385633,0.4280823309304892,abnormal
2024-01-01 00:00:32.410,-0.18928942299241577,-0.12883986034672565,2.0246197126208494,0.9558641998592429,-1.4131564105243646,-0.3811764259039508,abnormal
2024-01-01 00:00:32.420,0.6494112329750433,-0.5670763165392888,1.8302883929184148,0.9950583047881377,1.5650340810130794,-0.9099337500562653,abnormal
2024-01-01 00:00:32.430,-1.3156066909704172,-0.0840315502325682,2.6299226467220675,1.3217531744449915,0.16610445545360028,1.052205677545922,abnormal
2024-01-01 00:00:32.440,-1.4458402727879238,-0.9626134764993233,4.194631930178479,0.30472987400870083,0.969406443751979,0.2258031531034774,abnormal
2024-01-01 00:00:32.450,-0.8283391732265971,-0.12355750640192513,4.252086594179765,-0.09996928998652933,0.4352800198192016,1.1695495077703983,abnormal
2024-01-01 00:00:32.460,1.7165917210703638,-1.751900541661318,4.446765484957071,-0.14918440023680257,-0.11081015196473239,0.8126209820761482,abnormal
2024-01-01 00:00:32.470,0.10932118353073678,1.281465763230255,5.252861146587428,0.27085446171969785,0.3025900394372704,-0.3380770212288032,abnormal
2024-01-01 00:00:32.480,-1.7924498282267898,0.6437329971105595,6.232348796940198,0.7819816375280635,-0.009908547971085455,-0.06843638298181777,abnormal
2024-01-01 00:00:32.490,1.2386867463101854,-1.0494100632996006,5.39117632896185,-0.7663457943224437,0.12764214539116897,0.013997714982729096,abnormal
2024-01-01 00:00:32.500,0.5239935137204328,-0.8338597440596658,6.943862125103502,-0.9256903681460189,-1.0301960362333853,-0.3605226737626029,abnormal
2024-01-01 00:00:32.510,0.16646267769254505,-0.177004803549354,6.794877556577473,0.48427506581696655,2.0704530121589975,0.697779677002197,abnormal
2024-01-01 00:00:32.520,2.0601657315306556,0.5258514401959316,7.320493033706482,-1.1890749917038712,1.0121195285880553,-0.18150394619965698,abnormal
2024-01-01 00:00:32.530,-0.8757695701059649,-0.14986619659689945,7.063148618288114,0.015664960379983616,2.0395641618245235,-0.8083813966669237,abnormal
2024-01-01 00:00:32.540,-2.291989452042851,2.8975143003921837,7.520709778213715,-0.6541987245942131,0.4463443734004255,-0.08261359487157302,abnormal
2024-01-01 00:00:32.550,-0.3109829744765758,-0.2761056662459415,8.18657983605296,0.1791265540584046,-0.394268543545024,0.6141500973315894,abnormal
2024-01-01 00:00:32.560,-1.4234542295415924,1.393776053103338,8.23664716181708,1.1953006336750749,-0.6545011164931619,0.27519021240019803,abnormal
2024-01-01 00:00:32.570,0.9612610112011668,-0.38963896665111925,9.187847608499055,0.11828344224552294,0.6409413343700617,-0.056750931022288065,abnormal
2024-01-01 00:00:32.580,1.2869298558960478,0.7475181342491706,8.300136965088777,-0.8507874758458088,-0.4303494099107593,-0.9824369865976897,abnormal
2024-01-01 00:00:32.590,-1.7993095536146948,1.7760011695792757,7.673493074585871,-0.5734291970889781,-0.6793517349523092,-1.4196846927111708,abnormal
2024-01-01 00:00:32.600,0.5362579820494036,-0.6244185642784285,8.46393594406767,0.7981434781910369,1.5957539123407434,-0.6149299522595937,abnormal
2024-01-01 00:00:32.610,-1.4446598532538697,0.23354833071993616,8.29700303260273,1.272141604666377,0.05667812357421592,0.155741426274756,abnormal
2024-01-01 00:00:32.620,1.4814864650741228,-0.2654220768105704,7.89188897688996,-0.9298423861953097,-0.5328467566623766,-0.17987212658643745,abnormal
2024-01-01 00:00:32.630,-0.9790619579875474,1.5158208329060783,7.943165391333289,0.11868944214902334,-2.122940189718397,-0.17792380506546612,abnormal
2024-01-01 00:00:32.640,2.1587126056991566,-0.27534326995059494,8.33186239583537,0.008598640065276013,-1.1278409162940883,0.23490844446811376,abnormal
2024-01-01 00:00:32.650,-0.4445665401160546,1.307119223618002,8.58113711716816,1.0093949945817837,-1.1328956873125207,-0.7477622478058602,abnormal
2024-01-01 00:00:32.660,-0.024689138989279595,-1.7675830214173187,8.33521609970383,2.5572676020991274,-1.3837279836111471,-0.5845402543074657,abnormal
2024-01-01 00:00:32.670,-0.16986307376911727,0.46897385148750015,8.580568106268338,0.13048205011116545,-0.8624412782131204,0.6372764593902489,abnormal
2024-01-01 00:00:32.680,-1.8267968418925862,-2.094136003722068,6.794322356332958,-0.8000308379642548,-0.8271813970601416,-0.0987995937416182,abnormal
2024-01-01 00:00:32.690,0.46395983855918466,-0.7556156006533967,7.8847997949446835,-0.7229256143250367,-0.14099972368932406,-0.5053821136407469,abnormal
2024-01-01 00:00:32.700,-0.22721751234950718,0.643750631973441,7.910541029775906,-0.3221619392646651,0.5135573800962097,-0.41394885555288874,abnormal
2024-01-01 00:00:32.710,-0.8666363870095655,2.1532619714277597,6.8302409363184715,-0.46422042285747256,1.2297304054828346,-0.22580308958182985,abnormal
2024-01-01 00:00:32.720,-1.4211012129771021,0.9572493835050364,6.653184263449276,-0.840503357899983,-0.01001863255999868,-0.42646857953508527,abnormal
2024-01-01 00:00:32.730,1.5050644281943615,0.6614444914585756,5.9561664836135595,-0.15638295827974588,0.002827168040085349,-0.3661862028504959,abnormal
2024-01-01 00:00:32.740,-0.6436145730193036,-0.4681820063612498,6.478560933534372,-0.9625396862640956,0.9349975129520933,0.20942795084261498,abnormal
2024-01-01 00:00:32.750,0.5841647481170942,-0.5829265743677896,5.46027327242819,-1.1807330531386018,-1.4414411662981257,-0.16538260102195051,abnormal
2024-01-01 00:00:32.760,-0.3855431063143568,2.340834502787658,4.746608255897918,1.3272296674662536,-0.13515347455433044,0.4648427840550437,abnormal
2024-01-01 00:00:32.770,-2.8066197868378837,-0.0332117973633883,4.838455131789399,-0.6290612786461115,-0.7367041467503329,0.20606562300207765,abnormal
2024-01-01 00:00:32.780,-0.08727161789965031,-0.2655565334379743,4.837392947097194,2.789889034571836,-0.2749682378034998,0.4035068228474703,abnormal
2024-01-01 00:00:32.790,1.5176356734929148,1.24013315575813,4.323859623156788,2.0349478182093277,0.19427706562105826,-0.0032074284460730513,abnormal
2024-01-01 00:00:32.800,0.41331353120746056,0.24114526258763172,4.5415353828592995,-0.4726006730145065,1.7108915152339894,1.1093565912799006,abnormal
2024-01-01 00:00:32.810,-0.19253199703407747,-1.6140129337945843,2.9322988685477576,0.17806999762136375,0.18719471624172165,0.5177145971526834,abnormal
2024-01-01 00:00:32.820,-0.6201688000362924,-0.9160615251480407,2.2672115635357106,-0.562680301606941,-0.21697850582699557,0.37283670328294316,abnormal
2024-01-01 00:00:32.830,-0.24692869177764926,-0.11374624309105495,2.3873999913306334,0.29734702276757174,0.255040616643837,0.3719817272327334,abnormal
2024-01-01 00:00:32.840,-0.6557087420855242,0.9131517721242357,1.7877987779561615,-0.6687072267338006,-0.9651056616593574,-0.11160207730982016,abnormal
2024-01-01 00:00:32.850,0.9889843836710119,1.2641412498624072,1.326064923980624,0.5665721372604359,0.5355698037672441,-0.4346088299360034,abnormal
2024-01-01 00:00:32.860,-0.44578752464086085,-0.12371435704654182,1.1995637186849373,0.344271716569035,-0.2287312741749846,0.052518285621829,abnormal
2024-01-01 00:00:32.870,1.8715000030976086,-0.8441322436525311,0.7655154856656992,-0.20521565382233212,0.33724726794411714,-0.24067320042164414,abnormal
2024-01-01 00:00:32.880,-0.5092210019235082,-0.011766494819548445,1.2621661061429275,-0.8296395232628107,-1.370209532272334,-0.5967361325528668,abnormal
2024-01-01 00:00:32.890,0.1530877499183163,-0.17629109937464196,0.9340121776417304,1.9107905850035631,1.1067436091513616,-0.2910739637737383,abnormal
2024-01-01 00:00:32.900,0.32819569166821244,0.10876548344092309,1.5821178346579767,-0.45929861273637185,1.1750674121573752,0.6842171156869931,abnormal
2024-01-01 00:00:32.910,-2.199358270315699,0.940392268017357,2.7662848025485594,0.20669190809865443,1.7435118602366797,-0.019609558228481944,abnormal
2024-01-01 00:00:32.920,1.2880779698293723,-0.5961851377311225,1.509426796666052,0.03721225356795937,1.2915950201006354,-0.8551197897248489,abnormal
2024-01-01 00:00:32.930,1.633919800279753,-0.7052744484874198,3.8521191499908003,-0.39622921089849444,0.7050451012280335,0.4562839133301679,abnormal
2024-01-01 00:00:32.940,-1.0968582450077875,-2.534064676088974,3.1700732880055114,-0.7537249976547812,0.42085195582427354,-0.1552217909030162,abnormal
2024-01-01 00:00:32.950,-1.0581957571206282,0.18517395623917798,4.097652151532274,0.4596171230638786,-0.8418814928684196,0.2838701321711246,abnormal
2024-01-01 00:00:32.960,-1.8776418301503939,-1.4986238490841237,4.500392381990527,0.0028081753725266874,-0.882846186631224,0.13778697548933788,abnormal
2024-01-01 00:00:32.970,1.3441723798957417,0.2816340298550751,5.21244142618798,-0.7608818494885704,0.5360761555776339,0.020920892074401603,abnormal
2024-01-01 00:00:32.980,-0.009830099586175116,-1.0700006243705433,4.718085399396877,-0.6581744701475447,1.951231092134571,-0.33333909232871833,abnormal
2024-01-01 00:00:32.990,-0.6827760708105187,0.13346647912065934,4.890517791357608,0.32329425347275964,0.4458632475082596,-0.13805469924244715,abnormal
2024-01-01 00:00:33.000,0.7195474655227757,-0.015152674492553263,5.864470453519822,0.22188293056820882,-0.7494981868348887,-0.5102402990513328,abnormal
2024-01-01 00:00:33.010,1.334128003694489,-1.1528674440430944,6.697935703302881,-0.6432229335842266,-0.2761496832316725,0.1617227401806663,abnormal
2024-01-01 00:00:33.020,0.5956780749954647,0.9815555791298606,6.829490914015652,0.2333553548211828,-0.6842986417513459,0.4384676912532621,abnormal
2024-01-01 00:00:33.030,-0.022094805483011588,-0.43221045725081264,7.049148720492784,-0.3844577753491885,-0.2926702750080628,0.03390243709421782,abnormal
2024-01-01 00:00:33.040,-0.14818542625955572,0.09831536771765652,8.332110385098765,-1.05446549030164,-1.0342566135454465,0.13923685408553332,abnormal
2024-01-01 00:00:33.050,1.5077857209359207,0.8459971278775659,6.734377293110178,0.4563372000486426,1.162735195844401,-0.07160087926150743,abnormal
2024-01-01 00:00:33.060,-2.0140135463008746,0.9447592611372789,6.974897788554929,-1.019800263455957,-0.6261381463005964,-0.5735496997338626,abnormal
2024-01-01 00:00:33.070,0.7658796690957704,-0.5768457386625551,8.331862985012403,-1.8765866725143117,0.3444981034540853,0.22475212383357734,abnormal
2024-01-01 00:00:33.080,-0.8123457294481277,0.3250936548687609,8.17209364884544,0.630655763039356,0.7206865668795123,0.785427399004669,abnormal
2024-01-01 00:00:33.090,-0.7492209575045782,0.8618487467939479,7.9704161752624385,1.06389089758598,-1.89400845159872,-0.04422310970608958,abnormal
2024-01-01 00:00:33.100,0.7933924519494014,0.8516312338898345,9.359354418455528,0.7065702948624768,-0.15645856233638517,-0.2673463078026127,abnormal
2024-01-01 00:00:33.110,-1.5146212430748722,1.1828027209352667,7.2593275743953125,0.6976346229750223,0.2549508809617183,0.02663757304059829,abnormal
2024-01-01 00:00:33.120,-0.46115305990386957,-1.1059114812418518,8.43334493701379,1.4395020558142482,1.1229473897265672,-0.12982691655729733,abnormal
2024-01-01 00:00:33.130,0.8684605791342389,-0.5078759761798604,8.244669421100616,0.5925446893402588,0.14801396683704676,0.0026352284615507064,abnormal
2024-01-01 00:00:33.140,0.3073861808863577,0.4237674545165892,7.950415883527772,-1.0011551946761412,0.2144277963204887,0.7898942877129542,abnormal
2024-01-01 00:00:33.150,-1.077551769090776,0.09510800834587732,8.344064178047589,-1.195442503015275,0.022627545699220753,-0.7989644220623594,abnormal
2024-01-01 00:00:33.160,-0.042089242768433066,-0.2329658039810296,7.687194807974343,-0.591368746669426,1.6564741678773103,-0.5147063887031351,abnormal
2024-01-01 00:00:33.170,-0.456782605708025,0.07343604227286078,7.554985613567542,0.8548663931486067,0.9219112313643242,1.243639622517157,abnormal
2024-01-01 00:00:33.180,1.7580527969562145,0.38837920363672074,8.228073485699863,0.9664542000941159,1.5128009631396924,1.063575888179068,abnormal
2024-01-01 00:00:33.190,1.6093530621003653,-0.13298247681834433,7.557358975855348,-0.6894496540689395,-0.4335148130052309,-0.21479678254106074,abnormal
2024-01-01 00:00:33.200,-0.3180995884401941,0.035202982865919316,7.867565660303228,-0.24144216995398052,0.5650040397418998,-0.6101643413242891,abnormal
2024-01-01 00:00:33.210,-1.887928627107152,0.08180492141911613,6.0606112870216,-0.12220040451226968,-0.059572916886219025,0.45403529508818874,abnormal
2024-01-01 00:00:33.220,0.08003883766956091,-0.565024241183543,8.597137905699366,1.009813710660945,1.2482413048408116,-0.999789034834335,abnormal
2024-01-01 00:00:33.230,-1.1849882355609125,1.1593716759214123,6.287972005380571,-0.4793605780307565,-0.1511486074395202,0.5785945682618846,abnormal
2024-01-01 00:00:33.240,1.3047145299148555,-0.16903989128925687,6.699521077704871,0.5962622200143796,0.8530361463946141,0.05456618719358056,abnormal
2024-01-01 00:00:33.250,0.02856525480480966,0.727826603831761,5.566390524464586,-0.19734515961707455,-0.7626968293513686,-0.6561813490601986,abnormal
2024-01-01 00:00:33.260,-1.8139981152239293,0.558409365961533,5.536621580632345,-0.2568517759140212,2.6685481036858687,0.1875224883279099,abnormal
2024-01-01 00:00:33.270,0.09317925200568654,2.2618136545151732,6.51530972113713,0.7779089057759129,0.40740545949861484,-0.7470350830557946,abnormal
2024-01-01 00:00:33.280,-0.9488277240187236,-1.1893366316883611,4.5751192493635715,1.6621353967491377,-0.3786572174858826,-0.30534486450724146,abnormal
2024-01-01 00:00:33.290,-1.8158137570980446,0.4957867127019734,3.7123818543227145,-0.3099681228448632,0.5738464777022532,0.3557350934449639,abnormal
2024-01-01 00:00:33.300,-0.9926589935518869,0.07909847467202413,5.084920152636868,1.514154302915619,1.2194235050387794,-0.9713096358275272,abnormal
2024-01-01 00:00:33.310,-1.0323260240948162,-0.566285287130242,2.938342116452812,0.3323044076325701,-0.9532533719871475,-0.3161828436248028,abnormal
2024-01-01 00:00:33.320,-1.1786812865275669,-0.9177772719044647,2.866903186623466,0.7437002923909222,-0.5624457449627106,-0.09148807934171643,abnormal
2024-01-01 00:00:33.330,-1.813701160251844,-1.3293891809511738,3.2221328587077966,-1.136893151042267,-0.1838629176033031,0.0669620404695056,abnormal
2024-01-01 00:00:33.340,0.4461625847686202,1.1053671526146969,1.387609652354101,-0.26223636692119057,1.040162523111369,-1.621126971018246,abnormal
2024-01-01 00:00:33.350,-0.2123759526323415,-0.9037616671077251,2.0132056661966597,0.38592654180626634,-0.661919899673871,1.0787845207936453,abnormal
2024-01-01 00:00:33.360,1.2955234634222033,-0.24646719998615754,1.2410005893500748,-1.7921906993959467,-1.3337088197413212,-0.34667300365279746,abnormal
2024-01-01 00:00:33.370,-0.2360601967953028,-2.113581020071548,-0.11807251912447464,-0.8575239548980103,1.17268755237414,-1.0565049874635974,abnormal
2024-01-01 00:00:33.380,-1.5196014930368154,1.0618319207783449,0.11826922057779135,0.7147924948868644,1.3638000778374417,-0.1360598603508728,abnormal
2024-01-01 00:00:33.390,0.4973865744406358,1.2820341060543357,0.6471290803212361,1.6506425014897748,-1.0828881190981035,0.6248938381393274,abnormal
2024-01-01 00:00:33.400,-0.33899964036168445,1.7234224012981683,1.3157946516644126,2.1994094866483302,0.5030651007021641,0.04255654564813084,abnormal
2024-01-01 00:00:33.410,3.1397884679487684,-1.0748766293098777,1.2907295557736018,0.1557103671341923,-0.9819656942771987,-0.43793170288176125,abnormal
2024-01-01 00:00:33.420,-0.20608742079606204,0.7788987979347968,2.670943152289085,-0.5973387903535383,-0.39808047803777286,0.02376008307397891,abnormal
2024-01-01 00:00:33.430,-1.68842107766236,0.3735995868041606,3.511054177368705,-0.7835382560379085,-0.2279418176473888,-0.4611941207786729,abnormal
2024-01-01 00:00:33.440,-1.5098383931524422,-0.9481628401509906,3.793344844242456,-0.30901123722304547,0.5331815790550991,0.18263486277856428,abnormal
2024-01-01 00:00:33.450,-1.2714945035525405,0.8683828595587332,3.7759781870802525,-0.14003609963236593,-1.0656644083679547,0.3762050958647001,abnormal
2024-01-01 00:00:33.460,-0.6549638823127687,1.5540265327210174,4.067284340723858,0.1548030720552485,-0.8364581551739051,-0.3370089127592795,abnormal
2024-01-01 00:00:33.470,0.05237935333885976,0.1414372454552043,5.141492308524885,0.9839813067294899,1.3003854931772334,0.09110254634392932,abnormal
2024-01-01 00:00:33.480,-0.6687658535906271,-1.6025636680122475,4.701528466827639,-0.7699225912568127,-2.0000823907145007,0.07532853700802176,abnormal
2024-01-01 00:00:33.490,-0.5772212218722493,-0.5347430453005976,4.82304904921957,0.3251876963394666,1.2736453608241445,-0.4419323985214575,abnormal
2024-01-01 00:00:33.500,-0.6789449821911088,0.25696129312290217,4.990123271788379,0.3623337789508177,0.5181844646679431,-0.19818965655839446,abnormal
2024-01-01 00:00:33.510,0.5591249348027416,0.11377657288370725,5.86919151480055,1.2197994683241924,0.7025644717814197,0.4999798545432739,abnormal
2024-01-01 00:00:33.520,0.046869975147341716,-0.7553382866586841,6.184656211793819,-0.8372018144394217,0.4811939648519486,-0.05424508184087218,abnormal
2024-01-01 00:00:33.530,-1.9157507017957496,-3.4442386495344084,6.331917741860937,0.9352069591682322,-0.04071003626169701,-0.7408735317259124,abnormal
2024-01-01 00:00:33.540,0.39663605028977117,-1.4820668306173694,7.360901711343075,-0.6870166243991649,-0.8240272058922072,0.1368517451908089,abnormal
2024-01-01 00:00:33.550,0.9628632781625478,0.27296395611840135,9.23114291890758,1.3628907356783853,0.4379924443888474,0.38701631587208535,abnormal
2024-01-01 00:00:33.560,0.2607778326747643,-0.5130465686397138,8.558945160866841,0.27884569136539344,0.7102696424243039,0.36585739304013976,abnormal
2024-01-01 00:00:33.570,-0.30677692806014756,-0.8241775644837884,7.637486242517558,-0.046834170860618876,-0.4872836070203812,0.06047246918354876,abnormal
2024-01-01 00:00:33.580,-1.170746285388358,0.621114578596363,7.954687777608913,-0.23606505441810524,0.5849397791271979,-1.0678213739987759,abnormal
2024-01-01 00:00:33.590,0.4033645441616474,-0.9211024436673559,8.487523053790618,0.09896412996886168,-0.18463798139784512,0.1794188657033096,abnormal
2024-01-01 00:00:33.600,0.7354813019964542,-0.20351081684413744,8.163367900854313,0.9601929404172074,1.030033887636337,-0.6121986531175022,abnormal
2024-01-01 00:00:33.610,0.7799834091096464,-0.3973870736262699,7.874438860499634,-0.4388438165311651,-0.348918069340064,0.03968980043770231,abnormal
2024-01-01 00:00:33.620,-0.5072636383362604,-0.3798217322541713,8.897330524512634,-1.0205913253668446,0.823325497256672,0.2871590675591721,abnormal
2024-01-01 00:00:33.630,-1.2492056686561281,-0.008019466572553398,8.218828219362994,1.2376313062206616,-0.820181873460835,0.04366591056260182,abnormal
2024-01-01 00:00:33.640,-0.260775677950704,0.16581306051488556,7.964828960582448,-0.1647690252387999,0.3937358638038073,0.021932682410353652,abnormal
2024-01-01 00:00:33.650,0.12770244038965686,0.7138534207408073,8.942210996186697,-0.03777014259627337,1.523266742746139,-0.7860238915421969,abnormal
2024-01-01 00:00:33.660,-0.7824451534687377,-0.011290377689445208,9.338453596735999,-0.5610428489705407,0.44552522866544003,-0.16736343346750782,abnormal
2024-01-01 00:00:33.670,-2.0289241327268215,0.6885684991850475,7.755292115488602,-0.5841395750974262,0.6015511695311256,0.6157432392432551,abnormal
2024-01-01 00:00:33.680,-0.4780204739574874,-0.4458537107614223,8.400738765105787,0.7841604970880711,0.560854764721583,-0.31534426907401836,abnormal
2024-01-01 00:00:33.690,1.4402499079023652,-2.5416445716106746,8.027646651398756,-0.9318293802730495,-0.005650824921330592,-0.15426993982919837,abnormal
2024-01-01 00:00:33.700,0.8396746118739747,-1.6284636361268299,8.51042045543234,-0.08467653829668148,0.3148871590485044,-0.011603515005226998,abnormal
2024-01-01 00:00:33.710,0.3207369204832434,-1.830264329603354,7.105487778851157,-0.6303226314575648,-0.3395233410551787,0.964906764022839,abnormal
2024-01-01 00:00:33.720,-0.8104395567549586,-1.1468260503858154,8.235407953268954,0.7906539967462427,-0.28290737471131416,0.7918592758623443,abnormal
2024-01-01 00:00:33.730,2.9039395886208714,-0.1681808378992167,8.110717682204623,0.8926525239613907,-0.12023346014134685,-0.40319589428909025,abnormal
2024-01-01 00:00:33.740,0.42902441133885644,-0.28396666805682846,6.524207561466484,0.314435015674101,0.26073284279924386,0.2445026208918882,abnormal
2024-01-01 00:00:33.750,-1.0321628231493167,2.7312233772064842,6.910362240871836,0.5314684917519313,0.030075372719853933,-0.6468551678445823,abnormal
2024-01-01 00:00:33.760,0.6987274583591221,0.3214266363280384,7.116100495069452,1.6425611969117022,-0.29682647695504594,-0.1147453808684425,abnormal
2024-01-01 00:00:33.770,-0.7742352032221729,0.09994501400647679,5.804600722744044,-0.6165038124067919,-0.9042541797666717,-0.32843609739039104,abnormal
2024-01-01 00:00:33.780,2.126180896640617,-0.09150212041059354,5.750545090635774,0.05022913538260759,0.8904171128234316,0.805087979889285,abnormal
2024-01-01 00:00:33.790,1.6139389439681804,0.39203636892750265,4.890906782367795,-0.12211624766334904,0.09146053785933776,0.26494158939340684,abnormal
2024-01-01 00:00:33.800,-1.6057830947562146,-1.8514840055362287,4.5293535158965454,-0.5069124678327211,0.0024781777953883214,1.1088229835915622,abnormal
2024-01-01 00:00:33.810,-0.10172216880619198,-2.2502246701395663,4.9501683904624425,-0.6074984955485625,1.8174991233970286,1.314839114071887,abnormal
2024-01-01 00:00:33.820,-0.2160023069468189,-0.19362229702807907,3.450493536134034,1.4284816997702134,1.1810826998560242,0.21184218183909298,abnormal
2024-01-01 00:00:33.830,-1.3625166348428535,-2.314350983181174,3.114753944306095,-0.8322839633608354,-0.6903317165373928,-1.367583903262262,abnormal
2024-01-01 00:00:33.840,0.8310201626943128,-1.7689546554888074,2.049315542553976,0.37339887262779975,-1.378648441524298,-0.6247600600794421,abnormal
2024-01-01 00:00:33.850,-0.32043833013337203,1.2805619901834038,1.4209770633974732,0.5347074966262154,1.4975847507133397,0.19009419313523712,abnormal
2024-01-01 00:00:33.860,-0.9090333443694814,3.059511550816836,2.252838497515227,0.5683435259309247,1.6819753015879357,-0.6083037978693399,abnormal
2024-01-01 00:00:33.870,1.3018309030017425,0.49990557961387155,0.5565272470079692,-1.158364998240416,-0.24721751878606094,0.22737030146969162,abnormal
2024-01-01 00:00:33.880,-0.7767494260192535,2.2948224147181135,-0.35136084032914616,-0.028104708787477457,-0.3928193176374607,-0.25394749296041635,abnormal
2024-01-01 00:00:33.890,0.546802925540662,0.9777459782621046,0.24048536286795877,0.23976730903593896,-1.4500198927282988,-0.005875560991973417,abnormal
2024-01-01 00:00:33.900,1.6587881790639636,1.1143495669908303,0.8300368635132885,-1.4006974479911858,-0.3219431213739289,0.8251476576354382,abnormal
2024-01-01 00:00:33.910,-0.30423959027783604,0.30767626638892637,0.8039729097870267,0.1611513124598083,-0.7773284756395978,0.9417667632564344,abnormal
2024-01-01 00:00:33.920,0.15208615779262177,0.6011529087396379,1.383024507368459,0.05398686782734992,0.47148788860124063,-0.6772128198212214,abnormal
2024-01-01 00:00:33.930,-0.6555958813500559,-1.8228496755473762,1.900541296352726,-0.5113583237678011,-0.250904336683334,0.43258324241789475,abnormal
2024-01-01 00:00:33.940,0.926933651900235,2.0774181848803535,3.4900317460147594,0.3096077533357418,0.44796461885267774,-0.8198958451150556,abnormal
2024-01-01 00:00:33.950,-1.1160723317073171,-0.15008035150598045,3.8641786604834465,-0.4454880441625925,-0.8000255647691064,0.17820150057328812,abnormal
2024-01-01 00:00:33.960,0.8420935374035707,0.6080436774032099,3.717340639914081,-0.255909502043087,0.5952817276294826,-0.4097768061238286,abnormal
2024-01-01 00:00:33.970,0.11836235417057779,1.433436990503137,4.233653236743328,0.7367882893709367,0.7862773973100274,-0.00043911316326187877,abnormal
2024-01-01 00:00:33.980,-0.7958754245561166,-0.8717285625660484,3.5044167058686857,0.46716970592050716,1.0932194383244367,0.023553538657128562,abnormal
2024-01-01 00:00:33.990,-0.28710418906650803,2.495230505376082,5.723413781694169,0.18592308622060047,0.765675572109194,-0.5901543212246146,abnormal
2024-01-01 00:00:34.000,1.2142419215169324,0.613786404423834,4.547692180814797,0.06419079798139522,-1.5349935737905216,0.17284742807456951,abnormal
2024-01-01 00:00:34.010,-0.6140433746655581,0.966349902685538,6.430690890604456,-0.0075524822856204415,-0.34328433233889244,0.5863914325578046,abnormal
2024-01-01 00:00:34.020,-0.3452887760240084,-0.4478959655414438,5.9543979624534815,-0.8480236607508775,-1.2448100235644652,0.02900928801016177,abnormal
2024-01-01 00:00:34.030,0.7161051750849173,-0.15317463574644638,6.112454461010022,1.2508216321757855,-0.23870070238732435,0.09133694674371477,abnormal
2024-01-01 00:00:34.040,1.6696922738315543,-1.1526686771786305,7.478226939811944,0.11909146313064146,-0.18373709611449443,-0.5435503345778857,abnormal
2024-01-01 00:00:34.050,0.8891596129454168,-1.4238024598211019,7.02409190110011,-0.7298558546388919,0.7198127476189784,0.08353072725754133,abnormal
2024-01-01 00:00:34.060,-0.3406732820433901,-0.9044832278181814,8.210799299200206,-0.23299137067448283,1.403314374429578,0.028802166819397134,abnormal
2024-01-01 00:00:34.070,0.5758221372529484,0.32222460707741923,8.022767784974224,-0.2333864651670276,0.2147658750527344,-0.21708448293208593,abnormal
2024-01-01 00:00:34.080,-0.005927578096489502,-2.8561776289768503,9.166862040283526,-1.2762363459238129,-0.8462253090107178,0.6378946973387186,abnormal
2024-01-01 00:00:34.090,0.8625329289585469,2.134750729388293,9.015023466249486,-0.835563512581997,0.01346173315385407,0.10583256677161573,abnormal
2024-01-01 00:00:34.100,-0.43940870329712467,-0.06450697019420432,7.842748818136708,0.6415214278139704,-0.6573882927056983,-0.26560905832934123,abnormal
2024-01-01 00:00:34.110,2.232098205754381,-0.3013850160556286,8.24324383405756,0.2962306695720514,-0.07876760947513593,-0.21562266092422672,abnormal
2024-01-01 00:00:34.120,0.646059550474834,0.32674689479727703,8.432535777173019,-0.5051950269616391,-0.6566486228168752,-0.04515136206027333,abnormal
2024-01-01 00:00:34.130,2.09808544195897,1.6597634082829344,8.915622855433497,0.6825673137538283,-0.9680223978573519,0.4017092940831071,abnormal
2024-01-01 00:00:34.140,0.554090064606797,-1.3549111269328422,8.565198373329471,0.33631102573004024,1.7096540888763145,-1.1937750297933618,abnormal
2024-01-01 00:00:34.150,-0.6365971208533158,-0.39234387356774253,8.263571489508951,-0.11476723197011932,-1.4245546039292938,-0.31186994630817955,abnormal
2024-01-01 00:00:34.160,0.5849055888751166,0.005758965180887722,8.255793557012783,1.1430115528025582,0.0724088283716349,-0.1753451076929274,abnormal
2024-01-01 00:00:34.170,0.0012299698386119726,-0.41704912185031445,8.654246218840097,-0.24827540657871042,-0.7889702055935129,-0.6445359501250504,abnormal
2024-01-01 00:00:34.180,-2.368338832644872,-0.5748302835114445,8.875512193156732,1.0923768943690024,1.6395794911915587,-0.29470571469755963,abnormal
2024-01-01 00:00:34.190,1.0405890655924006,1.4742454355336465,8.006087731747954,-0.570215895554744,-0.23026658965198518,0.15847950831698884,abnormal
2024-01-01 00:00:34.200,1.0801499870231857,-2.0021109901480574,8.0657829350628,1.1726749436765662,0.8548270929934626,0.31618081362487316,abnormal
2024-01-01 00:00:34.210,-1.7577818097171323,-0.15701329874490955,8.131846400712583,0.07788462067856484,-0.013700464350644809,0.19527061910964333,abnormal
2024-01-01 00:00:34.220,1.5272368851243963,-0.02440616185274249,5.973766331907873,-0.18008981268949398,-0.20962502271103173,0.44807195180218423,abnormal
2024-01-01 00:00:34.230,-0.20673168025314537,-0.028086582975835012,7.840887754872659,0.45660432747527296,-1.4844766049871507,-0.10220644151989029,abnormal
2024-01-01 00:00:34.240,0.9894310356456788,0.5810250980805683,6.483869462147936,-0.7924450518151407,-0.7359699113730995,0.49685463362635157,abnormal
2024-01-01 00:00:34.250,-0.017913698757992494,-1.335759569384005,7.282023826561707,-0.9898990415619887,-0.9530746471086409,-0.473608304117302,abnormal
2024-01-01 00:00:34.260,-0.5735905429409548,-0.4402761340790749,6.423090407922204,2.1192616396874278,0.42918290940485765,-0.24714303080229202,abnormal
2024-01-01 00:00:34.270,0.8826785623505558,1.7395474471028467,6.885736151489269,0.32672681295056333,-2.3252484118989334,0.17925935314094885,abnormal
2024-01-01 00:00:34.280,-2.1367243162942993,0.3027174863192104,6.220692732834431,1.2507886153140368,-0.1515911577453558,-0.06130966161446143,abnormal
2024-01-01 00:00:34.290,-0.21468732784867894,0.6853513803956521,5.246747090825356,0.4854101222676793,-0.024280785238643,-0.13821913346408993,abnormal
2024-01-01 00:00:34.300,0.9706163150977375,-0.31982598650897937,4.699081180252125,0.10594952820375203,-0.28855281692276175,-0.1539740338513323,abnormal
2024-01-01 00:00:34.310,-1.1470176405116952,2.0550684332355194,3.6304322612575164,-1.5405604730954954,1.6798197814289848,0.37643464910148083,abnormal
2024-01-01 00:00:34.320,1.3532205682293987,2.2140231487809836,2.7206010325797627,0.48231104747355447,0.2632561814323136,0.03257222567882234,abnormal
2024-01-01 00:00:34.330,1.1420922473822692,0.4189538507843282,2.6413937394377673,1.7745253569500339,-1.0305740133691397,0.08983385033505284,abnormal
2024-01-01 00:00:34.340,-0.7879588733255697,0.5783425522827753,2.4502598881527624,-1.0697184593259932,0.4238798878365278,-0.4034841070923595,abnormal
2024-01-01 00:00:34.350,0.49640578381818135,0.9303524714777579,0.061393966055796056,0.32814282552015295,-0.07504065146188403,-0.1774665072034856,abnormal
2024-01-01 00:00:34.360,0.6133471953584779,-4.026302453422153,1.3796626950974271,-0.31739466540024724,0.023297687162769906,0.01905471242261583,abnormal
2024-01-01 00:00:34.370,-0.40155299799079575,-0.3883750471904214,1.2208803931992394,-1.2074370989826226,-0.40878254683819737,-0.14739806570771433,abnormal
2024-01-01 00:00:34.380,0.4909815878681927,-1.040311403703573,1.2027887632973715,0.5148370542728062,-0.044824138009536524,-0.36863936993369,abnormal
2024-01-01 00:00:34.390,-0.3939347183277679,1.5385095014158598,-0.6667700898772115,-0.16447037553936458,1.1870372240118923,0.2687585743999027,abnormal
2024-01-01 00:00:34.400,1.7566820591036816,3.4145091584200573,0.7059569784186758,0.006364536989663169,-0.3872444698395741,0.0816309875378229,abnormal
2024-01-01 00:00:34.410,1.2386509615273453,3.0906612937664284,0.8826009031848169,0.1497370952710544,0.532727293346248,-0.23725004493691032,abnormal
2024-01-01 00:00:34.420,-1.8386327034674343,-0.9249801909594242,0.8069209150947798,-0.13267901119985104,-0.7705545413459772,0.20959095591007484,abnormal
2024-01-01 00:00:34.430,0.3426115973622445,0.3946898933033404,1.3966647649587325,0.7007857032270209,1.3985686530483812,0.34606282357828405,abnormal
2024-01-01 00:00:34.440,1.007727267707736,0.22707905271668447,2.617996583118642,1.0145189682934637,-1.7337866590357636,-0.5845274675879166,abnormal
2024-01-01 00:00:34.450,0.5268367455076277,-1.0421176749118124,3.3786120387137313,3.3168788473345416,-2.069751551981322,0.532936834514506,abnormal
2024-01-01 00:00:34.460,-1.27624193031525,2.7024843276511175,4.413915815482485,0.600405437904882,-1.2336589930142499,0.22431702851635837,abnormal
2024-01-01 00:00:34.470,-1.6395770454380174,1.2452993435606914,4.034941589235618,0.6756062690023014,-0.38996897498640415,1.102876268796345,abnormal
2024-01-01 00:00:34.480,-1.1887553368804278,-0.852474592694422,3.350851991047458,-0.25986336431625856,-0.789148061135187,0.03621714814916442,abnormal
2024-01-01 00:00:34.490,-2.1570265849265238,0.2835510057635209,5.521228379972234,-1.0700710165368457,0.3454875769091859,-0.30459077834471926,abnormal
2024-01-01 00:00:34.500,0.743158845298205,0.2875076256380829,4.048061352917333,0.3727777455422112,0.8645995663691128,0.3360279931891167,abnormal
2024-01-01 00:00:34.510,0.9284250862142779,-0.8254247868968462,6.394165695413805,-0.7903814954292638,-0.8517636491869307,0.10247306593797456,abnormal
2024-01-01 00:00:34.520,-0.35160580628143534,-1.7066149016351204,7.077736761104104,1.6752560790251367,0.8516869558071171,-0.26680038843717213,abnormal
2024-01-01 00:00:34.530,-0.15716410014898471,0.7252025898831601,6.587126935696113,-2.711940544977836,0.17608567777536155,-0.046168430250939925,abnormal
2024-01-01 00:00:34.540,-1.5433363303382694,0.0020320972780596457,5.443032752122556,-1.146328276681312,1.204324700467694,-0.31760679680675385,abnormal
2024-01-01 00:00:34.550,1.3857877541866401,1.6768048391768677,6.895351195263181,-0.8598533498224841,2.2115441728561254,-0.5561277434942365,abnormal
2024-01-01 00:00:34.560,-1.1211712130504856,1.0840896782744067,7.844524163424822,-1.2954003705640542,-1.1286948753943962,-0.07482510280271665,abnormal
2024-01-01 00:00:34.570,0.6156218281442697,-0.10422746283440672,7.315629861895595,-0.537877203509584,0.3836285998319549,-0.17149953365286777,abnormal
2024-01-01 00:00:34.580,1.511696792202443,0.6586725596730709,8.263112739014028,0.18631571305970096,0.11739545928100373,0.2124074898841753,abnormal
2024-01-01 00:00:34.590,2.1140321811893092,1.4551878402468004,7.989616424487204,-0.5114647081818062,0.2627662451557231,-0.0031248404854364214,abnormal
2024-01-01 00:00:34.600,0.44123140962214263,0.5806661220144931,8.27496491444195,-0.3331163419589525,-1.3891250525193821,-0.7697933668639979,abnormal
2024-01-01 00:00:34.610,1.23994524530522,-0.45250244961392205,8.192031198190296,0.8247623945026845,0.2663337016306611,-0.17037846515846297,abnormal
2024-01-01 00:00:34.620,-1.2915969063887982,-0.5946238724047068,9.256573929122435,0.7348890372099506,0.440419883138422,0.5295374338204524,abnormal
2024-01-01 00:00:34.630,-1.8416656509029432,-0.3426264312207106,7.916709911775564,-0.7378744802038713,0.3195911035817443,0.06855929407680653,abnormal
2024-01-01 00:00:34.640,0.6495161267226991,1.4910767895235353,9.535940227012102,0.8668329713805816,0.19213316689094884,1.3272419541822706,abnormal
2024-01-01 00:00:34.650,2.133858802823982,0.02754916711804174,8.666087729297423,-0.7320130105023676,0.23365653804485179,-1.005622462654944,abnormal
2024-01-01 00:00:34.660,-1.2957732374358584,1.026714201342331,7.790672757846006,1.3776532805800745,1.3297626049168934,-1.0109922650157492,abnormal
2024-01-01 00:00:34.670,0.1704968328485052,-1.6272753054022764,8.877059510570806,0.6214112460990857,1.2828559555956125,-0.4592337404436966,abnormal
2024-01-01 00:00:34.680,-0.8293845296978801,1.0213303827040834,8.766590971045055,0.015554046381525952,1.2939599720461616,-0.5536321769341578,abnormal
2024-01-01 00:00:34.690,0.6296766657604785,-0.9501352440237604,8.879663192227206,-0.6738444087290183,0.20008307288787808,0.9953662153542905,abnormal
2024-01-01 00:00:34.700,-0.9448377944808432,1.2805668290516072,9.914336000932686,0.09467940311261734,0.3523230265832595,0.19588335108851812,abnormal
2024-01-01 00:00:34.710,3.7166465820909025,-1.0962783083053311,8.01887149523333,1.1146349126030963,1.0352244108095991,0.01718824585527182,abnormal
2024-01-01 00:00:34.720,-1.3474850523395767,-0.48733140567462635,8.106710205855897,1.2111988153207935,0.32834075309515787,0.12880432280849238,abnormal
2024-01-01 00:00:34.730,-0.17840450328084023,-0.6640557578313638,6.773235163795042,-0.7793318341522619,-0.846125504053224,-0.24662308207923644,abnormal
2024-01-01 00:00:34.740,0.8004135170029995,-0.375963538489751,6.952991890954296,-0.3419987763386775,-0.774557040795819,-0.022010756105215915,abnormal
2024-01-01 00:00:34.750,0.46607981930615305,-0.38974094039238477,6.949673527901593,1.1388987977557508,-0.12058486412536351,-0.8291926971141832,abnormal
2024-01-01 00:00:34.760,1.7786387654321683,0.527102674396982,5.6134432527472455,-0.11053228689904071,0.5740850425637364,-0.4410638958983288,abnormal
2024-01-01 00:00:34.770,-1.2212250506263957,0.8631979353696368,5.787831279567963,0.4767312666853116,0.9484599235400712,-0.22877656344986158,abnormal
2024-01-01 00:00:34.780,1.7369742475181569,-1.9210117970480804,4.970556314721946,0.5565094122132799,1.308130877432048,0.3076446030203456,abnormal
2024-01-01 00:00:34.790,0.6249590779652752,-1.2933261035855232,6.07431466267894,0.13486670380783805,0.8617357025939321,-0.2306398839079731,abnormal
2024-01-01 00:00:34.800,0.09823156731193794,-0.0693673612533867,4.162287246796059,0.7185238101564541,-1.49635569423728,0.10153145635586235,abnormal
2024-01-01 00:00:34.810,-1.7883318203223573,-0.7135988109986715,3.2493714568394196,-1.4666351860785112,-0.19892825925360538,0.3267149368273498,abnormal
2024-01-01 00:00:34.820,1.957582056797793,1.235820808145174,4.284470880801487,-0.21078522742395436,0.5551833684845755,0.5506359468225585,abnormal
2024-01-01 00:00:34.830,-2.5123687349875063,-2.5679298217986775,3.746174893015378,0.325275558750052,-0.05597238251017241,-0.8582892262516797,abnormal
2024-01-01 00:00:34.840,1.9094123809228047,2.319717584315097,3.5738455450732154,0.24095162082832064,0.9248859730375781,-0.18284047802737044,abnormal
2024-01-01 00:00:34.850,-0.006194081660020734,0.5393622234048672,1.5087162640182123,-2.013706941841977,-0.2645833633389408,-0.2739891913952084,abnormal
2024-01-01 00:00:34.860,0.7931902342220151,1.1122606920544595,2.620710881437655,1.07193897820683,0.24758383849290086,-0.46480984586407237,abnormal
2024-01-01 00:00:34.870,-2.637478100314501,2.837323831854072,1.1681278872797076,0.9186238858336593,-0.19405244379315284,0.30270863118549723,abnormal
2024-01-01 00:00:34.880,-1.2591938196338908,-0.8290330950529436,0.7598424179012697,-0.18549945046762323,0.728408732218074,-0.03769729101064496,abnormal
2024-01-01 00:00:34.890,-1.1241694054785223,-0.9158613362123074,0.38301922218007517,-0.31717395384148717,1.2314223604944459,-0.07427793284989744,abnormal
2024-01-01 00:00:34.900,-2.662125241967632,1.2582103643393459,-0.896809431495993,-0.3949152317243859,0.3192191638846306,-0.13872081603016045,abnormal
2024-01-01 00:00:34.910,1.0272367856627778,0.04051721231889376,0.8988934555650643,-1.5436909687799614,-1.3987426234410136,0.010244446573917352,abnormal
2024-01-01 00:00:34.920,-1.4338300100111019,0.8767120457207515,2.598517111950516,0.04079618993325919,-0.4366020047625281,0.41567920298960104,abnormal
2024-01-01 00:00:34.930,-0.8340304793253093,0.8936994373197783,2.632704543487172,-0.30553668478497764,0.7367630135031644,0.11006273326760165,abnormal
2024-01-01 00:00:34.940,-0.18508960263121008,0.31972216076190724,3.005331761139886,-0.9889012834131538,0.6031368688114729,0.3600152596222001,abnormal
2024-01-01 00:00:34.950,0.5259574219854256,-1.856053765818119,3.2016311738137735,-0.2488739640913591,-0.6496705611175536,0.06645202688674051,abnormal
2024-01-01 00:00:34.960,0.19684425038001124,-0.1425574851164208,2.564671842914173,0.08524600823568473,0.8630618351168323,1.2135519565146793,abnormal
2024-01-01 00:00:34.970,0.20585515952620362,-1.0366827392681195,2.9009638899368713,-0.6042970813760385,-1.9530861365200631,0.7312233793499477,abnormal
2024-01-01 00:00:34.980,1.172629764897873,1.3752546795193157,3.9640350325110134,-0.39358846856986496,0.025670661461775404,0.04062071722483193,abnormal
2024-01-01 00:00:34.990,-0.9719323839681084,-0.0832327918814069,4.828972169690944,-0.45020744423800524,0.44164361018320836,-0.20415475361355376,abnormal
2024-01-01 00:00:35.000,-1.1405812580684007,-0.1334234071323952,4.904398483990914,0.8279663459608043,0.7003465372520622,0.500555627074091,abnormal
2024-01-01 00:00:35.010,-1.048332745589469,-0.5987917350717236,5.291765001403255,-0.6735267590718382,-1.503531360378863,0.6419375049518448,abnormal
2024-01-01 00:00:35.020,0.9270878987831646,1.5371998381450773,5.374264108652687,-0.17405704813702616,1.9628688974356983,-0.21683989259359043,abnormal
2024-01-01 00:00:35.030,-0.7926751725886811,1.0250288170982438,5.545412216298809,1.1430551385213459,0.3144811506049574,0.7059832043072601,abnormal
2024-01-01 00:00:35.040,1.6126724475575134,0.31734104841419675,6.611864025977511,0.6651879262377081,0.00987823050908857,0.07156659283356442,abnormal
2024-01-01 00:00:35.050,-0.2905677308668952,0.3231745903298267,6.6383441326386805,-0.33653488552920474,1.030219973831568,0.5112722899909091,abnormal
2024-01-01 00:00:35.060,2.518917226277171,0.3193789787110942,6.2101394563574335,-0.3381333991789724,-0.9890623246470512,0.5999429029588667,abnormal
2024-01-01 00:00:35.070,-0.4427551084204392,-0.8368552575312681,7.348552041027405,0.634868756467774,0.33460666510901305,0.2609933857752641,abnormal
2024-01-01 00:00:35.080,1.3993716171936472,0.19060680779783332,8.14527801866998,0.8239306902380137,1.8800923232072302,-0.07865345939804744,abnormal
2024-01-01 00:00:35.090,-0.10434144897965002,-0.21552569666139795,8.95229417230877,-0.9949182806329274,1.783162475829488,-0.26529400254814134,abnormal
2024-01-01 00:00:35.100,0.44021640871869594,0.5126169432111922,7.763577209173406,-0.903736955957392,0.8261883789757583,-0.5765096727393944,abnormal
2024-01-01 00:00:35.110,1.1512345064839258,-0.23741073171756746,8.625285122361113,1.307117983744213,-0.5533109574732891,-0.15395452334263907,abnormal
2024-01-01 00:00:35.120,-2.652619634925393,-2.623427332958037,9.064186561112932,-0.10389079907410334,1.255131433316993,0.2692530582350287,abnormal
2024-01-01 00:00:35.130,0.23715499675356527,-1.7263593896371148,9.67529739904137,-0.3321342600861375,0.7558949677940111,-0.552642689820813,abnormal
2024-01-01 00:00:35.140,-0.45509708464328247,-0.3311035077438946,8.212282796296012,-0.07405402879987238,-0.34920514086299537,0.32715239878121427,abnormal
2024-01-01 00:00:35.150,0.039009429979508035,0.3009154065289508,7.025325488382837,-0.42473302215420333,-0.1880453038893942,-0.17163864507507215,abnormal
2024-01-01 00:00:35.160,0.8415774448747434,0.30534822670054584,8.31647408997856,-0.4549306896800623,0.8345840206569354,-0.08803927784870715,abnormal
2024-01-01 00:00:35.170,0.9964287267210128,-0.8768987789265483,8.422562350636378,-0.18600316541166756,0.2218527277434609,-0.3439297500395816,abnormal
2024-01-01 00:00:35.180,2.4386209487017756,0.30766438360285725,8.716981273456476,0.7413946924426238,-0.3386521598983906,-0.06820247945211733,abnormal
2024-01-01 00:00:35.190,0.48062909252900166,0.091813188689676,7.95278673431098,1.372988426298899,0.8685359529724737,0.21186707538273933,abnormal
2024-01-01 00:00:35.200,-0.739499849864342,-0.639173734733992,8.190842667830495,-0.05417460028692859,0.6791580669886765,-0.42094041543304817,abnormal
2024-01-01 00:00:35.210,2.3660435672932603,-0.459677581245704,7.876055412247081,1.3941199069466197,-0.46998126239537535,-0.14439275352158631,abnormal
2024-01-01 00:00:35.220,0.5297659911689415,-1.7442571414663008,7.098220251670662,-0.986173579013256,-0.6050085794199431,-0.2540428204492533,abnormal
2024-01-01 00:00:35.230,-1.0921966090240205,-0.5361235633500416,7.372326548533056,0.7638695146055722,-0.8719520530040863,1.283320189985586,abnormal
2024-01-01 00:00:35.240,0.5724505420049889,-0.7734088565683555,6.763596196456579,-0.8927585634728428,0.10611654506801874,0.7036112290899612,abnormal
2024-01-01 00:00:35.250,1.050795318927481,0.6652165508466845,6.9628586284073695,-0.7991175822911459,0.34603073171368615,0.5285043837262334,abnormal
2024-01-01 00:00:35.260,0.9477100873590951,-0.5021188113850237,7.131503359470756,0.28356433642281964,0.3228098733402311,0.2808452073921176,abnormal
2024-01-01 00:00:35.270,0.13781178887631354,-0.7904028689516719,5.973158848672848,-0.6077065368488969,-0.14396264771813116,-0.6266367079713242,abnormal
2024-01-01 00:00:35.280,-0.16442017825728625,1.2340170594517457,5.389291009236811,0.00025002619601407317,-0.5829354517210547,-0.2700760267828104,abnormal
2024-01-01 00:00:35.290,1.4231522880035608,0.6690355457278802,5.312994960979193,-0.2716027557005361,1.0212958999145023,0.7028784242793779,abnormal
2024-01-01 00:00:35.300,-0.0966241669989922,1.0979611595814154,5.245290434143781,-0.6243655883646101,0.1431204433265303,-0.6238376832615788,abnormal
2024-01-01 00:00:35.310,-1.0510909593412259,-0.18513424808825113,4.403658067034789,0.035310879927024426,-0.4010335802312705,0.007388386026701157,abnormal
2024-01-01 00:00:35.320,-0.8429449366838138,0.14678764863750787,3.5920291260291486,-0.05436251061494544,-0.88861872358942,0.4064487165920297,abnormal
2024-01-01 00:00:35.330,0.3009394192553754,-2.5884585711304844,3.743523209103808,-0.7589955273848928,0.19496683677369422,-0.5194023361316842,abnormal
2024-01-01 00:00:35.340,1.546635678578243,-0.8470234870394768,2.9774273160349174,-0.4287404231971349,0.6494516470450629,-1.0676557671718099,abnormal
2024-01-01 00:00:35.350,-0.5144299803385531,0.5243823053335468,3.335535786181157,0.9751594379370737,-0.23541351917409986,-0.7975950561853922,abnormal
2024-01-01 00:00:35.360,0.8065276992142764,0.8541163311503608,1.7174760704769683,-0.2373130348231495,0.8668647118037691,-0.4300575757100474,abnormal
2024-01-01 00:00:35.370,0.34899029614052,-0.4439096662309023,1.3038043813378373,-0.4767834784187099,-0.014087617431468788,0.6721243745274202,abnormal
2024-01-01 00:00:35.380,1.0451962328850455,1.9734172599515665,1.7962746311718423,-0.367713102045826,0.19478991381186667,-0.3096546854045408,abnormal
2024-01-01 00:00:35.390,1.9254037354054077,0.7522359166568332,-0.7075753712583637,-1.0888385062402954,-0.6056819486607572,0.38255133502274546,abnormal
2024-01-01 00:00:35.400,-1.2153817741279733,-1.6603047061006604,0.7588325301092781,0.6768825350991436,0.7216223497724127,0.0346143837430427,abnormal
2024-01-01 00:00:35.410,2.545947441656498,0.26886464319295134,0.9041198933611833,-0.20283578038808095,0.7674331483892661,0.053857972547138463,abnormal
2024-01-01 00:00:35.420,0.44384943132135957,2.3110278010220244,0.33893514037299977,-1.22054271223855,0.701241540758768,-0.4789894308880925,abnormal
2024-01-01 00:00:35.430,-0.4879559732520283,-0.2262703106791379,1.8437760431479568,-0.08089928149449786,-1.7626663107592162,0.017475923082779423,abnormal
2024-01-01 00:00:35.440,-2.593089725506845,-0.25366177796280154,1.8541094464360364,-0.4779029862118735,0.6530503992794267,-0.050058862498532926,abnormal
2024-01-01 00:00:35.450,-0.8574286698925824,0.3216575344144024,1.852808898897814,-1.9531436022205007,-1.1235083815128148,-0.40616305084625026,abnormal
2024-01-01 00:00:35.460,0.08093900385034719,1.78440577793815,2.959367025087338,-0.09164820698520608,0.09459616415225211,0.4267536065319601,abnormal
2024-01-01 00:00:35.470,0.41776277678862556,-0.6255181385119781,3.5636381968805506,2.2346312425083537,0.23784440074468535,0.5102356925450566,abnormal
2024-01-01 00:00:35.480,-0.14943331923031386,1.5751100995483245,3.8731293309180703,-1.5580948901067984,-1.0398270469462185,0.30429172390266956,abnormal
2024-01-01 00:00:35.490,-1.5280537973550337,1.4703304322183561,4.957194893431786,0.3497991359706614,0.5147083322236847,0.15494691167043473,abnormal
2024-01-01 00:00:35.500,-2.789181181295176,1.7087474216491259,5.111420413505166,0.7297313007367849,0.8722679154694349,0.014303485886783207,abnormal
2024-01-01 00:00:35.510,-1.2636341947184435,1.0472375849099778,5.206996750860455,0.22502375916120115,1.0225273716485996,-0.5854612005365709,abnormal
2024-01-01 00:00:35.520,0.10732211306120977,1.2058348463957176,5.600864949648331,0.6056414929417172,-1.196881752239502,-0.07559614180013684,abnormal
2024-01-01 00:00:35.530,0.5593233526510761,0.2030990739862385,5.901742930897109,1.1673760848465882,-1.0617190388148847,-0.8479741207693612,abnormal
2024-01-01 00:00:35.540,-1.1864908540225343,1.2452213573771782,6.170074906345334,0.05537599663748471,-0.4318183511537812,0.09731633687274806,abnormal
2024-01-01 00:00:35.550,0.9725629163104165,2.0227854024781844,6.738210200814039,0.9335335172073563,-0.7454489157080463,-0.4629087027604369,abnormal
2024-01-01 00:00:35.560,0.8384528755633179,-0.014623102902483708,6.46361576843706,-0.5209711036933369,0.6759234817624951,-0.5143769207575755,abnormal
2024-01-01 00:00:35.570,-0.8196900965440304,1.2093853617784072,6.779461240637204,-0.8091594972897105,1.6690233210717105,-0.3208300677764985,abnormal
2024-01-01 00:00:35.580,-0.8426843959454317,0.7427957958883082,8.304370467328114,1.027591511893218,-0.20781773502986525,-0.16207605109736484,abnormal
2024-01-01 00:00:35.590,0.43976264344841987,-0.8343329873932465,7.590316425647372,1.3235238247356347,-0.22879289669901853,-0.1480675659724675,abnormal
2024-01-01 00:00:35.600,-0.24175457272145873,0.538122931451417,8.451835224923292,-0.5444390400339152,0.3904298406419168,0.7434130783494286,abnormal
2024-01-01 00:00:35.610,1.9584018953339095,-2.2379105831198802,8.940435944139564,-1.1623199748406972,-1.2112580053542665,1.0261153487972086,abnormal
2024-01-01 00:00:35.620,-0.48972080249883765,-0.316928461067924,9.506752819071743,-0.11965380471917907,-0.39283250941132436,0.33476457277409166,abnormal
2024-01-01 00:00:35.630,-0.8168968496090457,0.3253204854808729,8.698153086390516,-0.40543167377740125,-0.34455041336028414,-0.2101934386386447,abnormal
2024-01-01 00:00:35.640,3.0976495229536467,0.41730616360325207,7.696690381647234,-1.449805340873717,-0.4801499122966131,0.9340320081334834,abnormal
2024-01-01 00:00:35.650,-0.4099916734633923,1.6043873430494735,7.780789215073455,-0.34225508050547404,2.092381769691528,-0.7964014337231917,abnormal
2024-01-01 00:00:35.660,1.0593619598366233,1.0041105644453754,8.276595386038647,0.9815364376089315,-0.9922935780174776,1.1201134010464304,abnormal
2024-01-01 00:00:35.670,1.2087115462154607,0.6646935025913471,8.839659547237305,1.3706196731900093,-0.026798811125524742,0.20706831872777692,abnormal
2024-01-01 00:00:35.680,-0.46192300149850996,1.6748556027801949,7.896328187488319,-0.34466124335737863,-0.039053390965081466,-0.4799948716232289,abnormal
2024-01-01 00:00:35.690,1.031642110068188,2.9212775009792007,8.869005404509231,-0.08413437573921952,0.28232751445623033,-0.17730465823859182,abnormal
2024-01-01 00:00:35.700,-0.5332034368128538,0.19768030461997865,9.390161288298158,-0.5791019966105535,-0.1220339433084387,0.3604913899317956,abnormal
2024-01-01 00:00:35.710,1.0534188864221135,0.8291447637792574,7.909210674043655,-1.0251276399187856,-1.410256229388133,-0.8948417649958919,abnormal
2024-01-01 00:00:35.720,1.6789455238649216,1.7713630159280205,7.794035278698826,0.02634067605148043,-0.0891384636555566,-0.7405288094669249,abnormal
2024-01-01 00:00:35.730,-0.6556854418679312,-0.49073427091641314,6.54677527676389,0.2066466806868995,0.05410196310124473,0.05924448048620495,abnormal
2024-01-01 00:00:35.740,-0.456085340675266,0.11424133220010876,7.015043807497452,-0.8510053734461748,-1.4513435078238808,-0.08996631517892435,abnormal
2024-01-01 00:00:35.750,-0.6028951205653066,1.0052390176531543,6.851645840119816,0.7515403934322638,0.6626862819145802,0.022602708108524557,abnormal
2024-01-01 00:00:35.760,-0.28608458351009697,0.00489911564125696,6.312293417849078,-0.4300192988383579,0.47087698489775504,-0.47854911998272387,abnormal
2024-01-01 00:00:35.770,0.785007946900957,1.6593961210482215,6.405190567470528,-0.3658874989861193,0.8912375897707668,0.5812124393844115,abnormal
2024-01-01 00:00:35.780,0.6417807030566872,0.043060633853871925,6.814965764645341,-0.23717223455089498,-1.9121865083258536,0.2845331014508448,abnormal
2024-01-01 00:00:35.790,0.5682985410648449,-0.008589286797107631,5.713637381358339,-0.6221707230302365,0.5113674715041908,0.13937568665777103,abnormal
2024-01-01 00:00:35.800,0.9639594639871365,0.9641444485187978,4.666724343790885,-0.5036830493428112,1.0654685646238566,0.9529480835367117,abnormal
2024-01-01 00:00:35.810,0.8632827508701212,0.38357346334465997,4.631006546920504,1.1949186565332426,0.3151417699376341,0.06474621692543377,abnormal
2024-01-01 00:00:35.820,2.9102457970207323,-1.6213661391546983,5.07354434998988,-1.346302476840775,0.7757569399046769,0.7243267855841123,abnormal
2024-01-01 00:00:35.830,-0.7859008463979532,0.5154615598848812,4.030056629532065,0.5451337220151123,0.25175863807678805,-0.37563669081897433,abnormal
2024-01-01 00:00:35.840,-1.998274747190106,1.7755979505123345,4.380710415763962,-0.5560126971514351,0.10954711927310133,-0.4255601474892532,abnormal
2024-01-01 00:00:35.850,0.6301065085514952,1.3221288965219535,1.0101433303783995,-0.10725887281179756,0.8652172284681121,-0.004324316391347419,abnormal
2024-01-01 00:00:35.860,1.878047787861188,0.18804592159031916,1.373988668439689,0.5455230969380236,-0.3860842728922842,0.49007564694911376,abnormal
2024-01-01 00:00:35.870,-0.7361045260525443,0.12664304894338452,2.16671697811147,-0.49268020799767737,0.9227254503180499,0.47670348208812924,abnormal
2024-01-01 00:00:35.880,0.911250706420561,-1.1658459211142882,1.6789805079807318,0.08933100681559215,0.6321475656243482,0.12616005763939342,abnormal
2024-01-01 00:00:35.890,1.5656977332795623,0.7096647243987305,1.2690974157150525,0.19442427556083305,0.14939470943269198,0.4074432547685476,abnormal
2024-01-01 00:00:35.900,-0.45481834475855193,0.18075925460163347,1.537846628585288,-2.015600012384092,1.2701244009442225,0.19914243395132894,abnormal
2024-01-01 00:00:35.910,-0.4143390465588862,1.382986384257119,0.7184625907396577,0.7263472626010774,-0.29412037437286104,0.43754673167620134,abnormal
2024-01-01 00:00:35.920,0.797209369657051,1.2650108825964235,1.172882784183034,-1.4753277831233311,-0.7512519279099501,-0.3722343046066157,abnormal
2024-01-01 00:00:35.930,0.4667772679768536,0.9531596028808058,0.8788836136540781,0.47678089706282106,0.09520176647035229,0.05262943944830415,abnormal
2024-01-01 00:00:35.940,0.19220720421813972,0.9977748310302205,1.9265009904685915,-1.1915407357130439,0.4906130406924438,-0.3556212460601366,abnormal
2024-01-01 00:00:35.950,-3.094181084020486,2.1157433937991543,3.765928113214936,0.8935552001560252,-0.766819621342474,0.43403553948211276,abnormal
2024-01-01 00:00:35.960,0.7781959070282737,0.5831336809477807,2.9910667214438447,-0.9087534690547574,0.27423980319558694,-0.9873375237579474,abnormal
2024-01-01 00:00:35.970,-2.1772648314654655,0.8746076157142507,2.8342322861536875,-0.4116390880102132,0.31388130649274515,0.17477520792529422,abnormal
2024-01-01 00:00:35.980,-1.4111604205639703,-0.9036076903092259,3.879596445463634,-0.053316035969603014,-0.2918581642151289,1.2395244682178845,abnormal
2024-01-01 00:00:35.990,-1.6234656244334151,2.0562248151981404,3.7188398107504907,-0.1553908730000967,-0.7535311391729184,-0.24024438982275417,abnormal
2024-01-01 00:00:36.000,-0.7267711094165423,-0.9351912270505118,4.697034672251816,1.5032082861641922,-0.6032938609190649,-0.0873221453364558,abnormal
2024-01-01 00:00:36.010,-0.8921580284338979,-1.1868903961182664,4.446752102914959,0.3327746046447773,-0.044134302724467736,0.9996938292671723,abnormal
2024-01-01 00:00:36.020,1.8164320956835442,-0.7733323731897318,4.834300884760708,0.33347962748733967,-1.5870921066072299,-0.8054497841823594,abnormal
2024-01-01 00:00:36.030,1.028354220170234,1.3507461256065185,6.370907495422518,-0.6833700568484533,0.23947192374032322,1.0330493854289737,abnormal
2024-01-01 00:00:36.040,0.09100482393740038,1.409929004423644,5.963072547429318,0.6004111134951824,1.710175753011252,-0.44409622285267464,abnormal
2024-01-01 00:00:36.050,-0.49462161602411114,-1.2260525682460355,5.364375513108578,-0.4596255083467221,0.29067271185847354,0.6204416503671656,abnormal
2024-01-01 00:00:36.060,0.4040543004237183,-1.050442065984509,7.9975027413506945,-1.8391923525835605,0.4982908841536563,-1.1799813569409534,abnormal
2024-01-01 00:00:36.070,-0.42389568936970823,-0.035649393968635375,7.784721430790784,0.917435071883267,-0.2656439824410085,0.2417459448503334,abnormal
2024-01-01 00:00:36.080,0.12964701819700747,0.6505419853611007,7.272855501251921,-0.31173333044618884,0.5515039820807754,0.3572818833602175,abnormal
2024-01-01 00:00:36.090,2.4379216940765405,0.28305107969599536,7.401540058012728,-0.6179020592959567,-0.636372004964507,1.0046637128745932,abnormal
2024-01-01 00:00:36.100,-0.21484799601319718,0.7277758880110292,8.544240326075473,0.41736056622385065,-0.6716169724040582,0.8449949739195065,abnormal
2024-01-01 00:00:36.110,-0.25853189804125903,-1.192366219047787,9.459960345012993,0.40465042193693934,-0.5834769088142172,-0.31784245815789824,abnormal
2024-01-01 00:00:36.120,-1.10869659972681,0.014074642216045909,8.714986453536905,0.15670956371033837,-1.1971458381429525,0.3788150751548874,abnormal
2024-01-01 00:00:36.130,-3.303707178043895,0.4077723915404926,8.04908723082969,1.1611124061107698,1.1093970736752372,-0.18375867828844777,abnormal
2024-01-01 00:00:36.140,-0.04349580191934761,0.34381008650355244,7.696805588142063,-0.6908334365363956,2.147005515949606,0.031621478186065026,abnormal
2024-01-01 00:00:36.150,-1.8745280777415538,-0.4057723569650432,8.596280264794903,0.1445306803948616,0.06242807134101463,0.8882857632898179,abnormal
2024-01-01 00:00:36.160,0.07209513748435821,0.31496015131923366,8.129845825099604,1.909557034456688,2.1949526169587648,0.42576252990282915,abnormal
2024-01-01 00:00:36.170,1.3570348320472487,-0.36264164393064857,8.175516225404365,0.04238453846030448,1.8101024177794165,-0.19181171774426845,abnormal
2024-01-01 00:00:36.180,1.2153449257155908,-1.3552541290438622,9.519009559786587,0.49395849167485806,0.7705798485791755,0.2991809121242109,abnormal
2024-01-01 00:00:36.190,-0.5557174914068004,2.7038369259563058,8.237417049249842,-0.2981745291458793,0.2684682386024112,-0.5634182133638262,abnormal
2024-01-01 00:00:36.200,1.0041054155124105,0.33216802241620713,7.880904895207865,-0.6308832324513524,-0.5235873916115651,0.6607131363121385,abnormal
2024-01-01 00:00:36.210,2.0141698413434765,-1.9703849533186701,7.434652625103648,-0.3712662745189009,1.1879228248107332,-0.0005191850125754736,abnormal
2024-01-01 00:00:36.220,-0.057097126945601914,-0.8931922725577689,8.825631046669754,-0.32667081724973634,0.8645100564786881,-0.01841070992676395,abnormal
2024-01-01 00:00:36.230,-1.03605904178046,-0.6844862640626722,7.895539069819372,-0.017777399304919,0.6019698099894717,-0.3296700469660566,abnormal
2024-01-01 00:00:36.240,-0.4543433969966114,1.672733230042089,7.686165094957912,-1.7875507829600288,0.8633586152725798,1.2446125717151653,abnormal
2024-01-01 00:00:36.250,0.6342869838830959,2.8558752504917306,6.849527741920127,0.2997958669008381,1.6678756733016185,-0.5039697361840105,abnormal
2024-01-01 00:00:36.260,0.42696202876567696,0.5979859638321752,6.569328558780923,-0.08001802930203313,0.7291642211455204,-0.22961335350566364,abnormal
2024-01-01 00:00:36.270,0.26074798529305726,0.052410070231298414,6.112095628105721,-1.4595127597117286,0.7808325529723245,-0.14914630227194514,abnormal
2024-01-01 00:00:36.280,-0.018553633224107188,1.1378038489619242,6.116748238497897,-1.9104235169822301,0.8114677590605,0.0898865452629248,abnormal
2024-01-01 00:00:36.290,1.7541310378953823,-1.145917118308015,5.193159252988136,0.8670727940471048,-0.14311252937752458,-0.1751789453032407,abnormal
2024-01-01 00:00:36.300,-0.17111314683179588,2.061883923943122,5.6081542539507145,0.9756603375083144,-0.018616513039091048,-0.08714132922787222,abnormal
2024-01-01 00:00:36.310,-0.009464643083429272,-0.6827055541259299,3.8901959793736642,-0.1407966180482591,0.7537992238191418,-0.7573286057672272,abnormal
2024-01-01 00:00:36.320,1.303733240194573,-1.4524649770891824,3.9853701153533487,0.43512051790746786,0.3409814891152417,-0.621056320582322,abnormal
2024-01-01 00:00:36.330,-0.7491248062500894,-1.547130654285434,4.399665954398266,0.10224255487187889,0.7132940055797851,0.9227295191306152,abnormal
2024-01-01 00:00:36.340,-0.9104350886664202,-0.4528683079283729,3.7584876332681354,0.23579131912758225,-0.13180862712352098,-0.7090687760190556,abnormal
2024-01-01 00:00:36.350,-0.04460884476739086,-0.1889555457102339,2.744518799476122,-1.1371120930716117,-0.7133505113471038,0.012921340728079274,abnormal
2024-01-01 00:00:36.360,4.507090478835462,1.65765342791011,2.9391344292716273,0.03579924459110755,0.09464790627832816,-0.16991815734175073,abnormal
2024-01-01 00:00:36.370,0.9148216740545567,0.638300487550326,2.2391806094027342,-0.8078650415871621,1.5807954841842937,-0.08237901917837154,abnormal
2024-01-01 00:00:36.380,-1.36473904144221,0.7053640483250471,1.264091727893787,1.0674074440821073,0.3473172156015149,0.559272897607003,abnormal
2024-01-01 00:00:36.390,-1.5889374338824287,1.5880783050841063,1.2007227517189965,-0.16898226336041391,1.6307775394342003,-0.33819858333665304,abnormal
2024-01-01 00:00:36.400,-0.6548459180918569,-1.0303007311411514,1.2967737460066384,0.13618798047719716,1.4616774076598278,0.3023919258864144,abnormal
2024-01-01 00:00:36.410,-0.15661187060966045,-1.7287566054115466,1.0923995373053446,1.1769385050490233,-0.5307416413397031,-0.18232288499934096,abnormal
2024-01-01 00:00:36.420,-0.337780442903738,-0.8948934489521715,-0.24464607563976132,-0.26445321759046986,0.04957530721319771,-0.14725830558583944,abnormal
2024-01-01 00:00:36.430,-0.4500545395253316,0.9588440153423781,0.09915289904412528,0.10863835569833899,0.10864987134409622,0.3691610682343138,abnormal
2024-01-01 00:00:36.440,1.552724808526158,-1.0244971013514135,1.9411022481572342,1.0937466359240637,0.43010676358653566,-0.13567331227633184,abnormal
2024-01-01 00:00:36.450,-2.20951620816332,0.3763581883449324,1.9629967764580354,-1.157408473090552,-0.35883757108126113,0.0018320883331625457,abnormal
2024-01-01 00:00:36.460,1.47135370315496,-0.3539268939572254,2.6605895416476195,-1.3512345946370505,-0.6150222073114616,-0.1314467241339915,abnormal
2024-01-01 00:00:36.470,0.14507861601118632,-0.2889165326872888,2.4335662968155027,-2.5821065089639097,1.6462840039741005,-1.1273042672262938,abnormal
2024-01-01 00:00:36.480,1.2138321215651477,-1.0652726523180536,2.7723895795992,0.7737748390483475,0.0796225120385803,0.4221219331681999,abnormal
2024-01-01 00:00:36.490,0.7786088967557444,-2.2409249642895506,4.05639396778854,0.1041117612450535,-0.8282811632415201,-0.04036246840241464,abnormal
2024-01-01 00:00:36.500,-0.13227745914009456,0.0047191577085524935,4.852880359119998,-1.2244070270514225,-0.4053939274031598,-0.05948036607667784,abnormal
2024-01-01 00:00:36.510,-2.639058821270402,-1.1054598057702234,4.284301487000029,0.5630202052251951,-0.4881946586584624,-0.28112484887903416,abnormal
2024-01-01 00:00:36.520,-1.0539865096056669,1.0807040231231024,5.5906300861298,0.3673058556274187,-0.5938194165447611,-0.24186032298629825,abnormal
2024-01-01 00:00:36.530,0.11472038571878941,-1.3314581925906879,6.075986433408319,-1.0023819451815172,0.6310833070646821,0.23934584570479187,abnormal
2024-01-01 00:00:36.540,-0.6284795579815535,0.10357725116561936,5.407300763579541,0.46836942784127583,-0.11889725456076636,-0.3447950765065441,abnormal
2024-01-01 00:00:36.550,0.257605766478129,1.0856437216032382,6.463571334847674,0.002443766432770953,-1.3316965257280062,-0.26673385330899524,abnormal
2024-01-01 00:00:36.560,1.87025579965241,1.9601206525265957,7.214662399487196,-0.22135926781525347,0.7666203775531863,-0.15855047295061533,abnormal
2024-01-01 00:00:36.570,-0.8222281719030413,-0.37237976779061904,6.80394369816469,-0.6009935890963424,1.2579704975722428,0.8114178501105821,abnormal
2024-01-01 00:00:36.580,0.3603977265602412,-2.175305722891571,8.232806594707288,-0.2768812509638908,-0.29520420972502054,0.46005795464817073,abnormal
2024-01-01 00:00:36.590,-0.6017585275548797,-0.3525174909123913,8.250238537869052,-0.09039985092073081,-0.01878054664884425,-0.26498767794038564,abnormal
2024-01-01 00:00:36.600,1.6094275647824063,1.7023045972073374,8.869434444946041,0.7062108015392282,-1.7965215221390294,-0.12836180459478824,abnormal
2024-01-01 00:00:36.610,-0.39287981834943136,-0.0268862255227355,8.29361885331558,-0.2967474944937246,-0.3693537042816874,-0.4858973820992016,abnormal
2024-01-01 00:00:36.620,1.0120347031714325,1.977831920059692,8.92101843530265,-1.5477783272488612,-0.040980387767833415,0.05753941630955395,abnormal
2024-01-01 00:00:36.630,1.5286791326517568,0.33687837778734797,8.10301825672165,1.6251279624052646,0.20821903501269934,-0.4444469905443405,abnormal
2024-01-01 00:00:36.640,-0.8064221758053477,0.3529417698571861,9.2307112600934,1.2269451520952974,-1.0240561665856596,-1.0570160976904308,abnormal
2024-01-01 00:00:36.650,-1.1502882711511366,-0.48804881506750614,8.241716147855758,-0.5692729371971955,0.4710367004799122,-0.829288368537957,abnormal
2024-01-01 00:00:36.660,-0.2704729819551443,1.2014161442107893,7.697277061043477,-0.9024556132260032,-0.21541723149853492,-0.5531575685116746,abnormal
2024-01-01 00:00:36.670,-2.226255685784966,-1.206610910921898,7.623820318059035,1.1875802609175448,-1.296355112271035,0.1291511661291154,abnormal
2024-01-01 00:00:36.680,-1.2458738220465997,-1.2751498047463452,7.848075895411131,0.8278465828113976,0.4757165584819176,-0.5878614515930459,abnormal
2024-01-01 00:00:36.690,0.5206281391637523,0.2717198850441418,7.39253747342704,0.5319748818447749,-0.8096139962812837,-0.5644579445597866,abnormal
2024-01-01 00:00:36.700,-0.9748104558278028,0.6318401671476798,9.28660583995013,-0.09712259556288232,-1.5099658619927274,1.764652059302235,abnormal
2024-01-01 00:00:36.710,-1.5032566714022813,-0.30193749921219193,8.560788287805666,-0.7729323248674995,0.7366356052456956,-0.3931527643019421,abnormal
2024-01-01 00:00:36.720,-0.05868095613289008,-1.3196201309284044,8.673187899955185,-0.7900809313638277,-0.48915348657514385,0.052913689569713214,abnormal
2024-01-01 00:00:36.730,1.260674141546795,-1.680923682542529,7.6328370144374835,1.2882020801803746,-0.38556007278939086,-0.283192380678861,abnormal
2024-01-01 00:00:36.740,0.12612465948045037,0.9382336313695228,7.114083667669733,-0.22974765691601884,-0.49503491272609423,-0.12274017873415537,abnormal
2024-01-01 00:00:36.750,0.6189384320121458,0.9346972869227206,7.790350189568958,0.06694341895895309,0.9137649792872192,-0.5229577626155845,abnormal
2024-01-01 00:00:36.760,1.1542783144755024,1.194738696253123,6.854068002161071,-0.7652850477781683,-0.33097275356867095,1.090300404743002,abnormal
2024-01-01 00:00:36.770,-2.3824800326021034,-0.2687627751096774,6.935332400329748,1.5018057976334336,-0.2482965072221834,0.21622443264388896,abnormal
2024-01-01 00:00:36.780,-1.7919085712895833,0.8474719417052,6.009340959452836,-1.0261258070311596,-1.1017745600026316,0.08976165390876639,abnormal
2024-01-01 00:00:36.790,0.42112213199395127,-0.8598524179817116,5.486740716942802,0.37492295463118885,0.06240935485857621,-0.13157490654943538,abnormal
2024-01-01 00:00:36.800,-0.1307515584984131,0.5248960925695089,6.417797790365925,1.063555618191218,-0.25342048219164626,0.12108888584946842,abnormal
2024-01-01 00:00:36.810,0.5538797736926138,-0.5717130887808398,4.705479778341199,0.5868924845863179,-1.1954043125449179,0.9978548213894353,abnormal
2024-01-01 00:00:36.820,-2.38480061083446,-0.26153795437725924,5.863175008543166,0.07991909355929742,1.3046875945443241,0.08713055956232899,abnormal
2024-01-01 00:00:36.830,-0.4252062548763999,1.3655346209269652,3.6598870103292493,-0.25666216413797593,0.17522765584706848,0.3343799086539852,abnormal
2024-01-01 00:00:36.840,0.44960631824200403,-1.2503619367466277,4.744156907169151,-0.9858838678481798,-1.3049627624442606,-0.5162412557854686,abnormal
2024-01-01 00:00:36.850,-2.7267711290550087,1.1354865896707345,2.6130634961513683,-1.1859450867725503,0.4203218535531944,-0.23475795713960668,abnormal
2024-01-01 00:00:36.860,-0.01706169624417812,0.9450092820313517,3.301182086854993,-1.1359892479764517,0.25962026964307294,0.03136490986072027,abnormal
2024-01-01 00:00:36.870,0.04438982054451633,0.8264002780451053,3.626558893862578,0.7829229926810441,-0.9316777784962436,-0.7498374421068762,abnormal
2024-01-01 00:00:36.880,1.1321065043664966,0.003516957636645779,2.96479960587246,-0.6136125530271628,-1.1022263524155134,-0.6731033054753258,abnormal
2024-01-01 00:00:36.890,-1.072631753488323,2.009261894744931,1.3189336783406946,-0.9045076275775937,1.5081420176036313,1.0985351087660304,abnormal
2024-01-01 00:00:36.900,0.15575442067119047,-1.5464906695106437,0.24801465449289506,0.4739587967920878,0.963049130186858,0.2325564117101948,abnormal
2024-01-01 00:00:36.910,-1.1008060626716318,0.6358131245581774,-0.26882009724081235,-0.7733508185083848,0.8655969135282305,0.10509273488219557,abnormal
2024-01-01 00:00:36.920,1.0239661687760038,-0.09055411474976419,-0.07212337545964606,-0.6401120726165073,0.5675231157463034,0.12725110941503337,abnormal
2024-01-01 00:00:36.930,0.7383616767406728,-0.47411413291854065,1.2934867749719423,-0.2954037142944164,0.8211794675127675,0.018692592327277657,abnormal
2024-01-01 00:00:36.940,-0.6040966769772241,2.604645745119957,1.2019222187523917,1.6297029788855328,-0.18883987813134825,-0.4748656388750852,abnormal
2024-01-01 00:00:36.950,0.6652052511064217,-2.332730801900399,1.6995595904244052,-1.5664369277527823,-1.3735527563315093,-0.4866956887655118,abnormal
2024-01-01 00:00:36.960,0.13995208896975556,-0.897780430106138,2.0658621662075607,1.2945121584235881,-0.2867328329584285,0.6348228615857971,abnormal
2024-01-01 00:00:36.970,-0.7034998592082065,2.230944114445118,3.1694256943632664,0.01151881404626122,0.31936292562827495,-0.3785353856297999,abnormal
2024-01-01 00:00:36.980,1.73850815042002,-0.7464129308023858,2.544256411544891,0.20294973676104938,0.6254724009249063,-0.9977393067085238,abnormal
2024-01-01 00:00:36.990,-0.3272773235177759,0.17962685593601482,2.7371354123017033,-0.4482513753729553,0.07013662257221874,0.19598224379132984,abnormal
2024-01-01 00:00:37.000,-0.45225146038978775,0.29189304466682353,3.6190451706562534,0.4276839344681286,-0.8575528092272375,-0.11877060322857877,abnormal
2024-01-01 00:00:37.010,1.1216376175273541,-0.6838046869085536,3.986948713142017,0.8364087424372428,-0.8148645301961327,0.6640441292807588,abnormal
2024-01-01 00:00:37.020,-0.8265623918215189,-0.8885593724416465,5.522214480755387,1.0192877874106363,-0.14138107416150023,-0.5537795755293202,abnormal
2024-01-01 00:00:37.030,-0.636680683080345,0.13126721173697434,5.793666398788296,-0.10822643353629362,-0.9092772460208344,-0.49541235216953183,abnormal
2024-01-01 00:00:37.040,0.2394273476568476,-0.2574226199029886,5.764156110663076,-0.455526925078539,1.0734633408861594,0.1501940683736649,abnormal
2024-01-01 00:00:37.050,0.14397865376466729,-1.9094503557188838,6.402119972452255,0.8451093914229701,0.5564926271216004,-0.49412780985091914,abnormal
2024-01-01 00:00:37.060,1.0993482450858403,-0.8997533195310978,6.920902500880044,0.07564526318835661,2.7164687634215388,0.3803041533237877,abnormal
2024-01-01 00:00:37.070,0.40807153518217104,0.7796419382701044,6.396953806172294,1.0297466986227402,-0.5838519463847051,-0.12516308770290388,abnormal
2024-01-01 00:00:37.080,-0.45622019131912794,0.439374696740451,7.3116308197335815,1.231341291895663,-0.8831180442275772,-0.0036729017860280848,abnormal
2024-01-01 00:00:37.090,-1.1578500134248086,-0.652957613040685,7.58715273293883,0.033017339861457544,-0.6083220064449019,0.2793698180353723,abnormal
2024-01-01 00:00:37.100,-0.26697083406778566,-0.5877250415695338,8.044990789375674,0.5643471775328264,0.35039157750287236,-0.22013195230618426,abnormal
2024-01-01 00:00:37.110,-0.8793035334714735,1.0701050156373997,8.254261730068086,0.690309516906552,0.038480223046385355,0.09079609646445533,abnormal
2024-01-01 00:00:37.120,0.9758322753385014,1.140013039989771,7.970676031584565,-1.3890938987238677,-0.9787632278906886,-0.23493002191210735,abnormal
2024-01-01 00:00:37.130,-0.5141099777954036,-0.7986892446843462,7.647291529247932,0.6657558733227763,-0.7526251144982112,-0.20722749488645148,abnormal
2024-01-01 00:00:37.140,-1.2582010561311618,0.8387578846751309,8.266509060035355,-1.1053082106450869,0.94395074831413,0.28064627564398603,abnormal
2024-01-01 00:00:37.150,1.148123085160584,1.08439571858793,8.731022656478505,-0.6127020939399247,0.1737331740638227,0.48142309346586704,abnormal
2024-01-01 00:00:37.160,0.1860370467955705,0.09369098671167701,8.378328295765543,-0.3978798999159113,-0.45669645868227315,-0.7773252537127866,abnormal
2024-01-01 00:00:37.170,-1.6451041935983932,0.6314013030161444,8.107198169835952,0.4045259807498542,-0.7184169141061876,-0.49402866633473447,abnormal
2024-01-01 00:00:37.180,0.04075278076181397,2.1038853314948653,9.064284604571004,1.3653957722052459,0.613078824883223,1.0432568227514791,abnormal
2024-01-01 00:00:37.190,-0.2277798889970137,1.3873799414466503,8.160842889692802,1.2949270098709138,0.17102576648823264,0.25777541777566587,abnormal
2024-01-01 00:00:37.200,0.7396436798663423,0.5471124453899913,7.8872793596179775,0.1971469025763539,-1.4275566716690227,0.6324344459976733,abnormal
2024-01-01 00:00:37.210,0.3700268260859358,0.5969448657906098,8.222397514273744,-0.007288369731829797,-0.7104589116988288,-0.6205389154612734,abnormal
2024-01-01 00:00:37.220,-0.06067406221937875,0.2820246612628786,8.267078223358824,0.8495184216560437,0.38555962177581693,0.22349933778260073,abnormal
2024-01-01 00:00:37.230,0.04274617908212419,0.6653413811051169,8.883950790473511,0.5584161864708863,0.07479899639483915,0.7541293848679916,abnormal
2024-01-01 00:00:37.240,0.08063643836976206,-0.45720087884474003,8.477371404053544,-0.1321738782888495,1.8144682954401747,0.5793880224959774,abnormal
2024-01-01 00:00:37.250,0.8343173112410682,-0.2601785939187967,7.46511434733977,0.2668577342584846,0.5023920703802736,-0.135196216980031,abnormal
2024-01-01 00:00:37.260,0.04976905356591596,1.0850075676517985,7.904082213292697,0.731581680844973,-0.5929650054535743,-0.42397116047369054,abnormal
2024-01-01 00:00:37.270,0.2820263887888768,0.11038621524689118,8.023221842386903,0.8343850017468057,-0.19108769791539643,0.467343992201518,abnormal
2024-01-01 00:00:37.280,-1.2288506783162174,-0.799499334795934,7.48826583135279,0.4321239560825008,-1.169180463746894,0.8761727377258073,abnormal
2024-01-01 00:00:37.290,0.7772876076076776,-2.2445286178132324,6.219116715093448,0.6001835073933623,-2.7007628807417214,0.29117490184110223,abnormal
2024-01-01 00:00:37.300,1.844825178664924,-0.11472591083475056,6.5591199922671715,1.0576193370582962,-1.0326580563450563,-1.0976994592075842,abnormal
2024-01-01 00:00:37.310,-0.2050764621225393,2.4188167766740056,6.146121885771827,0.6616548173591342,0.35208050756155945,-0.3965529422326475,abnormal
2024-01-01 00:00:37.320,0.9298857821160489,0.607187269605177,5.97022415924253,-0.3951590081975854,-0.0465847878778439,0.15230305535899044,abnormal
2024-01-01 00:00:37.330,-1.9380502484392461,-1.520945273899592,4.481386121929776,-0.8441958054277616,-1.6323270311258309,-1.2208081009241905,abnormal
2024-01-01 00:00:37.340,1.3698491322730508,0.4027464749608245,4.14157406164503,0.26025866538531583,0.2450414674386492,-0.13688723957865842,abnormal
2024-01-01 00:00:37.350,0.7761309596815195,0.0077068614699461946,4.312706267199978,0.18071064746336774,-1.6669916677785626,-0.16534099160482899,abnormal
2024-01-01 00:00:37.360,-1.1235311198361233,0.23710844523950012,4.124739173216824,-0.6006441300775225,-0.6267729398126491,0.5237720616634077,abnormal
2024-01-01 00:00:37.370,-0.11970703908459451,1.1219285298786605,2.9195292575787715,1.2224147383270374,0.11654716206972651,0.07819905822936578,abnormal
2024-01-01 00:00:37.380,-1.4285240307865683,3.0035783834284695,1.937916189509507,-1.6219863714800045,-1.1673865306804974,0.6111043283088267,abnormal
2024-01-01 00:00:37.390,-0.06147999169255536,-1.427675456785899,2.4024558787689534,-1.32509612885882,-0.44936913878485174,0.12458863186600524,abnormal
2024-01-01 00:00:37.400,0.62109966967654,0.607283777533424,2.002320729172869,1.1144261271365206,-1.6841168919376261,-0.5995618358621903,abnormal
2024-01-01 00:00:37.410,1.8253620516009017,2.2634613520498963,0.9099794139048469,-1.512251071304199,0.3460422889268315,-0.47020516222086634,abnormal
2024-01-01 00:00:37.420,-1.6663901484531276,0.7404037401865551,0.03553743775441451,0.07645556353992648,0.5115003396894424,0.02231742657399329,abnormal
2024-01-01 00:00:37.430,-1.5347570200753333,-0.14669779910893083,0.2991716987390367,-0.26984086498901994,0.07194035158689509,0.7646671870536685,abnormal
2024-01-01 00:00:37.440,0.7021153381910892,2.5317345627686065,0.8108713420454053,1.411973379194232,1.4830961892882588,0.8101564608890639,abnormal
2024-01-01 00:00:37.450,-0.7130173471218545,-0.24075793643933352,0.8118788438833924,0.49491864658416096,-0.545591734759904,0.16336431316030256,abnormal
2024-01-01 00:00:37.460,0.26711002682494744,-0.7728070215814521,1.9840857494668758,-0.47001305495822243,1.8225770733106992,0.39558814087599387,abnormal
2024-01-01 00:00:37.470,-0.9972145914909738,-2.0180009061406676,1.359781977169447,1.5444341056268704,0.5043716359165865,0.14368261351168352,abnormal
2024-01-01 00:00:37.480,0.033244477134917544,0.2023245449553401,3.4706814750762884,0.6958534274954259,-0.38241357138134907,-0.44823431983610723,abnormal
2024-01-01 00:00:37.490,2.4480619082298687,0.844153576942291,2.919138492174795,0.6206330543632532,-0.061579981168594394,1.0300745099433417,abnormal
2024-01-01 00:00:37.500,-0.7563880912800672,-1.9833537039845777,4.23499329842316,-1.2431689013714133,-0.22813396665102043,0.207441058705348,abnormal
2024-01-01 00:00:37.510,-2.0924263855790235,0.7361226447684815,4.373840210607479,0.5457790907391096,0.4054583842591487,-0.21201488963099227,abnormal
2024-01-01 00:00:37.520,1.0216684176742097,1.3481905148613007,5.119228218773857,1.9947451643161438,-1.5344947903892898,-0.03147070627568871,abnormal
2024-01-01 00:00:37.530,-1.68359085421765,-1.8202157371601206,3.9489911995922835,0.06668460013490635,0.01867508172895474,-0.34828687272549447,abnormal
2024-01-01 00:00:37.540,0.5680775302995634,0.7517352444666187,6.1010644426037794,0.4151920410777163,0.44568053469580937,-0.4979814473618807,abnormal
2024-01-01 00:00:37.550,-1.6001849048136176,-0.10121952967735898,5.334628982159081,-0.04048633865241378,-0.8365816624691294,0.4208314326668274,abnormal
2024-01-01 00:00:37.560,-1.3825557424169443,0.03268723189905914,7.016485858910056,0.33998188959553316,-0.10082575492829227,0.2546538482054904,abnormal
2024-01-01 00:00:37.570,-0.2960216500719908,2.3251701694561655,6.584102764914873,-0.9118819310020629,2.0359856468822333,-0.7635539184620305,abnormal
2024-01-01 00:00:37.580,0.9835029285056699,1.0498663068245726,7.378312394300034,-0.1758732478752868,1.1857832260488224,0.4600362817793405,abnormal
2024-01-01 00:00:37.590,0.13516673603984525,1.4452757136852628,6.480140789554609,-1.4222554247235848,1.615593015494059,-0.5993923228706526,abnormal
2024-01-01 00:00:37.600,-0.8934890839651658,-2.356511474163944,7.636973838439342,0.43736609157783685,0.3442813942372236,-0.4456060953415161,abnormal
2024-01-01 00:00:37.610,0.576413173680741,-0.4148305857696904,6.841777985526125,0.9935480574477906,-0.5347220563481672,0.060655307947721594,abnormal
2024-01-01 00:00:37.620,1.0767291708595363,1.525600337877372,8.067604927300719,-1.1299236857002026,-0.8667276347679813,0.6071487665698341,abnormal
2024-01-01 00:00:37.630,-1.7289864721348167,0.5785409086802278,8.200734368212082,-0.22757958440397733,0.6967812621840779,-0.17985640129545039,abnormal
2024-01-01 00:00:37.640,-1.1353121724073623,0.6301547000323109,8.059113501152009,0.6946586786203561,-0.7185079897938842,0.36840340322285087,abnormal
2024-01-01 00:00:37.650,-2.404132875008995,1.3771163942458517,8.620861352994797,-0.03755522107235808,0.27627865672474244,-0.12306619599290229,abnormal
2024-01-01 00:00:37.660,-0.594518199157818,-0.7715831454232341,8.014419635905682,0.2785605707768153,2.1316061323366378,-0.3483510057061729,abnormal
2024-01-01 00:00:37.670,-2.2039729212850196,-1.0575006186562823,8.597802606335966,-0.3030026204290029,-0.10871531375603799,0.43948713312746535,abnormal
2024-01-01 00:00:37.680,-1.0599737865571053,0.9362821013715302,8.494497876854659,-0.4105324369621318,-0.7042970802545094,0.37949211641911484,abnormal
2024-01-01 00:00:37.690,0.2716392692888945,1.1392170930167038,8.721703396259676,-1.509522397042401,-0.5383859177053377,0.31055312104346955,abnormal
2024-01-01 00:00:37.700,0.8001800079099549,-0.9532392518387885,8.431174173177098,1.493685456238337,-2.446739790000106,0.464462835946179,abnormal
2024-01-01 00:00:37.710,-1.3524458451094854,1.4812278449545435,8.951369898415768,0.8723382927363663,0.029836385650225488,0.1734141292916211,abnormal
2024-01-01 00:00:37.720,-0.22261337148402707,0.9452644534238116,7.88015107132501,-0.6861812795013988,0.9990040163988338,0.21947934560871812,abnormal
2024-01-01 00:00:37.730,-0.7137996042400366,0.35758700789795855,8.46358923048081,-0.2897369843722601,-0.30792147911292,0.3893044754228464,abnormal
2024-01-01 00:00:37.740,1.8618390559902291,0.06709366328322226,8.58001758504991,-0.1006844371286635,-0.5886248854126789,0.32236411914522844,abnormal
2024-01-01 00:00:37.750,1.5421832910452038,-2.538203738665423,7.8871850149449285,0.945586829689732,0.6639024871318407,-0.13715470402196656,abnormal
2024-01-01 00:00:37.760,0.3134087131124728,1.55389831917285,7.202395926830525,1.0598532231072169,-0.626747845192565,0.4421822017057879,abnormal
2024-01-01 00:00:37.770,0.22911723178750004,0.023650176830945224,6.443590963048284,-0.6836875900580983,0.3218921876927122,-0.33605496837189913,abnormal
2024-01-01 00:00:37.780,1.173768357998286,2.0790847182954946,7.153655800905554,-0.12823821113399486,-0.8826766580716046,-0.4571398820011852,abnormal
2024-01-01 00:00:37.790,0.15568433472076404,0.5653945029934914,6.608007423922303,-2.931849720775536,0.7488646353238445,-0.07061141975110787,abnormal
2024-01-01 00:00:37.800,-1.510739244382591,0.5045576605364729,5.431904322104625,-0.6685633843348466,-1.0779556218103228,-0.011263658338064001,abnormal
2024-01-01 00:00:37.810,2.2709444245080515,-1.3501213719290928,5.864045920883152,0.4818369805695777,-0.7880840977122893,0.08187621206190136,abnormal
2024-01-01 00:00:37.820,0.7690353156844761,-0.6726177565692618,5.033471804291681,1.5459686414615879,-0.9912313404620274,-0.3031588284018484,abnormal
2024-01-01 00:00:37.830,0.35777524933836,0.4894996294222639,4.70617103297392,-0.32177073832895314,-0.32727451807782787,-1.1711064501111992,abnormal
2024-01-01 00:00:37.840,-0.8422980071222465,-0.25430719600797697,4.832449265673117,-1.1178563626729199,-0.39390365784307846,-0.6878265241105217,abnormal
2024-01-01 00:00:37.850,-2.8840900696828404,0.9890818817504227,4.8830428930982075,1.0812980946943294,0.8408681546836817,-0.06692920053030094,abnormal
2024-01-01 00:00:37.860,0.018606859923705865,0.22758488244936054,3.946658847504289,0.6297689598516533,0.3735076592328743,0.7537864524741825,abnormal
2024-01-01 00:00:37.870,-0.11371215827434612,-1.050657915870962,2.168271212882142,-0.4518535709326232,-0.5455632140710951,0.2829800750015277,abnormal
2024-01-01 00:00:37.880,-0.7206192192274629,0.20091018736882008,2.6590242896326735,0.4859489207895558,-0.47492171273164574,0.1537069075271118,abnormal
2024-01-01 00:00:37.890,2.010198644495229,0.12420121093571661,1.3925243116753134,-0.2587670209650084,0.5408995427365437,0.7069512607594501,abnormal
2024-01-01 00:00:37.900,-2.5852841629563814,1.1059325015419406,2.022831865795101,-1.6451875427090474,-0.4153073661084455,0.41885068844030476,abnormal
2024-01-01 00:00:37.910,0.05461955520738175,0.6508016459656063,-0.39409641587508326,0.24471143076386134,1.9770824248091659,-0.4761276224743562,abnormal
2024-01-01 00:00:37.920,-0.3424018041561864,-0.7685985742892593,2.0492217811068953,-1.1018575193340854,0.8555121286915968,0.014481302465280151,abnormal
2024-01-01 00:00:37.930,-1.8956803556208528,0.4324062921304618,0.7212791994993158,0.5261983886389363,1.5891470725253847,-1.1118616579080893,abnormal
2024-01-01 00:00:37.940,-0.4083822222893752,1.73878797731096,0.026273476540793705,-0.0473797880367108,1.2222682800915707,-0.26548246960368765,abnormal
2024-01-01 00:00:37.950,-0.5803045848289989,-0.5095048248375063,0.8427646103075395,-0.812566052740052,-1.5234313750229393,-0.1468382804009564,abnormal
2024-01-01 00:00:37.960,0.8520356766251697,0.43703219135999594,1.2696858482439164,1.684962413065068,-0.5889992351993957,1.0561102504884459,abnormal
2024-01-01 00:00:37.970,1.3531091637757202,1.7693005922655984,2.4502309711555568,0.0826611007921303,-0.519405474125502,-0.28412256330966934,abnormal
2024-01-01 00:00:37.980,1.5370559393623628,-1.61843025261914,3.413756154010894,-0.19414011515667848,0.9388921728024072,-0.23177057619915553,abnormal
2024-01-01 00:00:37.990,-0.1460875394933991,1.3173226603019652,3.590923520659489,-0.8596036927482748,-0.4793033731215185,0.7056370598434266,abnormal
2024-01-01 00:00:38.000,-1.131502224033141,-0.5580948419591043,2.7548845606990096,1.1486558976457732,-0.29363989369865484,0.7063521407421056,abnormal
2024-01-01 00:00:38.010,-0.8462265341745305,1.153539178652621,2.8273996015127185,0.5440371911196744,2.1745312221409483,1.0578105487322973,abnormal
2024-01-01 00:00:38.020,-0.7482143976239606,-0.025234688750323437,4.012631265993298,-0.5630305159606048,0.4764303619665464,0.15409946525973292,abnormal
2024-01-01 00:00:38.030,0.3437875361895936,0.9313055832349647,4.978411720408766,1.3096294948988867,0.041562955133727014,-0.3233606993084779,abnormal
2024-01-01 00:00:38.040,-0.19357370077572952,-1.2963476219234364,4.819133680732743,0.07028679946005675,-1.5125288891574724,0.567260559193928,abnormal
2024-01-01 00:00:38.050,0.3014429129973137,0.6492478111524209,6.214297758205403,0.13916010689907923,1.2605696160420548,0.915445979662447,abnormal
2024-01-01 00:00:38.060,0.19523381185037722,0.04846759104622499,6.421073413633226,0.36485602148744717,0.0389606029749711,1.1894876973206787,abnormal
2024-01-01 00:00:38.070,-0.8641266643951918,0.21768416667401325,7.052302397710394,-0.24908480589995663,0.3632651188128177,0.5992422826848519,abnormal
2024-01-01 00:00:38.080,0.31019933196450894,-0.690284051045639,7.123290319222957,-1.025313983364999,-0.4957257070773366,-0.2900377253257665,abnormal
2024-01-01 00:00:38.090,-1.131943446025188,1.9812083714451578,7.276738332442754,-0.9885517726655331,0.37509129668639984,-0.7903162984742671,abnormal
2024-01-01 00:00:38.100,1.836509531915084,2.425563056229647,7.678613911108358,1.0506436521176552,0.4741143643806103,0.17209104297058778,abnormal
2024-01-01 00:00:38.110,-0.8495764465414257,0.5707729846806688,6.796795053800148,0.5119078677107881,-0.6153869398719819,-0.047368480218078005,abnormal
2024-01-01 00:00:38.120,-0.5349578848497867,-1.1525890069100206,8.046787789313678,-0.7495976375208029,-0.19107756851189406,0.5340668352194365,abnormal
2024-01-01 00:00:38.130,1.2366679951937756,1.7663245227343338,8.178862075898918,0.6562574514877468,-1.2393067782569962,-0.5379611793135265,abnormal
2024-01-01 00:00:38.140,1.670366994590401,0.8487990503130179,8.599442050111186,0.9488991975088173,-1.5367165228446258,0.3083874731699112,abnormal
2024-01-01 00:00:38.150,-0.5300968322599877,0.5144688504462405,7.961748520116229,0.7173132985842939,-1.1973656564247974,0.8977157900210035,abnormal
2024-01-01 00:00:38.160,-0.6835363306199777,-1.1310123478249376,9.29456326626345,0.21047288461113806,0.032740340334460084,-0.5163982172668363,abnormal
2024-01-01 00:00:38.170,0.937073969459881,-0.7768341335345719,7.125857428718429,0.616377385648132,-1.0041995822527652,-1.0966755439102267,abnormal
2024-01-01 00:00:38.180,2.636393613755004,-2.3016024223829246,8.36167286586845,0.31619490420613566,1.104612711557361,0.0629278046889455,abnormal
2024-01-01 00:00:38.190,-0.7381323431530583,0.46334138897461863,8.623471449792484,-0.018748076759845227,0.8430825975960341,0.019423824798313536,abnormal
2024-01-01 00:00:38.200,0.5153753618266678,1.4151033205563481,7.871203342954972,-1.1341578675404964,-0.1859029554712381,0.579939258687898,abnormal
2024-01-01 00:00:38.210,-0.904429131123605,-0.7178874919921827,9.450947629474648,-1.0719475788907848,0.6538080618571784,-0.9548938307278394,abnormal
2024-01-01 00:00:38.220,0.19971607850946219,2.4344530633152743,9.695496347901459,-0.05352215265248434,-1.4793669746356644,-1.2989895430485652,abnormal
2024-01-01 00:00:38.230,1.096104282780512,-1.0591752235418956,6.740878277358103,0.8181862927973086,-0.6401389886739957,-0.5854166369980022,abnormal
2024-01-01 00:00:38.240,0.589169002826909,-0.9104428434396911,7.867239351003915,-0.053796332979916664,0.11678824152798048,0.33744000372332195,abnormal
2024-01-01 00:00:38.250,1.990139383808723,1.6622821217083308,7.2626422777458455,0.7079595678557408,0.7220360201608529,-0.5833176667878199,abnormal
2024-01-01 00:00:38.260,0.015761659285676886,1.5220228154412965,6.970121682338488,-0.20919594859968055,-0.5228790296174651,-0.3864337464330719,abnormal
2024-01-01 00:00:38.270,-1.5197986406900639,-0.22711401586780056,6.774913768008987,-0.022861090903123757,-1.2653183528260379,-0.25945736769244343,abnormal
2024-01-01 00:00:38.280,-1.2722436630501528,1.3092842243616638,7.250284581049494,0.3068008380308439,-0.9645995502664217,-0.5526355587425641,abnormal
2024-01-01 00:00:38.290,1.4270717982313297,-0.6155906360075194,6.032773295063908,0.5587713662933353,-1.2004476534521415,-0.39040843835133754,abnormal
2024-01-01 00:00:38.300,0.7199621871223036,1.1178208906045013,5.9242817232844915,0.4999472264864301,-0.7118466896765291,-0.6714837398800008,abnormal
2024-01-01 00:00:38.310,-0.14157170377118974,0.8996893920156367,6.28500025073926,2.3630806644651123,0.22016417034963978,0.5754814346252782,abnormal
2024-01-01 00:00:38.320,-1.7707227922833078,0.7698011006603962,5.968950053822941,0.7180539920384534,1.5334371509205575,-1.5584142617777963,abnormal
2024-01-01 00:00:38.330,-0.8710036754407846,0.6336889856338096,5.298384683995254,-0.25276933479952635,-0.042688788782785064,-0.4504732596579258,abnormal
2024-01-01 00:00:38.340,0.9144787632672526,-1.8320859113533097,5.6070959337847,0.7566921648664678,0.3371739515636033,0.26191672303224456,abnormal
2024-01-01 00:00:38.350,-1.783240928549917,-1.2807732943226255,4.009611360209073,-1.7382112984420013,-0.21533851800280865,0.6228993523109464,abnormal
2024-01-01 00:00:38.360,-1.9437447321125594,-0.1851098174845882,4.420603851138186,-0.4093680318343316,1.1385761535236012,-0.365814208674607,abnormal
2024-01-01 00:00:38.370,-1.1247352436779292,-0.5563819226263623,3.42356542049229,0.2551219225627485,-0.5662319636690442,0.5305420428975943,abnormal
2024-01-01 00:00:38.380,1.7601624287634265,-1.1531856430095584,2.4111065357049903,0.7210745131332703,0.017212623091127404,0.18831790647299007,abnormal
2024-01-01 00:00:38.390,-0.26223576152080746,-2.109206917305066,3.926869345068213,-0.019247753625211042,-0.5938200226276472,-1.0450692811303277,abnormal
2024-01-01 00:00:38.400,-1.6458050639054538,-2.239423112835993,2.3321581755145635,-0.5436562689294095,-0.2650556823766121,-0.5518653603348701,abnormal
2024-01-01 00:00:38.410,0.49338974209381314,-0.551476768052458,2.384205118255908,0.15695339011930054,-0.2009499421168894,-0.4226816038457602,abnormal
2024-01-01 00:00:38.420,0.4847699669611489,-1.7722898176241175,1.2790580489844228,-0.7754300623474465,0.40456270916313314,0.6114061726099819,abnormal
2024-01-01 00:00:38.430,0.5889313209182228,-1.1546351742034522,-0.15458515767116815,1.5850513982840284,-0.577055262102728,0.1485940107033313,abnormal
2024-01-01 00:00:38.440,-1.6793432988433288,-1.2412829126606522,-0.1009000180726137,0.5815778675247867,-0.4409615946061514,-1.111509005366886,abnormal
2024-01-01 00:00:38.450,0.9640334366452278,-1.4231568162869965,2.6131886322511213,0.46662815551849657,0.3033585922474546,0.04377553110940432,abnormal
2024-01-01 00:00:38.460,0.8725020345157071,-3.2362754861342546,0.4095756804327445,0.29225704770560484,-0.18734038111012996,-1.3634852784764209,abnormal
2024-01-01 00:00:38.470,-1.234894879799552,2.4634777600556528,1.0414162442264394,-0.35054519345309637,0.034944104397531456,0.08979175127363499,abnormal
2024-01-01 00:00:38.480,-0.7947635769113738,0.15231042039845374,2.293186420574885,-0.25051642025591725,1.0850363646449381,0.1545683919410644,abnormal
2024-01-01 00:00:38.490,-3.654085393075893,-0.03712415257440547,2.8678106107952,0.7244098509091071,-0.7723750668211052,-0.24582901563199638,abnormal
2024-01-01 00:00:38.500,0.06323689258377004,0.8128347431519655,3.6272550582246383,-1.3210571104368913,0.4033815568029684,0.2989496858025874,abnormal
2024-01-01 00:00:38.510,-0.05830287521311246,-0.044006098500656184,3.39765868435059,0.7226275064156312,-0.38233475233855846,-0.13813045903986948,abnormal
2024-01-01 00:00:38.520,0.7838883079947973,-1.5591100790775856,4.680312588262937,-1.1723405795111406,-0.34928665423217753,0.19442060334227904,abnormal
2024-01-01 00:00:38.530,-0.21428592243184807,0.663336410748696,4.46765625243723,0.21337566638564007,-0.07793889027986624,-1.096272607414803,abnormal
2024-01-01 00:00:38.540,-2.057914072468414,-1.7124525870278333,4.783847665991792,0.09652038912629304,-0.7442362529114706,0.3477983867588845,abnormal
2024-01-01 00:00:38.550,-0.5001818738975269,0.2837401013945318,6.51405101033308,-0.9462797499456125,-0.2092312948470753,0.7960780312580388,abnormal
2024-01-01 00:00:38.560,-0.9209903520375412,2.5231857090919156,6.709272949714748,0.5663219075524673,-1.1004802939769467,0.513858593135474,abnormal
2024-01-01 00:00:38.570,1.7511553061372063,-0.28910492609407445,6.104365258265839,-0.4467963428478189,-0.16913322241335266,-1.4592225540470616,abnormal
2024-01-01 00:00:38.580,-0.2570047959424177,1.218346898689884,6.17328180705086,-1.3730432591174182,-0.8658267041672878,-0.23522692372789436,abnormal
2024-01-01 00:00:38.590,-0.14274526351779113,-0.3704278341816214,7.725931234253922,1.0916595883320528,0.8558503979175953,-0.9628331169939048,abnormal
2024-01-01 00:00:38.600,1.979973010835945,-0.8992365716586131,6.788091903649767,-0.18661498255986161,-0.6865637834326226,-0.7040727538408611,abnormal
2024-01-01 00:00:38.610,0.996336331358404,-0.9850688010079464,7.254710446503057,0.8069184203933367,-0.2657532763098165,-0.1545825908057995,abnormal
2024-01-01 00:00:38.620,0.12441631457122003,1.7131704247958022,7.564022518786894,0.016374818625620798,-0.19234569181819128,0.30033103770312225,abnormal
2024-01-01 00:00:38.630,-0.3024007866229205,-1.8494724410727326,8.437072472718778,-1.073926375309007,1.2991007663688385,-0.2254964638917307,abnormal
2024-01-01 00:00:38.640,0.5778194667481021,1.064385144862641,9.580952089360284,-0.14593474603082543,-0.5916370994312101,0.027698258112735463,abnormal
2024-01-01 00:00:38.650,-1.6386595310508747,-1.1556629726193037,8.917586316097545,0.6910433494596888,1.4329479229990103,-0.09331882256656635,abnormal
2024-01-01 00:00:38.660,1.2401333040132316,-0.7675252816778012,7.234139628580172,0.1853138060010462,-1.0075585910324345,0.2760280027403815,abnormal
2024-01-01 00:00:38.670,0.1423518443969193,-0.661726474547496,8.0363576070514,-1.2446765816530334,-0.28016086311838134,0.3737877525502483,abnormal
2024-01-01 00:00:38.680,-2.8959353931147356,-1.872591123971818,10.157411005811213,0.7572322485036174,-0.9625837432092951,-0.5182064441571022,abnormal
2024-01-01 00:00:38.690,0.7031687385877619,1.1939696735759884,7.946658357047486,0.30306629829314374,0.3555727389995378,0.08255470796108365,abnormal
2024-01-01 00:00:38.700,1.3686275952754248,0.3856200514026771,8.315186929470094,0.6828958141073296,0.5005274131214114,0.6226118184602244,abnormal
2024-01-01 00:00:38.710,0.5849734351394241,-0.9289859472007443,7.594656206653421,-1.615214291699272,1.3528869947419702,0.2015369322720284,abnormal
2024-01-01 00:00:38.720,-0.7718983339560413,1.5807130043828252,8.570239539387805,-0.9341766030841987,1.3866515980993885,0.029514384646625685,abnormal
2024-01-01 00:00:38.730,0.10200274937463497,-0.9154810292719597,7.981565997798994,-0.7057826271667963,-1.1907301011843485,0.5989538606699412,abnormal
2024-01-01 00:00:38.740,-1.1874014339741936,-0.011762936268662252,8.324328577896685,-0.9573741928541246,0.7230030643618817,-0.4406747253803062,abnormal
2024-01-01 00:00:38.750,0.6866600961610011,-0.4723652000100792,8.07209561873374,0.44246120750803386,0.34091934178518035,0.0345931627495329,abnormal
2024-01-01 00:00:38.760,-0.44454070025053455,1.1485438740973353,7.826796674830894,0.8660057627570424,0.7686537328344757,0.48354662650876645,abnormal
2024-01-01 00:00:38.770,1.2223226508383502,0.36813528639875387,7.906797399077032,-0.8214690516901746,-0.49736040385526537,0.9350695223522107,abnormal
2024-01-01 00:00:38.780,0.030054523613916494,-0.6174836808581728,7.1027369083981124,-0.7556269154942192,0.3764469738844043,-0.6766554337441725,abnormal
2024-01-01 00:00:38.790,1.1449097368400067,0.037138912801147554,7.384911885220638,0.16659250024095865,1.0375423068594594,0.34398821446823574,abnormal
2024-01-01 00:00:38.800,-0.46732375700471646,-0.8983649723389567,5.743587061340954,0.6653500165274238,0.937392475115178,0.00955373247774367,abnormal
2024-01-01 00:00:38.810,-1.2767086571629709,0.505901587448686,6.27488424543371,1.0101657343989583,-0.34831221377305416,0.22462529049377886,abnormal
2024-01-01 00:00:38.820,-0.3552339928506879,1.8111378791338235,5.386199834247595,-0.10792841233615488,1.0359685214149081,0.9673515500882942,abnormal
2024-01-01 00:00:38.830,0.17038131054884806,-1.8840736059401286,6.08891309209032,-1.1190688464927028,-0.7447396558178139,0.2221497067096519,abnormal
2024-01-01 00:00:38.840,2.3550908377241444,0.8444139779793448,5.608963040720909,1.5482458373805048,1.7780265107298332,0.5783894811751535,abnormal
2024-01-01 00:00:38.850,-1.4088854675499065,-0.32086584277090097,3.0289533595768097,1.0793791134153121,0.03725148689986926,0.24826891332398016,abnormal
2024-01-01 00:00:38.860,0.18850770332712516,2.3523659893355933,4.222557591537022,-1.4605207387407793,-0.25043223972914874,0.01774142932824506,abnormal
2024-01-01 00:00:38.870,0.14360222548607263,0.9259259917688735,3.16070587334069,0.42263803855402116,0.4453155395910194,0.7276270707514512,abnormal
2024-01-01 00:00:38.880,-0.8939876589105126,-0.9781964426237942,3.6790862655660765,0.6941576223830516,1.451885603466735,0.2634420158239277,abnormal
2024-01-01 00:00:38.890,3.9313239537270097,-0.30199360846544654,3.2160715877824093,-0.3616112747089398,-0.047872061634454156,0.3430854017030822,abnormal
2024-01-01 00:00:38.900,0.4359125537195932,-0.9188154284852165,3.2224004442840717,-1.9200837541309381,-1.3048933145617223,-0.5247845290376677,abnormal
2024-01-01 00:00:38.910,-1.4259750939615112,-0.6708785899333626,1.9375573273290239,-0.20849483005508396,0.8374562557277353,-1.0710202381225191,abnormal
2024-01-01 00:00:38.920,-0.8533865961052831,-0.8320562908281939,1.7906077616229141,0.23097926057731247,0.2704931762173613,0.7725397535660565,abnormal
2024-01-01 00:00:38.930,-2.307485397017386,0.43474824951022406,0.28605240024215295,-0.20115424054299463,-0.08756842860470337,-0.9987031494010769,abnormal
2024-01-01 00:00:38.940,0.04670493533117706,-0.8856300563951297,-0.7597197041339299,-0.3611283354802424,-0.21446810751164505,-0.3233722921996282,abnormal
2024-01-01 00:00:38.950,-1.4101384259603074,-1.0527448526859888,0.23021366063138415,0.7696846967095677,-1.722583092823022,-0.42403761701779974,abnormal
2024-01-01 00:00:38.960,-0.20053187045006607,-0.8833705857714225,0.512322334025445,1.266799451663872,-0.47805925977679364,0.346833250690207,abnormal
2024-01-01 00:00:38.970,-2.4323087102566103,-0.2224311805911013,1.244464072628086,-0.2852673937091691,0.04544677934345932,-0.8685716503601735,abnormal
2024-01-01 00:00:38.980,-0.8808930989423069,0.3135411461959577,2.7913618677338365,-0.11453615409918584,0.2209121366560968,-0.5465878145500893,abnormal
2024-01-01 00:00:38.990,0.23073021541985805,1.6468735640616277,2.3375415533994324,-0.8107045588163878,-1.2717332986491094,-0.5739437211944876,abnormal
2024-01-01 00:00:39.000,-1.7324026343965857,-1.886987167639605,2.2885772544035046,-1.3671305215928418,0.8166722679351017,-0.5568754524388378,abnormal
2024-01-01 00:00:39.010,0.9287631662426721,-1.1810163455663134,3.193179829199771,0.4078913447266989,0.8359804140440773,0.5059371041728513,abnormal
2024-01-01 00:00:39.020,0.1622846714925862,0.22334971274217238,3.630447792479991,0.6758603561862605,0.3352684147131603,0.3000219138055278,abnormal
2024-01-01 00:00:39.030,-0.34264304190317013,-0.059693599535315514,4.88234751794179,0.8476032931147716,-0.9310415272379438,-0.512604846511519,abnormal
2024-01-01 00:00:39.040,0.4737188512517957,1.3711555478773407,5.19174319720329,-0.7224431640185244,2.0480678813557365,-0.45569951585546514,abnormal
2024-01-01 00:00:39.050,-0.4458433573911324,1.2993907675316883,5.778308112631718,1.388880621362525,0.28771552262647987,0.11764547766301117,abnormal
2024-01-01 00:00:39.060,-0.2658459629723247,-0.1304935085424552,4.120892678308228,-0.08242644090919503,-0.1614734299912539,-0.5037884395951333,abnormal
2024-01-01 00:00:39.070,-0.8776719397914645,0.18572505557306215,5.3466468608872235,-0.277588738515214,0.3498664613806734,0.6792153593127463,abnormal
2024-01-01 00:00:39.080,2.2913753705192907,-1.3908466513726696,6.684345493679537,-0.8980584129518482,-0.3376608944811142,0.35473134959936503,abnormal
2024-01-01 00:00:39.090,0.9123992958333644,-0.48032856256890455,6.306723105806301,1.3718986126091397,0.2761581433609127,-0.90580077690697,abnormal
2024-01-01 00:00:39.100,1.2675410165917254,-0.2931735125894093,6.5887153761922725,0.34539687910232014,-1.6532609476101043,0.16337791242478056,abnormal
2024-01-01 00:00:39.110,1.9446389892569769,-1.5901935378951977,7.701540018719886,-1.1776659482139622,0.15421552909612452,0.38328326348608915,abnormal
2024-01-01 00:00:39.120,0.23637307327101129,0.7807224667927928,7.831241325927828,-0.32957024897390824,0.07928197812488473,0.9504311613567323,abnormal
2024-01-01 00:00:39.130,0.8772790968939108,0.9557805691310584,6.546758723708572,0.6011145794424587,0.9366258309267939,-0.2679227123276347,abnormal
2024-01-01 00:00:39.140,2.072979603891001,1.2017013279567919,9.09222754785975,0.6650320619546188,-1.346915597659424,-0.630045487381212,abnormal
2024-01-01 00:00:39.150,1.8684368577381978,1.6328047451118632,8.379461462360757,0.8680411249782561,-0.7281769677804699,0.905410605981148,abnormal
2024-01-01 00:00:39.160,1.5522893991400297,0.199968814122276,8.354003133767957,-1.781646838266526,1.206155537476639,0.20329694188521383,abnormal
2024-01-01 00:00:39.170,1.559525979788744,1.4995509574923813,8.186833181740859,0.5786553384558121,-0.35052697307996056,-0.8586389087479687,abnormal
2024-01-01 00:00:39.180,0.36599963771192157,-1.3621902155463437,8.248070573146764,0.24440758114003447,0.04675156014538987,-0.852134064183613,abnormal
2024-01-01 00:00:39.190,0.4181162807560076,0.5249220913996633,7.72101494358981,-0.4842328505231296,2.128991454812543,-0.37708270670060806,abnormal
2024-01-01 00:00:39.200,0.4295136103369495,-2.281739202152208,8.202951785606428,-1.0314247902205906,0.37674806801810923,0.6703511552338961,abnormal
2024-01-01 00:00:39.210,-2.430291910915325,1.0756472827174992,9.696794915846361,0.21606572786059694,2.0908595326967454,0.5040218616114132,abnormal
2024-01-01 00:00:39.220,0.5681820310147059,-0.8447842251598303,8.011576718950543,0.5494174786149751,1.5627819791258812,-0.008755102020238294,abnormal
2024-01-01 00:00:39.230,-0.07345735581040597,0.26725432076746314,7.951006486900023,1.921499705538292,1.1704475926596727,-1.4173623889965732,abnormal
2024-01-01 00:00:39.240,0.09527011975016142,2.5388342679141185,7.39654875361242,-0.5541491058146271,0.4619076782422397,0.28391987564645654,abnormal
2024-01-01 00:00:39.250,0.8709791455753993,-0.8394653134945416,8.049682537241894,-1.3652650907574526,0.10762368287133538,0.20550143213446884,abnormal
2024-01-01 00:00:39.260,-0.018070860434477507,0.2260694962247786,8.290809590068795,0.9315602471275093,0.7986949108241695,-0.30247599663835695,abnormal
2024-01-01 00:00:39.270,-1.1430210935386718,0.5712342737175441,7.224747754249238,0.8808135407501411,-0.529282406146947,0.21429298209973616,abnormal
2024-01-01 00:00:39.280,-0.9604040218175961,1.8028708469452672,6.881096093288689,-1.0859576964297504,0.14447027959102685,-0.4250785944778723,abnormal
2024-01-01 00:00:39.290,0.4811294302528939,-1.5754500061634298,6.679814993789445,0.16238869565444672,-0.6450235168370497,0.4903233288218238,abnormal
2024-01-01 00:00:39.300,1.0465314107811188,-1.4047857126738446,7.381275572834714,-0.9679154809227296,-0.623226960072325,0.5922164473514024,abnormal
2024-01-01 00:00:39.310,-0.08923093010189678,0.6248502987247725,6.718849668021002,-0.07669529064497135,-0.18389372580875882,0.9893316072413656,abnormal
2024-01-01 00:00:39.320,1.0677840952453173,-0.6220840693848174,5.2957568670558235,-0.7675586746430527,-0.6697577385938983,-0.45443798823297116,abnormal
2024-01-01 00:00:39.330,0.7708928025764138,-1.5635888563203157,6.2672203531335695,-0.3520754326240056,0.14646795705659413,-0.589157453045245,abnormal
2024-01-01 00:00:39.340,3.3577486600417545,-1.4711695222389882,5.4528412942799385,-0.5520382371117613,0.98922289254034,0.15799342246782977,abnormal
2024-01-01 00:00:39.350,1.456285133325985,-1.3500446058467213,4.23523461643173,0.3554183742961169,0.046205389085490156,-1.4296556556918556,abnormal
2024-01-01 00:00:39.360,0.06873883711393516,-0.6961288158988796,4.131137456358179,0.33625600413667917,-0.9402332474630527,-0.9746024638855726,abnormal
2024-01-01 00:00:39.370,-2.6441691405177052,-0.09924377104077366,5.237597599460631,-1.1670550629603855,0.4871451900045785,-0.6778485872632267,abnormal
2024-01-01 00:00:39.380,-1.1696636973703773,0.4632530613449705,4.0805259452089055,-0.9218456169023573,0.1905027561017829,-0.4722947999091907,abnormal
2024-01-01 00:00:39.390,-1.084682181516489,1.1552900896945029,3.1083232492446546,0.2863632588252648,1.0261265202829255,-0.3282924697203031,abnormal
2024-01-01 00:00:39.400,-0.7462734149946851,-0.09711483875008049,2.1798160123392436,-2.210726717212289,1.5586953574998115,-0.34142909129641674,abnormal
2024-01-01 00:00:39.410,0.3844217404145053,1.11343259710424,1.455063833879541,-0.7409754765538179,0.6241510893346252,-0.05434563925960044,abnormal
2024-01-01 00:00:39.420,1.1849553305552483,0.7141810640106615,2.1362999710481643,-1.0212292431281105,0.2912234758291489,0.38656969672536823,abnormal
2024-01-01 00:00:39.430,0.08497280993369839,-0.18267765253379029,0.02572115414898768,-0.4097662018464149,-0.04407041876360431,0.4375194515164579,abnormal
2024-01-01 00:00:39.440,1.4519180640200278,-0.7054552526352015,0.3844015371766025,1.6810745000591834,-0.4623873474276754,0.03630437010658583,abnormal
2024-01-01 00:00:39.450,0.3116137221874756,-0.5533799602909064,0.7954201341465023,-0.5630144531673669,0.4842474242011323,0.6926519830190926,abnormal
2024-01-01 00:00:39.460,-2.336881346882639,-0.625181533198245,-0.7081853704920845,-0.5327441062863104,0.24950266169617405,0.26806580232554167,abnormal
2024-01-01 00:00:39.470,1.2547977154060137,-0.9608378330694308,1.0681519482781092,1.1686938653591266,0.8967017926553698,0.18340070682508802,abnormal
2024-01-01 00:00:39.480,-0.13794709689703652,1.135890853323848,1.2634251363230975,0.5014038644680698,-1.0183636100598796,-0.3124100578123374,abnormal
2024-01-01 00:00:39.490,-0.06507916770836392,1.689240926784419,2.6745687748211244,2.005188316605394,0.2176825480788978,0.8480359074878077,abnormal
2024-01-01 00:00:39.500,0.1581598769618822,0.24679015488018197,3.082875517573858,-1.1460810291500887,-1.0109533402454347,-0.11619367915137377,abnormal
2024-01-01 00:00:39.510,-0.046641729667675755,0.9766736452660981,3.6000232044999336,-0.6342191073704261,0.5635989107990014,-0.43274348532444895,abnormal
2024-01-01 00:00:39.520,2.213599201207095,1.8199050522588265,3.4005657239338722,-1.9524965044847074,-0.4791149925796005,-0.5304298156265957,abnormal
2024-01-01 00:00:39.530,0.5492319328077128,-0.471244615490519,4.319376505792237,-2.0938816783076315,0.9598053903970558,-0.2517222233875401,abnormal
2024-01-01 00:00:39.540,1.395418602667511,2.014712891784168,4.387148015147308,0.31530823494171356,-1.0121534037002327,1.0670776944086995,abnormal
2024-01-01 00:00:39.550,-0.3099883197997157,-0.9259103060583734,5.142352171089429,-0.4876808108014448,0.5327433394029837,-0.18678102886836465,abnormal
2024-01-01 00:00:39.560,0.43687804723018514,0.5365441234612119,5.059528266556612,-0.26439268645495645,0.9398257065505607,0.25906718874210616,abnormal
2024-01-01 00:00:39.570,-1.764535788880577,0.15741804601777348,5.145485577136943,-0.13543254030801877,-0.2421376034070191,0.3473151415277859,abnormal
2024-01-01 00:00:39.580,-1.2390696255868134,0.7077728924102414,6.806905132430605,1.0095433679172576,-1.438990879737804,-0.8807787959977242,abnormal
2024-01-01 00:00:39.590,0.7960536222364493,-0.08899752111996057,7.115147465146599,0.29509685347810183,0.26384218949617355,0.1155881088925964,abnormal
2024-01-01 00:00:39.600,-1.5383241154851204,0.8688087003643954,7.268142363072915,-0.7095339729346049,0.2956734624858646,-0.3501557594158129,abnormal
2024-01-01 00:00:39.610,0.4894328981062626,-0.6134397489733161,6.8877219095467135,-0.7552064969419464,0.8327852788955872,0.08747367061076762,abnormal
2024-01-01 00:00:39.620,-0.5508901274710836,0.22930132996401273,6.757514446791117,-0.20992890759195076,0.06291979497012982,-0.30653636808470014,abnormal
2024-01-01 00:00:39.630,-2.5081686035607462,0.08563457919458702,8.120222035246337,1.1968713790648902,0.4425063429744891,-0.5998020581609877,abnormal
2024-01-01 00:00:39.640,1.7090354881149092,1.1874223643737034,7.797785056838236,0.8436138020837434,-0.17278385554804834,0.5562219338879959,abnormal
2024-01-01 00:00:39.650,0.18917069505375747,0.22588096215523681,8.313890463389312,0.0640953420618054,0.39823300191000566,0.6577906339608119,abnormal
2024-01-01 00:00:39.660,-1.772779146719484,0.6788241606604548,8.036550015329485,1.192693404150432,-0.585750027179309,-0.48306701744351505,abnormal
2024-01-01 00:00:39.670,1.3250110983535166,1.7535578397233649,8.02677815882262,-0.5914814464580653,-1.1031324095290034,-0.5208689363810475,abnormal
2024-01-01 00:00:39.680,1.7465049684285985,0.5713020369783745,9.02412810365682,-0.7897373190630579,0.39468895302781726,-0.6707365439109956,abnormal
2024-01-01 00:00:39.690,1.5055164700230899,-1.0726368436067841,8.13742606364364,0.2885979163252497,-0.8593856757831072,-0.49583212233939195,abnormal
2024-01-01 00:00:39.700,-0.15864682764915772,-0.5703073333772085,8.895640364335028,0.687925128058247,-0.8165713130006298,-0.09659926569724056,abnormal
2024-01-01 00:00:39.710,-1.1926014463539436,-0.742440746573333,8.912739083889766,0.6051404016184543,-0.13245507421314306,-0.8421723326310772,abnormal
2024-01-01 00:00:39.720,0.021353463551552678,-2.3162301318579237,7.93767875759082,-1.1545408997006545,-0.05143000381481142,1.7716770746260326,abnormal
2024-01-01 00:00:39.730,2.2778960159822423,1.2790589482412507,9.3007814100577,-1.2057987044222949,-0.4555350263135477,-0.15651544793515296,abnormal
2024-01-01 00:00:39.740,0.8295641683172029,1.8177067903085518,8.889661819265495,0.6094316053503632,-0.9043360056017613,0.22364788228650628,abnormal
2024-01-01 00:00:39.750,-0.6092124721275146,-1.785425704189452,7.889932470535973,0.5641574909895916,-1.182350287958028,-0.2645928602196545,abnormal
2024-01-01 00:00:39.760,0.4382712445190556,-1.4948681737869307,7.974766224404647,0.8094095794612535,-0.4642893627343933,0.9798347983485883,abnormal
2024-01-01 00:00:39.770,-0.2501024738893735,0.4561690890108704,7.447249700553023,-0.6141931683928793,0.31664351464501445,0.42369642533315166,abnormal
2024-01-01 00:00:39.780,0.20751790710349202,-0.45971152156337386,7.369068756474959,-0.24718055977824568,0.5171377696952338,-0.5467635543211998,abnormal
2024-01-01 00:00:39.790,0.1808595075363098,-0.6646617554706482,7.207554721098809,-2.4181071573620927,0.608745894981497,0.11658716864167595,abnormal
2024-01-01 00:00:39.800,-1.0752853478117481,-1.7333239108387632,7.049706131194729,0.2811613163226561,1.7129318949060597,-0.11558066265616952,abnormal
2024-01-01 00:00:39.810,-0.04090884912498248,-1.9605699840792579,7.157689810660178,0.018879277561730325,-0.26970664064078775,-0.4886060363569016,abnormal
2024-01-01 00:00:39.820,1.3865582952265716,0.4569418169923413,7.730508508077544,-1.2194234331041345,0.10816570561821338,0.22708978749805048,abnormal
2024-01-01 00:00:39.830,0.012730137875280458,0.33261097150058544,5.7205965030346535,0.08510357243089443,-0.2025420220595753,0.49960197883626895,abnormal
2024-01-01 00:00:39.840,2.2676786396548567,0.24978843670682474,5.8853224766161825,-0.41958983504372377,0.26993321172688833,-0.09125669749216905,abnormal
2024-01-01 00:00:39.850,0.408377321503171,1.4298909536236728,5.4610492842679745,1.1684965718862996,0.5659229823911336,-0.5285282000078065,abnormal
2024-01-01 00:00:39.860,1.0818830721327293,-0.01563862270339154,4.871495525689589,-0.4907275703139259,2.0013729586390854,-0.4007083590472325,abnormal
2024-01-01 00:00:39.870,-0.8331784402958061,1.981883132923973,4.091716105419608,0.12138538595792124,-0.17682196706674924,-0.13342789220896442,abnormal
2024-01-01 00:00:39.880,-1.4623467636677476,0.5861685687748721,4.19404327432581,-0.1674821803704687,0.9809577387525573,0.196855498713766,abnormal
2024-01-01 00:00:39.890,0.8582628555927684,0.09138627461062719,4.844503350676948,-0.445550645984385,-0.01840799621633826,-0.047083580004136434,abnormal
2024-01-01 00:00:39.900,-1.121464394962734,-0.10746818204011468,2.500482538306414,-0.21700381557797152,-0.4964149376506399,-0.22042729197834976,abnormal
2024-01-01 00:00:39.910,0.34993851019078936,-2.044968362665357,2.2741010350849855,-1.404572694782872,1.205408520836523,0.047325804305388006,abnormal
2024-01-01 00:00:39.920,-2.973983587641674,-0.32104556797800465,2.2590292174122513,-0.2252196015783563,-1.4871378798523147,0.38208318345357306,abnormal
2024-01-01 00:00:39.930,0.9204362048018087,1.646894379217455,1.2079834991381662,-0.14022569698489784,1.2987793660301394,-0.7121033049092093,abnormal
2024-01-01 00:00:39.940,-0.23175942381410544,-0.7637178898950165,0.6803107993267667,-0.39742022043604547,-0.16627982814309009,-0.2024140353779406,abnormal
2024-01-01 00:00:39.950,-0.7126644754576982,1.1108272104209913,-0.4695277923101423,-0.4419515964739373,0.8234624521588281,0.6696928341404226,abnormal
2024-01-01 00:00:39.960,-0.7942211796029035,0.1120306840578156,0.595503999012015,0.029302320039682635,-0.18097190529178195,0.14907904105704842,abnormal
2024-01-01 00:00:39.970,1.1749404855258876,1.372321709528041,0.24564221429079303,-0.2909642080406019,-0.7610553265391459,0.3688935179122963,abnormal
2024-01-01 00:00:39.980,0.8708636775535382,0.5320718044217937,1.0549948629634758,1.7223320091166179,-0.40144382086197733,0.6089340300438845,abnormal
2024-01-01 00:00:39.990,-0.7667582355284671,1.0561018016539028,1.9332253014811753,-0.09133727661536163,1.1746810922743713,0.21372443436988203,abnormal
2024-01-01 00:00:40.000,-0.9684577566612197,-0.3562201395276275,2.9199183927751844,1.212085682808865,1.5394134788392815,0.314531427251203,abnormal
2024-01-01 00:00:40.010,1.6982527874923155,0.18625717953078372,3.043814564557656,1.0876368468530453,-0.1893685988057599,-0.004580747185475171,abnormal
2024-01-01 00:00:40.020,-0.5323112045474909,-0.43165627533793266,4.293300174726115,0.17287486484580872,1.0599452243155716,-0.11913852933967062,abnormal
2024-01-01 00:00:40.030,-0.03660700727336368,-0.8680919809441912,3.902981371603357,-1.232880891563609,-0.1250641241581764,0.5397340669298943,abnormal
2024-01-01 00:00:40.040,-0.057290511955696545,-1.6669331872795186,4.227405864932236,1.5928290156958527,0.38766774565189793,-0.2570318023951186,abnormal
2024-01-01 00:00:40.050,-1.9475830475801637,-2.0221682277133777,4.153284796642535,1.1090073776739773,0.44802540457188544,0.02836527794721057,abnormal
2024-01-01 00:00:40.060,1.5163138890985146,-0.7969737162312133,5.471390502782706,0.6970652152703015,0.884208177172144,0.594419910858135,abnormal
2024-01-01 00:00:40.070,0.5703217198121447,-1.1000675107671039,6.191936248855705,0.48066085937042685,1.863976902049743,0.1388937133176766,abnormal
2024-01-01 00:00:40.080,-1.7698370201615876,0.6217078316773473,6.314879807232012,0.6043778118091646,-0.6128558483327486,-0.24371762779364403,abnormal
2024-01-01 00:00:40.090,-0.5653928092852044,-3.1175317560577085,5.194101013272194,-0.14716429316566787,1.359076089029773,-0.7569885566242848,abnormal
2024-01-01 00:00:40.100,0.7719349554953954,0.08721850670643624,5.663013323579981,-0.054858110629135204,1.3262832787874623,0.053612184693286234,abnormal
2024-01-01 00:00:40.110,-1.2786385425967586,0.13787442580718434,7.054232485208528,1.1229178262829094,1.7214240520938606,0.6102856779513587,abnormal
2024-01-01 00:00:40.120,0.44480698352847553,-1.8909336069829008,7.377344318566122,-0.3335537056326878,0.2541647185460065,-0.07590891444101149,abnormal
2024-01-01 00:00:40.130,-0.6230992502281806,0.3272801767260271,6.825507689541047,-1.8531462475087892,-1.26532001678703,0.6029648454600539,abnormal
2024-01-01 00:00:40.140,-0.14646232782107568,1.1702218886584332,7.8495490605929445,0.04262298653123918,0.0016858957801192834,0.36073540177717867,abnormal
2024-01-01 00:00:40.150,-0.4005585594084086,0.40152130635206423,7.140498088540661,-0.5410269055908703,-0.46090625576136246,-0.6420101822672604,abnormal
2024-01-01 00:00:40.160,-1.5125672758908377,-0.7450100786811938,8.190152272398285,1.2058737853761246,0.17740814831428783,-0.181560772639044,abnormal
2024-01-01 00:00:40.170,-0.8845135337210669,0.4042734958071164,8.288149789662434,0.5935976842697039,1.7803100588333611,-0.3591261718379779,abnormal
2024-01-01 00:00:40.180,0.02187746610221336,-0.6428997528878068,8.402417629533698,0.1636378516878166,0.6177104244153867,0.11874627432230732,abnormal
2024-01-01 00:00:40.190,1.410619634749325,0.98042866362614,9.012433369848644,0.24423991584033955,1.3323411710552602,0.44479594127909966,abnormal
2024-01-01 00:00:40.200,-0.5531871267535132,1.357888621252242,8.465999530349286,0.16744087279067005,-0.36772342395177293,0.7636281594431216,abnormal
2024-01-01 00:00:40.210,-0.18253015250318863,1.2402827156561538,8.873251099733706,-0.28579948846637143,-0.811240442747327,-0.40115612625017666,abnormal
2024-01-01 00:00:40.220,-0.5938547575959854,2.286134113404444,9.225719079363003,0.16880032296158323,-0.8176375710173516,-0.2868971390598254,abnormal
2024-01-01 00:00:40.230,-0.343901756011995,0.06332667312315753,9.026150970770226,0.849958873231121,-1.0851990772994338,0.39280320561474413,abnormal
2024-01-01 00:00:40.240,-2.428526989095968,0.028003895504979576,9.175557915143884,-0.23869395745244407,0.21751861114786664,-0.2477844218689364,abnormal
2024-01-01 00:00:40.250,0.5677236613820275,0.8379240347993057,8.711544097925454,0.6273946514424774,0.4820277254462305,0.08424730969782965,abnormal
2024-01-01 00:00:40.260,-1.1769232240165948,-0.04904947601191696,8.335635909582106,0.16421772619705655,-1.6184434740863496,0.2375187758488121,abnormal
2024-01-01 00:00:40.270,0.6470250816795581,0.33398505330020484,7.415028462569736,0.7326202796380359,0.005886679394081027,-0.5221083837567628,abnormal
2024-01-01 00:00:40.280,-0.005487944539117387,0.8705558282249691,7.315197539022418,-0.6243823496378175,0.14260906134900053,0.26506516248744205,abnormal
2024-01-01 00:00:40.290,0.19764002808058567,-0.5466154585127448,7.125664685047024,-0.29377111181515625,-1.1728022356882057,0.3416563226725511,abnormal
2024-01-01 00:00:40.300,-3.073751829565946,0.5363326300858315,7.536837411777191,0.6699346207957938,-1.1851765097256919,0.7958095138829036,abnormal
2024-01-01 00:00:40.310,-0.9772925030773064,-0.30667008829867437,5.861677053118954,0.22638254476262282,1.0289440681444904,-0.5855453332186474,abnormal
2024-01-01 00:00:40.320,0.2846636032934874,1.6708414589883935,6.114841220634322,0.4088828240251738,-0.602304535487454,0.026953916342512384,abnormal
2024-01-01 00:00:40.330,-0.19414573647033492,0.9447254662308809,4.9323002043787065,-0.027039554292337155,0.5992256502951213,-0.6080245233778097,abnormal
2024-01-01 00:00:40.340,-0.7213954732926395,2.0935488739259824,6.188996259209312,1.1425669863454988,0.09923036311414261,0.15408372596285297,abnormal
2024-01-01 00:00:40.350,-0.1485936644002217,-1.2915187563905983,6.005943342438969,0.7742370373717492,1.2338243207712438,-0.12503372288174164,abnormal
2024-01-01 00:00:40.360,-0.840769598125271,1.7598270504013367,3.0900897011523543,-0.8099380193507524,-1.1067035029518157,-0.10504130935698988,abnormal
2024-01-01 00:00:40.370,-0.02930497584745664,-1.5810323189556814,4.481387878867488,1.18714207650183,0.4811180812221416,0.04983833598719202,abnormal
2024-01-01 00:00:40.380,2.19645296332968,0.6461172668520995,4.663122966614507,-0.05046584758834557,0.20207863256094347,0.23542522715795489,abnormal
2024-01-01 00:00:40.390,0.3855342225036123,-1.06955294749648,3.987680941950437,-0.61240769203396,0.4646342468558703,0.3903994734527261,abnormal
2024-01-01 00:00:40.400,1.877009825496952,0.9279759670195984,2.5525405868501174,0.5762429513696701,-0.008902395825225295,-0.6686533012082394,abnormal
2024-01-01 00:00:40.410,-0.2693269441039618,2.5263174330882596,2.322889274204647,-0.7399809304587991,1.4477378509204475,-0.33549312081366683,abnormal
2024-01-01 00:00:40.420,-1.167934875059262,-0.42351365721537826,0.8676586166067237,0.43413250513501184,0.39288173698693263,0.1379714264418275,abnormal
2024-01-01 00:00:40.430,0.670570471857933,2.7017493265000305,1.558061434523182,0.29702737109572763,0.8777300535105435,0.5322634275455334,abnormal
2024-01-01 00:00:40.440,1.1603951895824742,0.21752844060963755,1.492385898594254,-0.22517825909311717,0.4583998806694404,-0.16133744294470384,abnormal
2024-01-01 00:00:40.450,-2.0263825251445473,1.2071259090713908,0.1385133159725898,-1.0530891058141971,0.4239592676328952,-0.6727800501518976,abnormal
2024-01-01 00:00:40.460,-1.6939259024531887,1.0521410264562283,-0.4940978104032329,0.7484447715552125,0.6776640997793133,-0.2584217973859652,abnormal
2024-01-01 00:00:40.470,-0.06215363794493722,-1.4316289338288326,1.027269456997331,0.1270395015487448,-0.214202137435391,0.022086721362682558,abnormal
2024-01-01 00:00:40.480,-1.1031707827261306,-0.6952853802930833,2.522044190375459,0.05156686744634008,0.29122733424020997,-0.12283548425963556,abnormal
2024-01-01 00:00:40.490,-1.734782075580241,-1.3687664873984846,1.2975666183368373,1.015614661291671,0.39748419414133185,0.04219142942408418,abnormal
2024-01-01 00:00:40.500,-0.30471110162436205,1.7657168333464712,2.154508458636397,0.5858771347293282,0.19005622255447197,-0.27731106410613426,abnormal
2024-01-01 00:00:40.510,0.6387447674426275,2.2299301287520357,3.245024638313524,0.41872806729885875,-0.3256459970750972,-0.2005996817772933,abnormal
2024-01-01 00:00:40.520,0.41672064098267314,0.4971642967303883,3.371904703126708,0.87095353068317,2.835115362703764,0.6345660902358724,abnormal
2024-01-01 00:00:40.530,1.8483716357941762,-1.7837496508466106,4.70008783153077,-0.03746498797246196,1.2881830631764029,-0.6004272100583673,abnormal
2024-01-01 00:00:40.540,0.20376712084563192,0.7938227479863041,4.117860457945295,0.609539288798419,1.030805763094203,-0.17159684702990163,abnormal
2024-01-01 00:00:40.550,-0.9817877721755288,0.132544974614795,4.367017215271984,-0.7880553474752049,0.9110968781491279,0.18639862400941043,abnormal
2024-01-01 00:00:40.560,0.826846918315419,-2.547103724396788,6.162036826419253,-1.1520005392341932,0.998552596830967,-0.13971163154789476,abnormal
2024-01-01 00:00:40.570,-0.21558082829455674,0.8481508268301887,4.8213317057686895,-0.04392240694112323,-0.18805697772948524,0.647963037826903,abnormal
2024-01-01 00:00:40.580,-0.2600323173068463,0.7640620675781121,5.303917113873712,0.08709215908064803,0.6267984186118285,-0.020642418189598524,abnormal
2024-01-01 00:00:40.590,-0.35389393796134305,-1.2832579441886944,6.221025868440056,0.5872945355910174,-0.011456943958677085,0.3129971088535858,abnormal
2024-01-01 00:00:40.600,-1.2490635632260663,-1.2660599715830725,6.7224680835909965,1.1835805650034157,0.3145411657788997,-0.9243003274794982,abnormal
2024-01-01 00:00:40.610,0.159122153249206,-0.7846757857870756,7.882001027380176,1.2297965727563125,0.2973376620225553,-0.5633772976644407,abnormal
2024-01-01 00:00:40.620,1.0636691178634559,-1.0893941432661756,7.99015054530405,-0.7141279057002365,1.5269018597418205,0.4387100512217233,abnormal
2024-01-01 00:00:40.630,-0.23301378234123746,-1.2547542519348587,7.4609572833192015,0.2656979744799497,0.12464467207516411,-0.019783878444328964,abnormal
2024-01-01 00:00:40.640,-2.4287875443116547,2.5140400009694517,8.901697789411617,-0.839152449508541,0.578774916169209,0.3998980230321718,abnormal
2024-01-01 00:00:40.650,0.3655044886405822,-1.3166292841872171,9.759036907346891,0.9271569097287912,-1.5436795799859693,-0.4899162870532028,abnormal
2024-01-01 00:00:40.660,-1.0935203222775807,-1.249170463674439,8.107716504418159,-1.7536623054960543,-0.2083453219949393,-0.07877838848243916,abnormal
2024-01-01 00:00:40.670,-0.552237102139233,0.41305964264372863,7.7647912668237336,1.0599784070157943,0.6214384273326319,0.34561243337315123,abnormal
2024-01-01 00:00:40.680,-0.8280745413515774,-1.8939319437361122,8.298669315813568,0.2533817716200047,0.759241468659812,-0.7590429362589062,abnormal
2024-01-01 00:00:40.690,0.19886273957229197,1.3174825692037804,9.398058626576976,-0.11860207935150206,-0.506600279751442,-0.10395476704666524,abnormal
2024-01-01 00:00:40.700,1.174641263824525,-1.257039476459151,8.869374238597663,-1.036350429749895,-0.5043770130670966,0.754126692202094,abnormal
2024-01-01 00:00:40.710,-0.9799398268452615,-0.2658218443623133,9.099331127530279,-1.547048879529999,-1.3448753910178206,0.5804036431342467,abnormal
2024-01-01 00:00:40.720,-0.11579567181398259,-0.009125927703248556,9.334698974163178,-0.5261142774803255,1.5250955819206942,0.4434111602354993,abnormal
2024-01-01 00:00:40.730,0.8932211526321724,0.889912532724158,9.369221820935264,1.261093404534708,0.6558640304386496,0.7423049798333905,abnormal
2024-01-01 00:00:40.740,1.887466518799075,0.9132855427428893,8.574581034156424,0.7360922075753834,-0.4228830833968448,-0.29559155997374204,abnormal
2024-01-01 00:00:40.750,1.4547310324717553,-2.770590795251983,7.120641755813978,0.680991388609692,0.35692190567043325,0.0704606146557767,abnormal
2024-01-01 00:00:40.760,-1.180913418917983,-0.05222639012250901,8.763778201428341,0.4430111946511684,-0.2383490595790632,1.2016689355865746,abnormal
2024-01-01 00:00:40.770,0.019072062034244094,1.3506135181479633,8.40065745832463,-0.883337776953825,0.8334990051559501,-0.01800559244962757,abnormal
2024-01-01 00:00:40.780,-0.7604145604626865,1.8070674055454368,7.656514938954116,-0.7869243595902199,1.2201440825036294,-0.8170866818353819,abnormal
2024-01-01 00:00:40.790,-0.3669039746616007,-2.1218667603402936,7.934602810382353,-0.32873481328704857,0.9789887055661827,-0.5301100202181555,abnormal
2024-01-01 00:00:40.800,-2.190051440310444,2.3479922885340843,7.222861073860266,-0.003426316440888377,-0.20005493176086142,0.3238809767859287,abnormal
2024-01-01 00:00:40.810,-0.152550218613079,0.33245788435651075,7.403503551058238,0.6045957704965845,-1.8482569557274757,-0.3223371173509679,abnormal
2024-01-01 00:00:40.820,-1.2924887243340202,-1.2298514382675003,6.139336034860829,-0.14913264015320252,0.36413199532630036,-0.547993785910759,abnormal
2024-01-01 00:00:40.830,-0.9099967731613701,1.4301240530253387,5.473246899452232,0.006945783907385313,-1.4982802921619736,-0.5109653000377928,abnormal
2024-01-01 00:00:40.840,0.4017894043261016,-0.6431416920769716,6.449805894008997,0.26704813551800055,1.1199983340753306,0.35188691258513605,abnormal
2024-01-01 00:00:40.850,1.0411171049552654,-0.1470614438558037,4.913716390724187,-0.5159932022407643,0.73230954794732,0.12939856452748005,abnormal
2024-01-01 00:00:40.860,2.4911630278917563,0.48981171365954307,5.5427211564499,-0.5801672989995964,0.3120317860580431,0.07201163264582844,abnormal
2024-01-01 00:00:40.870,-0.9838285826408838,-0.9067274784361008,3.6472739597942723,-1.0106800427174107,0.17213364206529905,-0.3563761893057791,abnormal
2024-01-01 00:00:40.880,0.9622156195002388,1.0478718922181451,4.3829906424607055,-0.64685124355334,1.6817621296864897,0.5337792515623836,abnormal
2024-01-01 00:00:40.890,-1.853051719318243,0.23218972144916172,4.144312712207585,1.6877361080197388,0.6091669463532309,-0.6065832180836911,abnormal
2024-01-01 00:00:40.900,0.09267797102718034,-2.128018173543995,4.516489885564899,1.5142061270385632,-0.6304014618491138,-0.5906234236996227,abnormal
2024-01-01 00:00:40.910,1.7353475393380726,-1.1387795895661286,2.6619592277004362,-0.14341471732170372,-0.8239131812728845,-0.19331137075145927,abnormal
2024-01-01 00:00:40.920,-0.17953481421430478,0.588819548766797,1.4113831496729112,0.1723308323593379,-0.3356226645609183,-0.5810960762140887,abnormal
2024-01-01 00:00:40.930,1.4947219416370316,-2.4902275278032597,1.6998373488636165,0.7360735821965865,-0.7512077253166877,0.7096517076075471,abnormal
2024-01-01 00:00:40.940,-0.39077734555762733,-0.32148522405650415,0.4582690407831097,-0.8716357474638791,-0.4758128105932341,-1.0035868199567195,abnormal
2024-01-01 00:00:40.950,-0.8914677609326939,-0.6713112727417643,1.2896956718947947,1.7630414831554488,-0.6963302823542491,0.24633750654165862,abnormal
2024-01-01 00:00:40.960,-0.4344254694320235,-1.387499945050548,0.11708894779515097,0.2721792564362332,0.9259158560416735,-0.1472415159423658,abnormal
2024-01-01 00:00:40.970,1.0687589315833315,0.753989113863715,0.47169925195566864,-0.5593455631303739,-0.4332382399476489,-0.1545475111392488,abnormal
2024-01-01 00:00:40.980,-0.5327295292962586,1.5408979702382353,1.8762540842524251,0.9006650934507953,0.007609361032215396,-0.16746272612766355,abnormal
2024-01-01 00:00:40.990,2.809479072377335,0.6833861330018155,1.6324216886794112,-0.07638225220631284,1.0488865830451972,-0.09985108481134437,abnormal
2024-01-01 00:00:41.000,-1.9252810064454815,0.9502683142916255,2.264824006170868,0.5989462339854008,0.043889593660594445,-0.6201833888067659,abnormal
2024-01-01 00:00:41.010,1.560130682424535,-2.2391061067442197,1.9281479531608336,-0.43120530951996683,0.35421578310810087,-0.22432973702906783,abnormal
2024-01-01 00:00:41.020,1.1432878394435955,0.4842493906012636,2.146900516017968,-0.7080022870020454,-0.4570416888045641,0.3928758100145398,abnormal
2024-01-01 00:00:41.030,1.5747806516710032,-1.4181005834885219,2.5693328789627,-0.5471976755133029,-0.16128641330355403,0.4862562305552887,abnormal
2024-01-01 00:00:41.040,1.8779618109397116,1.9512654179403992,4.600044571826484,0.21785401027508586,0.8272668204327203,0.6428519534616791,abnormal
2024-01-01 00:00:41.050,1.796815455910098,-0.8939038170390053,4.359112222712526,-0.8285183069703268,0.3668755366600353,-0.8136566775601932,abnormal
2024-01-01 00:00:41.060,-1.8489497767810037,-0.501439326420222,5.137849565092818,0.3895673044891695,-0.03583770097617769,0.02323750702283208,abnormal
2024-01-01 00:00:41.070,1.2482101667083587,1.0635682077452533,4.8588876830484935,0.41433791206812537,0.9991612869666957,0.2426524833577999,abnormal
2024-01-01 00:00:41.080,1.6665045507049407,-0.8052679517666124,5.900800982213683,0.5980672142303207,-0.5403419340312419,-0.657358480702632,abnormal
2024-01-01 00:00:41.090,1.3907029616374704,-1.1404394551791501,7.359920809029237,0.47676795317583914,0.09239368703851494,0.4172851127304945,abnormal
2024-01-01 00:00:41.100,0.9156323899014431,1.0337272746301114,6.071034606582525,0.2782021561491144,-2.0223663150755553,-0.38056976730158215,abnormal
2024-01-01 00:00:41.110,-1.2064442801844661,-0.0028749633097746217,6.083218845193845,0.123114906399026,-0.031193207247023683,0.356935492351549,abnormal
2024-01-01 00:00:41.120,0.5892721884834929,0.11728985136179731,7.46836620010865,1.770394552620153,-0.7882241446255044,0.4079741207513012,abnormal
2024-01-01 00:00:41.130,-3.150169502027601,-0.29279411468553157,7.217851305291361,-0.02030841900757479,-0.29931568284607946,-0.22975024372114825,abnormal
2024-01-01 00:00:41.140,-1.050452836177343,1.3349518023586742,7.774782186459427,0.03182757522910928,0.5534566516534167,-0.9707443894981191,abnormal
2024-01-01 00:00:41.150,0.6939369025822517,0.29423627425601195,7.881794534492679,0.5944766291233001,0.2798115945498527,-0.2623180485195089,abnormal
2024-01-01 00:00:41.160,-2.0454072443935187,-0.2453404746872236,7.81804571587867,1.0045124704648332,-1.0557112681996976,0.07626658059143965,abnormal
2024-01-01 00:00:41.170,-0.1624914166744217,-0.735523694274984,8.3663422490613,-0.7712068812893069,0.5499899985232255,-0.6027846961063804,abnormal
2024-01-01 00:00:41.180,-0.8909476093775051,0.7629324903780825,8.930315062305745,-0.024982895529685564,-0.05412669488650183,0.1183533219876537,abnormal
2024-01-01 00:00:41.190,-1.7177736249702755,-0.8018057996311952,7.759677323353582,0.8705387624793665,0.6771638345324577,0.04936290678112474,abnormal
2024-01-01 00:00:41.200,-1.2508137507330015,0.008020257771485406,7.792608652883023,1.1962115272740184,0.13553255781045015,-0.42994926401690414,abnormal
2024-01-01 00:00:41.210,-0.24576987437561987,-0.39919838391030565,8.508059425221361,-0.5155991711438628,0.9487063978251556,0.3590594091849837,abnormal
2024-01-01 00:00:41.220,1.3201222458696749,-0.2557347240118107,9.308843812263772,-0.4133267702922622,0.4267803671475444,-0.4726477258500285,abnormal
2024-01-01 00:00:41.230,0.97043234990978,1.6122405131025974,7.961917211577585,-2.4456446135919476,-0.686949269764459,-0.4400454605697276,abnormal
2024-01-01 00:00:41.240,0.13959234077796992,-1.1314760865155546,8.515874913679308,-0.8249053856668767,-0.19667895004809158,-0.4174020848077751,abnormal
2024-01-01 00:00:41.250,0.3910782562810553,1.1432646545929135,7.857197416088907,1.612529546703826,0.2102969549349221,-0.05129837422979571,abnormal
2024-01-01 00:00:41.260,-0.6772079863317514,1.8124432126295473,8.13869031478656,-1.717309455762045,-0.3818475833311842,0.39241579310850344,abnormal
2024-01-01 00:00:41.270,0.3201031870864783,-1.1037290771355832,7.379452287496177,-0.5025363302309599,-0.6491478347811385,0.010064291986891283,abnormal
2024-01-01 00:00:41.280,1.452536191244745,-0.3647542079200308,8.087590116441362,0.14916934887701144,0.2468114151676033,-0.5025436427989182,abnormal
2024-01-01 00:00:41.290,-0.8695250094587096,0.5222547395873643,7.922646422312968,-1.181594752534027,0.7884647475796375,-0.3153370674531356,abnormal
2024-01-01 00:00:41.300,-0.028127943896118446,-0.880684480374954,7.125068603715402,0.1594252945144904,-1.6319058630807024,0.6382233412624105,abnormal
2024-01-01 00:00:41.310,0.9050508123303513,1.8499738674721045,6.745205371301247,1.4044398201185477,1.2186621193681952,-0.8755245761386657,abnormal
2024-01-01 00:00:41.320,0.2187231413481105,-0.14048868230188874,7.215417959256092,0.22236024076573,0.7463896904517384,-0.1764603214703202,abnormal
2024-01-01 00:00:41.330,1.5715600441129443,1.1942215928494773,7.086975825762946,-0.05176923531564727,-0.26791754300050885,-0.2555770879345341,abnormal
2024-01-01 00:00:41.340,-1.3035260085358127,1.3894603395712548,5.371268354493595,-0.6029165899317739,-0.47565342039071784,-0.5510842028014095,abnormal
2024-01-01 00:00:41.350,0.5200659120700983,0.5985490782854856,4.919427553630986,0.7775484282195355,-0.05322798885637927,-0.1550761760219135,abnormal
2024-01-01 00:00:41.360,0.7464972670514168,0.22518487841848497,4.714374993080383,0.1331000156157747,0.10959253032953692,0.2691210755154575,abnormal
2024-01-01 00:00:41.370,-0.667321273208214,0.3014466713629847,4.705429693849281,-0.6569440464818093,0.8998808511005931,0.7542558486086439,abnormal
2024-01-01 00:00:41.380,3.1521371867369212,0.4424041127945431,5.146791598611313,-0.3747781904976451,0.7412788309696595,0.8425655204762649,abnormal
2024-01-01 00:00:41.390,-0.9788624089604108,0.26567471935918613,3.5249750075272024,0.6310042372481466,0.6812244487168672,0.0849585929604229,abnormal
2024-01-01 00:00:41.400,-0.4830448867685394,-1.0011005313317505,3.4911040284765926,0.3396356634014509,0.7493940939348788,-0.4323765498732223,abnormal
2024-01-01 00:00:41.410,-0.6846953311009492,1.1616863222039988,2.9535810348672404,-1.0460469879439578,0.762745409265801,0.32361701020722156,abnormal
2024-01-01 00:00:41.420,0.4480621802842846,0.33096467652529665,3.7648856502840156,-0.5039712624587431,0.13446509157823033,-0.7004062376071765,abnormal
2024-01-01 00:00:41.430,0.9091951031689416,-1.4680115685864608,2.332957974378463,-1.7662264240279104,0.20250833642911062,1.091634477052852,abnormal
2024-01-01 00:00:41.440,-0.1197165626475821,-0.11725387487940234,1.840772973061554,0.21610891249773978,-0.8005592889811276,0.16420961471220258,abnormal
2024-01-01 00:00:41.450,-2.1335047138350025,-0.9833992205515358,1.2336231103843722,0.21558427627067717,1.8156739226099397,0.34521786338261123,abnormal
2024-01-01 00:00:41.460,0.9312092361226137,-0.7858957471909538,0.9440911562367886,0.11037251766443147,0.15697601488081345,0.09146083146663536,abnormal
2024-01-01 00:00:41.470,0.13152245251029016,0.8645999408891668,0.36868215031880536,-1.0076715665730525,-1.1913885617339806,-0.23491151349732445,abnormal
2024-01-01 00:00:41.480,0.4600531332511223,-0.6612566788534571,1.1874149622966312,0.7569288215527432,-0.2279812698575439,0.43109569214231963,abnormal
2024-01-01 00:00:41.490,-0.32592510678665004,-1.6318738266827084,1.5569082801844751,0.5149466563939396,0.18442394118028782,-0.16995275213950373,abnormal
2024-01-01 00:00:41.500,0.1574539725641622,-0.5952310478822216,2.735085187266543,-0.7188986243409922,0.23192205009411906,0.07519233524941461,abnormal
2024-01-01 00:00:41.510,-1.0190431053386828,0.5373743831407506,2.5388946485859756,-0.2871441965357595,-1.1270340178187095,-0.378857353476353,abnormal
2024-01-01 00:00:41.520,1.0664877704857259,-0.21373288063364543,2.4575943293527573,1.5028344661622404,0.5196973921636796,0.062366204423935014,abnormal
2024-01-01 00:00:41.530,0.7883072941016877,-0.31091088829586416,2.9993372002483185,-0.6829710230504328,-0.9053741047113508,0.03718355711821316,abnormal
2024-01-01 00:00:41.540,0.6499547851625812,-0.5646982340244276,3.1933546541580125,0.155666837462726,-0.43907374012027944,-0.4058031938429662,abnormal
2024-01-01 00:00:41.550,0.9363584301708822,-1.664809669761591,4.3824589301784345,0.20070474977077007,-1.215277530915011,0.1187855716702207,abnormal
2024-01-01 00:00:41.560,-0.4331442197383583,-0.15477019354875224,4.2074253326590485,0.5121770990298544,-0.28852670677395786,0.4321925884966638,abnormal
2024-01-01 00:00:41.570,-1.8563280759523073,-0.6166596861765219,4.737099215677039,-0.0567709948119685,0.30211804492042466,-0.8493210061432244,abnormal
2024-01-01 00:00:41.580,-2.321536633987484,-0.2760752227224154,5.8608323678882055,0.7350151138664907,-0.13266198321456363,-0.5028470927781936,abnormal
2024-01-01 00:00:41.590,0.5374316567325367,-0.08500694197143045,6.507938927422706,-0.461810304638701,-1.3446759528286207,0.13993466125969523,abnormal
2024-01-01 00:00:41.600,0.28214046998563486,0.7573494760062783,6.360998440253436,0.4457104157714145,-0.3704083074154851,-0.9627274490865776,abnormal
2024-01-01 00:00:41.610,-3.8339492967348217,1.9516015887152165,6.761620575418789,0.7165744614404522,-0.26938222039752496,-0.3951352948064544,abnormal
2024-01-01 00:00:41.620,-2.3241836982640125,-0.7603996767527874,7.432197101616005,-0.5967258789491588,0.9190115419911413,0.7307828115335231,abnormal
2024-01-01 00:00:41.630,-0.701091448068519,0.31609738585069663,6.7102516858474575,0.16344067313175156,0.0059422351045499465,-0.6177028760332479,abnormal
2024-01-01 00:00:41.640,1.5785949198446523,-0.08651057649935448,7.428005383552529,0.13831460427197473,-1.5227254731578839,0.5388941741823208,abnormal
2024-01-01 00:00:41.650,-1.9812071420347963,-1.3731865709655162,7.469973365259465,0.6048413961702943,0.5130022470218867,0.906931450990736,abnormal
2024-01-01 00:00:41.660,-0.35059895366386523,-0.6147095242876169,7.791113851422837,0.35402395345259896,1.0093336427009532,0.31510186835946324,abnormal
2024-01-01 00:00:41.670,0.7684754433705394,-1.1789553298678026,7.559359403356359,-0.6410377146747139,0.7828096304539911,-0.21899325262123476,abnormal
2024-01-01 00:00:41.680,2.28209109925564,-0.22038283425245497,9.31496879681824,-1.8280151185089848,-0.6838248232085203,0.07760882654254202,abnormal
2024-01-01 00:00:41.690,-0.995910157314097,-0.7060461159827526,7.152300398663169,1.3846890334938544,-0.1872133500702316,0.11025493941973306,abnormal
2024-01-01 00:00:41.700,-0.22009441783469358,0.45004873750254365,9.273247331201368,-1.3782907431246636,-0.6372054023806315,-0.012940567810095506,abnormal
2024-01-01 00:00:41.710,0.06990345322276316,-1.1625537434036273,8.829199563848793,0.9009091877831388,1.2842226883698888,-0.6790884749855625,abnormal
2024-01-01 00:00:41.720,-0.4889911184341257,0.16112388995911534,9.55112833728303,-0.7302569366355258,-0.13738038084749196,0.41580898403146604,abnormal
2024-01-01 00:00:41.730,1.5132765637124355,0.7945742615718984,7.846498479500239,0.001757397679168958,0.3382331257113463,-0.32744542783779695,abnormal
2024-01-01 00:00:41.740,1.0222845994762604,2.3881604341475002,9.059635399770645,0.7701612029578978,-0.3868432991908758,-0.028275717767814523,abnormal
2024-01-01 00:00:41.750,0.14869644254962086,1.6211039146230697,8.376217349971348,-1.1334776236280195,0.09112695513054343,0.6534422906304345,abnormal
2024-01-01 00:00:41.760,-1.6058580409583214,0.3409064367447058,8.287903027782527,-0.4222879140332704,-0.4843829051798787,0.1075116685384536,abnormal
2024-01-01 00:00:41.770,0.37097539815290526,2.1563387377834506,7.8643798091881605,-0.6250565811085804,2.147596624053556,0.9429809111105677,abnormal
2024-01-01 00:00:41.780,1.51293752810785,2.6655183901173705,8.0471586426717,-1.0811842689650855,-0.44355655047554154,-0.00020844299807564346,abnormal
2024-01-01 00:00:41.790,-0.2701604625815576,0.8338068773944548,7.821920246756616,0.7274843775537669,1.0176419724656949,0.16851808694003606,abnormal
2024-01-01 00:00:41.800,1.6311778788096378,0.14664236689405977,8.469279910187083,-0.4311280346493455,-0.4575234822484736,0.21808167093950714,abnormal
2024-01-01 00:00:41.810,0.48444479006903174,1.8587776798383877,6.833506767496855,1.6777917119259431,0.636472024148882,-0.69761224009457,abnormal
2024-01-01 00:00:41.820,-1.7789436124394995,-0.44848873629565644,7.25092483438014,0.514256776287244,0.2518865920188959,1.1996291002845616,abnormal
2024-01-01 00:00:41.830,1.2420389888459482,-0.8419398148013799,6.613386439812362,-1.2282316610992132,-1.212487658236747,0.20976183790979866,abnormal
2024-01-01 00:00:41.840,-1.9894306412998584,0.8661770273274795,6.723871150489169,-0.32223209428024435,-1.3775221742182493,-0.41952498981457453,abnormal
2024-01-01 00:00:41.850,-1.2601768255343828,-0.4965623866151024,5.824055417961883,0.9953480835120765,0.21274304245886813,0.0014979393697903097,abnormal
2024-01-01 00:00:41.860,-1.8489150420369531,0.8048418053308007,6.5757975067381444,-0.3303469077708661,-0.41578115497578017,-0.3225140882185589,abnormal
2024-01-01 00:00:41.870,-0.23592812894763865,-1.3804379341370319,4.381794970354451,-0.5270349116213254,-0.5445970514741847,-0.34440091914310367,abnormal
2024-01-01 00:00:41.880,1.012338861238493,-0.01366882355370864,4.45720522312388,-0.2314340003653896,-1.3536006699234882,-1.0838338077574006,abnormal
2024-01-01 00:00:41.890,1.7520784090228976,-0.9571816114773513,4.074835789415145,-1.5007647580329295,-0.17087406484160544,0.45702911262383916,abnormal
2024-01-01 00:00:41.900,0.48536431464114205,-0.14508700379190498,3.0852869526496782,1.8072106069376626,0.003966420384039677,0.2906723329358876,abnormal
2024-01-01 00:00:41.910,0.8601483318522313,0.8786442598129951,2.2815410855734433,0.8664199860763812,-0.09694018684962476,0.13148487059036765,abnormal
2024-01-01 00:00:41.920,0.1025441650729673,2.2268741045414147,2.384933258187531,-1.4664382009185184,-0.48577599979233815,0.42800923599539314,abnormal
2024-01-01 00:00:41.930,0.7516370320813094,-0.2059720610135789,2.7854758741079655,0.8763680713159091,-1.1478120523615278,0.08834724412048524,abnormal
2024-01-01 00:00:41.940,-2.8160321901260104,-0.06541188645615963,3.7578841714461433,-0.29523084839618097,-0.31316776858982476,0.4066483723709991,abnormal
2024-01-01 00:00:41.950,1.2050610229326029,1.2275659491310527,1.6840848263522192,0.6829295813327975,-0.16371317321008355,0.2506432885903341,abnormal
2024-01-01 00:00:41.960,-0.4043932008043946,-0.37337412185697477,0.9451630404658545,0.35697729913614384,-0.7295301146125253,0.5160554120252515,abnormal
2024-01-01 00:00:41.970,1.2934701750069495,-1.1681163127891505,-0.05013076186448645,0.4404809948895653,0.3306285940571082,-0.6230441181162976,abnormal
2024-01-01 00:00:41.980,0.3667530885454844,-0.37986942307732996,0.1478754087569697,-0.871797248101375,-0.499588777717044,0.4832729330549866,abnormal
2024-01-01 00:00:41.990,-0.2965351966766098,0.33095485389005525,1.584790552861357,0.6907326075578262,-0.004139924281965947,0.752549249011534,abnormal
2024-01-01 00:00:42.000,0.024936612980888975,-1.9118113210007375,1.276404221654887,0.05049714455920186,1.1639722628125926,-1.0331814944347193,abnormal
2024-01-01 00:00:42.010,-0.5454035984098992,-2.4449190939831174,1.486046797545288,0.33211730296580544,0.763481887758045,0.42697574565304575,abnormal
2024-01-01 00:00:42.020,0.21879287054232163,-0.7762300065750042,1.857459056726116,-1.1669188931488343,0.03471071511717432,-0.8104635420727985,abnormal
2024-01-01 00:00:42.030,-1.7157651707237023,-0.1525200538274547,1.8190907660078333,0.6326660162442905,0.4808569780657137,-0.44543151505561474,abnormal
2024-01-01 00:00:42.040,1.3318675442328827,1.040289241552519,4.238067534332716,0.4377200621756555,-0.9531488721149096,-0.5890930853651052,abnormal
2024-01-01 00:00:42.050,-1.4678544388335797,1.4572636195339188,4.507507606824629,1.3270811475616924,1.3590138702917116,-0.2688628896658325,abnormal
2024-01-01 00:00:42.060,-0.10896118614468313,0.6453321633853002,3.6153427660121356,0.04677506710688484,0.7712273327480634,-0.49319051670365255,abnormal
2024-01-01 00:00:42.070,-0.6026257688028588,1.2424629531676674,4.8483904666906925,-0.8582918060393881,0.7502215960427778,-0.7852471167042016,abnormal
2024-01-01 00:00:42.080,-1.0449028641994538,0.8390988848191611,4.857449866924673,-0.7145119237756141,0.4050804025244337,-0.48371621040958096,abnormal
2024-01-01 00:00:42.090,-0.6102513095128652,0.25183068243443973,6.153717988126694,1.799217601183977,0.9766389573619753,-0.07931879679248784,abnormal
2024-01-01 00:00:42.100,0.8516846479288832,-0.22935645728550114,6.3935599840328905,0.3294283585612761,1.1069989591066995,-0.36510541758839804,abnormal
2024-01-01 00:00:42.110,-1.1264171484706629,-1.3657440443148614,6.635821931063557,-1.8264964653584028,0.06738855874881054,0.11227729762137505,abnormal
2024-01-01 00:00:42.120,0.23275469904715848,-0.0780426926527835,5.7148461655206875,-0.7774016670617289,0.6816161546425686,0.20389874234264854,abnormal
2024-01-01 00:00:42.130,-1.0782835720461785,0.14729315020757883,6.661512722591444,0.5534088036190407,0.9407117011046868,-0.05444266058018472,abnormal
2024-01-01 00:00:42.140,0.08417020227033008,1.35088970967595,7.24371203408484,1.3016455011756265,-0.19140973293816094,0.5838734896022655,abnormal
2024-01-01 00:00:42.150,0.4697102856509324,-0.11899718135733366,7.501766767750554,0.8966392504195493,-1.590806784322463,0.11160001964312159,abnormal
2024-01-01 00:00:42.160,-0.37697365323992676,1.4276836545613718,8.431046396528052,0.7414365958986587,0.7665586863661416,0.5927176920879346,abnormal
2024-01-01 00:00:42.170,0.7337777737504144,-2.6737403268699813,8.418492580302075,0.3135713699852828,-0.8344574233978879,-0.11198052364217832,abnormal
2024-01-01 00:00:42.180,-0.7730947488913325,-1.6999139193869715,8.815226156620366,0.7837391481927227,-0.15001952092664703,-0.8447278777050609,abnormal
2024-01-01 00:00:42.190,-1.4470058757150646,0.6643992194134832,8.997070925817784,-1.8658447609563642,-0.1061219445752342,0.43185970803217666,abnormal
2024-01-01 00:00:42.200,0.7877206583061879,1.3612525554115276,9.141323907868415,1.2593732351594098,-1.3398795237517056,-1.2585698507174068,abnormal
2024-01-01 00:00:42.210,-2.889836772335543,-0.4428240719451108,8.350872796948238,-2.1629775790144654,0.2480303457160841,-0.3053319804367279,abnormal
2024-01-01 00:00:42.220,-1.6122635514874564,0.041172681857199335,8.646545283780334,0.24148033279755823,0.02239240153516976,0.7089137055280239,abnormal
2024-01-01 00:00:42.230,-0.5140368118084615,-0.2506558298436602,8.72106679222041,-0.919917785891057,-1.1236369664004702,-0.061463568710712416,abnormal
2024-01-01 00:00:42.240,1.306033075149238,0.1276818665592685,7.660252980425612,-0.7867975344026051,-0.7123787155921467,-1.052114276751726,abnormal
2024-01-01 00:00:42.250,1.0505849418961923,2.9941995209588383,8.789798526165928,0.637441607675684,-2.05075446263594,0.4075735306935875,abnormal
2024-01-01 00:00:42.260,-0.2948899311106292,-1.5737420489180358,7.804988289720506,-0.3763913082510181,0.8581350871096922,0.018486962545923837,abnormal
2024-01-01 00:00:42.270,-0.6292258893573781,-2.2281980759625997,8.01693073885025,0.5337346795092162,-0.9585279121782899,-0.023928589492989833,abnormal
2024-01-01 00:00:42.280,-0.48460095522393876,1.2208477245172782,8.489345150902272,-0.8756974418180861,0.8344128176183497,-0.5744267456072144,abnormal
2024-01-01 00:00:42.290,-0.2980687767722062,-0.3201046942660178,7.348040151974526,-0.608006034583408,0.5880542937456154,-0.4845719585912522,abnormal
2024-01-01 00:00:42.300,-0.1776541826224284,-1.3492635659394667,6.520725547830023,1.0556802229382682,0.2914541509009092,-0.4510210315018691,abnormal
2024-01-01 00:00:42.310,-0.33269556259239763,-1.7318612907570485,7.082017802293209,0.38210828778417016,0.33172042882116964,-0.3312487386893423,abnormal
2024-01-01 00:00:42.320,-2.1493315815839207,1.449007013073904,7.365795125479692,-1.3785321288000953,0.6801249088575929,-0.3969440096102423,abnormal
2024-01-01 00:00:42.330,-1.1658788743463935,0.7770346036513773,6.562943007798327,-0.7771639929329653,-0.3900998732177051,0.41019185200844716,abnormal
2024-01-01 00:00:42.340,0.6497752961165231,1.0599789684613492,6.394544940660407,-0.25291187206582744,1.7587514771198796,0.05391487122333597,abnormal
2024-01-01 00:00:42.350,0.4511884412404089,-0.49857658113272885,6.069081884439034,-1.2530747793868702,-0.42851834941328004,0.7653616187919404,abnormal
2024-01-01 00:00:42.360,-0.38569804641968164,-0.9429676344747363,6.437861137933603,-0.9566494630395125,0.22671714681333405,0.4791842115832563,abnormal
2024-01-01 00:00:42.370,-0.7943290558412954,0.17735944043121687,7.371847687684339,-0.8681191709560955,1.3965745819580044,-0.36109411461474267,abnormal
2024-01-01 00:00:42.380,0.9761579542431646,0.5931890195175704,4.964301903833022,-1.0780089033274396,-0.8974031265261592,-0.08854535752176763,abnormal
2024-01-01 00:00:42.390,0.47575281633567335,-0.6386604522340464,3.971406741214795,-1.2268427048347292,0.2738266348292349,-0.5698644999806003,abnormal
2024-01-01 00:00:42.400,0.7629440612828412,-0.9275577768535335,4.556213746972731,0.047019271179968396,-0.9275562111726925,-0.2778932513095988,abnormal
2024-01-01 00:00:42.410,-0.885658137022662,0.079624468461537,2.871333616687579,-0.5169164538843553,-0.4005916319724897,0.14576700322737124,abnormal
2024-01-01 00:00:42.420,0.4691814496478568,-0.17331649170835756,3.2668638394200205,1.0379962514795582,-0.03496558499124577,-0.39924216804928864,abnormal
2024-01-01 00:00:42.430,-2.32087290370326,0.568339331758452,3.86275910550194,-0.016453797488953523,-1.1327220926588675,0.31587308047873963,abnormal
2024-01-01 00:00:42.440,0.6225855706043876,0.8093218060346573,1.6542497512779837,-1.1031251669820992,0.5367135400713604,0.11191715840783775,abnormal
2024-01-01 00:00:42.450,1.4502317320964124,-0.3234893694167466,2.0437789540468767,0.011888915606821546,-0.0708863448458367,-0.34377869847599635,abnormal
2024-01-01 00:00:42.460,1.9021988511816061,-1.345101270985019,1.0980679294560713,1.2297535219805016,0.0834228422873411,-0.7211486560782748,abnormal
2024-01-01 00:00:42.470,-0.49802695976331707,0.6228913055855109,1.3770127622366635,-1.4131822875034323,-1.205639429703906,0.7683781597361551,abnormal
2024-01-01 00:00:42.480,1.047541776021846,0.06888661523321535,-1.047452126348706,-0.6800682422112673,0.003217299449486362,-0.8490534708490942,abnormal
2024-01-01 00:00:42.490,2.129630398247958,-1.041825666746631,-0.5265015453539257,0.2862288496638918,-0.36532924290229263,0.45509457499673817,abnormal
2024-01-01 00:00:42.500,-1.2339415320670855,0.4851398925843012,0.45092368137570993,0.6254967290321071,-0.5383097993617046,-0.016734876053363067,abnormal
2024-01-01 00:00:42.510,0.20438776191358957,-0.6421433257787147,1.4697314448634697,1.578681841947393,-0.32919282464634814,-0.18602714165624323,abnormal
2024-01-01 00:00:42.520,-0.3720372584932225,-1.850880696535485,2.374716102238444,-0.3005446110935845,-1.5806858196685132,0.33276936665729434,abnormal
2024-01-01 00:00:42.530,-1.7257413595764106,0.00011682076069390512,1.4371162632688816,-0.32041855385428586,-0.5120663626723494,0.1474519655324966,abnormal
2024-01-01 00:00:42.540,1.7842284163300641,-1.918365923767785,2.476369057770196,0.04478287576848142,-0.1714352140144518,0.42578476365005624,abnormal
2024-01-01 00:00:42.550,1.2010731479976111,1.795056723956931,4.088029603206058,0.5052367491364379,-1.2261190888158224,-0.023222680977412525,abnormal
2024-01-01 00:00:42.560,0.9327351178284118,-1.5035074935370005,4.50087843357576,1.408533028812982,0.31566002067225635,-0.2341144918069542,abnormal
2024-01-01 00:00:42.570,0.37029766224608485,1.928931560767537,4.674085880657534,0.9630441490307711,-2.542238514152384,-0.49960977230752696,abnormal
2024-01-01 00:00:42.580,-0.18747210921292093,0.9535838031365829,3.8898174198992885,1.0697935599650161,-0.27265140494434803,0.8366886173212619,abnormal
2024-01-01 00:00:42.590,-0.5235888619045715,-0.01973382248615681,6.100424776383549,0.4461559499691537,0.6906851259592839,-0.27067923344414374,abnormal
2024-01-01 00:00:42.600,0.7930899182033381,1.5480799257113724,5.952483044717809,-0.1603216196733972,-0.41232171191506606,-0.8204788744018953,abnormal
2024-01-01 00:00:42.610,0.627571084957282,0.3847641266644977,5.468226245413257,-0.45651389297952505,-0.4602973546228165,-0.8786338390559871,abnormal
2024-01-01 00:00:42.620,1.0420890188042755,0.6287371173276544,7.064862365810888,0.09713362017689524,1.011200778462837,0.3687086100759939,abnormal
2024-01-01 00:00:42.630,1.3739104834632554,-0.9195961370240167,7.066581930231453,0.2820156516851794,-1.3799100794870094,0.03043398874113655,abnormal
2024-01-01 00:00:42.640,-1.8044404523370638,0.9540762449826428,6.428747622416098,0.1391341540288121,0.8210850623695597,0.3183034610986219,abnormal
2024-01-01 00:00:42.650,1.1525388386719195,-0.39971971316203087,7.391737906677254,-1.2503547978641611,-0.3059651801420593,1.2275786411096465,abnormal
2024-01-01 00:00:42.660,-1.3048542411401185,-0.03732701607340366,8.009072998507131,1.0247693342496842,-0.28482627287277473,-0.1819904365953691,abnormal
2024-01-01 00:00:42.670,0.6743179741359229,0.4319769295275175,7.761246841909361,-1.1762913185161354,0.5756634210769395,-0.2137661108030235,abnormal
2024-01-01 00:00:42.680,-0.5756001491787048,0.149810279268599,8.167031034996521,1.3535093417899284,-0.30298561850700123,0.5847668709037601,abnormal
2024-01-01 00:00:42.690,2.103564845833116,-1.7311480029608655,8.15029359450018,0.023662963840376562,0.31224914908993817,-0.5741999335911803,abnormal
2024-01-01 00:00:42.700,-0.22135352258422825,-0.09139763596471843,7.8628616237817575,-0.9273653620808028,0.1217562345589525,0.0631475077965793,abnormal
2024-01-01 00:00:42.710,-0.10383004129808038,0.2811568542303052,8.019822737401748,0.3210830325337751,0.664000848488165,0.0789480043775893,abnormal
2024-01-01 00:00:42.720,-0.6275201620647792,-1.0240335810242212,8.077158346763103,0.055626224437146536,-0.9333463371398611,-0.38192103779253006,abnormal
2024-01-01 00:00:42.730,-0.8662415238391479,0.4757956879643029,8.903584775980454,0.0972547326389715,-0.5909749515638213,0.38888252191360795,abnormal
2024-01-01 00:00:42.740,-1.2241898707887477,-0.014153258949734501,7.899353738345235,0.8870973369646789,0.76156296074343,-1.5842484854655134,abnormal
2024-01-01 00:00:42.750,-0.6362346143064546,0.3807581353168014,7.940122788247699,-0.22849678747725877,1.0805880087416377,-1.373181292256588,abnormal
2024-01-01 00:00:42.760,-0.942921789730696,2.1105274996496637,8.424189407756147,-0.6560799414168363,-0.7287997677306789,0.36220473996696195,abnormal
2024-01-01 00:00:42.770,0.5561102327522001,0.7275152407180111,9.054598535815424,-0.12410433849094171,-0.2150528184618429,0.07705344111340616,abnormal
2024-01-01 00:00:42.780,-1.989456229167489,0.3850432799650325,8.304823534914863,-0.5578175427539752,-0.40773768778253666,0.5809362455276669,abnormal
2024-01-01 00:00:42.790,0.23727150224943724,-0.13158259460923058,8.773493123047098,-0.1095758965241106,-0.16718367974471735,-0.00405189284177554,abnormal
2024-01-01 00:00:42.800,1.4297241646064365,-1.1842960361655346,8.387046359623305,-1.9398467161629798,0.22776320712106973,1.0386427647550203,abnormal
2024-01-01 00:00:42.810,-0.9072383987179213,-1.0537393013208316,7.088224181570893,0.5042365098091357,0.8093896021311036,-0.3368679511490091,abnormal
2024-01-01 00:00:42.820,-2.4102785065480252,1.192138427668364,7.817406287618446,0.5731492465754994,-4.487338552730215e-05,0.7928946042063652,abnormal
2024-01-01 00:00:42.830,-1.225736165456686,0.5688947274653681,8.353965235220304,0.5132337765113427,-0.1352747051751056,0.37241020729165164,abnormal
2024-01-01 00:00:42.840,-0.3640003117563641,0.3128779872631645,6.840184888619455,-1.225517650732307,0.6872590326800778,-0.033242699940317186,abnormal
2024-01-01 00:00:42.850,0.05674216288752091,-0.7598465593149153,6.844775120563996,0.39887093446879324,-1.3133882245927815,0.7937588612028496,abnormal
2024-01-01 00:00:42.860,0.6189885352477177,-0.06515910379925048,6.334020638720234,-1.8555982394404928,-0.48057112817240344,0.12735562913455997,abnormal
2024-01-01 00:00:42.870,-1.5645433144349876,-0.33709604933682574,4.753582032699106,-0.3228211762776819,-0.32378696899920073,0.38045543026276163,abnormal
2024-01-01 00:00:42.880,-0.533020237042956,1.2664656957426437,5.42819334780937,0.7489541601237436,-0.47077712425617224,0.6580968167666358,abnormal
2024-01-01 00:00:42.890,-0.3243527816626432,1.5442824606675454,3.9305971080823534,0.650963073597004,-0.8126334099852526,0.4367388532748462,abnormal
2024-01-01 00:00:42.900,-1.8276155390679634,-0.4571688489412758,5.1557592964461865,0.8024139185756668,-1.034368514913454,-0.25460913375317784,abnormal
2024-01-01 00:00:42.910,-1.0759242160067906,1.191539970508156,3.6817402897870677,0.6435793557434946,1.9339940921684287,0.12273202236926557,abnormal
2024-01-01 00:00:42.920,-0.004031954919729168,-1.404285685576706,3.2917044569650047,-0.9610366927125205,0.34964951185197823,-0.4034014461094215,abnormal
2024-01-01 00:00:42.930,-0.0033317329228203327,-1.569823142207748,3.5131614731569867,-1.2930425671077173,-0.3251629845569719,0.35950589565602903,abnormal
2024-01-01 00:00:42.940,-1.2628194157989006,-1.5551941770191684,3.873821902426259,0.1582126452075893,-0.4935408247124603,0.4358471661887323,abnormal
2024-01-01 00:00:42.950,-1.7598512417926917,-0.2933711143105442,1.3188352443561624,-0.5968517944223508,1.1447976600452963,-0.947661209999593,abnormal
2024-01-01 00:00:42.960,-0.7357427273987747,0.13217782466245795,1.2670900571979131,1.4128442358602396,0.9313841406246253,0.7967988508000848,abnormal
2024-01-01 00:00:42.970,-1.742955470181084,2.1851804023140904,1.4794632007805189,-0.6705756243471984,0.9231764064015021,-0.5600733959368224,abnormal
2024-01-01 00:00:42.980,2.011465056706957,0.08689416760379713,1.2255745349948308,1.3184499271721244,-0.36746192297522384,-0.6273129882994579,abnormal
2024-01-01 00:00:42.990,2.141251335767617,0.22852603968041124,0.4908270722012942,-0.6453773091311918,-0.2041250201557076,0.013398660180869684,abnormal
2024-01-01 00:00:43.000,-0.524000706584377,0.016635487928582996,0.5311441695056692,1.9827378095761634,0.04952737482782172,-0.2785393209991015,abnormal
2024-01-01 00:00:43.010,-1.3629684575229406,-0.05090642768422634,1.23228087066693,-0.049529511173043855,-0.4590254947398989,0.38580299119800116,abnormal
2024-01-01 00:00:43.020,0.8466443895820782,-0.16793230916636973,2.0643345905222983,1.0890589992318258,-0.2879467554940782,1.3192827618525158,abnormal
2024-01-01 00:00:43.030,-0.04080370845362773,-0.004256988483896167,1.66630228561339,1.0077638607414618,-0.7567348376710193,0.7391603508978473,abnormal
2024-01-01 00:00:43.040,0.020447312124613447,-0.27249257523219295,2.27281353267323,-1.3099800572507738,0.16003853786564695,0.09913284964743979,abnormal
2024-01-01 00:00:43.050,0.7289552453770314,2.060151319748619,3.2467854841740857,0.041340117039679374,0.8443487263539438,-0.2368561295513148,abnormal
2024-01-01 00:00:43.060,0.26469586067786766,0.2668344174983682,3.9005875559157315,-0.5875931702545486,0.07957623079656363,1.0168623940287935,abnormal
2024-01-01 00:00:43.070,1.514354124069553,-0.7567902310151702,4.202398858940328,0.39477576512616364,1.2997343791418003,0.4619559777273726,abnormal
2024-01-01 00:00:43.080,-1.4158453873863166,2.3797547690341228,3.9623227537832064,-1.4556033740923515,0.9988714095325503,-0.2719041980715228,abnormal
2024-01-01 00:00:43.090,-0.23179420143752896,0.9009261666317763,5.256677894325125,-0.6103526217288172,0.25790726890992294,0.25142583038803995,abnormal
2024-01-01 00:00:43.100,-0.578817212291392,1.0964175502224143,5.060893138481213,1.0410907026674558,-1.9764665819074916,-0.9991471107188759,abnormal
2024-01-01 00:00:43.110,0.9331468211323038,-0.8183286298303817,6.053756278767311,-0.2168957497386313,-0.18461344982061192,-0.06794065863502123,abnormal
2024-01-01 00:00:43.120,1.0195748826472326,0.843605989225193,6.0019258104173305,-1.3894746313135795,1.1318286139589104,-0.8082921750839216,abnormal
2024-01-01 00:00:43.130,1.513089397449812,1.531093466647416,5.931542599714556,1.3479117833646543,-1.2678309854320826,-0.7681919519513418,abnormal
2024-01-01 00:00:43.140,0.90338855696693,-0.3802856956291704,6.810790055687341,-2.3904577039230372,-0.3173454040115135,-0.20417720483892907,abnormal
2024-01-01 00:00:43.150,-0.6492098488678084,-1.2504294410795849,7.662707511948342,-0.14828548842062564,-0.8038566726550085,0.22918373465062117,abnormal
2024-01-01 00:00:43.160,-1.5916608440071296,0.45852043970705403,8.098416318860368,-1.2178046582792477,-1.5887861588174375,0.9169070025649884,abnormal
2024-01-01 00:00:43.170,0.5641911853740272,0.5563014366186264,8.731286759897332,0.20769842089236318,0.41042154266056663,0.8353445182608147,abnormal
2024-01-01 00:00:43.180,-2.291529581130771,-1.7351328490507503,7.755922260507095,-0.9407458276488233,0.9744552548307471,1.309076167183523,abnormal
2024-01-01 00:00:43.190,-0.23269075187516036,-1.4414338160480349,8.332803206304645,-1.1932120147709369,0.6935296527047793,0.35584082692817687,abnormal
2024-01-01 00:00:43.200,1.1089727848755295,1.0539455538806033,8.54748830590585,0.8761399053606878,-0.12957903499075074,-0.22770167643996767,abnormal
2024-01-01 00:00:43.210,0.42590638734457736,1.561375928034743,8.203975287967065,1.2702975405250696,0.8671833614995519,0.4184905263475433,abnormal
2024-01-01 00:00:43.220,-0.41819122064401737,-0.8266973992324882,8.172082768692153,0.44417720013216017,-1.1918326148513176,0.3584060929364348,abnormal
2024-01-01 00:00:43.230,-0.33982210916116273,-0.6765486574015509,8.314239262968075,-0.7257828938637729,-0.4299440794624509,0.10404259705350377,abnormal
2024-01-01 00:00:43.240,-0.9174280936558742,0.36186791458030476,8.957057311999717,-1.0738525489195272,0.4314373993786273,0.42156158141855044,abnormal
2024-01-01 00:00:43.250,1.040115238928328,-0.9405517761392564,7.458452745802131,1.2006195540057032,-0.18965633444706825,-0.39114788354962077,abnormal
2024-01-01 00:00:43.260,-1.3597665789620919,-0.6789765949384905,8.266044592787566,-0.6231235795256524,-0.17558046424596815,-0.3275183954795028,abnormal
2024-01-01 00:00:43.270,-0.06646500065183857,0.1303412565628693,9.112777115236465,-2.397441141002496,-1.0737200783013017,-0.41344394321125766,abnormal
2024-01-01 00:00:43.280,1.3603875165966424,1.667487699659743,7.797308395881096,0.5217516783545406,0.535498113339458,0.21497245931949743,abnormal
2024-01-01 00:00:43.290,-0.49977554371677857,-0.8227004584118481,8.056482211712531,0.28757662351154784,-1.5409592858749261,-0.19172548975524673,abnormal
2024-01-01 00:00:43.300,0.0449177686111686,-0.3733016227103522,7.524514494618936,-0.7072077219963211,-0.8548452532571144,-0.31747298531578183,abnormal
2024-01-01 00:00:43.310,-0.280742915533998,-0.2427245563683325,6.829918742090212,1.3463494202162067,-2.143074551050279,0.2435640674572682,abnormal
2024-01-01 00:00:43.320,-0.11342657608601245,-1.208701430011932,6.967420739770855,-0.19103805787170075,-1.189848930873661,0.3475339856390731,abnormal
2024-01-01 00:00:43.330,0.3502531494400426,1.117513727447968,7.691707000682755,-0.941140318974036,0.3127104093005582,-0.4759359368532383,abnormal
2024-01-01 00:00:43.340,-0.8374951424195993,2.177545401300213,6.272703825444862,-0.5483318965878081,1.1137655096307417,-0.6173353187524244,abnormal
2024-01-01 00:00:43.350,-1.4523834769214934,0.6560956070649149,6.188979353223945,0.5089466502565744,-0.1508662966442574,-0.05712085067764507,abnormal
2024-01-01 00:00:43.360,-0.6486682160971888,-0.39295826378414966,7.0782199188107615,0.5169695246348655,-0.8606316858547625,0.0006935441609129298,abnormal
2024-01-01 00:00:43.370,0.9531866218905345,-1.0541049363954542,6.518745072519359,0.7654933489005288,-0.3471579947983997,-0.4175084349440349,abnormal
2024-01-01 00:00:43.380,-1.2197978250713264,-2.558290543913681,6.4355955970996765,1.450575376892058,-1.99542143935964,0.08689345690167614,abnormal
2024-01-01 00:00:43.390,-1.1908866698274083,0.39565965562155103,5.120551607757232,-0.014567401323070097,-0.3068021448580165,-0.6551858283025455,abnormal
2024-01-01 00:00:43.400,-0.72010301703464,0.1434356629428947,5.639574031145761,0.7035083879035422,1.4464962156550236,0.041403562300015455,abnormal
2024-01-01 00:00:43.410,0.4958947434348204,0.6674027132807518,3.4673441216036354,-0.34114499306235624,-0.519181199509326,0.7130608492678453,abnormal
2024-01-01 00:00:43.420,-1.2573655076915358,2.203356520410083,3.173729780541149,0.4073390340948909,0.179938102625303,-0.1170024529572614,abnormal
2024-01-01 00:00:43.430,1.683660755355531,0.12406172009049538,3.6845688875398652,0.1514441203531745,1.175623758751968,-1.328586240039587,abnormal
2024-01-01 00:00:43.440,0.951406998092873,1.423245109698632,1.8491728757782924,-0.5430108924536076,-1.5626405897514128,-0.08981121112042725,abnormal
2024-01-01 00:00:43.450,-0.5543517888513921,1.3595734676723445,1.3892454526732663,-0.3420823976075776,0.8623173837823019,0.4358733187623526,abnormal
2024-01-01 00:00:43.460,-0.4767197457150508,1.1191995919438473,0.6396517523231411,0.3567940629258618,-0.15574820167780729,-0.23495571100314377,abnormal
2024-01-01 00:00:43.470,0.3544685629859824,-0.8287730723549723,1.3880244421448524,-0.7888617539171627,0.34853986869992176,-0.4496266473862085,abnormal
2024-01-01 00:00:43.480,0.7618187038231378,-0.8128764924696577,1.0780387592370788,-0.14343968387841394,0.0017698267255349498,-0.20204206707457145,abnormal
2024-01-01 00:00:43.490,1.6827070236299835,-1.1884361868471265,0.32281917409879224,-0.6511491085276617,-1.4658668017312513,1.3624619872426478,abnormal
2024-01-01 00:00:43.500,0.6681269576084885,-2.5344335372158326,0.268688240880838,0.27377953182635273,0.4608908762852993,-1.294866968642063,abnormal
2024-01-01 00:00:43.510,-1.5215820212480768,0.6023538992349937,1.048961514221268,0.17664464268880958,-0.27854963580676684,1.1322625860430628,abnormal
2024-01-01 00:00:43.520,-0.04806197245638843,1.5723378329871949,1.4973535673034715,-0.7702519320844756,1.1236443663421454,0.02441559951844267,abnormal
2024-01-01 00:00:43.530,1.1618202862719766,-0.5243784800756842,3.2355558143009917,0.6425245733698164,-0.007356597829059586,0.18685468687131299,abnormal
2024-01-01 00:00:43.540,1.029329159031095,-1.3739399144348818,2.583096924127874,-0.42064462448704415,-0.6733112522681801,0.6142216671759808,abnormal
2024-01-01 00:00:43.550,-1.7781559650556498,0.5505991444347094,2.0010110085611608,0.40855041137089204,1.2735182967359548,0.331726046495078,abnormal
2024-01-01 00:00:43.560,1.3062595193692497,-0.7876023813271049,3.3555660992291068,1.0414007337720534,1.3344783911265232,0.9311847521522395,abnormal
2024-01-01 00:00:43.570,1.0310466043957234,0.7883476521833792,4.399950040917858,2.001476642613687,-1.3246638214993702,-0.07836521403172501,abnormal
2024-01-01 00:00:43.580,-0.04191414953867328,1.25005755352385,4.227350825298587,-1.0558340018758758,0.6703525546455174,0.5109986818420394,abnormal
2024-01-01 00:00:43.590,0.7166540746613896,0.5478739037756214,5.465728297553787,0.19166705608914006,-0.23431898191018175,-0.12090114076569239,abnormal
2024-01-01 00:00:43.600,-0.8228224299597112,0.2005187517485558,5.228300838929187,-2.6407050802934613,-0.3965730844350145,-0.38990074077222453,abnormal
2024-01-01 00:00:43.610,-0.15871869453848864,0.11931054700785239,5.87223330474393,-0.7112530642703275,1.7206668982476845,-0.6419148065794357,abnormal
2024-01-01 00:00:43.620,1.3946418889951564,0.31235328604261725,6.413637371351532,1.3093124356560994,-0.7906696826054875,-0.2503752468671346,abnormal
2024-01-01 00:00:43.630,-0.6378586029339267,-1.3036273136535377,5.802790816160943,0.9713848470997738,-0.343626158142031,-0.5824589217895919,abnormal
2024-01-01 00:00:43.640,1.1328173585200683,1.3332918510821359,7.303314407796853,-0.5482794553969124,0.9376953074502212,0.4870365390228172,abnormal
2024-01-01 00:00:43.650,-0.07745009757986897,0.6609590559587445,7.624075966450556,-0.7639643664378422,0.6299082283672977,-0.569743819545741,abnormal
2024-01-01 00:00:43.660,1.1890751812827092,-2.5037301646857837,7.405680181601185,0.27849116065462354,-2.0956303675724506,0.32829193296296316,abnormal
2024-01-01 00:00:43.670,0.4998847618420159,0.18411047389933127,6.885457579779413,-0.9615174683801273,-0.4377074230017768,0.6228555817278186,abnormal
2024-01-01 00:00:43.680,-0.7321381446224978,-2.82988481365383,6.9411965521232935,-0.4874663336562834,0.8292286889830219,0.2980904422647394,abnormal
2024-01-01 00:00:43.690,-0.167348191766312,-1.2721137940122027,7.802517916779193,-1.033216732269229,-0.7889928242026635,0.016339768453507167,abnormal
2024-01-01 00:00:43.700,1.4820291195015298,0.6949126262483123,7.26176867459935,0.41879644950164796,-0.15333891840792999,-0.47230601125980637,abnormal
2024-01-01 00:00:43.710,0.23727791600414827,1.1746002518200664,8.232810928422056,-0.7006932087404912,0.19343721484980003,0.878122253472967,abnormal
2024-01-01 00:00:43.720,1.1852020611452383,-1.8744770956149557,8.38471354622941,-0.3075678767663333,-0.775456868227239,0.4760608806522996,abnormal
2024-01-01 00:00:43.730,1.3686767849852213,1.5610080369941222,8.88982856399478,0.5971673258232482,-0.6922924701629338,0.5838170613899786,abnormal
2024-01-01 00:00:43.740,1.9328031165885224,0.1294152204614531,8.673099544741895,-2.030454053130141,-0.5632108965530301,0.7667999566854599,abnormal
2024-01-01 00:00:43.750,0.8537691240532975,-0.6183657719956807,7.411924813152429,0.17936921688374222,-0.27329938987625313,0.4121122309874467,abnormal
2024-01-01 00:00:43.760,2.5766230978523543,-0.40656776700675684,8.900312603239792,-0.49253694895737743,-0.237453654244455,-0.03751640703603159,abnormal
2024-01-01 00:00:43.770,1.9746365084994646,1.7275495433470422,8.916365911632512,-0.10335080693462184,0.3477702984759284,-0.657801202423449,abnormal
2024-01-01 00:00:43.780,0.4959737919698847,-0.7946293518297933,9.325313051466882,2.66726988262726,1.331169089738432,0.2805011898650584,abnormal
2024-01-01 00:00:43.790,-0.9963157410893235,-1.6260355682433267,8.823754572584546,0.0923075340525557,-0.9464650857722997,0.4801863301748068,abnormal
2024-01-01 00:00:43.800,-1.5655143373837617,-2.0859628351605077,7.775083946432759,0.8237582925536295,-0.7559620065707449,0.39193405872158443,abnormal
2024-01-01 00:00:43.810,0.09806317553722921,-0.24135385996965153,7.288392550640485,0.6602936028369767,-1.6356189044806704,-0.4061486438140686,abnormal
2024-01-01 00:00:43.820,2.323724774608549,1.764722027858279,6.853944783415449,0.11700323641262364,0.32045442049837525,0.14291627447047162,abnormal
2024-01-01 00:00:43.830,1.9414429717994315,1.488134922521035,7.390282631268173,0.023329544969201445,-0.9741485451225455,0.35754167731638925,abnormal
2024-01-01 00:00:43.840,1.4431120688259014,-0.9883281839431254,7.054708382998063,0.7141443912364647,-0.8600076023502496,0.39902720814669795,abnormal
2024-01-01 00:00:43.850,0.15221682480233695,-1.3251846397675044,7.7281684313594035,-0.0757525115421894,0.4735553998418862,0.6163846747862303,abnormal
2024-01-01 00:00:43.860,0.5808596403292814,1.1660052203382665,6.926766819466043,1.1702075555639238,-0.6510839660338015,1.025026181891617,abnormal
2024-01-01 00:00:43.870,-0.6858055972507282,0.5881666933925239,6.850819686261614,0.07119375711444323,0.946881533694373,-0.9929233847629519,abnormal
2024-01-01 00:00:43.880,-0.7405186724475813,1.8325421193839941,6.214847167173302,0.1669401947736483,-0.7798568289713667,-0.013665331708626664,abnormal
2024-01-01 00:00:43.890,1.5729893818280654,-0.12097126162567104,5.089565330969651,1.0818579981732952,0.32102100691892194,-0.3270020591294531,abnormal
2024-01-01 00:00:43.900,-0.8297827531020714,2.4974944634970124,5.624638558267441,0.8423208741915829,-0.16201599861162602,0.27194300271723154,abnormal
2024-01-01 00:00:43.910,0.979453088918604,-0.953419352171429,4.29803514162375,0.6463162712106373,-0.39461650071880777,-0.060895654731559085,abnormal
2024-01-01 00:00:43.920,1.6817805782568553,0.19085248726640197,3.629559165381571,-0.5179375325652832,-1.6164918121985719,0.6320908351022054,abnormal
2024-01-01 00:00:43.930,0.7700701181476436,1.0519295366164638,3.0336021318261395,0.5914386265494366,-1.2570363683084493,0.9186828224690599,abnormal
2024-01-01 00:00:43.940,-0.40738711375157893,-0.08098396695356248,3.577120740463376,0.5347318729445002,0.2956668640603445,-0.4499952380583525,abnormal
2024-01-01 00:00:43.950,1.3560070301611884,-0.6479945247527319,2.4891125334608244,-0.4825196527105243,-0.35240734801822243,0.037822276488481334,abnormal
2024-01-01 00:00:43.960,1.2608209288523555,0.1274665787983227,2.6235830156655657,-0.5010756411255581,-1.0176075117888401,-0.2113997687290594,abnormal
2024-01-01 00:00:43.970,-0.9679467184108987,2.081389485083084,1.2008795686273401,0.5633151512150745,0.07452749980365934,0.5790456590068055,abnormal
2024-01-01 00:00:43.980,-1.4581310747471585,1.007544231945902,0.9456768210018931,0.34406042894387356,-0.23470971705503907,-0.28619347816891216,abnormal
2024-01-01 00:00:43.990,-0.9807275457355282,-0.5435496473652673,0.8160727933268215,-0.9294319099678222,0.057914850478522226,-0.6265490024012105,abnormal
2024-01-01 00:00:44.000,-0.7960801820055623,-0.18311074609658207,0.9149001071744491,-0.8339416059994422,0.8422332851235086,-0.0836938802890179,abnormal
2024-01-01 00:00:44.010,1.2748107752514073,-1.0755456489054045,1.115112271668211,-1.6430246150155345,-0.4444998860190692,-0.4366260782506212,abnormal
2024-01-01 00:00:44.020,0.2870857002310126,-0.17801674435085021,0.5911868556410674,0.02974926014541758,-0.34620563298845325,-0.3640727486570354,abnormal
2024-01-01 00:00:44.030,-0.9996839934358015,-0.9107361048377922,1.8948570466132801,-0.4856070015413803,1.0002059788487385,0.1813210783722294,abnormal
2024-01-01 00:00:44.040,0.6517694810191622,2.518951199660738,2.29092500204728,-1.282459783019218,-0.7272313140355547,-1.2779141924464315,abnormal
2024-01-01 00:00:44.050,0.24965527039373842,0.3385720606949898,1.9041457006514022,-0.4370627938433816,0.4130013548769905,0.04170948487229635,abnormal
2024-01-01 00:00:44.060,-1.952950113500943,-0.8591126554029416,3.852417666038271,-0.49912594528459797,0.497437877601072,-0.5797100687597976,abnormal
2024-01-01 00:00:44.070,3.633365943367373,-0.8306995983794183,3.4804734928011625,1.041550069774723,0.24421442976179775,0.20703710319112043,abnormal
2024-01-01 00:00:44.080,-1.25726836313434,-0.7937194416646383,4.1946792924783365,-0.27034473878816084,1.9630805091386851,0.018767925322813683,abnormal
2024-01-01 00:00:44.090,0.6659055952660707,1.6107060597066842,4.533300051630703,0.6727093887224077,0.20839099813059356,-0.042335688266780684,abnormal
2024-01-01 00:00:44.100,-0.1866712296816066,-1.7293678348801456,5.27067150163222,-1.5686887343615477,-0.59846038321149,1.0475437666462428,abnormal
2024-01-01 00:00:44.110,0.23799680919287008,-0.2106430744272976,5.308398867315456,-0.018889393835445044,0.7599676743943221,0.3406314657641758,abnormal
2024-01-01 00:00:44.120,-0.20334381940470442,-2.0990497553041507,5.290188848344249,0.35594872476159456,-0.47076180019763025,0.47253543850362706,abnormal
2024-01-01 00:00:44.130,0.4930570284857887,-0.08038766618471731,6.183270183210233,0.04383928585061811,0.85307211004398,1.1135869756967907,abnormal
2024-01-01 00:00:44.140,-0.7430372870939046,1.5772655778149924,6.407748692375234,-1.3338642679415857,-0.2565229347206979,-0.7460032707098033,abnormal
2024-01-01 00:00:44.150,1.7291185788508596,0.010929863447755641,6.791801900854233,-0.8998306773801062,0.6429534513641878,0.14521102721080073,abnormal
2024-01-01 00:00:44.160,-0.6966976076334823,-0.38971817963145955,7.867877051565823,0.8435345144429354,1.5482819671072146,-0.41323684513567105,abnormal
2024-01-01 00:00:44.170,1.027941472642107,-0.15647595607165946,7.645791889953669,0.4336133617587356,1.5875458504781754,0.671535243346482,abnormal
2024-01-01 00:00:44.180,0.022124165385175414,0.04704470696869776,6.893921397986322,0.18641321197112376,-1.416804879673456,0.21788644516463251,abnormal
2024-01-01 00:00:44.190,0.5461724695304814,-0.7762417285605129,7.816130488143205,0.11013217296462996,0.6831367522567783,0.4626431191786823,abnormal
2024-01-01 00:00:44.200,0.8999902012328405,-0.5864660120388088,8.821908344387268,0.5312615100464332,0.13128900976869012,0.46078114364624434,abnormal
2024-01-01 00:00:44.210,-0.23611011334545398,-0.6497209578681177,8.30571992998669,0.7941423454789107,-0.19682509494155065,0.8644350879081172,abnormal
2024-01-01 00:00:44.220,2.2395852370649414,-0.8603453698020979,8.4087554856426,-0.8196067770041685,-1.1711413205658272,0.1558185534352254,abnormal
2024-01-01 00:00:44.230,-2.705163236687819,-1.278112476998549,8.12955402047354,0.5042478851276915,0.17489774396260732,0.22109464324897277,abnormal
2024-01-01 00:00:44.240,-0.5976578160299028,0.12952384312386098,9.40069698849452,0.4065574116666999,1.5282805579487133,0.49511064515054337,abnormal
2024-01-01 00:00:44.250,0.9854870757909598,2.1790058251564375,9.08699356994198,-0.6507118935543389,-0.2418421153233735,0.3054597021792247,abnormal
2024-01-01 00:00:44.260,-0.2368164049732253,0.977463555508065,10.090938449794768,0.5133163273636975,0.005202107212809119,-1.1014449252812148,abnormal
2024-01-01 00:00:44.270,0.5433547475039364,1.2912553337948018,7.942816850513477,-0.30432195252521815,0.7472598254199663,-0.037586403855990345,abnormal
2024-01-01 00:00:44.280,0.2867438547624393,-0.13342368277012095,8.930334121341973,0.9821855666779683,-0.8099166705296803,-0.9444505527557137,abnormal
2024-01-01 00:00:44.290,-0.9973693661245514,0.518213897500906,8.593011888174313,0.7348651420523233,0.5219896902441922,-0.8361403798397211,abnormal
2024-01-01 00:00:44.300,-0.6637007115413229,-1.6620913002131863,8.961440954279778,-0.5700872738509875,-1.0962540708666304,0.40439779495323513,abnormal
2024-01-01 00:00:44.310,-0.5944725313705115,-0.3460522899227065,8.086610449831003,-0.879086712885834,0.20767397481703076,-0.6157158217016517,abnormal
2024-01-01 00:00:44.320,-2.972895942730971,-1.230653551301213,7.718142217600226,-0.37333423166294005,-0.34386173644145,0.34662495532726184,abnormal
2024-01-01 00:00:44.330,-1.2273960185758648,-1.27182211476072,7.619816900336505,-0.05777725088994515,-1.2628020060440714,0.029721977522686665,abnormal
2024-01-01 00:00:44.340,0.8520942361994349,-0.7519691609673858,6.140538825780876,-0.4449935194986047,-0.28615191737847573,-0.8262492828384796,abnormal
2024-01-01 00:00:44.350,1.7299433579605816,-0.30780845104704435,7.038247916514992,-1.43836402589939,-0.3675836181225341,0.19943450060101514,abnormal
2024-01-01 00:00:44.360,-1.788763006426435,0.1968239810132575,5.717521015090276,0.9029875485236442,0.3660911988728938,0.40296531021688126,abnormal
2024-01-01 00:00:44.370,-0.6975395374197042,-1.3524950451987534,6.398018303444679,0.5203415636447779,-0.36639954071158093,0.7247791413564075,abnormal
2024-01-01 00:00:44.380,-1.0496972988928002,-0.6186650635530758,5.679068020822404,-0.762400369914006,1.790386575403912,0.7934148815044852,abnormal
2024-01-01 00:00:44.390,-0.06984399409497029,0.7160582334122884,5.1488153798691885,-0.0902622969784903,-0.3485618129421249,0.12529304133134192,abnormal
2024-01-01 00:00:44.400,2.1963731732226526,0.20009831833844713,5.70678565894547,1.3421101456218827,2.2295720023147485,-0.07051637832040226,abnormal
2024-01-01 00:00:44.410,1.1129679205349636,3.108501239722886,4.001808421887014,1.3978852358880378,-2.8016680400764846,-0.14667094464151148,abnormal
2024-01-01 00:00:44.420,0.6069949769536982,1.5201078462570712,5.299734677355108,0.8516834657607788,1.2397074437428308,0.7778507600829575,abnormal
2024-01-01 00:00:44.430,-1.2968885372780405,-1.2760964247503102,4.143800235254863,-1.1197933556384785,-0.08939709339360653,-0.12331827715630714,abnormal
2024-01-01 00:00:44.440,0.03279590607726445,-0.9837953018035157,3.666006598699325,-0.6823273058784161,-0.4812756644749872,0.33274055818466003,abnormal
2024-01-01 00:00:44.450,-1.564440698661118,1.8266325933985017,2.7408160878839953,0.09572449942491326,0.3504231190579182,0.35903503613717513,abnormal
2024-01-01 00:00:44.460,1.1653084443541768,-0.6490482197391617,1.0424541679842814,0.9774218256851782,0.13813775482328217,-0.11270272079187155,abnormal
2024-01-01 00:00:44.470,-0.39074940643700484,0.6459168014884896,1.666537439387674,0.8385364933677408,0.25018295898563414,0.02701388179966498,abnormal
2024-01-01 00:00:44.480,-0.5236073171106713,0.3390283041372372,0.5725588901455243,-0.2692022128101441,0.5452887090116287,0.37236823611873765,abnormal
2024-01-01 00:00:44.490,1.7603123794676927,1.3098705805747017,0.22694608080922551,-0.3625563596781757,-1.8823110197043182,0.9523109660776153,abnormal
2024-01-01 00:00:44.500,1.1272732679679522,-1.2460027287484274,-0.10460597321098147,0.7502680242237127,-0.4015062694338795,0.3807935222352289,abnormal
2024-01-01 00:00:44.510,0.18816490621871396,-0.11855377884480667,-0.11024898473411654,0.08523829948583654,-1.2329698227829131,-0.6312586923716307,abnormal
2024-01-01 00:00:44.520,1.170572377278993,-3.07266950405467,0.4165735472624651,0.027135647371733317,0.8079281053373203,0.6798103505933508,abnormal
2024-01-01 00:00:44.530,0.9346636271113411,0.49169929624330044,1.7268167677708017,0.11065703178768392,-0.16886595466671764,1.3275636118551677,abnormal
2024-01-01 00:00:44.540,0.022544978895599067,-1.2372403550445714,1.4099003284201348,0.3137669572816578,0.23309027890003106,-0.908759398427352,abnormal
2024-01-01 00:00:44.550,-0.8655705217630147,-0.40854946862881397,2.846472580190013,0.9798308488026477,0.6248189145970219,0.44944849173481394,abnormal
2024-01-01 00:00:44.560,1.358401527439877,-2.166290224536706,3.091709592608334,-0.11598808036272443,0.24979855080227972,0.45919046435902633,abnormal
2024-01-01 00:00:44.570,1.2038536554558428,0.3742110751169219,3.3820746837013576,0.6605656776222169,0.0010363475731252696,-0.8289794635392095,abnormal
2024-01-01 00:00:44.580,-0.35922790739996796,-0.9889628390332036,5.169447836419008,0.2878677653657404,2.0003708018077786,0.86658269119463,abnormal
2024-01-01 00:00:44.590,-0.1004339427107187,-1.6696167715385604,4.727778532757686,0.05383684831644201,1.3706888569370128,-0.12687355113581084,abnormal
2024-01-01 00:00:44.600,-1.0797990756768376,0.1165426668217531,5.689895079579221,0.16608182233806668,-2.1034647732048537,-0.46053181294739454,abnormal
2024-01-01 00:00:44.610,2.425795985197244,-0.352949344491592,6.466219247174336,0.30963848500972485,1.5341379017136114,0.39312831426711536,abnormal
2024-01-01 00:00:44.620,0.42788760095741263,-1.5805485689972436,5.238389335590067,-0.07746140463934707,-0.13566254939884817,-0.47303803758065716,abnormal
2024-01-01 00:00:44.630,-0.06359880472429486,-0.21579499899808913,6.454749625222481,-1.3158773169737472,0.7489788503511567,0.06269295256293322,abnormal
2024-01-01 00:00:44.640,-2.6283506757214625,-1.593362510220329,6.165579967417878,0.08083992526825069,0.5587567264615313,0.04114706783043765,abnormal
2024-01-01 00:00:44.650,1.9169559489275234,-0.0338625586882451,6.781389037997965,1.312292615542061,1.2372914592373294,-1.0314059518959795,abnormal
2024-01-01 00:00:44.660,-1.256406223583506,0.48336715545408426,6.512569007591975,-1.4281421878782,0.9785066084138841,-0.19012608564352784,abnormal
2024-01-01 00:00:44.670,1.719080294229196,0.13175132872132014,7.058854187675848,-0.5513700403329697,1.2014541345205871,-0.0401852552658386,abnormal
2024-01-01 00:00:44.680,-2.4198211365887183,0.50918666560314,8.3702243438816,-0.8759245303163798,1.1148346175592792,0.19374271848732283,abnormal
2024-01-01 00:00:44.690,-0.6441212648197631,3.0732001903854567,9.049512466484721,0.011266828290615349,-0.4578072750827631,0.30039116662712634,abnormal
2024-01-01 00:00:44.700,-0.6543388222187462,1.4455084132532157,8.339057569868837,-0.5282828055051813,2.66209922426867,-0.1041412764237653,abnormal
2024-01-01 00:00:44.710,0.8719994470171245,0.21468763945079386,8.243950799810406,-1.3920423489244849,0.2200932306496638,-0.5960657126819102,abnormal
2024-01-01 00:00:44.720,-0.35163123163493976,0.47666939874318365,9.425534901437945,1.2886185411729452,1.006299823493117,-0.4280894196376787,abnormal
2024-01-01 00:00:44.730,-0.5880771852838492,-0.020824239966915056,9.220413930849055,0.14833559403906688,0.9011371563651838,-0.6878944869047854,abnormal
2024-01-01 00:00:44.740,2.116981205406516,1.0077469212414862,7.696675330925645,1.0485907939963464,1.1283091241578016,-0.5898555003334882,abnormal
2024-01-01 00:00:44.750,-0.39476732484425653,1.1900787801598498,9.423437476844668,1.1229797920802502,0.7494530534140058,0.04151584708303412,abnormal
2024-01-01 00:00:44.760,0.23482534110790126,-0.7509355052382404,9.127952693765495,-0.0826809801811775,-0.08295897509554194,0.527860918457604,abnormal
2024-01-01 00:00:44.770,0.4323397462465172,1.3913815701343135,7.484253907184162,0.35264519673861283,0.2553330478174709,0.4503832691693787,abnormal
2024-01-01 00:00:44.780,0.16184003424587226,-0.9513257771471779,9.078952889694188,1.0641400239210237,1.9560881465490922,-0.009763943754712878,abnormal
2024-01-01 00:00:44.790,-0.19908793591205262,-1.267578225599125,9.008231935979595,0.945173090524065,-0.4334936369939893,0.2450902410513006,abnormal
2024-01-01 00:00:44.800,0.45729100369365455,0.8656320729338379,8.306393716885047,-0.5187031101041042,-0.5616590383871936,0.4391982313921463,abnormal
2024-01-01 00:00:44.810,-2.3615547040721414,-0.5091217525994131,7.622746419369048,0.35539693894607055,-0.49942176596496907,0.6721699563341955,abnormal
2024-01-01 00:00:44.820,-1.6778347655854515,-1.8371068368870827,7.09791851583479,0.2152079734679951,-0.18566938032840694,-0.34217155261840676,abnormal
2024-01-01 00:00:44.830,-1.1791708631791806,0.7167458754166794,7.682042881954453,0.5230738898277917,-1.5849799519702215,-0.15790405667735286,abnormal
2024-01-01 00:00:44.840,1.1853643643785363,-0.27617941334112395,6.890186997760456,-0.11843627317555928,-0.08082327435956436,0.1220932418076002,abnormal
2024-01-01 00:00:44.850,-0.9581561179725336,1.7293015661255,7.815464028062423,1.4908149586242452,-0.37429713768768064,0.8316741077434742,abnormal
2024-01-01 00:00:44.860,-0.5636920133676258,-0.9984784192291617,8.024698712592048,0.2655850387767265,-0.5533364574271034,-0.5035481083678011,abnormal
2024-01-01 00:00:44.870,0.6520703278962487,0.37022131411467524,6.541498343432886,0.38038578710379534,0.09356241255965657,0.19051549154426642,abnormal
2024-01-01 00:00:44.880,2.293399011630547,-0.32275138419517,5.298026141973486,-1.8181508692473685,-0.655500988378344,0.7286335524308397,abnormal
2024-01-01 00:00:44.890,-0.2358687335265131,-2.7820165745883947,5.446507391905631,1.2891715751426696,0.8819517129939045,0.5900162174689728,abnormal
2024-01-01 00:00:44.900,-2.0079763530579147,1.5007047509935378,5.924022353039248,-0.726183269204509,-1.2795062680696023,-0.04192344691758985,abnormal
2024-01-01 00:00:44.910,1.4009204258606964,-0.43759575086580954,5.127142128694898,0.26885119732540075,-1.271409194037375,0.7902399194587871,abnormal
2024-01-01 00:00:44.920,-0.8985594438015023,1.4223731777461066,4.421122906360421,0.28136427934352776,0.9582062759734333,-0.04751480413398827,abnormal
2024-01-01 00:00:44.930,-0.9049641658831151,-2.190396720141258,5.20395894920553,-0.445728598782693,-0.13937554527363222,0.3681435793926517,abnormal
2024-01-01 00:00:44.940,-1.0770221354204044,-1.1227387561319346,2.3958675122016677,-1.2839382575083127,0.4496233579571074,-0.22643675368698307,abnormal
2024-01-01 00:00:44.950,0.26373447738198286,1.9439444571371998,2.4886337125654507,0.2652913765860878,-0.23812838506005007,-0.8318086849080847,abnormal
2024-01-01 00:00:44.960,0.24708569109924328,0.10403059570808439,1.9151647864157608,-0.7163263166393474,-1.3993838690704221,0.4924202227883071,abnormal
2024-01-01 00:00:44.970,0.3587955947679135,0.01503497730785404,1.2302572450179454,-2.2734002594962,0.2605834018051953,0.21444852667308975,abnormal
2024-01-01 00:00:44.980,-2.842587672052947,0.6825531110785831,1.9054639894639283,-1.318879495938043,-1.3144977960439932,0.4195751413959817,abnormal
2024-01-01 00:00:44.990,1.015535303196032,-0.4430355358331509,1.8441623489033656,-0.5836075820145415,0.06875021863694092,0.5980312850255319,abnormal
2024-01-01 00:00:45.000,-0.10668315431620963,0.6939430883902753,0.7010606406116414,-0.8332737841456526,-1.8889392360093546,0.3264726489022031,abnormal
2024-01-01 00:00:45.010,0.2371373463859842,-1.1600681613947539,-0.7444374818324369,-1.115300860739546,0.7179039408035148,0.08921879746774164,abnormal
2024-01-01 00:00:45.020,0.33622955908843305,0.8488509392152647,1.0025579497545365,0.0008381000048852683,-0.8015170280390875,-0.22907843164792213,abnormal
2024-01-01 00:00:45.030,0.24921509039083362,0.07184887229175489,1.0533340522096277,0.5995018645838365,-0.25626970957116013,0.04985917902518132,abnormal
2024-01-01 00:00:45.040,0.3392275602573134,0.7623492921072249,1.5877480595181241,-0.9718143494636783,-0.011641127718885143,-0.18275807183262607,abnormal
2024-01-01 00:00:45.050,0.9974749695538393,-1.3599381958884658,2.3734265882718653,0.24428775338437908,0.12390406811129841,0.041575306978992255,abnormal
2024-01-01 00:00:45.060,-1.2747909371337112,-0.32139617234533435,2.1414493407999604,-1.7414805294457272,-0.6060590531070073,0.38822676200732287,abnormal
2024-01-01 00:00:45.070,1.069162228894425,-0.4670869076726767,2.5765727928589035,0.5053666355793167,0.7715987100749107,1.2043930538975496,abnormal
2024-01-01 00:00:45.080,0.39096066328188567,1.0835443123986321,3.936467514246496,1.4331557740589975,-0.4903738811053391,0.24087569891970642,abnormal
2024-01-01 00:00:45.090,-1.699129845228909,1.5024129971294045,3.801834514430956,0.5170109072265239,1.6955536653399075,-0.1252291014793685,abnormal
2024-01-01 00:00:45.100,-1.0347979724906349,2.6047968629792915,4.695820067339151,1.0574772344958594,0.38173162528849586,-0.2651521316051788,abnormal
2024-01-01 00:00:45.110,-1.002400915157762,1.0663023789981356,5.502633709777357,0.15103600081012272,0.2572442997852208,0.5358792266719683,abnormal
2024-01-01 00:00:45.120,0.40969403768450724,-1.930043424738523,5.528431318083243,-0.5121913920064083,2.1534465297303518,-0.9974856519249076,abnormal
2024-01-01 00:00:45.130,-1.6404527642009759,-0.021511050248841247,6.02599117316683,0.5064898113770583,-0.5449168629293398,0.6160382584838715,abnormal
2024-01-01 00:00:45.140,2.690832848125035,0.9552685766025953,6.232327142466197,-0.16005893947433986,-0.042458268132203,-0.19658532093779402,abnormal
2024-01-01 00:00:45.150,-0.599512794377008,0.15911448910922518,7.094870932854793,-0.601389262193894,-0.45584674070196635,-0.4903275637278004,abnormal
2024-01-01 00:00:45.160,-0.12988319264310114,-1.5464778455054586,6.9126746165620165,-0.06117425100710085,0.9102790180150749,0.25907537962244404,abnormal
2024-01-01 00:00:45.170,0.20104417245861905,-1.9296751075348861,7.868862589847834,0.3543835507047643,-0.3384829813357231,0.1098371003270327,abnormal
2024-01-01 00:00:45.180,0.5097377307369689,1.993558626414189,8.385625878376539,0.27863616409327757,-0.4351762432813519,-0.17150075354150834,abnormal
2024-01-01 00:00:45.190,0.06553560974910497,-0.03238495195518921,9.284638024501739,-0.02770777795268499,1.793941680864512,0.7323534004699987,abnormal
2024-01-01 00:00:45.200,0.02897360139873961,1.9567133858079435,8.16680112301237,1.164750894058752,0.2611053226593526,0.07106064477812944,abnormal
2024-01-01 00:00:45.210,-1.5849791751298588,0.8126023141746249,9.37735100421986,-0.36631229173201024,-1.081111980411951,0.24745405281117716,abnormal
2024-01-01 00:00:45.220,0.20678933808813552,-1.6367912624393888,8.943693447439179,-1.7670118715513514,0.49581589172462864,-0.013422709366383493,abnormal
2024-01-01 00:00:45.230,1.6785403680319029,-1.1808310780219513,8.487001612922564,0.6649280359794091,-0.6932642509919906,-0.4217667854764453,abnormal
2024-01-01 00:00:45.240,-0.3533041422081026,0.21007047014897426,8.756998937984594,0.8902154762625328,-0.0721806696454927,0.754176823497372,abnormal
2024-01-01 00:00:45.250,-1.7528766196424999,1.027434200184753,8.44415247048471,-1.1932923968217073,0.7999481422812788,0.3914387467695219,abnormal
2024-01-01 00:00:45.260,1.0590801125567775,0.2744751716236828,8.257682328124236,0.2264972781589408,-1.5938682761587217,-0.1925941016384549,abnormal
2024-01-01 00:00:45.270,1.0456133756293353,-0.792852843614635,9.126265745378909,-0.15013981662613027,0.5236204182774797,0.31968361159095177,abnormal
2024-01-01 00:00:45.280,0.5954459361522518,-0.13453722007223806,8.905071226365136,0.5237645086649176,-0.4304968980619706,0.1604820713506602,abnormal
2024-01-01 00:00:45.290,-0.0461360960765366,-0.942260740793699,8.918273896967243,0.6574045841921622,1.2175126308514537,0.39807106071408166,abnormal
2024-01-01 00:00:45.300,1.50907651800241,2.1079351104668707,8.478044968101338,-0.41970382151352587,-1.0710132818787692,0.08291704835252521,abnormal
2024-01-01 00:00:45.310,0.8185891398349672,-0.09111773910140596,7.822867185562171,-0.7036515192691587,-0.6720593100250222,0.6822691137486077,abnormal
2024-01-01 00:00:45.320,-0.4861702744218925,-0.6457185847042358,7.970510607529788,1.7374749950836044,-0.5392858186740906,-0.2906646980816548,abnormal
2024-01-01 00:00:45.330,0.21294188141849993,-0.6777519948307501,8.568384319616236,0.08233869142449092,0.10692283556926248,-0.7059940247981682,abnormal
2024-01-01 00:00:45.340,2.6794191148438644,-0.5836618193138493,8.017148483976287,-0.578420879233571,0.02453949921407964,-1.6696186320107835,abnormal
2024-01-01 00:00:45.350,0.28923223960325184,-0.17638990225261456,7.859718721145117,0.4398269581781017,1.6928770705019258,0.14692932449377644,abnormal
2024-01-01 00:00:45.360,0.4837949637595699,0.5823712798666886,7.007702544408649,-1.1783828493806796,0.6175261067124336,0.7294539486920105,abnormal
2024-01-01 00:00:45.370,-0.20852396882696206,-0.615848371108025,6.184030627913741,-0.10091554899493353,0.5811128530883135,0.1316333171157195,abnormal
2024-01-01 00:00:45.380,0.3389357575119634,-0.025825386780831062,6.7129529125225735,0.614594977415003,-0.7411518621314802,-0.6687961304988799,abnormal
2024-01-01 00:00:45.390,0.7932402155423625,0.15168513127223907,7.135801144467831,0.8818459105158464,-0.22987314745005435,0.4103141283468622,abnormal
2024-01-01 00:00:45.400,0.26240073380700585,-2.575426664185129,4.361200392026559,1.875928619075568,0.2712689730496897,-0.6041897666372262,abnormal
2024-01-01 00:00:45.410,-0.6141573240335906,-1.7408429215303325,6.235521609235816,-0.20691185841366744,-0.06891170771855132,0.22484833945345406,abnormal
2024-01-01 00:00:45.420,1.7345993029571,0.5316976081331579,5.622111365647456,-0.9883508938467523,-1.8744155270691445,0.04813947078258057,abnormal
2024-01-01 00:00:45.430,2.270310500078581,-1.776775760434132,4.122942502738115,-2.4422296864221176,0.20132209392024714,-1.2774568092538026,abnormal
2024-01-01 00:00:45.440,-0.3180054949862191,-0.9444269706790714,4.647491753083274,-1.760664006071208,-0.23959977634301685,0.2004379523631218,abnormal
2024-01-01 00:00:45.450,0.5010260839777074,1.1965689257468881,3.203183221722338,-0.5495086094725992,-0.5466870126755963,-0.8033316606922185,abnormal
2024-01-01 00:00:45.460,0.6980824933527541,2.153707269876213,2.449122965717733,0.3655907320642277,-1.132109562837109,-1.2465634863562916,abnormal
2024-01-01 00:00:45.470,-2.913737205891394,-0.794938854708116,2.6279877945802417,0.5710430100382816,-1.6419232461516304,0.15206926280327168,abnormal
2024-01-01 00:00:45.480,0.3477709615983784,0.948721692473435,2.336158399595251,-1.1695447444124583,-0.0825742492237705,0.08792418737482065,abnormal
2024-01-01 00:00:45.490,-0.7557039301601337,-0.4781668675270049,1.537882558691663,-0.05989806169644489,0.6765871014348266,-0.11803325377344778,abnormal
2024-01-01 00:00:45.500,1.1629839800362094,0.5050605993947564,0.5540673407281036,-0.33196955081561086,-0.30193577943749933,0.10308932122982398,abnormal
2024-01-01 00:00:45.510,0.4220081942031503,0.7429887633581703,0.9966498230509232,-0.34988674110963186,0.28863144169925464,-0.6990092830049823,abnormal
2024-01-01 00:00:45.520,-0.612116503691153,-0.25930730210819697,-0.7080054227251477,0.8100980075626367,-0.8554382567816542,-0.10280273939100878,abnormal
2024-01-01 00:00:45.530,0.315630747668731,0.6954251773086286,0.5258094109727554,-0.9267935920327929,-0.17155536647164443,-0.5043725740204,abnormal
2024-01-01 00:00:45.540,0.6982171657101578,0.2953273398942216,1.8716047355450183,-0.08196050318358367,0.33961090465556526,-0.7373745303295242,abnormal
2024-01-01 00:00:45.550,-3.640513871177885,1.1133191875825383,1.796552946566555,-0.07908307111751096,1.0772212204918814,0.2565225758095601,abnormal
2024-01-01 00:00:45.560,0.22084718310582965,0.5405420363711626,1.4299509486664568,0.8162131352257906,-1.57248155335051,0.059071059666617874,abnormal
2024-01-01 00:00:45.570,-0.8777308410934932,0.6452716863145859,3.04548693228053,-0.3104564855050729,-0.49865909976409495,-0.7373197337197135,abnormal
2024-01-01 00:00:45.580,-0.8915820734226388,1.6057150724179046,3.0115202568682893,-0.6233851712015946,-0.08352443223908662,-0.8335133128473423,abnormal
2024-01-01 00:00:45.590,-2.9943753691599624,-1.1246584465096763,4.353425182229563,-0.08699502514456943,-2.6968959625231608,-0.048601133278400654,abnormal
2024-01-01 00:00:45.600,1.3326655539317087,0.726600820917504,4.021350164166896,-0.7852827118375568,0.8320101639231658,0.43405714667128126,abnormal
2024-01-01 00:00:45.610,0.4840750631823282,1.4205519157194624,4.778551844167531,-0.91393201374129,0.9547173539129566,0.25012983300454444,abnormal
2024-01-01 00:00:45.620,0.9707832057312956,1.0998354497446194,4.986589143213216,0.7104770033418499,-0.81328704447413,1.0277043169926876,abnormal
2024-01-01 00:00:45.630,-0.11073565759033262,0.16608295840391507,4.810309077717846,-0.7581423454255253,0.5631949895267268,0.4291425055357373,abnormal
2024-01-01 00:00:45.640,0.045707630159956325,0.25490735009490223,6.8759117969669505,-0.43841418745121186,0.14363141373822147,0.30463629564771777,abnormal
2024-01-01 00:00:45.650,-0.9988731930491944,0.6093200143339778,6.94069889656169,0.8635457988472034,-0.7211501903541633,-0.3078377058032158,abnormal
2024-01-01 00:00:45.660,-0.9261493668917962,0.07998772005479853,6.590938067824495,0.349663723881438,-1.2995440933145488,-0.2572990762618712,abnormal
2024-01-01 00:00:45.670,0.14635322264185713,-0.7961588437160713,6.8528078251461695,-1.3396221464194655,0.10333475366938462,-0.4382255982889372,abnormal
2024-01-01 00:00:45.680,0.14605358382910147,1.4020369897301805,7.436150905458744,-0.9984209229472395,0.1468980730489068,-0.973313139999433,abnormal
2024-01-01 00:00:45.690,1.2773135287402722,-1.1300463527326299,8.28554240220302,-1.019861472552644,-1.260700656249018,0.0823352813117566,abnormal
2024-01-01 00:00:45.700,-0.29943149396939417,-0.5656857656946487,7.0082303786346145,1.1109070797104208,0.36757287443802716,0.13079226906483318,abnormal
2024-01-01 00:00:45.710,-1.539681088625707,-0.8874798966946323,9.068706614843288,0.7136495698649914,-0.007216437265712307,-0.7216586770760487,abnormal
2024-01-01 00:00:45.720,-1.019399016361167,1.9131534718308552,7.8467830324098,-1.007220874681688,-1.0234994408869929,-0.5424388167623506,abnormal
2024-01-01 00:00:45.730,1.0055816064616263,-2.106987848501958,9.174373778746174,0.4543209604671319,1.0474812705834975,1.1241647616282677,abnormal
2024-01-01 00:00:45.740,-1.1810112073116212,-0.8605955356220997,9.343581239383738,-0.5018520681576906,0.8385703375145199,-0.9755787883262848,abnormal
2024-01-01 00:00:45.750,-2.2320605411288583,1.322838964246729,8.9498660551881,0.8837663880111603,0.6504109174720976,0.14171585930848202,abnormal
2024-01-01 00:00:45.760,0.751544960564234,-0.16608930259584886,8.300413417086602,-0.4129600404864991,-0.1531715529051939,-0.43106561353911027,abnormal
2024-01-01 00:00:45.770,-0.3821660796989429,0.2031906836531911,8.180240677177437,0.8438159082343681,1.474787778587532,-0.40998121756691785,abnormal
2024-01-01 00:00:45.780,-1.37375733461417,-0.9147887196176271,8.406410654368523,0.7358759974989786,0.6518941236332702,0.1705265733939588,abnormal
2024-01-01 00:00:45.790,-0.14244623707653079,0.03342447535519445,9.692561150052912,1.5292806083895958,0.696187301513656,-0.27315777529754676,abnormal
2024-01-01 00:00:45.800,-0.926835287862797,1.582454007791306,8.818928081423293,-0.2313175025183914,-0.5123447983631113,-0.7569866383511906,abnormal
2024-01-01 00:00:45.810,-1.2165516747280776,-1.3217194829884054,8.113873990665768,-0.5079743116523486,0.14216887881687781,0.13045103142884373,abnormal
2024-01-01 00:00:45.820,-1.9621326141818605,0.5446707045173617,7.504606138854427,-0.7498192710202819,-0.9042566189744133,1.0071875857028962,abnormal
2024-01-01 00:00:45.830,-0.255406985989465,0.7537797184389442,7.996708170396555,0.4077436867271462,0.25021229480419543,0.9737971263847803,abnormal
2024-01-01 00:00:45.840,1.6780709265519491,-1.1955945401099106,8.400497377211337,0.4217670616148902,-0.39298590505854153,-0.046142122837411266,abnormal
2024-01-01 00:00:45.850,1.0766174441401208,0.6439303345628374,7.393714705374638,-0.5840880298926684,1.8102873980632417,-0.46897647142593446,abnormal
2024-01-01 00:00:45.860,-1.239766053567651,0.9634525930631974,5.887393432963963,0.37342029388745357,0.07779090402204276,-0.03275752333387371,abnormal
2024-01-01 00:00:45.870,0.7286699391488797,-0.4110495731919371,7.431395996873309,-0.4808439068405405,0.10942232997939409,0.14167678936531072,abnormal
2024-01-01 00:00:45.880,1.201425579136991,-1.5873269042670723,6.893616600019021,0.8412925328133353,0.4808740451050211,-0.0337990554500062,abnormal
2024-01-01 00:00:45.890,0.3557930899545971,0.4040510634559362,5.073133465876247,-0.8093841793168887,-0.21821335060091387,-0.9504174518190613,abnormal
2024-01-01 00:00:45.900,0.10428508348723496,0.6725580727362958,6.054530830665757,0.4827557775680497,-0.28023625623619847,0.09482795319045316,abnormal
2024-01-01 00:00:45.910,-0.797123995423272,0.22075558339251106,6.079595485309629,-0.4954764273250466,-0.11689638654272091,0.3630938616135273,abnormal
2024-01-01 00:00:45.920,1.9172407359933423,0.5228148402625157,6.129618169681954,0.24129628400765774,-0.24190492664544427,-0.3320401953980184,abnormal
2024-01-01 00:00:45.930,-0.709679127671848,0.6881445450676854,4.642031802486272,-0.09912213093793246,-1.4210481428783441,-0.19519365097702612,abnormal
2024-01-01 00:00:45.940,0.12652447511555054,-1.917670188284819,4.098110548098224,-0.02972853346905064,-1.0139605198548722,0.08991615579462064,abnormal
2024-01-01 00:00:45.950,-0.1373882804081405,-0.7923665618658824,3.7296532418537134,1.3681609464149198,1.3222708206957328,-0.7547054416721237,abnormal
2024-01-01 00:00:45.960,-2.216781634477793,0.6775989556659553,2.475510641939678,-0.7153864560933221,-1.4670126589058243,0.8114959166483271,abnormal
2024-01-01 00:00:45.970,1.87617958785882,0.5975723240647928,1.7044082897492072,0.04662077068238214,1.6761590651330904,-0.5501841195521617,abnormal
2024-01-01 00:00:45.980,-2.30101691844523,0.1911158711470318,3.1650643276071007,-0.113500889687731,0.8181275294928972,-0.20506612433626992,abnormal
2024-01-01 00:00:45.990,-0.8684187975581157,1.642249934883551,1.870587927774265,-1.314663615503627,0.23799105332425044,0.3783423543774206,abnormal
2024-01-01 00:00:46.000,1.3633438571033945,-0.08942094422350279,1.2298684924516783,0.5944208347990303,0.05399088819885021,-0.9146986569794869,abnormal
2024-01-01 00:00:46.010,0.27924943258102397,1.2442014166913409,0.47242098351023465,-0.8424556987751801,-0.30588236835037064,1.315378859951456,abnormal
2024-01-01 00:00:46.020,-0.4644150519396246,0.5627116150394189,0.16859913932866166,0.5403350072961711,0.42249014864299717,0.5094167565399931,abnormal
2024-01-01 00:00:46.030,0.3571939550415891,-0.04312863155467508,-0.462627433645222,-1.0032965434514183,2.2673237306675533,0.5994791183566204,abnormal
2024-01-01 00:00:46.040,-1.2523576976943607,1.076854281323171,1.8505696561407292,0.7713021162468707,-0.27961323061781695,0.8302223846102996,abnormal
2024-01-01 00:00:46.050,0.6217580895428949,-1.5570389642112983,1.2653469586552308,-0.7708753137438885,0.6064828623431769,-0.6796025257086515,abnormal
2024-01-01 00:00:46.060,1.6771225481344745,0.8414425701885034,0.916136099934882,-0.9410555251233423,-0.07683066357879456,-0.7610133996597787,abnormal
2024-01-01 00:00:46.070,-1.1705028337580605,-0.16370455597858102,1.9750882506076817,0.43057407302237904,-0.26631918888382716,0.4542272493109045,abnormal
2024-01-01 00:00:46.080,-0.6999648497547853,-1.0926083826360011,3.310861226250839,1.1487312305427544,0.46221169680589697,0.08157983894738594,abnormal
2024-01-01 00:00:46.090,0.3912556901058891,-0.804976880748094,4.6915201387240435,-0.0718906758308727,-0.05390036966407353,0.07420263805772911,abnormal
2024-01-01 00:00:46.100,-1.549218440957228,-1.148821709371327,3.28843600785642,0.04975390467466861,-0.3858411630852985,0.4138574625141421,abnormal
2024-01-01 00:00:46.110,-1.8213941527344573,-1.2828172773021533,5.970404959413376,1.2149188310284176,-1.0143468207602784,0.0663382993913853,abnormal
2024-01-01 00:00:46.120,-1.3136929435097013,-0.18879865405991833,5.227246285010452,0.20406817928804857,0.593522060783942,0.5562563239705306,abnormal
2024-01-01 00:00:46.130,-0.18483078125557972,-0.37235069792834075,6.7807271580567265,-0.3093218353042714,1.251543818427046,-0.05881605202755686,abnormal
2024-01-01 00:00:46.140,-1.615982991269471,1.2356348913111619,4.552202485594771,0.014641828747728054,0.7715653147054841,0.15665525310955492,abnormal
2024-01-01 00:00:46.150,1.611407818038973,0.7690342788685056,5.622872959960195,-1.7121357060884437,-1.236175274594015,-0.6331395951629886,abnormal
2024-01-01 00:00:46.160,-0.8155326029923385,1.893036306314697,5.972382183478925,0.37775307193830593,-0.36567717265081134,0.47982096381371137,abnormal
2024-01-01 00:00:46.170,-1.1747674122964948,-0.10037111976464248,6.478823274652863,0.8715477798010446,-0.6898062171761042,0.3832688933426718,abnormal
2024-01-01 00:00:46.180,0.08656000557158151,0.8455714665385807,6.030489560126182,0.3172845353861429,-0.5198224751062795,-1.3162046946700403,abnormal
2024-01-01 00:00:46.190,0.4291650782159608,0.9501065396167665,7.807236796553341,1.1772594833463959,-0.3209891249100247,-0.34357751202213643,abnormal
2024-01-01 00:00:46.200,1.16788107089659,0.3189268523718919,8.945174319194898,-1.2397436907686932,1.3793051461707495,0.2616344121582581,abnormal
2024-01-01 00:00:46.210,-0.5689499741589549,-0.29043071781162094,7.816255286054963,0.6897411231760258,0.24931841190632625,-0.28175637505352713,abnormal
2024-01-01 00:00:46.220,0.41854686786867495,0.497374667445999,7.625668721460837,-1.194003102711185,-1.2603143882926788,-0.3051472267899124,abnormal
2024-01-01 00:00:46.230,-1.0541761388315931,-1.0417702252063334,9.28365892228148,-0.5798913318727358,1.3697406137775718,0.0038317217789599727,abnormal
2024-01-01 00:00:46.240,2.405870308090137,-0.4660514376821511,7.752401662434544,0.756859411619087,0.043314619140570235,-0.5795423773636713,abnormal
2024-01-01 00:00:46.250,0.45359523593268913,0.7552328580335508,8.006554695133218,-0.13866210059679457,-1.320789688746376,-0.026929516431174253,abnormal
2024-01-01 00:00:46.260,-0.1469177448574988,0.7517949262944327,9.087491846372133,-1.694537342425918,0.2577944402676028,-0.01046141548079028,abnormal
2024-01-01 00:00:46.270,-2.2203095759621867,-2.7927360163697075,8.296242828260269,-0.3153110184408457,0.1663324502510708,0.3271535842712925,abnormal
2024-01-01 00:00:46.280,1.3684243661253563,1.6384879453214993,8.954886771498286,0.31200890596184266,-0.587413855144351,0.9939764653830481,abnormal
2024-01-01 00:00:46.290,-1.2042325798427884,-0.435558391096861,8.311311508601426,0.28704373384773857,-1.0094540462393846,0.06741197242640516,abnormal
2024-01-01 00:00:46.300,1.1579441416455991,0.7042453451625578,8.631913958771586,0.6907552667887592,0.12741260588601255,-0.06620121547748477,abnormal
2024-01-01 00:00:46.310,0.11937696266595021,0.2547513432956694,8.74055451802629,0.5296973851354104,-0.10096287033384176,0.23463087695277388,abnormal
2024-01-01 00:00:46.320,0.014599748511434982,2.2964861393474645,7.715407703644217,-0.47960847285965835,0.7761851568101353,-0.40580689106354983,abnormal
2024-01-01 00:00:46.330,-0.16730860702276046,-0.4385546213949618,7.735703911653128,0.9241474800267673,-0.2922475508430197,0.5559493623614573,abnormal
2024-01-01 00:00:46.340,-0.13973139040358765,0.9603464834933293,8.0272929466503,1.4399168166112717,-0.8647389768886854,0.5215547490507969,abnormal
2024-01-01 00:00:46.350,-0.20266604192037496,-1.871783822972619,8.48985713121963,1.0441291093731615,0.9148947187220093,0.43367177842876703,abnormal
2024-01-01 00:00:46.360,1.2823563273877945,0.9012721981752758,7.524759792068424,2.123122854271052,0.23030977395816093,0.04532986367106155,abnormal
2024-01-01 00:00:46.370,0.8327483647789646,-0.11775677459514476,7.64258908021837,-0.9276570583288555,0.40638947239572193,-0.9222265053606219,abnormal
2024-01-01 00:00:46.380,0.4242337875724293,-1.5249893117143247,6.112307325727659,0.4856737387016714,-1.177599413355927,-0.12290828633454422,abnormal
2024-01-01 00:00:46.390,0.10011749673218413,-2.125215727153706,6.4401320723393916,-2.2914208758676056,0.8719364948281203,-0.6997661680851438,abnormal
2024-01-01 00:00:46.400,0.6071775907147313,-0.4382176580729316,6.120011688557249,-0.14727931713357809,0.32427865108946463,0.04017914448785592,abnormal
2024-01-01 00:00:46.410,-0.26026137213625816,2.901765921201012,6.2557382192030415,1.4318645140462654,-0.7173768675556234,0.2860415713382243,abnormal
2024-01-01 00:00:46.420,-0.32190545150100025,-0.5647090990154754,4.9577083407812825,1.0887773562602339,-0.6752623704977133,0.700438490101486,abnormal
2024-01-01 00:00:46.430,1.3290406891262394,-0.10362912210006536,5.138629099586415,1.0424271344476659,-0.7840633882232436,-0.7184202388016948,abnormal
2024-01-01 00:00:46.440,1.232743981281889,0.19849261535666618,3.710845146796663,-0.3477109494070692,0.6431552740422798,1.7235278983356286,abnormal
2024-01-01 00:00:46.450,1.168257961399262,1.7616869332360372,3.2750346063898577,-0.5443527964018251,-0.7136148752096653,-0.37838589756322366,abnormal
2024-01-01 00:00:46.460,0.2866840538629088,0.11059125730234422,3.4834403580592648,-0.8677879389883947,0.8227872267646333,0.7253728793896926,abnormal
2024-01-01 00:00:46.470,-0.5863567153075286,0.11278769410490927,3.7492824685011987,0.8108678953664952,-1.088293176993799,0.4387530607924983,abnormal
2024-01-01 00:00:46.480,-0.06558180301087277,-0.14073616353215077,2.7481189902654943,1.2092028402549577,0.2098215603382177,0.1535999730671153,abnormal
2024-01-01 00:00:46.490,0.6940987786410909,1.7513007333195112,2.3757571200177643,0.9192288754821192,-0.6719273773985319,-0.3635213446252754,abnormal
2024-01-01 00:00:46.500,-0.3321589624349009,-2.354906499096498,2.1705714760452803,0.10708087440067202,-0.43108310681006534,-0.7038277291462514,abnormal
2024-01-01 00:00:46.510,0.27891409941018486,0.7423179809452377,0.32412910848357324,-0.2230573953677878,-0.7235429259679524,0.15321407873199333,abnormal
2024-01-01 00:00:46.520,-0.6553153368255339,-1.2697728665925179,0.08148595704569395,-1.2871989664363113,0.4685621577471512,-0.16805431274278404,abnormal
2024-01-01 00:00:46.530,0.6033070986818886,1.1412780397839464,0.5667487425339139,-0.18103869014550605,-0.4755906014742193,-0.33162877362341364,abnormal
2024-01-01 00:00:46.540,-0.13112887252456115,-0.9288562458898427,1.26095252312234,-0.2328243552335095,-0.7881693731633355,-0.7520439992581546,abnormal
2024-01-01 00:00:46.550,0.867862678724334,-0.5336631870556767,1.2958594464273148,1.2309725235382238,-1.198309896901223,0.42100558985377506,abnormal
2024-01-01 00:00:46.560,-0.6634444469833513,0.30867790369257436,1.5872497628750288,-0.9931121789657672,-0.6765179451456469,0.21819961597082166,abnormal
2024-01-01 00:00:46.570,-0.6158200756602132,-0.7294002202603281,2.8477984477309235,1.454346332403951,1.2346915208579285,0.23063035717473154,abnormal
2024-01-01 00:00:46.580,-0.6463488738055084,0.7615062828545983,3.2633052474806084,-0.5551826580786391,-0.5211016608648472,0.26038379462809963,abnormal
2024-01-01 00:00:46.590,-0.6704034174219108,0.7961481223227317,3.047884743849388,1.5456424935507551,-0.5813527387333467,0.38037185463702855,abnormal
2024-01-01 00:00:46.600,0.8732741846615623,1.294305341452886,3.520271400771796,0.20813257575137192,-0.991090684470483,-0.18077391740482215,abnormal
2024-01-01 00:00:46.610,-1.611492969159115,-0.15612264522712718,3.283206390599958,-0.8795712070238375,-0.11183550734696884,-0.12802836970344428,abnormal
2024-01-01 00:00:46.620,0.37237740266659014,-0.5799623072921315,4.444200766367104,0.8217118882462834,0.29844290129420215,-0.1537042486589666,abnormal
2024-01-01 00:00:46.630,0.005524846158194819,1.892602594089518,5.8838508124406035,1.2989950168727609,0.9455907447903388,-0.005836074226999993,abnormal
2024-01-01 00:00:46.640,0.4965730141968935,-1.094153506752893,5.8705083262064575,2.4001358115013742,0.7331418663329293,0.6523652003434256,abnormal
2024-01-01 00:00:46.650,-2.0847982596834242,0.7996219932497347,6.291249391466988,0.3240928820776771,0.10902513898713423,-0.23365319420476613,abnormal
2024-01-01 00:00:46.660,-0.747169450109156,0.07164165946953693,7.374109792433396,1.2682821233323465,-0.24593435936754066,0.9141304258614811,abnormal
2024-01-01 00:00:46.670,0.5721968321342842,-2.171647375392623,7.063627701609046,0.019251374199449858,0.09589285728157747,-0.29312717351194023,abnormal
2024-01-01 00:00:46.680,-2.3882077618167536,-1.5662946496852121,7.018738122014513,-2.0623868200755786,0.7925370407308723,0.9093310819997018,abnormal
2024-01-01 00:00:46.690,-1.8030531242349768,-0.7660853488900904,6.154419225669145,0.020524847556696663,-0.6536717187561829,1.32883273389957,abnormal
2024-01-01 00:00:46.700,0.03052976841356514,0.45801795654836525,7.717933554205047,-1.1821412766934534,0.8223719476309672,0.45178288175548237,abnormal
2024-01-01 00:00:46.710,-0.42932624520477425,-1.4845550481336869,7.7244098858681065,0.20555895589836073,0.29147715052092144,-0.189769766130096,abnormal
2024-01-01 00:00:46.720,-1.2302815658853747,-0.8856268289661714,7.9180157262012525,1.543606987290999,-1.313895755591604,-0.34767267334035934,abnormal
2024-01-01 00:00:46.730,-1.2491784303049542,-3.151953505481024,9.03053192183884,0.9238102339552007,-0.3452720272726103,-0.8707774670530624,abnormal
2024-01-01 00:00:46.740,1.1449994385186404,1.2121999500367717,8.452097215154913,1.7812130591538615,-0.2625358070467138,-0.18382367487676438,abnormal
2024-01-01 00:00:46.750,1.7846754601384598,0.02262027239518613,8.726041960192457,-0.15897266443083116,-1.4184773460060007,-0.23764416305858344,abnormal
2024-01-01 00:00:46.760,0.06573314081863518,0.6342964356197544,8.673478579809954,0.0008437870766443354,-0.0754365022972886,0.14230761053711205,abnormal
2024-01-01 00:00:46.770,-1.447000228486181,-0.21692574094417885,7.478330511577036,0.9850685578451086,1.2397275481861494,-0.2916814747850363,abnormal
2024-01-01 00:00:46.780,1.346151015919477,1.4840261069276082,8.314611672053102,-0.5596308482573855,1.240472946197044,0.1990984795625393,abnormal
2024-01-01 00:00:46.790,1.8773218682109947,1.245897564043566,8.52213518268167,-1.4971821391180484,0.22099720961044497,-0.4967437609979379,abnormal
2024-01-01 00:00:46.800,0.8806725539118188,0.4463297042235422,8.10414734395192,0.10113741454584792,-1.497153959601218,0.014970039693139129,abnormal
2024-01-01 00:00:46.810,-0.5178955446323533,1.3909985339794193,8.479317161721381,0.6462729365437614,0.0432367806242839,0.15752646732557082,abnormal
2024-01-01 00:00:46.820,2.192319289464643,1.5630904645480737,8.942817459788767,-0.6223119156520636,1.243498760013879,-0.010915277690237295,abnormal
2024-01-01 00:00:46.830,-0.23852934373496965,-0.5114519283497395,7.927452437121344,1.2029654209615865,-0.21987132619280159,0.6669727716919966,abnormal
2024-01-01 00:00:46.840,-1.751928440447997,0.5111794008693571,8.193453697461532,1.1298377715835008,0.8230945259597446,0.1378238823975811,abnormal
2024-01-01 00:00:46.850,-1.1455014157917942,1.068192718555893,7.653411115606373,0.5514487335739859,-0.17948227875972655,0.09526040809330101,abnormal
2024-01-01 00:00:46.860,-0.4550301108151176,0.7825328232009915,7.8215301778338775,-0.33642366993623846,-0.17694963892248694,0.8358444965243472,abnormal
2024-01-01 00:00:46.870,-0.9337494979053323,0.35503263661059936,6.685761992603633,0.4639280102445283,-0.07320751011953691,-1.2814069254948985,abnormal
2024-01-01 00:00:46.880,-1.1878631889374693,-0.11655360503976837,6.79892881924173,-1.9780084076525066,-0.4395706498863555,-0.1510193391368369,abnormal
2024-01-01 00:00:46.890,0.45761047106680974,1.2971605009983678,6.092392041695528,0.6466035176581979,0.24399379665509277,0.16313493884882124,abnormal
2024-01-01 00:00:46.900,-0.12316660197275557,1.954263003424083,6.105201972790919,0.4586319386653785,0.4142153166481984,0.5819950435487936,abnormal
2024-01-01 00:00:46.910,-3.185847141520187,-0.3573957445106698,5.023426338076439,0.4695378116245458,-1.4415134250609865,-0.1322652634813255,abnormal
2024-01-01 00:00:46.920,0.43398488762469073,-0.009835977314165795,4.913816302117792,-0.7453766964564932,0.9910925792175591,-0.6920824616822622,abnormal
2024-01-01 00:00:46.930,-0.19569983051099446,-0.7974006198772999,4.380496526386423,-0.891591693409946,-0.4392484495924182,-0.08685446731162724,abnormal
2024-01-01 00:00:46.940,1.634811892722994,-1.0970349327998696,3.4531501207728637,1.9809554081802774,-1.524990987381474,0.34231024773527186,abnormal
2024-01-01 00:00:46.950,1.45815316020359,-1.0229985736464386,5.169241333864342,0.013499488679178719,-0.9151925221435996,-0.4988782533019578,abnormal
2024-01-01 00:00:46.960,1.1395848504840018,-0.26507465018503523,4.819072226693479,0.6239752932464662,1.5896580856672313,0.49516672039825144,abnormal
2024-01-01 00:00:46.970,0.9880505709390579,-0.7634943924980938,3.6133350896506546,0.17452390107817214,0.3081624406309613,0.6391095903114069,abnormal
2024-01-01 00:00:46.980,1.6155639906307648,0.8023245779252848,3.2241641402721033,0.07670310619154962,0.11977975338911989,-0.35739203951650106,abnormal
2024-01-01 00:00:46.990,-1.689480798915356,-2.019988549458514,1.9011534409842243,-0.4165024717297963,0.26129203746259705,0.5327288447610294,abnormal
2024-01-01 00:00:47.000,1.0115741529157665,-0.04070921885205107,1.9802656851090672,-1.92377751641907,0.7714963783876665,0.6084351625715431,abnormal
2024-01-01 00:00:47.010,0.29520215689095647,0.13413804998769724,1.8130023076017028,0.4703341105627715,-0.8209179907683529,-0.37832486772872204,abnormal
2024-01-01 00:00:47.020,1.090506111941433,1.7047078113333043,0.7396055622023505,1.3330027468459233,0.7418977548457364,-0.6528275651588734,abnormal
2024-01-01 00:00:47.030,0.7025504462916912,0.018111095865495544,-0.2946843546923545,0.3060082464674446,-1.5027993427317434,-0.15559637524378972,abnormal
2024-01-01 00:00:47.040,-1.4695923476450503,-0.2927452254624156,0.0829244548166074,0.3078576530184287,0.10577044167668068,-0.41413995349029764,abnormal
2024-01-01 00:00:47.050,0.4428189171312573,1.1341473332110428,1.1974558772779902,1.655849714648853,-1.0832082823956168,0.2442826903670487,abnormal
2024-01-01 00:00:47.060,-0.8966164298392443,-0.8961385942715282,1.4827718179240814,-0.0007942029123604017,1.3325283892367765,0.863244278105539,abnormal
2024-01-01 00:00:47.070,-0.8004667946728958,0.20046717908230513,2.3105792842756347,0.8765546850460512,-0.7953560437229682,0.12976712811075375,abnormal
2024-01-01 00:00:47.080,-0.416434602996771,1.1088359068037459,3.5094822999348807,2.1660170716594758,0.5290628381350682,-0.07303403118888108,abnormal
2024-01-01 00:00:47.090,-1.5002955229529187,1.7743268562021117,3.922818580660522,-1.5109206904860857,0.845695949617455,0.9642135386040931,abnormal
2024-01-01 00:00:47.100,0.9032897063685972,0.47927140361405934,2.4426058602747514,-1.4097588473784584,-1.6843156614265837,0.27397430992497046,abnormal
2024-01-01 00:00:47.110,-0.8075740853037542,-0.5752086118741185,3.6034996354959383,-0.5133653446652553,0.25449163839109956,-0.054578305566303456,abnormal
2024-01-01 00:00:47.120,1.1719659796120327,1.370763372622661,4.997862362639041,0.3827842768664243,-1.619871427184418,0.5488558104389537,abnormal
2024-01-01 00:00:47.130,-1.205857923283919,-0.6001470089758101,5.090479029864427,-0.23031381520128721,0.9114322284399472,0.3748466217707334,abnormal
2024-01-01 00:00:47.140,0.8183424807343527,0.8466470122296489,5.762216974456911,1.8988178275730145,-0.10007421189136048,-0.52307316195869,abnormal
2024-01-01 00:00:47.150,-1.1907747116029854,-0.11287298886011307,6.1657609346760776,-0.309758791661354,0.2885584628346407,0.27375221593636573,abnormal
2024-01-01 00:00:47.160,0.8432047410060229,-0.49154437903972403,5.890552687750652,-0.2804383366066819,0.342791085780655,-0.5815636857169917,abnormal
2024-01-01 00:00:47.170,-1.4905811070729662,1.5020788214850624,6.360016386212307,0.08199027145171262,0.3087681459346736,0.02758826655875232,abnormal
2024-01-01 00:00:47.180,-0.5136393153300015,-0.8839787333721677,6.200142911651634,0.29288474705048095,0.08638650233204254,-0.6862052230748878,abnormal
2024-01-01 00:00:47.190,-1.2930537439755811,2.1269710738757897,7.778876103227191,0.02498385104827123,-0.034417004892810285,0.5473767480108461,abnormal
2024-01-01 00:00:47.200,0.4706138892128241,-2.1713630452112582,6.312446988179177,0.986064837909767,0.05909170875586637,0.19881184734535684,abnormal
2024-01-01 00:00:47.210,-0.3071088208549216,4.3879133173905345,8.569898091928003,-0.41073352306509575,0.7260880282060552,-0.021114864500462707,abnormal
2024-01-01 00:00:47.220,-1.4000941134580225,1.5068905389793785,7.321446272802267,0.0940855751798119,-0.5928067591127362,-0.09068337476870085,abnormal
2024-01-01 00:00:47.230,-0.1010697223400863,-1.4258314177275369,7.777983318137622,0.19280848644464244,-0.2331694669343206,0.04291658600124829,abnormal
2024-01-01 00:00:47.240,0.19471250767694312,-1.1712179683412198,7.248930973018239,-0.17935928276981922,-0.9314559757797606,-0.06868401444282604,abnormal
2024-01-01 00:00:47.250,0.7495905616862738,-0.355116177185874,8.428392451685257,0.6041206096637403,-0.7553064670914719,0.5519649787997266,abnormal
2024-01-01 00:00:47.260,-0.41228825830261195,-0.9572512149670052,7.744803085466522,1.0637311502615745,-1.897526666758781,-0.27568404993062734,abnormal
2024-01-01 00:00:47.270,1.0702313099402805,-0.4062488899532131,9.118682153119101,-0.21871628301678442,-0.5594409317253649,-0.06604693559788719,abnormal
2024-01-01 00:00:47.280,-0.44153489591621276,-0.3903782732053063,9.53455270095162,-0.5056555625343168,-0.7712781303924369,0.28565733841410856,abnormal
2024-01-01 00:00:47.290,-0.5623930468240483,-1.0700281407967527,9.586312276699253,0.19627912711013348,-1.157642616790924,0.28125992379175313,abnormal
2024-01-01 00:00:47.300,-0.7329275490397881,-1.8395539316228628,9.314217432533514,-0.4426965217006742,0.455846441314521,0.2887066176288288,abnormal
2024-01-01 00:00:47.310,2.2129758432195024,-0.34024525672904815,8.507929039201693,0.7056967358336221,1.0214169016508368,-0.24845548604038534,abnormal
2024-01-01 00:00:47.320,0.0033544022808653057,-2.039649342860094,8.042770469228897,1.8336194365162528,-0.6304988975712681,0.407593852141682,abnormal
2024-01-01 00:00:47.330,-0.5645473281746324,2.8496524176112454,8.38770135771222,-1.2186569053349903,0.02724931746867489,0.24543772584648588,abnormal
2024-01-01 00:00:47.340,1.1234259966778184,-0.9099472638554401,7.210130328194625,0.22403045135568386,0.43853213181612877,-0.17076773209556886,abnormal
2024-01-01 00:00:47.350,-2.2374748652808742,-1.5547190202212755,8.253491165082723,1.5378196580592496,-0.7294326715050453,-0.6209097468844458,abnormal
2024-01-01 00:00:47.360,1.5215619750001694,-0.8341923384255787,7.325930657461405,1.4905312182293762,1.58223698560668,0.3497310916432619,abnormal
2024-01-01 00:00:47.370,-0.6524034720461709,0.38094910085866346,7.012028759801447,2.161145744787759,1.4555704741416906,-0.629998231192226,abnormal
2024-01-01 00:00:47.380,2.756118598653486,-0.008497953701136237,8.18999963247838,0.12050122593241781,0.47513840710054245,0.006560784351219531,abnormal
2024-01-01 00:00:47.390,1.809806023612579,-1.2283134747734292,6.719564985378649,-0.47123875648130364,-0.2761736602031058,0.07855455698173439,abnormal
2024-01-01 00:00:47.400,1.2772638314266935,-0.3734981911181316,5.946720998668576,0.8895099631573008,-2.002664352479225,0.060152120427943545,abnormal
2024-01-01 00:00:47.410,-0.575866817729451,-0.21078654364505658,5.367115617346226,-0.5528765267975442,0.7673667784684061,0.15061477813189939,abnormal
2024-01-01 00:00:47.420,0.4066200587246768,-2.438168299435579,5.29412760064818,-0.5527657637229586,-0.8652717477136589,0.010846988510294997,abnormal
2024-01-01 00:00:47.430,1.4944121067401777,-0.23711305651755524,5.503398916237313,0.7887602095002318,0.557413110835394,-0.192504402843402,abnormal
2024-01-01 00:00:47.440,-0.4062125049739266,0.6511545127160357,5.929944741535719,0.06850344097705335,1.8540057618765882,-0.6824412313083719,abnormal
2024-01-01 00:00:47.450,-1.4944761517376814,0.5494350699090335,4.408236575496337,0.36836563465611866,-1.2138688910317503,0.7583224618116193,abnormal
2024-01-01 00:00:47.460,-2.9811815138487794,-1.6854052308099094,4.209020815461565,0.5994730271673859,-0.2789775316664125,-0.10743815123886485,abnormal
2024-01-01 00:00:47.470,0.05461793859723047,-0.8572498270258709,3.74131986848033,1.620309419915661,0.7026218248798487,-0.03410516315500671,abnormal
2024-01-01 00:00:47.480,0.37242895557790917,1.146689631607168,3.4783376255006235,1.2455658297309316,0.10544362307438307,0.013009223013001952,abnormal
2024-01-01 00:00:47.490,1.4869911472763826,1.5216641326961424,3.2286578015605394,-1.073603102782603,0.5938828875973934,-0.6372356267336535,abnormal
2024-01-01 00:00:47.500,-2.930483230248638,-0.22063851319093783,1.446224158370736,0.7171107941524277,-0.30873481194044183,0.755865479013358,abnormal
2024-01-01 00:00:47.510,-0.5639305404687533,-2.617438699792654,1.9820014542937683,-0.0012409857838233534,0.7559525285545137,0.24752493985156576,abnormal
2024-01-01 00:00:47.520,-0.9378494183854733,-2.390773864308959,1.4077646795045133,1.0379839283698835,-1.0433101555124646,-0.5613295402370004,abnormal
2024-01-01 00:00:47.530,3.211101165382359,0.08646781018689968,1.1726693927987588,-0.8710305450256852,1.3327194115335603,0.29552378774457483,abnormal
2024-01-01 00:00:47.540,-0.9286053593436261,0.8759035664764477,0.13638003843680113,-0.3691498890994655,-0.28264187606460817,0.3804073967416965,abnormal
2024-01-01 00:00:47.550,-0.10174918433975785,-0.7732130290767231,-0.17046499553010974,2.276393582884159,0.8341615421780714,-0.03284244689325558,abnormal
2024-01-01 00:00:47.560,1.886722374907648,-2.2941908477758592,-0.022858360319825355,-1.3631429791954244,1.0708197041148948,0.5327365917066039,abnormal
2024-01-01 00:00:47.570,-0.48916370632354156,-0.5668872111357133,1.7425260808921612,0.04717358692014321,-0.24516425728671112,0.06050812972959639,abnormal
2024-01-01 00:00:47.580,-1.3154732469976989,-1.3642411548450564,2.988988166411869,1.0895480882872024,-1.1427185257155545,0.4492308191380762,abnormal
2024-01-01 00:00:47.590,1.4193502673574505,0.7990651168645974,1.4038508812678054,-1.3116202806055728,1.2768345603278537,0.4348723666957372,abnormal
2024-01-01 00:00:47.600,0.7735193548881613,1.5123282685646502,3.4502043157542617,1.939052096855816,0.7170930306845185,-0.555014327019342,abnormal
2024-01-01 00:00:47.610,1.5938153648121287,-0.5777803382245829,2.642223890801536,-0.6740997596083591,1.0112172981251497,-0.9066729299086941,abnormal
2024-01-01 00:00:47.620,0.8729214809431837,1.773680137588112,4.362787184645437,2.0961908621352925,0.9507723679271772,-0.2527159615631457,abnormal
2024-01-01 00:00:47.630,-1.5116648395759518,0.24864862817915095,4.749120993412937,-0.014520775401477153,0.7618888384947731,0.6549835265595111,abnormal
2024-01-01 00:00:47.640,0.19001153517393032,-1.3702743359608298,5.182370152403822,-0.19568758474686446,-1.670889253465544,1.067463196041714,abnormal
2024-01-01 00:00:47.650,0.9125708571094082,0.8882971931920514,6.419116612628206,0.9756564782991269,-0.7654235839310582,-0.27493172898059903,abnormal
2024-01-01 00:00:47.660,-0.5407082789233848,1.872124179176371,4.879418176467015,0.3786578315905294,0.6562642995017591,-0.7685044521252561,abnormal
2024-01-01 00:00:47.670,0.28095925906853364,-0.17158628685169558,7.80737516032947,1.5792349780700328,0.8902619101847197,-0.20628680297044902,abnormal
2024-01-01 00:00:47.680,2.6802736727016407,0.5186124746155739,5.911387317491488,-0.3647374148522184,-0.449460319222111,0.06093316327104537,abnormal
2024-01-01 00:00:47.690,-0.2270527421060358,1.3090484383133894,7.117420865846523,-1.2484235834848278,-0.08085686154800881,1.053750905315645,abnormal
2024-01-01 00:00:47.700,-0.5197391322899594,0.5138137611710211,6.420074534126099,-0.22190519158899122,0.6234906553370786,-0.18771027303444085,abnormal
2024-01-01 00:00:47.710,-1.5053524844282355,1.607618388158053,7.985139929529741,1.0375584970190177,0.11609409964229332,0.3129507896952888,abnormal
2024-01-01 00:00:47.720,-0.3408923537706175,-0.36594229217362045,8.156303158152927,0.4331473710381859,0.9130496968817026,0.24973888067909036,abnormal
2024-01-01 00:00:47.730,-1.4734575165595583,0.30427815552965515,7.491024884131373,-1.1004437344228888,1.4857992923651429,-0.08509027675428114,abnormal
2024-01-01 00:00:47.740,1.3095662830330879,-1.7169657350559662,7.89143702153468,1.6848714517471515,-1.6462441135531187,0.3332024893784765,abnormal
2024-01-01 00:00:47.750,1.125251433971215,-1.797743907076705,8.400843246042008,0.7098198438893266,0.6346007441791272,-0.031335617300504826,abnormal
2024-01-01 00:00:47.760,-1.385755588965382,-0.08785948819594065,7.924535547917598,0.4806180042879795,0.3966853026890752,0.2909998781670644,abnormal
2024-01-01 00:00:47.770,0.25354477038086976,-0.4928757403099899,8.715983196408066,-0.45322611805370605,0.38397585884002167,-0.33618958255602005,abnormal
2024-01-01 00:00:47.780,-0.5504810323666144,-2.5117931388291015,8.618600651689729,0.5119801260733013,-0.4737980349287191,0.6875646999451817,abnormal
2024-01-01 00:00:47.790,0.9278078781842176,0.30942957663773035,9.214564067624053,1.300653107718572,-0.24168123184660165,0.29938665697735817,abnormal
2024-01-01 00:00:47.800,-0.3783833785397742,0.9682577052382035,8.772274286456625,-0.425200662807787,0.34369701802155833,-0.05186312780863431,abnormal
2024-01-01 00:00:47.810,-1.0620233011392302,0.8488365482310956,9.324507146555337,1.0519020530016985,-0.21394422890606976,0.005809737517746001,abnormal
2024-01-01 00:00:47.820,0.027468438221131257,-0.2303520595469103,8.644063840767966,-0.25013546728097436,1.2243349178624858,0.0019623719814224976,abnormal
2024-01-01 00:00:47.830,0.04340768428275146,-1.9641897524654501,8.255446495918262,-0.6851024571686363,-0.06457659767687764,0.08195693398637818,abnormal
2024-01-01 00:00:47.840,0.10253316801147522,-0.02254679888046569,7.954150563677693,0.7638463260669026,1.6932176764039797,-0.4664837165194516,abnormal
2024-01-01 00:00:47.850,0.2607415230445886,-0.5534430632673896,7.5972236967905555,0.08247166780598773,1.6523085327427367,0.6764430597001314,abnormal
2024-01-01 00:00:47.860,0.26694983838462094,0.5108161573657218,8.178309361066008,0.20326571765927487,-0.5685195421779152,-0.612312185784648,abnormal
2024-01-01 00:00:47.870,1.1979220370207535,-0.5943410975039535,7.810475086686045,0.033979879855571236,-1.5174219162835825,-0.11195282880165933,abnormal
2024-01-01 00:00:47.880,0.7943248884467321,1.8876227085123092,7.3563826306752365,-0.72549880117784,0.5982665582904411,0.2049916517346382,abnormal
2024-01-01 00:00:47.890,0.7036838614554138,2.598404337659678,6.848475186596837,1.3708619773618993,-0.3561365390944757,-0.03634116083557372,abnormal
2024-01-01 00:00:47.900,1.4797362480216913,0.49881329617530656,6.391514207138892,-0.09567599668921323,0.21165865181828986,-0.12834458117965375,abnormal
2024-01-01 00:00:47.910,2.2573063341916635,0.6756481893996509,6.222251033937267,0.5628682519343056,0.7211183865372385,-0.36339966074209956,abnormal
2024-01-01 00:00:47.920,2.146255871942137,-0.6888033229804168,6.1518546580851385,2.285830322521904,0.6160381090506412,0.0272901687519574,abnormal
2024-01-01 00:00:47.930,0.11648558003272654,-0.46249778719926715,5.546323725821746,0.7797894030051877,-1.3796583498465425,-0.3590616086981469,abnormal
2024-01-01 00:00:47.940,1.8064002868479851,-1.248618585213982,4.571163182753622,-0.35173008594968547,-1.82456420206196,-0.031464294668683675,abnormal
2024-01-01 00:00:47.950,-1.1884368052248937,0.2342239391835439,4.869097341976739,-0.2970734650337541,0.7934106609900083,-0.37657782960562214,abnormal
2024-01-01 00:00:47.960,-1.5500907743956867,-0.8863307182183687,3.88496823483125,1.4596549368733558,0.1221365783938071,-0.22676687103406404,abnormal
2024-01-01 00:00:47.970,-2.11450254078165,0.33759711497097245,4.535584882830217,-1.295511203005201,-0.38188250027769266,0.35149485141588505,abnormal
2024-01-01 00:00:47.980,-0.5830644199557271,-0.9305621900854362,3.740002941892305,1.7433555581328468,-0.34409881809935866,1.0072795099130512,abnormal
2024-01-01 00:00:47.990,0.00934600521212019,0.71559719614657,3.6911241834248183,-0.7064131650010746,0.14559707049468282,0.6561338379536572,abnormal
2024-01-01 00:00:48.000,0.3966625420241652,-0.5231417398443509,2.9260351443000845,1.3314446948825376,-0.14370984478501578,-0.7165687436175262,abnormal
2024-01-01 00:00:48.010,0.371316641132987,1.0139479547336394,1.822042448156495,-0.6266500257671801,-1.8222083784449739,-0.05636994033727455,abnormal
2024-01-01 00:00:48.020,-0.7627785868738776,0.6156898097015729,0.6243104620318092,0.2519586778985348,1.1205980631635482,-0.02772583437119776,abnormal
2024-01-01 00:00:48.030,-1.4806327942168687,0.3856710593418799,-0.06781378035465191,-0.11589616925984356,-0.7021997321629062,-0.5170523778971882,abnormal
2024-01-01 00:00:48.040,-0.4633135660665521,-0.8284393923431204,1.2492811099994212,-0.7441822957423065,-0.457713014837961,0.17915642303887971,abnormal
2024-01-01 00:00:48.050,0.9176963638225398,0.03877079483853802,0.1212086345697473,0.27939111717486687,-0.8726033297999781,-0.5545761884247363,abnormal
2024-01-01 00:00:48.060,1.3226276400600636,0.02534801342125999,0.5182005923792303,0.5559934911627441,0.22410807516783557,0.416017041517056,abnormal
2024-01-01 00:00:48.070,-1.4983745130694308,0.5400476242153215,1.0808328625539414,-0.6925477534142249,0.17220463973368372,0.3937652171566536,abnormal
2024-01-01 00:00:48.080,0.7865913640381006,-1.28011592344002,2.012213004688115,-0.152788994005089,-1.5788471290512607,-0.7077148228946227,abnormal
2024-01-01 00:00:48.090,-1.622695301531463,-1.357310535005964,2.204196752459313,-0.12314838725275545,-0.14093085252252527,-0.5088087348951956,abnormal
2024-01-01 00:00:48.100,-0.9107767836003022,0.04771118793731579,2.8484437020825077,0.05353846605451835,1.2545185363903262,0.09379619581470716,abnormal
2024-01-01 00:00:48.110,0.9605407600519115,0.10881523993714784,3.035174005776141,-0.9670026595030957,0.16804929498054455,1.0860467496503576,abnormal
2024-01-01 00:00:48.120,0.8634045188067999,-2.8428740637491305,4.588136266980336,-1.162334133478536,-1.1587768944394756,0.24896266865571276,abnormal
2024-01-01 00:00:48.130,-0.5327105905937436,1.9019938357195887,4.062582680266502,0.7636847407605274,0.6975361381342468,0.38889647849012116,abnormal
2024-01-01 00:00:48.140,0.7348894021346639,0.05512173998748262,4.709304667353403,-1.547076417972024,-0.12312068504071395,-0.9729359314000581,abnormal
2024-01-01 00:00:48.150,-2.287245991441227,-0.3027142703151065,4.81758386789472,-0.11973761634022162,-1.8580684297249515,0.44912680862734056,abnormal
2024-01-01 00:00:48.160,0.14949605456835993,-0.7712104887338139,5.145263516075568,-1.0720065955571014,-1.8510134249022274,0.005182915793531952,abnormal
2024-01-01 00:00:48.170,0.781663843162283,0.6420761957103099,5.763661683657995,-0.33215882037945155,-0.20246589095526152,-0.287124801213193,abnormal
2024-01-01 00:00:48.180,0.07399311988050179,0.24386137175251463,6.435137982553741,0.4998877086561879,0.18311908170915706,-0.5378986071477453,abnormal
2024-01-01 00:00:48.190,-2.574697117697557,-0.002053345557221055,7.344009292525522,-0.4726038312928093,-0.46294006205292876,-0.26843458593022135,abnormal
2024-01-01 00:00:48.200,-1.466720382796162,-0.57986946744417,5.944871945448785,1.4449006904289299,-0.1741406226997412,-0.3424016639537537,abnormal
2024-01-01 00:00:48.210,-1.991237608753663,-0.47431696030587667,7.5468111184392805,0.7838677058313395,0.4504656759820636,0.685645170505694,abnormal
2024-01-01 00:00:48.220,-0.5220940516955204,0.712640094237874,7.373367645513847,-0.07267121478839046,0.09936808183503205,-0.3579197199309721,abnormal
2024-01-01 00:00:48.230,-0.08812033773858512,0.005904084905775382,6.839688361749423,0.18668150246059143,-0.4364294471903301,0.25767706903427856,abnormal
2024-01-01 00:00:48.240,-1.3551721665624756,0.47137607691462685,7.223291472807304,-0.9165926594209878,0.030644038629256878,0.6539709762691633,abnormal
2024-01-01 00:00:48.250,-0.8790357675471607,-1.3680886874695302,8.337979234784797,1.2286416713103225,-1.6268458034718354,0.08937668678465782,abnormal
2024-01-01 00:00:48.260,-1.6410186095783519,-0.3595658984372448,7.854910516639971,-0.5115636864870919,1.1095282067753098,0.34316838446026376,abnormal
2024-01-01 00:00:48.270,-0.994350964629787,0.4053818222996247,8.146635231207538,0.7161634779449939,-0.35194965053921573,-0.32410090522946283,abnormal
2024-01-01 00:00:48.280,0.1201202627818129,1.5999793516754621,8.595893619422307,-0.3411288646673465,-0.9889736170256095,-1.0162130400675016,abnormal
2024-01-01 00:00:48.290,-0.4776080840789554,0.5665559737511058,8.199296223485911,0.9421554487725011,-2.1561260793288635,-0.0013841475964659242,abnormal
2024-01-01 00:00:48.300,-0.21463433012947986,-1.354276625260631,8.650682541636186,-0.5576012400920201,-0.16903040596088495,-0.18121359711823642,abnormal
2024-01-01 00:00:48.310,0.5357953898961866,0.5424125743527176,8.135878273373374,1.064779900744499,1.026637941114056,-0.5483773973171192,abnormal
2024-01-01 00:00:48.320,-0.7985853797087988,1.1155080888196744,8.838816150047204,-0.4249446789625474,-0.054809993760418854,0.018679007723249378,abnormal
2024-01-01 00:00:48.330,-1.7371236837529278,-0.9672889497997806,8.935870481878142,0.1470238101604428,0.7336154602649453,-0.09194449325926894,abnormal
2024-01-01 00:00:48.340,-0.5509980651081006,0.10359153312617068,8.155731986738513,-0.07084368946419155,-1.1246089708572864,-0.1626051924868602,abnormal
2024-01-01 00:00:48.350,-1.5592567945675744,-0.4520933371328543,8.837457435131494,1.2433316220590918,0.20218305532784167,0.7824552267327478,abnormal
2024-01-01 00:00:48.360,-2.0118962715765014,-0.14199642613569807,7.62865085198147,-0.20935266887122075,-0.9518763001968643,0.08407305332768242,abnormal
2024-01-01 00:00:48.370,0.4620963306622944,-0.3630028520500818,7.911624575276328,0.711991297703485,2.2749678049134756,-0.4516306986978958,abnormal
2024-01-01 00:00:48.380,0.6687506823135672,-1.4523500546011754,7.239779148155115,-0.2078906359740945,1.2392129786407604,0.027033390128775116,abnormal
2024-01-01 00:00:48.390,-1.0007707703278796,1.3589740218527397,7.680268798929964,-0.8642573326331113,0.8008958499505056,0.1947588508040355,abnormal
2024-01-01 00:00:48.400,1.8623147315859139,0.5120029489973106,8.139377780116277,0.5316656612011986,-1.916595479908704,0.11598271175830645,abnormal
2024-01-01 00:00:48.410,-0.6957172332285397,1.484544430809133,6.6234151984178595,1.569815937658537,-2.3869604041897476,-0.7818034702433427,abnormal
2024-01-01 00:00:48.420,0.674592149014905,-0.8490282541072477,5.953501400215473,-0.11492517180409302,0.9483831428035657,-0.019663376216861567,abnormal
2024-01-01 00:00:48.430,1.0700878637109625,0.2179668555511352,6.757778387233435,1.7653783684636304,0.7195253473256428,-0.5322884166418872,abnormal
2024-01-01 00:00:48.440,-1.1076469654984407,-2.0786581727458806,5.429103710225739,1.9067371840825962,0.02740693131481724,-0.22389378614909564,abnormal
2024-01-01 00:00:48.450,1.1255025928485598,0.9522856519407744,4.797309993106399,-0.41655584823225844,-0.5302713272639923,-1.124786565368179,abnormal
2024-01-01 00:00:48.460,1.285565379752722,0.9027612475321579,4.7548196978052735,0.3484289249881639,-0.8206925962470295,0.16327286952664596,abnormal
2024-01-01 00:00:48.470,0.6312465386194401,0.4219035744706723,4.2450188445519945,0.07816707970828879,0.7131299611464015,0.8129112960803402,abnormal
2024-01-01 00:00:48.480,1.295902349728072,1.4624315538565318,3.54702851205996,0.23137473671230385,-1.0413438005393911,-0.12228293782785557,abnormal
2024-01-01 00:00:48.490,-0.3629261782904175,-2.3574586894887872,2.4158342287796324,0.46112895737284565,-1.4560510159061286,0.9190340306701186,abnormal
2024-01-01 00:00:48.500,0.34928622440016244,-0.22229345924228697,1.0473249112978842,1.1511294168137258,0.684924568156479,-0.31503937790048436,abnormal
2024-01-01 00:00:48.510,0.4320260837145475,-0.8992962665989012,1.4237627175033745,-0.8926805994960916,-0.45945985588843785,0.5604723728953681,abnormal
2024-01-01 00:00:48.520,-1.4342293580786747,-1.721304571734341,0.9079856477468949,1.1431426023312612,-0.8280675353060785,0.6265305278748002,abnormal
2024-01-01 00:00:48.530,0.45376025573679335,1.1257977569286093,1.233519717297543,-0.04722754982962882,0.8961160907230784,-0.5607215034060472,abnormal
2024-01-01 00:00:48.540,-1.1755173141759574,-1.3488476982381945,0.6278642994707498,-0.21373980594135833,-0.07164830438322294,0.11946673186425494,abnormal
2024-01-01 00:00:48.550,-3.8273575766788586,0.8392573715782197,-0.1673102046869549,0.19044557622046365,0.042079716721880205,-0.6862812031562284,abnormal
2024-01-01 00:00:48.560,1.5104112544583967,0.3090602400888545,0.08225687223762773,1.6006249657982532,0.7000599611235533,-0.15413789324668384,abnormal
2024-01-01 00:00:48.570,0.6063953554506127,-1.9288636371577637,1.1432716586390892,0.4028413612946532,-0.2194554304801223,-0.6777094557966721,abnormal
2024-01-01 00:00:48.580,-1.3009060420182827,0.9799945634289307,1.4200739011936803,0.2911432943235238,-0.27124168146438254,-0.533966858018815,abnormal
2024-01-01 00:00:48.590,1.3929783357577705,0.004653880438443266,2.502892154332466,-0.6110649490274692,0.3239278780427748,-0.4869050975528772,abnormal
2024-01-01 00:00:48.600,0.5510544551335843,1.4592712916253783,1.4869445161236923,-0.6260521014762461,-0.011887361929221591,-0.2515623258787112,abnormal
2024-01-01 00:00:48.610,2.288910166777091,0.7133181572404699,3.727217599836065,-0.06902892846093049,0.7129664481100189,0.14634744739906863,abnormal
2024-01-01 00:00:48.620,1.9030003584675421,1.759466613728755,3.2857068658256487,-0.21223418606492908,-1.302947935582977,0.09570432648851292,abnormal
2024-01-01 00:00:48.630,1.5752814243714777,-0.9593759821603767,4.874214728187619,-0.7194212180468551,0.8627862306126812,1.2885924598882696,abnormal
2024-01-01 00:00:48.640,-0.7068205970845515,-0.06321752712069369,4.474545583006409,-0.8108693960153426,0.7951302630994044,0.19065699265065808,abnormal
2024-01-01 00:00:48.650,0.5767229502034704,-0.5026238024831531,4.316352485148734,-1.050328604142372,0.535211545460137,-0.35588820699144097,abnormal
2024-01-01 00:00:48.660,-0.5628487114057102,1.1454072614399293,4.6202471746575675,0.5879671190576072,0.32291898081932335,-0.005926797551250323,abnormal
2024-01-01 00:00:48.670,-2.227181227893192,-0.6368936386083249,6.629257575936039,-1.2182102578036178,0.4473427897998658,-0.17543333649621898,abnormal
2024-01-01 00:00:48.680,1.4208263992599452,-1.074982318324122,5.948975885003141,-0.5814490204824551,0.5243987488782135,-0.5186112587815597,abnormal
2024-01-01 00:00:48.690,-2.1376099422932797,1.2982301088295392,6.846443767822653,0.8602827743264274,0.8861807480028263,0.11532468679784603,abnormal
2024-01-01 00:00:48.700,-1.115881652879277,-0.5848779452607723,6.926152357629776,-0.35744886831569167,-0.3862163715028693,-0.27861951875709484,abnormal
2024-01-01 00:00:48.710,0.42357573453570924,0.6265058036570754,7.051146237756173,1.3368009790132542,0.1857118317148031,-0.8144358223578709,abnormal
2024-01-01 00:00:48.720,-0.6090502986098146,0.5565000234747317,6.616458191662914,0.6716055220074336,-1.301843119901321,-0.24590741461350388,abnormal
2024-01-01 00:00:48.730,0.48441998835448863,1.0851637344978482,7.227896799720848,-1.846039516615014,0.32148595046754896,-0.3765802412951273,abnormal
2024-01-01 00:00:48.740,-0.3320433108082639,-1.0481120829672452,7.438413911012681,0.09188790474813519,1.3208510790640908,-0.8254539097646,abnormal
2024-01-01 00:00:48.750,0.4425027649143773,-0.29925344126184816,8.74830033706831,0.6195945064609383,0.16178361226064503,-0.10318639355020305,abnormal
2024-01-01 00:00:48.760,0.11140273949928454,0.4552306387967134,8.831911287271062,0.8863559706119475,-0.32304688670381804,0.4696779971157404,abnormal
2024-01-01 00:00:48.770,-0.6429257165077201,1.2826419731967,8.833663795876339,2.1981119142785057,-0.6203253956463436,0.25733410312227123,abnormal
2024-01-01 00:00:48.780,0.7788312163605394,1.5437434247665796,8.455201962471271,1.4130991187997597,-0.32643783175239416,-0.33531483484434177,abnormal
2024-01-01 00:00:48.790,0.9295974080615406,0.3892196707889085,8.530664670669895,0.9817586666693681,-0.7153558693863178,0.9908071950758436,abnormal
2024-01-01 00:00:48.800,-1.8241111749292567,-0.9601269812234812,9.317657194992272,-0.5804358074096512,0.4666841017449743,-0.7056972742599318,abnormal
2024-01-01 00:00:48.810,0.5653718244575638,-2.1073406218695867,8.87588495571667,1.171625232183977,2.3698624371557813,-0.08484972936509494,abnormal
2024-01-01 00:00:48.820,-2.0240196823718843,-0.05907352053013031,8.69532574568409,1.791003182427929,0.7590471336812474,-0.7893104847270969,abnormal
2024-01-01 00:00:48.830,-0.5075162685164826,1.9755227349446034,8.836611086353741,0.8283689359342645,0.17583852724608265,0.08120010023235578,abnormal
2024-01-01 00:00:48.840,-0.053847804382977545,-0.7072713778971245,9.099537721048755,-0.9043650490306262,0.9969757367482114,0.8243321372053406,abnormal
2024-01-01 00:00:48.850,-0.11980036419979931,-2.185272547111718,8.484934877525006,-1.0549342710739344,0.8501044657180192,0.3940977810510251,abnormal
2024-01-01 00:00:48.860,-1.8996091132335204,-0.8507632276463164,8.16174784783882,-1.4499686739293813,-1.268147389849271,-0.5152365342514456,abnormal
2024-01-01 00:00:48.870,-0.7589519566931627,1.3689223011490623,7.419076448087416,1.5572285603139848,1.2458954614809246,-0.6407061507497646,abnormal
2024-01-01 00:00:48.880,-0.09323817472212416,-1.1781399166051665,7.895529770201003,-0.8354897684256464,0.5391767893221555,0.38417864954500097,abnormal
2024-01-01 00:00:48.890,-0.4227743976965545,2.0100206690313827,7.054882316691885,0.5309815583983094,-0.5059888344050623,-0.09485908276680262,abnormal
2024-01-01 00:00:48.900,0.4507568115930439,1.6962847235176028,7.449822258366347,0.5322726619177409,-1.1669074379861675,0.7030897401141266,abnormal
2024-01-01 00:00:48.910,1.2904703141254799,-0.37426450604904266,7.935186165350997,-0.6085159477149163,-0.32611076982929404,-0.6204500802011106,abnormal
2024-01-01 00:00:48.920,-0.9689442482426609,-0.3685943587945551,6.0708672776213595,1.0083385079648814,-0.7513857496002616,-0.11175840213582826,abnormal
2024-01-01 00:00:48.930,-1.7545204823611482,0.0599879629877797,5.996580351217366,-0.29469671243788675,-0.675318610240154,0.4153361847639502,abnormal
2024-01-01 00:00:48.940,2.884196798655233,-0.74888492461655,6.135441871140848,0.2748499541520588,-0.563651342973113,-0.47852762346668987,abnormal
2024-01-01 00:00:48.950,-0.06567184828129961,-1.0273130312901964,5.378779910527742,-1.1375556150477886,0.2685903130483119,0.07520390213800666,abnormal
2024-01-01 00:00:48.960,-0.8951027765781523,-0.07776909723375641,4.578814156790028,0.20872718202135165,-1.7315824691209056,0.8466701150681993,abnormal
2024-01-01 00:00:48.970,-0.48886473389200163,-0.3593357680889109,5.623853873395855,-0.8166231069809393,-1.0440560301045443,0.19588301255067037,abnormal
2024-01-01 00:00:48.980,-1.225441437086275,-0.4483094551759565,4.028191853490852,0.06857517264589492,1.0889947510041857,-0.35323306304152197,abnormal
2024-01-01 00:00:48.990,1.8070829839195501,-0.16689810822194745,3.810971316526415,0.7335990135565333,-0.08296208039008338,-0.21793565422862698,abnormal
2024-01-01 00:00:49.000,1.034592227698403,-0.4604304713838785,3.384673969461394,1.2680958924787946,0.544900337845032,0.051608689449847506,abnormal
2024-01-01 00:00:49.010,0.2839963414335685,-1.882338085520444,1.1669839783344766,-0.8211383456060399,-1.16916337482419,-0.03637448267571633,abnormal
2024-01-01 00:00:49.020,0.047843865678712544,-1.6489551250015066,1.6965945942564353,0.04743350129288109,-0.2355593771985757,1.092195875501078,abnormal
2024-01-01 00:00:49.030,1.2554090230844404,-3.1233109983455187,1.5489420765514608,0.25205224446818886,-1.6968796077512036,0.2815697815454401,abnormal
2024-01-01 00:00:49.040,0.09244104129796314,1.2761414661710078,0.641972213439363,-0.21287747500918033,-0.1857366313679977,0.05557324157663598,abnormal
2024-01-01 00:00:49.050,0.647721962415946,-0.6177511311822331,1.2549957012337383,0.37593912161689885,-0.0018122948619173314,-0.8649306184736759,abnormal
2024-01-01 00:00:49.060,0.6286928342216209,-1.6809439964334412,-0.06105325058832861,0.6218088311911693,0.5063047287108795,0.06336220191189204,abnormal
2024-01-01 00:00:49.070,-1.7474190987667506,-1.1143021116305656,1.3705986018129916,-0.04000768447816652,0.04978441111507331,0.06439337808425992,abnormal
2024-01-01 00:00:49.080,2.257704953267435,-1.3270936935283644,1.4036321098266642,-1.1979871306470606,-0.7771728217444325,0.6701182886777759,abnormal
2024-01-01 00:00:49.090,-0.38366586434689065,0.41635580460233235,1.4513689513151238,-0.3187326240226812,-1.170438294065818,0.004100074262448074,abnormal
2024-01-01 00:00:49.100,1.4125402198627957,0.8467378035801985,2.2168070909131337,-0.3333285907998773,-0.08513021521889977,-0.8573625038647967,abnormal
2024-01-01 00:00:49.110,0.8313807597231541,0.8279157071853057,1.3492309490749534,-0.47169930705781055,-1.6211381235247728,0.09845144495573241,abnormal
2024-01-01 00:00:49.120,-1.4552548303475656,-2.744141199487031,3.3594584230868456,-0.6196284670617159,0.9103386127463395,0.44466259788640056,abnormal
2024-01-01 00:00:49.130,0.050147442981433504,1.2046810448048275,4.413903003079457,-0.7788788678353546,-0.5387208791227523,-0.23622268940718097,abnormal
2024-01-01 00:00:49.140,0.37707729567088605,0.3647971861846648,4.558090272749511,1.3587515562166586,-0.008290867142553874,-0.7534326214241133,abnormal
2024-01-01 00:00:49.150,-0.1646406779350527,-0.012171326282482261,4.7537706954461,-0.9183655438129535,-1.438836131705223,-0.4830162804337819,abnormal
2024-01-01 00:00:49.160,-0.7204435223006985,-1.5292531544509842,5.305916567163308,0.5554439173588115,0.34750140583141603,-0.7641624989128969,abnormal
2024-01-01 00:00:49.170,-0.5027574757504,-0.2959297332853712,6.650221493592565,0.37524639434484924,-1.1863059261235216,-0.0018393852355964898,abnormal
2024-01-01 00:00:49.180,0.8048240407913182,0.6752805897149186,5.67320237515353,0.2667060653193645,-0.7611383324285123,-1.3270115832575946,abnormal
2024-01-01 00:00:49.190,0.4161459917162686,1.8723315004212235,5.802099098533176,0.7204692381993861,0.2968860716268208,-0.057024405623285625,abnormal
2024-01-01 00:00:49.200,-0.1867606954782036,0.9529417913846501,6.144166852433801,0.06299779194771915,0.11891886245840397,0.4638477307104447,abnormal
2024-01-01 00:00:49.210,-1.3850766740932385,-0.17568415598385456,6.858095316222222,1.5907365608956765,0.2072854899085347,0.777251378957959,abnormal
2024-01-01 00:00:49.220,-2.1348297939672847,0.1083715875145661,6.961220837027898,-0.11588047884130924,0.9655660997422315,-0.19170385145739924,abnormal
2024-01-01 00:00:49.230,-0.6120583709165461,1.2338079787858605,7.879143884571037,-1.6831287540918187,0.7830588395973423,0.399589872611633,abnormal
2024-01-01 00:00:49.240,0.778449859544098,1.097765178718294,8.137821671853864,-0.09711133433958699,-0.5834149848993607,-0.2615891865847887,abnormal
2024-01-01 00:00:49.250,-0.28413156105909404,0.5028835477478205,7.9446375624344014,-0.038405975655062645,-0.3900094788245611,-0.032538841931735944,abnormal
2024-01-01 00:00:49.260,-0.9039638316696446,-0.01188740456431421,8.26563766213079,0.018345963334333755,1.4883775616461368,-0.18794665455432186,abnormal
2024-01-01 00:00:49.270,0.1563771556031076,-0.4624852679587018,8.246466556749823,0.046128852804690874,0.14546109087746287,0.13679547053544347,abnormal
2024-01-01 00:00:49.280,0.12220889492808312,-0.6250964441121033,9.151189138813162,0.5998683666152711,0.13912015001529915,-0.1671500080936209,abnormal
2024-01-01 00:00:49.290,-0.47032760865232687,0.02370386241978528,9.053225781498673,-0.9633553813755655,-0.5323749960794346,0.07995284868203377,abnormal
2024-01-01 00:00:49.300,1.1177889697253383,-0.6799061922057652,8.982767276966287,0.16329159632670914,-0.9312926276690658,0.28894862984429726,abnormal
2024-01-01 00:00:49.310,0.0012534079302454228,0.6462628113159917,8.04000111444901,0.350843864328856,-0.63058232539971,0.11648639162022072,abnormal
2024-01-01 00:00:49.320,-0.7214520989476827,-1.8023673611786306,8.05569799243486,0.004625208288827337,-0.38034912939864496,-0.5992213555083656,abnormal
2024-01-01 00:00:49.330,0.4380731473566201,0.35374861551832776,8.31878847952528,1.0431518618538749,-1.7161611236028689,-0.35056292795493565,abnormal
2024-01-01 00:00:49.340,-0.9776723396955496,-1.7022799196847995,7.740807230574432,-0.9069344137854999,0.017365958078620344,-0.5693648910683705,abnormal
2024-01-01 00:00:49.350,-1.0105067519994593,-0.5344964182908092,9.409870658862925,-0.4502515702695103,-0.44507980576169304,-0.5397318854466744,abnormal
2024-01-01 00:00:49.360,-0.142507125789335,1.0034086596739566,7.736192225665402,0.06613761670925962,-1.2382225172467183,0.7835171976846729,abnormal
2024-01-01 00:00:49.370,0.756164189462881,0.9730230196639472,7.962710348131215,0.6844872174550776,-0.23454316668392344,-0.3676571998495783,abnormal
2024-01-01 00:00:49.380,-1.8739927807170547,-3.404918332653459,7.964314491721329,0.7125131987248875,-0.8380220502871756,0.7230137858253859,abnormal
2024-01-01 00:00:49.390,-1.0423197458632436,-0.23434372905478223,6.607829835934039,0.8516752682574074,-0.5621506820965819,-0.32496344134897415,abnormal
2024-01-01 00:00:49.400,2.1471045218366784,0.7362256025124613,7.639160925491101,0.34268625019896154,-1.0087231459077715,0.011252785988936307,abnormal
2024-01-01 00:00:49.410,1.0114264445318093,-0.6255288348658335,5.704176331670146,-1.8200631711588109,-0.4806290015959417,0.5878916302265657,abnormal
2024-01-01 00:00:49.420,-2.3095861180327546,-0.09808315795604337,6.7765270028133235,-0.013900627568402386,-0.6184940856484366,-0.9000822311690607,abnormal
2024-01-01 00:00:49.430,1.9720522490813475,1.49678150069773,6.663555652806976,-0.11058765418924378,-0.3950969965134849,0.1501323086044564,abnormal
2024-01-01 00:00:49.440,-1.4413880837823299,-1.2707351522601387,5.591884042803032,0.18689063412147458,-1.415211482621015,0.5173039311763573,abnormal
2024-01-01 00:00:49.450,-0.5090663496925797,-0.5023173081738876,6.508048263245029,-1.2759092889277277,0.9425744729024605,0.05348144151407836,abnormal
2024-01-01 00:00:49.460,0.9632466504856397,-0.014963555970230549,5.182266846397014,1.06107384058703,0.12073013638191948,-0.6576114932390533,abnormal
2024-01-01 00:00:49.470,-0.039440555645779134,-1.2262647285780282,4.965247654660454,-0.4399441796256913,-0.43404530953632353,-0.1583666297682952,abnormal
2024-01-01 00:00:49.480,-1.6447108415912564,3.0749416325297414,4.056186391972417,1.7564777324836556,0.34836881191988595,-0.25299585785921963,abnormal
2024-01-01 00:00:49.490,-1.7069072491123356,0.30674644481251795,3.6542453011991545,-0.873353063399963,-1.0081309260064233,0.009578138595949007,abnormal
2024-01-01 00:00:49.500,-1.5211877420601025,0.5363115194034187,3.0688279402205287,0.7033172881617739,0.6343252957645888,-0.2421260305221802,abnormal
2024-01-01 00:00:49.510,-0.005050962462377443,-0.15234154887577062,2.517924342669089,-0.1371035528682895,0.12105650808632189,-0.11142063495003,abnormal
2024-01-01 00:00:49.520,0.34146232542597604,-1.1294384648313347,2.77147902561412,0.04315692393502351,-0.314181509600258,-0.040262517646730556,abnormal
2024-01-01 00:00:49.530,-0.37669384021877367,1.8162526441719582,0.3925543265002036,0.2837467038125244,0.7827854181552351,0.6707638693164104,abnormal
2024-01-01 00:00:49.540,-0.5015094930912706,-0.16555205298880613,1.0629633787777242,0.08315455008649343,-0.9407334252252408,-0.6323047599098066,abnormal
2024-01-01 00:00:49.550,-2.0605184000278873,-0.6770184250406819,0.9791846370979949,1.0849142596689327,0.6110948154816823,0.26177668975940466,abnormal
2024-01-01 00:00:49.560,1.290692664320466,-0.5126648820160149,-0.2019856532515702,0.6047331307978965,-0.9185665963932702,0.6273500228970028,abnormal
2024-01-01 00:00:49.570,0.2936731854657421,1.4609966381045323,-0.3235223341585066,0.29486107350011737,0.4048014776489527,0.4964153697494463,abnormal
2024-01-01 00:00:49.580,-0.5742197634394043,-0.16271013879623727,0.8102680875259685,-1.2117258687182788,-0.8108060794357695,0.16990745633158605,abnormal
2024-01-01 00:00:49.590,1.3924139948762297,1.4198267089211134,1.2739919181472055,0.12472204099065193,-0.6748048963781134,0.2238072114211249,abnormal
2024-01-01 00:00:49.600,-0.8199214199952617,-0.8536864382360606,1.8044559779787341,-0.2795857987455647,-0.5616723122823805,0.4087638667496197,abnormal
2024-01-01 00:00:49.610,-0.3173134427905875,-1.7785900664293597,1.2664437053964575,0.3420241230462989,-1.0564686396219167,-0.03059332703667993,abnormal
2024-01-01 00:00:49.620,0.3600954563515966,0.5480774013185107,1.7153284842011134,-0.2721117014901192,0.5152783798183128,-0.719423091864095,abnormal
2024-01-01 00:00:49.630,-0.2784315286144702,0.3810852230726131,4.437587388476833,0.5028415363981102,0.028018783844717232,-0.69996304554386,abnormal
2024-01-01 00:00:49.640,1.486645787542327,0.74299611069054,4.068684520483668,-0.7412190582311391,1.0514185733628836,-0.3241294857332603,abnormal
2024-01-01 00:00:49.650,0.36809862737779625,-0.6447549085149278,4.8074553385863465,1.6433519689792793,-0.6565182476867653,0.11796434904100939,abnormal
2024-01-01 00:00:49.660,-2.9737430782997554,-0.2401974249365425,4.292879701738467,-1.504408010257651,-0.057006928134103706,-0.13779899108144214,abnormal
2024-01-01 00:00:49.670,-0.3905020782139319,3.1944020617105657,4.463151768712877,0.7581606346307435,-0.6255778683831413,-0.6202441599502856,abnormal
2024-01-01 00:00:49.680,-2.09885357411477,1.8457795549260232,6.235020161898889,-0.5811448079132301,-0.4175727681352153,-0.9088745463035219,abnormal
2024-01-01 00:00:49.690,0.4201637259796949,1.6381644688020918,6.865279802480655,1.0495458318847009,-0.8520641687703208,-0.08041411052536385,abnormal
2024-01-01 00:00:49.700,1.2268966405322779,2.1896840083746447,5.5779468536857255,1.2335956290824757,1.0292154517592809,0.34472824192178386,abnormal
2024-01-01 00:00:49.710,-1.3610410831773248,-0.09185179874864094,7.337636563594749,-0.20621133109597192,0.023570757353643335,-0.8651032793753011,abnormal
2024-01-01 00:00:49.720,1.643685091620671,0.5452550048710646,6.5998453280242,1.1631530009518618,-1.0179674750678638,0.07957259072783517,abnormal
2024-01-01 00:00:49.730,-1.1544698632691617,0.6363772602592256,7.467570022928177,0.3262645748223169,1.2086250723230716,-1.1057470363460218,abnormal
2024-01-01 00:00:49.740,-1.9255909685784234,0.8089722321615032,7.442293920611449,-0.4773819784148723,0.04961838443126166,-0.35503138810338497,abnormal
2024-01-01 00:00:49.750,1.2579102369731472,0.3008143251269263,7.209443346560735,0.8057201419856655,-0.058628218497336564,-0.721126377430581,abnormal
2024-01-01 00:00:49.760,-0.34434036794444634,1.5429979002849807,7.548384709449473,-0.5448686266617031,0.3714876836217759,0.8660191462475105,abnormal
2024-01-01 00:00:49.770,-2.344273737766915,1.9209736923137737,8.143939966583384,-1.2120991840437072,0.3362674477771958,-0.9239437072388503,abnormal
2024-01-01 00:00:49.780,-1.1630937310793823,0.07904309070784137,8.91836529729304,-0.8676025801260815,-0.17861304444472134,-0.6063123094157156,abnormal
2024-01-01 00:00:49.790,-0.057624790526750076,-1.2955692212779446,8.86416457288441,0.763326895710909,-0.8619736441892712,-0.5928765408540685,abnormal
2024-01-01 00:00:49.800,0.4200349898029432,-0.24363092666960648,8.925774436240806,-0.9687319448548387,-1.0919400488955244,0.0929994852256839,abnormal
2024-01-01 00:00:49.810,0.24444126146961836,0.6769191153951278,9.158997362646085,1.2060590183800133,0.5783716054205199,0.5457867342457242,abnormal
2024-01-01 00:00:49.820,1.5556084825688536,-1.1840656776465508,7.559859659818673,-0.37972400664337796,0.019582192834237018,-1.1782665361884923,abnormal
2024-01-01 00:00:49.830,0.08933810146775768,0.05793320467697968,7.962886228712268,-1.2734281225054749,0.5145632713794595,-0.157451626214136,abnormal
2024-01-01 00:00:49.840,0.8206454790250207,-0.9533979727180126,9.318434467470375,-0.26452136871601073,0.35455712772253634,-0.29707382129321525,abnormal
2024-01-01 00:00:49.850,-1.6562969032997072,-1.3529730386099241,7.835763445307472,0.6564606288520961,0.158399307319577,0.18355595715407413,abnormal
2024-01-01 00:00:49.860,0.3234531682210024,-0.0015555460244480426,8.705887347935077,-0.7423831427947791,-0.016932309891473697,-1.4208578858135712,abnormal
2024-01-01 00:00:49.870,-0.3357458563667283,-0.37278068050508784,7.97127120348793,-0.4296869202672543,-1.4781110167796847,-0.773660240023477,abnormal
2024-01-01 00:00:49.880,-0.6297169830440911,0.03194861369908464,8.549699655854857,-0.04565699221778418,0.026332385364902938,0.5137631681543869,abnormal
2024-01-01 00:00:49.890,2.6658186361893454,0.3770946939843937,7.814173117184587,0.01317315832857188,-1.065872433336285,0.2692163415023946,abnormal
2024-01-01 00:00:49.900,-1.21837474219091,0.5782262349052302,5.9589842241813775,-0.347136145757713,0.9445074035986574,-0.44220464964549216,abnormal
2024-01-01 00:00:49.910,-0.7825238757304135,0.29737841727671666,7.175287684353707,-0.16472021873215797,0.9290502209231579,0.730785140584421,abnormal
2024-01-01 00:00:49.920,1.0183916167932787,0.1264347289558497,7.3780264689869295,0.8578480696435612,0.09505244455739945,0.6132669817889119,abnormal
2024-01-01 00:00:49.930,-2.232729672007011,0.8554587536868541,6.578319368684851,0.9952699800599278,0.0008427243100497293,0.11541684664833493,abnormal
2024-01-01 00:00:49.940,-0.3301601936450978,0.499241778921352,5.476734942965345,-0.5154816104587123,-1.6259840078602836,0.15336179637568068,abnormal
2024-01-01 00:00:49.950,-0.6746487902165705,-1.2286559193119846,5.392773194740963,-0.7314543197567274,-1.1354674254182466,-1.2403598449322542,abnormal
2024-01-01 00:00:49.960,-1.891164478263345,-0.15326960519276403,5.34747289088641,-0.43188003419602855,-0.4890570057863759,-0.20597786780875632,abnormal
2024-01-01 00:00:49.970,-2.243042118094844,0.5402805978271087,4.089313091544123,-0.1794095698285629,-0.6276748289631755,0.5518918446872929,abnormal
2024-01-01 00:00:49.980,-0.410776249673476,0.06040914097507694,4.581197629162193,0.41674282817740305,-0.778599688489703,-0.29106131463580254,abnormal
2024-01-01 00:00:49.990,0.2936505852639222,-0.7969244481629433,3.6926061129205174,-1.1089083490204383,0.11646267132333207,0.7175759128416785,abnormal
2024-01-01 00:00:50.000,-1.9695831804795993,-1.634043531383733,3.597876625252859,1.0073751645991318,0.6434584678565434,0.023627421757029293,abnormal
2024-01-01 00:00:50.010,1.1896513412038157,-1.3319263099690237,3.3340615239546763,-0.5098608293442857,0.627525668781616,1.4097426310145145,abnormal
2024-01-01 00:00:50.020,-0.1552520404649155,-0.8529664476213336,2.21829526707853,-0.4585556867609507,-0.9952657157549157,0.3491550918975991,abnormal
2024-01-01 00:00:50.030,-0.03543063989685752,-0.4219798144689163,1.502546045581376,-0.5362524351828525,-0.389010332646538,0.049846918080833004,abnormal
2024-01-01 00:00:50.040,-0.7140340635207488,1.1260868430568278,2.119393918418547,-0.5599319353604505,-0.7991036793284061,-0.5245644910730574,abnormal
2024-01-01 00:00:50.050,0.2733630371608988,1.6858241526183553,1.7673698475664223,-0.5421288526295431,0.25736312434617664,-0.022789388316012626,abnormal
2024-01-01 00:00:50.060,-2.308754060459624,0.521620308341674,0.2235926218842737,-0.72689485997648,-0.7102539913467809,-0.38131534352108754,abnormal
2024-01-01 00:00:50.070,0.7235551028021626,0.031524018954568675,0.5636395010105392,-0.295450150733497,0.931265652886434,-0.63851735649152,abnormal
2024-01-01 00:00:50.080,-2.8011052044886,-1.2677550348454962,0.943256643083904,0.45621053765982467,-1.3048724353423538,-1.019019963385653,abnormal
2024-01-01 00:00:50.090,1.2295371693248025,1.4031164301998047,0.052270106492482205,1.4685084272564015,-0.8442961557529193,-0.45511247075391115,abnormal
2024-01-01 00:00:50.100,0.5588668842968477,-0.36742221630796423,2.2394749144354233,0.825756027574354,-0.9878953854347025,0.4354966171555624,abnormal
2024-01-01 00:00:50.110,1.2175714056415,0.40394995939103656,2.3315149158446276,0.02994418748059448,0.49157901680426574,0.023025677663151785,abnormal
2024-01-01 00:00:50.120,1.4855123137559385,-1.6764452009212991,1.9284945338353074,0.49594904550678914,-1.3757968285634965,-0.1367520999035455,abnormal
2024-01-01 00:00:50.130,-1.9536052486587572,-0.1282894131302528,3.448419449241025,-2.4805698946674126,0.07079173366976511,0.47416799557604,abnormal
2024-01-01 00:00:50.140,1.9005565276348395,1.9635625963035865,3.158158154413811,-1.4575199629649065,-0.7320578769794746,0.6623240806217652,abnormal
2024-01-01 00:00:50.150,-0.9128289139219627,-0.49477012432319767,3.957551007548041,1.519488526340738,1.7014369796485993,0.29153091462485076,abnormal
2024-01-01 00:00:50.160,0.8601400437469997,0.610910347468538,5.605183867658128,1.1950469120479446,0.5128057229366334,-0.4127455112527545,abnormal
2024-01-01 00:00:50.170,0.4700989387942331,0.44430113373755226,4.538235137999729,1.4205414189339456,1.3795561468895752,-0.8342383531685774,abnormal
2024-01-01 00:00:50.180,0.020724970361480473,-1.7381657060659592,4.439414556877882,-0.1255118534818051,0.8663199781392912,0.6741833348171647,abnormal
2024-01-01 00:00:50.190,-1.1577983743739233,1.8150827981321045,5.125841825664612,1.3586945459836828,-0.8215064101641041,-0.2734913553506814,abnormal
2024-01-01 00:00:50.200,1.7877511366982555,-1.442791312916835,6.197753545798272,-0.5781361024808513,0.4073265091201392,0.25564849263046807,abnormal
2024-01-01 00:00:50.210,-0.4933312505895059,0.025786376534212258,6.983300676136453,-0.2911527408773968,1.0169179973113234,-0.6425308772812878,abnormal
2024-01-01 00:00:50.220,0.722651753724299,-1.0442459924800074,6.413366177599356,0.0673510553854375,-1.8618185159678937,0.5358823139753573,abnormal
2024-01-01 00:00:50.230,-0.9220935201083202,-0.026253536328074818,7.1916883587470615,0.22057914643387566,-1.645095224781777,-0.5958445956350055,abnormal
2024-01-01 00:00:50.240,-1.5763083030256062,-0.6215637736424612,7.487848669983698,-0.21369061385622418,-0.8640145291055629,0.11538486492626165,abnormal
2024-01-01 00:00:50.250,2.127810413914348,-1.4194999379978221,8.28954129867624,0.8528397494348104,-0.20925596518445946,-0.32325407539564804,abnormal
2024-01-01 00:00:50.260,2.3645611119793757,-0.04717404032216014,8.204731027793086,0.44606400563088405,-0.33346499211132735,-0.3554858969105358,abnormal
2024-01-01 00:00:50.270,0.952608423832099,0.08538479316043494,8.66794005075057,-0.02060202528014318,0.4467592700135453,-0.8701990172797942,abnormal
2024-01-01 00:00:50.280,0.6997217790295706,-0.631031409238727,8.717485400412478,-1.1403663348252653,-0.11028878652193008,0.8484225011144869,abnormal
2024-01-01 00:00:50.290,-3.5935022663743994,-0.8278768899229912,7.872700415872571,-1.807340239986256,-0.5520148673009615,1.1521023876189065,abnormal
2024-01-01 00:00:50.300,-0.5629230987448122,2.6345970319316456,8.40604706423752,-1.676775050604025,-0.29362321201413855,-0.4574998356457845,abnormal
2024-01-01 00:00:50.310,-0.9103520319789068,0.7064704579540309,7.917098004559319,-0.23184572470972592,0.3499165788169508,0.6274145198052087,abnormal
2024-01-01 00:00:50.320,0.5334111184690483,0.5175745833504815,7.809279295140202,0.9237309110716343,-0.2749369165451836,-0.30052293303539496,abnormal
2024-01-01 00:00:50.330,0.5696611405135638,-0.820230227231726,8.591270498992124,-0.6209770231812524,-0.06739824154817352,0.02840938202289035,abnormal
2024-01-01 00:00:50.340,1.3104210585382914,-1.8485391835151181,8.816716461787625,-0.3404798991201012,-0.5390881626051454,-0.2939224583684531,abnormal
2024-01-01 00:00:50.350,1.9412217769320559,0.13799212350968076,7.74051863735717,-0.8059417013989161,-1.3620913707930762,-0.30952882025367273,abnormal
2024-01-01 00:00:50.360,1.0744607991024284,0.5837893106347224,8.44774339941903,-0.8117721578624986,-0.9355288143911942,0.26011364062602926,abnormal
2024-01-01 00:00:50.370,1.5359032583729053,-1.1558079383949318,7.845679726690761,-1.0436293039281617,0.6505502959349696,-0.19414640730811905,abnormal
2024-01-01 00:00:50.380,0.36569719330829703,-0.20122436866815702,8.894927418467791,1.3646073035685502,-0.2504506440553085,-0.01642770304831699,abnormal
2024-01-01 00:00:50.390,0.1501997510298198,0.834625346124812,8.362241393240453,0.9910742776419581,-0.1704563896387462,-0.18083101254641765,abnormal
2024-01-01 00:00:50.400,0.1417849168813964,-0.7869770977600891,7.7865958110569,-0.4782201459226114,0.6564606416158429,0.07562826684571576,abnormal
2024-01-01 00:00:50.410,0.1296661629093518,1.9346999039333703,8.058063853472724,-0.37490582190673094,-0.10105257339519533,-0.42716446755803344,abnormal
2024-01-01 00:00:50.420,-0.13936025388051418,1.2317275847920321,6.764283959209668,-0.3004777452334814,1.9918831669925892,-0.7340350612108101,abnormal
2024-01-01 00:00:50.430,-1.9372713418173606,0.6158378407492425,7.591115039797608,-0.4384054495035747,-0.35058825145358696,1.1483412778338635,abnormal
2024-01-01 00:00:50.440,-2.3646839388120258,-0.6620313824641726,6.032666356421755,0.5056133541021018,0.12423535175217237,-0.44243706683384626,abnormal
2024-01-01 00:00:50.450,-0.366161510123555,-1.8048666961841715,6.509572876391296,-0.34052066906434036,-0.5607069735241413,0.340807519583021,abnormal
2024-01-01 00:00:50.460,1.005313696811946,0.7616053834293862,5.32914435551976,-0.4339462969373787,-1.0624556475651095,0.9089373849350805,abnormal
2024-01-01 00:00:50.470,0.3576796576839541,0.7283869904887498,5.261102306133643,-0.6558147399570848,0.8124960630819468,0.04674587967866579,abnormal
2024-01-01 00:00:50.480,0.8938002132227929,-2.3444521501153828,3.212241992465696,-0.8606279142816005,-0.9408659108379517,-1.0994578708420384,abnormal
2024-01-01 00:00:50.490,-1.5268132076547754,0.19324772618245,3.722706438094659,0.8117870445569665,-1.1255058395194353,-0.32470506698432794,abnormal
2024-01-01 00:00:50.500,-0.6430830162671283,-0.5265930010944133,4.483795967941497,-0.4896077476235607,0.9160565485541683,-0.21327806858423773,abnormal
2024-01-01 00:00:50.510,1.3595717714015758,1.08434502915035,3.2649789928169346,0.12306507634148309,-0.5838668518195005,-1.0285451638527243,abnormal
2024-01-01 00:00:50.520,-2.345690447366848,-1.2509455862621566,1.6029660564248156,-0.6603939517871108,-1.169442317040332,0.769216911333371,abnormal
2024-01-01 00:00:50.530,-0.1032845016002593,0.9271410522031638,2.5844511272594546,-0.9179564553102108,0.6991095135326804,-0.020838107366715007,abnormal
2024-01-01 00:00:50.540,-1.3765985660847448,-0.44412795439225544,1.2140589487174072,-0.41973054760766737,-0.02203546464264527,-0.5424177028342,abnormal
2024-01-01 00:00:50.550,1.035342644281881,-1.0433621864530633,1.2273824369174888,0.20550133254803352,-0.3101047924584536,-0.92960967932387,abnormal
2024-01-01 00:00:50.560,-2.1159164175345673,1.320093626728582,0.9138550759577211,-1.0593565567860594,-0.18327480397093737,-0.47960460582772474,abnormal
2024-01-01 00:00:50.570,-0.6259244903254527,1.2185445965152448,0.11468325265605311,-0.7769433632691526,-0.8107203801673039,-0.11361839575612546,abnormal
2024-01-01 00:00:50.580,1.7995381668950723,0.2618579869463342,0.39093752874108745,0.4419268178851867,-0.489649486652106,0.8386815359705304,abnormal
2024-01-01 00:00:50.590,1.004741069352183,-1.5636491392251342,0.9764435733259176,0.041200489369883186,0.3684172566323407,0.03237592476234389,abnormal
2024-01-01 00:00:50.600,0.9154874842183148,-0.07593671414447788,1.5882491199759081,0.20051142754715864,-0.20501254251826376,-0.20656239699386866,abnormal
2024-01-01 00:00:50.610,-0.2296759145372778,-1.1319410500264917,1.0051528531551275,1.7968390292633862,1.5628713607583238,-0.537667736935347,abnormal
2024-01-01 00:00:50.620,0.5875533513767359,-0.846844193981677,2.5163072591152185,0.14902205813280786,-0.33181845101673524,0.38171943462222235,abnormal
2024-01-01 00:00:50.630,-0.807749044133342,-0.8974978479952559,4.555270547616905,1.0268805156540082,2.001860988774894,0.0024537838523144115,abnormal
2024-01-01 00:00:50.640,0.7572273776763195,1.9424263412570175,2.840297620311059,0.05847767298293219,-0.7839065940105239,-0.34698957668971475,abnormal
2024-01-01 00:00:50.650,2.685756106456051,-1.1451614111040436,5.121429647335945,0.776014064449093,0.8457376375029989,-0.6703411474975957,abnormal
2024-01-01 00:00:50.660,-1.651362005732559,-1.1544015737595763,3.9951601788071636,-0.2871784178191638,0.20038816197365455,-0.8446608115541147,abnormal
2024-01-01 00:00:50.670,0.11442792221951154,0.6782514214971306,4.32567285073276,0.8332882602343833,-0.7824473054698432,1.0294464293092427,abnormal
2024-01-01 00:00:50.680,-1.485232178020839,1.0453278291215118,6.000635826898852,0.24348481631781327,0.2357918972380663,-0.21621190571714227,abnormal
2024-01-01 00:00:50.690,0.35481307338830526,-2.169340050611397,5.545126637520262,-0.7371178920865809,-0.06950454672866922,0.9557993192249548,abnormal
2024-01-01 00:00:50.700,-0.8189976169471943,-0.10756248086409348,5.360297051269566,0.1625735571480316,-1.6615834517322337,0.16838917997176278,abnormal
2024-01-01 00:00:50.710,0.4670133531886141,-0.5211571420628773,6.077745311295457,0.6132361932785331,-0.13686431596304668,0.3465724141849068,abnormal
2024-01-01 00:00:50.720,1.2334487460277852,0.035629771203570124,7.0542960108798365,0.025159186844681946,-0.7145032141446577,-0.23638797419646201,abnormal
2024-01-01 00:00:50.730,0.8932928730143225,1.6520819210654643,6.288149457914498,-0.09630390429306714,-0.3332269033077049,0.43492459977824405,abnormal
2024-01-01 00:00:50.740,0.9343451034276412,0.6073099432632864,7.169214407158698,-0.8397766981705627,0.7168249534172041,0.11238092589024351,abnormal
2024-01-01 00:00:50.750,1.2526833092123024,-0.8003754914634674,7.5976548386745515,-0.9624421699442911,-0.6843464564490773,-0.4092547620295517,abnormal
2024-01-01 00:00:50.760,-0.47661170391043806,0.9304940800633456,7.332356264975473,0.006601174336182656,0.2792322175204271,-0.9769180905245471,abnormal
2024-01-01 00:00:50.770,1.7505219681369926,-0.06125533527670341,7.76565227338858,-0.306158035849818,0.22587324522242339,-0.17871229549378,abnormal
2024-01-01 00:00:50.780,-0.3884223973346292,1.1594772511974596,8.438710628035436,1.5669294229065935,0.6013142284423794,1.187117561887502,abnormal
2024-01-01 00:00:50.790,-0.9928370639327051,0.896396837240852,7.971024275238806,0.27822874222042987,0.16609767252696797,-0.5831530867476298,abnormal
2024-01-01 00:00:50.800,0.13216868006225688,-0.7192922703401425,8.01809112587088,-1.5954063137953913,0.521628929905389,-0.3052794924764923,abnormal
2024-01-01 00:00:50.810,-0.2310425791642136,0.4881180642862958,9.122194536371962,0.833932190158084,-0.18474374155580284,0.013258835314013508,abnormal
2024-01-01 00:00:50.820,0.2549672182833921,-0.29223150417772037,7.736379762102324,1.9240992242492427,0.8700273586797238,0.45769315666786187,abnormal
2024-01-01 00:00:50.830,1.7716548650665114,-0.3611282358873223,8.99159478807263,1.7460004633426967,-0.085146454477653,-0.22683813348304935,abnormal
2024-01-01 00:00:50.840,2.0566656098597544,0.5143770527514299,10.108840366560301,-0.06976301734850483,-0.6299544112539252,-0.5817106306437146,abnormal
2024-01-01 00:00:50.850,0.48196384056311836,1.7983460558297675,9.279835768726542,-0.044318790036040376,0.21262079092394534,-0.1146149347631815,abnormal
2024-01-01 00:00:50.860,0.9848720432590709,0.3912575287129936,8.274791023524395,-0.3991649429305339,0.5342959297280475,-1.0582019393919837,abnormal
2024-01-01 00:00:50.870,-0.07086725057882276,1.2018019867381455,7.968844890005846,-0.5033858475166731,0.4848574902912802,0.2524363686406429,abnormal
2024-01-01 00:00:50.880,0.11365969254671564,0.8460626474307845,8.475516368033428,-0.015975621060992515,0.26078779029407323,0.023782217471406592,abnormal
2024-01-01 00:00:50.890,2.949261056060315,-1.2814832822593016,9.10619168648641,-1.010756434016003,-0.22905346039713137,0.3608602754510895,abnormal
2024-01-01 00:00:50.900,-1.2343397980215776,-1.36742356920131,7.556205479370551,0.6837000275985716,-0.4771975121098462,0.3334584807414036,abnormal
2024-01-01 00:00:50.910,-1.1732708941200745,0.7662777765096009,7.002868781423954,0.18439973056972908,-0.9807015385170581,-0.006972307052311671,abnormal
2024-01-01 00:00:50.920,-0.6801337417314368,-0.26742247398067415,8.056119515430908,1.055469257747084,-0.09254272475604286,-0.4252854278709955,abnormal
2024-01-01 00:00:50.930,0.10720774773613845,1.6155151027986483,6.365194680312199,-0.9092504241979857,-0.3877535882055957,0.10415013868957029,abnormal
2024-01-01 00:00:50.940,-0.7293272855689673,1.2428430055005981,5.365065121735526,-0.2354481303932383,0.23613563224741613,0.4867755887522105,abnormal
2024-01-01 00:00:50.950,-2.042415560553669,0.7648275135210986,6.194546853729916,0.20949699374816785,-0.20934863753766333,0.3379581293189731,abnormal
2024-01-01 00:00:50.960,-0.41072263162898054,-0.35085683568449716,5.238622264001869,-0.08792849704404297,0.493568350751451,-0.39072135441915273,abnormal
2024-01-01 00:00:50.970,0.8552227232784548,-1.3313582393089785,4.608986535147556,0.24424543466309406,-0.7007970174478863,0.5016009702411047,abnormal
2024-01-01 00:00:50.980,-0.27662287809979114,-0.3151268166888524,5.408905625112005,-0.8472522583194692,-1.2654603915905531,0.537288498376946,abnormal
2024-01-01 00:00:50.990,0.25263935335034204,-1.3758004721649322,3.9137502726649886,0.3481152448323728,-0.15651605242190214,0.12636455021551155,abnormal
2024-01-01 00:00:51.000,1.6152415786583763,1.4420440208673342,4.732724130452161,0.3636737614148615,-0.601276897582144,-0.1693789910701528,abnormal
2024-01-01 00:00:51.010,-0.9557821641790368,-0.6567967956334804,2.5917342067462235,-0.9999632946961853,-0.1567370190283393,-0.06541854648372095,abnormal
2024-01-01 00:00:51.020,-0.9054241365930129,0.5860054321142129,2.271354078094222,0.506492092557503,-0.7974545465780454,0.5767121260689239,abnormal
2024-01-01 00:00:51.030,-1.3190952327242282,-1.2671151335384667,2.6904368103455747,0.1238217413013796,0.8840485232313962,1.1666428070001245,abnormal
2024-01-01 00:00:51.040,0.6384220075802259,-2.430079133402166,1.495760122519081,0.4965523583782893,-1.2115748714442025,0.8229111091388688,abnormal
2024-01-01 00:00:51.050,-0.3653368665703495,1.5523706693161252,1.3230703364384826,0.031390712962314125,-0.18171838059912723,0.05954124736729143,abnormal
2024-01-01 00:00:51.060,0.1923292251551646,0.8744021213283809,0.6687825255813753,-0.29101417551877673,0.06114352372542516,0.1705202499800723,abnormal
2024-01-01 00:00:51.070,0.18555003006048482,2.4395261643209745,0.23449426564274234,0.7116358914465519,-0.15916441419256994,-0.514677787300566,abnormal
2024-01-01 00:00:51.080,-0.3192331391868512,1.8564700815249282,0.18964102539236377,0.908870576163068,-1.7176518702529566,0.7268358856066356,abnormal
2024-01-01 00:00:51.090,-1.2388521711029852,-0.34911771684904536,0.9667975656346401,0.367935154293703,-0.32745248433636154,-0.8537035665390034,abnormal
2024-01-01 00:00:51.100,-0.8116163158736648,-0.5697885801731812,0.31971873467385603,-0.256614331929951,0.450479684832209,0.24858990953318733,abnormal
2024-01-01 00:00:51.110,1.4450714294068507,4.205609602664674,2.0666577855693222,0.6764659966393369,0.2450370356351279,-0.03976885727650947,abnormal
2024-01-01 00:00:51.120,0.4105802621437733,0.5363788240265337,0.7288962357656292,-0.4186714322882351,0.9776907110717609,-0.7859330737118194,abnormal
2024-01-01 00:00:51.130,0.13890267380708207,2.150425858825018,1.9002106697288734,0.14669360945649826,0.17741648469813204,0.2298662486393238,abnormal
2024-01-01 00:00:51.140,-2.3299102737665875,2.4521085440584423,2.9956050762689,-0.4608767777851816,-1.1235393303716308,0.03351106475205681,abnormal
2024-01-01 00:00:51.150,1.2490226880400879,0.7186449122347179,4.761198320616009,-0.2537370033054373,1.0523942120847845,-0.2663381776853636,abnormal
2024-01-01 00:00:51.160,-1.3223363142747264,-1.4155248770513975,4.031418742229718,-0.05412385250292322,0.38489933911037755,-0.545350980002412,abnormal
2024-01-01 00:00:51.170,-0.3738121344108695,1.4847059503608375,4.122772938570682,1.3094860105181814,-0.19813124486276595,-0.4330778160086792,abnormal
2024-01-01 00:00:51.180,0.36936175301192425,-1.115786537839061,5.5385531807848745,0.5995762887257255,1.282295696435791,0.6666540901678601,abnormal
2024-01-01 00:00:51.190,0.676376698114786,0.42209791873129343,5.637709090034588,0.5748038661412838,-0.1785419529111805,-0.3184719836700097,abnormal
2024-01-01 00:00:51.200,0.9434257335200525,-1.6243239570564163,5.0263871810767125,-1.4631071225297725,-1.5526235268169006,-0.7491820872434856,abnormal
2024-01-01 00:00:51.210,1.3769580560024102,1.0658477790344725,5.655019592099143,1.0041431674715422,1.4319228220106643,0.07561485305100957,abnormal
2024-01-01 00:00:51.220,0.14682562141708258,0.5568602640125444,5.885535461863106,0.7304700056833383,0.33970501116888596,-0.30067013272471965,abnormal
2024-01-01 00:00:51.230,-1.2367695080205996,-0.42650319249026575,8.083192340112806,0.13166556589719736,-0.11564377955452547,-0.5783357108248622,abnormal
2024-01-01 00:00:51.240,0.9055264032273693,1.5703817716719857,6.579495943050509,1.0483589565689138,0.00928105993515119,-0.31234014916233693,abnormal
2024-01-01 00:00:51.250,0.07866202621110066,-0.5629408551316756,6.293283120027203,-0.5826696905363618,-0.3717299642939378,0.6105931181650867,abnormal
2024-01-01 00:00:51.260,-0.2292349513008696,0.6709572494823745,7.217247156237182,0.8853303410552834,0.07517320103430794,-0.5922572624665241,abnormal
2024-01-01 00:00:51.270,1.2501894663400093,0.38115181119774677,7.92753173856995,0.005904820419353147,0.019457590930486535,-0.3781527734752278,abnormal
2024-01-01 00:00:51.280,0.24909994988570633,1.3654631540089317,8.441906719154392,-0.553186748459168,1.3026436477762156,0.4123822874635362,abnormal
2024-01-01 00:00:51.290,-1.4169224437942753,1.4472886825796312,8.54491814364129,0.3218298672779455,0.39428810341497805,0.2211994268602796,abnormal
2024-01-01 00:00:51.300,-1.3983668626357921,1.0449336997342187,8.676589910738516,0.16648596308308472,0.9899084037802179,0.5801975225241934,abnormal
2024-01-01 00:00:51.310,0.8086978478875146,-1.4293449312899345,8.21544367625385,0.10216533632172932,-0.7179026728178656,-0.5139944402008298,abnormal
2024-01-01 00:00:51.320,1.1752793383375892,-1.2007150332171221,8.86368268681929,0.7222719390057535,-0.7054771218089434,0.06817810688271171,abnormal
2024-01-01 00:00:51.330,-1.6611774436559488,-0.5174200791981475,8.74332357627799,-1.1778657050770047,-0.33650324364592876,0.8912359787834381,abnormal
2024-01-01 00:00:51.340,0.289670558742861,-1.144752115470446,8.262259107251547,-0.508070555155106,0.5157852528263612,-0.47757136291755053,abnormal
2024-01-01 00:00:51.350,-1.19405769956308,-0.41397545537579594,8.996258460915444,0.6964713149829206,0.17647675702109888,0.31207839695919154,abnormal
2024-01-01 00:00:51.360,-1.3747437207795066,-0.6708153785645589,6.919376074775765,0.7805355680697579,-0.8318400032802208,0.6045629277669853,abnormal
2024-01-01 00:00:51.370,-1.5083219421713345,1.3521670046134016,9.62042933441217,-0.2188655306278663,0.2769151630803302,0.054496331370902984,abnormal
2024-01-01 00:00:51.380,0.6450722118628309,2.4081678660066537,7.546573024690771,-1.3334834820778632,0.07075873407018297,0.9751398141273542,abnormal
2024-01-01 00:00:51.390,1.5564840168648377,2.154530582687596,8.211793070761097,-0.8109912369941036,0.012133139417074857,0.4882590907018168,abnormal
2024-01-01 00:00:51.400,-1.368132127209876,-0.5190424741819821,7.978615462505281,0.3381679777423518,0.35478102079699847,-0.4185463128397388,abnormal
2024-01-01 00:00:51.410,0.5418826613076516,0.018079700285597113,7.751029737925455,0.6436582625816271,0.22814220291875098,0.7933913839263658,abnormal
2024-01-01 00:00:51.420,-1.9521105577931646,2.1643257659415682,7.057130124466117,-0.7655624825235164,1.3253882911371178,-0.19480243254081067,abnormal
2024-01-01 00:00:51.430,0.6964160132710312,0.3299673037517775,7.132936882918323,0.7462604502463784,-1.163284878089252,-0.21947951625686113,abnormal
2024-01-01 00:00:51.440,0.8608414167264552,0.8009968544536479,6.591141974299941,-0.9184682718381971,0.3545461233220128,-0.7654063311051217,abnormal
2024-01-01 00:00:51.450,2.2404193487516872,-0.04988527740958971,7.42240649161225,0.4148533364508129,0.5086061160365571,-0.3109767519834339,abnormal
2024-01-01 00:00:51.460,2.5329591146487975,0.215054159402642,6.944081777964748,-2.926111052404006,-0.7673642226919187,-0.1882951333569139,abnormal
2024-01-01 00:00:51.470,-0.34498931330899546,-0.20146811034008924,6.033756558604496,-0.15591479998347146,-1.0198312052834277,0.4906997963110212,abnormal
2024-01-01 00:00:51.480,-1.009012097323014,0.6277186469328992,5.197829413923077,1.2415956786255213,0.20837609201325732,0.8153006170712741,abnormal
2024-01-01 00:00:51.490,1.2091513502437923,1.0864645824734074,4.327535479279405,-1.0261398746747217,-0.33224233169798767,-0.28298848628023365,abnormal
2024-01-01 00:00:51.500,0.45854814302023,-0.6925162647569306,4.096839706766913,0.9746500932806491,-1.5532744291736469,-0.41051469698587584,abnormal
2024-01-01 00:00:51.510,0.7656310593865981,1.0857489546885646,3.6593830618203342,-0.3766759940558844,0.1768689423374538,0.347538943122914,abnormal
2024-01-01 00:00:51.520,-0.2808120705854802,-0.24703662407308064,4.28688024377141,-0.13776045133019232,0.0703766966102934,0.5763232148413027,abnormal
2024-01-01 00:00:51.530,-0.013454355427777042,0.17992477353812725,2.5297481328607874,-0.8339420693669418,-1.1388192065490839,0.01951877931076656,abnormal
2024-01-01 00:00:51.540,0.959895311584999,-0.5022571230606299,2.7898597936724805,0.8493572833422233,0.15274251294101643,0.5306183070517693,abnormal
2024-01-01 00:00:51.550,1.263140428084827,0.6591035618453314,2.266505490222375,0.17153215037953137,-2.118440544060878,0.32376133433171417,abnormal
2024-01-01 00:00:51.560,-0.6325108036497151,0.8003362678116338,0.18528304820614316,0.20275832251621123,1.045689998022983,0.45214598698204267,abnormal
2024-01-01 00:00:51.570,-0.01947991554664495,1.1757719867913936,0.05780238136404303,0.9772888770959159,0.8935228030238486,-0.1115496816621645,abnormal
2024-01-01 00:00:51.580,-2.4008570815889274,-0.6615070457825526,0.8067148811557171,-0.9893394144082301,-0.573725196821779,-0.7294895077079157,abnormal
2024-01-01 00:00:51.590,0.1570497010049788,-1.9869960725534506,0.5695166237092283,0.18161636726031094,0.7796383515108631,0.17097298288767704,abnormal
2024-01-01 00:00:51.600,-0.053346826911367023,-1.58920833334331,0.968134591165386,0.7274472160086793,0.3177462152310549,0.08623488727874588,abnormal
2024-01-01 00:00:51.610,2.0862656129794996,0.3124513856206779,0.7051256976072355,1.3894529664175082,-0.10802138693764636,0.0588238841885394,abnormal
2024-01-01 00:00:51.620,-2.4479053601254286,-0.4434044342852875,1.080155265648437,0.016117468597891118,1.5602210286190556,0.18003699829029673,abnormal
2024-01-01 00:00:51.630,-0.9757066992602277,-0.15824583149103505,2.353924939977573,-0.5618515285763872,-0.6605065086562922,-0.10215114552869466,abnormal
2024-01-01 00:00:51.640,-0.3932538021766005,-1.012750648674209,3.166504804138806,1.258406092691246,-0.4197056631191887,-0.9453420241505585,abnormal
2024-01-01 00:00:51.650,-1.0610698094209854,0.24271508793157812,3.3589067831768316,-0.46878953850797156,0.6233753524451003,-0.7605133938307532,abnormal
2024-01-01 00:00:51.660,-3.0717244827724977,-0.9909778367732189,3.6525498328509296,-0.34061889664970224,0.9948219078633397,-0.8510207031596583,abnormal
2024-01-01 00:00:51.670,-0.12029440491714556,-0.5459523522004662,4.196077365085438,0.5522354364744062,0.23849472736288171,-0.43844684984251125,abnormal
2024-01-01 00:00:51.680,1.1752652724940482,0.031115702817270625,4.427127755220683,-0.19645677081223048,-0.46869088912887447,-0.6142187320762196,abnormal
2024-01-01 00:00:51.690,0.19426251588458396,0.5561504755154001,5.722091348546914,-0.29251891412091635,-0.5661362719095747,1.0241643730557088,abnormal
2024-01-01 00:00:51.700,-0.9942147003923875,-0.10727391414055974,5.5593297869395215,-1.3128882345747637,0.2169758243984644,0.5494704636877118,abnormal
2024-01-01 00:00:51.710,0.7789082579639909,-0.5211356818607313,5.04381973499639,0.7986304880500704,-0.9020782917563483,-0.10398380781284569,abnormal
2024-01-01 00:00:51.720,-0.8295852451165472,0.3391901186102983,5.236544003665675,0.31163084644474104,0.3565786156914659,-0.03522198129225551,abnormal
2024-01-01 00:00:51.730,-0.13192226186789316,-0.45385447526555445,6.330149149723699,-0.07084417489932922,0.44311930881477196,0.43917237837396444,abnormal
2024-01-01 00:00:51.740,0.49343795453425576,-0.200447927697081,7.150999267618976,-1.2436637908409938,-0.5038457326701075,-0.26828209335609016,abnormal
2024-01-01 00:00:51.750,2.28388814004067,0.8438318606794398,7.698567608205285,-1.5487747570283845,-0.6760464753126941,-0.13747590502363463,abnormal
2024-01-01 00:00:51.760,-0.33130114066964184,1.7487576712326498,6.543871377202009,-0.7260030748027305,0.8112962685558645,-0.19733674979444235,abnormal
2024-01-01 00:00:51.770,-1.4146581870084918,-0.347314025967345,7.056975124113504,1.2753716233270302,0.102643462083621,-0.7408962959528248,abnormal
2024-01-01 00:00:51.780,-0.815457431713446,0.739858388579326,8.413718988192416,-0.03908341918722042,0.5302724649878641,-0.29552746819275094,abnormal
2024-01-01 00:00:51.790,0.7257532656808381,-0.488958960649757,8.636297527568441,-0.8000537021361203,0.008067686200076512,0.13528059816697105,abnormal
2024-01-01 00:00:51.800,-2.05256331222561,1.8039874399335503,8.9326618649664,0.4609479520309634,-0.0171722345311544,-0.4234070085241143,abnormal
2024-01-01 00:00:51.810,1.0614618348728149,1.1347072583292843,8.21757403936298,-0.021826567666902805,0.18707520983664608,0.29793516904283146,abnormal
2024-01-01 00:00:51.820,-0.2772848183006815,-0.9314211220546804,9.035668333263354,-0.3329540319450839,-0.7632536216991976,0.7171972623376351,abnormal
2024-01-01 00:00:51.830,-0.635785158783586,-0.09116143420474956,8.85432268317312,1.2052278631691256,0.6787113791502102,0.1908608441622921,abnormal
2024-01-01 00:00:51.840,1.7286031698246869,-0.27152435513826895,9.237215923090124,0.751781541854622,-0.5708836972423467,-0.014988545476558203,abnormal
2024-01-01 00:00:51.850,0.9160920507268722,-1.7934678782226892,9.515635085120989,-0.9300191920436872,1.353832666770827,0.2472221138258512,abnormal
2024-01-01 00:00:51.860,0.1086202106355337,0.5827775585990418,9.750000036759252,0.6706659619832109,0.984002751733229,-0.26709228712349303,abnormal
2024-01-01 00:00:51.870,0.28331744796757363,0.3322443975092625,9.155637657866537,0.8091145799301553,0.6331935121951837,-0.47302504600019446,abnormal
2024-01-01 00:00:51.880,-1.014620129360606,-1.759685802764512,8.286061925672602,-0.39874461388985855,-0.8984171242547926,0.24918020250641743,abnormal
2024-01-01 00:00:51.890,0.8538579193800849,-1.2423382302116748,6.761542617352811,0.256865261834854,0.5722259485722146,0.4322517743484397,abnormal
2024-01-01 00:00:51.900,0.03488385420830548,0.5945251864850027,6.332835937799836,1.2903288438930702,-1.3035829790743696,-0.6669870472572158,abnormal
2024-01-01 00:00:51.910,-1.5819310046360635,-0.23649528184064814,7.912834098609405,0.2174146877449563,-1.0714022848367215,0.5377589441692807,abnormal
2024-01-01 00:00:51.920,-0.06959695757656315,-0.4076604924390728,8.063635439343303,-0.616708586092647,0.18981937620491238,-0.4013098656671239,abnormal
2024-01-01 00:00:51.930,1.39070953550559,0.4834417651783165,8.036642137002827,-0.21331534776374247,0.5908039760263246,0.33748834779634873,abnormal
2024-01-01 00:00:51.940,1.1283174299561627,-1.2499171736400663,7.281496214101585,1.5875090384549997,0.5963127366093356,-0.10482699253690984,abnormal
2024-01-01 00:00:51.950,1.1151652966019465,0.9446618747055242,5.710534192507706,-0.3358587510699961,0.6546514912257655,0.3234732252567953,abnormal
2024-01-01 00:00:51.960,-1.987059534709157,-1.4086522737677956,6.743844872799845,0.38224429932808124,-0.3312138726938167,0.43888358253304066,abnormal
2024-01-01 00:00:51.970,0.4246144100676448,-1.0766220938275577,5.055854597990199,-0.9990586781698375,-1.3560067891190284,-0.9515064668060552,abnormal
2024-01-01 00:00:51.980,-1.4942931375247281,0.06421646568686368,5.632744779194996,-0.26190333102233826,0.3401697989323732,-0.0008726646451785419,abnormal
2024-01-01 00:00:51.990,1.0868814264920046,-0.12715318112815155,5.496864995201673,-0.9327067509154682,-0.7835185104479496,0.557711992244563,abnormal
2024-01-01 00:00:52.000,-2.093042696024404,1.1599293487170161,4.723793505027074,-1.1227985982289237,0.6130963992857315,-0.25531752260752527,abnormal
2024-01-01 00:00:52.010,-0.988619288832966,1.7687150894537058,3.720142866653655,1.274335037883257,0.5577713916661211,0.48545678291424554,abnormal
2024-01-01 00:00:52.020,-1.4640089964060405,0.05936312642577136,3.4546650286371294,0.8605163421241014,-0.08733969269506163,0.7137771902869763,abnormal
2024-01-01 00:00:52.030,0.023019976562821478,1.1561223189176544,2.838184038016964,0.0966812367208709,1.4344781793787211,1.4306127532560993,abnormal
2024-01-01 00:00:52.040,0.25442727437689194,-1.229623062794565,3.0013389002321254,-0.589579344308424,-0.3468224866608096,0.5609723379293703,abnormal
2024-01-01 00:00:52.050,0.4194593046687431,1.1829343559040058,1.757146851128073,-1.8632677203559889,0.46006808392271725,0.5701310052490995,abnormal
2024-01-01 00:00:52.060,1.481826569567166,0.4840335062065617,1.1386616109492125,2.7786214904183044,-0.1039000048261538,-0.2301982445745325,abnormal
2024-01-01 00:00:52.070,0.38412942310867476,-0.1762799550384115,0.5557844342299947,-0.70662131072654,-0.6393702324853552,0.014620124598072368,abnormal
2024-01-01 00:00:52.080,-0.9795488040131826,-1.22487981747312,0.7290240638581351,0.7433411271689776,-0.39600286160974674,-0.4551662638533196,abnormal
2024-01-01 00:00:52.090,-0.7246013170782761,0.00987166624548602,-0.48635837576938723,-0.17838680189827677,-0.5627158305981786,0.33087315363687325,abnormal
2024-01-01 00:00:52.100,1.1217800393429704,1.9239756008819735,-0.7936782537465793,0.23561486001127668,-2.082417582029087,-0.23793576334335992,abnormal
2024-01-01 00:00:52.110,-1.1576649034482032,1.9447212857226637,1.5305218467752166,0.6856570438506023,1.9134332278629957,-0.6175343496624609,abnormal
2024-01-01 00:00:52.120,0.06830521453757962,0.33197074906121143,1.059780739552069,0.9514778394627309,1.0570277418710248,-0.7599737092805766,abnormal
2024-01-01 00:00:52.130,0.13679824440769128,0.9518836011834753,2.0576215700711527,-0.368149006695408,0.1685367316445742,-0.016119171215029836,abnormal
2024-01-01 00:00:52.140,-0.35633104700002977,0.5253686348741621,2.0123463579884726,-1.1219411404483586,0.4917902268460483,0.11993030851684071,abnormal
2024-01-01 00:00:52.150,-0.6037283632132419,-0.7735910742962796,2.8672904211872754,0.2611661171201991,-0.8199267895296254,-0.29957002553617884,abnormal
2024-01-01 00:00:52.160,-0.2947321371651324,1.2031508227065688,3.6055045672589103,-0.13614595239034535,0.5130293378374136,0.8033889655904507,abnormal
2024-01-01 00:00:52.170,0.7160715486183717,0.6008470787330001,3.0367104043969286,0.5063121083664923,-0.04818570544378069,-0.46021176162281324,abnormal
2024-01-01 00:00:52.180,-1.37905894024885,0.9084268238326623,5.497224057138893,-1.6384038697168615,-1.0254805442539594,-0.3999118153925168,abnormal
2024-01-01 00:00:52.190,0.8963002570363531,2.230703867818429,6.551017670729688,1.5536013926473573,-0.5767663514069566,0.3115196837931866,abnormal
2024-01-01 00:00:52.200,-0.9142074012682166,0.04892633394525963,5.935506555801979,0.9226653149489686,-0.7055412297137231,0.03473358150328376,abnormal
2024-01-01 00:00:52.210,1.1945407278804827,-0.5096391580145566,5.313476672371668,0.30808891498255525,0.5624029493380399,0.37454243149585836,abnormal
2024-01-01 00:00:52.220,0.9383542716813633,0.5164970003303373,6.058049994284518,-0.30173936636290283,0.2691054799895153,-0.29565452903196393,abnormal
2024-01-01 00:00:52.230,-0.4233350382503228,-1.5136213409037202,7.037550618846168,-0.38197628017457336,0.9993451912006027,-0.21988762923956157,abnormal
2024-01-01 00:00:52.240,0.40931336601890606,0.55572479934251,8.250777438694607,-0.6869831693682903,0.019930349119613625,0.4195180761580499,abnormal
2024-01-01 00:00:52.250,-3.4178469402005196,-2.337669679787195,6.771935319517243,-0.12191049503620499,0.6117139032384051,-0.6983372958012571,abnormal
2024-01-01 00:00:52.260,-0.6784391418373567,0.7758203204791899,7.515946717279633,0.3737465067005466,-0.13131138059954317,-0.5138999871698083,abnormal
2024-01-01 00:00:52.270,2.1512242086716484,-1.1873358374022243,8.176764863939365,-0.28551570285434336,-0.5649887014358137,0.044423576008939515,abnormal
2024-01-01 00:00:52.280,1.6978475829424675,1.297409462389161,6.930782426993547,-0.46975303964039344,-0.7785631374811471,-1.8805988399393607,abnormal
2024-01-01 00:00:52.290,1.1755850985094989,-0.21100826665983266,7.950784277444472,0.27519259259157913,-1.5329867016193837,-1.1752545077735408,abnormal
2024-01-01 00:00:52.300,0.1253284826235775,1.273379881807637,8.28354159695685,-0.6068138886339246,-0.15600951341436198,-0.0743585266934088,abnormal
2024-01-01 00:00:52.310,1.9033252063457462,-0.8673772126213816,7.290983721597149,-0.4074366200210706,-1.328859141757407,0.09488634598280446,abnormal
2024-01-01 00:00:52.320,0.8792968893402013,-1.0779017047167472,7.503709640107697,-0.33400922692295315,-1.070096286287737,0.2426250315571112,abnormal
2024-01-01 00:00:52.330,-0.08257156966177144,-0.03279192181926117,7.880098145029367,-0.041754900637891806,-1.0343751120631246,-0.09981225975069596,abnormal
2024-01-01 00:00:52.340,-0.7269956106785761,-0.5974592762308892,8.912442983151328,-0.4229716502930641,1.1449100505590204,0.8899155040030631,abnormal
2024-01-01 00:00:52.350,2.2311005293285184,0.9469839994095214,7.9815673686392845,1.1364670275092155,-1.1299656086933305,0.029751590855983407,abnormal
2024-01-01 00:00:52.360,-0.8796382438499434,0.10676277987030479,9.153577666899485,-1.3068773996609802,-1.2614113461563345,0.16652792173561756,abnormal
2024-01-01 00:00:52.370,0.27907394157689475,-1.0887995110914948,7.290595835061605,-0.041691911492536586,-1.6405047084127171,0.5916305818279064,abnormal
2024-01-01 00:00:52.380,-1.974133648556394,0.42847353983242453,8.43927395370505,-0.5761078886074594,-0.00967110408542592,-0.771123052383076,abnormal
2024-01-01 00:00:52.390,0.12387226357936719,-1.2758250543407246,8.525473386724382,-0.652370362274581,1.1824168598430909,0.3041778069284179,abnormal
2024-01-01 00:00:52.400,-0.25171248869372637,0.9624982198986571,8.810877520946143,-0.17978593131409604,-0.5589717716603056,0.9663171700051182,abnormal
2024-01-01 00:00:52.410,1.3812873695473964,-0.22417176757724772,7.93807555129924,0.3919654148135647,-1.8961363025538414,0.7493053342406035,abnormal
2024-01-01 00:00:52.420,-0.1234550614351546,1.987473702508009,7.6833222066669,-0.2798819179953455,-0.045012442799288135,-1.2043749758499342,abnormal
2024-01-01 00:00:52.430,-0.271787591626876,0.06826191061209635,7.784226651578378,-0.469277692331586,0.7453806919365669,0.7502674192130271,abnormal
2024-01-01 00:00:52.440,0.8729372390118213,-0.9579767803640045,7.018228762549527,-1.0358298620183217,-0.6364503417573331,-0.705345352767618,abnormal
2024-01-01 00:00:52.450,0.741821234896728,-0.6993356170137462,7.115916325346179,0.6653872274635285,-0.2007677754184712,-0.8377128175381365,abnormal
2024-01-01 00:00:52.460,-1.6049802370629458,-0.12724286242435412,5.304709106918178,-2.6313536049478143,0.052687010038580485,0.2983647528443889,abnormal
2024-01-01 00:00:52.470,1.9657933807990906,0.1988675546257601,6.7508787850570675,0.19169486698782673,-0.04865532666796911,0.793854206869414,abnormal
2024-01-01 00:00:52.480,0.18208003741424053,1.263401244942716,5.601201940734953,-0.9318155594446448,-0.6691870765088992,-0.28390025297235355,abnormal
2024-01-01 00:00:52.490,-1.3393459443588502,-0.5425830124926462,4.368044582606605,0.6135157806757856,1.2753100559922566,0.011295982015360083,abnormal
2024-01-01 00:00:52.500,-0.6658520665031785,0.37704667628194005,3.5201342676182765,0.7217329136946347,-0.5322266125786199,-0.3826554935779889,abnormal
2024-01-01 00:00:52.510,1.1221163758836912,-0.6548336117655128,4.86220008712907,-1.3571225421354776,1.1326274115296195,0.19607335153211403,abnormal
2024-01-01 00:00:52.520,2.5687925094022157,0.2149108092498054,4.358631878549807,-1.0434374964751847,-0.40961646092296794,-0.1083463198635238,abnormal
2024-01-01 00:00:52.530,0.20062104026920863,0.05699097936088923,3.297288724418438,0.009859398248761543,0.16861470850597746,-0.06331125826369821,abnormal
2024-01-01 00:00:52.540,-0.7194914789474471,1.2020919289892966,2.2098263759704726,0.0057502625286741105,0.7018559483265302,0.042266353297327426,abnormal
2024-01-01 00:00:52.550,1.2321471347344264,-1.0095608024624034,0.9351813702826939,-0.43622939406781797,-1.2986335489414977,0.07866377346367612,abnormal
2024-01-01 00:00:52.560,1.9327652050197888,0.6146009406654974,1.545047644126111,-0.21343563337572413,-0.18822285578718287,-0.7114602110072491,abnormal
2024-01-01 00:00:52.570,1.5171962735195799,-1.4716750592689813,1.84127124002562,-0.6772235298313592,-1.233754727748896,0.10814491895758861,abnormal
2024-01-01 00:00:52.580,1.5394779187897083,-0.30847404125947514,1.1124155593470002,-0.22986833084745575,0.3835101862977571,1.611072036591706,abnormal
2024-01-01 00:00:52.590,1.149099542480593,1.718667589992121,0.37762752472815975,-0.38769254174175216,1.1956722426208797,0.8230328725945603,abnormal
2024-01-01 00:00:52.600,0.12001751033372073,-0.2581627056552822,-0.34278522216256785,-0.6250295762472757,-0.09089476196089202,-0.8381763068893753,abnormal
2024-01-01 00:00:52.610,1.0766022015790908,0.4382180201550531,0.585513934438375,-0.34899595941244593,1.2897074614856547,-0.23887514294297077,abnormal
2024-01-01 00:00:52.620,-0.25260524526022715,-2.742948178777898,1.4047870197676964,-2.028016748376574,0.08961020144232773,-0.14365285526991045,abnormal
2024-01-01 00:00:52.630,1.8521105269938138,0.27706297899310484,2.70687332478916,-1.0718400634353158,1.6423703577430868,0.09823799970316192,abnormal
2024-01-01 00:00:52.640,-2.2281425832773287,-3.132198764356114,2.875708961553577,0.7659024038661907,0.7979520272200821,0.8470510119180962,abnormal
2024-01-01 00:00:52.650,0.12104272114527372,-0.3377920224560232,2.704703326079993,0.7438082457066632,0.062416477211026986,0.3649888826325983,abnormal
2024-01-01 00:00:52.660,-0.6433070253834955,0.056174521127848744,4.03906295342201,-0.10122793524331937,-0.2008385910690623,-0.26478282583276797,abnormal
2024-01-01 00:00:52.670,-0.8626978402512693,0.4552068933435779,3.8987219892308285,0.4977682448588789,-0.15443991092798387,-0.45978408532475457,abnormal
2024-01-01 00:00:52.680,1.4159139210377754,0.7393241889166667,2.9391079671786393,-0.8122413022502386,0.9834291283565487,0.40070897062385574,abnormal
2024-01-01 00:00:52.690,0.9909526266297762,0.22041634226573623,4.710034449526505,-0.15052834938766455,1.7076890258192658,0.16375732391162684,abnormal
2024-01-01 00:00:52.700,0.6623461972932075,0.34319934844873395,4.724493545668663,-1.1124436440177563,0.4508143769548343,0.18763843453358128,abnormal
2024-01-01 00:00:52.710,0.8964491105179982,-2.3361160476004166,4.388912642010631,1.4869292169279331,-0.40402515676098943,-0.2689765651023943,abnormal
2024-01-01 00:00:52.720,-0.6260362455051863,-0.3912497939510305,6.039079401186621,-1.1900588985650276,-0.6681067661742875,0.2871995564720592,abnormal
2024-01-01 00:00:52.730,0.8537081556131674,-0.6382089660627879,5.305285095274042,-0.1764765245462772,-2.5771906826917648,0.1009283103543674,abnormal
2024-01-01 00:00:52.740,0.06133428351162474,-2.4664879695059465,5.57167024443112,-0.6903542479465791,0.5597152236721437,0.36649807534284545,abnormal
2024-01-01 00:00:52.750,0.2281262774215827,0.5576645346722677,7.561286062009262,-0.49332288010335684,0.16251004413420442,0.0074506941866517755,abnormal
2024-01-01 00:00:52.760,-1.083581567205383,0.6734168212453604,7.436911242677224,0.040147466237751825,1.3835296247916342,-0.6058158667182111,abnormal
2024-01-01 00:00:52.770,0.2577001139801584,-0.5613405313240957,7.4932871588121275,0.5731513275992111,0.2288451655776482,-0.5206368414169151,abnormal
2024-01-01 00:00:52.780,-0.7844283463115984,1.531036665609154,7.682577703736832,0.16418032238258273,0.17362336586279625,-0.4442157965387068,abnormal
2024-01-01 00:00:52.790,1.0513517994822792,0.5120641862270299,8.231784232262566,-1.0010233890695897,-0.8970646707288458,1.3647653243457651,abnormal
2024-01-01 00:00:52.800,-1.0814207274381606,-2.3907416187692694,7.9776370658721625,-1.9260378421085975,0.12565915258656793,0.6353825839409171,abnormal
2024-01-01 00:00:52.810,-2.1928117651925745,0.5200183363190205,8.523746504521673,0.6119603991066139,-1.1983714240566028,-0.24879264324535602,abnormal
2024-01-01 00:00:52.820,0.9582733514862103,-0.7580925092676507,8.995296499568752,1.4055078759301733,0.17511406880073727,0.008534889022430318,abnormal
2024-01-01 00:00:52.830,0.3831901911561167,-0.25480903494851387,9.264466905925783,-0.8784912093174059,-0.3297272760769983,-0.6727671657451858,abnormal
2024-01-01 00:00:52.840,1.4863001319208273,0.43970536246106984,8.203170379074267,-2.726376470910924,-0.03162990359978544,-0.007929766685577594,abnormal
2024-01-01 00:00:52.850,-1.1903942175807614,-0.38029508907879844,8.932359134425463,0.9358582931913191,-0.7241336192688073,-0.08559922254938876,abnormal
2024-01-01 00:00:52.860,2.038346029666625,-0.9343514376052997,8.619731844620027,-0.48212857759427713,-1.1825963446438823,-0.5613382841659373,abnormal
2024-01-01 00:00:52.870,-1.4446387450428386,0.5520215009608145,8.494077651393729,0.6266035746508548,0.11881780864762784,0.5985132040475214,abnormal
2024-01-01 00:00:52.880,1.0537515929677852,-1.2120170156416488,8.657139995336953,-0.47123869095423776,0.45421746292084325,-0.34805091411426553,abnormal
2024-01-01 00:00:52.890,-0.3806493664986427,-2.4791656566368263,7.325019545304048,-0.21731100054793367,-1.459060649262852,-0.033158452063643595,abnormal
2024-01-01 00:00:52.900,-1.4152326170122407,-1.0077525675366392,8.113035667839975,-0.4541327685189112,-0.8764440459783936,1.0229189461450767,abnormal
2024-01-01 00:00:52.910,3.6852047392598943,1.513601759505386,8.945604337066708,-0.7281828448845469,-0.8330333627186558,-0.3121392594912373,abnormal
2024-01-01 00:00:52.920,0.8860501102125773,-0.47017571240612777,7.124202755043375,0.49547243259044016,1.0099315138200147,-0.42544015646170275,abnormal
2024-01-01 00:00:52.930,0.5279757892176938,0.06489843352673333,6.889787535795549,-1.8856643567885325,2.5494153673874624,0.1628206945535628,abnormal
2024-01-01 00:00:52.940,1.5230152801531778,-1.6017874623954393,6.633583558215946,0.42773068814656684,-0.5163854989475088,-0.4726270468929906,abnormal
2024-01-01 00:00:52.950,-2.0718286425771097,-0.837329353696045,6.024226584411242,-0.49551340613267164,0.06862697953232925,-0.13955121274179053,abnormal
2024-01-01 00:00:52.960,-0.1250216983319784,-0.2682986352639993,7.278580979780807,0.43899677829851935,-0.06657944599662369,0.23010314355823688,abnormal
2024-01-01 00:00:52.970,0.3301616492689326,0.33991938976324604,6.084050150362692,-0.5561942432759597,1.0152258085754386,0.34851830926402794,abnormal
2024-01-01 00:00:52.980,2.4691693627751627,-0.35436687112470094,5.774074868657278,0.5116548232490137,-0.4136939235102901,-0.10896569943347992,abnormal
2024-01-01 00:00:52.990,0.6082143622967576,1.2234322765605201,5.191402320692058,0.33507242620241157,-0.438783186012326,-0.2575474522495728,abnormal
2024-01-01 00:00:53.000,-0.29784889934957864,1.2643635518943888,4.767792949295677,0.24054537993206587,0.7051511810684313,0.4635582479364184,abnormal
2024-01-01 00:00:53.010,1.5999766319097386,-0.10196859340744262,3.014147124096601,0.09163841251942521,-1.1801753119541865,-0.5894244730257953,abnormal
2024-01-01 00:00:53.020,-1.6431644352365835,-1.0897789964749274,3.930537173534754,0.011052780863742359,-0.2507214573206927,0.38086504908745067,abnormal
2024-01-01 00:00:53.030,-1.113756567477542,-1.5834154160705143,4.568103053148207,-0.3266317575329074,0.8728841735481713,-0.04616660556816937,abnormal
2024-01-01 00:00:53.040,-0.46408800002247924,-0.2832660617950891,3.451998860898227,-0.19020585943969964,0.8090674006267234,0.9626600209466071,abnormal
2024-01-01 00:00:53.050,-2.6409977920390966,-0.18644832741238146,1.8901040608699846,-0.4787041279001727,0.5893845911469892,-0.36751641519472544,abnormal
2024-01-01 00:00:53.060,0.05327722690330395,1.463739565312155,1.7023964494850365,-0.5647436483585815,-0.17319962065943856,0.6087255403623325,abnormal
2024-01-01 00:00:53.070,0.865944728442202,-1.4925136323221635,2.435002632886037,-0.17809173579750048,0.7505154597124327,-0.5882176906647383,abnormal
2024-01-01 00:00:53.080,-0.9715636689639023,-0.15581607819265808,1.4019819486339444,2.959358861061319,-0.5394870900009243,0.14724834457280553,abnormal
2024-01-01 00:00:53.090,-0.32062905374317424,1.5002451831143728,0.8812491054866153,0.035713078512201686,-0.6832737399453289,0.10927375185532102,abnormal
2024-01-01 00:00:53.100,-1.8119809416134482,-1.3955186326627247,-0.5858943732917443,-0.6063447955983783,-0.4221059865487662,-0.3963367162390767,abnormal
2024-01-01 00:00:53.110,0.33401140980229893,-0.9474980206975661,0.10424768985689431,-0.7305856704368818,1.037821574516399,0.2855435834917799,abnormal
2024-01-01 00:00:53.120,-1.8136674739484746,-0.31237400853503633,-0.12289301117207652,0.1389736258995855,-0.6870518192822755,-0.042408975062172435,abnormal
2024-01-01 00:00:53.130,-1.7054565107594999,-1.4674581865517504,1.6802743680155623,-0.151977558197132,0.3715648727126625,-0.12954891203079538,abnormal
2024-01-01 00:00:53.140,2.101621955371199,1.0610743226202344,2.8016766013540275,-0.49055016759893616,0.2245703504123233,0.4507095468955348,abnormal
2024-01-01 00:00:53.150,2.201695014777636,0.24635787593871145,2.1882730614249164,-1.0160691146271075,0.26190878207933516,-0.9149771039940929,abnormal
2024-01-01 00:00:53.160,-0.02623993212682317,-2.211731383709504,3.2227622058303527,0.6459804720321637,-0.7682657107868922,-0.3102117256123117,abnormal
2024-01-01 00:00:53.170,1.3453686081030218,1.3216587201356413,3.8855406925240077,0.11539682012040264,0.4050431734041328,-0.7687596052011261,abnormal
2024-01-01 00:00:53.180,-0.530876334773114,1.2486078992534801,3.6091750409044137,1.1064209484398708,0.6473531188364892,0.01818704160068403,abnormal
2024-01-01 00:00:53.190,-0.5022887631824022,0.5513036101210282,4.375962682457327,0.7954332407175521,-0.32856750892520514,-0.04699544772516718,abnormal
2024-01-01 00:00:53.200,-0.18570330458232046,0.3200466834924659,4.81453893500965,-0.42884389501720105,0.6094443704381751,0.4654751070292662,abnormal
2024-01-01 00:00:53.210,-0.5277559416477202,2.0066537154447857,4.268990324704239,0.5272752986597938,0.32333362224414236,-0.8926225348924284,abnormal
2024-01-01 00:00:53.220,0.8692599239422117,-2.464664785123705,5.534164926878376,-0.5016572650724237,0.27918691920699684,-0.3270748556027842,abnormal
2024-01-01 00:00:53.230,0.3107484831110869,-0.8248588056057992,6.719889110947932,-0.438578494297822,1.6712659372430094,0.07931491185478386,abnormal
2024-01-01 00:00:53.240,-1.3379502272470079,1.0830381697911793,6.572960828610752,-1.5061563435197813,-0.3677923270066557,0.05024996654030421,abnormal
2024-01-01 00:00:53.250,-0.5620657974375285,-1.4154887854584584,7.401297254972567,0.618958663580069,-0.949559681058384,-1.298125790106003,abnormal
2024-01-01 00:00:53.260,-1.4459483713262211,2.7813031891559516,6.915362154859633,-0.7085131898627107,0.28542038575927076,0.20116991617164498,abnormal
2024-01-01 00:00:53.270,-0.4299083312729433,0.27545758426793926,7.438671677706116,0.015708075872029485,0.21013636906148295,0.40957231833462426,abnormal
2024-01-01 00:00:53.280,1.9367558153920612,0.0009662722456922569,8.954378296687656,-2.222737892298611,0.42155061815916134,-0.4833562816105981,abnormal
2024-01-01 00:00:53.290,-1.4691843742847457,-1.4674815050595265,8.492753076302685,0.41112237058158896,-0.5191741294867691,-0.17774440197259603,abnormal
2024-01-01 00:00:53.300,0.08720811649346273,-0.9530556922450261,7.69266270661404,0.6283399180952439,-0.038630858530806236,0.15381456237202296,abnormal
2024-01-01 00:00:53.310,0.6495164079514039,-0.594955930648319,7.615277978900152,0.6571967784966368,-0.3900115759911616,0.6879809701999481,abnormal
2024-01-01 00:00:53.320,-2.8812617427182525,0.8650669763662451,8.421392937833607,1.1016208531931106,-0.10197705246877427,0.45997299570136796,abnormal
2024-01-01 00:00:53.330,0.48256106951882083,-0.976269251690189,8.00971688307511,0.7130770374405447,0.032761562758526395,0.32249716900510506,abnormal
2024-01-01 00:00:53.340,0.007725730941755881,-0.881909818375215,8.227781663662235,0.6030912680550105,-0.5779401025654225,-0.5311341521767604,abnormal
2024-01-01 00:00:53.350,1.7468637460485437,-0.2184899523693155,8.069127532096955,-0.05943655723069416,-0.5506199959120508,0.6857465438784545,abnormal
2024-01-01 00:00:53.360,2.5176532520765655,0.6368325984787284,8.30136518178743,1.2730831312201727,-0.9421555282542758,-0.018771963603466044,abnormal
2024-01-01 00:00:53.370,-1.1344371424619728,1.0350549272348977,7.924245448622998,-0.8712302961234091,-1.936536916931697,0.6840370747299471,abnormal
2024-01-01 00:00:53.380,0.011829161386193218,2.0117547792770845,9.336142353547883,-1.0560509860086496,-0.2210606876798862,0.03238424454439034,abnormal
2024-01-01 00:00:53.390,0.6495169218226421,-0.9830376304359624,8.250267597169355,-0.6947543549664401,0.5023217097363346,-0.23512936284960917,abnormal
2024-01-01 00:00:53.400,-0.4195409868648617,-0.23158929654833493,8.130755418187695,0.23269835895636976,0.3086740909560873,-0.6864281851610072,abnormal
2024-01-01 00:00:53.410,2.278271628533181,-1.452242563660154,7.0792163639477605,0.9422330957573275,0.2980585721327155,-0.373104844498565,abnormal
2024-01-01 00:00:53.420,-2.76670594339998,1.46659316977207,8.542975007897493,0.06368963831797374,0.046622530045123484,-0.48436453429315096,abnormal
2024-01-01 00:00:53.430,-1.787585406561322,1.098952201770242,6.892562774571389,-0.09640447129047386,1.2414286678604576,-1.1450880312844653,abnormal
2024-01-01 00:00:53.440,1.002137569414358,0.9775551830998626,8.078271906019431,0.3840237536067158,0.42414054330755074,-0.0056456929562013446,abnormal
2024-01-01 00:00:53.450,-2.1756169943351082,-2.051010101532326,5.7876892300938785,0.2663103068781426,-0.539224813432588,0.5360139763342964,abnormal
2024-01-01 00:00:53.460,0.23078762439752915,0.09354228066135979,6.512630932600028,-0.6038243169678565,-0.37383231212711543,0.8224372888789563,abnormal
2024-01-01 00:00:53.470,-1.745103812318925,0.7042350916822709,6.625650835090225,0.6938286621150275,1.177644252455625,0.5918284850110312,abnormal
2024-01-01 00:00:53.480,-0.3125358971861079,0.6124643610266579,6.807912635460943,-0.5128178893389933,-0.1086227945666801,-0.719057490734009,abnormal
2024-01-01 00:00:53.490,-1.2711027192282225,-0.21917132410630116,6.13195426815244,0.463246547994834,0.22003693927761755,-0.13659503195208916,abnormal
2024-01-01 00:00:53.500,0.8771049237063688,1.2527471714976937,4.690466432268891,-0.4678445583719104,0.3021666403617342,0.04428380973508377,abnormal
2024-01-01 00:00:53.510,-0.7303121399103072,-0.45207835979378186,4.881146895524455,-0.03142747481554449,1.210100565881151,-0.7880118490137754,abnormal
2024-01-01 00:00:53.520,1.0709776072858903,0.303987889404393,4.397335923420738,-0.05244787641815325,-1.4269257837665723,0.7126095859959884,abnormal
2024-01-01 00:00:53.530,0.9621389940715824,-0.5746836755238307,4.2048599157470745,0.4629886224304296,0.8005491366433355,0.5412109615534777,abnormal
2024-01-01 00:00:53.540,-0.09039759116117538,0.7287699381754745,3.2339318506056007,0.4911476216992315,-0.32362191908330423,1.2131182858505583,abnormal
2024-01-01 00:00:53.550,1.669126690130182,-1.473473234265356,1.5601176958750649,0.9901669485962339,2.082439010010926,-1.322178969318023,abnormal
2024-01-01 00:00:53.560,-0.37549652153699864,-1.9909555607010938,2.3311806367400103,0.5768409161089326,0.8737019038928886,0.33026609592396405,abnormal
2024-01-01 00:00:53.570,-1.6176772699134985,0.2527832975021498,2.166829188564004,1.8808498609998197,0.1550973379651726,0.7195230499585684,abnormal
2024-01-01 00:00:53.580,-0.12162854052956054,0.14279314419646535,0.41583343623337576,-0.10246574766293114,-0.32644273677061864,-0.39530932139603053,abnormal
2024-01-01 00:00:53.590,-2.0131464467183124,0.5253191219682617,0.14792462898583902,-1.5511883102801995,-1.1629317143956164,0.3700314430798516,abnormal
2024-01-01 00:00:53.600,1.5351265831461578,0.2931897237358966,0.16113493754394537,0.23393731378661323,-0.5746578835524802,-0.3995220499879008,abnormal
2024-01-01 00:00:53.610,-0.3959508485501044,1.7363888813025645,-0.4856764431774582,0.4573449255215998,-0.2908102578402963,-0.3800808312626162,abnormal
2024-01-01 00:00:53.620,1.0128186878548617,1.1495271187845075,1.4125133516479662,0.06622147844646656,0.30581633924912266,-0.7466161572983748,abnormal
2024-01-01 00:00:53.630,0.42227155905451275,-0.1999805051786496,1.4441718036481437,-0.7119498854647809,0.013118104428176089,-0.34629081320925614,abnormal
2024-01-01 00:00:53.640,-1.3464813313403032,0.31813588333354226,0.8737314282056544,0.3829614856705607,1.8785646683836195,0.19617745097472775,abnormal
2024-01-01 00:00:53.650,-0.6011674374146196,1.4940942418831245,2.9120203725185836,-1.041073505216578,-0.21461038545306296,1.2957716615762112,abnormal
2024-01-01 00:00:53.660,-0.23511824159365785,0.7136428201303185,1.5834087686800522,-0.41170298754699824,-1.1474608983245902,0.5449419963885529,abnormal
2024-01-01 00:00:53.670,-0.373064574808904,-0.17683752477139136,2.988527961846329,1.283302741876503,0.6151803872560783,-0.4602396792464367,abnormal
2024-01-01 00:00:53.680,-1.0935147718395422,-2.2759180881375918,3.1705761590450137,0.23954771617936343,-0.6883137581553912,-0.5577991459977483,abnormal
2024-01-01 00:00:53.690,-2.1459673275390334,-1.5265534496950863,3.8279071480352616,-1.096521748116901,0.39129101483619194,0.4426197200107089,abnormal
2024-01-01 00:00:53.700,0.1665074389205882,1.2840313229662357,5.18138185464491,1.5114299500392225,-0.003539971532798328,0.0060834296471730595,abnormal
2024-01-01 00:00:53.710,1.49321590503445,0.7381496003249368,4.953764422811409,0.45141857662343743,0.7684458182002891,0.628931732124924,abnormal
2024-01-01 00:00:53.720,2.0640245200656673,0.8499278283959875,5.2817353026503495,-1.39676554451673,1.4113589178684531,0.40333425104477716,abnormal
2024-01-01 00:00:53.730,-0.43893285935709003,1.3167685127775162,5.951418248519503,0.5599302976586924,0.8134431791512762,0.47736915429629656,abnormal
2024-01-01 00:00:53.740,0.6015540703720944,1.9250675353495048,6.1050034049249104,0.10198485416311372,-0.14395464229835767,0.16109284662899942,abnormal
2024-01-01 00:00:53.750,0.8985090010492504,0.1849461834923212,6.42782347183195,-0.10662780440587023,0.6508397736196593,-0.3455392286898404,abnormal
2024-01-01 00:00:53.760,0.9756766009471942,-1.3971350912236626,6.991074133712473,0.004483589046746609,-1.1190963166267722,-0.19436745374370915,abnormal
2024-01-01 00:00:53.770,-0.5052798571549794,0.4265300734665778,8.528045944228094,1.5934060511438735,-1.2482988834479056,0.2845187801761538,abnormal
2024-01-01 00:00:53.780,-0.24576986461531425,0.853636523449209,7.2404302565750545,0.4439100467905149,-1.5251536808608506,0.732546965753811,abnormal
2024-01-01 00:00:53.790,-1.1769546525776324,0.2196175131176151,6.965605305543852,0.12455783981821632,-0.2323195003961498,-0.1603300052887773,abnormal
2024-01-01 00:00:53.800,0.39451912511656406,1.2132270157384257,8.608522634476257,0.3850115180607851,0.6011395574433414,-0.09022136328953331,abnormal
2024-01-01 00:00:53.810,-0.04616138324013778,1.6370591610969025,8.345102021878986,0.14150589496218674,1.5964370855539811,0.3019790065150039,abnormal
2024-01-01 00:00:53.820,0.3128284109305904,1.2157047508388976,7.546429362145173,0.001320244298529185,1.456626397416156,-0.06477171984988923,abnormal
2024-01-01 00:00:53.830,-1.6042731450274168,-1.5134226855305486,8.932828345802852,-1.5917343277052824,1.4401662842544203,0.7493727136271219,abnormal
2024-01-01 00:00:53.840,-0.41112855089229544,-0.25380236623885694,8.673353780641888,-0.508179277172136,2.130363900310062,0.6460193641803722,abnormal
2024-01-01 00:00:53.850,-0.9438035218239919,0.8422173534239586,8.966927443214093,-0.7753406399993279,-2.0332625717005626,-0.24028019703920644,abnormal
2024-01-01 00:00:53.860,-3.6634281567897125,0.3936028953109986,9.114317274706588,-0.6293817788423901,0.19473405869838065,-0.9821222335729631,abnormal
2024-01-01 00:00:53.870,0.35478290274611063,-0.302005054544017,8.351990690969437,0.5704438970911274,-0.4441317971092998,0.143567007619658,abnormal
2024-01-01 00:00:53.880,0.17021229463928927,-0.4459795604762155,8.994082791587482,-0.9735649606459582,-0.6306234134481887,0.6604753261344775,abnormal
2024-01-01 00:00:53.890,0.932336645955089,0.742902903857045,8.025095012053473,-0.2769382632912625,-0.1720614309824386,0.3627917624406158,abnormal
2024-01-01 00:00:53.900,0.4504379956245067,-0.6426165510164688,8.320183002780043,-1.7787430764236343,-0.1380154445392538,0.8760655883117768,abnormal
2024-01-01 00:00:53.910,-1.4309204838042906,-1.4430300600952493,8.25236899171115,-0.4557333532898536,-0.06605243272515852,-1.7003875726603306,abnormal
2024-01-01 00:00:53.920,-0.5312915572137092,-1.8022306890131081,7.969327497747802,-1.5179250861739213,-1.5364500798179028,0.3882285470313364,abnormal
2024-01-01 00:00:53.930,2.04961165660462,-0.9982345906450163,7.295147472717049,-0.29789765552749464,-0.23926433561892674,-0.7859411371118299,abnormal
2024-01-01 00:00:53.940,2.2681522158488474,-0.8871840090286713,6.777894793677883,-0.5057328391164376,0.8858735052657504,0.8129978599760453,abnormal
2024-01-01 00:00:53.950,0.7311970627690869,0.31136338308691774,8.021094077074924,1.0327579717822715,0.42592042218615234,0.21937560357230038,abnormal
2024-01-01 00:00:53.960,-1.27102731766406,-0.5454333886758714,8.019858218374528,-0.14144295420105193,-1.3925969709870984,-0.09901311192090398,abnormal
2024-01-01 00:00:53.970,0.9967764748277734,-0.7092787143653518,7.054172406495701,-0.5383849746288574,-0.48707774550269706,0.8519076213973814,abnormal
2024-01-01 00:00:53.980,-0.18450607397068325,0.060253043775684086,7.469014486820363,-2.2910294423946977,-1.0159747521120073,-0.05014646117802306,abnormal
2024-01-01 00:00:53.990,0.37688594565986216,1.1105834270394535,5.417270310249602,-0.24127095525677297,-1.1723845875899086,-0.34228760390143925,abnormal
2024-01-01 00:00:54.000,-0.22543912058663165,-2.2812507549438155,5.446120611540322,-1.6708186285122504,-1.0447635176429448,-0.08621959114893964,abnormal
2024-01-01 00:00:54.010,1.05297691281707,-0.3620084674963858,5.026047988670504,0.16662157412482564,-0.5847371421552793,0.5058143110320342,abnormal
2024-01-01 00:00:54.020,0.8873905324867404,-0.04483370356703804,4.421878887323482,-1.2840223978396512,-0.45585008424337375,0.5872328744458788,abnormal
2024-01-01 00:00:54.030,-0.12612679927842962,0.631597343585413,4.222141624092779,1.366479731107048,0.2772619508617056,0.10968433896994184,abnormal
2024-01-01 00:00:54.040,2.0231915523723534,-0.9944503973100803,3.804017561354477,0.8714346684086252,1.143544557531401,0.8660999651869076,abnormal
2024-01-01 00:00:54.050,0.7064032469687217,-0.36350476383155217,3.585536904896504,0.24892594425306686,0.41234049234759385,0.7510330339271775,abnormal
2024-01-01 00:00:54.060,-1.0027724933719515,1.0423513297399856,2.311128585240246,1.417686508523696,-0.43751255265249583,0.05856144443384011,abnormal
2024-01-01 00:00:54.070,-1.6513009054403494,-0.39638073979608296,2.604222627476058,0.32827761493884106,0.7772492830532721,0.05825351385261007,abnormal
2024-01-01 00:00:54.080,1.4454039133697367,0.6331779663643854,1.6027542877033039,0.1966350658497155,0.630666913452191,0.09645826971380152,abnormal
2024-01-01 00:00:54.090,-1.443206388668517,-0.3894672496995644,0.42118387414461467,1.152266007817426,-1.118798422017391,0.21791019030524356,abnormal
2024-01-01 00:00:54.100,-0.17771770678899537,-0.2734701455913634,1.000250114473392,-0.19866734323324436,-0.8515451274758186,-0.266039916146732,abnormal
2024-01-01 00:00:54.110,-1.1602206806780468,-0.6434977343646294,0.9631018652437229,0.5800952169779451,1.138313019159361,0.2504899414500088,abnormal
2024-01-01 00:00:54.120,2.0252156279877536,1.8357553423514554,-0.15645474880142685,-0.20281527675580396,1.5030242004962004,0.23392940702641574,abnormal
2024-01-01 00:00:54.130,-0.967420700832352,-0.08365652063283878,0.1824998285945747,-0.1422854180310848,-0.2904135737287499,-1.0806198981346018,abnormal
2024-01-01 00:00:54.140,1.9278842734262345,0.1888821194604233,1.7381973659384804,-0.4707337876075597,0.9143081822732584,0.3772213218950707,abnormal
2024-01-01 00:00:54.150,3.6427667379789543,0.760413610811574,2.022937625278577,0.7085290741259503,-0.38795962980170173,0.6483356502854235,abnormal
2024-01-01 00:00:54.160,-1.5834764603970544,-0.7416765743972433,3.139552261480247,2.5232524191288976,0.7739886119379178,-0.6928766241225749,abnormal
2024-01-01 00:00:54.170,1.7447530342388322,-0.5976465436372868,2.600124343895101,-0.3601722208899114,0.6551984574484876,-0.10281508913409265,abnormal
2024-01-01 00:00:54.180,1.5808431391569928,-0.2273639118593209,3.0308564214111335,-0.3313682392541911,-0.46503408633083093,0.5382204530771206,abnormal
2024-01-01 00:00:54.190,1.0223649903311893,-0.848863340569327,5.0643135640196055,0.0580219840314211,-1.361736248226805,0.9301048897966809,abnormal
2024-01-01 00:00:54.200,-0.5943160367052844,0.05021895818456068,4.484876791448442,0.276747494285712,-1.0243389217653533,-0.2598080309098469,abnormal
2024-01-01 00:00:54.210,-0.9579711836276961,-0.32960018959764475,4.681309752614461,1.1557937604773931,0.1442262445538936,0.090569888137616,abnormal
2024-01-01 00:00:54.220,1.844298269501695,0.1428452437696926,5.401507361217593,-1.137088896664337,-0.4048695578640078,-0.6966795798292318,abnormal
2024-01-01 00:00:54.230,1.11988093324214,2.670962793090409,5.5518362210219125,-0.255863946163684,0.9452844966787133,-0.6322545048207399,abnormal
2024-01-01 00:00:54.240,0.047835064450360384,0.8864077415195272,5.2278559519142345,0.4686282903705368,-0.3044736263718191,0.5056956304537571,abnormal
2024-01-01 00:00:54.250,0.0628514917681139,0.951606244394523,7.329084724911505,0.17818599483896783,-0.49173610165209974,-0.24492527738605055,abnormal
2024-01-01 00:00:54.260,-0.4256277031145808,0.6830558246798368,7.174409109464878,-0.6657631253646878,0.8546584384340289,-0.45666566631711636,abnormal
2024-01-01 00:00:54.270,-0.6129912629024729,-1.608632041662301,8.599870714994465,-1.6027163720562845,-0.32870365275880975,0.4425231281557055,abnormal
2024-01-01 00:00:54.280,-0.6113534332235994,1.1122157142331954,6.834693946073379,0.5136066453146527,-0.8653777275974032,0.3566025250701534,abnormal
2024-01-01 00:00:54.290,-0.41214449874634235,0.2453520182202236,8.493220731903962,1.9993102281875377,0.3907474460089494,-0.9038809556579672,abnormal
2024-01-01 00:00:54.300,1.0295174232968534,-3.1255342778752224,8.364342337421983,-0.6537990796974571,-1.6459219928525506,0.5177735241738036,abnormal
2024-01-01 00:00:54.310,-1.462221736766441,0.7127930314481914,7.882103256645628,0.8077339548734974,0.505549479082601,0.5958499595102418,abnormal
2024-01-01 00:00:54.320,-0.18122516635623032,1.4594662153420874,8.905428115158596,0.5457419482909527,-1.817997505314819,0.5067685628494667,abnormal
2024-01-01 00:00:54.330,-0.30423443008830137,-1.809715447997775,8.238006600849415,0.1270860625342027,0.32195826509317677,0.4751005010961483,abnormal
2024-01-01 00:00:54.340,-1.1573772491360947,-1.6287115503654237,7.815194801728422,-0.1697090526410495,-0.23655277132937583,-0.021279579296159704,abnormal
2024-01-01 00:00:54.350,-0.30588325382304377,0.06682997422699317,7.866781610028499,-0.8855813713806057,-0.6454362502835446,-0.9364130075491838,abnormal
2024-01-01 00:00:54.360,-0.37149417373507715,2.1008031427918885,8.711344664762406,-0.7424007678386545,-0.3443514675866316,-0.1375581674428992,abnormal
2024-01-01 00:00:54.370,-0.25164857653851763,-0.24446515941136943,9.778517074430907,1.2069388206740628,-0.4281353644480917,-0.07399922376696504,abnormal
2024-01-01 00:00:54.380,-0.509713812859746,1.4493466294635902,8.509701809713999,1.1093564084786325,-1.7739456804521734,-1.0160451836533735,abnormal
2024-01-01 00:00:54.390,0.3277467197463602,-0.5069441759050435,9.310855241531526,-0.7017973789040947,0.596148238417234,0.4174297462622211,abnormal
2024-01-01 00:00:54.400,-0.4612638873957466,1.5635593359303646,8.472272054433823,1.5832157919346361,-1.8479203623909166,0.017108124030915432,abnormal
2024-01-01 00:00:54.410,-0.3607901709328697,1.4548075631815212,7.724220802114243,-0.4445468149562563,-1.1728657267889069,-1.0284593458452336,abnormal
2024-01-01 00:00:54.420,1.5439709612470902,-1.4259232135146838,7.863246100027371,-1.4367633772805286,1.4421459472218876,-0.2041243901870704,abnormal
2024-01-01 00:00:54.430,1.0666641587763355,-1.3799313521684238,7.409045055461931,0.8265499361713071,0.7212204205534349,0.79631855941051,abnormal
2024-01-01 00:00:54.440,-2.2110027588116177,-1.8593567083840044,8.983083734504978,0.7888092930837692,-1.1246728887449595,-0.20346366638183802,abnormal
2024-01-01 00:00:54.450,-0.3184526029079409,1.0664269873190935,6.897532127968677,1.5628449964735551,-0.8872871810821056,-0.30620504541918897,abnormal
2024-01-01 00:00:54.460,-0.3851005060046707,2.4264120270629284,6.768905970355963,-0.8643207872363567,1.1113482622377424,-0.6488006637472298,abnormal
2024-01-01 00:00:54.470,-1.4869297480408852,-1.2328365746511945,7.327955574799228,-0.0960138659483364,-0.8068473679788024,-0.6283034266029246,abnormal
2024-01-01 00:00:54.480,1.2261596083082629,0.5344433716643917,5.77811231975098,0.20591494240957248,0.10681469053718903,0.3337357039899668,abnormal
2024-01-01 00:00:54.490,2.2669461709805203,-1.1706199041446155,6.339744862318652,0.11562923554126181,-1.2471700714379352,0.4685643438986719,abnormal
2024-01-01 00:00:54.500,-0.1228052358608905,0.24790091673301304,5.157278885250848,2.3342641131694304,-0.909195549857542,1.06080808711203,abnormal
2024-01-01 00:00:54.510,0.17432172450268663,-1.3852312450205302,5.701649182087883,-0.14834035994553302,0.8295291123150239,0.5614094309877478,abnormal
2024-01-01 00:00:54.520,-0.10798865775736094,1.3757840705093025,5.174677611038166,-0.7112947573778856,-1.4550932850562281,0.3703806668172709,abnormal
2024-01-01 00:00:54.530,-1.0357683722326965,0.19605882230530444,4.9431913171341,0.7919588563283791,0.41793004534656947,-0.02420341936831392,abnormal
2024-01-01 00:00:54.540,0.1948755566011027,-0.0859102871653657,4.6249254636917785,-0.32690460760788725,1.0682662927869464,-0.35590101241339867,abnormal
2024-01-01 00:00:54.550,-1.8023500270401343,-0.4835836300190213,3.5952204887887294,0.07255459574190286,-0.956831200864239,-0.8618230595349745,abnormal
2024-01-01 00:00:54.560,0.7774840515070055,0.0708605324775039,3.613250964505486,0.10818933020114822,0.49298299918907595,1.132180280528812,abnormal
2024-01-01 00:00:54.570,-0.4117533981659969,0.905831184646315,2.463033878917641,-0.6397659806175957,1.4243585766968752,-0.6142550745058235,abnormal
2024-01-01 00:00:54.580,1.1125820752346902,1.011068453659765,1.7742359357552924,-1.0368880325698326,2.115779939982028,0.7147642351881939,abnormal
2024-01-01 00:00:54.590,-1.571692220116199,0.40168798178616794,1.3813354948441374,1.3199010416838854,-1.7699799154399243,0.5702322577858374,abnormal
2024-01-01 00:00:54.600,-0.15482487217485486,-0.8703722180482037,2.3061406991989033,0.3789057606376675,0.33471579740303686,0.09164428765130439,abnormal
2024-01-01 00:00:54.610,-0.07739343844944553,0.49815081949147816,1.0159048166032276,0.2987364560807299,0.16469787947406656,-0.07252234683180213,abnormal
2024-01-01 00:00:54.620,-1.4037412831355118,0.28126346177830525,-0.14122035680193318,-1.4932481200376364,0.01831924800642785,0.13506478567636657,abnormal
2024-01-01 00:00:54.630,1.1260947603441573,1.244666658354881,1.0311779380471393,1.6000305418150085,-1.335398041160318,0.5763104217883858,abnormal
2024-01-01 00:00:54.640,-1.4088816961531831,-1.3402130186643042,1.1178816908394615,0.2248260911661013,-0.04796549748872255,0.1911099121299188,abnormal
2024-01-01 00:00:54.650,1.472519772005278,0.6991902197089056,2.067313395444871,-0.3437806872119412,-1.2111703119777781,-0.7306744181680025,abnormal
2024-01-01 00:00:54.660,0.2591482662588812,0.9111954226794731,2.9051940846523205,-0.6952652884204603,-0.5047334076182316,0.1446287047815359,abnormal
2024-01-01 00:00:54.670,-0.7226020222902282,1.504070525444047,2.308130755999534,-0.38704071611382534,-0.413912351583739,-0.144839710785378,abnormal
2024-01-01 00:00:54.680,1.8192083270886186,0.9733294372862691,3.774482983281673,0.769011456040041,1.2773778795481425,-0.5304150040149042,abnormal
2024-01-01 00:00:54.690,0.5722661467032943,-0.5631989416573747,3.9941378459901595,0.3657942120303862,0.12068153961288702,-0.1020787796893559,abnormal
2024-01-01 00:00:54.700,0.6160869410533186,2.239842994729662,3.9926917757095977,-1.4150188504760612,-0.19447346352725975,-0.501900425103064,abnormal
2024-01-01 00:00:54.710,-1.0446386379113097,0.49274337012862796,4.459747787646762,-0.3194695177856181,0.393142981924046,-0.467866793029089,abnormal
2024-01-01 00:00:54.720,-0.29850573892226334,-1.2718989668647394,5.100009020629502,1.2391570788081836,-0.9233679416123017,-0.5286245174750476,abnormal
2024-01-01 00:00:54.730,0.2535930340043627,-1.975516862782298,4.751705576521751,0.09538181953732372,0.4917489049023488,-0.7357801191748147,abnormal
2024-01-01 00:00:54.740,0.1319837343484694,0.11210933214099116,5.144718596247351,1.2535811445417093,-2.2342607694443255,0.15331318510220338,abnormal
2024-01-01 00:00:54.750,1.6262202241207067,0.032641679401632366,6.475533527567846,1.378225257014182,-0.6209490129601033,-0.21363870475691205,abnormal
2024-01-01 00:00:54.760,-0.3556225193510068,-0.9171392940747138,6.016917858122999,-0.31690583241507947,-0.7477291699310967,0.5575728377723355,abnormal
2024-01-01 00:00:54.770,0.61863895358339,-0.8483753410409763,6.412731847212004,-1.0283000819913002,0.58018848461931,0.07512681195247835,abnormal
2024-01-01 00:00:54.780,-1.0709821198812857,1.7996387287205786,7.13819705772347,1.4683073778510654,0.32697042315365454,-1.2002406454016894,abnormal
2024-01-01 00:00:54.790,0.009052742187452341,-1.2125162462326673,6.755284308924056,1.2867000621908944,-0.6611031925302691,-0.4275038722586477,abnormal
2024-01-01 00:00:54.800,-0.9570565308021319,-2.3806569725379805,7.5566011885410855,-0.22862753415905487,0.5702815415074749,0.1890996819372377,abnormal
2024-01-01 00:00:54.810,-0.45105243273229834,1.0989079719171873,7.17827537645746,-1.4622272351375465,-0.7531138126674453,-0.15001740470902297,abnormal
2024-01-01 00:00:54.820,0.6902018873723516,0.9124803897693994,7.589116655597093,-0.6648111453580555,0.12392222171212247,-0.45700064402394375,abnormal
2024-01-01 00:00:54.830,-0.7708307314932364,0.6327282812288999,8.042160613825963,-0.8562702735986414,-0.7447276446502683,-0.34414239777285105,abnormal
2024-01-01 00:00:54.840,-1.8555598855126778,1.090115550667104,8.436069358271023,0.8025065076228226,0.2275020038922166,-0.5419512461420207,abnormal
2024-01-01 00:00:54.850,-0.7860552355815246,0.5498878385121859,8.587719978228366,-0.5824851730101763,0.2753023330331251,0.614197950985347,abnormal
2024-01-01 00:00:54.860,0.5022068858118801,0.35175845063357647,9.192194070686352,0.6520078776418209,-2.9063523179353266,-0.824191333126621,abnormal
2024-01-01 00:00:54.870,1.3992213833312757,0.02591837665321736,8.889462731691754,-0.2370578457380671,-0.6163160006564634,-0.4959016265578371,abnormal
2024-01-01 00:00:54.880,0.4398926213234199,-0.049514977379199965,7.808090083470421,-1.7356334502535982,0.5463651297028146,0.305317621117457,abnormal
2024-01-01 00:00:54.890,-0.6643642757328463,-0.8898912115324262,8.515332689850723,2.182876774803765,1.0525090086207736,-0.12076647757385682,abnormal
2024-01-01 00:00:54.900,-0.014421318681376565,-1.2487670932721955,8.19006137829852,-0.0802773783850264,0.4215930237691206,0.5270849444132124,abnormal
2024-01-01 00:00:54.910,0.7002073004351809,-1.1106603432447906,7.831589252872989,0.2898288868306687,0.6481385565411412,-0.685411473217327,abnormal
2024-01-01 00:00:54.920,-1.7473126002973978,-2.106569027498051,7.980308145049232,0.31184527341357676,2.1915853493219544,-0.32067657229700586,abnormal
2024-01-01 00:00:54.930,-0.34709134434648053,0.795126223721063,8.409126160780987,0.6731176945900337,0.7787132849601615,-0.5548123136735545,abnormal
2024-01-01 00:00:54.940,-0.2284278396884504,-0.7115763690373623,8.104302626133263,1.3399199977645464,-0.09131294497396698,-0.48769158415928043,abnormal
2024-01-01 00:00:54.950,-0.24022274925085074,-0.8334121104335416,6.287324011167945,0.7576040583828929,0.9150405476963983,-0.5598908772706319,abnormal
2024-01-01 00:00:54.960,0.23955039683588314,0.5128712300226671,6.716782248301283,0.8828423829799876,0.16507589635797137,-0.9977538567891541,abnormal
2024-01-01 00:00:54.970,1.4534584869646792,-0.5111666178916778,5.9098264591672525,0.8143912645270426,0.913055776980545,1.04718499845888,abnormal
2024-01-01 00:00:54.980,-1.5702042347831475,0.25699297823380624,7.848704568287834,-0.593000106167576,0.2573470925861207,-0.26289222519636385,abnormal
2024-01-01 00:00:54.990,0.40144088701568736,-0.0022099340969436764,7.730581300497178,0.3069385924554882,0.578841210870067,-0.42147016236155316,abnormal
2024-01-01 00:00:55.000,-1.7103575851105868,-1.0325799343708393,7.415042142845856,0.3845192634664318,0.980532352354885,-0.263531876149677,abnormal
2024-01-01 00:00:55.010,-0.6092705993507596,0.950824239421349,5.4419101015669185,0.12353620998822851,1.6139273451662446,-0.12741521674458242,abnormal
2024-01-01 00:00:55.020,0.0862736567702498,-0.5590343519188246,5.477886451788956,-1.3920181845016153,0.9001235468661788,0.3213031093536548,abnormal
2024-01-01 00:00:55.030,0.5559875796729741,0.8806910500040087,5.927718501373172,0.6833323952599977,0.14853675995650853,-0.015607391342655423,abnormal
2024-01-01 00:00:55.040,-0.25538080201486607,0.3747073472799712,4.33321618925305,0.5691104041722308,-0.39519355855280086,-0.24266074559975634,abnormal
2024-01-01 00:00:55.050,-1.105091638983882,0.2056127285929687,4.323805666351316,1.7294116230937402,0.49079043605146727,0.009171484346859913,abnormal
2024-01-01 00:00:55.060,-3.0759916515469876,1.69998127706968,2.7817926945127693,0.2844276634738673,-0.2122939776122177,-0.029814220209367085,abnormal
2024-01-01 00:00:55.070,0.5847785269414256,-0.48005727290720945,3.6236757720598582,-0.29772336683074035,-0.19083105146227364,-0.28623520542858594,abnormal
2024-01-01 00:00:55.080,0.12832838863075477,1.2393039010926536,0.920082207405408,0.6693090930194672,-0.30080253689730235,-0.10863105461109435,abnormal
2024-01-01 00:00:55.090,1.6763620808409343,-0.7613613329967576,1.3181028689920213,1.188599901288194,0.8031688914018558,0.9813977512725223,abnormal
2024-01-01 00:00:55.100,-1.3449882609970787,1.9222855007661,0.3438650534939447,0.610130260453504,0.19679805572680115,-0.34482775458127124,abnormal
2024-01-01 00:00:55.110,-0.3899036532017399,0.10351888907433147,-0.2826106986941087,0.4102975905581991,-1.7179292764781735,-0.5648245554534543,abnormal
2024-01-01 00:00:55.120,-0.2381747577756843,1.082824707918645,0.25232991600688065,-0.13432391860109555,0.46678478533088674,0.17980627640143873,abnormal
2024-01-01 00:00:55.130,-0.48409660815330985,-1.800858256515078,0.39893871503725925,0.4385377470221579,-0.8687105205161403,-0.3170341164860296,abnormal
2024-01-01 00:00:55.140,0.3835096044277942,2.4295197908589854,0.6623569067138317,0.16241300947214585,-1.0754464668533126,-0.2740946232933478,abnormal
2024-01-01 00:00:55.150,-1.6732279609295435,-1.7021240691098987,1.9912498953592017,-0.6002070042794166,-0.6420251204334345,0.24498925694512924,abnormal
2024-01-01 00:00:55.160,-1.5568734009620022,0.8129272575348703,1.0955168721117032,0.09050521071650439,0.6080333967303356,0.20970365992796128,abnormal
2024-01-01 00:00:55.170,-1.1317865111322498,0.6902842505989509,2.8221704058668484,-0.12418500421523479,0.6666885448597907,-0.4216236614411187,abnormal
2024-01-01 00:00:55.180,0.3573656107348671,1.46379910416373,3.172621204365348,0.27080853632767354,1.4205664874580333,-0.5380337408170276,abnormal
2024-01-01 00:00:55.190,-0.17998532121320396,2.2274173485838733,4.191799438936452,-0.8447208814132745,-0.6345319392847009,-0.019880695461474036,abnormal
2024-01-01 00:00:55.200,1.2504787462621578,-0.3948979708729934,3.3845966278064727,0.14617495722782692,-1.2129647803169905,-1.20216644806479,abnormal
2024-01-01 00:00:55.210,2.483883520114593,0.5310255449901004,4.58927253227146,-1.1798877692059977,-1.1170115672535343,-0.3771894005799331,abnormal
2024-01-01 00:00:55.220,2.167624543211197,-0.6128484350346101,5.071320513896823,-0.850390308756283,0.3150562535530059,-0.2734563037912982,abnormal
2024-01-01 00:00:55.230,0.9076037667934135,-1.8335309954102925,3.659910145509646,-0.6860054462727561,0.243160547356982,-0.41399499161698006,abnormal
2024-01-01 00:00:55.240,-1.5898965096171318,0.8680396042839803,5.675494749821122,-0.8569651896295548,-0.5341259755317436,0.135140664376672,abnormal
2024-01-01 00:00:55.250,-0.35314407049473495,1.4885609032180684,5.4111290229152464,0.40951361340297954,0.046266909090514056,-0.6676503135028166,abnormal
2024-01-01 00:00:55.260,-1.2112355160885218,0.5418774605099562,5.1362163263404925,-0.7757532892059784,1.2895362929706184,-0.024086023069569362,abnormal
2024-01-01 00:00:55.270,0.4493108809863285,-0.4097837642952803,6.516991707415889,0.4281303626385543,0.023799505191847294,-0.10162975308075654,abnormal
2024-01-01 00:00:55.280,-1.1682979467060683,1.0729005059770333,6.92108674816278,0.7996581315785768,0.47109315317915246,0.8354092210634079,abnormal
2024-01-01 00:00:55.290,-0.3958730484319594,0.20866893906328923,6.8165762104257945,-0.09615458596181822,-1.883647285140011,-0.13574540851128972,abnormal
2024-01-01 00:00:55.300,-0.10542336476347426,-0.33296591725868174,7.761681255988087,-0.3195130073888169,0.4760372737978688,0.36970573281175173,abnormal
2024-01-01 00:00:55.310,-0.5059904862068951,-0.7266108609948644,7.744760182602452,0.04786892713648755,-0.7011543269536504,0.48973006095460925,abnormal
2024-01-01 00:00:55.320,1.3703079792906432,1.0716410459994812,7.344186650605177,-0.3341549339509435,-0.5485542465527762,0.6165724919714254,abnormal
2024-01-01 00:00:55.330,0.37354612625692213,-1.0740273129859326,8.567762433123946,-0.6444999117262836,-0.07303411122563551,-0.6498709178947794,abnormal
2024-01-01 00:00:55.340,-0.44367968566798105,-0.22093162917596834,7.976858336754197,1.125724509905029,1.2805220012006122,-0.2827170716418382,abnormal
2024-01-01 00:00:55.350,1.1386226838551408,-0.9932750216449471,8.355968012345635,-0.6495823860307458,0.508729698312923,0.6101969608512079,abnormal
2024-01-01 00:00:55.360,-0.3760175440239109,-0.07404166108059776,8.64217615168661,-0.34506112686043056,-0.673673536462585,0.1661381211018474,abnormal
2024-01-01 00:00:55.370,-1.50255663510594,-1.5981767076253888,7.581825895060097,0.49134602630959895,-0.14228214801209071,0.005660612098515045,abnormal
2024-01-01 00:00:55.380,0.24119872789508207,1.4309785483535125,8.503752685604168,0.10039647433935878,-0.39371629993321916,0.009336448774726615,abnormal
2024-01-01 00:00:55.390,-1.4034836412628877,0.8492644769214904,8.071037558082544,0.8816199928510114,0.18054884536917598,1.6631300780057294,abnormal
2024-01-01 00:00:55.400,-0.12045217398837371,-1.3986650576245367,8.986729419411942,1.1626555778447694,0.6524188975386458,0.5172002550084003,abnormal
2024-01-01 00:00:55.410,0.07417397574621402,-0.7180286130102914,7.965908622712448,0.010765681658938429,-0.3014123078787479,-0.44186494760241385,abnormal
2024-01-01 00:00:55.420,0.07420313582773909,-0.4302951669323897,8.274938699245551,0.996808331552401,0.3291578105554323,0.4766684827517049,abnormal
2024-01-01 00:00:55.430,0.11315649739666422,0.7251681579020107,7.7454173129237525,-0.5538395122613217,-1.5442209534644797,-0.44779641732277825,abnormal
2024-01-01 00:00:55.440,-0.15417264791601595,0.14138853618533018,8.127895925073036,-1.675112426785674,-1.355182251668931,0.4331331796005235,abnormal
2024-01-01 00:00:55.450,-0.1933200503881375,-0.5875233060007032,7.794811789224478,-0.9225302861805743,-0.559684588081505,-0.32430841563549306,abnormal
2024-01-01 00:00:55.460,3.2173912370207933,0.19897568076871214,8.41358316367908,-0.2971376608330862,-0.06892640121312199,-0.37707870877199506,abnormal
2024-01-01 00:00:55.470,0.5967079214711165,-0.3013852691727469,6.842287594082163,-0.5281294070959716,-0.6861016026012253,-0.19276775570089438,abnormal
2024-01-01 00:00:55.480,-1.4473545867508737,-0.4377941234393819,8.30572633072179,-1.8949625247460113,1.2581826253902586,-0.6440014651264515,abnormal
2024-01-01 00:00:55.490,1.7307819450228548,0.7519170433253038,6.390614234669009,-1.4622889426016172,0.7117972964903124,-0.28370206024993466,abnormal
2024-01-01 00:00:55.500,-0.579871269909611,-1.355565221162187,5.5800963526350635,0.9196638841973499,-0.765981580775056,0.9653185955924142,abnormal
2024-01-01 00:00:55.510,-1.103772801263542,1.2019229337265194,6.430514179179317,0.2049611727205214,-0.15465618403319834,0.15652969531015043,abnormal
2024-01-01 00:00:55.520,0.13951489517157395,0.7361221633541043,5.0227464945036155,-2.105833389520579,0.9583662145374332,-0.17693080086849616,abnormal
2024-01-01 00:00:55.530,1.9174602866892196,0.06499475856723345,4.894992181827157,1.5158128557375667,-1.004828456878791,-0.4015255223284264,abnormal
2024-01-01 00:00:55.540,-0.6884838217278954,-1.3819853307042553,4.446182359571252,0.9203039370037953,1.1928595364801768,-0.26186089464937223,abnormal
2024-01-01 00:00:55.550,1.9275028625174422,0.5780876091704444,4.144328302578843,-0.3477994227879598,0.012251170050940473,0.7830857020925343,abnormal
2024-01-01 00:00:55.560,-1.141823817068151,-0.6095458228954486,4.65057702504077,0.4659826153990137,1.2898216060850418,-0.1858691885740109,abnormal
2024-01-01 00:00:55.570,-0.12734511563611087,0.5940998319836788,3.358403026819027,0.1663534834748231,-0.23160064023135218,-0.7012396520328708,abnormal
2024-01-01 00:00:55.580,1.0596202615928654,-1.159663921799707,3.384886805336168,-0.16229594192070074,1.1127738011964552,0.04185570312718972,abnormal
2024-01-01 00:00:55.590,0.5147641894452595,3.2012279757875013,2.5861968176201544,0.29423221589422766,-1.0667225457570215,-0.19716251472382534,abnormal
2024-01-01 00:00:55.600,0.8973429569101664,-1.4532793633699042,0.8824407512437215,0.17821399642848512,-0.42688954516300265,0.5242172904120644,abnormal
2024-01-01 00:00:55.610,0.7681281676159952,1.1374072563646465,1.5002271240683918,0.5724983859284476,-0.5721827424928205,0.2669111349331525,abnormal
2024-01-01 00:00:55.620,0.22552758751714247,-1.368084419899098,-0.3314587969449504,0.44430345895788076,0.9098400686863596,0.2309240910582787,abnormal
2024-01-01 00:00:55.630,1.5934930059998231,-1.9059197692904606,-0.10028677607929,-0.48932574112152355,-0.16914558598894025,0.46762790310791263,abnormal
2024-01-01 00:00:55.640,-0.05378570098222272,1.101588621932251,1.1073167303307985,0.7470072060934922,1.6397357152382088,-0.6783675705338067,abnormal
2024-01-01 00:00:55.650,-0.07487096053066976,-0.8403842983067534,1.2551801586942224,-0.255568407936746,0.9506412690900448,-0.36919822417143644,abnormal
2024-01-01 00:00:55.660,-0.5374699214772599,-1.732283940110116,2.152630746788005,-0.6189472127731681,-0.3741032642105774,0.26239249273794407,abnormal
2024-01-01 00:00:55.670,-2.2239035491717973,0.4899570344165876,0.52644340116785,-0.11709990413415976,1.4147182108886671,-0.7910446110091985,abnormal
2024-01-01 00:00:55.680,-0.17988426039173325,-0.6440188010248978,3.4471719650725055,-0.149910393468467,-0.6001022997034252,0.34313542894294036,abnormal
2024-01-01 00:00:55.690,0.9365478483259885,-1.1838588610885172,4.197427147172904,0.6282000085356466,0.24368422356895553,-0.902356588100766,abnormal
2024-01-01 00:00:55.700,0.8738670247572405,-0.9816914052732058,4.375720869179847,-0.03374990876463326,-1.871386014703836,-0.025102445139148104,abnormal
2024-01-01 00:00:55.710,-2.5391696946702527,-1.4651874809699537,3.12592193969422,0.7545252885019912,0.25250394262488596,-0.33798112157966237,abnormal
2024-01-01 00:00:55.720,-2.0023377666109887,-2.141244783468408,4.4684054911815965,-0.10770665028049217,-0.32143682953817143,-0.042304548961242965,abnormal
2024-01-01 00:00:55.730,0.2864633735399588,0.7438529875458824,4.6597362103791955,0.9080014146943806,-0.2536453044092279,0.16417747284063736,abnormal
2024-01-01 00:00:55.740,0.4414666449696654,1.284049179739698,5.276012100550525,0.1745435753294801,0.48670691911944325,-0.04175110178206654,abnormal
2024-01-01 00:00:55.750,2.005217232985705,1.5302331528254753,6.212038891267993,0.21190002103925507,0.7724498266215039,0.5433560472975167,abnormal
2024-01-01 00:00:55.760,0.9516877733270692,-0.38380968129705983,5.483646155542868,-0.41010829446528035,-0.4357834067728205,0.32247691289878155,abnormal
2024-01-01 00:00:55.770,0.7664165150209943,-0.8423495067653667,6.385913018835113,-1.4301799570131979,-0.14399420266144097,0.2612037511864716,abnormal
2024-01-01 00:00:55.780,1.0639307768684798,0.759830094431417,5.790267649626177,-0.367504849443999,-0.814209271472336,0.6358374493200148,abnormal
2024-01-01 00:00:55.790,-0.3939897908607766,-0.5484419112233493,6.119720780507189,1.3702077391078382,-0.0998276107404088,-0.3434050042268283,abnormal
2024-01-01 00:00:55.800,1.7126153106376407,-0.34132949181033223,5.571819226407128,-1.2848061909046231,0.10421720367825772,-0.6420236972869448,abnormal
2024-01-01 00:00:55.810,-0.2703752216157942,0.3270085915156287,8.081936729318876,-0.6355360693099457,-1.0553772199946978,0.2182704645888615,abnormal
2024-01-01 00:00:55.820,0.2739224946826025,-0.05187787480735542,7.030622706765775,-0.6149365620721261,-0.5518956439410492,-0.39290309436630516,abnormal
2024-01-01 00:00:55.830,-0.9427200318884476,-0.20413630013781145,8.257912324109338,0.10555051577294176,0.8121602373575613,-0.21607998258549146,abnormal
2024-01-01 00:00:55.840,-0.6515495750645467,-0.46983451849723984,7.572248747615286,-0.3657227069772013,-0.9013346874756841,-0.27392728923704013,abnormal
2024-01-01 00:00:55.850,0.22552143034125688,-0.4809282998432459,8.56022564147034,0.3784856749597168,0.26580492034528846,-0.9454155667785599,abnormal
2024-01-01 00:00:55.860,-2.3732783492847815,-0.5227745933472387,7.978102140966876,1.6849538343620112,0.9874299872541356,-0.31860363928793783,abnormal
2024-01-01 00:00:55.870,-0.13571647424090705,0.5388838986356189,8.910435898044202,-0.8194454613404432,-0.015891975842244898,-1.0726549701824337,abnormal
2024-01-01 00:00:55.880,-1.01142601020824,-0.5002914174916178,9.041651576796047,1.4168014839942662,0.07806671303526534,0.16261403292958318,abnormal
2024-01-01 00:00:55.890,-0.7410925822716815,0.8810634509170283,8.653437760275798,0.2774969124198308,0.5277189490113628,-0.6261590294491224,abnormal
2024-01-01 00:00:55.900,0.03388199737188122,1.039025415748078,8.701003273113981,0.5780779667584932,-1.7585993413236,-0.08154115616565068,abnormal
2024-01-01 00:00:55.910,-0.6032849987229413,0.05307217293721157,9.05164058802782,0.011779836793597185,0.5664805618867684,-0.5840030128862976,abnormal
2024-01-01 00:00:55.920,-1.5475197389799913,-0.13356928878347513,8.361548783351004,-0.5141236317896725,1.0379215464824918,0.28116831669491077,abnormal
2024-01-01 00:00:55.930,0.3570038146094201,-1.0144253038430149,8.56948663653878,-1.4436287792390645,-1.0330189533756744,0.1614719624406457,abnormal
2024-01-01 00:00:55.940,-1.614667275831202,-1.19322453204488,7.563341879750528,1.097026503484824,-0.13342285205947643,-0.3523164672811437,abnormal
2024-01-01 00:00:55.950,0.6321965336282239,-2.4016633397009257,6.841936852464914,-0.9579964527743194,1.2973948356478469,0.8473232238805671,abnormal
2024-01-01 00:00:55.960,0.17122109286500548,-1.0312184802913649,7.525525540642559,0.3395451115191776,0.7482488019117157,0.42325891619426587,abnormal
2024-01-01 00:00:55.970,1.4631158773282447,-0.1877850186303707,7.726074360087965,0.28165160012442747,-0.4000952791089865,0.4587016926482122,abnormal
2024-01-01 00:00:55.980,1.186757072409747,-0.8905763280462036,6.267998771505519,0.4359878838564378,-1.4208217425861236,0.2142786594359207,abnormal
2024-01-01 00:00:55.990,-2.4561981653470726,-0.7595226307321167,7.580601901235047,-1.0010222537407998,-1.1221507108549091,0.0891904575352248,abnormal
2024-01-01 00:00:56.000,-0.2768594889698328,2.888766293299381,6.062334503912344,-0.2882763427303583,0.025673591843531293,0.9037333995531006,abnormal
2024-01-01 00:00:56.010,1.094807145117109,-0.9658543932707016,6.38091490064337,0.5260507631575682,-0.1330811326944846,0.4547926140004368,abnormal
2024-01-01 00:00:56.020,0.8958340575954971,0.6890678484219152,5.503067404980971,-0.10705302944338574,-0.027661451097297597,-0.1774579732970792,abnormal
2024-01-01 00:00:56.030,1.2565385368641555,0.14356574733621277,5.446486165470196,-1.3600711044112253,-0.8814288863933292,0.08197459419238262,abnormal
2024-01-01 00:00:56.040,-0.026242104498736867,-1.7200278272798615,5.38340777253339,-0.6777236816169107,-0.09567074880980933,-0.0576506067438233,abnormal
2024-01-01 00:00:56.050,0.5883573109658409,2.4279875476404764,4.117012772024607,0.4415303031885102,-0.6634288005306611,-0.44090422389027323,abnormal
2024-01-01 00:00:56.060,0.3962307535570214,1.3163643170848658,4.356965595504386,0.5756653943738818,-0.7991958958150226,0.29985115578764937,abnormal
2024-01-01 00:00:56.070,-0.16898120019734167,-0.42970015492812075,3.1167155214642417,-1.4713302410057378,0.38706048967553625,0.00033214730124315057,abnormal
2024-01-01 00:00:56.080,-0.2994087097991187,0.02878658761755649,2.81667535467441,0.5522674321939516,-0.48449844356881794,-0.270237342596414,abnormal
2024-01-01 00:00:56.090,-1.5316822752316699,-0.9910355736428844,2.6328736936979826,-0.5621352650668379,1.2822024583235299,-0.48590331401177755,abnormal
2024-01-01 00:00:56.100,-2.153531064154311,2.5927118274753713,0.6148030693592785,-1.920791398580691,1.3033702424540952,0.02211201387915256,abnormal
2024-01-01 00:00:56.110,-0.432546354578882,0.83169842856551,1.5318192039805019,0.8897766580279434,0.7390878916247151,0.5019513470216168,abnormal
2024-01-01 00:00:56.120,0.2083048186613666,1.6946366819383019,0.08703510911338819,0.11841872320243013,-0.684525346803997,-0.0010853870837706707,abnormal
2024-01-01 00:00:56.130,0.3005843597436106,-0.6093624262827492,-0.005667784505321127,-0.7098985839100761,-0.3339749643526277,0.19101673720649293,abnormal
2024-01-01 00:00:56.140,1.5466283541401387,0.8621030114213711,0.36115055957504233,-0.6474908591674295,-0.39293693012123476,0.25066212134248367,abnormal
2024-01-01 00:00:56.150,-2.9815030548392474,-1.6252980739933636,0.9097353733398955,-0.12290819627080593,0.23142245760034172,-0.29136274153024866,abnormal
2024-01-01 00:00:56.160,-0.2857884360143528,-0.3888161517108467,1.5793650031664208,0.37289997694106286,1.386606614974123,1.1884719465200564,abnormal
2024-01-01 00:00:56.170,-0.8836476736638653,-0.9726741425938199,1.3731781287068765,-0.19607120769278386,-0.3962579184266911,0.5401390169903015,abnormal
2024-01-01 00:00:56.180,2.0605378063598305,1.3781807692803079,1.9570494108519725,-0.44315357414936535,0.12491693128608143,-0.5627402281095897,abnormal
2024-01-01 00:00:56.190,-0.1416530034297839,-3.085190351207761,2.095538998319505,1.0336396394922636,0.41979256154439215,-0.021329745796000728,abnormal
2024-01-01 00:00:56.200,-0.01345392547241602,0.7865002254738278,2.838639507181526,-0.5629102730737081,-0.687538622276957,0.5471195992034399,abnormal
2024-01-01 00:00:56.210,-0.5238310339898243,-0.4668033346648637,4.4776676274254665,0.6884670958383579,0.5250577766721759,0.12739997751250112,abnormal
2024-01-01 00:00:56.220,-1.9666505893703268,-1.166492275732222,3.7635331044964695,0.5876386080080349,-1.49689436956015,0.012067744119515717,abnormal
2024-01-01 00:00:56.230,-2.1090325386710003,0.8044850975872438,5.306942679140304,1.244749928783823,-0.21112640004271874,0.11265739430059785,abnormal
2024-01-01 00:00:56.240,0.708249334058601,0.6411999332747909,4.3468433772987245,-1.424163393837608,-0.8437035019283292,-0.33681763544822935,abnormal
2024-01-01 00:00:56.250,-1.9045903450520276,-0.9610028813567442,4.864538338926599,0.4077373843712379,0.9309546827746836,0.22972599253647386,abnormal
2024-01-01 00:00:56.260,0.7088583963046684,0.5155598442837773,5.752651572801115,-0.31987504936668476,-0.09101799210380199,-0.5161404672610286,abnormal
2024-01-01 00:00:56.270,-0.43498146380012115,-1.1039947231242244,5.277928475250395,2.0051434639904153,0.8161675438830819,0.29628559825936435,abnormal
2024-01-01 00:00:56.280,1.0861385839062407,0.9216634433054726,6.532522883793323,0.8220072725932871,-0.17643483484834044,0.12707925869480508,abnormal
2024-01-01 00:00:56.290,1.1366484243970387,-1.4581253048493614,6.819075420044784,0.19659520251153836,-0.5942483687735682,0.9317853131864412,abnormal
2024-01-01 00:00:56.300,0.9236658988644608,-0.3901396058523336,7.818762734363856,0.27027412247078003,1.255070640764842,-0.3506586065780298,abnormal
2024-01-01 00:00:56.310,-1.4501036499799298,-0.3223407476676114,8.096111914718165,-0.621720861448402,1.2451112182244706,0.13711999996810287,abnormal
2024-01-01 00:00:56.320,-0.19958726704814594,1.5150467451382215,6.026095937386314,0.09927661541081871,0.6802617905165826,1.5199184229806015,abnormal
2024-01-01 00:00:56.330,-0.37852420272406584,1.440325759940655,8.275452194597422,-1.539895780236613,0.16148004733039284,-0.5333265642280192,abnormal
2024-01-01 00:00:56.340,0.28260482709537826,-1.0197430342653906,8.538169782847058,0.5802149460923428,1.723281696492335,-0.896658289324083,abnormal
2024-01-01 00:00:56.350,-0.3540779099471318,1.1322255113536321,9.227100698239827,-0.4000285233996512,1.1278954771335348,-0.4543604969975492,abnormal
2024-01-01 00:00:56.360,-0.2133801384725769,1.041360293856686,7.464840491975851,-0.5926993531696769,0.05782478283425863,0.48691891299487483,abnormal
2024-01-01 00:00:56.370,0.891231625444871,-1.6819889183234733,9.361135899187179,-0.2945133109248968,-0.13039353343924084,0.4979809078440723,abnormal
2024-01-01 00:00:56.380,-1.8041421139672664,-1.5930685531839248,7.681582311361716,0.7980531752514258,0.03619763341417095,-0.2623355128411779,abnormal
2024-01-01 00:00:56.390,-1.3937286989817796,-0.5819511968022294,8.639069253486186,-0.4235637733877141,1.0854348460956234,0.871452657587412,abnormal
2024-01-01 00:00:56.400,-0.7750053925359507,-0.7923335942733797,7.941438314126882,-0.2389880137487089,2.559611847798756,-0.42352440503645283,abnormal
2024-01-01 00:00:56.410,0.49656384431183925,1.7574767894863685,8.255148582497819,0.06814944774155848,-0.33280859723205464,0.8278674500130795,abnormal
2024-01-01 00:00:56.420,-0.14569363398545102,2.386327273628196,8.669888073732842,-0.8055910828180393,0.36324957450645246,0.37321434709531337,abnormal
2024-01-01 00:00:56.430,2.6486222510984976,-0.5093165418546985,8.258362306249953,1.4308597150793059,-1.5881411968483792,-0.9189040836891291,abnormal
2024-01-01 00:00:56.440,-0.650283971352598,-0.08749991560463624,7.980670320360083,1.5744074830115915,-2.556000211403786,0.4875702379749494,abnormal
2024-01-01 00:00:56.450,0.376923294925355,0.9559246927937788,9.046434245653613,0.2234119891121736,-0.05923531399926701,-0.8633984487712127,abnormal
2024-01-01 00:00:56.460,1.2080021535019052,-0.10708023794270188,7.086462559901195,1.3385071487457763,0.055744527129638025,-0.7284732877437594,abnormal
2024-01-01 00:00:56.470,-1.4456122229142967,1.1112680804137596,7.565747436385673,0.5371385660052731,-0.46148620301698934,-0.7621917814075746,abnormal
2024-01-01 00:00:56.480,0.705045224835559,0.6560824231386866,7.519432232547679,-1.1205860359119462,0.30824279607000515,-0.5253758668356682,abnormal
2024-01-01 00:00:56.490,-0.0006332409229220902,1.673789592727046,5.923865481990023,-0.3324052224900228,-0.5695564523159987,0.42620364963841384,abnormal
2024-01-01 00:00:56.500,2.628048629019275,0.4864461486024647,6.727318663660479,-0.28642429744723813,0.47545198066505334,-0.934078767799084,abnormal
2024-01-01 00:00:56.510,-2.087020185477078,0.3658675227872618,5.693909791969398,-0.5384654661548832,-0.5895556489823853,-0.22793168607082834,abnormal
2024-01-01 00:00:56.520,-0.311641535265525,-0.8461087209962418,6.105324995993331,1.848537633379696,-0.08617092107180051,0.2119120154248698,abnormal
2024-01-01 00:00:56.530,1.1321015463833137,0.13201245213586282,4.895312085999997,0.7461494793580228,-1.4732272180488102,-0.6328696935408648,abnormal
2024-01-01 00:00:56.540,-0.3985312717032914,0.2636128353965448,4.431968371624396,-0.16516400121232222,0.1525204247041156,-0.2903860929154144,abnormal
2024-01-01 00:00:56.550,-0.01961490261009127,1.0659144684978503,4.457159936223988,0.44717502213291616,1.678970343721414,-0.4508521087032081,abnormal
2024-01-01 00:00:56.560,0.27084721480321616,-0.929931040266543,4.431877377523892,1.8597802391259333,-0.681769312586059,0.1356216901297835,abnormal
2024-01-01 00:00:56.570,0.8689105420661083,1.044728331273218,4.669488409919428,-1.396004232505192,-0.6703894103242882,-0.4943848845532354,abnormal
2024-01-01 00:00:56.580,-1.2282316471380887,0.6481879455998528,4.093032288435632,1.3141534806315418,-1.1396753141491545,0.27008079388099687,abnormal
2024-01-01 00:00:56.590,-2.8217157339325727,1.3293983286289015,3.4011406033112404,-0.010871278914546319,-0.08548646776547439,0.3804767644885542,abnormal
2024-01-01 00:00:56.600,-0.9764236047889435,0.6863902004309194,2.437666569809181,-0.045259847080444476,0.1242701513272074,0.4956641196093595,abnormal
2024-01-01 00:00:56.610,0.7378788064164679,-0.336088464277203,1.117415149823204,-1.0854463421599574,-0.21679453029532614,0.6205868007844518,abnormal
2024-01-01 00:00:56.620,0.036065391106359736,-1.0896972411321286,0.7570922108374822,0.5934445394006725,-0.7959670775357579,1.103853468644539,abnormal
2024-01-01 00:00:56.630,1.3933237176229678,-0.5620271957716916,0.9070542390584448,0.2710037099613683,-0.9438291580875251,0.4926088966854097,abnormal
2024-01-01 00:00:56.640,0.8142613836357786,-1.310627733222542,-0.11547496214593772,0.35388364850014825,-0.6434961017525952,0.9094863802602949,abnormal
2024-01-01 00:00:56.650,1.0683997836396788,-0.21051286220095675,0.49563452041199396,-1.4428662159784493,-0.4384103845028063,0.55343758896481,abnormal
2024-01-01 00:00:56.660,2.752756247479948,-1.1966729741398545,0.30192797276240846,-0.49732955550134267,-0.10840265480728956,0.6270673023043312,abnormal
2024-01-01 00:00:56.670,-0.05648668345133243,0.4855493994686487,1.3356070025319653,-1.297137969874537,-0.658783122940617,0.5698979774185229,abnormal
2024-01-01 00:00:56.680,1.678666036432737,-0.533144891731961,1.0913273490730115,1.1971899717626724,1.4310718158817781,0.9158705423659101,abnormal
2024-01-01 00:00:56.690,-0.1065332786134126,-2.875174197267426,2.5982872147349307,-0.9190601144899787,0.6137558350191865,0.5473472287734442,abnormal
2024-01-01 00:00:56.700,-0.9503820393351562,0.9073562299900195,3.3761178869642983,-0.794484081489232,0.9621489226373692,-0.012348947994895748,abnormal
2024-01-01 00:00:56.710,0.43525255537841934,-0.20998883053712117,3.0734218732615344,-1.0903295667709454,-0.7458034487530973,0.5690782308930964,abnormal
2024-01-01 00:00:56.720,1.773509563984351,-1.800814831543696,3.54776310726817,0.07826895397407622,-1.242400596474413,0.22605894272308785,abnormal
2024-01-01 00:00:56.730,-1.7762382341332323,-1.9212001826816105,3.850333616592276,0.058852332832702664,0.2953244668458166,0.222334222064805,abnormal
2024-01-01 00:00:56.740,-1.2942576168968956,0.08486962992818717,5.6045602212191765,0.26221710527794984,-1.1046179426609002,-0.7280452038008798,abnormal
2024-01-01 00:00:56.750,-0.6340494138835057,-1.1448577497478936,4.479674828794465,0.8697760850948415,0.4560645313331211,-0.01013621735640309,abnormal
2024-01-01 00:00:56.760,-0.9717722124313365,0.3620039971534893,5.336498409957936,0.7586725332922076,-1.2137888197063693,-0.8842016720795619,abnormal
2024-01-01 00:00:56.770,-0.20882775334510825,0.9011210452107025,5.418110737258257,0.34964433295308556,0.6127827470601834,0.18306885684101037,abnormal
2024-01-01 00:00:56.780,1.2180791451328217,-3.254033233541183,7.463837735737449,0.1431712438054658,1.2936008751198045,-0.01069045333002387,abnormal
2024-01-01 00:00:56.790,2.14481992337846,1.154304864765201,5.712429432478068,-0.5555508096809718,0.760275379109023,-0.3729819479079369,abnormal
2024-01-01 00:00:56.800,-1.4640571186601787,-0.8777974603296933,7.0232718975741735,-0.4791484817884466,-0.7537817584871509,-0.047820051934411203,abnormal
2024-01-01 00:00:56.810,-0.18787414953678774,-0.727705556699731,6.945679586473195,-0.3223429623505953,-0.11918025930639212,-0.22111351290903541,abnormal
2024-01-01 00:00:56.820,-0.9338337773634228,2.0142868553092463,7.992609871879669,0.3411144384653547,-0.6452697159510407,-0.4412911443905826,abnormal
2024-01-01 00:00:56.830,0.4709934589654485,0.05239998290773531,8.156715541840839,-0.19125143315357707,-0.056211472157350936,-0.8247900560715133,abnormal
2024-01-01 00:00:56.840,0.4597282951720188,-1.0246511342026199,8.452812902332953,-0.73079398177115,-0.5161096493582198,-0.11701653913464613,abnormal
2024-01-01 00:00:56.850,-0.2737821897311585,-1.159058696369106,6.433992279174764,-1.2923177461578719,0.06398743436259677,-0.3414536250435838,abnormal
2024-01-01 00:00:56.860,-0.24607756267435815,1.8658608149767404,8.382395762559774,0.5253019808074606,0.27409723945734776,0.31774128130501844,abnormal
2024-01-01 00:00:56.870,1.6158464947952738,-1.178064535227428,8.10276649337202,-0.0036657886341303894,1.3631419465511476,-0.0002814357643832067,abnormal
2024-01-01 00:00:56.880,2.315222505263916,0.424508112116256,7.7784668600199485,-0.9000659692647406,1.7103302165672352,0.30524011400286827,abnormal
2024-01-01 00:00:56.890,0.4134584289014646,1.2939148239754226,9.14059029430833,1.3153108681729668,0.9448365643228012,1.1695029723054948,abnormal
2024-01-01 00:00:56.900,0.5386383266474696,0.416957221312726,8.923248543132019,0.5341375877922756,0.841036218202484,1.4122951721734363,abnormal
2024-01-01 00:00:56.910,2.580404842579763,-0.3802485730469165,9.22667421597141,-0.6474736063196419,1.2321813680428926,0.3860624401377954,abnormal
2024-01-01 00:00:56.920,-1.0463801033322309,0.0300760862450229,6.290707106814775,-0.39914505068376116,1.6746037196254462,0.2007746427060108,abnormal
2024-01-01 00:00:56.930,0.4432643100942354,0.21757001079902397,8.729102150315008,1.3498785978485082,-0.08964426581281644,0.2954189668292306,abnormal
2024-01-01 00:00:56.940,-0.1774758593143282,-1.8842131608830373,8.532562949359594,-0.8127251888351006,-1.1418138117729393,0.08856149995297542,abnormal
2024-01-01 00:00:56.950,-2.0406820196890885,1.3889500643704202,7.9351895414418685,0.7474956418533418,1.2522117182791603,-0.13728145784247883,abnormal
2024-01-01 00:00:56.960,0.9764693137747247,-1.2991654938741546,8.638346120269754,-0.38907137645193735,0.6786322454033756,0.4584180299744386,abnormal
2024-01-01 00:00:56.970,-0.40819764427983624,0.5173503784267083,7.764497254425533,-0.49513656629267416,-0.6625672429825888,0.29764168938284474,abnormal
2024-01-01 00:00:56.980,-0.47190653859190623,-0.38661359574001625,8.915261404041088,-0.6621723077117158,0.4411603021788501,-0.7146003713573116,abnormal
2024-01-01 00:00:56.990,-1.4822165177315607,-0.07484920462070553,7.236361994438213,0.05047496011573013,1.2110385326722026,0.20645728821123926,abnormal
2024-01-01 00:00:57.000,0.8575800793373926,-0.7891370455505561,6.358813187472276,-0.3570882099507313,0.5347624783406447,-0.07273412595110214,abnormal
2024-01-01 00:00:57.010,1.863618401256312,0.6755834614639942,6.263163642307529,-1.1873330837323677,0.2589254385457214,0.32123192981725385,abnormal
2024-01-01 00:00:57.020,-0.153458407114052,0.12139673329006682,6.569549068333324,0.0398844101783865,1.0582580626117095,0.7832551872777723,abnormal
2024-01-01 00:00:57.030,-0.26115678629454486,0.1553107742557934,5.380512231183921,-0.8387173223296251,-1.0431288837631725,-0.08178677127502239,abnormal
2024-01-01 00:00:57.040,0.26856171481450186,-0.21181668956426492,5.405962317225349,0.23149878349075018,0.1238975697083921,-0.509197308076986,abnormal
2024-01-01 00:00:57.050,-0.06895007845232104,0.15596192843082837,4.235965131754682,0.5672903549889906,1.201521065085212,-0.9924801487735104,abnormal
2024-01-01 00:00:57.060,0.3350167312538002,-0.26797386858211075,5.118409294611235,-0.2957095379012696,-0.14269976372532844,1.723832502430112,abnormal
2024-01-01 00:00:57.070,-1.153244574179714,0.07357707886174283,3.521765663379667,-0.08809916378474666,0.1126181416559863,-0.13242698256388494,abnormal
2024-01-01 00:00:57.080,1.5491891844928785,-2.1619685511559656,4.616338837483793,-0.9049987380316512,1.7754463667112328,-0.09080561875636832,abnormal
2024-01-01 00:00:57.090,1.6845482317510332,0.5177876206666784,4.777943099722031,0.8175069698789792,-0.20245183057034125,0.24161131942466266,abnormal
2024-01-01 00:00:57.100,-0.6494387933558897,-0.864162914807758,2.6914246749007673,-0.94836303919422,-0.6869183237675354,-0.8439767403238032,abnormal
2024-01-01 00:00:57.110,0.20004729106893304,-0.7557263865789254,0.823446948557693,-0.8754091974081518,0.037203427746133375,-0.04192267894225354,abnormal
2024-01-01 00:00:57.120,-0.2769208241392037,1.312178140098848,1.1528196754964117,0.4338893819878004,-1.2422531746952021,-0.21176665979363898,abnormal
2024-01-01 00:00:57.130,-0.0696387547437387,0.7668109347813691,1.6511749321153344,-0.24192195602405026,-0.21481470706377465,0.16917862771848158,abnormal
2024-01-01 00:00:57.140,-1.0057439168301847,0.6023501941626346,-0.21987706034647753,-0.8168558524180262,-0.9089162853708215,-0.4058269925474149,abnormal
2024-01-01 00:00:57.150,-0.7148033519261426,0.8949303156729705,1.333834313805272,0.5456494918728176,0.37598893322834853,-0.582837883125386,abnormal
2024-01-01 00:00:57.160,0.027010313536815878,1.0264698136831385,0.4257862777162871,0.08219413686130346,-0.5276873886577065,0.36773895498165865,abnormal
2024-01-01 00:00:57.170,0.8434916288768471,-0.6624512940204204,1.5719296211439238,0.10605150595563993,0.9943010455209573,-0.1934872754055396,abnormal
2024-01-01 00:00:57.180,2.0409843962674494,0.2268920225893082,2.1887644087918585,-0.29067298889815946,-0.03631270868742849,0.8246385865043858,abnormal
2024-01-01 00:00:57.190,0.2730188902432612,-0.2732182505738446,2.196547832294958,-0.4063795868348491,0.6704574814601337,0.24444114998815314,abnormal
2024-01-01 00:00:57.200,0.730122405662635,-1.004584606791492,3.0938727401027846,0.1881107126802893,-0.0706214006029233,1.224106564776491,abnormal
2024-01-01 00:00:57.210,1.2781677968768548,0.0004453520647895999,3.403229531496087,0.8583603353516897,-1.3622649346341003,0.3133710897861436,abnormal
2024-01-01 00:00:57.220,-1.4824732662936464,-0.6357566387573775,3.4871037707873396,-0.032250054331488046,2.863164367919892,-0.12337659221446828,abnormal
2024-01-01 00:00:57.230,-0.32078275291326236,1.397024898644647,4.857885347570403,-0.17823956212862327,-0.16245362312138606,-0.42175213844970366,abnormal
2024-01-01 00:00:57.240,0.36202190791456035,0.7718815458721658,4.451145843580341,-0.011118167497598296,0.17116090129668235,-0.2679540821682488,abnormal
2024-01-01 00:00:57.250,-0.332404217214089,0.27144729107744014,5.461303657851802,0.9433178392377363,2.1557489359135555,-0.9377396805493212,abnormal
2024-01-01 00:00:57.260,-0.77322481556751,0.2342084130268866,5.3266371495294065,-0.3849011833107475,0.7790311011146237,0.2866147556399118,abnormal
2024-01-01 00:00:57.270,0.6946945876990834,0.9228680308855892,5.781092304111533,0.020823480787629786,0.17304005021882118,-0.14948526836033751,abnormal
2024-01-01 00:00:57.280,2.5051069317809795,-0.46539356763443634,5.159335173452226,-1.2260457733691574,0.21849203537246883,0.821456181663751,abnormal
2024-01-01 00:00:57.290,1.894061863955832,0.3489246393343058,5.31391726035767,-0.6849561939791133,-0.7648229351444287,0.8446669405985652,abnormal
2024-01-01 00:00:57.300,-0.9992422992866614,0.12429431717673235,6.69580444642349,0.28162878025399674,-0.2873506696350694,-0.4570015877166074,abnormal
2024-01-01 00:00:57.310,0.6020303786032567,0.9750542758891813,7.0690575084791885,0.5500618827399286,-0.1624812313830394,-0.06453218997031403,abnormal
2024-01-01 00:00:57.320,1.190947351215831,-1.234884239639763,7.271491793669684,-1.8290732310947806,-0.4910755019167331,-0.8379073136179507,abnormal
2024-01-01 00:00:57.330,1.0127967816288732,-2.853442514088598,8.6227619311736,0.3354087714511109,-0.3444048032821337,-0.25085602415386693,abnormal
2024-01-01 00:00:57.340,-1.7693314749368405,-0.6976887531010351,8.953829466548136,-0.9280099203193868,0.3599507194755873,-0.4094435228946122,abnormal
2024-01-01 00:00:57.350,-0.7948401064800484,-1.785913967877166,7.486399133958431,-0.8216389469513241,0.7183522426015402,0.8408413302582709,abnormal
2024-01-01 00:00:57.360,-1.0559266405804686,-1.7521040838484565,8.980765714266346,-0.4972631911263632,1.9665672953064304,0.3763259255635796,abnormal
2024-01-01 00:00:57.370,-0.903127762937669,-0.48690123266852536,9.095761888377917,1.836044546562647,1.2531860803527968,-0.6615527011817014,abnormal
2024-01-01 00:00:57.380,-1.6496216243115362,1.200144994371612,7.785965815492998,-1.0224428292374519,-1.010209813418965,-0.9789088942861591,abnormal
2024-01-01 00:00:57.390,-2.2378342851213193,-0.42591522581195834,8.42289175241718,0.5626395249470714,1.2335178717494508,0.1718770162758414,abnormal
2024-01-01 00:00:57.400,0.07659900833979026,-1.6831316528851044,8.70067260599154,0.57891279737339,0.5468664012611119,0.32626251707712833,abnormal
2024-01-01 00:00:57.410,-1.4221596849602773,-1.1277865956849336,9.007731970941617,-0.6667426913914876,-0.26412446766121905,0.46210600496319787,abnormal
2024-01-01 00:00:57.420,-0.2863507476688824,0.9197894746908517,7.687336656828287,-0.1554753259112228,-0.06134023948443765,0.5132672715782166,abnormal
2024-01-01 00:00:57.430,0.8172218289586223,1.082927258514594,9.074959575992192,-0.03843672319438809,-0.6712156912271698,-0.48065824635933274,abnormal
2024-01-01 00:00:57.440,-0.8614712953389565,0.0812058396746056,7.623857151188004,-1.2073461153300695,-0.6495177114482652,0.49525387620618366,abnormal
2024-01-01 00:00:57.450,-0.04465976326879825,-1.0088890313462393,8.449241589097225,-0.6630750650590446,0.8108590863496004,0.5743944592287291,abnormal
2024-01-01 00:00:57.460,-1.214623275146001,-0.381416506393826,7.979441878057478,0.003952131032003197,0.1380707738593227,0.3089841383869418,abnormal
2024-01-01 00:00:57.470,0.5802534535565423,1.420033630535396,8.033779228862718,-0.32392230627178,0.6451713380892041,0.8287250844165938,abnormal
2024-01-01 00:00:57.480,2.1039672525963966,-1.415100263723817,6.5240736046585415,-0.40043424208610773,-0.5167114789539442,-0.3513181642681921,abnormal
2024-01-01 00:00:57.490,1.112614200582957,0.27599494997778623,6.915117767743225,1.2649184762580519,0.9818413267676872,0.5857370060307895,abnormal
2024-01-01 00:00:57.500,-0.05246503045281254,0.9965478848955884,6.401210222866876,0.22524889171027188,-0.38141532792497956,0.013876986316378686,abnormal
2024-01-01 00:00:57.510,0.569522444344204,-0.28375009711457627,6.09721975266158,-0.6163428631432024,-0.015933625469628274,0.19478289381225244,abnormal
2024-01-01 00:00:57.520,-0.8781639990579897,-1.30884870865033,5.730285220729259,1.0581054084976163,0.6591873375378026,0.6456348834164063,abnormal
2024-01-01 00:00:57.530,-0.691051655028087,-2.507015518686194,5.888168917362059,-0.13632884035378165,-0.43804178388868514,-0.9025247719248539,abnormal
2024-01-01 00:00:57.540,0.4905210722078706,0.9348592026183151,5.81467250905168,0.5343521263719162,-0.972455206204137,-0.00756838313924859,abnormal
2024-01-01 00:00:57.550,1.2396891099580423,-1.5288196720069527,4.612729993675454,-0.04288186367233931,0.21179094847322805,-1.1626499137819848,abnormal
2024-01-01 00:00:57.560,0.9103619904978819,-1.5871452893607214,4.7131791962742255,-0.7715428374833602,0.8755729031938062,0.03839770359279377,abnormal
2024-01-01 00:00:57.570,0.4506574316106404,-0.3896027325060495,4.137578526766584,-0.18151416124659336,0.8873200003723056,-0.24596918105670823,abnormal
2024-01-01 00:00:57.580,1.405302292362365,1.65118770358569,3.528178859415931,0.041883754687918925,-0.06893194062715573,0.6871284701920801,abnormal
2024-01-01 00:00:57.590,-1.5082661156443389,0.1983501508809626,4.0088399130891315,-0.03682494298046082,-0.26200066401306527,-0.11832587095292672,abnormal
2024-01-01 00:00:57.600,1.4404576776603422,-0.04620444004750586,1.6973135099651901,-0.7231275840204817,-0.712750009913583,1.143454887289193,abnormal
2024-01-01 00:00:57.610,-0.5652542792887083,-1.1246399767989976,1.2587550197355202,-0.030915027949857177,-0.898414734956681,0.8650131307832275,abnormal
2024-01-01 00:00:57.620,-0.22219567727568415,-0.43989639525872654,2.5110342741380673,1.6973787368940885,-0.17510243520271063,0.31467126944293194,abnormal
2024-01-01 00:00:57.630,-1.207116222903753,0.30343096974329453,1.5779639606026574,1.302596181378133,-0.7169438810078834,-0.8492245684993424,abnormal
2024-01-01 00:00:57.640,-0.4673448469077651,-0.9687942903369746,0.7563782414248061,0.47131720724663967,0.4994949254437667,-0.17286276103108836,abnormal
2024-01-01 00:00:57.650,1.5653758339148949,3.0417553555207646,-0.4814047260802949,0.13919922531337112,0.7623805520174747,-1.350941073043743,abnormal
2024-01-01 00:00:57.660,-1.9020012529570582,-0.8278065697742547,0.5198346273286151,-0.8411930770033185,1.0066248419526778,-0.18276581398344535,abnormal
2024-01-01 00:00:57.670,-1.3085292425450503,0.31910539962468915,0.762844773973623,-1.5188577253031197,1.656287293388284,-0.7913795286682775,abnormal
2024-01-01 00:00:57.680,-1.2041309754044638,0.25895488709839054,1.0120237760821933,-0.27903150940632576,-1.2946557616384728,0.45991902620114594,abnormal
2024-01-01 00:00:57.690,0.4625675057182364,0.8556114210736253,1.8713075680355642,0.4481869638301369,-0.9626848852023028,-0.3361029641473929,abnormal
2024-01-01 00:00:57.700,0.9638288458134033,0.05580195057254015,3.5465843783135105,2.877334453475149,0.554474221756286,0.20462253951957737,abnormal
2024-01-01 00:00:57.710,-0.696109211465116,-2.386485895457145,2.8013847166585637,-0.1974014172420559,-1.1009931907104926,0.02880321882072326,abnormal
2024-01-01 00:00:57.720,0.9736713182432106,-0.3905459538641522,3.9874178188828595,-0.5088869624961585,-0.8791931840704865,-0.4975360745197101,abnormal
2024-01-01 00:00:57.730,-0.9640205911763231,-1.2640727978034811,4.13627626884836,-2.505109866846917,0.808532114299108,-0.12571970371248153,abnormal
2024-01-01 00:00:57.740,-2.560301079583471,0.16535863141905507,3.983860654204693,0.570679523152797,-0.08529270630482899,0.8808298024536376,abnormal
2024-01-01 00:00:57.750,2.4864768597082967,1.4731702170709586,3.7555198437568924,-0.18546488094420213,-0.42750297747723387,-0.13129656687416108,abnormal
2024-01-01 00:00:57.760,-1.4618749358914616,2.0482073608396427,6.119916563183988,1.1719000705085212,-1.0649641397677625,-0.3731871915324656,abnormal
2024-01-01 00:00:57.770,0.061651055013615806,-1.788764189603451,5.173258934613829,-0.14414575888163086,-0.46316747102882566,-0.1568910180710743,abnormal
2024-01-01 00:00:57.780,-1.9979890152026076,-1.130898178744035,6.3179501616324085,-0.7719958363386035,0.21893701021390144,-0.46825576928434404,abnormal
2024-01-01 00:00:57.790,-0.16163585612886208,-0.3715364154133965,6.85513189511308,1.551052359826437,-1.0773874430734804,-0.5009429467888471,abnormal
2024-01-01 00:00:57.800,1.0303635097969217,-0.8659393461441727,6.72072887676701,-0.5437619682517719,-0.09224560008480454,-0.23123768502795247,abnormal
2024-01-01 00:00:57.810,0.42074048015070054,0.3105967538110318,5.843085390819666,-0.5836665510447498,0.5704682470081925,0.7825500246863547,abnormal
2024-01-01 00:00:57.820,-0.981301276170352,0.46821992664644363,7.257804136951098,0.40735771950812655,-0.18180711460368382,-0.3338118898948663,abnormal
2024-01-01 00:00:57.830,0.7020401561441308,0.5806418801447975,7.645381708947168,-0.060711682229289556,0.9384462525969044,0.713931014038439,abnormal
2024-01-01 00:00:57.840,1.968379787649765,0.2892405855873346,7.518509524876074,-0.5788482176700365,0.32238196458252655,-1.1955840838572152,abnormal
2024-01-01 00:00:57.850,2.4238428077732137,2.0827982139402152,8.020138879806701,0.667961388347402,-1.405142340386499,-0.5415269973056483,abnormal
2024-01-01 00:00:57.860,-2.135680792601488,2.555175427131186,7.044424859195107,-0.06422296774344638,-0.10933474932518306,-0.6771318285091621,abnormal
2024-01-01 00:00:57.870,2.067026930750197,-1.048324030387778,6.857316280312084,0.6484586449445547,-0.3465996976611354,-0.3939290570213646,abnormal
2024-01-01 00:00:57.880,1.7422310169195954,-0.7773429838899598,9.024533864648323,1.212498551964702,-1.0602482819649528,-0.017339729224582854,abnormal
2024-01-01 00:00:57.890,0.4544834223260154,1.2117915251498987,8.67927408895494,0.8441649741203178,0.3179399730439104,-1.1805826658976895,abnormal
2024-01-01 00:00:57.900,1.9797429996711786,1.3265109995002586,7.9499999359797515,0.7617828843931085,0.733374467316656,1.0017884060132332,abnormal
2024-01-01 00:00:57.910,-1.0456957493651025,-0.09957232415751589,8.110480099013245,-0.0646446718240877,0.37884628017616845,0.24126231648799698,abnormal
2024-01-01 00:00:57.920,-0.1026668355508543,2.3209911627718003,8.07231936374869,-0.7737041473338299,1.2411070031937794,0.6475043596208508,abnormal
2024-01-01 00:00:57.930,-0.7900857256920456,0.4819200214819071,7.447403852184118,0.6848073667464523,0.8142350511420636,-0.6693838854355344,abnormal
2024-01-01 00:00:57.940,2.0390748187006444,1.2838137905673657,9.656387711228817,-1.3775882954128296,1.355224567433807,0.38524390577867174,abnormal
2024-01-01 00:00:57.950,-1.0543260292959442,2.7072465295009307,8.332526994945399,-0.7139654005167279,-0.6263369633911169,0.6495635270004517,abnormal
2024-01-01 00:00:57.960,0.8052922886010919,1.5651102405852402,8.785348877958771,1.6266379920356093,-0.5425512019109524,0.5566778388806549,abnormal
2024-01-01 00:00:57.970,-0.6396880398569665,-0.9420821696705737,8.036969104250565,1.3010163666221501,0.8807026814687475,0.34222960526063406,abnormal
2024-01-01 00:00:57.980,0.12297352934506674,-1.2264729397236729,7.8206188783957264,-0.38407410287441934,-0.41238567997481246,-0.40155182939028794,abnormal
2024-01-01 00:00:57.990,-3.2577596988037985,0.7445765216315386,7.857045502410838,0.019827800283274383,-0.8068759065441574,0.11967092090038925,abnormal
2024-01-01 00:00:58.000,-1.2282784870347854,1.6947554392230149,7.138828878758232,-0.10754428078518931,-0.3846395509367284,-0.6712969223848437,abnormal
2024-01-01 00:00:58.010,1.4872409054686417,-1.1032494911545287,5.742901448601651,-1.0870773065784236,-2.1432765130072204,-0.08133009772664307,abnormal
2024-01-01 00:00:58.020,-0.7296565475465115,0.015305400857083068,6.426559810791576,1.0986013197021804,0.3335318444691393,0.15544906173069506,abnormal
2024-01-01 00:00:58.030,-0.3297219377029605,-0.23529998777352107,5.070486036186608,-0.1278287791396115,-0.5752886188739949,-0.5847147748285624,abnormal
2024-01-01 00:00:58.040,-0.3497095471877685,-0.12985636945911574,5.763506474216953,1.7985044433775166,0.5062449292507671,1.0709258644984345,abnormal
2024-01-01 00:00:58.050,-1.2878976844058543,1.6572955298263468,6.704689432361639,-0.8721224471024502,0.687243490319699,-0.46348243749292106,abnormal
2024-01-01 00:00:58.060,-1.7925354088067766,1.7346590018444699,5.495462789885413,0.17878283606343742,0.9012868492715649,-0.8364135895229684,abnormal
2024-01-01 00:00:58.070,1.0388509899940808,1.7401762787086736,3.8373570664009815,1.0593094691211788,1.0001074047824388,0.5016925351695705,abnormal
2024-01-01 00:00:58.080,0.10006187549844543,2.3545769347073082,3.4857122613681355,0.6624362261665904,0.14783513681050256,-0.7711256576314048,abnormal
2024-01-01 00:00:58.090,-1.6816776727664986,0.235244037672572,3.3830554560088912,0.1601175748662263,0.8769398229548601,-0.6344434733474759,abnormal
2024-01-01 00:00:58.100,0.7391402177738496,-1.3894351360297676,3.178507035729794,-0.5632091878828079,-0.9374167592656473,-0.30449399921238735,abnormal
2024-01-01 00:00:58.110,1.4037551373428288,-0.7401231820835925,1.9715038630933788,1.0184832530620265,-0.14753775034199612,0.966048568957688,abnormal
2024-01-01 00:00:58.120,0.8432099241020575,1.4849221369506729,1.3194181557100215,0.7193016497921075,-0.8757329134599333,0.08551071571711169,abnormal
2024-01-01 00:00:58.130,-0.4593009868688449,0.8053067446155027,1.4620509695305335,0.1288005685931896,0.259660982588367,0.9424412696925435,abnormal
2024-01-01 00:00:58.140,1.0938181030873706,1.094112744731518,1.6929772960949845,0.6024004162727026,-0.48226914475842353,0.5442480766127463,abnormal
2024-01-01 00:00:58.150,-1.4597437612714594,-0.8857367240487413,0.46977794005913753,0.9611240123425046,-1.557230849991164,-0.009995784292736565,abnormal
2024-01-01 00:00:58.160,-0.2929643576256895,-0.8799642955232571,0.12621594851882256,0.17386011749197253,0.6535538717326234,0.31051475315091204,abnormal
2024-01-01 00:00:58.170,-1.2330091911042804,-1.143013204577338,1.0680951708951902,0.758241885406513,-0.4927892594551342,-0.2834873808636819,abnormal
2024-01-01 00:00:58.180,-0.7760342770266155,1.289675775171701,0.49550928611300693,-1.2423522527193849,1.056590666896539,-0.1466982376621333,abnormal
2024-01-01 00:00:58.190,-0.5643827709239552,0.6142332115440304,0.46021588779020584,-1.3079526793981027,-0.8703050516837014,0.10654380200005897,abnormal
2024-01-01 00:00:58.200,0.29632431242158785,1.8632656484834553,1.5036503738359028,0.4038254970868425,0.9414228120369504,0.496668150882001,abnormal
2024-01-01 00:00:58.210,-2.446183688775885,0.2149705455171046,3.387465960488361,0.36206088531610614,0.7626476655762054,0.037790355661352866,abnormal
2024-01-01 00:00:58.220,1.4505822738039746,0.4637768889440063,3.2454713511101043,0.5856616984979223,1.2435968014882521,0.8180965320475955,abnormal
2024-01-01 00:00:58.230,0.7201686365191217,0.021439601401088554,3.7669162324475454,0.24179117938408579,1.323724545488965,-0.5148655501042673,abnormal
2024-01-01 00:00:58.240,0.000975055298111819,0.28857220569018965,3.4666593337205125,0.2338882932560672,-0.03189064670614221,0.1602253970599221,abnormal
2024-01-01 00:00:58.250,-0.7219736233975792,-2.132037598215828,4.5774409097558,0.3853649971046859,1.3888627279741916,-1.1161314985668767,abnormal
2024-01-01 00:00:58.260,0.8036828369669488,0.6440949389689953,4.941623756384568,0.4764622473432328,-0.28981506284659564,-0.5132364336180265,abnormal
2024-01-01 00:00:58.270,1.2335364367155883,-0.5053896219971424,6.806193196753017,-0.6834210397014817,-0.8681495084395981,-0.4579107425043331,abnormal
2024-01-01 00:00:58.280,-0.6643984177003993,1.4648907670268732,5.281473846283776,1.2097399936666684,-0.6726951613236868,-0.12726903308200632,abnormal
2024-01-01 00:00:58.290,1.2794505014470652,0.6539286732365097,6.914524304666635,-1.7910907801912526,0.1782595979544208,-0.28438179188032625,abnormal
2024-01-01 00:00:58.300,-0.8367852578239657,-0.5475832038068935,5.413787066905162,0.3266183918040236,0.608331523571862,-0.023868411501305913,abnormal
2024-01-01 00:00:58.310,-0.6065797436686312,0.4303028849550987,7.357939738367483,0.007113611015497294,1.673059435974275,0.27234741368541365,abnormal
2024-01-01 00:00:58.320,2.387175879405569,0.9253449334309028,8.088936915291823,0.9245801489395451,-0.10210814561528797,0.41408036594071734,abnormal
2024-01-01 00:00:58.330,-0.5839463306195755,-1.1310312458486425,6.969690750616641,0.10657409596674476,0.3131657459797505,-1.0613358294743902,abnormal
2024-01-01 00:00:58.340,0.5250077828310558,0.5404824667887399,6.958524173569404,0.8454201594843275,0.41840265329641435,-0.33680061805352773,abnormal
2024-01-01 00:00:58.350,-2.2625301478365087,-1.770698940469113,7.493552127752715,0.3865391633422112,0.896958441409804,-0.09818871773108463,abnormal
2024-01-01 00:00:58.360,1.4774237069467633,-1.4895333998865687,7.444817467487072,-1.5890786363510767,0.11519638780623548,0.3093650015304199,abnormal
2024-01-01 00:00:58.370,-0.545434863538023,0.45175878240562384,7.166192398237017,0.14616756919256133,1.5207755585069054,0.7886428400769423,abnormal
2024-01-01 00:00:58.380,-0.1626374080103854,0.5907789968395851,7.959535933779812,0.6506232439928502,-0.06314053790104616,0.0370138441124632,abnormal
2024-01-01 00:00:58.390,-0.8524593929569879,1.0993287249728894,8.262505862667332,-0.0749219871660477,-0.5654235794585909,0.6266128744607313,abnormal
2024-01-01 00:00:58.400,-0.10156550888144376,0.6853593400910402,8.577767226562301,0.32006702228990985,-0.7763315805300958,-0.16186720780454672,abnormal
2024-01-01 00:00:58.410,0.19913542241718502,1.1027035319640803,8.589765350378505,-0.6024428285634871,0.5211494245062156,0.0752719861378353,abnormal
2024-01-01 00:00:58.420,-0.3952795907384596,-0.7292733265834063,8.909887532836782,-0.7075510617521782,0.048428037997589636,0.5434800275696426,abnormal
2024-01-01 00:00:58.430,2.256354192394196,-1.4329521732252022,8.233611579997005,-0.7004644202353144,0.7499535175073017,0.1159855732712085,abnormal
2024-01-01 00:00:58.440,-0.2546248284892431,1.8334862321000307,9.680966854558395,-0.08387824714529786,0.6301821490828483,-0.3061106509516675,abnormal
2024-01-01 00:00:58.450,0.06026312032285971,0.8501163729268308,7.284117543448287,-1.026126701247994,-0.5918214984546184,-0.4687646849599397,abnormal
2024-01-01 00:00:58.460,-0.18882058928723866,-2.8237366345703228,6.797906116969487,-0.6183040868949096,0.08940940686034635,0.010127575958570324,abnormal
2024-01-01 00:00:58.470,2.158430326012481,0.5720477505928191,7.527412897851583,-0.42088886158088645,0.9273981106109205,-0.995248058096273,abnormal
2024-01-01 00:00:58.480,-0.21999679900837835,0.6106421024087743,7.117112022118147,-0.41032058979904273,-0.12639756279430464,-0.5649464008096496,abnormal
2024-01-01 00:00:58.490,0.06770149215894261,0.570138167889837,7.629249004983184,-0.2907687828141835,-0.3324436774089202,-0.6057943505383597,abnormal
2024-01-01 00:00:58.500,-0.171878330339595,1.4610058641469208,6.8182189752067615,0.052258846500041346,0.5545255722859378,-0.5790501091417375,abnormal
2024-01-01 00:00:58.510,0.12679696539976307,-1.0853087611484826,7.511326018094439,0.44931738554655937,0.1492816582194894,-0.1331923361844442,abnormal
2024-01-01 00:00:58.520,0.10189819120189368,0.6366643524104344,6.830398437804517,-1.046751410740508,0.9449500532224311,-0.2395799223847532,abnormal
2024-01-01 00:00:58.530,-0.9485323353931707,-0.1091177911189737,6.358046490227337,0.265203510926438,-0.7138785029833111,0.03094882465398857,abnormal
2024-01-01 00:00:58.540,-0.7517884506842061,0.6486863657353085,5.632927499190485,0.10580980579255066,0.18651071392851787,0.6039267494145538,abnormal
2024-01-01 00:00:58.550,-0.027503740054259283,1.3608007799668511,4.2101544891073,0.5357340026388335,0.9496946403096469,-0.34417470841707554,abnormal
2024-01-01 00:00:58.560,-0.5249006282192024,2.1959183147335017,5.3759918271259055,0.6855940797065508,0.4048230421381539,0.7173212023788624,abnormal
2024-01-01 00:00:58.570,1.1636056306535096,-2.2402694150232767,4.872177114068698,0.7117365590557976,0.48451837129215797,-0.16215216518865835,abnormal
2024-01-01 00:00:58.580,0.23803840816407115,0.10501599243334647,4.465995494771859,0.050975011539469546,-1.0049427837298721,0.7120689604178682,abnormal
2024-01-01 00:00:58.590,0.31967723730610964,-2.05800855310731,4.104761722263447,-1.5687895094798163,-0.4672264515804712,0.29319839918790697,abnormal
2024-01-01 00:00:58.600,-0.35143542418287727,-0.5981945723972828,4.153528504864868,-0.5662411080078651,-1.5685617501649223,1.7023179715988668,abnormal
2024-01-01 00:00:58.610,0.8193523352195909,2.3920190698612194,2.5133654462461936,1.7661021474386804,0.47816030090027917,-1.0570568161257665,abnormal
2024-01-01 00:00:58.620,0.12285936634508425,-0.7328856961841923,2.3922287000449525,-0.2655605138188082,-0.1004539827001022,0.040072850290596033,abnormal
2024-01-01 00:00:58.630,-0.8168639490078997,0.12406489488046471,0.6185171393986937,-0.2169281556857028,0.9577982563669688,0.8609362876987969,abnormal
2024-01-01 00:00:58.640,-1.041123456181659,0.16761236493898696,1.9661365306321699,-0.7523234585530076,0.7225702205039533,0.15443679313548514,abnormal
2024-01-01 00:00:58.650,-0.7924496288726275,-0.6520987282467424,1.4609995232047273,0.17661779140435524,0.6138391544066006,-0.11180035046400111,abnormal
2024-01-01 00:00:58.660,-1.3659474839232741,0.27336731151542665,-0.37824202063586254,-0.24207718948911486,0.9699402325969967,-0.47658296747096024,abnormal
2024-01-01 00:00:58.670,-1.0064314696013077,-1.1210796184317853,-0.014456768762619976,-0.4092303711013246,-0.6448110721208112,0.6464449685243605,abnormal
2024-01-01 00:00:58.680,0.04918385897874593,0.6753620599765201,1.174442083913503,0.19277028441582275,-0.2617514108108634,-0.49488577276459433,abnormal
2024-01-01 00:00:58.690,1.4289776452552527,-0.8139315866677886,1.7057700002277796,-0.4206282755197247,-0.5561093106257005,0.7370024927778154,abnormal
2024-01-01 00:00:58.700,-1.031520215147579,1.1968799684184597,2.385128927506301,0.3584914629941792,0.9349293682901204,0.065412049800476,abnormal
2024-01-01 00:00:58.710,-1.2891227696686836,-2.097122959123725,0.4363287784376322,0.07969209832537566,1.6267785779685557,-0.42288666029058564,abnormal
2024-01-01 00:00:58.720,0.2368399537907864,0.8990760619671978,4.200733683275592,-0.24627668613933779,1.0926252717328944,1.641025355434646,abnormal
2024-01-01 00:00:58.730,-0.40328952162905823,0.3484730662819591,3.97534324248759,0.14437894016247405,0.31980883026731516,-0.14209354818739364,abnormal
2024-01-01 00:00:58.740,-0.29773382092422807,-1.2205183306622587,3.3149639376674855,-1.84609605485719,0.16106227911151771,0.7950172113324749,abnormal
2024-01-01 00:00:58.750,-0.001583744233613794,1.4792933964286465,4.6103144376929714,0.8684456272569886,-0.8090399628137712,0.09166774687120886,abnormal
2024-01-01 00:00:58.760,-0.2428833391487944,-1.0113459656732227,4.580194139097711,0.07512806934262252,-1.2783838700414418,0.730106926849734,abnormal
2024-01-01 00:00:58.770,-1.3403904044073462,0.407473652549411,5.200474012687106,0.9315539582237331,-0.6276155772469563,0.49422941610436655,abnormal
2024-01-01 00:00:58.780,0.1119287404742229,0.8686863441428939,5.6836869033298125,-1.207076427078667,0.6839403552541568,0.6971742035810653,abnormal
2024-01-01 00:00:58.790,1.5689506457239455,-0.773187429903452,5.429419392717313,1.7945634602602485,-0.5295855677665938,-0.053738337281850165,abnormal
2024-01-01 00:00:58.800,-0.2327299890964579,0.34083202114072114,5.908564671118757,0.08860151465417093,1.237774639085795,-0.5436815076353106,abnormal
2024-01-01 00:00:58.810,-1.8036168426087449,-0.7916298840852122,5.259164910548358,0.12677975837407504,0.5608679514251222,0.27076306051066407,abnormal
2024-01-01 00:00:58.820,-2.8891808489692123,-1.9597822781620484,8.038121430642056,0.9542109833753107,-0.14482093898300813,0.08603081285693029,abnormal
2024-01-01 00:00:58.830,-0.2838907890081261,-0.28815603273008467,7.603867719606031,0.8230392678179861,0.3018322396150935,-0.20524436860686945,abnormal
2024-01-01 00:00:58.840,0.82589809048849,1.234617952321031,7.788151657796835,0.6337498607985977,-0.3076855700122147,-0.45384682494990475,abnormal
2024-01-01 00:00:58.850,0.3047296653827776,2.1208234293667143,7.457545436854045,-1.0028315317061383,-0.04952609356425722,0.06808695389719792,abnormal
2024-01-01 00:00:58.860,2.314260105614253,1.1034387267871042,7.1789503758195155,-0.9676034810120611,-0.8539206109353573,0.2503003757671389,abnormal
2024-01-01 00:00:58.870,-0.25173133602544084,-0.21654869518575284,8.452756131067934,0.06997466620813873,0.5280605414858643,-0.13578086215532623,abnormal
2024-01-01 00:00:58.880,-0.11842422104532556,-0.1253018710049167,8.731633231631319,-0.6506155544074499,-0.5149744407883066,0.18651748727798922,abnormal
2024-01-01 00:00:58.890,-1.2891143773115148,1.197299430414104,8.749120200701084,0.6286574372863716,1.9102243576838778,0.43288487008463333,abnormal
2024-01-01 00:00:58.900,1.2002558779436558,1.2523526460557532,8.26311338196453,0.7708422526417265,1.7241551248364426,-0.5462953961367438,abnormal
2024-01-01 00:00:58.910,-1.0247312888336124,0.4808295103042923,7.399791257555695,1.3410817474904306,0.04550707027982479,0.5372230153817585,abnormal
2024-01-01 00:00:58.920,-0.5152138321772247,-1.3624922303991227,8.4552790794999,0.6037722775552998,-0.5963837798062682,0.16785844862453078,abnormal
2024-01-01 00:00:58.930,2.0471628493219893,1.4805739059910994,8.828012272564724,-1.4439141971501905,-0.8647309957071576,-0.2637433178372744,abnormal
2024-01-01 00:00:58.940,0.6794815203338732,0.12079564029263165,9.105494925066012,-0.04344801319530035,1.0457432066987367,-0.06321283456000866,abnormal
2024-01-01 00:00:58.950,-1.0941070422905281,-0.7559401209412465,6.928689973126756,0.35169935412027387,-0.053767547353414345,0.6411092035242867,abnormal
2024-01-01 00:00:58.960,-2.050415542422183,-0.18755946139242816,8.666614276663067,0.0197958914414763,0.6198977099633018,0.18670689811259022,abnormal
2024-01-01 00:00:58.970,-0.9359707974189506,-0.3011704804637244,6.972416660058485,-0.06099457882382557,-0.8981265741219032,-0.13423581481299962,abnormal
2024-01-01 00:00:58.980,-1.0232011135983718,-0.3456097863690132,8.791096914291394,0.4780005006606767,-0.22422123437100802,-0.08209696604526426,abnormal
2024-01-01 00:00:58.990,-1.0988811273174892,-0.061887632658996314,7.374031037717419,0.636203333643727,0.7905471553762347,-0.0027282766416190695,abnormal
2024-01-01 00:00:59.000,-0.2726123258325809,-0.14615312474626957,7.795896774122976,0.10219252496813552,0.6998177569521591,-0.5113875723109156,abnormal
2024-01-01 00:00:59.010,-0.7758683193272333,-2.0314890626570503,7.042004904199452,-0.02101351471444737,-0.47076705499423177,-0.3025852468674868,abnormal
2024-01-01 00:00:59.020,-0.6038097623370234,-0.5079889667786067,6.374908909382214,0.4021386441346296,1.5825689532765082,-0.2521249788619274,abnormal
2024-01-01 00:00:59.030,-2.735728562538415,-0.45582140995499804,7.45901308025834,1.724103192546957,-0.571372082707843,-0.014986435086515827,abnormal
2024-01-01 00:00:59.040,0.679569489069356,-0.25510861224811665,6.3288449306622985,0.4718574984967615,-1.769811475440297,-0.10158816399000734,abnormal
2024-01-01 00:00:59.050,-0.003367860282472957,-1.2925039574440447,5.53955374934348,0.4784968960440908,-0.8038575005180627,0.24819332641687558,abnormal
2024-01-01 00:00:59.060,-0.34331571256658494,0.11333084653764962,5.332573123432521,1.132365804563107,0.29577186632910074,-0.48888292653029436,abnormal
2024-01-01 00:00:59.070,-0.3639846237285632,1.6253763840909037,5.697890203924464,-0.15741997928571555,-0.33008024847533723,0.7717849074533282,abnormal
2024-01-01 00:00:59.080,0.016406181787401185,-0.4561425647003555,5.728290770183058,-0.504979904074015,0.7613634242779984,-0.0098270075798928,abnormal
2024-01-01 00:00:59.090,0.5243800094567534,-1.35740384858965,3.037762646657288,-0.49155625211098153,0.41122188858379755,-0.15339242117626076,abnormal
2024-01-01 00:00:59.100,1.2789600434272985,-0.6876512718858446,4.551798441719468,0.3683324830768436,1.9460052420673544,0.13080908670053906,abnormal
2024-01-01 00:00:59.110,1.0232603502626523,0.4426718536120415,2.6182451759591685,-1.413022126428411,-0.25115343675339363,-0.3175650928053827,abnormal
2024-01-01 00:00:59.120,2.2750385434868474,1.0357494989999858,2.61692816527587,0.6949114346885461,0.527726293911822,0.2375719448480954,abnormal
2024-01-01 00:00:59.130,1.7260543402119333,-0.06123285773208642,3.139078638411414,0.14918372386011175,0.6888791193278435,-0.7365561742819408,abnormal
2024-01-01 00:00:59.140,0.7213660206669411,0.9368315146946362,2.8142001220816275,0.18153209459338018,1.453891628827385,-0.3790290671251609,abnormal
2024-01-01 00:00:59.150,-2.1225747262858885,1.7521136776415247,0.8438764881178746,0.02787077973579821,0.32363199249226343,-0.39562552061956746,abnormal
2024-01-01 00:00:59.160,-0.37480043099504007,-0.25553255159144234,0.6974755616398965,-1.0644653475036427,0.6194080383088801,0.06466659262450442,abnormal
2024-01-01 00:00:59.170,-0.22735661433157672,0.9721595519300691,0.8978054714806759,-0.12221662551017946,0.5097356537137924,0.18100341783875132,abnormal
2024-01-01 00:00:59.180,-1.0842618817144225,0.03947491040039879,-0.31341892040803254,-0.7398601676076478,-0.3933558939552841,0.6173824946267339,abnormal
2024-01-01 00:00:59.190,0.904555328052161,0.7180926579091149,-0.46211745692370054,-0.19952616722730848,-0.053892856711415915,0.8024709158503177,abnormal
2024-01-01 00:00:59.200,0.9301055215134995,0.6006502480942205,1.6502702900961894,0.43103945625299767,-1.1918685804776488,-0.004229912170882053,abnormal
2024-01-01 00:00:59.210,-0.023515047808041492,1.168008378250161,1.5762738483850867,-1.68941619487398,0.12223514785920099,-0.20656805484589758,abnormal
2024-01-01 00:00:59.220,-1.4150504800728363,1.968335302928774,3.400344485382342,0.9921208946005208,0.6644105670970455,0.2759550583163502,abnormal
2024-01-01 00:00:59.230,2.2376291917998055,2.2400069049859415,2.891014624547427,-0.2525965510752028,0.0820442193046778,-0.07355122841086408,abnormal
2024-01-01 00:00:59.240,0.11122591763913177,0.03838976966133758,3.3964948422151844,0.7242069890349953,-0.22957359521828516,0.21010025824062153,abnormal
2024-01-01 00:00:59.250,0.3187752413630384,0.6572300513064889,4.477403981473053,-2.0741498003694248,0.18261312901388485,0.5036456980178715,abnormal
2024-01-01 00:00:59.260,-0.019605186234359803,-0.684519801688032,4.3722579651279565,0.5287847945165053,-0.30030135565654287,-0.045284517226970626,abnormal
2024-01-01 00:00:59.270,1.7573476426325212,-2.36418853365672,5.581886938254116,0.8102015349078071,0.6888469712680917,-0.33244897285235736,abnormal
2024-01-01 00:00:59.280,2.839647207410364,-0.7565659633104626,5.918987486536303,-0.5848952253075755,1.6775954954634051,0.6024459957328779,abnormal
2024-01-01 00:00:59.290,-0.16063057263763786,-0.6515659568503492,5.831109046374788,0.4775580312313588,0.161633346737306,0.8205552523697767,abnormal
2024-01-01 00:00:59.300,-0.17806635884276226,-0.6008098088149154,5.718823605383142,0.34592624887456425,0.6451176771891839,-0.26402926686682926,abnormal
2024-01-01 00:00:59.310,-0.05764984234534595,0.1011210346155289,6.538431475939933,0.01543790498695085,-0.5794239502511721,-0.26433434199246525,abnormal
2024-01-01 00:00:59.320,0.4384878329631096,-0.3865764703126986,6.968520292265544,-0.16070248225625478,0.8011993158510626,-0.3360529075241443,abnormal
2024-01-01 00:00:59.330,-0.264036496720333,0.5441430311289266,6.635354212246646,-0.8408800032652911,0.6370389392893107,-0.20747377320651544,abnormal
2024-01-01 00:00:59.340,-1.0183654636698798,1.996482771167145,7.400614176760677,-1.1381063187285627,-0.9437881691061528,0.0485814444104826,abnormal
2024-01-01 00:00:59.350,-1.892356289886929,-0.7140394364586943,7.421711438912076,0.15057674657386552,0.25809829074069973,-0.7848585500920163,abnormal
2024-01-01 00:00:59.360,1.5491947774306456,0.2706242811395565,8.979335803779897,1.4852945195995577,0.4490302529387448,0.05671591705528538,abnormal
2024-01-01 00:00:59.370,-0.3071360321711409,-0.0035793586454672404,8.969300796794052,-0.021417530609418343,0.7350111523169578,-0.1050813411834257,abnormal
2024-01-01 00:00:59.380,-0.21865918149391256,-0.9144371132988633,8.27115539267044,-0.3681729877786839,0.02676481169134486,0.22038733915825368,abnormal
2024-01-01 00:00:59.390,-0.6932371987729657,-0.5977713015537153,8.123964307456063,0.7645263869530714,-0.749877478962753,-0.02223185542950698,abnormal
2024-01-01 00:00:59.400,-3.4340969586734342,0.251952497336382,8.327582472808201,1.4348460505031024,1.9716160813889771,-0.2081953429958643,abnormal
2024-01-01 00:00:59.410,1.984724088926949,0.34250855882484044,8.68178385065724,-0.5872952855790605,-0.3989552418482369,-0.43541148403633584,abnormal
2024-01-01 00:00:59.420,0.19223197717004256,0.20880104967050003,7.713969704102878,0.027417792482607454,-1.1260167342317131,-0.520459490782526,abnormal
2024-01-01 00:00:59.430,0.07058588138162201,0.6022785169248485,9.23433970517394,-0.4799695084680463,-0.7894104159964045,-1.017817686903034,abnormal
2024-01-01 00:00:59.440,-0.7912443376566195,-0.12409170513660292,8.793940838667753,-0.21388077000456357,0.4528023000784079,0.6214380106935903,abnormal
2024-01-01 00:00:59.450,-0.28529569272802024,1.15943185434741,8.17432411008886,-0.8069467700717039,-0.16110320244527473,0.5728442529700142,abnormal
2024-01-01 00:00:59.460,0.5972008899729483,0.10149596265458345,9.227186842416579,1.563162364672057,1.3563187300623691,0.26096552059655304,abnormal
2024-01-01 00:00:59.470,-0.8653841613373757,-1.4139092058524159,7.6692108413586215,-0.29188427770206116,0.7792253258093663,0.2980181012650101,abnormal
2024-01-01 00:00:59.480,-0.8863243041573409,-1.9625176231833723,7.488822422506954,0.20504308397350246,0.3642751102078177,-0.30252741589568777,abnormal
2024-01-01 00:00:59.490,1.9920286781117107,1.3990881966679203,7.025697284323825,0.3900138325287285,0.17189829668869527,-1.3113897107386907,abnormal
2024-01-01 00:00:59.500,0.23566317512835078,1.6966296047813114,8.155926988714702,0.39634104272747916,1.2477962614673157,-0.685245291851836,abnormal
2024-01-01 00:00:59.510,0.17982478648622965,0.4296799961374094,7.401507037722992,-1.2226491936505686,-0.4473517598907074,0.8051456163303463,abnormal
2024-01-01 00:00:59.520,-1.350583990841054,-0.207082211036581,7.624782773216102,0.08266002088888895,1.27688947795435,-0.26599960634893655,abnormal
2024-01-01 00:00:59.530,0.8254339437816495,-0.011375539417128393,7.483052041740046,-0.5091453638031569,-0.27107715333097426,0.34756658957216535,abnormal
2024-01-01 00:00:59.540,1.0207503633252666,2.8648962990018565,6.673998359925281,-1.518366771752442,-0.7000748805458002,-0.6591920201230526,abnormal
2024-01-01 00:00:59.550,-1.2409940856677764,-0.782727716741395,6.31338497930837,1.0169384041914054,-0.6873233038467101,0.11412371190647498,abnormal
2024-01-01 00:00:59.560,1.1628910284879512,-0.4409545225504146,5.81236206407142,0.44779640644246527,-1.287292526182743,-0.10194654377493827,abnormal
2024-01-01 00:00:59.570,1.4393566630972041,-1.774614316713938,5.470498263513402,0.26336443004711674,1.0454891329887477,0.6780680366622983,abnormal
2024-01-01 00:00:59.580,-1.121691007231168,-0.7163340582737716,4.757115459672224,-0.9439852125450165,-0.7410787638840529,-0.3095668774434578,abnormal
2024-01-01 00:00:59.590,0.0518906920618594,-2.154315948623069,5.015694095811828,-1.1868769852161964,-0.25048051930109666,0.21269882597577683,abnormal
2024-01-01 00:00:59.600,-0.8394087315672043,-0.08010344845538,4.0205326317345715,-0.2189691335294493,1.5896438632114036,-0.8996008261876868,abnormal
2024-01-01 00:00:59.610,-0.09232206084328061,0.39969934500532645,3.3322500904588024,1.719931482347702,-0.01835292355412876,-0.039718700143875484,abnormal
2024-01-01 00:00:59.620,1.9222127991831381,-1.402226633444841,3.8365422533555495,-2.0116330147138335,-0.3334129334421613,-0.5453335838009661,abnormal
2024-01-01 00:00:59.630,0.22552286877690902,-0.09820017000271232,3.5500665172666674,1.3788011194992613,-0.4542823362156435,-0.03247687477944505,abnormal
2024-01-01 00:00:59.640,0.10786576757078332,-1.815930670372134,2.549535823227949,1.0836157067821768,-1.013139026520398,-0.023999201556463717,abnormal
2024-01-01 00:00:59.650,0.8175090687231856,0.694629805295946,2.057690080843985,-0.12486951159769438,0.1497844715750867,0.8096138532688065,abnormal
2024-01-01 00:00:59.660,0.22182160318902627,0.08317467750257045,1.2575941014441812,-0.40096208949345413,0.022417111125217496,0.45030136364702145,abnormal
2024-01-01 00:00:59.670,-0.021808531116961394,0.27454637849396246,0.8014641257728419,-0.35339697705251577,1.0544283815335913,-0.4150661439671193,abnormal
2024-01-01 00:00:59.680,1.298489547271189,-0.1415812932572556,-1.231003696304152,-0.06796817458714298,-1.0047028559508209,0.4999009173100174,abnormal
2024-01-01 00:00:59.690,-0.8767626965857155,-0.024648861307402372,0.9437976915103659,-0.6150082673342961,-1.2478005046585667,0.0557650297290542,abnormal
2024-01-01 00:00:59.700,1.113459122887935,-2.791472154387751,1.410661554520415,0.5773820029230067,-1.3048550646131907,-0.5900784248920261,abnormal
2024-01-01 00:00:59.710,0.45499214969096347,0.7568812715523501,1.0427523528266702,-0.11779074723191696,-0.05341973548821522,0.21366887448255303,abnormal
2024-01-01 00:00:59.720,-0.5217783628656334,-0.5976863162218666,1.6686370120595622,0.8494956954504549,0.866238172266897,-0.3938722198049651,abnormal
2024-01-01 00:00:59.730,0.7145272733175686,1.598323413245859,2.637089741704826,1.699287352157709,0.6106769967852599,0.9493824684208152,abnormal
2024-01-01 00:00:59.740,-0.4383838839373148,-1.0336850128452244,2.6330110984155497,1.515384033716245,0.0846659351063954,-0.06680747164827547,abnormal
2024-01-01 00:00:59.750,-1.5413050964625388,1.0928685887938525,4.190870458900113,0.576398277008928,-0.20572079620495642,-0.11109264471982476,abnormal
2024-01-01 00:00:59.760,-1.288867259526632,-0.42073998203020196,4.52480490791239,0.07919631841571362,-0.8215280226620374,0.02735695042968456,abnormal
2024-01-01 00:00:59.770,-0.3800370472468312,-0.9892939286200103,4.782195551998846,-0.1280545007944079,0.7289342556697901,0.22615469371473448,abnormal
2024-01-01 00:00:59.780,-1.0794104774999276,-1.2667034154592502,6.395051269514903,-0.829839891017894,-1.0328441079936452,0.4320839710279416,abnormal
2024-01-01 00:00:59.790,-1.513955609698922,2.5140337669195243,4.704984130523626,-0.2569533768781341,0.38276926368722913,0.4416811828984485,abnormal
2024-01-01 00:00:59.800,0.10664120260358258,0.6914658371214333,5.956479125120185,0.47899316250722257,-0.730203376379392,-0.576310523024059,abnormal
2024-01-01 00:00:59.810,-1.6062508421959352,0.5154562467060636,6.907516568438078,1.1702312635042735,-1.2101752019675998,-0.48412092971910553,abnormal
2024-01-01 00:00:59.820,0.4812278261900898,0.8467951295906311,7.1189304682076004,1.6499640156728255,-1.7663813190348492,0.2534139711912543,abnormal
2024-01-01 00:00:59.830,-0.06113033254379603,0.29309982844058846,6.077608111938697,-0.6248387889452526,0.21938138352439326,-0.21469698030119316,abnormal
2024-01-01 00:00:59.840,-3.3149293674925886,0.5963199982827447,6.911447990123974,-0.03447975513229283,-0.8582042522472251,0.8287094978537229,abnormal
2024-01-01 00:00:59.850,0.2864837965779217,-1.8856892440643525,6.937872818367368,-1.7049897478645628,-1.157618229880091,0.10605176734342216,abnormal
2024-01-01 00:00:59.860,-0.43780003558982283,-0.15757234869930362,7.97732402673346,1.7599017993359494,-0.10580499754760941,0.15004696658021174,abnormal
2024-01-01 00:00:59.870,1.9167301021259322,-0.7192608002515218,8.306550950513767,0.4599547646268312,0.10520822935129891,0.8511296714946774,abnormal
2024-01-01 00:00:59.880,-1.506927114831884,0.3860637662967575,8.639087308068149,0.7197273040275234,-0.42797404425171065,0.028425208298764392,abnormal
2024-01-01 00:00:59.890,0.6766423211313863,-0.05002325320143095,7.049412265009121,1.1227693522233726,0.1831365667869328,-0.3363644302240938,abnormal
2024-01-01 00:00:59.900,-0.032454052577031337,2.41872872405787,8.592377328758118,-0.04227615742321129,0.2072815341906161,0.41873120690750093,abnormal
2024-01-01 00:00:59.910,-2.174348661148173,0.08141449140460318,7.899682532351864,0.514458266147345,-0.29105216307335563,-0.4793888976820517,abnormal
2024-01-01 00:00:59.920,-2.815447949336081,0.1710390431559015,7.631991238700574,0.22804136322269494,-1.3037464225183177,0.8005415465178038,abnormal
2024-01-01 00:00:59.930,0.1922146625115493,0.8432999549616017,8.579341101410181,0.41867006671759577,0.6220220555300116,-1.0235836501118625,abnormal
2024-01-01 00:00:59.940,-2.5814311834360275,-1.6355566223506837,9.051928853026508,-0.5887121409813957,1.4209852541189905,0.1059958019571823,abnormal
2024-01-01 00:00:59.950,-1.2585216334923792,0.24533379813210307,7.829738144179333,-0.3933470403894382,0.39099675899445335,0.19981248417676933,abnormal
2024-01-01 00:00:59.960,-0.5137323236701121,-2.5254845273312765,8.888434087248788,0.670470237409113,1.0527497373487684,-0.25350568638367976,abnormal
2024-01-01 00:00:59.970,0.21401679317971287,0.8733097395089645,7.341263340532101,-1.1529352699958242,-0.5860060260259925,-0.04905076126203761,abnormal
2024-01-01 00:00:59.980,0.21918931382842513,-1.3740739745200434,7.955305931749874,-0.9394039878649165,-1.371609548451474,0.23830378077913175,abnormal
2024-01-01 00:00:59.990,-1.779640965099198,-0.6050219247339287,7.616647045902175,-0.10351188180726989,-0.47868467561605016,0.5821087141654189,abnormal
