timestamp,acc_x,acc_y,acc_z,gyro_x,gyro_y,gyro_z,label
2024-01-01 00:00:00.000,0.9739511036116831,-0.8651139118140816,0.4399716565961593,-0.025207233733419637,-1.7112990865380142,-0.1387098160993516,abnormal
2024-01-01 00:00:00.010,-1.5014769777447505,0.036519080309274504,0.8787509768982122,0.5054466324520284,0.20237422093196822,-0.3429911560317773,abnormal
2024-01-01 00:00:00.020,-1.5310765755817546,1.5203133205145287,1.3726971166623527,0.06681816852476406,-0.8232322954817639,-0.5880426877421272,abnormal
2024-01-01 00:00:00.030,1.2885353217430018,0.7320473107995534,0.858518246673015,-1.0669172034488699,0.2569863724911907,0.6254402568787446,abnormal
2024-01-01 00:00:00.040,1.4161987166553613,0.6305589038681086,0.9834882668433019,0.5333375708815045,0.15558348310172573,1.3648552445979654,abnormal
2024-01-01 00:00:00.050,2.0921342557632516,0.5207848963922802,1.4968275763346868,1.0561390754328188,0.52554013484234,-0.8468599400745283,abnormal
2024-01-01 00:00:00.060,-0.21224644262298234,0.10924669441607908,2.140744797342786,0.40217556346306443,-0.20184594620993476,-0.07699707846006926,abnormal
2024-01-01 00:00:00.070,1.137305569254425,0.8635683779754475,3.2850010926100754,-0.03081343340865072,-1.6765392326571593,0.47872336056385445,abnormal
2024-01-01 00:00:00.080,0.6427549190214571,0.8725085968457825,3.1617152729179954,1.9397584144933133,-1.287494305667047,-0.3887835556335818,abnormal
2024-01-01 00:00:00.090,0.28536512154147786,-0.6108723019262969,3.5326064801474883,-0.05476672428584797,-0.1915899269937867,1.2147431236636868,abnormal
2024-01-01 00:00:00.100,0.9735433401889155,-0.4839066600950112,3.6824859422919003,1.6639840851192935,0.4971326489869098,-0.2469447943088395,abnormal
2024-01-01 00:00:00.110,0.36262431497358805,0.32350305358955395,4.8432199599289945,-1.3003064090175938,-0.8008017131107625,0.837132042055285,abnormal
2024-01-01 00:00:00.120,2.1576624088604754,1.365385156250191,4.632788440780668,-0.8699832374100862,-1.8435902866768121,-0.23926607324013008,abnormal
2024-01-01 00:00:00.130,0.8468275261579213,1.6720350728511457,6.489291480275165,0.061320273169716256,-0.607173077989254,0.06409859174723993,abnormal
2024-01-01 00:00:00.140,-0.5789679787728694,0.813523662579359,4.898761477760365,-0.34646398818814483,-0.48109686484980757,-0.728325960497684,abnormal
2024-01-01 00:00:00.150,0.9829005607336514,-0.2861403119448988,5.655665658181388,-2.1188210564810337,-0.5051521769001568,0.03694814844002707,abnormal
2024-01-01 00:00:00.160,1.1251366284214017,0.1913825178593378,6.23116136402404,-0.48234568261041794,-1.0144577561978925,0.07269874272488268,abnormal
2024-01-01 00:00:00.170,-2.171058156287999,0.5192938099651494,5.790289586600739,0.9481680874282371,0.10840099669016526,0.764503124974561,abnormal
2024-01-01 00:00:00.180,0.3984762214565906,0.07038511021405755,7.136981164632766,-0.6266347920573493,1.1521359940498435,0.181448685499736,abnormal
2024-01-01 00:00:00.190,-0.01777335355078632,1.2691012596638473,6.792034702868406,0.1024197067475695,-1.4742974428205855,0.7802522991823104,abnormal
2024-01-01 00:00:00.200,0.00476193750342916,-0.5604224745147963,6.834746163872351,0.8633471265847279,-0.20611443859851863,-0.913230702298775,abnormal
2024-01-01 00:00:00.210,-1.3453910709891828,-0.036561932272385356,7.229552423694045,-0.7091381839674755,0.7495765029541266,-0.44459960052094005,abnormal
2024-01-01 00:00:00.220,-1.504529122933765,1.6621360540481798,6.4003201211399166,0.28064039956291903,-0.8683186579985118,0.03387223496474129,abnormal
2024-01-01 00:00:00.230,1.5733491155737591,1.1722583460904026,6.436588168636525,0.3951655460504178,-0.9210879736857475,0.07731215790492642,abnormal
2024-01-01 00:00:00.240,1.7142578960690533,-0.8119158523472301,6.5435965157880425,0.14423232854209042,-0.8509357571295664,-0.01752504866232903,abnormal
2024-01-01 00:00:00.250,1.851956213436464,0.03648814993093284,7.357037696054378,0.3169429435348007,1.1491702705648386,-0.39159817883130005,abnormal
2024-01-01 00:00:00.260,-0.8905234825221192,-1.9835996033881131,7.156998854716642,0.6042217844130595,-0.03776610022675913,0.5564856084574051,abnormal
2024-01-01 00:00:00.270,-1.1536908245113204,0.09510993215364763,6.823882405320384,-0.14789452024590688,1.2043729912490955,-1.414426294962324,abnormal
2024-01-01 00:00:00.280,-0.28113811244432013,1.8420194154109095,6.076932992009056,0.5240355314610243,-0.43332626230391785,-0.007116610360008107,abnormal
2024-01-01 00:00:00.290,0.6563469535468724,-0.1004901498985286,5.894169423054836,0.007545378964540458,-0.9221290624942073,0.13182962770374498,abnormal
2024-01-01 00:00:00.300,1.1437222240213414,-0.10021346272586723,5.643412385094063,0.8567640795893839,-0.8382544699541575,-0.8127954578469144,abnormal
2024-01-01 00:00:00.310,0.6332078048837252,0.7628800687313796,5.535412938986032,0.660568288010388,0.17030572711846753,0.014167419354758484,abnormal
2024-01-01 00:00:00.320,0.4528995911115481,0.3102355826698095,6.08248189281298,-0.19094889048846878,1.145406282538926,0.30912937869362683,abnormal
2024-01-01 00:00:00.330,-0.008956634836797544,-1.491553676780017,5.481609529922777,0.8818895797522395,0.2446238244684428,-0.608128069017848,abnormal
2024-01-01 00:00:00.340,-0.5841878607063813,-0.9402401476031598,5.550971257377108,-0.3144216022150525,-0.46710550785588817,0.13649489448565033,abnormal
2024-01-01 00:00:00.350,0.9930294161042554,1.3273252906661395,5.423011012012053,0.38525998923544086,-0.32177729442880393,-0.1808754370834871,abnormal
2024-01-01 00:00:00.360,-1.6314139239188117,-0.36481119624943015,5.717903872360635,0.8200387189989086,-0.7083295713650793,-0.43536282120849157,abnormal
2024-01-01 00:00:00.370,2.0329892146914603,0.6305929258936972,4.45092358263241,-0.08526284381239242,0.397908048110912,-0.26584072041318424,abnormal
2024-01-01 00:00:00.380,-0.5718834012460298,-1.676587095280093,4.046685744701219,-0.6113416736252271,-0.9333912137046144,-0.365853147696817,abnormal
2024-01-01 00:00:00.390,-2.3428924569894973,-0.14846272208073327,3.465606677291915,0.14395618100899754,-1.289306033922499,-0.10811375504643855,abnormal
2024-01-01 00:00:00.400,0.5144183482944489,-0.695201494958851,3.5359855607299235,-1.2231229837948991,-0.5282742333538217,0.34248770715680127,abnormal
2024-01-01 00:00:00.410,0.33831096036481273,1.80236914809762,2.6937651066914525,0.673615428360166,-1.10421759892062,-0.6217961121719193,abnormal
2024-01-01 00:00:00.420,1.2457668035095233,-1.4441829021071406,2.37339866408763,-0.8577224661715188,0.16026922524961004,-0.5333468511642704,abnormal
2024-01-01 00:00:00.430,1.0315686971248637,-1.476130345690052,1.4199482891224013,-0.38119924317384163,0.13738212466309446,0.7878203833649885,abnormal
2024-01-01 00:00:00.440,-0.3185849442706801,-1.506103504094929,0.9723778378962218,1.0717989333824354,0.13312266006336845,0.05412599515636233,abnormal
2024-01-01 00:00:00.450,1.12342562426811,1.1372340979119004,0.35640411184199106,-0.9007743353394603,-0.7109961380458242,0.6477902458138629,abnormal
2024-01-01 00:00:00.460,-0.7386671829722992,0.3674790053838752,0.70524217355045,0.5361793097733054,-0.9336600317870236,0.07172364674683328,abnormal
2024-01-01 00:00:00.470,0.3136027615594365,-0.16035810980456902,-0.009183708028831797,2.1582003031035155,1.101018829935722,0.5892706845471005,abnormal
2024-01-01 00:00:00.480,-1.72221149614914,-1.2986826423318658,0.046048277289706896,-0.31278723733366953,-0.8792158215780574,-0.11084740805984676,abnormal
2024-01-01 00:00:00.490,-0.8262662655257339,0.8328351065232932,1.2531847771806015,0.16598292412106422,-0.09188499234377669,0.3887397213058828,abnormal
2024-01-01 00:00:00.500,-0.19342052555458952,-1.493800788793027,-0.05609662730328968,-0.7234516033445297,-0.7776526650368902,0.08250975887160035,abnormal
2024-01-01 00:00:00.510,-1.2469570510112489,0.05687028487790734,1.333648926550257,0.6467346090778662,0.6403731487768425,-0.6653885116373089,abnormal
2024-01-01 00:00:00.520,1.3695432021922427,-0.4095530006609702,2.4100603108269256,2.0725749638811486,0.2222457076966687,-0.34594463591211055,abnormal
2024-01-01 00:00:00.530,3.1259449830686505,2.160589554575254,2.217414570342774,-0.6432713222766011,-0.379815660279116,-0.1417132433534668,abnormal
2024-01-01 00:00:00.540,-0.35500155339294576,-0.46882617781059877,2.443703915799166,0.15245918472886782,0.6667734487699141,0.15330312473364366,abnormal
2024-01-01 00:00:00.550,-0.5828611820692978,-0.003606257101546108,4.16762251472617,-0.6021750544393957,-0.3036496705860652,-0.12377718154556311,abnormal
2024-01-01 00:00:00.560,-2.0141519641222962,0.7649587648967378,4.073454168150997,-0.5650759093265003,0.38116936585423244,0.6952554189431241,abnormal
2024-01-01 00:00:00.570,0.12274413257132642,0.9972576931090185,4.466677486759412,-1.2932195987094732,-0.7486432517561485,-0.3831575196587456,abnormal
2024-01-01 00:00:00.580,-0.38587161474490683,-1.429103244701506,5.081973203116945,0.06828501501613157,-0.837962940476007,0.5753332382690257,abnormal
2024-01-01 00:00:00.590,0.04105833458975167,0.7858462077758878,5.537541319860644,0.5090459699686193,0.7700104083308945,0.5891037867219913,abnormal
2024-01-01 00:00:00.600,-1.5335976423358768,0.4037135781831128,4.661856848743808,-0.31173640840080685,1.447415216107131,-0.023060469133635925,abnormal
2024-01-01 00:00:00.610,-0.6574168339570345,-0.10120198703025138,5.121934546389733,-0.4378646938626037,-0.450496102015165,-0.5313027694753328,abnormal
2024-01-01 00:00:00.620,-0.3698814054762226,-0.21284629890960977,5.184628855919999,0.23807754787987517,-0.4510487733805449,0.6963810224954189,abnormal
2024-01-01 00:00:00.630,1.8227178016363803,0.68590857757633,5.5460102128365545,-0.2996509486908022,0.4425783278958587,0.43279011283887925,abnormal
2024-01-01 00:00:00.640,-1.2690501521294373,1.1204713428869244,5.366679361553455,0.633962352628872,-0.5058377319003834,-0.09247470101868557,abnormal
2024-01-01 00:00:00.650,0.5532111401615643,-1.0410240418414791,6.207631590576079,0.8653355375095089,0.47839248850458405,-0.5583072668561695,abnormal
2024-01-01 00:00:00.660,0.35502697235116804,0.6842337488813144,6.428900305623218,-0.20407760638892125,0.4739791604813803,-0.5306216538351861,abnormal
2024-01-01 00:00:00.670,-0.44722424485491385,-0.007802241906861621,5.990828747699153,0.20775082078092674,1.13404511595781,0.22323995684874515,abnormal
2024-01-01 00:00:00.680,-1.112792193260605,0.93971765838527,7.116661452145298,-1.5236014835659681,0.5903124317939228,-0.418933667771056,abnormal
2024-01-01 00:00:00.690,0.8509458444150284,-1.2553113086706942,6.570990265615796,0.6491992965732307,-0.8686093510278946,-0.20682381410083533,abnormal
2024-01-01 00:00:00.700,-0.43137390976086815,0.45489887921319316,6.717694332512052,0.7339931856348753,-0.024000206602031015,0.31425798479469924,abnormal
2024-01-01 00:00:00.710,1.4953824842526895,2.1883561114690186,6.7799303355946545,-0.16812373164934344,-0.15804433987622243,-0.08509824324930633,abnormal
2024-01-01 00:00:00.720,2.151219145267618,1.2988416678834958,6.132112508898625,-0.56017632358677,-0.7470892012267049,0.4966185315847617,abnormal
2024-01-01 00:00:00.730,-1.6567843669913356,0.09525760372511241,6.237078107281451,-0.6265641938315835,-0.13803215381400094,0.14194284827441997,abnormal
2024-01-01 00:00:00.740,0.188888241865272,-0.47247281760817134,7.188314963533623,-0.0348099536614915,0.0845049885293842,-0.2766908146401444,abnormal
2024-01-01 00:00:00.750,-0.5837715911127684,1.0321358663313793,6.563259904221785,-1.013401078978573,0.1827354308547554,-0.3650633792788969,abnormal
2024-01-01 00:00:00.760,-1.878688795767613,-0.34595054248855645,6.3107492422993365,-0.16872197722296342,-1.4237944768935136,0.7080137121020053,abnormal
2024-01-01 00:00:00.770,-1.3465920719341575,-0.17878807240192188,5.78698645049555,0.6938947390249893,-0.8018579722867316,0.48814265178206523,abnormal
2024-01-01 00:00:00.780,0.7073130608108663,-1.2913463373666634,5.861370173348102,-1.439431335842159,-1.61512826603949,1.3601511417447658,abnormal
2024-01-01 00:00:00.790,1.9342678563720301,0.440438964563535,6.032004643362167,0.478372293229378,-0.15943699348935933,-0.1600757219074977,abnormal
2024-01-01 00:00:00.800,0.3461816363791349,1.0285783332165865,5.4761304357441105,0.6816591359518971,0.07781723719400137,-0.1651967993628755,abnormal
2024-01-01 00:00:00.810,1.516944458608158,1.2076274931352033,5.699099022775144,-0.21367536550573302,-0.2019310038191354,-0.31625935990976883,abnormal
2024-01-01 00:00:00.820,0.7069771791965015,1.0162270910464581,5.1810917007409545,-0.2896390037823614,0.516651775903531,-0.23176508160092157,abnormal
2024-01-01 00:00:00.830,1.4966525528635084,0.31540303921583507,6.087287767442285,0.4689330647026893,0.3910632414046447,0.07761116848338433,abnormal
2024-01-01 00:00:00.840,-1.0646870157132615,-0.009640752351866453,3.8683022917273924,-0.4269971958369928,0.16733787734680008,0.32964545861657285,abnormal
2024-01-01 00:00:00.850,-1.469200606376032,0.5410621910066964,3.44037882755258,0.7991774575600927,1.28106109882955,-0.05429738973604797,abnormal
2024-01-01 00:00:00.860,0.6853977174000013,-0.07353850827887472,3.6092508934435714,-1.4704286415457384,-0.555806934603492,1.36716633737132,abnormal
2024-01-01 00:00:00.870,-1.6879041862539539,-0.1648881303388619,3.7963573223366534,0.684717257694273,1.0275667418255052,-0.2722215964581367,abnormal
2024-01-01 00:00:00.880,-1.7639125261802118,0.6997647819979542,1.8620913057720079,-1.5813566795120693,-1.1771027461748242,0.29167856137223397,abnormal
2024-01-01 00:00:00.890,-0.5579855477970294,-0.42438926442002584,2.082287051451773,0.18947624013550463,1.3416975725509646,1.0768502880735185,abnormal
2024-01-01 00:00:00.900,0.8979885513989659,2.5509492211088483,2.3833114814626732,-0.5546773905576717,-0.402630578374669,-0.4880502244306852,abnormal
2024-01-01 00:00:00.910,-0.5453764944474329,-1.3417873792715922,2.4285095881131773,-0.010746935251222119,0.2136547849004704,-0.1665131899167222,abnormal
2024-01-01 00:00:00.920,0.18054947224906653,-1.855018740863975,0.6238385340565119,-0.9051545646996207,-0.22277891889347817,0.3734437989648191,abnormal
2024-01-01 00:00:00.930,-0.8429050039623968,-0.5475084850764217,0.10726277992851585,0.2248046908228895,0.2871428327996349,0.08541548403425964,abnormal
2024-01-01 00:00:00.940,2.2492868930622802,0.8012737298761236,-0.7035625415564908,-0.3982926011070106,0.9614033134882263,-0.8075421338147303,abnormal
2024-01-01 00:00:00.950,-0.49953811765930667,-0.28005154818047523,0.6286875246772894,-0.37340715248582945,2.201106582818243,0.16296602942092403,abnormal
2024-01-01 00:00:00.960,-0.03521803797045057,1.5281677854952906,1.5155653966294131,0.0912032702260815,1.6884794256508735,-0.34932238784007147,abnormal
2024-01-01 00:00:00.970,-0.1570747421288305,-0.41762408984523686,1.7785904330779798,-0.43927719132707344,0.7700350059416713,0.4772475358509575,abnormal
2024-01-01 00:00:00.980,2.069469659776112,-0.0042875466714270396,1.54077795697845,-0.09364900542382486,-0.3364302623958783,-0.4257217052071333,abnormal
2024-01-01 00:00:00.990,1.5511265374215382,-0.1851581314987146,1.4469502573695578,-1.276203582544215,0.30768041672207525,-1.5853525922223914,abnormal
2024-01-01 00:00:01.000,0.8992142211290701,0.30667849399118485,2.616717473681728,0.5847131177415396,1.1910492741121295,-0.3666164621945761,abnormal
2024-01-01 00:00:01.010,-0.697115564781433,-2.9633382452310095,3.5578617879029606,1.1061784772928203,1.6600019706692337,-0.32424074919005996,abnormal
2024-01-01 00:00:01.020,0.9176941487796941,0.3291175098105693,3.3812050734109413,-1.0068179716375663,0.47172319915055017,-0.429023531365359,abnormal
2024-01-01 00:00:01.030,2.5832030469604845,1.0383485303561537,3.4758427354126646,-0.7753530541678112,-0.3175182499992002,0.13104015065000615,abnormal
2024-01-01 00:00:01.040,0.5131291803974386,-0.6612599084824196,3.312340531793522,0.03799468643957675,1.4640224415455318,-0.3604776738339109,abnormal
2024-01-01 00:00:01.050,-1.74520240947456,-1.1604722056386745,4.0649702026295635,2.2010321662040573,-1.368516926726748,-0.2371620920748692,abnormal
2024-01-01 00:00:01.060,0.8106847172201284,-0.29833770338201504,5.081321046846363,-0.38607419874024584,0.6604293882233627,-0.2658688653619158,abnormal
2024-01-01 00:00:01.070,0.10504225557536466,-1.016876552293113,5.302557041009289,-0.7077274908439117,0.011272897142402443,0.39334616648153753,abnormal
2024-01-01 00:00:01.080,0.29927682416886303,0.5163949789680786,5.167944119838978,-2.3926854440815335,-0.10339174278687958,-0.03710915481727636,abnormal
2024-01-01 00:00:01.090,0.8167425397102624,-0.13855581537011677,6.158625556092681,-0.012244180328940278,-0.3110786080360659,0.22469720249204864,abnormal
2024-01-01 00:00:01.100,-1.2196839630279532,-0.4393111741568765,5.527540473601985,0.7384009934205893,-0.7179872407942971,-0.06884079636223782,abnormal
2024-01-01 00:00:01.110,1.177474852322216,-1.4019932403155257,6.643059750361524,-0.5730744968396437,-0.18412571096759567,0.5275953316994417,abnormal
2024-01-01 00:00:01.120,0.6855918486432577,-0.8330104708000031,6.483376385927591,-0.044190476132384575,-0.092062568540808,-0.2685666985615306,abnormal
2024-01-01 00:00:01.130,1.8667928876003244,-0.5675053623841017,7.875557534311018,-0.8426868962553006,0.9566979733889067,0.4793286712371906,abnormal
2024-01-01 00:00:01.140,-1.3710247671221971,-0.8827235909793621,6.662593805806929,0.11618985054195839,0.5185751769907232,-0.6667978239688325,abnormal
2024-01-01 00:00:01.150,-0.2840226160735398,0.009785579327838514,8.055190173405556,-1.5759403635391844,-0.044988430803659496,-0.5678925130392884,abnormal
2024-01-01 00:00:01.160,1.3054461045231667,0.7086447287686221,7.405673408300387,-1.6983146915861298,-0.5845210687001282,0.02829836635837945,abnormal
2024-01-01 00:00:01.170,0.6450150257051899,0.08872173949816682,7.316275202042242,0.16997523650596127,-0.25778224152003243,-0.5389903556208633,abnormal
2024-01-01 00:00:01.180,-0.6045523814845515,-0.37084929881173445,7.670834160079567,0.11979330452739441,-0.8879610372026623,-0.09852619464605275,abnormal
2024-01-01 00:00:01.190,0.6418574005255583,-0.25796784068113826,6.527311940174219,-1.5280166240284907,-0.3795940572726069,0.0935728962449115,abnormal
2024-01-01 00:00:01.200,0.43716742657832564,2.3872965580059877,6.672484576593893,1.0623721700722257,0.13071093474487522,0.06806185740535808,abnormal
2024-01-01 00:00:01.210,-0.29309614408785456,-1.1268449497878132,6.2970450357822445,0.48847102772380324,0.11805734185602698,-0.615680146542979,abnormal
2024-01-01 00:00:01.220,0.309805277407431,-0.2496315703329268,6.003368517397893,1.3152995860160654,1.4685226876020938,-0.8237094704926001,abnormal
2024-01-01 00:00:01.230,2.3758808563317286,0.558549837874547,6.482891493417648,-0.688756976910053,0.7484510206130744,0.17458469604905877,abnormal
2024-01-01 00:00:01.240,0.76846380668872,1.570734347130599,6.925372685224695,-0.14143311510584616,-0.09891161766504357,-0.18190057502280846,abnormal
2024-01-01 00:00:01.250,0.4718396118985482,-0.15782771868194187,6.036129940981271,-0.6390060312584032,-0.08378542672776207,0.3453796455371853,abnormal
2024-01-01 00:00:01.260,1.418952995000566,0.4958799322904972,5.601505844176231,-1.5203779199880736,0.30090259484209253,-0.1321679069610764,abnormal
2024-01-01 00:00:01.270,-1.4086787341991682,0.32541776398370026,5.603808309465961,0.5341868590888522,0.47190359174171914,-1.2609804144716674,abnormal
2024-01-01 00:00:01.280,-0.3822178116039085,0.7813694126773179,5.9459216198066995,-0.14362289044680457,-0.9686044220501951,-0.5644291351254077,abnormal
2024-01-01 00:00:01.290,0.5644767599729306,0.26221734023285453,6.274509536684402,-1.0213247300302728,0.5127584441870239,-0.047466874460072465,abnormal
2024-01-01 00:00:01.300,0.5541440791941689,-0.053612080945406704,4.97940229492563,-0.6724102499514562,0.6862688777235734,-0.1748790411223234,abnormal
2024-01-01 00:00:01.310,-0.5776004840384391,-0.9233712760346747,3.847575140319032,-1.4016922655523387,-1.1526004495215332,-0.42018048513165834,abnormal
2024-01-01 00:00:01.320,0.10678511957922286,-0.6133374951437531,3.173256385482963,0.38670479708867056,-0.5899142182962863,-0.430369651750366,abnormal
2024-01-01 00:00:01.330,-1.11823937939683,0.7088104972920973,3.0187355043646256,-0.2516766648022924,-0.32641881461665556,0.026545701170377814,abnormal
2024-01-01 00:00:01.340,-1.119713946323087,-0.9453241507628262,3.616938705573884,0.5599677994729425,-0.3870680116519349,0.47381504654886036,abnormal
2024-01-01 00:00:01.350,0.8815106807931304,-0.46191942846497835,2.068264994298768,0.8339813349111622,0.07266904780176194,0.35388051503493717,abnormal
2024-01-01 00:00:01.360,0.20502191249997795,-2.064361717395911,2.6069307494162555,-0.6284320696290696,0.9620749454721369,0.09857932007534731,abnormal
2024-01-01 00:00:01.370,-1.2523194720796478,-0.659415485458539,2.653775770022426,-0.5958864692920853,-0.1902541404714297,-0.06378917411387608,abnormal
2024-01-01 00:00:01.380,0.24235262517029146,-0.5420846899952608,2.041801620300429,0.6335448374241921,-0.8918625679715667,0.8891404462946171,abnormal
2024-01-01 00:00:01.390,0.22623560089685094,1.0416430243996002,0.46980396206217934,1.2491470263589866,-0.3514633943412555,-0.24761234083862724,abnormal
2024-01-01 00:00:01.400,0.476560963769027,-0.6523961108091819,0.8763979305428233,-0.6391821603490238,-1.0116718821121604,-0.4266080385775505,abnormal
2024-01-01 00:00:01.410,-0.6270775021481246,-0.8896077386769199,0.9763849894721309,0.06169882023119206,0.5887003048584547,0.39076677333014714,abnormal
2024-01-01 00:00:01.420,-0.9765218695583576,-0.42463016425741706,-0.21326602601796113,0.8657155368280092,-1.002456199161784,-0.14048409387443253,abnormal
2024-01-01 00:00:01.430,-1.4247340890293727,-0.3548409127876764,0.6593678948555426,0.9663501956859574,-1.5209136210571204,0.965255291974258,abnormal
2024-01-01 00:00:01.440,0.975877252573435,1.6713115347013452,2.531433818142576,-1.0023796281237294,0.9759671353084065,0.05524549988477311,abnormal
2024-01-01 00:00:01.450,2.7478223876386854,2.7537161950527396,0.7311894590697047,0.4871214627082881,-0.26809988766864834,-0.2315305723099709,abnormal
2024-01-01 00:00:01.460,-0.5704442545982348,-1.5633737997677912,1.510628293050456,0.7995160567583587,-0.6685370585900307,-0.8135269177366538,abnormal
2024-01-01 00:00:01.470,1.4717248233399414,0.5646305884273808,3.1734114811242997,-0.9671298123842774,0.49654916573359076,0.44782094553147744,abnormal
2024-01-01 00:00:01.480,0.04476362264199195,-0.17467969297886032,1.8075542515344996,1.7440398282714655,-0.864417458414186,-0.41540291730038353,abnormal
2024-01-01 00:00:01.490,-0.34133908977041605,-0.8598049930280136,3.7536658239558296,0.2967708026583437,-1.4904200967777133,-0.8321092400835624,abnormal
2024-01-01 00:00:01.500,0.9301273535850736,-2.3435589428640586,2.8347897650094547,0.3629252581002974,0.6153175812754347,0.07117098006137759,abnormal
2024-01-01 00:00:01.510,0.2489108408702361,-1.5701415728460615,3.846248541184132,-0.6916001526002471,0.3767718306547264,-0.9110723817649056,abnormal
2024-01-01 00:00:01.520,2.6504103525605447,-1.0573482635020237,4.160067260829008,-0.08398436206593218,-0.26788224914330705,0.1444444555591478,abnormal
2024-01-01 00:00:01.530,-0.2934636367191812,-0.30394758072261724,5.119193303724118,0.4956075291619411,0.1343590611655997,-0.8292442874618382,abnormal
2024-01-01 00:00:01.540,1.374642211843451,1.162213141687323,5.203680557445513,1.1538902389059065,-0.5320439549593869,0.7313019479657461,abnormal
2024-01-01 00:00:01.550,0.3059251937188894,-3.111532394917935,4.60087788681866,-0.04122520176385376,1.0719884342604482,-0.21885936815037374,abnormal
2024-01-01 00:00:01.560,-1.6448741271622371,2.056579335885295,5.228719331409163,-0.22437850770466033,0.0981586916392905,-0.3495370494922033,abnormal
2024-01-01 00:00:01.570,0.2323043449431297,-0.34696450368794135,5.401339190837126,0.0810077391389414,-1.4083281551397184,-0.02694361216075207,abnormal
2024-01-01 00:00:01.580,-0.27446720354582876,0.2521287450285673,6.117628581757409,0.8631599231882356,-0.5599081268064565,-0.3742280539189249,abnormal
2024-01-01 00:00:01.590,-0.9769203723509113,0.1077474437390223,7.203771164370328,0.0072002533756306995,0.3603386723682483,-0.13012821419345047,abnormal
2024-01-01 00:00:01.600,-2.501442898592495,0.32913951752859044,6.479445195776537,-1.6799763089505493,1.2282773763406187,0.5954472108595545,abnormal
2024-01-01 00:00:01.610,1.4054283493732518,0.5375123026850004,6.054508138934787,1.6400229614150796,-0.21578460746551784,-0.3433549492846506,abnormal
2024-01-01 00:00:01.620,1.3225453252614914,0.5692470692734002,6.012381496189425,0.12920193995019996,0.11778950684615179,0.44836321051958367,abnormal
2024-01-01 00:00:01.630,-0.15567941989251263,0.15063680322826656,6.508655852414885,-1.2261295660692475,-0.25151403595923555,0.16850895664397916,abnormal
2024-01-01 00:00:01.640,0.9889692775254514,1.1763584831197194,6.192312860284574,0.6382217233792751,-0.22048554794038203,-0.0880523486396315,abnormal
2024-01-01 00:00:01.650,1.2409409861936713,0.17831906257842503,7.9861410151967105,0.34401210814616623,0.5974854899031775,-0.4284751276385731,abnormal
2024-01-01 00:00:01.660,-0.5764633329112794,-0.7066257691377293,7.22383704740254,1.1968715630267024,-1.0013931984468165,-0.14312925729771622,abnormal
2024-01-01 00:00:01.670,3.2338648203897047,1.4265647417594234,6.893922149907581,0.5698916183781171,1.8221411169067268,-0.156808680203266,abnormal
2024-01-01 00:00:01.680,-1.9310036024682642,-2.595340304633447,7.65545404721062,-1.1196330422760854,-0.56403872551982,0.151553415369111,abnormal
2024-01-01 00:00:01.690,-1.1450591161905204,2.4933874427977227,6.047516337448215,0.4885374165106304,0.10640807592437435,-0.17032690234732561,abnormal
2024-01-01 00:00:01.700,0.07336544712958291,0.7764448515365222,6.696169551086162,1.7817688586714098,0.08926216561441244,0.14006743948096023,abnormal
2024-01-01 00:00:01.710,-0.1042628381124609,-2.7158165333355417,6.6043747773666714,0.3114365192667542,0.08485951602360237,-0.6742672646721001,abnormal
2024-01-01 00:00:01.720,-0.6378426437998771,-1.7782851615510478,5.733425771380892,0.850738091847555,-0.7667040404291383,-0.09082900803718497,abnormal
2024-01-01 00:00:01.730,-1.1406083058473246,-0.48224180252384546,5.9909182931656995,0.982364855376893,-1.6546495107467483,0.013131576143505293,abnormal
2024-01-01 00:00:01.740,1.6145766588889026,-0.6925738335847748,5.550802584601488,-0.6142738180271075,-0.27352297040309925,0.4446515129686451,abnormal
2024-01-01 00:00:01.750,-1.9282151866973039,1.390730527570555,5.628994088792098,-0.03515570862092388,1.1048990534503682,0.3912488809779586,abnormal
2024-01-01 00:00:01.760,-0.759593205132418,-1.0692896452254126,4.782668056644505,0.5495558097499313,1.3603965284542257,0.16320042502156817,abnormal
2024-01-01 00:00:01.770,-0.2458746417024154,-1.5152361801856218,4.285894269612034,0.8850296280992568,1.8201788148280194,-0.09615604306716871,abnormal
2024-01-01 00:00:01.780,0.5758519751955898,0.45892376992483025,4.651562453932481,1.4766073622956284,-0.8215764934534805,0.32166218965959725,abnormal
2024-01-01 00:00:01.790,1.727606684576036,-1.2412034543740318,4.535901375197444,0.3087544155617275,0.7751037135756296,-0.36448199604976483,abnormal
2024-01-01 00:00:01.800,-0.21004599658344572,-1.509084558161278,5.04452059981393,1.0681077676427528,-0.09082665764563246,-0.09791650971087364,abnormal
2024-01-01 00:00:01.810,-0.8847987872493888,1.3048981793936616,2.614211631546791,1.5788537326035121,0.759067416964139,0.23598594667590708,abnormal
2024-01-01 00:00:01.820,-0.07451219580077038,-1.8698764264536516,2.6609354426908802,-0.2814829270526615,-0.5768931089709314,-0.6404414367622604,abnormal
2024-01-01 00:00:01.830,-0.10593025322671835,1.378719367062958,3.166033198234817,0.41496427520588963,0.28387370860985345,-0.8543735697211976,abnormal
2024-01-01 00:00:01.840,-0.17822567994315466,0.8588595971144908,2.1240127878799293,0.6715105747092889,0.19727385760553812,0.05257877219511446,abnormal
2024-01-01 00:00:01.850,2.0920805238556284,-3.395944456657487,1.8591122313695343,-0.09459764839764037,-0.29336797870195785,-0.06357020271753382,abnormal
2024-01-01 00:00:01.860,-0.033622137150906645,-0.6971691690106071,1.4070002137934279,-0.2132202556743912,-0.4489559100330155,-0.5469290465849258,abnormal
2024-01-01 00:00:01.870,0.3504368156449297,-1.1958501936698256,-0.5225035023134773,-1.185438541051832,2.3019422082896273,0.5956269101182673,abnormal
2024-01-01 00:00:01.880,-0.22611424620365922,-0.20516324623280335,1.2501435015495883,0.37014849295680374,-1.0557044946902419,-0.4316193195552237,abnormal
2024-01-01 00:00:01.890,-0.37897715132899945,-0.1278532165145397,0.2521399434369688,-0.304230907038666,0.15569814788012606,-0.4559220282403467,abnormal
2024-01-01 00:00:01.900,1.9014973645790785,1.814255851015314,0.578126575024832,0.5397312277415223,0.1552464971590437,0.12692272366509255,abnormal
2024-01-01 00:00:01.910,-1.050960106098826,-1.1252177756755761,1.5218617416944515,1.5295610658572256,-0.29666214075713665,0.4794897966301763,abnormal
2024-01-01 00:00:01.920,-1.284174879846334,0.036229995167811196,1.2088384559266454,0.2340393882951226,-1.2645461486329441,-0.1871407307089365,abnormal
2024-01-01 00:00:01.930,0.8835522194870371,0.15467642001637774,2.004863160086519,0.035432284057995,0.9623965611933127,0.16026618104323304,abnormal
2024-01-01 00:00:01.940,2.071849063279168,-0.5126201032235639,2.4704438696800413,0.21941942032372944,-2.300477481130506,0.5265423908442338,abnormal
2024-01-01 00:00:01.950,0.002837924783543141,1.1694457985917321,2.696853502599798,-0.8404674408380955,0.03983251017473502,-0.21775094875809156,abnormal
2024-01-01 00:00:01.960,2.5436721470267236,0.2790669251317801,2.981022162051367,-0.5266900985280695,0.7296833321353198,0.7583662974075865,abnormal
2024-01-01 00:00:01.970,0.8347722594976276,-1.632665205785718,3.98332432515976,-0.38261146407298674,0.6489490676985717,-0.29524615759100337,abnormal
2024-01-01 00:00:01.980,-0.551982551354046,-2.6038734901706504,3.953985034485398,-0.31248166716852105,-1.614693342716288,0.2535037885972009,abnormal
2024-01-01 00:00:01.990,0.6117029623808428,-0.32806841436191997,4.256524357341626,0.2686877339774868,-0.5473822984271555,0.30030370445192756,abnormal
2024-01-01 00:00:02.000,1.2896706084248517,-2.4413671659333436,5.320072841577155,0.5238758282315747,0.02137170010378842,0.379214846363552,abnormal
2024-01-01 00:00:02.010,0.8591374767280194,-0.39279001554948684,4.482122514693277,0.2798385144757778,0.30872797316940437,0.24122130657136312,abnormal
2024-01-01 00:00:02.020,-0.20653590646908215,-0.41485725373834054,4.915413106085835,-0.6885318639985499,0.6939163220041559,-0.11389557820067768,abnormal
2024-01-01 00:00:02.030,-1.458232631385666,-0.6989511010857395,5.375330714328688,-1.9853873990693027,-1.2088308546487185,1.0107726527835783,abnormal
2024-01-01 00:00:02.040,1.2361629935173,-0.6143299924803096,6.068115624823148,0.0012847170790039153,-0.1958648203194382,0.6081044164166215,abnormal
2024-01-01 00:00:02.050,-0.49318928713914345,0.7428756643889713,5.033486138060386,-0.6300135970283443,0.2555881998137917,-0.44167460467436703,abnormal
2024-01-01 00:00:02.060,0.5358801003566002,-0.9078117808583671,6.11015222727943,0.4550079225090565,0.6063707686103273,0.3560776367207062,abnormal
2024-01-01 00:00:02.070,0.4366492647116866,-1.168732210803947,6.790781922122573,-0.013134057881760875,-0.546186324058729,-0.34548612883502705,abnormal
2024-01-01 00:00:02.080,-2.6048421579454692,0.3566162442038442,6.61619545279529,-0.7191058206932358,-0.9892173897023092,-0.4139284417144783,abnormal
2024-01-01 00:00:02.090,-0.6967215087427903,0.7574334141435872,7.208211795584077,0.016981426663135776,-0.5382641047802783,-0.2432667520393319,abnormal
2024-01-01 00:00:02.100,1.8915021600414197,-1.5012507274862108,5.834257911438559,-0.5361018321907237,0.2928318364146521,-0.37706006130154396,abnormal
2024-01-01 00:00:02.110,-0.5892416484539579,-3.3410110044375316,7.399147515775723,-0.006997345463253152,0.27011357623087867,-0.13764553918556463,abnormal
2024-01-01 00:00:02.120,0.34953152866421794,0.018190148698462947,7.665442930532928,0.5520202551669366,-0.38569696930369035,-0.11142671820603615,abnormal
2024-01-01 00:00:02.130,0.1686325220059167,-0.5463321362264038,7.069462932571855,0.5557635051009726,1.0380775594108478,1.0121113892333522,abnormal
2024-01-01 00:00:02.140,-1.1067382368849135,0.2773145498281855,5.805417349187925,-1.307742049335137,-1.3230552781175446,0.6311991900136894,abnormal
2024-01-01 00:00:02.150,-0.864344408587019,0.8904941167454664,5.139505239593132,-1.4728609376814579,-0.18783639092280313,-0.617070926989634,abnormal
2024-01-01 00:00:02.160,-0.9195747878671585,1.306932772035936,5.6823827337679065,-0.09763381144858467,-0.330856012926675,-0.21575910174193855,abnormal
2024-01-01 00:00:02.170,1.1091060746204782,-0.563872949846605,7.2561193788690534,-1.2225457520439096,-1.3679094531671085,-0.030109049439318497,abnormal
2024-01-01 00:00:02.180,-1.160756885517378,-2.035682501200969,6.693457910518567,0.05425330810079372,1.4258368080904391,-0.8493365715386731,abnormal
2024-01-01 00:00:02.190,-0.6563913515844607,1.2929226392391067,6.451922491990048,-2.252726510545688,-0.491700088768113,-0.43720484095391926,abnormal
2024-01-01 00:00:02.200,1.9960346382527798,-1.0362055787804705,6.844702545388483,-0.8250125471863841,1.335593034307113,0.3939872977524793,abnormal
2024-01-01 00:00:02.210,-0.4096266705426305,0.6040173569857671,5.355327177792943,-1.5244588891792048,-0.4937406837849796,-0.41945382639827966,abnormal
2024-01-01 00:00:02.220,-1.7750440373148562,-0.4627596024303777,5.416858001753673,-0.9397958086095911,-0.026735675633336876,-0.4736169959233396,abnormal
2024-01-01 00:00:02.230,0.7573439200008004,1.2051621271501083,4.58021168176473,0.10062565578490759,0.28868097783890995,0.004033430559726336,abnormal
2024-01-01 00:00:02.240,1.5702659391620934,2.2863404662539346,4.3990473719587,1.2794806228642772,-1.3565778851599286,-0.08806546813838033,abnormal
2024-01-01 00:00:02.250,0.6748287952759936,-0.9034736109563509,5.093953467789656,-0.1148959068678633,-0.16712801257659005,-0.7092858537627267,abnormal
2024-01-01 00:00:02.260,0.3591868179966777,-0.7503436478551516,4.687579718044107,0.05722219455648864,0.3538492800929185,0.5590018365656683,abnormal
2024-01-01 00:00:02.270,1.3476811552448738,-0.2610723172664407,3.7119933027697383,0.03152005888880863,1.154961498157465,-0.7635792778898974,abnormal
2024-01-01 00:00:02.280,-2.3941849047213197,-0.6873687652387938,2.810772488065193,1.7326967851942616,1.9787823347042293,0.11905139221471785,abnormal
2024-01-01 00:00:02.290,-0.8218865150050977,1.1003601534341105,2.587773772004749,-0.35624547189732747,0.085071743706122,-0.3577165798036902,abnormal
2024-01-01 00:00:02.300,-0.802512917883585,0.5279129672723842,3.7130620877100595,0.4315545690176454,0.3479738527270964,-0.2464138634229344,abnormal
2024-01-01 00:00:02.310,1.0886040170874642,0.5912694554148835,2.2335289852997544,0.10314998355345312,0.39316678767123225,-0.5648987673364116,abnormal
2024-01-01 00:00:02.320,0.06538840704341063,0.9475079392117066,2.740787426587568,0.6262317732950161,-1.2506798884889239,-0.30171759756220795,abnormal
2024-01-01 00:00:02.330,-0.7961904762199472,-2.7290099316469263,1.5809687839714315,0.8142182063462893,0.37452589113139695,-0.15495636735138268,abnormal
2024-01-01 00:00:02.340,0.3065114881557199,1.4719459552012433,0.5929633372313016,0.41256414233892746,-0.05525088883894941,0.9143518769935093,abnormal
2024-01-01 00:00:02.350,2.614781706448615,1.665877903439063,-0.9655932794233264,-1.0651426736077667,-0.8392800727096692,-0.06681902933756485,abnormal
2024-01-01 00:00:02.360,0.7859554006222293,0.5058210414330184,-1.3776859979321183,0.7425622957642665,1.0325847628950657,-0.6505722045072782,abnormal
2024-01-01 00:00:02.370,2.2328405718263373,1.1993424009535611,-0.5441172064351628,0.29588812765387645,0.2276470897783434,-0.4316691700780574,abnormal
2024-01-01 00:00:02.380,1.165296073470956,-0.7898058746951423,1.4794805200634054,0.502237202877273,0.45258447346657543,0.6367067471854235,abnormal
2024-01-01 00:00:02.390,-0.18062480882377255,1.51744462798854,0.9592884618155496,1.1102964213988973,0.15853656882320658,0.24107366142596626,abnormal
2024-01-01 00:00:02.400,0.46113521700513344,-0.9702211434757793,2.000904418151869,0.7095318613980719,-0.20476923166176392,0.5052392360546759,abnormal
2024-01-01 00:00:02.410,1.0523833809534926,-0.21049556710876546,1.5110550935930656,-0.4051338714783124,-0.18491111055256262,0.505925873129406,abnormal
2024-01-01 00:00:02.420,-0.6345861721800578,0.2790689405977139,2.769527611549261,1.2891102073347351,-0.5055982196149728,-0.11096088553460266,abnormal
2024-01-01 00:00:02.430,1.121328920156488,1.2982169404179704,3.1885633836282024,1.291709643826665,1.278155779743362,0.0030699644314328965,abnormal
2024-01-01 00:00:02.440,-1.725612608880206,-0.7625042055236709,4.143279750763737,-0.8560568687554718,-1.003880043873908,-0.029340548579642186,abnormal
2024-01-01 00:00:02.450,0.7170187289017325,-0.19064023414398282,3.687036854860307,0.5569283271009725,-0.20991605318395787,0.07518253543789193,abnormal
2024-01-01 00:00:02.460,-1.0830563162978146,0.12398717558906257,4.019249086251084,-0.5200917726522558,-0.4620317679414168,-0.5978642907285603,abnormal
2024-01-01 00:00:02.470,0.34356374031627257,-2.1757489563806556,5.579931396608534,1.5698489178522737,-0.14477729295155775,-0.49456833214515133,abnormal
2024-01-01 00:00:02.480,2.9522506514697135,-1.0235916498758848,4.740523700653986,1.3648629391969593,0.15127978905215222,0.05426703293295463,abnormal
2024-01-01 00:00:02.490,0.7131702485001249,-0.9135323170963797,4.599271038236098,-1.5389773318539142,-0.7845767650470667,0.29771679619300234,abnormal
2024-01-01 00:00:02.500,0.587088114332857,-0.31116347574931225,6.354345359065041,0.8865357332546617,1.5229376766703333,-0.33577599476668096,abnormal
2024-01-01 00:00:02.510,-0.20427113092565038,-1.1744868243720004,5.796477042604467,-0.6748087899352894,-0.1401279297564457,-0.0002718979131510737,abnormal
2024-01-01 00:00:02.520,1.2349409959795175,2.721197336334814,6.0495703729669374,0.30744385241959543,1.097042306332593,0.556000346573432,abnormal
2024-01-01 00:00:02.530,-0.3772032155369816,1.085888464373898,6.741446563896547,0.7015006085590055,2.0005337059735058,-0.7874846786834686,abnormal
2024-01-01 00:00:02.540,-0.3766848023042343,0.8139205153396624,5.518421072732318,0.4565912337944178,0.6773309893846083,-0.2343060423361451,abnormal
2024-01-01 00:00:02.550,-1.0538235971484766,-0.6641199801442533,7.231752611573896,-0.9391200156695199,1.0852602294600826,-0.1775484817120287,abnormal
2024-01-01 00:00:02.560,1.8932922688584588,0.002512576011696146,7.875226577215194,-0.854376427111388,0.6254685620463469,-0.49843860597186046,abnormal
2024-01-01 00:00:02.570,-0.20367748343295672,-2.133910382611509,7.242822779034328,-1.697674347446314,-0.675027703888457,0.9494226846085896,abnormal
2024-01-01 00:00:02.580,0.23377196758500632,-1.721464205338598,7.682483038666087,-1.1914539180045471,-0.06789841095143405,0.17198073979020878,abnormal
2024-01-01 00:00:02.590,2.359281842734051,-0.8706530613730851,6.414851537350202,0.26565225879254045,-0.6050484615874715,-0.08278124666245502,abnormal
2024-01-01 00:00:02.600,0.9056321581577172,0.27490995762064757,6.323670248393226,-0.4414203586703656,-0.4864151812218717,-0.3847336938100993,abnormal
2024-01-01 00:00:02.610,0.13402146966701853,-0.633484490883902,5.801047243940458,-0.5357330500455355,-0.2904844246315381,0.7140438296215927,abnormal
2024-01-01 00:00:02.620,-0.41038998217084904,0.046120112287367995,6.475493186945976,0.3034349089685994,-0.23733115023869306,0.29833780152229333,abnormal
2024-01-01 00:00:02.630,0.4480869296720122,-0.32469871250830573,6.3063451226201055,-0.4066362665874371,0.10364721299473824,0.08902762269086315,abnormal
2024-01-01 00:00:02.640,0.8516229871133663,1.5558278731631974,6.952376827884521,-0.028364445149005848,-0.9579889386518438,-0.5506621549233127,abnormal
2024-01-01 00:00:02.650,-1.2592029776933626,1.1824931055122287,5.527545749767703,0.33946382419262844,0.20961555461475032,0.19869256176117633,abnormal
2024-01-01 00:00:02.660,-1.0570520915711452,-0.5235934538115722,6.389249282092191,0.4005054748031104,0.04091700765764499,0.6865097589432053,abnormal
2024-01-01 00:00:02.670,0.17879761817840803,-0.34964131261470094,6.246002703429421,0.6339460536830018,-0.905058808247145,-0.42587915668470233,abnormal
2024-01-01 00:00:02.680,0.5033204387768461,-0.30009006444195724,5.904393851727102,-0.20688025140034227,-0.7701176504810459,-0.3601930691784146,abnormal
2024-01-01 00:00:02.690,0.6647850008219692,1.0833004472046666,4.55645005006365,-0.2871258467834553,0.6216844777777857,0.4079701155901528,abnormal
2024-01-01 00:00:02.700,-0.270661088332282,-1.3389149900436677,5.149967402123861,-0.3269183084745738,-0.04266908249087186,0.6351369766005905,abnormal
2024-01-01 00:00:02.710,1.2063770702766916,0.07154546030037251,5.155119505524793,-1.1299383337280924,0.864729309494689,-0.13162123409248858,abnormal
2024-01-01 00:00:02.720,0.5923946759162639,-1.8041125150966102,5.215207160116884,0.47930877558058466,0.409755141528697,1.0047134717776955,abnormal
2024-01-01 00:00:02.730,-0.4738272582619754,-0.647668884083664,4.111632908070241,0.8839900870622361,-0.4756560804837486,-0.8118022112734935,abnormal
2024-01-01 00:00:02.740,-0.15971144633686493,-1.841644826674466,3.599243135703931,-0.17636334356113317,-0.028317582465824866,-0.3419051244304268,abnormal
2024-01-01 00:00:02.750,0.05917057980339442,0.6389941040614444,4.138119649650097,0.9319369859283582,-0.44585609638046075,-1.465543969694453,abnormal
2024-01-01 00:00:02.760,-1.8184436312598207,-0.31040877093821123,2.7865198965328095,0.0484295247783055,0.2836967597375698,0.19086760405007447,abnormal
2024-01-01 00:00:02.770,0.37425462244384894,1.169884538989386,2.099784028333329,-0.7329469943876804,0.9108223001193434,-1.2298027083133687,abnormal
2024-01-01 00:00:02.780,1.1427654204433026,-0.24053697156709372,2.935965383039811,0.9216344289515265,-1.1843537124168042,1.000125598835958,abnormal
2024-01-01 00:00:02.790,0.2762114878581311,0.17921554816261662,1.640679850176802,-0.2386998809986408,0.2457221246374673,-0.8147918103138418,abnormal
2024-01-01 00:00:02.800,-1.5731712317368773,-1.2005837338256298,1.2729262666522208,-1.1391872170643274,-0.13593380048544398,0.9433305879383985,abnormal
2024-01-01 00:00:02.810,-0.3500504761989435,-0.11839522685563739,0.8272869536960582,-0.19030708664667467,-0.6937318496620672,0.9452788920617025,abnormal
2024-01-01 00:00:02.820,2.1652132936342454,0.21977869918353418,1.2416059784385594,-0.2406590221557824,-1.0583458934643653,0.16176772602604933,abnormal
2024-01-01 00:00:02.830,2.799801172454787,1.5199727817049014,0.007791313558783958,-0.8650581069192906,-0.3084331009810375,-0.12136918964669399,abnormal
2024-01-01 00:00:02.840,-0.893811158078007,-2.0906213879880724,0.27944218709718155,1.144804959945051,-0.8303266306141721,-0.11653102961180188,abnormal
2024-01-01 00:00:02.850,1.180771190541278,0.015069319847182802,0.3486103490476105,1.1632159386933565,-1.3543955238001688,0.22127393783705424,abnormal
2024-01-01 00:00:02.860,-0.0354164473247873,0.922723108130279,0.715771982607662,0.3373698071481929,0.21595814882539563,0.006028280097743156,abnormal
2024-01-01 00:00:02.870,0.8947878179228479,0.9659136096937532,2.3317495238552723,-0.8744088384553482,-1.532996023763917,0.006682036599406884,abnormal
2024-01-01 00:00:02.880,-0.03209774059110835,-1.4965945514147831,1.5845386678414821,-0.5406623587409646,-1.4512216881317463,-0.7052530456970463,abnormal
2024-01-01 00:00:02.890,0.6164603103903166,0.1765634466969758,2.979348114095477,-1.0097640903174445,0.03323571431136874,0.7301284189089491,abnormal
2024-01-01 00:00:02.900,-1.3660552061657059,-0.8123645563154843,4.329161480588439,0.16157234355160208,-0.2768762747786046,0.16761346956169174,abnormal
2024-01-01 00:00:02.910,-2.0113324235271564,-0.14973810184426262,3.7571843888400767,1.4938289040127162,-0.18090081410489045,0.0518445315759477,abnormal
2024-01-01 00:00:02.920,0.18724773359432942,1.675131871726855,3.851502439251203,1.1342981505719212,0.3806352408993288,1.2426033327500008,abnormal
2024-01-01 00:00:02.930,0.34837925570990735,0.12773511821049213,4.274719505601572,-1.103096767618092,0.7816271715915802,0.5469886517464033,abnormal
2024-01-01 00:00:02.940,0.4167323295588249,-0.6158302943722721,4.578257163285284,0.22959830186808158,-0.04182338537082555,-0.7698373148397718,abnormal
2024-01-01 00:00:02.950,-0.6321126157376011,0.7727070211435928,4.955792976653319,-1.0549607387572215,-0.6049629067705327,0.6876599600958567,abnormal
2024-01-01 00:00:02.960,-1.2370127249329708,-0.1935996370940347,4.606622387927945,-0.3931214389336509,0.038606210733414824,0.3301372620551267,abnormal
2024-01-01 00:00:02.970,0.7222054228689793,-0.8337681093298556,6.233127355572775,0.7913787028509579,1.2156662286904671,0.3987821083832812,abnormal
2024-01-01 00:00:02.980,-1.9360174528187084,-1.0616161996540077,6.5515694825394695,-1.2872267340463062,0.32407120810093554,0.5286981155508047,abnormal
2024-01-01 00:00:02.990,1.3069535200778037,0.49263310632985846,5.426231942687009,-1.4852713669039637,-0.017403496327414645,0.032971251754960164,abnormal
2024-01-01 00:00:03.000,-0.40512839889601415,0.9227420709629978,6.693391278872381,-0.16600934654419006,0.03351306374466362,-0.31320622662503134,abnormal
2024-01-01 00:00:03.010,-0.8884562341259911,0.9695377947003875,7.073985917470829,-0.4903762425249474,0.7193347123671457,-0.027371553286900798,abnormal
2024-01-01 00:00:03.020,-1.4805430259844794,1.8562435007461002,6.642086640628426,1.2796056113860308,-1.895764191020136,-0.04404363903058821,abnormal
2024-01-01 00:00:03.030,0.6768303730639461,-1.262405733448355,5.754499208232096,-1.1002378717454722,-0.04414913018312548,-0.3602248581579351,abnormal
2024-01-01 00:00:03.040,-1.3973715941232783,-1.0695473931196513,6.960442283871272,-1.6071308436442646,-0.05144829483746196,-0.24042826471944445,abnormal
2024-01-01 00:00:03.050,0.9300105427410006,0.8576997289023828,7.113844024041982,-0.5221892150177312,0.8070210267596584,0.2702154135241695,abnormal
2024-01-01 00:00:03.060,0.8557399276117928,-0.8379911238682517,6.788967243054682,-0.5754581896726976,-1.0674744742119562,-1.100816944374258,abnormal
2024-01-01 00:00:03.070,-0.8784817917181851,-0.9098343815726743,7.230269481758292,0.08294481670728293,-0.8080816711590412,-0.8205934749785826,abnormal
2024-01-01 00:00:03.080,-0.8120916905142735,-0.6207794372774352,6.254919747466254,0.11661945396383253,-1.2651207280903678,-0.33040656372390326,abnormal
2024-01-01 00:00:03.090,0.30979322631393025,-0.0927105758852645,6.72878114652011,-1.8804786008733703,-0.627623217527166,-0.6205360888822997,abnormal
2024-01-01 00:00:03.100,1.1770262541429086,0.28307523857183126,8.105134696542416,-0.9063878877193183,0.5191349738526816,-0.4166455769090871,abnormal
2024-01-01 00:00:03.110,-1.2008246584135818,-1.4634754210791387,5.596348137005165,-0.6321110687431339,0.45400552875696454,-0.2933230722657148,abnormal
2024-01-01 00:00:03.120,-2.542267051460278,-0.8007984474180928,7.641482752381783,0.014309339805261221,0.21982277933081282,0.12288696301586431,abnormal
2024-01-01 00:00:03.130,-1.2043448076445853,-0.5677858188741476,5.521070017343292,0.07313521903334035,0.04028125790663201,-0.49724938765582716,abnormal
2024-01-01 00:00:03.140,0.3991061476212561,-0.5273019546699048,5.4135490654098986,0.2857838752736877,0.8723055832705885,0.12682127805222815,abnormal
2024-01-01 00:00:03.150,-0.2984091779461197,-1.7808915435267125,4.739752128258069,0.09001765890041566,-0.1353847147206896,-0.015129068694752177,abnormal
2024-01-01 00:00:03.160,0.8876621163336006,-0.5755634156555649,6.1746953805700535,-0.7075300125259156,-1.6626619132791154,0.15435714228759423,abnormal
2024-01-01 00:00:03.170,0.6021265326641984,1.6820800942987084,5.716536965949244,0.582076685990814,-1.029843484743726,0.9118204591112405,abnormal
2024-01-01 00:00:03.180,1.0353547937808358,1.807874039844443,4.693955174965255,0.9361030065476479,0.4030592298195317,-0.07407033299436833,abnormal
2024-01-01 00:00:03.190,-0.22087299540973926,-0.6460102800514984,5.451539755778768,0.47210663000220787,-0.48573536560614855,-0.12244460979968425,abnormal
2024-01-01 00:00:03.200,-0.2775445636757872,0.6563554613844734,3.606482509945929,0.0028021250490279977,-0.25583648336454196,-0.5824023971092348,abnormal
2024-01-01 00:00:03.210,-0.814679789880589,-0.36047369762604714,3.8083375815585097,0.30991467968820124,0.10121681549625863,-0.006105352076398442,abnormal
2024-01-01 00:00:03.220,0.3300698142133259,-1.557590870989258,3.2017657944795666,0.2847822710634877,0.40916039491260126,-0.17791283048063114,abnormal
2024-01-01 00:00:03.230,-1.5904001066379183,-1.122892991982641,4.2038426926718815,-0.9931255515212349,-0.5201989792119205,-0.870673997603938,abnormal
2024-01-01 00:00:03.240,-1.4868638039867181,1.217894139588582,2.549275189508018,-1.060464983171816,-0.08223517828124531,-0.38409215022495835,abnormal
2024-01-01 00:00:03.250,-0.6382266073345865,-2.198452989315579,2.9055735440557457,0.8172474635131156,0.9692427719829652,-0.7300174719709367,abnormal
2024-01-01 00:00:03.260,1.7418471920104703,-0.71511995740379,1.890378919925896,0.18716341867478078,0.199272095288259,0.7324178710231287,abnormal
2024-01-01 00:00:03.270,-0.0477382347524625,0.21595869871698278,1.0574896651047347,-0.9526517695508239,0.48590162062232706,-0.41706967554734337,abnormal
2024-01-01 00:00:03.280,-1.2546538226453479,1.492797257140621,1.4444102828151402,1.3740291638067976,1.2559998076927117,0.45446445787178524,abnormal
2024-01-01 00:00:03.290,0.4363614514735187,-0.06311377343514389,0.8828072716649127,-1.1159037768548135,-0.41628525902625213,0.600810082960351,abnormal
2024-01-01 00:00:03.300,0.7906175900748632,0.9727851294114982,0.5657134299626427,-0.5366674567080817,0.6998746830401229,-0.3100303753707363,abnormal
2024-01-01 00:00:03.310,0.7007465721757241,0.9004236787802636,0.9904713377550007,0.4426105861699946,-1.79223690783071,1.0115549182314478,abnormal
2024-01-01 00:00:03.320,-0.22939358742531257,1.7139604998215887,1.7583161576030926,0.4478301059710938,-0.2707547814021466,0.44392842220449574,abnormal
2024-01-01 00:00:03.330,0.7348670936849625,-1.5792922644285263,0.8191141837717759,1.4135125068967787,-0.7926992345713876,-0.08161905186285218,abnormal
2024-01-01 00:00:03.340,1.7405611853849612,-0.02577236357092622,2.0574104163307334,0.09305307915680336,-0.7317816087507129,-0.6861580211074159,abnormal
2024-01-01 00:00:03.350,0.1844009947723314,0.2902717612870823,1.6857116486234944,0.33687567551431713,-0.5972083080779859,0.5497082261171443,abnormal
2024-01-01 00:00:03.360,1.81027161810358,-1.9123421051449272,2.790916981921656,-1.6644646421660587,0.9470871362628723,-0.02018507486567522,abnormal
2024-01-01 00:00:03.370,0.5085956580648817,-1.381646731048777,2.6548441122068267,0.4815630973551301,0.7684005720253024,0.16542727654151568,abnormal
2024-01-01 00:00:03.380,-0.1252818337836402,-0.0456518391186645,3.7430167089280126,-0.1873040155239946,0.34226208115228546,0.01007315312794855,abnormal
2024-01-01 00:00:03.390,-0.324419483179148,0.5253170121454784,4.529410873681533,-0.26009178839952557,-1.1345638337705386,1.0533131095875772,abnormal
2024-01-01 00:00:03.400,-0.15672444865793295,0.9925679412504875,4.130484082031101,0.1552983739222715,-0.5438275061358407,-0.1119269646476593,abnormal
2024-01-01 00:00:03.410,-2.1055363920800674,1.1466102691385531,5.21332268380386,-1.6463607908858295,-0.3902555776690342,0.010531203318595547,abnormal
2024-01-01 00:00:03.420,0.7873801097109396,0.6232822719389403,5.201759097749302,-0.6585799544354893,1.2881759394747316,0.6244131117104971,abnormal
2024-01-01 00:00:03.430,0.22979606910368083,-0.80127573071287,4.775484508655616,-0.3322492742731921,-1.3695943679113383,-0.2687844779470734,abnormal
2024-01-01 00:00:03.440,0.8564613783323997,2.0553414654030226,5.4026452706239985,1.1137482577843878,0.042077868019236596,-0.8656255565327106,abnormal
2024-01-01 00:00:03.450,-0.24498263162000855,-0.5443586611094209,6.189683454440019,-1.629591950286612,-0.5369305616069805,0.43929506465056334,abnormal
2024-01-01 00:00:03.460,0.9048473430006447,-1.4239022501243757,6.463208985160847,-0.8268192280536065,1.2496450296621813,0.2553963931710739,abnormal
2024-01-01 00:00:03.470,-0.2923701951425324,0.018099774755385576,5.211595927321563,0.24447998929778555,0.8146627088447309,0.23376629442437521,abnormal
2024-01-01 00:00:03.480,0.6465399137427182,0.76366497818351,6.137030670686093,-0.024415577035272522,-0.9420496252672576,0.11729974733096583,abnormal
2024-01-01 00:00:03.490,-0.4619113852560844,-1.2634570696471434,6.71934521018129,-0.13316202893175436,0.5926249909713664,-0.2817470669167472,abnormal
2024-01-01 00:00:03.500,-2.2593200793873023,-0.8366007812945323,7.438113893851063,0.45781065180025116,-1.2429140159832148,0.48341980954094044,abnormal
2024-01-01 00:00:03.510,-1.4500512188635948,1.150247315828318,7.200166775455981,0.7094724308603463,-0.35866682686692875,0.7028186127877979,abnormal
2024-01-01 00:00:03.520,-1.2731190219225295,2.163313775514425,7.149062329475495,0.37653432129403774,-0.4338900736048217,-0.8496178883177052,abnormal
2024-01-01 00:00:03.530,-0.35429431521640625,1.243913279189253,6.6709902362205264,-0.8333886150955973,-0.6860558129141875,0.9256280302868749,abnormal
2024-01-01 00:00:03.540,0.9387658106994194,0.7430640376707025,7.45005087568181,-1.437827973686297,-0.11472289387681622,-0.2317891322835646,abnormal
2024-01-01 00:00:03.550,-1.699533095467692,0.754468748058541,7.311239112563571,-1.321025977621006,-0.33425602450061026,0.06953537319925263,abnormal
2024-01-01 00:00:03.560,-0.5181644458667504,-0.6557035954509999,7.5371077521176355,-0.12492033410386674,-0.43068215134519644,0.27046627662154754,abnormal
2024-01-01 00:00:03.570,-0.000585081546090604,-0.5841370292034543,6.619340027568422,0.13169394550903965,-0.35296345967919046,0.13527289598419676,abnormal
2024-01-01 00:00:03.580,-0.5764670328091333,-0.49434709879585925,5.580947507827814,-0.13735649794686045,0.19786385246312188,-0.18333099541988357,abnormal
2024-01-01 00:00:03.590,0.23209992035707427,-1.9883001962385982,6.6988049579766376,0.8399841771492622,0.05192177481239533,0.938980425998359,abnormal
2024-01-01 00:00:03.600,0.24279869765515139,-0.5826907091828015,5.386720898011355,0.35456535902073244,0.8702202919619538,-0.5009761934136393,abnormal
2024-01-01 00:00:03.610,-0.6584535282133752,-2.331859466851464,6.52116739112724,-0.4444844499648174,0.9225281639957624,-0.9671378054422584,abnormal
2024-01-01 00:00:03.620,0.8845812167202902,0.5350386179887887,5.9106089438043,1.5003904115961217,1.5206511174242086,0.16999450405821706,abnormal
2024-01-01 00:00:03.630,-1.3851096113651185,0.3852089353059108,5.0581170193529905,-1.7316718119102585,-1.895123364647004,-0.2803491672044196,abnormal
2024-01-01 00:00:03.640,1.5010091939139532,0.18359497280179074,5.704673444624685,-2.7214677084070567,2.023242745165581,0.22435083367798203,abnormal
2024-01-01 00:00:03.650,-0.3180211298203716,0.22656031022466816,5.293453917971056,0.7171929237862902,0.9526235798782221,-0.8746637686700969,abnormal
2024-01-01 00:00:03.660,-0.6493136226134332,-1.206350873526489,5.241627587625594,-0.3152703990738353,1.4180030195158384,0.10315415364978527,abnormal
2024-01-01 00:00:03.670,-1.7837113133536167,1.4921124159033898,5.345955459897122,0.10478914330017293,-0.7108511084501653,-0.0311113280624029,abnormal
2024-01-01 00:00:03.680,0.6414382057047038,-2.9522148073921355,4.41730781510933,0.07049179176488941,0.7621652975786656,0.7948137441974628,abnormal
2024-01-01 00:00:03.690,3.4445797003986454,-0.05808196855921395,3.39977163976282,-0.9139221964262076,0.3272627318680237,1.0607893433554128,abnormal
2024-01-01 00:00:03.700,-0.9653840679171628,-1.4863107847503623,3.140307419142641,1.3861492918601548,-2.2327915832337335,0.26127009143383917,abnormal
2024-01-01 00:00:03.710,0.5664039606805586,0.06483591488385883,3.4059596442215243,0.8684067656362123,-0.7207315276361697,0.513677681601804,abnormal
2024-01-01 00:00:03.720,-1.1052013132588445,-1.6606275773582693,2.7866875557100834,-0.18370417557134613,-1.3821361728432657,-0.06098711401337231,abnormal
2024-01-01 00:00:03.730,-0.07298773649994646,0.6103766399259456,2.0008847897265567,-0.9515004930526384,-0.36129119766512724,0.11344209220511006,abnormal
2024-01-01 00:00:03.740,-0.8301885564395467,0.9044905444481461,1.3466906583794633,-0.9566999113687752,-0.5618022998287586,0.5448771988256248,abnormal
2024-01-01 00:00:03.750,0.7902175481569808,-2.3088988893079185,1.3901578169037814,0.2500472259027999,0.7516848628660561,0.6344905556069989,abnormal
2024-01-01 00:00:03.760,1.508263470135885,-0.6093499929314236,1.4669496556704766,1.5914072704443813,0.15026423825846386,-0.04920686304931871,abnormal
2024-01-01 00:00:03.770,-0.253273463092819,-0.15290201389372632,0.46215638627461275,0.7762099490492103,-0.5733962623931048,-0.1326518314550966,abnormal
2024-01-01 00:00:03.780,1.985800393394413,0.6486734948362333,0.5789768429798229,-0.45722264608405466,1.130199797097412,-0.576868780172608,abnormal
2024-01-01 00:00:03.790,0.41893088042033183,-0.9632501074919299,0.04186485535711004,0.28780903032963273,-0.4791448497747717,-1.091001222687347,abnormal
2024-01-01 00:00:03.800,0.28886089924752034,-1.4461445135744901,1.4681520446149028,-0.54475180577936,-0.9829658720405072,-0.6051106272646503,abnormal
2024-01-01 00:00:03.810,-2.918343475975965,1.4795949108111879,1.3261854405959275,0.06546245509726391,0.9651371227508089,-0.4767067614511076,abnormal
2024-01-01 00:00:03.820,-1.21349651464382,-0.22136086678369413,2.8034545421525716,-0.021014152735731755,-0.15544045618697738,0.5736499721876666,abnormal
2024-01-01 00:00:03.830,-0.14418754127306097,-0.6850840651999466,2.2704214107826317,1.0290183100397856,-0.30412700552382477,0.05656028390848991,abnormal
2024-01-01 00:00:03.840,1.6976215205244662,0.2503630515757908,3.454439630915089,-0.530578400462759,-0.20861496359560844,-0.13400553030606963,abnormal
2024-01-01 00:00:03.850,1.3006362311570128,-1.725879611389306,2.203774423173865,-0.20608336680475908,-0.07205318220154219,-0.07982847632706107,abnormal
2024-01-01 00:00:03.860,0.12377213773962915,-0.8815192254436582,3.4275065113212086,-0.5996677713571562,-0.09600483466711678,0.05323227299191998,abnormal
2024-01-01 00:00:03.870,-0.24746783831749214,-0.17375307678752835,3.7973180380932274,-0.5432309825686872,-0.7984642658154916,-0.11864598672173912,abnormal
2024-01-01 00:00:03.880,-0.612605530140101,0.7860989270671909,4.478859495206746,-0.42993322654377336,-0.08503272991091482,0.1856215626469133,abnormal
2024-01-01 00:00:03.890,0.05590358415642174,1.4896547162608134,5.385809758097932,0.7974195902432979,0.5117613577356015,-0.7608068210753547,abnormal
2024-01-01 00:00:03.900,0.18354188659107212,0.2600640794187432,6.122791419670786,0.27326834357012403,1.1966810178229133,0.966878331370389,abnormal
2024-01-01 00:00:03.910,-0.3295021636039561,-0.7830909629824304,5.930516144354089,0.09005983127284795,-0.7605066146418689,0.02980352781758917,abnormal
2024-01-01 00:00:03.920,1.3857364446020954,-1.1037553314583033,5.0270724588085,0.33822637871082206,-0.31067992857546567,-0.07133824017789263,abnormal
2024-01-01 00:00:03.930,-1.7894029575461134,-0.8274136991600883,5.7063946633737785,-0.5645885563805554,0.26233797356517863,0.34991492391925577,abnormal
2024-01-01 00:00:03.940,0.2503717558670232,-1.8980027513050204,6.957960728849483,-0.7939444093218323,0.2724674168720175,0.07106314817184103,abnormal
2024-01-01 00:00:03.950,0.16576869444534945,0.4414423482405521,6.191348190379671,0.9869813355590566,0.23554520215281455,0.4176283993734055,abnormal
2024-01-01 00:00:03.960,0.04913342534103157,0.9258349723471,6.596898068501603,0.07467934821008736,0.20307798819748804,0.9536475273623934,abnormal
2024-01-01 00:00:03.970,0.11552961338269509,-0.13605321288025543,7.103716140272882,0.881162958377045,-0.7174237716067935,1.2245878375698478,abnormal
2024-01-01 00:00:03.980,0.5321148528456784,-1.5472984670403476,7.194445052098863,-0.33274786432674075,-0.8023596808377361,0.3977211096017369,abnormal
2024-01-01 00:00:03.990,-1.6554920693823345,1.624621975832747,8.507326838026831,1.1494704866983227,-0.30315415041917065,-0.26767129442440013,abnormal
2024-01-01 00:00:04.000,-0.33320606697580674,1.5406129048534147,6.888731077866946,-1.430262652982053,0.630085336312425,-0.5599889201631622,abnormal
2024-01-01 00:00:04.010,-0.6343649806358428,-0.3213172132571559,7.361728242387351,-0.00458889869123009,-2.5703928518250474,0.4567734510933985,abnormal
2024-01-01 00:00:04.020,-0.12938850270838692,-0.6591861474936129,7.877116341855278,0.013068311063996824,1.0150452188700136,0.43774761739430257,abnormal
2024-01-01 00:00:04.030,-1.0991210436519177,-0.1736108382417716,6.762089117296507,-0.44540426601317407,1.6529985213950622,-0.38123813032415754,abnormal
2024-01-01 00:00:04.040,-2.047283403731353,0.8901063490505488,7.256117495713414,-2.1971067849919557,0.07730899929208336,0.3666571902305797,abnormal
2024-01-01 00:00:04.050,-0.08502833790616658,0.9329416927175839,6.889290712787912,-0.38963623900328576,-0.723107860543663,-1.276681381874098,abnormal
2024-01-01 00:00:04.060,0.022927258116777708,1.7903886208691577,5.662458706293261,0.7062184058379339,0.2182465682723498,0.5528383274476171,abnormal
2024-01-01 00:00:04.070,-1.4997675708204923,-2.108004505395001,7.477216310034677,-0.39965095061882333,0.1510749241957367,0.2677308221597323,abnormal
2024-01-01 00:00:04.080,-0.5588839761327403,-0.6225100116493193,6.775784703389313,-0.22627226589781685,-0.061082219039369785,0.6298746106084803,abnormal
2024-01-01 00:00:04.090,-0.030353430089000606,-1.2782271330011281,6.07260871975037,-0.8669136832657386,0.4408484483639965,-0.03316362851885674,abnormal
2024-01-01 00:00:04.100,-0.19028458850263838,1.3499361038117772,5.2828967390239105,-0.33429580108430984,-0.8817389253073601,-0.45383289503167806,abnormal
2024-01-01 00:00:04.110,-0.3784442152418641,1.3706754544962172,5.990574206707377,0.5802308332591204,-1.0072554665762519,0.06891043841696506,abnormal
2024-01-01 00:00:04.120,-1.3712853636060967,-1.1334532242366888,6.586282337562931,-0.9481752860211045,-0.003921468476873005,1.1634452042490606,abnormal
2024-01-01 00:00:04.130,-0.08592685227548492,-0.27295341694050196,4.427037634104762,-0.5855589854907377,-0.3097157383747813,-0.4603116270330958,abnormal
2024-01-01 00:00:04.140,0.21801199949299313,-0.5270649049283257,4.137643431537035,-0.5907629703809874,-0.0025422692213941545,0.6180058234162307,abnormal
2024-01-01 00:00:04.150,1.001530031580839,-1.034112642169965,3.7760008497579554,-0.8612617639555697,-1.0762967286241518,-0.15880210077634932,abnormal
2024-01-01 00:00:04.160,-0.3729617672721653,-0.6551730410231548,4.216382357815547,1.4165640045106822,-0.9687011676377948,-0.31156280428746863,abnormal
2024-01-01 00:00:04.170,1.0332126955040613,0.11759586792072622,3.465965793665821,0.3286550490111387,0.0412596101980169,0.3353389214141248,abnormal
2024-01-01 00:00:04.180,0.644153467402208,-0.24564470703426877,2.4991292424841034,1.1484459794287594,1.0346213047728576,0.6488350847170747,abnormal
2024-01-01 00:00:04.190,0.40298513612747244,-0.6124633104382213,2.8912048839496873,-1.1778229454039775,-1.1876377618848943,-0.3188763466172432,abnormal
2024-01-01 00:00:04.200,1.2134550995857756,1.9903106489271472,2.1252387609552597,-0.46314760266086274,0.9371822600099683,0.3044132578443453,abnormal
2024-01-01 00:00:04.210,-0.46787358203626506,2.1121336149339087,1.6306170339807817,0.6128343019876936,-1.4156153042593782,-0.11732798673870928,abnormal
2024-01-01 00:00:04.220,-0.312953419425214,1.870319113324301,1.649664469357317,0.7996153515980625,0.13565477768648612,-0.04989570828304035,abnormal
2024-01-01 00:00:04.230,-0.63923782296568,-1.275238283282029,0.8623477886446165,1.9957182687437147,0.027551253833420258,0.9364950442421592,abnormal
2024-01-01 00:00:04.240,-1.5614481140019252,0.7764109306636595,1.287005484265723,-0.22294681655102677,-0.3333642915687492,-0.07010528555730554,abnormal
2024-01-01 00:00:04.250,0.6011938758936509,2.102635400294734,0.21525831755990554,0.2734575805425866,-1.836475607337522,0.828042166846052,abnormal
2024-01-01 00:00:04.260,-0.4504709629857886,-1.286090511541027,0.3926359542584168,0.615267939490426,-0.15051641520711628,0.39736367547450185,abnormal
2024-01-01 00:00:04.270,0.7147629213951683,0.2196858791172014,0.24859023696191562,-1.3080662258731885,1.9688552979270475,0.27087412427215246,abnormal
2024-01-01 00:00:04.280,-0.8268413150625402,-1.0126855005212674,1.1589874765611803,0.6018268616288781,-0.4027578309501575,-0.1328968231373579,abnormal
2024-01-01 00:00:04.290,-2.4989738971670308,0.35762248949075187,1.8854364724826265,0.9074642755446025,-0.41437697497414344,-0.5087425244826221,abnormal
2024-01-01 00:00:04.300,-0.9554856578889448,-0.18717437023326167,2.0572198412429215,0.08471042705031492,2.626210794049436,-0.8639054025273469,abnormal
2024-01-01 00:00:04.310,-0.43718108640609477,1.4626060189554753,2.630368898715859,-0.18964490192474495,-0.20989952429160666,-0.2795772550633266,abnormal
2024-01-01 00:00:04.320,0.9104503725661788,-0.9117737999838358,4.612042067792179,-0.8768056949676829,1.2100187756851064,-0.17688682549298507,abnormal
2024-01-01 00:00:04.330,0.16523258135057,-0.673551389284203,3.0031121114217605,-0.817177968950182,1.3093664593357301,-1.5218247234081084,abnormal
2024-01-01 00:00:04.340,0.58562670943173,-0.028813422919714334,3.5067978823716786,0.689307755682876,0.27589173989214355,-0.4383981111998272,abnormal
2024-01-01 00:00:04.350,1.7595689789588127,-0.8985205597949472,4.234214779806712,0.14754051823555245,-0.5878637177635824,-0.11705187734039123,abnormal
2024-01-01 00:00:04.360,1.0005640695650435,-0.27725022947743133,5.14102097421211,-0.008129311672496862,-1.1601260148937231,-0.26583721892770734,abnormal
2024-01-01 00:00:04.370,-1.4064691915713643,-0.8826586901699462,4.785061498337248,-0.4771776930508619,0.36341257921395076,0.6266480825674079,abnormal
2024-01-01 00:00:04.380,0.2637334375773898,0.8360375769105072,6.4323200861498275,0.5447647032564878,0.5312295634057534,-0.9233660291619609,abnormal
2024-01-01 00:00:04.390,1.9740773616013945,-0.09506546430024608,4.658659310349079,1.0298782013038346,-0.2431059817594241,-0.5458278111436318,abnormal
2024-01-01 00:00:04.400,0.5865839563357116,0.5431499265143399,5.5051996691600396,0.9041518545870265,-0.6064483430819951,-0.34054873327218943,abnormal
2024-01-01 00:00:04.410,-0.8211147465590977,-0.17237429079724698,4.845854366739831,1.2489325737316914,-0.4041666714662242,-0.030696923810464075,abnormal
2024-01-01 00:00:04.420,0.4929113051458499,0.006836723342686796,7.301430513414068,-0.7609271743144568,0.6997939241186886,-0.22711520708267796,abnormal
2024-01-01 00:00:04.430,0.9120755557372862,-0.4362788061140854,6.339210304387883,0.7608679964578088,1.3676824617457848,-0.4105866603021792,abnormal
2024-01-01 00:00:04.440,-1.4606609877977739,-2.12011031539339,6.523759563046559,1.4065644317119328,-0.8093454280625756,0.05609794368870806,abnormal
2024-01-01 00:00:04.450,2.1681368405273878,2.2161010782944484,5.613129391683928,-0.05311583953883421,-0.29873524141590735,-0.7224574695910566,abnormal
2024-01-01 00:00:04.460,0.5507011493877353,1.606387064929843,7.269893722242508,-0.4764653739519682,0.8424350198826498,-0.00037415950684229344,abnormal
2024-01-01 00:00:04.470,0.1891091931916153,2.0450359615080234,6.698542210146509,0.6744603419818801,-0.7529866765327994,0.04690958012902452,abnormal
2024-01-01 00:00:04.480,-0.04917524252977593,-0.41545431108853254,7.142280566767281,-0.7450066233653164,0.40729000149953193,0.329719750708957,abnormal
2024-01-01 00:00:04.490,-1.3867147110900278,0.3558613233656469,7.330789885754662,-0.8310504262670788,-0.3259074787894933,0.49473063335487744,abnormal
2024-01-01 00:00:04.500,0.104788858275992,-0.22853208676495257,5.7013676844648336,-0.18783414581217894,-0.19915956278902314,-0.23072352736495066,abnormal
2024-01-01 00:00:04.510,-0.07113523663096569,-0.5986872540882736,8.013656194272539,-0.32821884727187245,0.5588386312116596,0.5866415992662883,abnormal
2024-01-01 00:00:04.520,-0.3110443899707572,-3.742825136539451,6.175388697751582,-0.18542619441469504,-0.6692185549883671,-0.0031259198446239897,abnormal
2024-01-01 00:00:04.530,-1.3386945092538318,-3.4916593589670346,5.639059945284177,0.19686127787850313,-0.4220407488342164,-0.3991929849154658,abnormal
2024-01-01 00:00:04.540,0.6963540013049673,0.5961919670782063,6.1733507561682295,1.155074996462091,-0.01298170083519889,0.22305076853274042,abnormal
2024-01-01 00:00:04.550,-0.5713324042057856,1.729419888952825,6.361442256360682,-0.7576040666456744,1.9248985724529495,-0.05672361546232647,abnormal
2024-01-01 00:00:04.560,-0.3816239727178121,1.7069159805982417,5.64356911863789,-1.301624775085023,0.14755073680352238,0.6430510636410823,abnormal
2024-01-01 00:00:04.570,-0.09718661212712232,0.43873505031313836,6.379245227423456,0.21771665053473574,0.3355234695589744,0.01459529523344554,abnormal
2024-01-01 00:00:04.580,-1.1464233521616647,-0.9958855003054985,6.389443554199706,0.0901478939929596,-0.5108544494194313,0.5225451977228571,abnormal
2024-01-01 00:00:04.590,0.01872197387525996,-1.870685352117318,5.736726238401146,1.0695291686013118,0.09989580953595818,-0.7862364979727504,abnormal
2024-01-01 00:00:04.600,-0.9636663267485188,-0.1963717074272762,4.79765642275144,-0.2865477924171146,0.6766602568281646,-0.4743724682399273,abnormal
2024-01-01 00:00:04.610,0.3311453043488069,1.930254240652781,5.235625245186997,1.9295430785330356,1.2094315399088504,-0.595341435015683,abnormal
2024-01-01 00:00:04.620,1.9747328073724395,-0.8658255834317958,4.254883119392612,0.928559391231321,0.16920345895881234,-0.07006506807396988,abnormal
2024-01-01 00:00:04.630,-1.5363447580427925,-0.9004937879055779,4.322155771712826,-1.085592547687629,0.03680561303198962,1.1389459186738882,abnormal
2024-01-01 00:00:04.640,0.9755907394639193,-1.1570806449423996,3.2305309234791957,-0.3974608751382862,-0.0346460380370893,0.8828675708506092,abnormal
2024-01-01 00:00:04.650,-0.9945323469753841,-0.9110214354931309,2.8498707637616687,0.054272853148639874,-0.7311520185744159,-0.6805678771089456,abnormal
2024-01-01 00:00:04.660,0.5834910739427462,-0.8729157685193872,1.897289441000917,-0.38473428224147355,-0.7486477091021574,0.3465361715714177,abnormal
2024-01-01 00:00:04.670,-1.2257281821605066,-0.0902987223562168,2.5200947405274814,1.2851528839147093,1.7797025674643538,0.31474961599864265,abnormal
2024-01-01 00:00:04.680,-0.20998828976057846,-1.105642670490605,2.2035001082265264,0.10935402958220912,-0.33545535929303383,0.9356370697747385,abnormal
2024-01-01 00:00:04.690,-1.802643445406545,-0.4295651940735957,0.2876222231555541,-1.0054235330935495,0.96173559914772,1.0739462866622385,abnormal
2024-01-01 00:00:04.700,-0.45140782552233194,-2.80937875100974,0.45722107484020064,1.0868875935271558,1.5140816120057858,-0.31464343729862304,abnormal
2024-01-01 00:00:04.710,-0.41574536099450216,0.6816592505158349,0.4297556475552239,-1.5469504456697032,1.5022168731391001,-0.12341300537887434,abnormal
2024-01-01 00:00:04.720,-0.5120402957920877,-2.0444316553881476,-0.0011088425849600965,-0.6483650582136505,0.9882091211308748,0.23455153727348949,abnormal
2024-01-01 00:00:04.730,-0.7427747276501253,-0.37620579438679796,1.0179026501592328,0.5422381122104586,-1.16407932637394,-0.49858067680612494,abnormal
2024-01-01 00:00:04.740,-1.561957360736086,-0.1283054470242685,0.6706246713064361,-0.6568051899999251,1.7268710450646576,0.28159015218222566,abnormal
2024-01-01 00:00:04.750,1.8579236023272507,-0.7840815075507553,1.7618283124851866,0.46731444804953387,-0.601319220906158,0.20405736756611917,abnormal
2024-01-01 00:00:04.760,1.0050373232613623,1.2388891572491676,1.3259395282491904,0.033788265448544,0.9612898865200558,0.5500732196349913,abnormal
2024-01-01 00:00:04.770,-0.5849907681432163,-1.187582787773096,2.338213608327489,-0.37304726961755663,-1.0012036269464961,0.19608859208614024,abnormal
2024-01-01 00:00:04.780,-0.765401144024268,1.298206161640479,3.5588312918762717,0.47785876362035634,-0.218381358468096,1.0222909347663727,abnormal
2024-01-01 00:00:04.790,-0.168653630521472,1.1963885891204893,2.840882398312333,0.7674273738535843,0.03885806805252674,0.10004484825884083,abnormal
2024-01-01 00:00:04.800,0.21718099077458394,1.598708637129199,3.616394619924382,0.5519362087361191,-0.7367663382078229,-0.06852271266323921,abnormal
2024-01-01 00:00:04.810,-0.3146623382570793,-2.013000910455859,3.580560552481919,0.9066091073104999,-0.9527222214446638,-0.21114766040846236,abnormal
2024-01-01 00:00:04.820,1.511755981221549,-1.1596434081743359,3.5665431359580793,-0.415353272718404,-0.2435430677861142,0.34399002240507726,abnormal
2024-01-01 00:00:04.830,-0.5471322647299807,-0.2082617608795878,4.311703378876511,-1.2815898095842062,0.48067877644443197,0.12089671855609334,abnormal
2024-01-01 00:00:04.840,1.8081032609084213,-0.4929747488334621,3.8358905610830396,-1.5141159888493927,-0.6233790614317799,0.24704968555247778,abnormal
2024-01-01 00:00:04.850,-0.6991364168569675,0.9898176780649013,5.359606822107068,0.4770758547962093,-0.041970144472249726,-0.6829805990361361,abnormal
2024-01-01 00:00:04.860,-0.23859856469755508,-1.098017046762775,4.328014854033226,-1.0813417960524605,-0.31144532829926436,0.5142070986902062,abnormal
2024-01-01 00:00:04.870,-0.3535906999033987,1.145605875616489,5.752247016777066,1.1481488951506396,-0.8259341237505478,-1.766219803059175,abnormal
2024-01-01 00:00:04.880,1.2874880637408737,0.08709048265395741,6.310970006651854,0.2329872804477215,0.503550352977233,0.802629669709273,abnormal
2024-01-01 00:00:04.890,2.884032039181217,-0.7811685078634247,5.325918856882404,0.008784992659583895,1.504355696017302,0.00690427274286669,abnormal
2024-01-01 00:00:04.900,1.1793732251128364,-2.1320877678047254,6.120053026441586,-0.10269542529368786,-1.4299848819101528,-0.20193613374609498,abnormal
2024-01-01 00:00:04.910,2.2284760939942947,-1.3277152585520402,6.1753740239092725,0.0743431617889223,0.5582986542422763,-0.7990630570931445,abnormal
2024-01-01 00:00:04.920,0.9359434720473163,-0.8979688109677085,6.600991350926009,1.5802963782137842,1.0146085838254382,-0.26567421188773394,abnormal
2024-01-01 00:00:04.930,0.4897683208029022,0.45793744151391397,7.319369489165141,-0.8059232784313876,-1.4797644670616281,0.701797200167212,abnormal
2024-01-01 00:00:04.940,2.9135870674265916,1.6822093296173657,7.138291322497173,-1.619746251135944,-0.7376883570710452,0.015728036076121703,abnormal
2024-01-01 00:00:04.950,-0.3297444913997444,0.18453349269762745,7.449325055561537,0.13035662714332055,-0.9330124209071571,-0.0049037328005347445,abnormal
2024-01-01 00:00:04.960,0.7265491235084997,-1.0839517289290206,5.839817632737169,0.8988022375132504,-0.039111805036289256,0.4192349011434812,abnormal
2024-01-01 00:00:04.970,-1.4886692424275159,0.2539951835489127,6.062572817174583,0.48400598974747605,-0.05674831925463196,0.044487129673057985,abnormal
2024-01-01 00:00:04.980,-1.399451953783593,0.13175624352965556,6.5105086864394535,0.7204905932479136,0.6136483462471499,-0.0034680229098195486,abnormal
2024-01-01 00:00:04.990,-0.30717300900109423,1.6730661294051596,6.7516131679659965,-0.3676937390428783,0.3858117632693494,-0.09597560903195342,abnormal
2024-01-01 00:00:05.000,0.23706199660393923,-0.8964201796852324,6.018670543039828,-0.9236552213826222,-0.7325777755599118,-0.3151493605054114,abnormal
2024-01-01 00:00:05.010,1.859070275790586,0.6846379536809379,6.256493184179287,1.2593030773468041,1.5004153621892709,0.3360878442696471,abnormal
2024-01-01 00:00:05.020,0.8780377641517311,0.21473903679857945,6.494899027801829,-0.2065540873313738,0.6129010690446468,-0.5512259528308399,abnormal
2024-01-01 00:00:05.030,1.450567285977471,0.7178341173657741,6.607534058258692,-0.5418280335301849,1.1441613604051193,0.3794895885854948,abnormal
2024-01-01 00:00:05.040,1.0307384428565765,-1.0753437184107009,6.601418728283702,1.4165295917686724,-0.3197564168914138,-0.8758947903610802,abnormal
2024-01-01 00:00:05.050,0.09436172302647569,0.8495087716462456,5.452021138221085,0.6114076309160414,-0.2885531269601367,0.11939048019723493,abnormal
2024-01-01 00:00:05.060,-1.8138505027205505,-1.8656242903846265,5.558352950275973,1.167175689200153,1.1732042451562892,0.1463722729296419,abnormal
2024-01-01 00:00:05.070,0.08850112097916252,-0.23578074077664607,5.781222252843819,0.6105092311052533,-0.5941530430084996,-0.0995811729518939,abnormal
2024-01-01 00:00:05.080,-1.6838721457108228,1.267113888157766,3.3839727459789204,0.6911313831150052,0.08044732632210995,0.05327463703337188,abnormal
2024-01-01 00:00:05.090,1.2428116671981924,-2.1445743443875633,3.627621094791576,0.5493044919223463,0.16475083400901078,-0.4685574130420553,abnormal
2024-01-01 00:00:05.100,-1.5220655611937026,-1.654119722298425,4.459923846237509,-0.46659088664222725,0.023610876087950358,0.45850744610514177,abnormal
2024-01-01 00:00:05.110,-1.9092739841711897,-0.8004369046129759,3.2273876997225637,1.373086533402295,0.6671694227412263,-0.09258267640446416,abnormal
2024-01-01 00:00:05.120,-0.7874934780366766,-1.147015379934491,3.3925031341624527,0.34084405130510953,-0.6663319574915905,0.6412527553780539,abnormal
2024-01-01 00:00:05.130,1.9261939422533862,0.5897857602184081,2.5538012886913,-0.49785542415645817,0.8399901591697149,-0.534098193558536,abnormal
2024-01-01 00:00:05.140,0.18979944293514833,-0.9816695670090223,2.6425020531668633,-0.4184753872255384,-1.1568321052096713,-0.532247986507285,abnormal
2024-01-01 00:00:05.150,1.5445416723037249,-0.0545444700010039,2.3868338974334162,-1.567408606740041,1.7009145059392614,-0.1317602125095158,abnormal
2024-01-01 00:00:05.160,0.04335083590590505,-4.20676292243904,0.9677518463699879,0.25529117681759594,1.2123472888300153,0.36423461874315866,abnormal
2024-01-01 00:00:05.170,0.46639051589804253,1.5021816289060814,1.7577236666197564,-1.5119850381887194,0.016000917222149226,-0.5908799851602506,abnormal
2024-01-01 00:00:05.180,-1.6415797371045457,-0.810176953393183,1.3362782118025833,0.3454477847208662,-0.6868411985830706,-0.42496912338178666,abnormal
2024-01-01 00:00:05.190,1.1900048573763455,-1.6093168443795374,-0.5206265867720513,0.17340757738435417,-0.7845316258464171,-0.8560814582247489,abnormal
2024-01-01 00:00:05.200,0.08548103549963591,-0.891259392238165,0.19909330799818553,0.48140227884321257,0.0814278086086638,0.42541440565614436,abnormal
2024-01-01 00:00:05.210,1.1796091692419726,0.7579433112121489,0.7134449086435436,0.5300399846217169,0.2829111587478149,0.1288737623273642,abnormal
2024-01-01 00:00:05.220,0.7475509207438887,1.7083173988308942,0.8588719122603815,-0.294512749146118,-0.006407212965908999,1.695392001169819,abnormal
2024-01-01 00:00:05.230,0.6393866649848641,-2.362914564552914,2.3253183715949883,1.0978417903394886,-1.1019579693504291,0.6774279339335555,abnormal
2024-01-01 00:00:05.240,1.05594691772129,0.4274231793804707,0.842405014062894,-1.7291394124465869,0.5456118484138284,-0.3845836845509663,abnormal
2024-01-01 00:00:05.250,0.9912034209283052,0.22275128318094617,1.7292628149934202,-2.0130228645851274,-0.3633554340726797,-0.3269313251856599,abnormal
2024-01-01 00:00:05.260,0.42996297095197855,1.2673088699668673,2.8555292981103064,0.632359980465465,-0.4746084643672124,-0.35061860897282837,abnormal
2024-01-01 00:00:05.270,0.4877114473139212,0.21175460959580994,3.8659694218094827,-0.05481579766750786,1.3277532947739175,0.2794638959377841,abnormal
2024-01-01 00:00:05.280,0.7176840217202575,-1.3573647483153142,4.519904691892718,-1.4480743552094604,1.1487269050496849,0.5806921960002973,abnormal
2024-01-01 00:00:05.290,0.5691564046329205,0.5976915204628752,4.060796062002771,1.300608028733224,-0.24361712154725865,0.22729619243413116,abnormal
2024-01-01 00:00:05.300,0.9059183653518379,1.4331372164301777,3.709706286473478,0.4008186709159164,0.31332921735222113,-0.007982788030720632,abnormal
2024-01-01 00:00:05.310,0.9907034464193816,-1.0916158839750147,4.138274192615278,0.33340000931573704,-1.8068524051908748,0.13808280626245523,abnormal
2024-01-01 00:00:05.320,0.710558374298495,0.36542379025601485,5.540566594855055,-0.14804133881290377,-0.9418201325877839,0.2571835080412456,abnormal
2024-01-01 00:00:05.330,0.13748088839191552,1.286530051642263,5.33854845169607,0.24811730442187213,0.49896934634699913,-0.6768076501881165,abnormal
2024-01-01 00:00:05.340,1.3596419852567478,1.4184968943587577,5.426863337970429,-1.1132451430623738,-0.5308655154041303,0.3943759237525903,abnormal
2024-01-01 00:00:05.350,-0.96687015078382,3.809196838824042,6.0728443055270365,0.5308223261541022,-0.42923830852121336,-0.10385200999676272,abnormal
2024-01-01 00:00:05.360,-1.2546087418673562,-1.6207918373100931,6.716829671731707,-2.102459743276937,-0.9336190418148522,-0.28806652703720664,abnormal
2024-01-01 00:00:05.370,1.5829706982439538,-0.24787202225910523,6.9299534012312565,-1.4647357599855109,0.05187487866878696,-0.17310693455654338,abnormal
2024-01-01 00:00:05.380,0.004491683020944032,0.0964845479347119,8.15635246467868,0.18176899310020844,0.21236613666255147,0.024276236972760292,abnormal
2024-01-01 00:00:05.390,0.49124687016467694,-1.371331271750183,7.411526879253066,0.3011938442792005,-0.8366453100968381,0.4712595791350595,abnormal
2024-01-01 00:00:05.400,0.9278297123472303,0.7586776059789062,7.560228279565778,0.8345178796817865,-0.21893952266384767,-0.4636794077469791,abnormal
2024-01-01 00:00:05.410,0.5144828798299182,-0.054716041765595455,6.686300066367612,-0.0857970090784865,0.86152785094107,0.05858328264686974,abnormal
2024-01-01 00:00:05.420,-1.601508886863954,-0.5741047989540371,7.201601618133658,1.0819298794015422,1.7995256781819695,0.2772250849987558,abnormal
2024-01-01 00:00:05.430,-1.3400442897874922,1.011382217056392,7.052714685056472,-0.6117399820019938,1.617764042232382,0.870230020595826,abnormal
2024-01-01 00:00:05.440,-0.06506975168770361,0.7768506511784845,6.551938490298183,-0.7903741284154178,0.6871460865319543,0.20922585635118515,abnormal
2024-01-01 00:00:05.450,-0.7214341375210751,0.0666999767609839,6.475603609244737,-0.5144471624865764,-1.4855986881028207,-0.8640754235606346,abnormal
2024-01-01 00:00:05.460,-1.3864678764923979,0.6804555186648752,6.35990834901554,-0.38220003539527436,-1.1949710945817205,-0.5103636018460082,abnormal
2024-01-01 00:00:05.470,2.044049784003575,-0.4976551280189825,6.384137697193548,-1.6035538945010843,-0.962737583997804,-0.9457417614378562,abnormal
2024-01-01 00:00:05.480,-0.7334727301147531,0.6176434804502412,7.858689578069085,-0.1973799696530313,-0.34158490795339713,-0.2986980592529758,abnormal
2024-01-01 00:00:05.490,-0.6612568035956229,-1.1201821445984168,7.101227413441523,0.9628787602805928,1.0683654769397748,-0.16462838814431324,abnormal
2024-01-01 00:00:05.500,0.6473796041790238,-0.5774928859722813,5.959855904448529,0.9938655711935627,-0.9436287918182639,-0.6394141716458837,abnormal
2024-01-01 00:00:05.510,0.09124810778248914,-1.7338940095626392,4.879613928727665,-0.7155103647420102,0.4108729946672349,-0.35151639546434327,abnormal
2024-01-01 00:00:05.520,0.9606153168360844,0.030889162277616632,5.554211023647912,1.5870564130899223,0.4595304950816703,-0.8731649776133161,abnormal
2024-01-01 00:00:05.530,0.3031472071714129,0.48350622304389373,5.04650791553271,-0.7824638663621821,0.31695992914984616,0.12923096674373574,abnormal
2024-01-01 00:00:05.540,0.45666209372462685,1.8144372754505642,4.753588558269864,0.2242292825196071,0.38345595166671026,-0.36215406896041513,abnormal
2024-01-01 00:00:05.550,0.32056349048255506,1.0927866580541405,5.024951745765244,1.208048623175844,-0.5227573476025795,-0.7721280379672645,abnormal
2024-01-01 00:00:05.560,0.475473375455861,-1.7145837175829528,4.09270593718272,-0.3439838783671107,-0.3660028771294403,1.2464387118357818,abnormal
2024-01-01 00:00:05.570,0.20354899456000786,1.384293285350673,3.580151747360593,-0.16053997332500947,1.223682173885801,0.18791255851449482,abnormal
2024-01-01 00:00:05.580,0.4965522072469843,-1.0516719780731705,3.15020530124595,-0.22070359830394373,0.1940201052373678,-0.11742691294759479,abnormal
2024-01-01 00:00:05.590,-1.0085845994631162,1.1239372592722663,3.566665265821588,1.1164181056981213,0.14073442682391443,0.5432385707029956,abnormal
2024-01-01 00:00:05.600,0.3739577461953161,-1.7062068628032152,3.3211803024417366,-1.7423831394711553,0.05297781129974657,-0.007175864900346522,abnormal
2024-01-01 00:00:05.610,0.2307430714832028,-0.43016546660586974,2.6207154545058446,-0.2883581585653615,0.15530934895883172,-0.19368676186334835,abnormal
2024-01-01 00:00:05.620,-0.6007898526386432,0.696562282502735,2.4376499052015297,-0.16710871255848805,-0.3714335268900905,-0.3160875331517098,abnormal
2024-01-01 00:00:05.630,-2.6438503174830355,0.3022238840994978,1.6923211551162443,-1.0999783598066672,-0.8036215309895953,-0.039939642753892404,abnormal
2024-01-01 00:00:05.640,-2.0134489075139537,0.38655296611673834,2.398414262577723,-1.3668579370655662,0.4658366633410109,0.11934507736447138,abnormal
2024-01-01 00:00:05.650,-1.0631336779950749,-0.4344207884566333,0.9688915995902954,-0.9882102632527037,-0.42687183356607555,-0.5639969417842513,abnormal
2024-01-01 00:00:05.660,-0.17280709063553673,-0.7903363683655632,-0.12692757877506716,0.08013718564434058,0.9105231908831761,0.4418527314346767,abnormal
2024-01-01 00:00:05.670,1.1440472232031802,-0.41136228560755933,-0.5053294465073492,-1.4079112599493722,-0.9034613541137607,-0.7790646104696869,abnormal
2024-01-01 00:00:05.680,0.41185339406418575,2.2469550459135523,0.974945157816727,-0.2337584394922681,0.19132564912219258,0.2937175766207516,abnormal
2024-01-01 00:00:05.690,1.8930415473176097,0.17961947024920516,1.1548336138783692,0.49722753079302345,-0.20429636233315807,0.4704621285506206,abnormal
2024-01-01 00:00:05.700,0.5482479149367557,-2.3926329396502695,0.7397725717330408,0.4904702182165739,-0.021076780437268877,0.6148385388975183,abnormal
2024-01-01 00:00:05.710,0.1498811096716537,0.6405617784515014,1.9980881248185167,-1.1623451222223045,0.7995068574793206,-0.16297346629741322,abnormal
2024-01-01 00:00:05.720,-2.1289568512290145,-0.3710609328653569,4.056838088683526,1.6418007410580249,-0.6821610893455597,0.45924080312130544,abnormal
2024-01-01 00:00:05.730,2.018810609535167,1.302218843467257,2.4931607611944906,0.44795925822690585,0.5726411469005068,-0.25711102856637885,abnormal
2024-01-01 00:00:05.740,2.8142758447202816,-1.5205595634968403,2.019768066526588,1.3868461241512653,1.2107603764303987,-0.8843085713248992,abnormal
2024-01-01 00:00:05.750,-1.5476453772111738,1.2507047366736388,2.573179753879827,0.6190717558918005,0.22205114567134696,-0.6546033973223975,abnormal
2024-01-01 00:00:05.760,1.0511078629507205,0.35530966620214904,4.688005543220818,-0.048798280773191066,0.8405626096639162,0.642258827967544,abnormal
2024-01-01 00:00:05.770,-0.7055764292417163,0.008776620823264967,4.249581609160363,1.4477732688045337,-1.1061274980298863,0.8375508448240919,abnormal
2024-01-01 00:00:05.780,-0.4376816077856817,-0.7546522071902942,3.9003887547085614,-0.46261640036274954,0.1986624419124327,0.3545692725470226,abnormal
2024-01-01 00:00:05.790,0.17870136444525206,1.6226673566333452,5.548170066927323,-1.7311662293923595,0.5108241973329715,0.8072567739972102,abnormal
2024-01-01 00:00:05.800,2.245842347435153,-0.2651089240091461,5.996058025771417,-0.6780123487977552,-1.8648253901811305,-0.23234348358388748,abnormal
2024-01-01 00:00:05.810,1.6681207879480104,0.0643461633794414,6.060402796871044,1.7190255677195105,-0.2596871404485024,0.5133290501432157,abnormal
2024-01-01 00:00:05.820,1.0282898187778142,0.9416062094126577,6.5504466004036495,-1.2790822434059843,-0.1175264399896238,-0.11152688366225051,abnormal
2024-01-01 00:00:05.830,0.7534380839679817,1.5328259073091564,6.175744172489046,1.230598558235992,-1.3118023488403123,0.2717372715272912,abnormal
2024-01-01 00:00:05.840,-0.7673879145112911,0.2612076065119761,6.821168078608895,-1.9556468566709229,0.6232742800817069,-0.04454583179925877,abnormal
2024-01-01 00:00:05.850,-0.5552967371030004,-1.4752899977538367,6.897652087890327,-0.016023592706288323,0.09993343330308399,-0.1236717830651074,abnormal
2024-01-01 00:00:05.860,-0.2668938866207153,-0.67582115262905,7.347381436709255,-0.19579249885450542,-2.4623533822964188,-1.1046619367186326,abnormal
2024-01-01 00:00:05.870,1.8213470188759961,0.7358136698463025,7.5892565080029915,-1.520435356731103,0.6565611305289156,0.579518970653605,abnormal
2024-01-01 00:00:05.880,-0.17202974095651122,-2.170298065472994,6.645499194450566,0.836834223436897,0.4720803920938895,0.3199837520924823,abnormal
2024-01-01 00:00:05.890,-1.0607947031028997,-0.4042373546762043,7.744753154307295,-0.3613142106825167,-0.2744756761692506,-0.504054426161197,abnormal
2024-01-01 00:00:05.900,1.5692395413014373,-2.189105150442757,6.947840799570958,-0.5589130175443907,-0.2401940321346907,-0.36518150073885364,abnormal
2024-01-01 00:00:05.910,1.382442203960202,-1.1712517701808205,7.4824204363658255,-0.9406032107295184,1.1069503196408603,0.036176967840540024,abnormal
2024-01-01 00:00:05.920,-1.7821244198163735,0.39825009086584096,7.02076301874052,-0.07157791015100273,0.3620758226103944,0.35741003004843314,abnormal
2024-01-01 00:00:05.930,-0.17967821237915527,0.6684423484161461,6.656259752586356,0.24987226596409784,0.268071644422738,0.4827402364698738,abnormal
2024-01-01 00:00:05.940,-0.07874207345260716,0.7454745698720693,5.605951850632396,-1.5666422626657144,0.5745541756827077,0.1425180381924926,abnormal
2024-01-01 00:00:05.950,1.9803366684164165,0.444245639483801,6.447211729500313,1.6702313790580396,-0.7161709082118151,-0.1155045903612971,abnormal
2024-01-01 00:00:05.960,-0.4632234631843173,-1.5966278053315592,6.119745357221208,-0.43599604583149226,-0.4660921636936195,-0.9276219444004152,abnormal
2024-01-01 00:00:05.970,2.6357580146871826,-0.044080353968606406,5.346769270433873,-1.568164036137247,-1.0891249765000577,0.5504280065384466,abnormal
2024-01-01 00:00:05.980,-1.1838760321462323,-0.6668068300283269,5.640130844012412,0.14231236886041093,-0.7710255417150658,0.027502374277084622,abnormal
2024-01-01 00:00:05.990,0.403819612534105,-0.24283479854528872,4.811043379766397,0.183852577820605,0.7089013905905335,-0.9158462243591223,abnormal
2024-01-01 00:00:06.000,-1.5837604784633825,0.3086162547796566,4.945380102144423,0.22059166956225487,0.7873077145848232,-1.1429625484107064,abnormal
2024-01-01 00:00:06.010,-0.8148934667311097,-0.39456130128148587,5.329849377471115,0.09278674193122394,-0.6258871880319836,-0.5214769964469661,abnormal
2024-01-01 00:00:06.020,-0.1498360881373231,-0.10597623871787737,5.206144007328885,-0.28803522781792606,0.22410874471974665,0.7649023526252258,abnormal
2024-01-01 00:00:06.030,1.1424340416162162,0.937485021610903,5.126847718847004,0.1534192895366927,0.5496833484534028,0.2050610847237875,abnormal
2024-01-01 00:00:06.040,1.7773236800113301,0.29937021220189514,4.5719985776684595,0.26319338240261214,-1.7462845365910935,-0.11284697891991789,abnormal
2024-01-01 00:00:06.050,0.15253212721550494,-2.0808992621476614,3.6055273049911314,-0.023868018121335693,0.6796452618183103,0.08433307119861275,abnormal
2024-01-01 00:00:06.060,-1.3154414688106164,-0.4043285103899803,3.12937708474145,-0.39841651411596796,-1.2021901257549368,-1.003994792660045,abnormal
2024-01-01 00:00:06.070,0.37722126999638256,0.6688983802626779,3.066541757241984,-0.7317976128478564,0.7355333226303756,-0.12087912340213224,abnormal
2024-01-01 00:00:06.080,-1.758237809545807,1.5624883554883915,1.1518032374444693,1.2004329678754728,-0.6287327048247726,-0.4610113843156284,abnormal
2024-01-01 00:00:06.090,0.05586210766106627,-1.3264894510773582,2.7315330498643493,1.055844322545636,0.3704861785802228,-0.32399527096339126,abnormal
2024-01-01 00:00:06.100,-1.2153565218418307,0.21539993584562767,0.9488281088668089,-0.38234171779969456,-0.38581106589420333,-0.31375618390174564,abnormal
2024-01-01 00:00:06.110,-0.6418237144947171,1.0606386878834702,1.5333689565099096,0.004462542644242888,0.8519104562665616,-0.8124997582861594,abnormal
2024-01-01 00:00:06.120,-2.2923154632714575,-0.08129287218270055,0.482835175171871,-0.18277172307208484,-0.039688290868092446,-0.5423999821367413,abnormal
2024-01-01 00:00:06.130,-1.2142042131825095,-1.31579378999379,0.6742086839300858,-0.5005936982527187,-1.0138981037799266,0.005146894667646492,abnormal
2024-01-01 00:00:06.140,1.620097075534502,-1.2383589011551521,0.3642380918534376,1.01617685838236,0.09356132452787615,0.6209288000333988,abnormal
2024-01-01 00:00:06.150,-2.2045675407139824,0.05140664363957073,0.8164255693032849,0.04107784088401285,-0.267556078558214,0.8412380588523356,abnormal
2024-01-01 00:00:06.160,1.0528184223349675,-0.6077421393037207,0.999761219921368,0.07294317733891315,0.8576683260616726,0.5178792334962693,abnormal
2024-01-01 00:00:06.170,-0.5214182195930283,-1.633054013527628,1.5762436631542813,-0.3480591135586508,-0.2299893856966577,0.641678358857299,abnormal
2024-01-01 00:00:06.180,0.15622107027638182,0.8576613256842025,2.0024760303628533,-0.23817939185629716,0.28226817228237955,0.8988525916138018,abnormal
2024-01-01 00:00:06.190,-0.8970857060441442,-0.06383466377760195,1.8094900487040189,-0.17814693330241374,0.6086810405643203,-0.23928875556812787,abnormal
2024-01-01 00:00:06.200,-0.7913111027940598,-1.4047856083642938,4.189850409817691,-0.7904344127404749,-2.0556090362009027,0.14854606050920818,abnormal
2024-01-01 00:00:06.210,-1.997885268834471,-1.1885896706932495,3.3404559729665073,0.6736854791837836,-0.5484570831622273,-0.12530663975052897,abnormal
2024-01-01 00:00:06.220,2.317139501142513,-0.1593860187924374,3.4330904214858537,0.08667704392117324,-0.2287659777546024,-0.8007962303571222,abnormal
2024-01-01 00:00:06.230,0.9180055150009544,-0.5958879879089258,3.8887709071607164,0.2461717778026282,1.4099942694051768,-0.5122495307734743,abnormal
2024-01-01 00:00:06.240,1.7530660239826752,-0.01869370297363633,4.823734891860328,1.1833257454543338,2.1965179518307725,-0.3061572321463431,abnormal
2024-01-01 00:00:06.250,-1.5463274984257989,-0.08163210450429273,5.224421444750132,-0.7132322562406902,0.7538922807474288,0.5850257448599809,abnormal
2024-01-01 00:00:06.260,-2.3355794655212287,0.4031313399305517,6.388812983785391,-0.6779738201635631,0.900841153048174,-0.338944490445761,abnormal
2024-01-01 00:00:06.270,-2.1062248718084446,-0.2577521177828356,5.3597207563850695,-0.15845094430386758,1.7049056505480205,-1.0601838075119743,abnormal
2024-01-01 00:00:06.280,-0.866847470156879,-1.5796190438676623,7.271394852203323,-0.652543015677406,1.0185767855783037,-1.3839549383707022,abnormal
2024-01-01 00:00:06.290,0.04848145469815909,1.8417199359056982,6.0117769941003605,-0.5506419529409615,0.3429504928583908,0.4705842328892736,abnormal
2024-01-01 00:00:06.300,-0.14475239900086045,-1.2001452435358673,5.769223755622873,-0.8784164678101,0.8814189639313529,0.4987667192987312,abnormal
2024-01-01 00:00:06.310,-0.8744885676211029,-1.0930187493720307,7.254545069352014,0.01978292806779217,0.9580976463508434,-0.8411768085364872,abnormal
2024-01-01 00:00:06.320,0.8429988310847069,0.31211156246621935,6.732439976113972,0.386342230551135,-1.0823946897031618,0.13014491343807533,abnormal
2024-01-01 00:00:06.330,-1.7240587964819178,-0.1744105030867835,5.23497983092387,0.4676444255700019,-0.4310538538550414,-0.4085011006636994,abnormal
2024-01-01 00:00:06.340,0.5386661000352096,-0.8681991714972088,6.136927370856331,-0.5020985920242416,-0.3359645794466092,0.07637569209349696,abnormal
2024-01-01 00:00:06.350,-0.2900718253920305,-1.0886126383761776,7.694001652510283,-1.0257102240940872,-0.42372376693235336,0.6894079856149331,abnormal
2024-01-01 00:00:06.360,1.976328400378398,-0.37095000524188904,6.471042135562934,1.4416495715788398,-1.014229311849891,0.7586159338154582,abnormal
2024-01-01 00:00:06.370,-0.17674238339911785,-0.11400478268192447,6.941016168215603,-0.3304140737198772,-0.5665027019054093,0.2809050662015955,abnormal
2024-01-01 00:00:06.380,-2.8148548164215716,1.1477487038392786,7.814618563339195,-0.5176952734316506,1.2654090968915426,0.6497477514755541,abnormal
2024-01-01 00:00:06.390,2.39987857538705,-0.038071209162261976,6.982139813832124,-0.0016930057309474456,-0.5194192426932359,-0.4037190838375518,abnormal
2024-01-01 00:00:06.400,1.3333977489279214,0.14723306412426346,7.137889290062764,-2.0363088159732112,0.019683380025206306,0.6230520436874002,abnormal
2024-01-01 00:00:06.410,-0.3424965004272395,1.92671649632543,7.43492015155917,-1.389377864113044,0.09837357770214168,0.07496084162308486,abnormal
2024-01-01 00:00:06.420,-1.6546790147844448,2.0636978732975724,6.552884130996272,-0.10131057745174211,1.163218162478431,0.31938433242294867,abnormal
2024-01-01 00:00:06.430,-0.2808327304025776,1.0672039784518237,7.308130207904137,0.16918038009915348,1.1166388826926077,-0.06721764115742519,abnormal
2024-01-01 00:00:06.440,0.5287884363235971,-0.5885464885385467,6.683639106798205,2.2910612928695366,-0.5638043176886905,-0.8018595321883805,abnormal
2024-01-01 00:00:06.450,-0.04407567136463641,-0.20826297950069111,6.728854382249952,-0.0856452904046881,-0.3582257101537432,0.4554040552356085,abnormal
2024-01-01 00:00:06.460,-1.0829789638510272,-0.04055284665601211,5.91105117381958,-0.486123966359829,0.030939368538762325,-0.6729346870384572,abnormal
2024-01-01 00:00:06.470,-3.0968828570763685,-1.1210606572768187,4.953428464423755,-0.0770609020823606,0.21219823807338495,0.4435863599538059,abnormal
2024-01-01 00:00:06.480,0.6712585428017789,-0.0054185631611100874,5.203634184562353,1.658507189077088,1.7348102449180174,0.4691952109462997,abnormal
2024-01-01 00:00:06.490,1.0740387341606645,-1.1303256905682433,4.1771429509766005,0.16977941666973229,-0.2227327206597306,0.36055959527840964,abnormal
2024-01-01 00:00:06.500,-1.7942190834574394,2.800179282326632,4.145580388847813,1.6013241831984157,1.4529241423725623,-0.9004960636575472,abnormal
2024-01-01 00:00:06.510,0.26010122276053343,0.313148857617115,4.393173089847861,0.011414515964587394,-0.2133447671386996,0.4847635189492427,abnormal
2024-01-01 00:00:06.520,0.4989256113783665,-0.9475904384715222,3.378021884244616,1.3213104017536763,0.5360702366241304,-0.46695303860922116,abnormal
2024-01-01 00:00:06.530,0.1725480433502441,-0.7329741372845799,3.745489426628735,0.5727382815089141,-0.6053048607185125,-1.3132927565925714,abnormal
2024-01-01 00:00:06.540,-0.5645373366747675,0.1103409347771666,3.468301169244207,-1.2042032632520936,-0.6131842716422589,0.08763124675014415,abnormal
2024-01-01 00:00:06.550,-1.1289611281717427,-1.5559098266147195,2.7049909908782546,0.6667048263658194,-0.05974485815709651,0.05484880386406861,abnormal
2024-01-01 00:00:06.560,-1.367978197282157,-0.4546244136039715,2.108680642852427,-2.0381668680289686,0.5472447886057137,-0.14372552917193926,abnormal
2024-01-01 00:00:06.570,-1.2182178778147967,-1.5375286095829213,0.770593741944752,0.02615318475431386,0.851458889425706,0.249465493477543,abnormal
2024-01-01 00:00:06.580,-0.5508485735152536,-0.4705926786663961,1.534530999833085,0.4373771746445958,0.1952674641913501,-0.7629620820846658,abnormal
2024-01-01 00:00:06.590,1.4067245547749276,-0.4753746461879899,0.5873644514367868,0.6625566532740055,-0.1723410368050974,0.6856889391193454,abnormal
2024-01-01 00:00:06.600,0.15593327504565535,0.36724779844536604,1.1441067944873453,-0.8555291135709033,0.36461935291317027,-0.17155829600135764,abnormal
2024-01-01 00:00:06.610,-0.6124276016138909,0.9767878195838501,0.9828147069087637,-0.8384849395543965,-0.5547544043609637,0.6864915670929872,abnormal
2024-01-01 00:00:06.620,-2.511187619213504,-0.5148583571001564,0.6955155885216137,-0.3255872868024229,-0.10852395607693709,0.5869505576422037,abnormal
2024-01-01 00:00:06.630,2.2391043297989577,-0.21153635046798833,0.697591851649936,0.2715771575269801,-0.6209945965143117,1.1150035957278244,abnormal
2024-01-01 00:00:06.640,-0.6624211557043069,0.03329246925161523,0.8926519687048902,1.906044537522459,0.3901227054803676,0.1904807675568839,abnormal
2024-01-01 00:00:06.650,-0.3777235979058628,-0.11032758783306237,2.4962159911577215,0.09729747073047045,0.603972041783984,-0.3022414544723187,abnormal
2024-01-01 00:00:06.660,0.6619714324775744,-1.0069245819312114,0.9309917871792524,-0.14558215447783154,0.3893788706405035,-0.017483283469347348,abnormal
2024-01-01 00:00:06.670,0.2696472816427924,-4.177428915083423,2.835678385885279,-1.468774394485436,-1.0391578118138693,-0.7773321005822014,abnormal
2024-01-01 00:00:06.680,-0.07158335995976318,0.34552000929720367,4.41807515136693,1.7605247879406194,0.29367425579565853,-0.14202469273943774,abnormal
2024-01-01 00:00:06.690,-0.6178022780347253,0.48541130895347184,3.80947952865918,-1.545347837565006,0.5140270096950538,-0.5792209635831445,abnormal
2024-01-01 00:00:06.700,-0.6381276054791617,0.17099362851614056,3.851371438896586,-1.3890788644332532,-0.6081278932352516,0.2947833106176382,abnormal
2024-01-01 00:00:06.710,-2.7722166883958352,-0.5426904548217981,4.878926302133403,1.4361666935532311,-0.6931171151302099,0.2736721351370953,abnormal
2024-01-01 00:00:06.720,2.4110724563167603,-0.6035443585267842,5.6355893163215365,-0.9797775092813635,-0.4930634225883767,0.07896854552682694,abnormal
2024-01-01 00:00:06.730,-0.0715786958247183,-1.291957634018968,4.287461264574047,-0.8928511464121467,-0.9636950391497223,-1.1072516069756446,abnormal
2024-01-01 00:00:06.740,-0.04763552969225051,1.1467386519075795,3.9047460854545273,0.5109974784420559,1.7067966769152079,-0.7115851578808051,abnormal
2024-01-01 00:00:06.750,-0.6598404381359496,0.44151198269669073,5.714311752333075,-1.5576790073053088,-2.157743213906992,-0.3371498008164016,abnormal
2024-01-01 00:00:06.760,1.5693380173771714,-1.8544000294413774,6.413409335685596,-1.2106400800790926,-0.7884601619084182,0.9671905843123927,abnormal
2024-01-01 00:00:06.770,-1.4392041217915335,-0.039075780951276305,5.735733225339712,0.6551476561632549,0.18824198661194022,-0.5908652829368204,abnormal
2024-01-01 00:00:06.780,-0.4891962676470878,-1.3292672550025635,6.633674701456844,0.2496734893272137,-0.6621390042805344,0.6053572913656012,abnormal
2024-01-01 00:00:06.790,-0.38407092834672235,-1.688244477317092,7.071304855196253,-1.7166050214241981,-1.2381978597306058,-0.6463140561302015,abnormal
2024-01-01 00:00:06.800,1.3484296955097612,-0.2478860104532041,6.74181860696607,1.5181790964689206,-2.505487121211086,0.27246295923111585,abnormal
2024-01-01 00:00:06.810,1.369420602017176,0.17770044158335738,6.957205834038787,-1.075946053157156,-0.07167645222703922,-0.05999675047341968,abnormal
2024-01-01 00:00:06.820,0.9086769485091638,-2.977405014982995,6.88846662068655,-1.244671226191141,0.24127269136884302,-0.02310056280329319,abnormal
2024-01-01 00:00:06.830,-1.6102255076158574,-0.15640240544203607,7.076520197107448,0.9013080888365618,-1.1529577090316738,-0.6907611514972184,abnormal
2024-01-01 00:00:06.840,-1.9084753020944785,1.1572449139168175,6.6310383923673095,0.3828551781239825,-1.639578766153722,0.7365807201765996,abnormal
2024-01-01 00:00:06.850,2.847999581420711,-1.2770209470887848,6.3293955628572425,-0.8852763871513437,-0.587918363900379,0.08810003501990268,abnormal
2024-01-01 00:00:06.860,1.0682437614078808,-0.7495862653077724,6.69850600309715,-0.44145894141078007,0.8391064250109476,0.9398860788673717,abnormal
2024-01-01 00:00:06.870,-0.5140872725918554,2.6423171972792243,7.315528367685875,-0.9665978175127335,-0.08879148119674976,-0.563813677538505,abnormal
2024-01-01 00:00:06.880,-0.3423512585976568,0.11929960915920468,7.237766982763614,-0.4522697602585601,-1.9037622848045943,-0.5691276266427926,abnormal
2024-01-01 00:00:06.890,-0.9263891444568969,0.05364119243314775,7.122079771991649,0.36042060208006604,-0.5790498693099482,-0.6934740939061692,abnormal
2024-01-01 00:00:06.900,0.03487678553119335,2.173168079229888,6.734414595115065,-0.19138289789913346,-1.4559970876568868,0.4978332648393392,abnormal
2024-01-01 00:00:06.910,-0.6926896329884886,-0.4606944231465281,5.358463701884441,0.7539757635940796,-0.9561995302535445,-0.10813216173693467,abnormal
2024-01-01 00:00:06.920,0.6610551944808868,0.360128250299839,5.638650376661803,0.6539474223676945,-0.19715253849756717,-0.09419793762247215,abnormal
2024-01-01 00:00:06.930,-0.2516506958166882,-0.5656219438418122,5.381046337121984,0.6772179787563288,1.3541485399961655,-0.08162500524984206,abnormal
2024-01-01 00:00:06.940,-3.547460229363241,-0.702670955642303,5.004509300751807,0.44802919537168434,0.5021072565480607,-0.08206290544900821,abnormal
2024-01-01 00:00:06.950,-0.15746213814889906,1.3934764340805834,5.339336969794103,0.1161296413511081,0.5941334740019819,-0.3765936480634168,abnormal
2024-01-01 00:00:06.960,-0.4892162805331371,1.5023558129224848,5.955809687579549,-1.607285998105913,0.8152790304153721,0.5807773526178044,abnormal
2024-01-01 00:00:06.970,0.7594445132825901,0.4231831312886366,5.53612685972696,1.2230946968639727,0.5009878511261795,0.1271876776464586,abnormal
2024-01-01 00:00:06.980,0.8797345041837682,0.2872956011025195,4.86108447482709,-1.0333419288592127,-0.2541328338007224,0.0849377896761196,abnormal
2024-01-01 00:00:06.990,0.5270904554673284,0.4795099756101897,4.924284966010067,-0.05704187043398197,-1.0895495284767303,0.7378999001757964,abnormal
2024-01-01 00:00:07.000,1.401267106514948,1.8887147333000742,3.2463306801175156,1.0363357372206876,-0.928746201438061,0.15619009956571203,abnormal
2024-01-01 00:00:07.010,-1.7867743832170377,1.0885600545110792,2.987014826082527,1.212213702514752,-0.06212846263991995,-0.5842088922506614,abnormal
2024-01-01 00:00:07.020,3.101123380222615,-0.0561477355047643,2.172424915806294,0.8251667557045345,-0.451201438748138,-0.3029414573560315,abnormal
2024-01-01 00:00:07.030,0.03908535175912914,0.573934198327373,2.2851533848736145,0.27965581971474407,1.8941939078573835,0.4664943040683143,abnormal
2024-01-01 00:00:07.040,0.041431798268446084,-0.8424993086517352,1.439869453516186,1.779344113657224,0.31706152295036066,-0.6938192692296221,abnormal
2024-01-01 00:00:07.050,-2.3512487593983846,-1.5824027505789278,1.2605445782542206,0.7908811552324498,-1.2655593528438702,0.2500319254577305,abnormal
2024-01-01 00:00:07.060,-1.4260044368219786,-0.23913340622945725,0.04823434393088177,1.357575217740744,0.021574994441519543,1.467964410576401,abnormal
2024-01-01 00:00:07.070,-0.30168259628547134,-1.4365431144357388,0.9166918453412105,-0.32308361908388794,-0.4397211084218555,1.0096436687458008,abnormal
2024-01-01 00:00:07.080,-0.1701814616780101,0.3362566955240878,0.28473040064551464,0.10479975358599597,0.5940979102275297,0.18029458611096266,abnormal
2024-01-01 00:00:07.090,0.98600798988165,0.32951045410857566,0.8858690394765142,1.0782311297531069,-0.511569678802142,-0.14896539386183905,abnormal
2024-01-01 00:00:07.100,-0.8203471822616383,2.00498525386851,0.8457318916422569,-0.8582139007387876,0.3038620676365384,0.036160795715986564,abnormal
2024-01-01 00:00:07.110,0.8970690826206255,-2.0108990775782463,2.1892791599483608,0.9877678722896145,0.0583099039552124,0.7422985456152544,abnormal
2024-01-01 00:00:07.120,-0.06917670473346063,1.4826612237357268,1.1972869745559946,-0.973791643823912,0.5583313165711904,-0.5742560065789123,abnormal
2024-01-01 00:00:07.130,0.7150622486977524,2.1116635841512053,1.8485488289481686,1.7111473437238438,0.437673088654414,-0.3094456956413633,abnormal
2024-01-01 00:00:07.140,0.8322191589244095,1.2596188199738778,1.8981845387839797,0.5936631315050123,1.6346356794138133,-0.3122376876882129,abnormal
2024-01-01 00:00:07.150,-0.8657544674479565,-0.8285747530869245,4.004894760805322,-0.39039437245958997,-0.4435805546720018,-0.12490655474376454,abnormal
2024-01-01 00:00:07.160,0.9324811228651524,-1.6705367291405493,3.403549591450692,0.549226175908838,-1.5834799645285198,-0.6261473084910045,abnormal
2024-01-01 00:00:07.170,-1.9528131040485075,0.8378713721922196,4.404698091677097,0.44666494061841433,-0.3126036466206718,0.4485896853789337,abnormal
2024-01-01 00:00:07.180,-1.1439948208369568,1.5245390954120996,4.534927451806097,-0.35694187558824564,-0.0824472706186297,0.6399793100330521,abnormal
2024-01-01 00:00:07.190,-0.005299745544705481,1.0149568206493729,3.8105235747427058,0.5476010517663186,0.3253401270022504,0.24339728973127167,abnormal
2024-01-01 00:00:07.200,0.01502354842816493,1.5771332075512217,4.864384452041602,1.4974680960039823,0.17871658439102336,0.6875387147434526,abnormal
2024-01-01 00:00:07.210,-0.5168759198045177,1.161999153831201,4.547558465616502,1.500123648723538,-0.16831046284677048,-0.10196379052242262,abnormal
2024-01-01 00:00:07.220,0.5248049714107001,-1.363061374167476,5.501801452804597,0.22330374979232956,0.5209575206965533,0.16727872542328862,abnormal
2024-01-01 00:00:07.230,0.8756327450204839,0.47148414728023763,6.2891628408291975,-0.06639433518552869,-0.03911266538958378,-0.9794192090143755,abnormal
2024-01-01 00:00:07.240,-0.7362204988488784,0.5466952255392952,5.565466431728914,0.321624296013534,-1.1326049379858527,-0.14004362715219107,abnormal
2024-01-01 00:00:07.250,-0.6956344123386808,1.1476625190658893,7.181061755404754,0.7972750152921132,0.7911328565108388,0.08381932624475474,abnormal
2024-01-01 00:00:07.260,0.17444613184099364,-0.01197439147156603,6.246009736048719,-0.4750327810003396,-0.903536112148529,-0.5396989170094998,abnormal
2024-01-01 00:00:07.270,0.9687117853568518,-1.8672229729763894,6.90717594759146,0.5022809523330946,-0.4152324604817173,-0.4327921462567558,abnormal
2024-01-01 00:00:07.280,1.0888257795777738,-1.9727485902834083,7.669443854593776,0.21007743703601392,-0.43015897413967624,0.16265160719630847,abnormal
2024-01-01 00:00:07.290,-2.1853402450394794,0.5839775215259748,6.802932879659511,0.621951898505895,-0.3879970659221798,-0.2179638189401242,abnormal
2024-01-01 00:00:07.300,-1.7469174713655762,-1.5981870254443364,6.760542550635333,-0.365130672106306,-0.576744612556633,-1.1307445796019036,abnormal
2024-01-01 00:00:07.310,0.2305664086169252,-0.060098287239582285,7.184761670192164,0.2640778216366427,1.9929808730678464,-1.2659903851547027,abnormal
2024-01-01 00:00:07.320,0.8513796582014967,-0.3650864252782178,6.709482636815604,-1.7269736254761796,1.143760489845978,-0.42406566271097934,abnormal
2024-01-01 00:00:07.330,-0.934789316392639,-0.5620726178103402,6.410826941806903,0.3593655449698924,-0.02994148177328627,-0.05815217758279802,abnormal
2024-01-01 00:00:07.340,0.035697561410950124,-0.18824003601558986,6.439993064607385,-0.2849973873971685,0.26350706542482233,0.658082377674455,abnormal
2024-01-01 00:00:07.350,0.2508459135530986,0.16741398355577786,7.978813413883071,-0.07320515004674123,-1.0646576396021405,-0.25630766560426593,abnormal
2024-01-01 00:00:07.360,-0.4276306675828346,-0.15292348159490474,6.265709189706738,0.9525303973032003,0.35168245612296806,0.2170152987253323,abnormal
2024-01-01 00:00:07.370,-0.04070573683457004,1.0529637049892102,6.4182276201201995,0.5489968209137264,0.32559753345767106,-0.26553438240421934,abnormal
2024-01-01 00:00:07.380,-0.4700077814082939,-1.9682995254712794,5.170982150761072,-0.14998642395373363,-0.3752169872532856,1.6347426676770085,abnormal
2024-01-01 00:00:07.390,-0.27526629137901865,1.154380253499585,5.6967885025974905,-0.6704708400287885,-0.0806332051497689,-0.3444266246270034,abnormal
2024-01-01 00:00:07.400,-1.6993796090920639,-0.20964231015479376,5.369500709862387,2.7141834065445534,-1.1859381801696383,0.6922231709638381,abnormal
2024-01-01 00:00:07.410,3.676986552121749,-2.41574182336359,4.720628404427111,-0.356116741338075,-0.4443689409261053,0.031798423863431215,abnormal
2024-01-01 00:00:07.420,0.9282224926890906,2.649387868794577,4.308272077694319,-1.2259763725863537,-0.2966202214747505,-0.8755261746912102,abnormal
2024-01-01 00:00:07.430,-0.4797613831131998,-0.9965010207038245,5.813066818129235,-1.3523094219712957,-1.6214569212237617,0.10302955469025815,abnormal
2024-01-01 00:00:07.440,-2.8929598682146116,-1.5457329088959237,3.433643782860879,-1.2640012712858248,0.5559576175153524,-0.15137443960438524,abnormal
2024-01-01 00:00:07.450,-0.17089048489860975,-0.7366579110314003,3.9863548040896184,0.030567676752215105,1.0048721045126556,0.47895014433898064,abnormal
2024-01-01 00:00:07.460,-0.7963302999342853,-1.976976373163096,2.8893386881336696,0.27438723479738475,-1.2445354279999206,0.0013705141382497846,abnormal
2024-01-01 00:00:07.470,0.6443210188606069,0.7399399741668463,3.61926614112419,0.049560241559369264,-0.5445735100550045,-0.2556048786100831,abnormal
2024-01-01 00:00:07.480,-2.039845231418885,-1.4623896496772921,2.9661573129109393,0.052198177226599564,-0.41383134443752556,0.3240555516631101,abnormal
2024-01-01 00:00:07.490,0.6520420752344794,0.6206088752184432,2.332195142724889,-0.07356589666268804,0.5979481363324556,-0.7790980902346729,abnormal
2024-01-01 00:00:07.500,1.1023379405392661,-1.3637016853937642,1.6141617629781497,-0.9560007616440744,-0.06288751649843585,-0.1631567760670546,abnormal
2024-01-01 00:00:07.510,-0.11259725945968434,3.1653148768385146,1.4512324211484189,0.47120499165107743,-0.16658960375822804,-0.5530819791268411,abnormal
2024-01-01 00:00:07.520,1.5689519417130655,0.20641512360548034,2.259260915791697,0.3032143262778339,0.7143984576310561,-0.1364474813332485,abnormal
2024-01-01 00:00:07.530,-0.9996753408467547,0.662572807538308,0.7575499947254144,0.5137790563119768,-1.1544992745977571,0.544731677000242,abnormal
2024-01-01 00:00:07.540,0.5236265448414995,2.3108811378131557,-0.03947096417483453,-1.2634739581269885,-0.20524894676393943,-0.13299508951552017,abnormal
2024-01-01 00:00:07.550,0.20852552422914658,-1.5549999765920377,0.5523124131467789,-0.9366243829118129,0.23180645773217431,0.4399242526288507,abnormal
2024-01-01 00:00:07.560,-0.905576447952828,0.9741769634706734,0.5124698825378072,-0.7015998868363083,0.3097980880661742,0.046892366070281244,abnormal
2024-01-01 00:00:07.570,0.08761246438219084,-0.8103371233240202,0.7696453523206476,0.8865711828593418,0.40625413284821255,0.6721652453330808,abnormal
2024-01-01 00:00:07.580,1.2089412998585753,-1.6860829515523468,1.058967961942746,0.426727914412538,0.11935384734724573,-0.7912434963853412,abnormal
2024-01-01 00:00:07.590,0.14800876459622173,-0.8225937158645859,2.1953001464404904,-1.8915295137471841,0.5863235547216527,-0.2094378964333783,abnormal
2024-01-01 00:00:07.600,-0.011611563192525426,-1.3280024640230994,1.1115307383155657,0.06368839002548461,0.6489859226413215,0.7494153878074596,abnormal
2024-01-01 00:00:07.610,-1.2763946964172304,1.705257778989031,2.14780332394653,0.29276914748055033,-0.011813538751991181,-0.41124045353458305,abnormal
2024-01-01 00:00:07.620,-1.6082953136912639,0.23307005989317855,3.522965211085526,-0.29127598258503606,-0.0708019518359879,0.22584563131664237,abnormal
2024-01-01 00:00:07.630,-0.4884225210749961,-0.05774852378795338,2.670182288888162,0.49166861343513624,-0.451785098925048,0.018784245426365847,abnormal
2024-01-01 00:00:07.640,-0.15895138512023702,0.03099194201317356,4.596256617281304,-0.9978668224344663,-0.7030114365514445,0.28677050232828183,abnormal
2024-01-01 00:00:07.650,1.2277830862346468,-0.9845128115078868,3.835208613877882,-1.0644611906936505,-0.0728243360930266,-0.22102029903045256,abnormal
2024-01-01 00:00:07.660,1.5017156185016851,-1.0354489638190325,4.457683776365465,-1.454018591463105,-1.4589558199437378,0.07204613783405005,abnormal
2024-01-01 00:00:07.670,2.5678844302879438,0.6775915120726953,5.569168693394662,-0.6479369500027405,2.0029583596961174,0.685435312671077,abnormal
2024-01-01 00:00:07.680,1.1626665903337954,-0.20941462427490223,4.780446462679508,0.6494743584741822,0.1260904700791494,-0.08856272273029124,abnormal
2024-01-01 00:00:07.690,0.9064453669051531,-0.5983085373691709,5.741712703889309,0.7939234575007585,0.18375215468400602,-0.6323323674073187,abnormal
2024-01-01 00:00:07.700,-2.2967194674472577,0.26360159221626295,6.223670397527381,-0.623192505074778,-0.6587272211808539,0.4572348813265141,abnormal
2024-01-01 00:00:07.710,1.0534259896241154,-0.05780206667526861,5.7300189188300905,-0.868216577464456,0.8025994087447578,0.15073554472171719,abnormal
2024-01-01 00:00:07.720,1.5431747939534664,-0.9599703393640122,5.725690753481511,0.48889143037729516,0.18383759590900195,0.17927324874354575,abnormal
2024-01-01 00:00:07.730,-1.1969232382351505,0.2285446434890328,5.431035886912868,-0.4989151258790358,0.1890865272012557,-0.4588628908676624,abnormal
2024-01-01 00:00:07.740,-1.1476270772991757,0.022318200411146374,7.434183243495706,0.45859525186023126,1.574619753091045,-0.3606167676089989,abnormal
2024-01-01 00:00:07.750,0.0019296936008782945,1.7131187235002052,7.432233933260429,0.05970129021121498,-0.14438870171684556,-0.0016883869455189848,abnormal
2024-01-01 00:00:07.760,-0.2189031199607532,-0.5676225643130353,6.082782392292517,-0.3537949838913113,-0.7304098544564191,0.6490378144612715,abnormal
2024-01-01 00:00:07.770,1.6332772147116488,0.8271989977009641,6.255284799835261,-0.5136666505201471,-1.2769052561823815,0.9722683489842417,abnormal
2024-01-01 00:00:07.780,0.6093132660414667,0.22098285974809237,7.817441098551057,-0.24910862212624993,0.7947518989833677,0.11911080859887595,abnormal
2024-01-01 00:00:07.790,1.2441711144841887,0.6045729846294962,6.489069937583558,-2.9098728100225504,-1.0512909261170504,-0.5176872024939841,abnormal
2024-01-01 00:00:07.800,-0.9730754899045617,-0.8438835927455427,6.625359871271683,-0.8671907469469797,-0.3140022643823122,0.37572681355944243,abnormal
2024-01-01 00:00:07.810,-2.8819313474218773,0.23056820604746722,6.567188681119727,1.6486738001132446,0.4525681237543044,0.3506886955133009,abnormal
2024-01-01 00:00:07.820,-0.1873251231937792,2.666952525599626,6.319129095240851,0.5512690445198513,1.0486333571530901,0.4685647633522729,abnormal
2024-01-01 00:00:07.830,1.6878179070995556,1.0233978085205417,6.107004389915355,-0.8593860223509145,-0.4996424825234257,-0.03632908885824157,abnormal
2024-01-01 00:00:07.840,-0.9243981858746372,0.25344048015295517,6.442839070333063,0.004705687543282406,-0.7377604244891738,-0.5739479388340596,abnormal
2024-01-01 00:00:07.850,1.589194797829087,-0.49978159675143086,5.895834202023108,-0.30628673278463786,2.10706835237564,0.13138807819727222,abnormal
2024-01-01 00:00:07.860,0.5211854788776619,0.3466365661157661,6.8114339257674885,0.33454999022390924,0.3941896745397474,-0.6697727492730804,abnormal
2024-01-01 00:00:07.870,0.6171599194689639,1.3777514293691555,5.776147910332233,-0.3538133073855994,0.5235203327617417,-0.3248610836840155,abnormal
2024-01-01 00:00:07.880,-0.09497547287117473,0.18957827217968315,5.0059426705802785,-0.07619356791353739,-0.07283820899031317,0.48231376747216503,abnormal
2024-01-01 00:00:07.890,-0.9457766026883906,-1.1260539100056235,5.2466771720078045,-0.3123863202570045,-0.6991330680286157,0.3539330709182821,abnormal
2024-01-01 00:00:07.900,-2.6458755844158075,-0.5422339383982347,5.386843293276915,1.0800990464622362,-0.8895251339480738,-0.3375299334797595,abnormal
2024-01-01 00:00:07.910,2.119141516291587,-0.6706734758477435,5.377919483131047,1.826058624745545,0.45964069637488153,-0.042856607729264924,abnormal
2024-01-01 00:00:07.920,0.5683420027728204,-0.3894671923783966,4.316828932095129,-2.050416908488521,-0.8233151563025244,-0.7629892858874942,abnormal
2024-01-01 00:00:07.930,-1.0883170853056192,2.2826609545759737,3.8057563873159532,-1.1313742070629957,0.7423759575019355,-0.012844962514265373,abnormal
2024-01-01 00:00:07.940,0.9255980244622231,-0.9224623030073853,3.0590465571022216,0.8831492924085855,-0.9833952500872342,0.33536686987929576,abnormal
2024-01-01 00:00:07.950,0.38076975496039306,1.6334482631235538,3.852949673813048,-0.5763222876108559,1.2813990588126363,0.3546728134946526,abnormal
2024-01-01 00:00:07.960,-2.4809924497956435,-0.02316185281324751,3.5720130498056952,0.4908615056091695,-0.47114628732741587,-0.9090037270966679,abnormal
2024-01-01 00:00:07.970,1.009391900138751,0.7578141023870408,2.6345013627816103,0.3028975392735094,-1.740767892476308,-0.28356738520103314,abnormal
2024-01-01 00:00:07.980,-0.8023836943143667,-0.9041306092925532,1.614355373748215,1.6598985306715766,-1.1227197292731559,-0.5296414951142469,abnormal
2024-01-01 00:00:07.990,-0.2771332679029858,-1.1644387012069304,1.0434242644631324,-0.4647581073079994,1.0429125206887964,-1.0379894719291474,abnormal
2024-01-01 00:00:08.000,-0.1715187615238332,1.2884393805379053,0.693583133500234,0.9958188520856147,0.10880709579541216,-0.6688898098349627,abnormal
2024-01-01 00:00:08.010,-0.5991315804728309,-0.7143092341156017,-0.04695049806513174,-0.43393000896994144,0.2889492681576274,0.7049660056814048,abnormal
2024-01-01 00:00:08.020,-0.09440588633795084,-0.24668543078941843,-0.173519604981775,-0.04275692037996617,-0.18944027488848839,0.17868526785792851,abnormal
2024-01-01 00:00:08.030,-0.2852843948500991,0.07658318292087266,-0.08296576988257115,1.4787863426800039,-3.1340748460850985,-0.2789471070359674,abnormal
2024-01-01 00:00:08.040,-0.5332042923326099,1.6964285928469898,0.14522317405582863,-0.4017193247029051,0.45991038229752246,-0.13975514534249509,abnormal
2024-01-01 00:00:08.050,0.05915836688486915,-0.06963008716382763,1.6350789472651863,0.5996109656065071,-1.1613369908392535,-0.26231109179000694,abnormal
2024-01-01 00:00:08.060,-1.4131348720285783,1.1217915338690028,1.0527651282962067,0.8395700803113282,1.0036110764143302,-0.4556643565688673,abnormal
2024-01-01 00:00:08.070,-0.7750453551602156,1.4452866574929548,2.757898761449579,-2.13072762042813,-0.989230951124,-0.09434270743583857,abnormal
2024-01-01 00:00:08.080,0.4844934540048258,-0.4915224021875267,2.6266339004053063,0.46617535496345347,-0.06705427167559877,-0.08785665355613312,abnormal
2024-01-01 00:00:08.090,-0.06586111108148021,-0.2721945292122263,3.7682899433128973,0.38136158977149803,0.5210237835360912,0.9839238312142027,abnormal
2024-01-01 00:00:08.100,-2.315650354003,0.5198685844965736,3.6017195073167576,0.8156385932890348,-0.15916789282616908,0.3178991775228232,abnormal
2024-01-01 00:00:08.110,0.88000510930165,1.5877252632596917,4.47049247051729,0.6393533699869548,0.10908958445275613,0.03589470575174627,abnormal
2024-01-01 00:00:08.120,0.710621483040866,0.8400244722519512,4.337787540930916,0.43186785098369707,-0.08129517892100836,-0.4048702095219465,abnormal
2024-01-01 00:00:08.130,0.27184928635630945,1.0606430620876939,4.436496871147551,-0.4006421431349807,1.2212977889163248,-0.7118479250449538,abnormal
2024-01-01 00:00:08.140,0.12351585059835848,-2.4190829796747173,5.4652600488523335,-0.060889955961300875,-1.2732143829704912,0.7042682078953424,abnormal
2024-01-01 00:00:08.150,2.4684041449453713,-0.029694339322141928,6.429670927546327,-1.4460161179428288,0.18244092573224568,-0.755719866565251,abnormal
2024-01-01 00:00:08.160,0.2787609323527716,0.8897994844511998,5.168673936533313,0.02046452516378159,0.4841155281394735,-0.2516082335266014,abnormal
2024-01-01 00:00:08.170,-0.7737077321453912,-2.3810890403966694,6.269500800165271,-0.5560228906763858,-0.3299037733338285,-0.004430887958576596,abnormal
2024-01-01 00:00:08.180,-0.20456748104059833,-0.10831373723917669,5.825295328563506,-1.7817369911739525,-0.6641996868460974,0.47641411756516217,abnormal
2024-01-01 00:00:08.190,-0.8244641539151821,-0.16966590414241903,7.179492174940153,0.30810252191108306,0.21874490395078985,-0.17897928133523175,abnormal
2024-01-01 00:00:08.200,-0.8482706939253474,-0.013746955801185167,5.914762394803713,0.33928914412320016,1.382327391317804,0.14728912716100057,abnormal
2024-01-01 00:00:08.210,-1.3725523727892461,-0.45177537861701195,5.334749824139318,-0.03973111710835442,-1.0265651285289592,0.7223849173144794,abnormal
2024-01-01 00:00:08.220,2.1369422133397875,-1.2375538460456124,6.613892560876645,-0.5751848967991956,0.13652293547594785,-0.15007989805120886,abnormal
2024-01-01 00:00:08.230,0.6592237324142484,0.27390890612799834,6.643571813243442,0.5614796372423833,0.5807581720518719,0.3730218257911633,abnormal
2024-01-01 00:00:08.240,-2.479699426287016,-1.5030611671655354,5.770728768320674,0.08041227039506489,-0.6400926614026633,-0.2642764748357336,abnormal
2024-01-01 00:00:08.250,0.6145171952556815,1.4677973694542679,6.843845028927926,-0.3982624936625459,-1.1689778753942877,0.1408994599417757,abnormal
2024-01-01 00:00:08.260,0.5989438045264054,0.841922635977866,6.39659791716413,0.4498482817905343,1.7238302845994984,0.8063192999155391,abnormal
2024-01-01 00:00:08.270,-1.041047668823569,0.18248175114754042,7.388196198321523,0.37065297922041257,-0.519001621416726,-0.05128220500742667,abnormal
2024-01-01 00:00:08.280,0.5611293919362365,-1.5109366138259013,7.094229018534048,1.2978671002708255,-1.7453717699792353,-0.9833476360806266,abnormal
2024-01-01 00:00:08.290,-1.6712268753667696,-0.8431922660392688,7.275469572713005,-0.2574146607637818,0.17666621926725432,0.0585447676249421,abnormal
2024-01-01 00:00:08.300,-2.223027656751675,-0.04085505249295033,6.885856153260402,0.10735047950078083,-0.9718819950311313,-0.38386174012035107,abnormal
2024-01-01 00:00:08.310,-1.176386923976572,-0.7127045807601623,6.583910816230449,-0.3619826512937197,-0.18857964508290032,0.7386462531908837,abnormal
2024-01-01 00:00:08.320,0.5218366615116261,-0.1966394634818502,6.155385895663468,-0.9779946130904976,0.18366541919653184,-0.5257838800503697,abnormal
2024-01-01 00:00:08.330,-1.5488740458987544,2.5428086485588315,6.268035564263341,-0.3707631178600075,-0.7883995869697829,0.9041189527491472,abnormal
2024-01-01 00:00:08.340,0.3045938539989566,1.2427190548833844,4.981569312024712,0.9436615436176504,0.03891397757333138,0.10384445082736976,abnormal
2024-01-01 00:00:08.350,-0.440511880018588,1.8629819315485163,6.360167299298772,-0.7808994803205737,0.2880722322734084,-0.15078090401594216,abnormal
2024-01-01 00:00:08.360,-0.46246385008153507,0.23263706414387503,4.527094870860582,0.8022647844570843,0.7584658378616737,-0.5078525256578471,abnormal
2024-01-01 00:00:08.370,-0.7449835996878191,-1.1560803603301364,5.656424133277996,0.5774314196397461,0.5682301053916904,-0.14415364900879893,abnormal
2024-01-01 00:00:08.380,-0.5452146886337897,0.38781832866777716,4.8545579150553255,1.7832069039559955,-0.5109783808206635,0.21395041435955583,abnormal
2024-01-01 00:00:08.390,-2.4316839247455704,1.4160768284904928,4.9573553110980475,-1.0722907411192137,-0.7774434563597248,-0.44718149579139144,abnormal
2024-01-01 00:00:08.400,-1.3712564136330816,-0.8093512908995223,4.066430826730562,-0.2543785838865606,0.8095415705371298,-0.13180663612125643,abnormal
2024-01-01 00:00:08.410,0.3697219763057402,-1.5435029301449599,3.803901255114087,-0.5829219832638133,-0.22705906724876207,-0.0468088675582581,abnormal
2024-01-01 00:00:08.420,2.0018018071735595,0.8457523919035004,3.134713511760019,-0.0664001695944439,1.3798576630749648,-0.44217825013771445,abnormal
2024-01-01 00:00:08.430,0.7688552383364865,-0.12275575558300761,4.408288134010362,0.4164432163801839,-0.15977358608589112,0.08387438203689479,abnormal
2024-01-01 00:00:08.440,-1.8172728585354834,-0.9931357695461824,3.014418982006313,0.30898688078116593,-1.4901678234010696,-0.7637238226599329,abnormal
2024-01-01 00:00:08.450,-0.9719468220126075,-3.3746436582555943,1.9896501362193093,1.0282359343875267,0.7363507491465923,-0.4251391285822956,abnormal
2024-01-01 00:00:08.460,1.3131675843769164,-2.3993112110462325,2.0130373013919187,-1.6139879108775397,-1.3094246780730836,0.06490101865176089,abnormal
2024-01-01 00:00:08.470,-0.5319106921377172,0.0946538027164132,1.6651911175429266,-0.6695107767076113,-0.5862776616908536,0.0843940423618708,abnormal
2024-01-01 00:00:08.480,-0.10227974701916433,2.517940788099545,1.2659545949978859,1.4310596190695337,0.16461617277241605,0.06646689168287968,abnormal
2024-01-01 00:00:08.490,-2.6347732816270737,-1.14734311143967,-0.46526452709392496,-0.1565914412568951,0.8327777027257743,-0.33739389273767906,abnormal
2024-01-01 00:00:08.500,-0.05167386065575486,-2.1819458258203266,-0.3044097757601335,0.2596361264080643,0.037165317135010256,0.3207135179832822,abnormal
2024-01-01 00:00:08.510,-0.862577404131501,1.25365887400379,0.9222419212729517,-0.24112943102036413,0.2723286163619949,-0.31823892683645055,abnormal
2024-01-01 00:00:08.520,-1.768109760041839,-1.2805035453940323,0.5310783909350327,0.002640189265994273,1.1026525871847774,-0.6686100349005376,abnormal
2024-01-01 00:00:08.530,-1.536115213428313,0.6346107727744003,1.6075947152296846,-0.8903837577796716,-1.0342210726188907,0.9403599713300238,abnormal
2024-01-01 00:00:08.540,-1.7948528474964418,0.3225029224793768,2.0744812646266824,-1.1244260673463233,0.6376485416282723,0.7273323574776501,abnormal
2024-01-01 00:00:08.550,-0.34422221880076165,1.794841132129344,2.341944732919626,-0.17175648384779776,-1.4336768103753927,0.09574068228047662,abnormal
2024-01-01 00:00:08.560,-1.1332363548845976,0.0304019170262793,2.052302041799273,-0.4874902484855122,-0.4689346524286619,-0.006960360335645434,abnormal
2024-01-01 00:00:08.570,0.9422263831443014,0.9658871331153808,2.456195557330756,1.0417288782168292,-0.30911855761513507,-0.6122808458473523,abnormal
2024-01-01 00:00:08.580,-1.1747015239161978,-1.7906648537712277,3.1259034961688634,-0.14225937479263495,-0.23368942881052096,0.2489106338739036,abnormal
2024-01-01 00:00:08.590,-1.593405721616494,1.0489423769777246,4.4021236133348465,1.7769080300044369,0.11079185840029973,-0.5502145868346151,abnormal
2024-01-01 00:00:08.600,1.5663335358346664,0.28397021687068386,4.842831603729483,-0.05873528633820199,1.0149176268984081,-0.5664933970724204,abnormal
2024-01-01 00:00:08.610,-0.34540632885846834,0.4057514170861836,4.3014208700541126,1.577716377726635,-0.2864542349059089,0.378975395246178,abnormal
2024-01-01 00:00:08.620,-1.4305450061863525,0.004094201265069748,5.112890086262861,-0.6395317697603609,-0.005184237813201147,-0.26423920277671853,abnormal
2024-01-01 00:00:08.630,2.1095975932066082,-1.2112971591640396,5.364310591335981,0.07367481254434666,-0.20451403236436702,0.6903998881068905,abnormal
2024-01-01 00:00:08.640,0.07457241289320636,-1.584777355577878,5.5585828897498,-1.5698155654361998,-1.295897691548955,0.2753076208598077,abnormal
2024-01-01 00:00:08.650,0.4933538625146271,-0.8864540017593973,5.108488998673208,0.5192456433392821,0.5257718644219549,-0.3513050225155604,abnormal
2024-01-01 00:00:08.660,-1.3047306742941254,0.9671372901479897,5.902254680625168,0.5491520157009249,-0.9517736489048527,-0.059609830683126586,abnormal
2024-01-01 00:00:08.670,-0.8923625895381015,-0.782609223815819,6.420104333304009,1.3172538272478926,0.3335799168601932,-0.15832423895061912,abnormal
2024-01-01 00:00:08.680,1.2166837411478364,-1.8869031645492302,6.721379041711882,0.25221989420300195,1.1350015660748587,-0.4271800035577686,abnormal
2024-01-01 00:00:08.690,0.42228048557323655,-1.504609556076924,7.205745239786934,-0.47599101784340875,-0.38660379839504744,-0.19075657562025866,abnormal
2024-01-01 00:00:08.700,0.6804075090952,-0.8160004928999055,6.3711360896700535,0.23987654320553145,0.3436642303233194,-0.3742792321011127,abnormal
2024-01-01 00:00:08.710,0.3975451022784963,2.359400013180547,6.3245151139501505,-0.9378407656711691,-2.1113576359243678,-0.21205773137994272,abnormal
2024-01-01 00:00:08.720,-1.5757442594101412,-0.8399723525453223,7.8253500872443515,1.5319663780841593,0.639027109209291,0.5873258907044944,abnormal
2024-01-01 00:00:08.730,0.4276549182519624,-1.53043791474496,7.2580796381176285,0.19332564360808432,-0.6925297479359268,-0.15510640775191178,abnormal
2024-01-01 00:00:08.740,-1.2757478219470026,-0.08493235729188861,6.739422376357623,1.10372212784679,0.3551220147398856,-0.13137617525343984,abnormal
2024-01-01 00:00:08.750,-1.3814796253414885,0.9272728989937243,7.185747549813611,-0.14817800784826005,-1.08417836088771,-0.15575435838171284,abnormal
2024-01-01 00:00:08.760,0.8162657508106514,-2.091675623400925,6.912483577087456,-0.11201716275168355,-0.11112043115295665,0.17760560679365928,abnormal
2024-01-01 00:00:08.770,1.5225061329094798,-3.1903867984852616,7.067284504022413,-0.020602687662692305,-1.1208034138251097,0.5481165841056833,abnormal
2024-01-01 00:00:08.780,-1.8904075009897205,1.3613882834837077,6.212322413051712,-0.20346792127332902,0.5542495677025245,0.5977612725326569,abnormal
2024-01-01 00:00:08.790,0.5363382554357647,-0.47011414986900074,6.299094741000555,-1.1168474831935065,-1.2800344460113446,0.1549595164738068,abnormal
2024-01-01 00:00:08.800,-0.06353856774962562,0.6403866108949314,6.469406407798598,-0.6847744365700762,0.3475397407159594,-0.31135427834639157,abnormal
2024-01-01 00:00:08.810,-1.0567323610543746,0.42039945886820396,5.9187839582479995,1.5425269663351915,1.6600166426596445,0.881794050112685,abnormal
2024-01-01 00:00:08.820,-2.1963630453008944,-1.1307344886965893,5.474227018346609,0.22060028972076778,0.16308568471207002,0.9897242501601713,abnormal
2024-01-01 00:00:08.830,-0.45530877586656365,-0.8001056830718883,5.667820796269407,-1.5843801205113026,-1.257604290004914,0.4949784769174133,abnormal
2024-01-01 00:00:08.840,1.4626801165249315,0.9801821883050941,4.58679765704408,-0.9737892377068279,0.24581017822412293,-0.12140994127429759,abnormal
2024-01-01 00:00:08.850,-0.5356161024780489,-1.2788362119368166,5.068670737655518,-0.3302424803294247,-0.37756723763476185,-0.8209864483712324,abnormal
2024-01-01 00:00:08.860,-0.9378078218232608,0.3194280121021798,4.190038758266274,-0.2988754506708864,-0.6449758618696072,0.19322859460372585,abnormal
2024-01-01 00:00:08.870,1.6100870081596252,0.28756432522202674,4.075745197438655,-1.0749933865829988,0.36874182302098296,-0.2044828986898884,abnormal
2024-01-01 00:00:08.880,0.22747075101495895,1.6327829271812793,2.6421389416239474,1.075083694217119,-1.1462352998254361,-1.0908309090690325,abnormal
2024-01-01 00:00:08.890,-1.08192279445526,-0.43218145205751896,2.9392192273265856,1.145033159494729,0.9364221746258327,0.13597129532387137,abnormal
2024-01-01 00:00:08.900,-0.058489064050265924,-0.3321561963804794,2.9816306013657345,-1.4244779855302845,0.5150865729953158,0.49346784904662117,abnormal
2024-01-01 00:00:08.910,-0.9623188251814156,-0.3011836509834223,1.4186190745582612,-0.5127793620051969,1.4469662884174888,-1.0117702562277138,abnormal
2024-01-01 00:00:08.920,-0.40461630149155414,0.7249723395507732,1.633760883990487,-0.5716698790306427,2.1494589250011815,-0.7430215051184931,abnormal
2024-01-01 00:00:08.930,0.602436062344159,-0.0013920258412195808,2.6211747949975903,0.21494332032983993,0.06629540920579532,-0.20523705933216685,abnormal
2024-01-01 00:00:08.940,-0.8426403984280992,-1.8997719600144451,0.421399344564494,1.206178822592388,0.5557483637090821,-0.22229196629615824,abnormal
2024-01-01 00:00:08.950,-0.6218361583828003,0.48278670006833535,0.7495277233388703,-0.5414408786620392,0.2274602218096497,-0.2752841748557031,abnormal
2024-01-01 00:00:08.960,0.9565221004236231,-0.4963335728819905,0.9570804900473326,2.2215007891645726,-0.15564628682607087,-0.00276014022729076,abnormal
2024-01-01 00:00:08.970,-0.38486595898173753,-0.6157090173174177,-0.11390788475965452,-0.1532996999868029,-0.5564863619975078,0.31631469391007716,abnormal
2024-01-01 00:00:08.980,-0.5148879572629532,-1.477848916044957,0.4910753175357528,0.24184908949333045,1.133110718923558,0.24694061131508882,abnormal
2024-01-01 00:00:08.990,-0.2133977740860075,0.06383109187594249,0.8732332819702724,0.0481822694430536,0.6829381723007429,-0.8202643125735836,abnormal
2024-01-01 00:00:09.000,-1.0459942694071178,-0.7787560320805286,1.5695096930887582,0.8789707370518669,-0.8023035594049005,0.8015963494056563,abnormal
2024-01-01 00:00:09.010,-2.8530320041787807,1.227343405069952,2.5918521519996327,-0.4970251245621777,0.20893051803102536,0.7812061453427823,abnormal
2024-01-01 00:00:09.020,-0.05867706205667625,0.86108164895559,3.1664310587804048,-1.1178653979645925,-0.1477153900930557,-0.30202040168850036,abnormal
2024-01-01 00:00:09.030,0.12642581328935149,-1.0333887491695826,3.273620550489242,-0.9302920920017805,-0.564681273966542,-0.26534944195691085,abnormal
2024-01-01 00:00:09.040,0.5245235465379297,1.3499266525213487,4.133177134997769,0.8229068431678827,-0.12823031628174383,-1.065533150325225,abnormal
2024-01-01 00:00:09.050,-0.9709907098101999,-0.782149697417458,4.0013084953003295,1.704263868762793,-0.3511074551573057,-0.623249463167194,abnormal
2024-01-01 00:00:09.060,-1.3451841978071126,0.36139859685436365,3.359906947074934,-1.4481963841709016,0.9892929784986432,-0.7659185036002626,abnormal
2024-01-01 00:00:09.070,0.9624871034894982,-0.15786922871856815,4.57340569502253,-0.27303116810842837,0.47073970066661985,0.17158343932736062,abnormal
2024-01-01 00:00:09.080,-0.5693980808913155,0.06550760682904702,4.143484516732195,0.9117285839142985,-0.7151037199379017,0.13342919506699202,abnormal
2024-01-01 00:00:09.090,-0.550595222451789,0.9124506398800261,5.952075006863172,-0.0030208889192788815,1.396540757780927,-0.12094162089479116,abnormal
2024-01-01 00:00:09.100,0.6314122765657011,1.2150421855308111,5.728505609580185,1.1803851349058452,1.47921938159409,1.0172133562330445,abnormal
2024-01-01 00:00:09.110,-1.5876437852294343,-0.14933642152752377,5.89722059878684,0.8941073587848786,-0.5994706749371621,-1.3098556941969879,abnormal
2024-01-01 00:00:09.120,0.38582630929754297,-0.028563236967650417,5.651747802593898,0.8542350768332825,0.17781340280087496,0.21182226258407588,abnormal
2024-01-01 00:00:09.130,0.3635099376680379,-1.4946091915967672,6.323092273315847,-1.0485305230616082,-0.21968569267902513,-0.5100236661923647,abnormal
2024-01-01 00:00:09.140,-0.14252705511981845,-1.2295943075741436,5.625474872080647,-1.4915795672341232,-0.4024936626527224,-0.211423766306786,abnormal
2024-01-01 00:00:09.150,-0.29511144363551767,0.7101966711804498,5.2232832805604446,-0.3394054525524714,-0.2483549657514831,-0.060493529614395726,abnormal
2024-01-01 00:00:09.160,0.45438624092974744,-0.752538166016653,7.947078211148703,1.1415630153916607,-0.4831071616467338,-0.031854137064283174,abnormal
2024-01-01 00:00:09.170,0.36932589713100306,0.832811189358233,5.884114318105881,-0.3435372539037265,0.525524080615826,-1.4071363437239048,abnormal
2024-01-01 00:00:09.180,-2.0463130776219574,0.9177737522313206,6.696227217190593,-0.8850729208059769,-0.07677303784678913,0.2579194570452504,abnormal
2024-01-01 00:00:09.190,-0.780478469912905,2.3833995090475426,5.9405082585703095,0.6236391928539946,1.2389959920767255,-0.41221131872857614,abnormal
2024-01-01 00:00:09.200,1.6771399696608646,1.226472926861248,8.058561224531333,0.6506045284539512,-0.6234840421817027,0.3328482187022406,abnormal
2024-01-01 00:00:09.210,-2.0316484428928123,0.37580396893840284,6.316038638990299,0.09758955078576718,0.19486226701789797,0.028353604424433153,abnormal
2024-01-01 00:00:09.220,-1.124416176635836,0.3735330570262718,7.7197578054047735,0.06565932001444998,0.11875378439694534,-0.7889456723641443,abnormal
2024-01-01 00:00:09.230,1.5385036658736744,1.639195910247884,7.394750153195514,-0.7898444342160507,0.5692661809337426,-0.15593559196926857,abnormal
2024-01-01 00:00:09.240,0.9823380908090608,2.1025853459873938,7.679340105869339,-0.4039461422680236,1.7069604722098555,0.4049932502067359,abnormal
2024-01-01 00:00:09.250,1.0509606074476125,-0.890485031539898,5.89386645412355,-0.30552658841743896,0.4969858748282041,0.5099495882482971,abnormal
2024-01-01 00:00:09.260,1.0289856617603297,-0.8771998692838537,6.562066047427753,-0.7160319729485642,0.16296293925643776,-0.5618569349924935,abnormal
2024-01-01 00:00:09.270,1.2625520366280891,0.36262904172298077,6.454121358331818,-1.052000889099509,0.2142511859994586,-0.3059465194042145,abnormal
2024-01-01 00:00:09.280,0.7579467378228605,0.6920444824724261,5.677706732533098,-0.10786556656868965,0.22587627182649503,-0.3065791367560448,abnormal
2024-01-01 00:00:09.290,0.2904755255704999,0.7057126671331388,4.567330424265863,-0.001044880754738928,0.2438784476876046,-0.5944559805640838,abnormal
2024-01-01 00:00:09.300,0.5659701943312243,-2.1550484209914584,5.404595077555055,-0.7373927965455651,-0.19010113466899387,0.7084706315576648,abnormal
2024-01-01 00:00:09.310,0.2779090135916827,0.8025969714539255,6.635495303772821,-0.7431708313776503,-0.3669675141313224,0.8656412584431872,abnormal
2024-01-01 00:00:09.320,1.8548153553132878,0.5984875933695412,5.213177008353251,-1.12656100616896,-0.10127847951304376,0.4221175549278267,abnormal
2024-01-01 00:00:09.330,-0.5283687148411864,-2.3581297431033983,5.302419365878547,0.5068073591105384,0.35195456610047815,-0.21227721636542124,abnormal
2024-01-01 00:00:09.340,0.4393346067927976,-0.13867723945987712,3.549752346839554,1.670263684208405,-0.48890589877898727,-0.462627808647884,abnormal
2024-01-01 00:00:09.350,0.6036231435087202,0.32229411106494654,4.245167671197413,0.04608003909028344,1.0303230545180642,0.13130278368549528,abnormal
2024-01-01 00:00:09.360,-1.2099806925180594,-1.1055411128190966,2.825900110262662,-0.72269030157667,0.36947675784682327,0.361371794135184,abnormal
2024-01-01 00:00:09.370,-1.130056158245979,2.048624629164358,3.6392201517961245,-1.1637935737587575,0.5638701877641279,-0.13093468214848575,abnormal
2024-01-01 00:00:09.380,-1.4283996729481108,0.9068533036798928,2.266767918956827,-0.9035614802257252,0.36641833981955824,-1.1553530910585994,abnormal
2024-01-01 00:00:09.390,0.045575582810054395,-0.6281073427007695,1.6718315911347328,-0.573860857665247,0.33852122039068294,0.13571194184763913,abnormal
2024-01-01 00:00:09.400,0.420203789125315,-0.19937344417963557,2.2372373716939955,-0.9447271443964541,-0.6157605765000161,0.3552501362136806,abnormal
2024-01-01 00:00:09.410,0.7078683180875592,-0.3791946944443391,1.6327266164629342,0.476869771649527,-0.2499277278495959,-0.6501310839829907,abnormal
2024-01-01 00:00:09.420,-2.1037252717842345,-1.6696993178072184,0.1575837808409526,1.2426459709770978,0.8141760001826046,0.847752928719596,abnormal
2024-01-01 00:00:09.430,-0.5020667627960198,0.047028596943117805,0.2796609991930322,0.7216236605455988,-0.48273642835143554,0.19743267947381962,abnormal
2024-01-01 00:00:09.440,-0.9164035152184946,-1.602985315515349,1.0374252841436247,-0.6606988725915318,0.5643072217503289,-0.6487970764679873,abnormal
2024-01-01 00:00:09.450,0.3901944316518894,1.8678545227370513,0.31079772817531715,0.5142213772853754,-0.3623041876800213,0.20824394180038594,abnormal
2024-01-01 00:00:09.460,-1.017023800768222,1.9500911605680626,1.722283934764691,0.3529564793098816,-0.45692508774637397,-0.11993549057769802,abnormal
2024-01-01 00:00:09.470,0.3793426699252828,1.475869383573088,0.3370544576709189,-1.5386465643182867,-0.24605069113609024,-0.19687247780331898,abnormal
2024-01-01 00:00:09.480,-1.2908813351587471,0.21946050037187537,1.4226622635916875,-0.34700006294719016,-1.6281940923358706,-0.40472306342784087,abnormal
2024-01-01 00:00:09.490,0.20405137974761298,-0.7566671984120666,1.4352452357764087,0.37663365080064437,-0.6477435231819157,0.30096547231217613,abnormal
2024-01-01 00:00:09.500,-1.456380307439429,-0.2676616065205974,1.923418610983708,-0.5824245816108717,0.5684434534215012,0.8955255699743394,abnormal
2024-01-01 00:00:09.510,0.5644044211549457,1.9738198166276293,2.202568148012898,0.7949351307307863,-0.6574969677498816,0.5793432473220318,abnormal
2024-01-01 00:00:09.520,-0.3026527554870816,-2.9944178122072587,3.927642491392217,1.7605546096486657,-1.3423862711158052,-0.431885956105649,abnormal
2024-01-01 00:00:09.530,-1.0931078286458564,2.5584961276633766,4.69208921583118,0.014472941735814171,1.267433936646611,-0.5566781321682122,abnormal
2024-01-01 00:00:09.540,-0.4287953347924238,0.1795265245445353,4.406660261303104,0.3855099396416872,0.06693457745394114,0.5079226498549371,abnormal
2024-01-01 00:00:09.550,-0.3479074545846107,-0.8364622263558944,3.31349983984635,0.8069818393264159,1.858042521517361,-0.040148412304264254,abnormal
2024-01-01 00:00:09.560,1.4495394086123323,0.13975501790754855,5.225195384303957,-0.3040688522056387,-0.3783559393976332,0.41564331800741633,abnormal
2024-01-01 00:00:09.570,0.9231113115177629,-1.1147408388775732,5.354843600973355,0.39806173410824947,0.28635760786409614,0.08045799986778153,abnormal
2024-01-01 00:00:09.580,-1.0651758223885381,-1.4067487056155892,5.808574581064561,-0.5721936849913097,1.3374246789935202,-0.18412697425147706,abnormal
2024-01-01 00:00:09.590,-0.3099503113213373,1.7252545380306514,5.606511260618791,0.14318901463888808,-0.6813974104244503,-0.023913441626803724,abnormal
2024-01-01 00:00:09.600,0.46350426021188856,0.09989385843950632,6.208864702253576,0.8502063873327268,0.14710357468042834,-0.3716958538157419,abnormal
2024-01-01 00:00:09.610,0.8764001011107255,0.2691188164661171,6.028603201964309,-1.0480528311689723,-1.138113319879462,-0.18680249972108542,abnormal
2024-01-01 00:00:09.620,-1.329528173742202,-0.5373122433987624,8.1420242151145,-0.42003781731813333,-0.8155758407275525,-0.6062650878198969,abnormal
2024-01-01 00:00:09.630,-1.7558879246330836,0.9766615698715553,6.295270947052576,0.2089163350830432,-1.5454988244377328,0.11133308534589474,abnormal
2024-01-01 00:00:09.640,0.3263630529492796,-0.4120646680775943,5.863689310558314,-0.7707653774752347,1.2618184184588346,-0.7096781678772867,abnormal
2024-01-01 00:00:09.650,-1.2048499731201896,0.5864675687611153,6.229761606545879,0.1918764441922585,0.821435067019556,0.5174949599706213,abnormal
2024-01-01 00:00:09.660,-0.050302203774011414,2.81184018433026,7.454327301588644,-0.1453257008719586,2.0832136202477436,0.026091400613776537,abnormal
2024-01-01 00:00:09.670,0.44250789387382317,-2.5560576860779176,7.134944483385077,-0.5911480759458998,0.6244277567401408,-0.8194891499413344,abnormal
2024-01-01 00:00:09.680,0.004727962514720614,1.6813512917406825,6.92701283234817,-0.7104920283401004,-0.12445543476288157,0.5177892879400312,abnormal
2024-01-01 00:00:09.690,-3.7637025053746394,-1.4930756619584977,7.846760752341419,-1.5337193053929168,0.7735859855928241,-0.05571584868868576,abnormal
2024-01-01 00:00:09.700,0.20547969911869818,0.036683863867302303,6.662006243796032,1.2949518256401418,0.3509820005887822,0.0494198858237602,abnormal
2024-01-01 00:00:09.710,-2.019322227126978,-0.8912188321622161,6.506177146808556,-1.6000048665414555,0.6613384963680609,0.6568916291180456,abnormal
2024-01-01 00:00:09.720,0.8421433254462771,-2.04076164353704,8.396971268869416,0.581931700059181,0.6213556583189096,0.7324555925956793,abnormal
2024-01-01 00:00:09.730,1.2672023431824964,-1.0679606966299409,7.0730953444265054,0.23678522747812075,-1.4678709947147623,-0.1640842871577383,abnormal
2024-01-01 00:00:09.740,1.456384582469623,-0.45094620523928164,5.946910866651213,-0.38402607340509254,-1.5596510088529636,0.23952098046676445,abnormal
2024-01-01 00:00:09.750,3.3795375014877096,0.2039987198692257,5.542378300253677,-0.0737145479861006,0.8475189579448591,-0.5289400518894165,abnormal
2024-01-01 00:00:09.760,-0.38597291935599554,-0.6864059892469255,5.943446361835872,-1.0899098043701394,1.0347303970784063,-0.3905975845140851,abnormal
2024-01-01 00:00:09.770,-0.811484346814498,2.023029839170728,4.579432738902644,-0.36778716558880237,-0.39743874315972844,0.5357926828204727,abnormal
2024-01-01 00:00:09.780,-0.49648194771931664,-1.02724491371505,5.641398177578914,-0.27463958692126483,-0.6712087054958947,0.2744815764306416,abnormal
2024-01-01 00:00:09.790,0.25069646227821135,-0.32239670761608247,5.57388345327318,-0.2676342702385023,-1.2340024790654427,-0.20940624993701182,abnormal
2024-01-01 00:00:09.800,0.2754308561815879,-1.0604969239792188,3.8980027739039294,-0.8882011299470735,-0.47219309972350065,0.32898794005283866,abnormal
2024-01-01 00:00:09.810,-1.203646182771501,1.0216992747197327,4.6203915606407575,0.3541102740735941,-0.8694195947969142,-0.3609512987288626,abnormal
2024-01-01 00:00:09.820,0.6205175098020626,-0.783204847674786,4.2152128492753524,1.163999920226142,-0.48066645383869944,0.635999266216915,abnormal
2024-01-01 00:00:09.830,-0.06700422701929215,-0.48978030805808564,3.2613132504715256,-0.4555554873799985,-0.8033308437468814,-0.17664136611748502,abnormal
2024-01-01 00:00:09.840,1.6893777769861538,-0.09059339824791914,3.961408443065379,-0.48365542264172534,-1.3882380060495954,0.3799799898623975,abnormal
2024-01-01 00:00:09.850,-0.0641657704389612,1.0213680462623702,2.1992425994652027,-0.5991411691366797,0.5480173978764753,-0.7211568956181718,abnormal
2024-01-01 00:00:09.860,0.11568627205846013,1.2436796594241042,1.9498747225534279,0.10713053829122622,0.4881725840290985,-0.17903127811639624,abnormal
2024-01-01 00:00:09.870,0.011814943267963217,-0.47574077213121785,2.4489651096073404,0.8419802344784874,0.7235431240628475,-0.4675635554264321,abnormal
2024-01-01 00:00:09.880,0.30183238507814586,0.23012642071473752,1.206671337369838,0.8731846495048343,1.5531865952304562,0.221735402365091,abnormal
2024-01-01 00:00:09.890,-0.7448044319414047,1.0766259261119517,-0.378852937172798,-0.7969681839017171,-0.3951246566535759,1.4974367291297228,abnormal
2024-01-01 00:00:09.900,0.9203335484481537,0.6235512249872274,0.5599944511270643,0.41168347910935615,0.8828369433558769,-0.6820640748888341,abnormal
2024-01-01 00:00:09.910,-0.07043943514762674,-1.2028557687104482,-0.12332897457582717,-2.1073158938400507,-0.3642811344818275,0.041577242094255625,abnormal
2024-01-01 00:00:09.920,-1.7567967339522699,-1.0397117091938044,-0.021040398180580677,-0.19517449381262567,-0.10997922542727578,0.5864323920948691,abnormal
2024-01-01 00:00:09.930,0.33936466788163633,-0.12312767156402797,1.1458155882522578,-0.4318896930481392,-0.2576623902591322,0.429920763925418,abnormal
2024-01-01 00:00:09.940,1.0241624655022998,1.2875248709043812,0.8844281923444803,-0.21087180911788816,0.9548141100604106,0.175291238377984,abnormal
2024-01-01 00:00:09.950,-1.2002398274296737,0.8362972867112857,1.2809117423280887,0.4301672867462276,-1.4569095426624021,0.06039327852712012,abnormal
2024-01-01 00:00:09.960,-2.0806503791054625,0.19334862911060635,1.920439370537238,1.3998359255483968,0.38337413200260934,0.4101591668282991,abnormal
2024-01-01 00:00:09.970,-1.384276070903861,0.45426368997305466,2.4075254387578937,-0.7750644522001059,0.6583196852316568,0.2531702723576728,abnormal
2024-01-01 00:00:09.980,-1.1698643853421289,-0.356597227005559,3.904570502269988,-0.30277649036504234,-0.23574097496435906,0.12217899443185795,abnormal
2024-01-01 00:00:09.990,1.7789309625126333,0.43577592865222137,3.508958616539126,0.4837925245753795,0.05541406471202173,0.40304225749132383,abnormal
2024-01-01 00:00:10.000,-0.3234656959416068,-1.6445719045548073,4.794665505095122,-0.45542303209290635,0.5349122212567038,0.6452258102728182,abnormal
2024-01-01 00:00:10.010,1.4081184360248875,0.2687144400950624,4.3466133253388834,0.7733122285199187,1.936494232551931,-0.13449115770899017,abnormal
2024-01-01 00:00:10.020,-0.73640062359387,0.9206648767922218,3.2723530457186447,-0.28801915720765986,-0.3742233679409618,0.18957851922373048,abnormal
2024-01-01 00:00:10.030,1.3455966253031222,-0.8914400674549162,5.3436821604412845,0.316630169578126,-0.47526771189629385,0.3784290201562329,abnormal
2024-01-01 00:00:10.040,0.4271615670471299,-0.42400627783400185,4.435801274839086,-0.9255379866585639,1.3951729453094925,-0.11794772657213044,abnormal
2024-01-01 00:00:10.050,-1.3514390811304708,0.5819810853901074,4.833267031586604,0.2993184726952234,-0.35718049224137177,-0.6138619432640215,abnormal
2024-01-01 00:00:10.060,-0.49802194393489296,0.7023482492913281,5.822303516111732,-0.954492929483982,0.11139745803977576,-0.6833367769195026,abnormal
2024-01-01 00:00:10.070,1.8474699580459895,-2.466723224771193,6.5695358450882,-0.6502843541718294,0.7836108802822457,-0.3420170725466558,abnormal
2024-01-01 00:00:10.080,0.8527966476600833,0.667646902674819,6.327207249598871,-1.1099214017680583,-0.19122223610036806,-0.876796697704544,abnormal
2024-01-01 00:00:10.090,0.7320804258269732,0.3911670686306599,7.030925084922449,0.2734810340666001,0.5544651173761836,0.1010544048540703,abnormal
2024-01-01 00:00:10.100,-1.6289446543891175,-1.1133807688571051,6.913781414023497,-0.8879491775142244,-0.3661378050152071,-0.567225038054574,abnormal
2024-01-01 00:00:10.110,-0.703700235633682,0.9360794308071879,6.8398059410399545,-0.1704080661266461,-1.2784439991105554,0.28034597083758417,abnormal
2024-01-01 00:00:10.120,1.7024913414798846,-0.043324970231784936,6.319170593932176,-1.058348908553959,-1.6866244044967285,-0.9748190933243422,abnormal
2024-01-01 00:00:10.130,-0.707828483384194,-0.18358827038157688,7.896082382271204,-0.8063879062681083,-1.2498562549094367,-0.002415977843425383,abnormal
2024-01-01 00:00:10.140,1.7628664227769644,-2.1887945279443546,6.8356794116696245,0.37273549710390336,0.654639067527787,-0.2725099887655649,abnormal
2024-01-01 00:00:10.150,-0.9452933732221889,-0.3247602617387566,7.63833572136497,0.4542683190862879,-0.5560571764882973,0.9384982676578407,abnormal
2024-01-01 00:00:10.160,1.1791828653761234,-0.022895702325453425,7.141535450148593,-0.7048645844722539,-1.661442606092514,-0.510831262698431,abnormal
2024-01-01 00:00:10.170,0.029306761982097574,-0.6736549746053793,5.767937499797919,0.44410483706084913,-0.06831963826739873,0.013178178928123929,abnormal
2024-01-01 00:00:10.180,0.12065869629163398,1.9924726396260346,6.793823071296541,-1.4327525875219902,0.5132988455608575,0.38337983355769506,abnormal
2024-01-01 00:00:10.190,-0.11450422407895053,1.5898109022179199,6.921373105513082,0.1965108701521142,-1.5768392848805437,-0.8372750379453661,abnormal
2024-01-01 00:00:10.200,0.39367388971069905,-0.49660129469768244,6.894968106108686,-0.41498685921358014,0.6277481939059972,-0.4915196616341734,abnormal
2024-01-01 00:00:10.210,-0.8487596375975287,-0.11830690837517602,5.2564008688281225,0.060213796266104555,-0.8027912718118154,0.044162043051091344,abnormal
2024-01-01 00:00:10.220,-0.20277250517139725,0.29125925703473965,5.689679564533796,-0.958094933596991,0.1341126620897739,-0.2556933948182214,abnormal
2024-01-01 00:00:10.230,-0.6319039291495101,-0.3511005397396839,6.200889419728899,0.7763636733058693,0.09168744194015419,0.19318897842848784,abnormal
2024-01-01 00:00:10.240,-0.20308938737514426,-0.1766534714990403,6.103295481239001,-0.2478014630944622,0.9931163324754657,-0.5741356266930315,abnormal
2024-01-01 00:00:10.250,-0.8649349098979952,2.1524333783104224,5.317960355076091,-0.8545163409828263,0.5453812529173041,-0.43858221700469324,abnormal
2024-01-01 00:00:10.260,-0.28763468636123524,1.2446475527669136,5.016843428709407,1.5095059121562218,-0.10407863868270453,-0.07972490185723967,abnormal
2024-01-01 00:00:10.270,-0.9935423722453349,-0.36263623712825627,5.211645240178568,1.06967950238392,-0.5913191823255413,0.5005866745546143,abnormal
2024-01-01 00:00:10.280,0.8102443097621134,-1.6026331917490697,6.1214725032630755,-0.5067460382140347,-1.3542854642551034,0.5871940811183236,abnormal
2024-01-01 00:00:10.290,0.4139019316844,-1.2939297033557347,4.149278039695655,-0.9955836852104597,-0.07033867471000098,0.8698008006978235,abnormal
2024-01-01 00:00:10.300,-0.31839302862897656,1.9727191921972027,3.610633353253012,-0.05784867426881389,-0.25222427390387625,0.12291370476895132,abnormal
2024-01-01 00:00:10.310,0.5573654492130896,0.09288163083702962,3.1309285490128924,0.20924891422600933,-1.1462930075998958,-0.23043324021189862,abnormal
2024-01-01 00:00:10.320,0.956319815141785,-0.9371433878723024,3.3951907295421258,-0.23023711481747422,-0.11255379455236544,0.6036031979605747,abnormal
2024-01-01 00:00:10.330,-1.6406163828906843,-0.5350472846391148,3.1360759728727063,-0.10708412787620986,0.005610586788609675,0.16484645571662515,abnormal
2024-01-01 00:00:10.340,0.30683868441557655,0.40326836567740193,1.715729837206926,1.3687335849604552,-1.065552285644824,-0.29072634069513537,abnormal
2024-01-01 00:00:10.350,0.6537568348456962,0.68308739258019,1.5366781453430596,0.7280296786017209,0.8757455090351427,0.5414734437513566,abnormal
2024-01-01 00:00:10.360,0.31051444690783886,-1.024007755172615,2.342077455400525,1.5154408840312037,-0.35839850115812905,0.878740415421147,abnormal
2024-01-01 00:00:10.370,-0.03386755853994872,-1.6168757437705326,0.9549829883839975,-1.688930469658111,0.008204143943660478,-0.38281368152202994,abnormal
2024-01-01 00:00:10.380,-0.5593944557455417,1.8426769949401984,0.28802092375096777,-0.2948495704910451,0.1424788514116981,0.3695079625280182,abnormal
2024-01-01 00:00:10.390,0.20240361149746336,-0.9299338805273812,0.8714862857046267,-0.11799469710050127,0.501019180626247,-0.1406158375039192,abnormal
2024-01-01 00:00:10.400,-1.2024614971349483,-0.4403437377349167,0.9709605344226254,1.0154162897830774,-0.18305161476332718,-0.6606803285413574,abnormal
2024-01-01 00:00:10.410,0.19929279917006196,-0.7063857764405652,0.6338447606235155,0.33407805971192517,-0.04784002459791452,-0.27387238965879696,abnormal
2024-01-01 00:00:10.420,1.544430305383522,-0.11081538240653403,1.6598053661478975,-0.19678306801074077,-0.10307346491367397,-0.11524409731732813,abnormal
2024-01-01 00:00:10.430,0.6146391218100239,1.2725275619426781,1.8856386853485048,1.1300608114374857,-0.03496398277511854,-0.6205178800699765,abnormal
2024-01-01 00:00:10.440,0.2710011601193072,-1.0710546464648385,3.0645665707471874,1.5943439659204868,0.25557003502952425,0.39920586906052713,abnormal
2024-01-01 00:00:10.450,-0.49944211276277634,1.823898123854295,2.9319271786691674,-0.06048798013848802,-1.059820070165678,-0.08881708810283766,abnormal
2024-01-01 00:00:10.460,0.835192094229228,0.5748232739314639,4.483198340060602,0.3382862108229246,-0.13643514627093156,-0.582454537307721,abnormal
2024-01-01 00:00:10.470,1.019487372049525,2.6707387558408695,4.216242959868968,0.2925933363058506,0.2980024923363513,0.6204828666906469,abnormal
2024-01-01 00:00:10.480,2.367162459105152,0.15247489711124626,4.170088152580524,0.9011262744680291,-2.572093589222897,1.0754158815928612,abnormal
2024-01-01 00:00:10.490,1.8380419252155213,-0.891175656545146,4.998291903318996,-0.025738918109861477,0.5028658825540256,0.47443554489086665,abnormal
2024-01-01 00:00:10.500,-0.19810387360156284,-0.4754904237426095,3.873353985100536,-0.7783177185415611,-0.26120816914985967,0.19324893264806395,abnormal
2024-01-01 00:00:10.510,-1.552044221674351,-1.0901123789872018,5.622512417821054,1.7022657527281313,0.4890142708212051,0.24253437499287825,abnormal
2024-01-01 00:00:10.520,2.3098309603732474,-2.134643845602771,6.207292710852592,0.295946528114935,1.1169030894163507,-0.012274306508929972,abnormal
2024-01-01 00:00:10.530,-1.123092824138983,-0.09353432303493843,6.957651223921521,-0.5525218147035909,-0.32148765492736947,0.7151072096810327,abnormal
2024-01-01 00:00:10.540,1.0302114786082455,-0.21369134362124179,6.50395933489865,-0.19874971861544635,-0.42625606229454055,-0.7486417436269995,abnormal
2024-01-01 00:00:10.550,0.4843702508369621,1.0745645328282425,7.25186016213846,-1.3909614387590337,-0.916148149401075,0.2734978891621247,abnormal
2024-01-01 00:00:10.560,0.553227398005919,-1.0844031439360657,6.617999712960116,-0.954552061041891,0.8628338842126844,-0.36010884797498544,abnormal
2024-01-01 00:00:10.570,0.7174390687019475,-1.362504366827671,7.187454094071612,-0.3679426905459228,0.5871144084528698,0.6548647157573658,abnormal
2024-01-01 00:00:10.580,1.130007749128716,-2.0845627013281733,5.975846410470805,-0.2964156273138193,1.0358134728927801,-0.3481264461825975,abnormal
2024-01-01 00:00:10.590,0.8323816332511811,-1.9553174963813378,7.143844566822198,-0.5162131473248434,0.35647213831473284,0.22599889978530385,abnormal
2024-01-01 00:00:10.600,-1.4622276911768284,-0.23603513659172226,6.9299878246912,-0.31483971040299613,0.09307599959183929,0.5839798591259763,abnormal
2024-01-01 00:00:10.610,1.6925558703498262,-2.530089488782076,6.292378541531859,0.06281006460076859,0.8529854314565688,0.35636075082756813,abnormal
2024-01-01 00:00:10.620,0.9085620027120016,1.1251174878276906,7.868760606973054,-0.8529814155628392,-1.3104376186472617,0.7373656813823766,abnormal
2024-01-01 00:00:10.630,1.5276580763979604,1.4797434307668245,6.642577768410132,0.9118872282030528,0.8502124095558689,-0.37092086976749483,abnormal
2024-01-01 00:00:10.640,-0.7494279905996463,1.4652558816414731,7.1062125369279325,-0.6525900310340162,0.17454058225285182,-0.6019982119145306,abnormal
2024-01-01 00:00:10.650,-0.31946855062916585,0.4761744917840319,5.929775000207856,0.6499800182494888,-0.6895988303223944,-0.8458793913372886,abnormal
2024-01-01 00:00:10.660,-0.6298603884142533,2.766953922882459,6.911006239531111,-0.9693433962320284,-1.6369165026078534,0.4698215800146636,abnormal
2024-01-01 00:00:10.670,0.9921628873619719,2.4516061057634153,6.0579492538077835,-0.581575882655011,-1.2076908729297284,0.5899186781582398,abnormal
2024-01-01 00:00:10.680,0.48371013778143335,-0.17571653951794267,6.462697582292833,1.9885080811709503,-0.31621135640655645,-0.08850134610566246,abnormal
2024-01-01 00:00:10.690,-0.15252813768348078,-0.07433719588299027,7.231712548502256,0.26021466094896845,0.07148620826916795,0.8979962749139888,abnormal
2024-01-01 00:00:10.700,-0.929203429918843,0.3785663729337808,6.206057430253208,-0.4567385515505416,-2.3258331872544167,-0.834718972113006,abnormal
2024-01-01 00:00:10.710,1.0345505447342425,0.4773703220893834,5.104298281758682,0.7924415818993564,-0.08433111997457406,0.6598122925608727,abnormal
2024-01-01 00:00:10.720,-0.007885256880285981,0.4435617526675416,5.028514333109536,1.0048792080733864,0.059702583475998536,0.625268219187824,abnormal
2024-01-01 00:00:10.730,2.676466854054263,0.5944322138792422,5.979920517714813,-0.768485178394786,0.12183980348447246,0.11343829194820337,abnormal
2024-01-01 00:00:10.740,-1.881646922936527,-0.20297945817008586,5.038117885847712,-0.802750287055863,-0.13686926202373295,-0.034856411868756335,abnormal
2024-01-01 00:00:10.750,1.0389755609898457,-0.1723132217388733,5.7378227880310035,0.773737263503307,-0.6659499764022265,0.19775906118888392,abnormal
2024-01-01 00:00:10.760,0.5563463993432429,-0.7565221526227374,4.764140233607977,-0.19326372182030285,0.9156335466507721,0.319535466546418,abnormal
2024-01-01 00:00:10.770,-4.138191484920189,-0.4535574277473344,3.989528870749106,0.3958008708466471,-0.5276211081882566,-0.3121713247880167,abnormal
2024-01-01 00:00:10.780,-0.7175453127496917,-0.27745225520532224,4.208576033279607,-1.1848312198349014,0.889806636892373,0.41378521108527394,abnormal
2024-01-01 00:00:10.790,0.39410994431876945,1.0235580017517705,2.5926406323328703,1.339375268857028,0.6526851776683462,-0.5162961262210497,abnormal
2024-01-01 00:00:10.800,1.4083613780020674,1.9312649300962714,3.193330445187284,-0.856537616702169,-0.7199478067301255,0.10700658345967344,abnormal
2024-01-01 00:00:10.810,0.34629890761444454,-1.7755649669507658,1.485887518172717,0.43039691080449677,0.30579187462382384,0.19056879069739974,abnormal
2024-01-01 00:00:10.820,-0.2627754268886226,-0.08498644622543801,2.2302895364219575,-0.3098591580782954,-0.04321950928452505,0.3307316506895925,abnormal
2024-01-01 00:00:10.830,1.0332137767959626,-1.3443782081041524,0.7943952281615501,-0.15256331493048253,0.2592386760142179,0.011181307952662492,abnormal
2024-01-01 00:00:10.840,-2.129148160875972,-0.5624654567650546,1.0418975494236553,0.24462789805861815,-0.5781433081791991,1.010272391679224,abnormal
2024-01-01 00:00:10.850,2.8028007313299943,0.8121431733205007,0.004468282725808181,0.3594449823243184,-1.8838819081589324,-0.81554319837839,abnormal
2024-01-01 00:00:10.860,0.28839050490071333,0.07800191210094617,-0.7628244798569853,-0.16592941598382469,0.49195961071348815,0.2992993939184918,abnormal
2024-01-01 00:00:10.870,-0.619280222179508,0.9733645546503842,0.41512181342484283,-1.5385803974053465,0.016883648869525023,0.2994263727467955,abnormal
2024-01-01 00:00:10.880,0.561125923213572,-1.2951338312874727,0.8567895438379012,-0.12054095292842278,-0.021213177035947856,0.9098794325340103,abnormal
2024-01-01 00:00:10.890,-0.512523963818542,-1.7515745214603076,1.6553362926081838,-0.6096789476942792,0.25828459284691174,-0.5671183962765783,abnormal
2024-01-01 00:00:10.900,-1.253364625038741,1.084267655332743,2.5689545321311726,0.32370376961419767,1.142374154074107,0.715348292516323,abnormal
2024-01-01 00:00:10.910,0.9762304351876315,-0.3396583328625921,2.670898666039078,-0.5095360356195162,0.25419722285967367,0.030209694981651186,abnormal
2024-01-01 00:00:10.920,1.05802831408592,-0.6170641767302054,2.26849254009474,0.23620664075262193,0.34364512320721313,0.8690406903018463,abnormal
2024-01-01 00:00:10.930,-0.10646030134977953,0.8966341567534888,3.7590590268635817,-0.7556249555471642,2.303364230341011,0.06414851512181241,abnormal
2024-01-01 00:00:10.940,0.8229585654194673,0.5757719068155002,3.833063388571951,0.3263230985877167,-0.8995687754121849,0.008079092458094605,abnormal
2024-01-01 00:00:10.950,-0.4001355193537263,0.46368109815285874,3.661283508591657,0.08710999910531572,0.09640090775549384,0.4120603153780986,abnormal
2024-01-01 00:00:10.960,-1.5602452039748276,-0.6772879298074882,4.085366444116109,0.11541630428843973,-0.7322654097258425,-0.9989899078540674,abnormal
2024-01-01 00:00:10.970,0.41353977074900633,0.38716188898655424,5.332153271432724,0.19830000735524944,-0.1398301723865753,-0.5656675632202877,abnormal
2024-01-01 00:00:10.980,-1.6358552178056878,-1.571150444529528,5.067103640293438,-0.3223458050041381,0.6443844466021942,0.7231976608633841,abnormal
2024-01-01 00:00:10.990,-1.3094580482780294,1.795971421247075,5.587109322635117,0.5800345541738982,-0.6182629481561294,0.1027075693670132,abnormal
2024-01-01 00:00:11.000,0.3264611028271218,2.1182029180999136,6.1348904075826,-0.6354791739631459,0.5660072870239271,-0.5180208664174153,abnormal
2024-01-01 00:00:11.010,0.16593735836191634,0.8505923637296532,5.732557197224948,1.300834879591877,-0.7847438700876314,-0.476112487985383,abnormal
2024-01-01 00:00:11.020,3.1883506669880637,0.6992861925855784,5.951448104293151,-0.17865133846406528,0.05595691181499985,-0.18897868497474368,abnormal
2024-01-01 00:00:11.030,-0.46857415843845507,1.191087226543239,5.859555514551581,-0.42819545232253586,1.5475428726542126,1.1951384615883618,abnormal
2024-01-01 00:00:11.040,-1.0384209989656061,1.738223262439755,5.228271782777638,0.9631972386179599,0.23468579232097656,-0.511532541591842,abnormal
2024-01-01 00:00:11.050,1.2095749776965614,-0.9212727793235529,6.138368605653491,0.7085680602948419,0.30370139351781256,-0.9837925930701159,abnormal
2024-01-01 00:00:11.060,1.8711723191041654,-0.2682320782472387,6.186435997993533,-0.6734639923866058,-0.2262578756469616,0.23271239528602133,abnormal
2024-01-01 00:00:11.070,-0.7710231046821865,1.9463492423236375,7.6470208460766855,-0.9320224423653817,-0.19215985477814534,0.6815333240798696,abnormal
2024-01-01 00:00:11.080,-0.684300061694473,0.37676850013644086,8.584300704130863,-0.5293997345862684,0.7008468137246706,-0.2968249952278368,abnormal
2024-01-01 00:00:11.090,0.7319767201346858,0.7214942123783735,7.112717286103723,-0.2690735369804652,-1.677142425934762,1.2857766737071836,abnormal
2024-01-01 00:00:11.100,0.7797367472224132,-1.132297487500662,7.5650196812687405,1.0125712620264393,0.8568241251251616,0.24753254033003175,abnormal
2024-01-01 00:00:11.110,-0.2398603778125353,-0.7995484881080861,6.2199536495096925,-0.22841985608148457,1.3400462192750255,0.21050017282420658,abnormal
2024-01-01 00:00:11.120,-0.20160530710859767,-0.18854625285026502,7.511788954950365,-0.9624573389561821,-0.6525839112257751,-0.2897837381026918,abnormal
2024-01-01 00:00:11.130,0.22419283988363506,-0.1142430195175284,7.719608983111899,-0.21274252733875088,-0.48229510793276076,1.0006345658850664,abnormal
2024-01-01 00:00:11.140,1.8520702601967471,-1.2998247065038675,5.821994898975664,0.7606646292455079,1.0091399069417033,0.2349407060277493,abnormal
2024-01-01 00:00:11.150,3.2447087232808416,-1.1990476774213545,6.571263996514922,0.15093048315545884,0.31568371728627675,-0.7612712643251089,abnormal
2024-01-01 00:00:11.160,0.9721182530656811,-1.846871075581595,6.013019808530876,0.9926482718509384,0.8064682405880667,-1.0845197730464995,abnormal
2024-01-01 00:00:11.170,0.4527595457481255,-1.0040866429342399,5.982144274010565,-2.3574142439662724,-2.112001428562756,-0.055814416217130215,abnormal
2024-01-01 00:00:11.180,-0.8220775519306648,0.9302458970300045,4.689929193101799,-0.6296085442765427,-2.206855283184033,-0.09309127208006611,abnormal
2024-01-01 00:00:11.190,-1.2402853395400408,0.7082152114329096,5.830991136851707,0.031110650576931784,-0.35904878177356725,-0.8135654817790384,abnormal
2024-01-01 00:00:11.200,-0.2509135412183095,0.48702307934056377,6.196238677971318,-0.31877830702437127,0.7627724432871208,-0.49411734000971064,abnormal
2024-01-01 00:00:11.210,-0.28264571753133316,1.392125062406095,4.286244413454799,-1.1894242066141565,0.9706089719335013,-1.3188894464178438,abnormal
2024-01-01 00:00:11.220,0.5256344441456469,-0.15891691046578324,3.645659715161733,1.2211333756984966,-0.40567060368659974,0.015457204379944448,abnormal
2024-01-01 00:00:11.230,-2.0810311195705706,2.2019895075165175,3.9070914122129246,0.6990008531333762,-0.24405579580564565,-0.21529237310118557,abnormal
2024-01-01 00:00:11.240,-1.2968983850848925,0.1296182988321274,3.889270238649444,-0.01435044865836317,0.9242947147521006,-0.9544736328401533,abnormal
2024-01-01 00:00:11.250,-0.6425916746769252,-1.8637780203853496,3.4848321916925658,1.2941608213160196,0.6125577391182786,-0.6309942360425973,abnormal
2024-01-01 00:00:11.260,-0.6410516641241185,0.00532735660670682,2.732945395585069,0.45753328133084964,2.0242177915785513,0.1816859108963842,abnormal
2024-01-01 00:00:11.270,-0.44569949443578777,0.9460710972363318,2.982093630088389,-0.02271472063061848,-0.18500438261441365,-1.0157605452581295,abnormal
2024-01-01 00:00:11.280,1.620213384919112,-3.0117981008398593,2.8199685844394167,-0.7851186566538707,0.3501377188472987,-0.01614115043047865,abnormal
2024-01-01 00:00:11.290,-1.0393745167214634,-3.649313286062567,1.86767435875352,1.6846920761626367,-1.3477690914614096,0.45357468557410974,abnormal
2024-01-01 00:00:11.300,-0.8020213023780324,0.024213885581719077,1.249563434954798,-0.2288413959356503,0.8501642728577171,-1.1519956831464753,abnormal
2024-01-01 00:00:11.310,-0.27998892230516775,-0.17838988330721714,0.25390131018544393,0.13404969737632869,-0.5067289034764155,-0.6412034226653889,abnormal
2024-01-01 00:00:11.320,0.9719743431599257,-0.0005604145504494309,-0.5240075360400103,0.06028172624506323,-1.0807019151245025,0.36932085949573307,abnormal
2024-01-01 00:00:11.330,0.1310773265319742,0.30826008263254084,0.7528592016407885,-1.3627477249926192,-0.23043398998929907,-0.15850823625135912,abnormal
2024-01-01 00:00:11.340,-0.41059675547343916,-0.2661867079634646,0.2555858672907653,-1.0671109087631099,-1.7550538906959814,-0.6923128922491895,abnormal
2024-01-01 00:00:11.350,0.1039233719117516,0.01745740596084447,0.6994746501421061,1.5436866739820312,1.0437947317482823,0.24045909625869571,abnormal
2024-01-01 00:00:11.360,-1.1018694609594435,-0.3165399349953251,0.7439400233896907,0.0438826441000123,0.07717828475739599,-0.21244941986192248,abnormal
2024-01-01 00:00:11.370,-0.45709752240290064,-0.19142342990181963,1.683593752391278,-1.7944402059275708,-0.36551235497815043,0.030415146595162843,abnormal
2024-01-01 00:00:11.380,0.8664934144892859,1.780745647488105,2.6833835182551593,1.0356048050292548,1.0378028205332241,-0.8955132701834448,abnormal
2024-01-01 00:00:11.390,-2.1348858304440994,-1.5223734743531205,3.250442683679893,0.44294468042925267,-1.6726131231415022,-1.4592199951864913,abnormal
2024-01-01 00:00:11.400,-1.8364367690838366,0.8321433129034431,3.66960188889667,1.9666420356740637,-1.2843467284522674,-0.8871139625887027,abnormal
2024-01-01 00:00:11.410,1.743937174537418,-0.9724984964126595,3.8846175576002264,1.6057470561598948,-0.15823425394392807,1.3581776684940472,abnormal
2024-01-01 00:00:11.420,-1.4027179058929076,-1.983004964153858,4.137671926740526,-0.3056192941274568,0.07096126431443543,0.025762219230576186,abnormal
2024-01-01 00:00:11.430,-0.2633963640828107,1.6720379589540943,4.916790731690939,-1.828476401778505,-0.59748859387225,-0.04731380201139518,abnormal
2024-01-01 00:00:11.440,-0.182476733636412,-1.3828450527317313,4.59197086832544,0.5318855497601651,-1.054020298593646,0.09860242133648389,abnormal
2024-01-01 00:00:11.450,0.8559640789612669,0.08076663349030681,5.07293087455284,0.2530651513599423,-0.08301702697465832,-0.5935086530204778,abnormal
2024-01-01 00:00:11.460,-2.033242032623635,0.21497972865843895,5.860246494417626,0.4437354333724105,-0.39637459645575,0.44257602879811503,abnormal
2024-01-01 00:00:11.470,0.3975024622892177,-0.05658788222193374,5.0843719518316215,-1.445307352565023,1.3920509339049913,-0.039616897506086116,abnormal
2024-01-01 00:00:11.480,0.7218454525233635,0.5957182799690331,6.438591402492766,0.6462919583007557,-0.2126359620305339,-0.8287021613804358,abnormal
2024-01-01 00:00:11.490,0.4206658443970766,0.5890175856429742,6.3611855614443105,-1.7703373771378164,1.388804358019195,-0.43483601878118117,abnormal
2024-01-01 00:00:11.500,-0.9557747653363557,-0.5642552621098808,6.72160893023144,0.19421542939996053,0.4913860120075595,0.3319633261522646,abnormal
2024-01-01 00:00:11.510,-0.3268798032462808,-1.0637248565777315,6.460362261279893,-1.481995834106424,-0.06850174467473791,-0.48982875870862674,abnormal
2024-01-01 00:00:11.520,-1.0491472692890393,-1.907545666734459,6.492739026148975,0.693513443614185,0.24627362866394598,-0.9733695789936505,abnormal
2024-01-01 00:00:11.530,1.5612095126839838,-2.228324026440531,6.701306234958161,-0.7867522771307581,0.1306214527769314,-0.30582783024545734,abnormal
2024-01-01 00:00:11.540,-0.3516492284913378,0.8200041265476262,6.703720130713984,0.9857960337953399,0.9485557272257644,-0.3886985511692442,abnormal
2024-01-01 00:00:11.550,-0.2317797844815367,1.1070738980682564,8.240794053467106,1.4550844134350036,0.10232958140894827,-0.06904195927752968,abnormal
2024-01-01 00:00:11.560,0.63950215929149,1.3872496087116803,7.122591404239522,0.662041469627438,-1.1331838594863932,-0.23100040558017648,abnormal
2024-01-01 00:00:11.570,1.562776970458061,0.5538005194088471,6.418394193045387,1.214091694892411,-1.0649303985639,0.09376926235763926,abnormal
2024-01-01 00:00:11.580,-0.9666052634447329,-2.487341800086247,7.613581426798508,-0.08499140151509509,0.6484569834823144,0.500420966681676,abnormal
2024-01-01 00:00:11.590,0.6154672564370065,-0.04924581340152893,7.443377631363029,0.4789889070698836,-0.4631122978878269,0.04089704875644053,abnormal
2024-01-01 00:00:11.600,-2.6628161263344245,-0.9514450301499088,6.31311101408796,-0.3767975857447101,-0.9711419803044866,0.9320921619566729,abnormal
2024-01-01 00:00:11.610,1.2573878922105084,-0.7792854099005672,6.905777101742685,-0.18403949983636672,-0.5154466842779605,-0.6484219224240588,abnormal
2024-01-01 00:00:11.620,2.1046718012565537,-0.8506717870830666,5.9435275276115265,0.45781561441929847,0.11439121613207899,0.5336800140324939,abnormal
2024-01-01 00:00:11.630,0.4170633696960523,-1.8649678492519248,6.197833341338118,1.950843419498108,0.36709282299230245,-0.3072386767541029,abnormal
2024-01-01 00:00:11.640,0.54878748754532,-1.0220764423235713,5.912121967946722,-0.6970730012872849,-0.8653791955104725,0.38090460349258265,abnormal
2024-01-01 00:00:11.650,2.3235173433785263,0.17052484291008477,5.315157450760271,-0.24391217908395188,-1.277731968304651,-0.01873418575739586,abnormal
2024-01-01 00:00:11.660,-1.0861321811946978,1.239110472941304,6.024249854163732,0.02935618270778837,-0.3547426248084112,-0.18193334920465962,abnormal
2024-01-01 00:00:11.670,-0.3933597581322752,0.6286792283491439,5.98505301602758,-1.3331787467056626,0.33861773254295474,0.33870368475783225,abnormal
2024-01-01 00:00:11.680,0.4665487592674388,1.2877907999548324,4.610122486623873,0.06278883720433122,-0.10358877978844298,0.49212591305847725,abnormal
2024-01-01 00:00:11.690,-0.40043241489439757,-2.127048490127441,4.449891545283888,0.7485122683706048,0.5918959470924022,0.28644470628612706,abnormal
2024-01-01 00:00:11.700,-0.30071862821235085,-0.9426128167985436,3.1156505836569455,0.2742908664586614,0.07900542008967266,-0.052720510554939336,abnormal
2024-01-01 00:00:11.710,0.5676839228238113,-0.3524233784403816,4.347426939850054,-0.03520375672486564,-0.8313231830270466,0.07972601822829832,abnormal
2024-01-01 00:00:11.720,1.0852152873578143,0.7976186475717137,3.7816189609091504,-0.4016630652331952,-1.6178741937228598,0.06731348359674144,abnormal
2024-01-01 00:00:11.730,-2.852056173442174,1.9494673061256853,2.5048789212311764,0.3257909946184494,0.48720221880446946,-0.421721777826599,abnormal
2024-01-01 00:00:11.740,-0.071962173292781,-1.3888588843172716,2.1021953123489836,1.0860956320067037,0.16264728362284353,0.17942045051968708,abnormal
2024-01-01 00:00:11.750,-0.1891853770307753,-0.8384294660531181,3.075743882595319,-0.23074117843717423,-0.3224509315785554,-0.31303429733946286,abnormal
2024-01-01 00:00:11.760,-1.1862825150646623,0.7607062306392794,2.111560087011713,-0.11342906125255581,0.6150970188419859,0.27592948234333253,abnormal
2024-01-01 00:00:11.770,-0.8184769814713454,-1.1515907325371757,1.0286764423794588,1.0318917356249224,-0.20705521063045676,0.13415978976885626,abnormal
2024-01-01 00:00:11.780,1.0562567049538112,0.5289224224184199,0.10809636611188556,-0.6894515397900474,-0.35322954333544904,0.33844483047506035,abnormal
2024-01-01 00:00:11.790,-0.13743942408231105,1.1853450143554798,0.10622100695266845,-0.4628784472962912,0.7626678565699605,0.3980828805149103,abnormal
2024-01-01 00:00:11.800,-0.7765226015516355,-1.3526411520947934,-0.8115817933886598,-1.2065788106862805,-1.1131092880971631,0.15553755481976694,abnormal
2024-01-01 00:00:11.810,-0.695048298483209,0.4517227945595279,0.8623453364402156,0.8030079164944064,-2.1524143134393277,0.7424400725053177,abnormal
2024-01-01 00:00:11.820,-0.423701113269772,0.6913392463097199,1.0328805310122244,-0.19008064677539674,0.9470165766718235,0.07491467458892259,abnormal
2024-01-01 00:00:11.830,0.2527793836421384,1.6182998638561785,0.7237473666796794,0.261611871436609,0.07591497853563677,1.1006098844376018,abnormal
2024-01-01 00:00:11.840,0.15927494729636382,0.046660263876664214,1.0013301897867093,0.681655900737009,1.4076023614601303,-0.4582880585058763,abnormal
2024-01-01 00:00:11.850,0.01717983166535396,-2.4538960040855664,2.3459027561629346,-0.814491881314388,-0.9828034206960955,-0.017175365595991726,abnormal
2024-01-01 00:00:11.860,-0.49204711876682194,1.0041975970135006,3.213395085868113,0.1000419963100499,-1.5421515461256603,0.3515783193563835,abnormal
2024-01-01 00:00:11.870,0.9373472510458463,-0.22012306032773613,2.894460271001345,0.5879677744706584,-0.5710025628054939,0.46833436349668134,abnormal
2024-01-01 00:00:11.880,2.992899653399829,-0.5919306832274198,3.2192529766621796,0.2999136818798214,-0.3464847588672254,0.5403357634938295,abnormal
2024-01-01 00:00:11.890,0.8036010868585736,0.37535670850841557,3.72307914900037,0.08113564632606537,-0.21424022142041899,-0.8075994464481135,abnormal
2024-01-01 00:00:11.900,-0.8084639794555922,-1.067161800393552,3.940431118439371,0.753635196333962,0.6656156068443159,0.43549795177904876,abnormal
2024-01-01 00:00:11.910,-1.0802247224764787,-0.9532306849536883,3.8558451551829047,0.5582980954452887,-1.1591117778963669,-0.5266967018025809,abnormal
2024-01-01 00:00:11.920,-0.6621938294728907,1.39918939437845,5.144366776390895,0.9189909179688154,0.4433003977587704,-0.6665570397538629,abnormal
2024-01-01 00:00:11.930,-0.0037825003601432527,-1.579092800241319,5.693885314356706,-1.5500004879828084,1.4078007478027552,-0.8113936823122196,abnormal
2024-01-01 00:00:11.940,-1.1726399716426412,-0.4844380388946419,5.179851430322185,0.8374922806532049,1.378509813193974,0.07857487831150008,abnormal
2024-01-01 00:00:11.950,-0.8431049903282629,-1.591754848430136,4.71449758590057,0.17656991069610112,2.235623142933462,-0.43281481738093325,abnormal
2024-01-01 00:00:11.960,-0.25677233123938725,-0.02906388792226991,7.253515610433867,1.01319264449187,-0.2997600694415945,0.031812126718330475,abnormal
2024-01-01 00:00:11.970,0.43038280310308713,0.3453829666526321,7.209454021254423,-0.09125589972550487,-1.4414743999972692,-0.444746577036299,abnormal
2024-01-01 00:00:11.980,0.21088541413053458,1.4972612328449761,6.577562501735962,-0.25671087302666173,1.8610521027917686,0.20370393583210394,abnormal
2024-01-01 00:00:11.990,1.7762860164574221,-2.603107184443708,7.225993719965528,1.5050215892245404,-0.0475412764497734,0.11621835391169612,abnormal
2024-01-01 00:00:12.000,2.0035553410935694,0.5940836099229447,7.180587354462379,0.9064048967323602,-0.8247460170536056,0.07845212260228622,abnormal
2024-01-01 00:00:12.010,-1.3130590719661472,-0.3574193378006156,6.703255748208899,-0.8545025740054565,0.6558421808340437,-0.2846323257639035,abnormal
2024-01-01 00:00:12.020,-1.0944371331596336,-0.012631214289334553,8.102626490201219,1.0125655200201686,-0.2656604860262814,0.8876885121734707,abnormal
2024-01-01 00:00:12.030,-1.5092431706441465,-1.2351157796489887,6.808663423475604,0.6099648390955453,-0.4398841562794832,-0.34281688792985365,abnormal
2024-01-01 00:00:12.040,1.5610154186657874,-0.20591739805219406,6.626867260146846,-0.05578847362140145,-0.08093244078679365,-0.08191423449683338,abnormal
2024-01-01 00:00:12.050,0.6621660660761022,2.258195834406277,6.3486706148759735,0.2179345302483719,1.1237523092692114,0.037360237243646795,abnormal
2024-01-01 00:00:12.060,-0.5275926868700113,-0.9037878148216449,7.586733922419447,-1.3617672849892428,-0.8649351442825607,1.2365012224718006,abnormal
2024-01-01 00:00:12.070,1.0306883867720409,-0.07015081436753766,6.196345536672246,1.0668626956000637,0.12072711706465235,0.028458057660630157,abnormal
2024-01-01 00:00:12.080,-1.7586375897965547,-0.29772924810095186,6.876429934273199,0.00046674084382893787,-0.6301221192925326,-0.6223467852255353,abnormal
2024-01-01 00:00:12.090,0.033388939990685554,1.8050051094881463,6.596539626046071,-0.5334818135127591,-0.17628592742352994,0.09029835963656611,abnormal
2024-01-01 00:00:12.100,0.9256594430741358,-1.257118864281131,6.323708811907148,0.8913348253261338,0.2662511397601146,-0.9134036138175305,abnormal
2024-01-01 00:00:12.110,-0.7772837605696625,0.6381698626674946,6.664349182062688,0.417542481996006,-1.038259258453442,0.2041285543736291,abnormal
2024-01-01 00:00:12.120,0.35702051446297767,1.199541980236018,4.0737927765224855,-1.5150923688648792,-0.8824356162376358,0.6829666592036532,abnormal
2024-01-01 00:00:12.130,-0.5875476103955609,0.5991099509033355,6.009727706748001,-0.46825525007787167,0.6330158186680528,-0.08829167774061919,abnormal
2024-01-01 00:00:12.140,1.474632115096596,-1.7195449730075656,5.3229314865981,-1.120139038737579,0.8085265185894788,0.6811687601961162,abnormal
2024-01-01 00:00:12.150,2.96457219750705,0.7680157784191228,4.276401961738131,-0.14629808173846848,-1.517420400245182,0.2449356015260934,abnormal
2024-01-01 00:00:12.160,-0.6077553036586371,1.8468523081430273,4.659401262084779,-0.9967893226916729,-0.0791563548544942,-0.7666501373124712,abnormal
2024-01-01 00:00:12.170,1.2390745984224298,2.443128873585748,4.119379317123405,0.7311330043332117,0.04334530869674132,-0.7942337374729985,abnormal
2024-01-01 00:00:12.180,-0.1199098150930817,-1.3827017193332616,3.678334202282869,-0.5765391427824392,1.770014217444159,0.03952148840919638,abnormal
2024-01-01 00:00:12.190,0.38707208834230805,0.30400414114227686,3.1753640196692117,0.23145597814823665,-0.21582548899646917,0.1734451351914231,abnormal
2024-01-01 00:00:12.200,-0.13213800641747644,0.2764690078648673,2.595046001229171,-0.2967854841355837,-0.38240222823054926,-0.023760275116297594,abnormal
2024-01-01 00:00:12.210,-0.4552409519144674,0.2097757668496724,2.5508365620080182,-0.876178811179846,0.09063217001568218,-0.7130457596562156,abnormal
2024-01-01 00:00:12.220,0.646128924264288,-1.5722347518295368,1.6533241974348007,-0.7073857624584879,-0.18790850302264792,0.8205781707953199,abnormal
2024-01-01 00:00:12.230,1.1128053755856153,1.2588680636403005,1.8491691646248154,-0.4975128747583543,0.42233896239221386,-0.7743433261237751,abnormal
2024-01-01 00:00:12.240,-0.07007858735886134,1.9132571293203133,2.27983625104556,-0.8768249297587478,-0.1371102516318013,0.4674468616177034,abnormal
2024-01-01 00:00:12.250,-1.375380664372868,-0.5053531301357969,2.101735894242603,-0.18511167458063535,0.7460750840730291,0.1984405088980572,abnormal
2024-01-01 00:00:12.260,0.8858276490775004,-0.6057762179357179,0.8897836716753273,-0.15399695132043054,1.543444150173973,0.831815395001479,abnormal
2024-01-01 00:00:12.270,-1.8259212841895955,-1.4814744125610937,-1.0731375300619566,0.8148997039873869,-0.9196578439771804,0.15769137163833088,abnormal
2024-01-01 00:00:12.280,0.6852917183229056,-2.534857002515928,0.2615241172430691,-0.5752921253561473,-1.3605105859790931,0.2979636141573451,abnormal
2024-01-01 00:00:12.290,0.9043730849723864,-1.6266236658805544,1.092447586116744,0.9664587188533419,-1.321734966859659,-0.19479290419114667,abnormal
2024-01-01 00:00:12.300,-0.13876096999708057,-0.10991074424620038,0.7658008319893883,-0.06133018675381241,0.7496950426223269,-0.6226350694975863,abnormal
2024-01-01 00:00:12.310,-1.0014817187532092,2.3441404059610647,2.0744557486964132,-1.9994416121911185,-0.35826958675403253,-0.8454687137362731,abnormal
2024-01-01 00:00:12.320,-0.6673496845195643,0.8356631316056603,3.247648742740771,-0.8531350546853661,-0.4877280150722785,-0.22359212453625896,abnormal
2024-01-01 00:00:12.330,0.38647523097814884,0.23539221523671983,2.090128582942336,0.041144165688436964,-0.9841232680446714,-0.4696526995000609,abnormal
2024-01-01 00:00:12.340,-0.17733428797618647,0.36879395367951473,2.3979020666008624,-0.012114688652895996,1.2502448124375913,-0.28062795083939795,abnormal
2024-01-01 00:00:12.350,-2.6423444172195043,0.7009698578919191,3.3239482290605347,-0.7116350922195328,-2.2647078990956935,0.4256115921576508,abnormal
2024-01-01 00:00:12.360,1.258808891597926,0.5889688089038615,4.03263477896975,2.0554206290906576,-1.4807690611602513,0.010854006414368046,abnormal
2024-01-01 00:00:12.370,-0.7786468742417796,-1.1215675760781314,4.897480970317922,-1.2531020106752644,0.2008185934322404,-0.5249019756375772,abnormal
2024-01-01 00:00:12.380,-0.01164133042430187,0.1989425711099496,4.872527057646585,-0.1489319938151484,-0.8108408212350983,0.55544535962772,abnormal
2024-01-01 00:00:12.390,0.5386956807460997,-0.1453666552135457,5.109840487903747,-1.304977536676906,-0.29210819910548363,-0.13444140680300562,abnormal
2024-01-01 00:00:12.400,-2.4511090548639856,-0.2104626731656428,5.816017625298563,0.10885555406960244,-0.05965676789354001,-0.7795277828397654,abnormal
2024-01-01 00:00:12.410,0.46939168768597533,0.9675539452809607,5.242892635379006,1.095497818042968,-1.1424575732117157,-0.8289461301139547,abnormal
2024-01-01 00:00:12.420,-0.6901541846796658,-2.005042593037616,5.505547392893399,-0.0815771991766792,0.4625728423591018,0.11087951672650899,abnormal
2024-01-01 00:00:12.430,-0.06814177112590453,2.0652341395338096,6.083998149740896,-0.8116098277234705,0.001754668057448379,0.08065200524536455,abnormal
2024-01-01 00:00:12.440,1.2249551465996285,1.0453220483007588,6.828434242253315,-0.6192088143537594,-1.2623676941525013,0.137584966649827,abnormal
2024-01-01 00:00:12.450,-0.5464908678312835,0.3676451017377755,6.372424673142961,1.2978537653361628,0.14644347858758777,0.3494336995668667,abnormal
2024-01-01 00:00:12.460,1.2023867993088,-0.6616403166539204,7.437867663673653,-0.7598496669274492,-0.10205502461567444,-0.4928414874202344,abnormal
2024-01-01 00:00:12.470,-0.5105626788582115,0.44865671150956205,7.67179219887115,-0.07591821501080825,0.20734843800801106,0.08476121862843758,abnormal
2024-01-01 00:00:12.480,0.24875947912721708,-2.9896237566849324,5.942918487977218,0.8025079674003338,0.8519154732741527,0.1621346560306081,abnormal
2024-01-01 00:00:12.490,-1.3940292353234225,0.09631885818511281,7.672454399218256,-0.017082371764962623,0.39308345469455386,-0.9466587350478269,abnormal
2024-01-01 00:00:12.500,-0.7803214504825539,1.072101620989886,8.291334994005062,0.07107029717053966,-0.012044287193457737,0.07037798136869321,abnormal
2024-01-01 00:00:12.510,-0.7428119872054982,0.9783960639801409,7.2371553443637096,-0.9530590515762714,-0.5720045756993695,-0.6625179177040972,abnormal
2024-01-01 00:00:12.520,-0.49618522129485537,-0.1677113613421545,7.301358350333203,-1.0074570861714636,0.8967544170870594,0.6191668331604689,abnormal
2024-01-01 00:00:12.530,0.05511455397110317,-1.2593349321075262,6.930600048152455,-0.9241249394991589,-0.6058614939018623,-0.013583293544656639,abnormal
2024-01-01 00:00:12.540,-0.2128201971256838,0.9883900437629649,7.1944261043574995,0.5124532395221141,-0.1147003830421163,-0.10641273403327813,abnormal
2024-01-01 00:00:12.550,1.6810768188289174,-1.9251300205952828,7.186324356746292,-0.343282912145596,0.1639015749588934,-0.0709822344488807,abnormal
2024-01-01 00:00:12.560,0.10703658613884803,1.471830313762104,6.844482600863102,-1.3454690846697779,0.24060149189599267,-1.0472446035488125,abnormal
2024-01-01 00:00:12.570,-1.7184550043642406,-1.3092231548900546,5.88507165689114,-1.2200016172279387,-0.4937711521435068,-0.0661654305761187,abnormal
2024-01-01 00:00:12.580,-1.8310965851550476,0.4304137015424811,5.712415424013612,-1.2276097588592791,-0.44638055923118586,-0.33818026702345305,abnormal
2024-01-01 00:00:12.590,2.129546078620833,0.6748471664837725,6.992732709456116,0.8089375234316137,-0.22071225656191099,-0.6522728776012429,abnormal
2024-01-01 00:00:12.600,-1.771114215513239,0.4228889982026802,4.766185445941142,0.7648020430379786,0.3327631890406785,0.7898950940436318,abnormal
2024-01-01 00:00:12.610,-0.1281483270585765,-0.2969859648955502,4.690903379764256,1.5533227285456093,-0.2769353072743924,-0.3249732300785908,abnormal
2024-01-01 00:00:12.620,0.7283329901602466,0.5141950869066391,3.6844516513507584,1.4161033625004473,-0.9948916722865576,-0.011851382902800897,abnormal
2024-01-01 00:00:12.630,0.13892986609842672,-0.09070011054412518,4.328539046603003,1.1496502688998471,-0.5162450764873466,-0.3310404857725257,abnormal
2024-01-01 00:00:12.640,0.20675874678835368,-1.955180713764071,4.406138052129256,-0.3175347388084163,-0.21572704797236383,-0.36035759684958846,abnormal
2024-01-01 00:00:12.650,-2.2210442836923567,0.6405508190834757,3.572054609905204,1.803315915672105,0.7977912532547352,0.7665525079830071,abnormal
2024-01-01 00:00:12.660,-0.8304421942993159,-1.453209178713301,3.559181868542546,-0.3203711545797826,0.9632898728870227,-0.3359454694614855,abnormal
2024-01-01 00:00:12.670,-1.4444233857093696,-0.5013852131892458,2.4814415341969807,-0.5150905844766741,0.47685192412760596,-0.3128855947952847,abnormal
2024-01-01 00:00:12.680,-0.7439633835836575,0.724262386008085,2.4919901165541165,-0.07213136160379648,1.9985742878326098,-0.45394814119073873,abnormal
2024-01-01 00:00:12.690,-0.6581844124838022,0.5243815307531263,2.428090805133583,-0.22014636757916492,0.8031220662178308,0.21185621295386667,abnormal
2024-01-01 00:00:12.700,-1.3893824791274287,0.772872129411562,1.6494605536034872,1.782842189053578,0.8888786483783414,-0.9258099033828828,abnormal
2024-01-01 00:00:12.710,-0.2703126921426304,-0.5806563705273373,1.3652352964646606,-1.5592812712704256,0.3961059170146232,-0.3265391835946774,abnormal
2024-01-01 00:00:12.720,0.3722615689249838,-0.3776909917243171,0.8299167986511818,0.006987041186166502,-0.6429299115087328,0.31303996466985234,abnormal
2024-01-01 00:00:12.730,1.7584459685274203,0.7201537105355552,1.2106999476945601,0.05693164393823451,1.1612829498223518,-0.1316619095640009,abnormal
2024-01-01 00:00:12.740,2.5785324203454634,-0.569070695845404,0.567982028461696,-0.23865191491593743,-0.3041946753303531,-0.12654824779237273,abnormal
2024-01-01 00:00:12.750,-0.2899717430941379,-0.436848094877199,-0.4987386506673468,-0.46816597340189436,1.1119006749903497,0.5454831274235398,abnormal
2024-01-01 00:00:12.760,-0.2049729268148146,0.10584093761133437,0.5621340328482556,1.1187808210214398,0.12234683517018936,-0.18281220619588728,abnormal
2024-01-01 00:00:12.770,-0.3144462600700566,-1.4568534684582535,1.2066042436919968,-0.2842652285412286,-0.8848663167296862,0.3664466072922004,abnormal
2024-01-01 00:00:12.780,0.3532434679215003,-2.474556806300626,2.3781247126707874,-0.19804156373856907,0.20530518708582854,0.36959016958882246,abnormal
2024-01-01 00:00:12.790,-0.3314754742290959,0.13604211739370597,1.662572153731597,0.25487243990369063,1.3170977980600511,0.13753651931017244,abnormal
2024-01-01 00:00:12.800,-0.005762334323980234,1.5242474384878983,2.5135021764712087,-0.5540488615528163,-0.3771060800288436,0.03410922183372644,abnormal
2024-01-01 00:00:12.810,0.8505098887015782,-1.4839663407220673,3.7929186647253337,-0.3617713411993792,1.2138320330805343,-0.3566519884582188,abnormal
2024-01-01 00:00:12.820,-2.6183212928110917,-2.2102071058392347,3.7914403325935706,1.012587038776694,-0.0034728307651483966,0.08792525144968535,abnormal
2024-01-01 00:00:12.830,0.18483887833160412,-3.0466379465741937,3.4471588870405268,-0.03575727883669007,-0.4863009043758322,-0.21993013505904457,abnormal
2024-01-01 00:00:12.840,0.7764174213041922,1.490308605544326,4.106271477585409,-0.6889751594125177,1.6871212109679423,0.322255231469768,abnormal
2024-01-01 00:00:12.850,2.1297397443306925,-3.7289274006444426,3.8607935289823514,-0.20245923886696154,-0.6644740410475423,0.3706404836073851,abnormal
2024-01-01 00:00:12.860,0.6009013592591915,-1.2964618884792651,4.577019609868529,-0.9583072041318483,0.5166556691190243,0.41376154039612284,abnormal
2024-01-01 00:00:12.870,0.8150327050959255,1.1345789823811756,4.527175969951071,1.0426144332659781,-0.8893129109102738,-0.3281306702616039,abnormal
2024-01-01 00:00:12.880,0.302106335869969,-0.4411424680903825,5.259612538767329,-1.560475565990808,0.5702608482498686,-0.02179276364471936,abnormal
2024-01-01 00:00:12.890,-0.5993718951121577,-0.7475735215250255,4.769237369408268,-0.15709583344350161,-0.3814884475150194,0.2607530078054775,abnormal
2024-01-01 00:00:12.900,0.1328904244277255,1.2791103087613653,6.706499739509194,1.1873739323632115,-1.4278469349142622,-0.29041888653623943,abnormal
2024-01-01 00:00:12.910,-1.3094269120142221,-0.5459914832219924,6.771080403432062,0.6643842514204839,-0.17637665919668402,-0.08216236930167388,abnormal
2024-01-01 00:00:12.920,0.3298384481634163,-1.5274587102097954,6.850893911972775,-0.013942262790122763,0.7687838384325643,0.15259240060449766,abnormal
2024-01-01 00:00:12.930,3.300193443245115,0.25544641431373905,6.9515922327879505,-0.4480325324889236,-1.259691278153623,0.09303873561054885,abnormal
2024-01-01 00:00:12.940,0.9448027566391279,2.1116609053027977,7.370515206370232,0.21835970291416892,-1.3428055505028518,0.14289486940954402,abnormal
2024-01-01 00:00:12.950,-0.1520162059646573,-1.7286691803248335,6.42530453670637,-0.1988968371522411,0.45321098998049586,-0.4621794485134503,abnormal
2024-01-01 00:00:12.960,-0.4989619079729161,0.8659199865373783,6.394826098377283,0.3602607783987385,0.9314367302513396,-0.49483504150384383,abnormal
2024-01-01 00:00:12.970,-0.04514548169212718,-1.7045102390165,7.442563288849861,-1.4785207621482064,-0.37452365259251025,-0.354153750705831,abnormal
2024-01-01 00:00:12.980,-0.4120851810137964,-0.531418267358387,7.862309059277449,0.8223223410323114,-0.6167079247691523,0.16159159734453804,abnormal
2024-01-01 00:00:12.990,0.6793570632681246,-0.1216158133511623,6.971574410534213,1.610005401589118,0.3581125319933311,-0.27819899344095167,abnormal
2024-01-01 00:00:13.000,0.8688591178535453,-0.15965957687776464,7.065241121229487,1.0297684709654635,0.8251799620543673,-0.6821748250336482,abnormal
2024-01-01 00:00:13.010,-0.03507383412101758,-0.9664737578048322,6.37418520795117,0.9468898196392598,-0.053461305538030426,-0.2217517488441207,abnormal
2024-01-01 00:00:13.020,-0.8232117252248197,0.9518489591556448,6.97520000277964,-0.3768066813484216,0.9456706097032812,-0.2828443233092328,abnormal
2024-01-01 00:00:13.030,-0.9197952580962511,0.509066914550087,6.792024298362512,1.1248549017834737,1.5556299715508624,0.3622101345330155,abnormal
2024-01-01 00:00:13.040,0.9307080959331815,-1.8726654345490554,6.92545989450471,-0.8515302651133794,0.5128118199064284,-1.0292533879547148,abnormal
2024-01-01 00:00:13.050,-1.1320667950797152,-0.3342956732222682,6.94249321898459,-0.6208559074012999,0.6541817747242992,0.2650986176945635,abnormal
2024-01-01 00:00:13.060,-0.08543298399951889,1.0321151960266874,4.793368509463434,-1.1954875194431172,-0.6174281212961651,-0.27400973274033985,abnormal
2024-01-01 00:00:13.070,-1.1392543037557221,0.06709564673025395,5.830178118417574,0.9176220179066601,0.02205393537754938,0.5553991635168996,abnormal
2024-01-01 00:00:13.080,-1.1834993793165736,-1.4688175041811478,6.108002845461273,0.30459709047601896,-0.34898010788985256,0.5998903598377323,abnormal
2024-01-01 00:00:13.090,-0.07870135259381444,1.501553702704324,5.2313878512399405,-0.5197440545676404,-0.8183961749331605,-0.10586596337136296,abnormal
2024-01-01 00:00:13.100,1.7422760442476666,-1.0250393760247973,3.7413970154514162,0.23693061485543415,-0.07864738427975584,-0.2916856440108411,abnormal
2024-01-01 00:00:13.110,0.2695885165826534,1.2767349673437058,4.600255354517938,-0.783838868617047,-0.6823897306878793,1.3083727420150135,abnormal
2024-01-01 00:00:13.120,0.9835910280023158,0.010822780042330234,5.25529039946308,0.04208305492609124,1.1937485527867884,-0.3273843771720753,abnormal
2024-01-01 00:00:13.130,-0.08517541757922938,-0.5504044469257189,3.6545278653986557,-0.7886653139691535,-1.059655435274832,1.256209231696145,abnormal
2024-01-01 00:00:13.140,1.0935878490867303,-0.30465168654152325,3.203673988838593,-1.864984956126205,-0.18069143110044963,0.19061727381864849,abnormal
2024-01-01 00:00:13.150,-0.32877598756000387,-0.9559667782538497,3.0685306350272676,0.7048212396491302,1.9916336481104098,-0.7087607747773674,abnormal
2024-01-01 00:00:13.160,1.7141248582428694,-2.769503741899362,2.1842702020646625,-0.8012446408898545,0.33723468086520525,0.14204040319762593,abnormal
2024-01-01 00:00:13.170,-0.908741461219699,-1.2618371354692566,2.464105008279882,0.008580412660579037,-0.8771131620187349,-0.0008328768418147351,abnormal
2024-01-01 00:00:13.180,-1.3675652608278996,-1.1031152237823425,2.1804688838187687,-2.3263889633799515,1.0054905025933856,-0.13203543652788144,abnormal
2024-01-01 00:00:13.190,1.2554111397167314,-0.22864099630639356,1.0882613958272378,0.6771542479876032,1.0008930948865307,0.9301058007009895,abnormal
2024-01-01 00:00:13.200,-1.4207772016701956,1.423961595753438,0.1835050801701274,-0.8314650283148989,0.8320827305884803,-0.644029809978559,abnormal
2024-01-01 00:00:13.210,1.5545817470194256,-0.6378741690456707,-0.3687141739309555,0.30389618154348097,-0.48632166918935205,0.07698526034103186,abnormal
2024-01-01 00:00:13.220,0.9877303735108534,1.1002282127476453,0.16492385408969829,0.4777167411535518,0.426497101437489,0.6261806143064365,abnormal
2024-01-01 00:00:13.230,-0.35611732979556837,-1.6411568692090992,0.2192247575797978,0.9934392900055089,-1.2219806362226477,-1.0898432807792664,abnormal
2024-01-01 00:00:13.240,-0.21577659567271998,-1.9096074942453405,0.3660086489057631,-0.16227266050736416,0.04023036183653874,-0.060704260535652955,abnormal
2024-01-01 00:00:13.250,0.8070848237578241,-0.01495080921034241,1.5394606422895631,-0.8895342559596302,-0.6349279077419575,-0.6697936174652948,abnormal
2024-01-01 00:00:13.260,0.7184041012241991,-0.16081665347224572,2.034587327917842,-0.7329963721884714,0.9431415727971063,1.2841309614391343,abnormal
2024-01-01 00:00:13.270,1.0047802840481825,-0.2449951053058092,3.6615120592873223,-0.12303725993477473,0.7931900259363984,-1.0890436066551064,abnormal
2024-01-01 00:00:13.280,-0.4556563008895621,-1.1960548321189732,3.9278838381999184,0.5483390458043195,0.45943557403219387,-0.35051546763459024,abnormal
2024-01-01 00:00:13.290,-1.7565254028779522,0.011785082001029401,2.1774888136950565,-0.8312801023752968,1.43547935342606,-0.13754910069694942,abnormal
2024-01-01 00:00:13.300,0.43385745055757235,0.2848217207903229,4.019090525283725,-0.3593879688770161,-0.27868534124403493,0.8690056111739239,abnormal
2024-01-01 00:00:13.310,-0.525141151745651,1.3549351897653015,4.858190505551125,0.571909877665298,-0.1709846365921919,-0.7702558403371789,abnormal
2024-01-01 00:00:13.320,-1.506189660118286,-1.1726009165088338,3.953810258680761,-0.37543147618660616,0.6889512255880545,0.26906185857599985,abnormal
2024-01-01 00:00:13.330,-1.8360068604445174,-0.7462298099773357,4.488908565891204,-0.12315240145279568,-0.8848715121818722,-0.5399546963573032,abnormal
2024-01-01 00:00:13.340,0.8707001897567618,0.554286144082334,4.311584340873814,1.4515946660705163,-0.27300352492681296,0.7652817193948912,abnormal
2024-01-01 00:00:13.350,-0.47950900559669857,3.0466263019261692,4.611425974953733,0.29669095220336905,1.0995238234858722,0.11003046120569167,abnormal
2024-01-01 00:00:13.360,0.6862174415160227,0.13402529728158638,5.832012607683776,0.8607208053256371,-0.06154303192324846,-0.06560072257102116,abnormal
2024-01-01 00:00:13.370,0.0050017928013013765,0.052000576914669756,6.660422915482605,0.24806207607651085,-2.011910502078586,0.5856999799970414,abnormal
2024-01-01 00:00:13.380,-0.3156769418020175,-1.1854880345908645,6.142496026179142,0.26717789832859795,1.3657169116440728,-0.4683345775699096,abnormal
2024-01-01 00:00:13.390,1.8087763697399073,0.017359443623877657,6.623218107798072,1.4393617249784505,-0.8679272604370972,-0.1208793814008173,abnormal
2024-01-01 00:00:13.400,2.011126433956478,2.204621200102002,6.280092961614167,-1.5052804901353758,-0.42574000895677183,-0.47295663424977824,abnormal
2024-01-01 00:00:13.410,0.12935480194902968,0.3563567650015012,6.741452390002445,-0.21075629480721747,1.414148678594374,0.3534146429811111,abnormal
2024-01-01 00:00:13.420,-0.20601004031556344,-1.6952925025710515,7.280736051366603,-0.0739041658426547,1.2268597520809772,0.42117369880010336,abnormal
2024-01-01 00:00:13.430,-0.6707278266595414,-0.9631680196093758,6.776219677373233,-0.48218356187906763,0.2519435299826589,0.2953684989057649,abnormal
2024-01-01 00:00:13.440,-1.0644016173853035,-1.3877330552704563,6.287132350608217,-0.05226922570114736,-0.8713004470415726,1.0403508822928114,abnormal
2024-01-01 00:00:13.450,1.5123197494748772,-1.8347418015234414,6.849515932129029,-1.24639986508837,-1.0232983039026784,1.0254924478037315,abnormal
2024-01-01 00:00:13.460,0.9028466388571191,1.1522047658242713,7.992342758779818,-0.11334920565778804,-0.5448009861045089,-0.08580602228336864,abnormal
2024-01-01 00:00:13.470,-1.3363463904904143,0.9217498327729441,6.667271097918939,2.217619455932348,0.6904825444926397,1.0426307317735253,abnormal
2024-01-01 00:00:13.480,-1.4788353812094917,1.0504108920308988,7.728666834522129,1.1765947283651381,1.5152953952669779,1.6297205901166867,abnormal
2024-01-01 00:00:13.490,-2.054548225005151,-1.6297807572166028,7.38417922700414,-1.5265219814910773,-0.04259233630774231,-0.0629422912505284,abnormal
2024-01-01 00:00:13.500,1.273014052326742,-0.9601743860674912,6.445174612779586,-0.09708322001548456,0.7084195223590771,0.09802114979554025,abnormal
2024-01-01 00:00:13.510,-0.6454636579064438,0.013990164834007576,7.333161177209083,0.40341709087397604,0.6203444735592794,0.48218269153571425,abnormal
2024-01-01 00:00:13.520,-0.5192202366339699,1.073102987547789,6.606253947844238,0.2437739846054953,0.1704755921018234,0.06868535811430182,abnormal
2024-01-01 00:00:13.530,0.17772254872216128,0.03927134859968468,5.314653530196792,1.9815952627862383,0.9735646116969235,0.3221207465062617,abnormal
2024-01-01 00:00:13.540,1.4528984234352382,1.4387557199887797,4.975660690619584,1.1425297174719773,-1.4706963620624587,-0.6917604437598401,abnormal
2024-01-01 00:00:13.550,-0.6838984719603833,0.963558228364117,5.976537486028879,0.10243666199694516,-0.5621429115083404,-0.3629209806279057,abnormal
2024-01-01 00:00:13.560,1.9139610581631692,-1.6764768591610848,4.795991864117443,-0.5563034916532601,0.7352759547606573,-0.7637137746204246,abnormal
2024-01-01 00:00:13.570,-0.1470933322387721,0.043684724031561026,4.39420795834627,-0.3433183258668043,0.07174463475790727,0.19195452604450558,abnormal
2024-01-01 00:00:13.580,0.5603698406908181,-0.42491731416712014,5.192995063358279,1.5625911811123103,2.567010683682227,-0.9144661900609206,abnormal
2024-01-01 00:00:13.590,-1.6246409802801856,0.5258525701203132,3.140741033155172,-1.3736373343180208,0.4672536808571681,-0.4057841306565861,abnormal
2024-01-01 00:00:13.600,-1.4249936798772846,1.7123499801216513,4.133391418348383,0.015685797567855837,0.2814016155393651,0.4710145859911654,abnormal
2024-01-01 00:00:13.610,-0.7296849438250983,1.3324611174155618,3.986859459098103,-0.18212235287273815,-0.39802051613084743,0.013312563430811584,abnormal
2024-01-01 00:00:13.620,-0.2764451520189238,0.2866918672520375,3.5124224660407153,-0.18189727668688932,0.19782954301822223,0.14675963737618394,abnormal
2024-01-01 00:00:13.630,-1.1787463816794268,0.48064899104232667,3.632491803164073,0.4588018228868611,0.31284068274402943,0.3063529794366589,abnormal
2024-01-01 00:00:13.640,-0.2092528676445429,2.82731599735982,1.8102523911250077,0.5248938151456837,-0.3317602262411867,-0.7513970719079119,abnormal
2024-01-01 00:00:13.650,-1.7543912711730818,0.5674778712698524,2.1639935127810603,0.1795058382459161,-0.815731346944034,0.5005130540971695,abnormal
2024-01-01 00:00:13.660,-1.1054352874527094,-0.3655291480797127,1.6966474360137669,-0.06664879880152007,0.9126944909392208,-0.14591537370643717,abnormal
2024-01-01 00:00:13.670,-0.3168582207122356,0.6313911453897234,1.0449622694792517,0.17509111731610366,0.09847139975604849,1.2007853788485041,abnormal
2024-01-01 00:00:13.680,0.2892404533739491,-1.5625978661752709,-1.1452121639591684,1.5534548314058825,-0.9849346473836943,0.1483873113112644,abnormal
2024-01-01 00:00:13.690,-0.9380807478457066,0.9020402916687065,1.072258340676199,-0.6347664051304259,1.6135805419462546,-0.9166062190464717,abnormal
2024-01-01 00:00:13.700,0.4199193153213455,1.083927284053123,0.5363052346641822,0.17726431423631447,-1.059277957204708,0.14932261082991385,abnormal
2024-01-01 00:00:13.710,-1.7368959956763783,-0.4008345245947855,1.1365496102682604,0.3804112321076764,0.36346203741548344,0.24892451159003948,abnormal
2024-01-01 00:00:13.720,1.4056685506001925,0.24403428200110183,1.241366412724704,-0.15210966468868556,0.11112579739712541,-0.6818411814558174,abnormal
2024-01-01 00:00:13.730,-2.4237272159307786,-0.2568742379890019,1.6154317562646767,0.5147798240469175,-0.386639511770524,0.40240515001894134,abnormal
2024-01-01 00:00:13.740,0.4257017972166402,1.2224309155206612,2.901958777463055,-0.2088360455471003,-1.7983117997783042,-0.6314536375026898,abnormal
2024-01-01 00:00:13.750,1.3461094696432399,-2.7405029182329614,3.4185975645977957,0.5618777463244518,0.5286322239383565,-0.1955242843241709,abnormal
2024-01-01 00:00:13.760,-2.1931287558464905,0.10932917166423219,3.1907104196507285,-0.37061693016404107,0.5654502088601672,-0.1316100934558025,abnormal
2024-01-01 00:00:13.770,0.7925947760760256,-0.448476909749035,3.114426475602451,1.0587208501198064,-0.4842201324895889,-0.43600903015838277,abnormal
2024-01-01 00:00:13.780,-2.4916431454590358,0.5448280673744381,4.122021351522684,1.0155236067004318,0.56580992183666,-1.1313113379323751,abnormal
2024-01-01 00:00:13.790,0.2328687300291337,-0.5681416978795665,4.205457377990025,-0.48816272499062024,0.44187631100264907,-0.8110067092001496,abnormal
2024-01-01 00:00:13.800,-1.3841563780029562,-1.2256567866696702,4.826560709058601,0.5920475569835162,-0.020974424346842258,-0.025855620706387562,abnormal
2024-01-01 00:00:13.810,0.5117491250469896,-2.0065340365438726,5.6862529677844496,-0.0001261319054527889,0.6860609686567235,0.9600849753367547,abnormal
2024-01-01 00:00:13.820,-0.12329334383616575,-0.15377189239203776,6.046593448831666,-1.2108767538631562,0.8358337544379948,-0.2612786073718386,abnormal
2024-01-01 00:00:13.830,1.5311878635971232,1.5003742430003169,5.178312666021725,-0.9867743221201302,1.7355587901381873,-0.5213376105115508,abnormal
2024-01-01 00:00:13.840,-1.5890946948246023,-0.7769241006213413,6.3227357713013586,0.24000206070907326,0.33726029451923467,-0.4489273922459694,abnormal
2024-01-01 00:00:13.850,1.0088462024768492,-0.2996374951226672,6.82591322430167,-0.678132006026678,-0.07515170884210522,-0.23844642350043058,abnormal
2024-01-01 00:00:13.860,-0.8861292569262262,0.2452595204611451,5.600704795385625,-0.4582176369275328,-0.5473890675614624,-0.8911913481144105,abnormal
2024-01-01 00:00:13.870,-2.1295901104386523,0.6995130649651077,7.062042923945284,-0.4935215090838448,0.21377130830086444,-0.3057917423098892,abnormal
2024-01-01 00:00:13.880,1.3438432799158369,-0.26178392566858266,6.976667180890424,2.1181681471291456,-1.7177587144135187,-0.07326858136972306,abnormal
2024-01-01 00:00:13.890,0.23533060196474087,-1.1981279723408058,6.553183712501896,0.5057461670861738,0.8524286517719684,0.5583266221227482,abnormal
2024-01-01 00:00:13.900,-1.7189147127615874,0.4287537574428046,6.765126249008789,-1.3652608080087971,0.13931658735861763,0.20528782278810334,abnormal
2024-01-01 00:00:13.910,-2.097873828394943,-0.6239342168047145,6.388334902477188,1.175207424091461,0.23235977767123348,-0.03710078225193354,abnormal
2024-01-01 00:00:13.920,-0.3363041877333473,2.2177318466805804,7.650943785473574,-1.5117703318427127,-0.45540799218116534,-0.27569419641029547,abnormal
2024-01-01 00:00:13.930,1.5369500360843509,0.542382182862529,6.346222388296899,0.4486276715886112,0.7776940476095457,-0.11951781377004027,abnormal
2024-01-01 00:00:13.940,-0.4940663923388399,-1.4716192770067087,7.344467203433474,0.1729074313173007,0.05787349772780111,0.2291880765534404,abnormal
2024-01-01 00:00:13.950,-1.8990974851078666,0.22110895776095296,6.994717043932565,-0.9219542029890082,-0.6540774992182917,-0.6115584725004859,abnormal
2024-01-01 00:00:13.960,-1.2778288067553616,2.9566310340335176,7.512875698856721,-0.6149192407834827,0.4153953236430445,0.9739891568076234,abnormal
2024-01-01 00:00:13.970,0.9628555599191284,0.9829621403124363,6.242926634361522,0.5093615634018994,0.6317315524192032,-0.11881633494185544,abnormal
2024-01-01 00:00:13.980,-0.7772319728921141,-0.2724738023040011,6.215979231890856,0.36782466670259595,-0.41655201083634735,-0.19429913268583848,abnormal
2024-01-01 00:00:13.990,0.08198314485849949,0.840194339086572,6.353716242190897,-1.5294475167238832,-0.1603307824417474,0.3979461813470039,abnormal
2024-01-01 00:00:14.000,1.140546887214006,-0.6769189901457989,5.7530365086211726,-0.26288713682127623,-0.022955099295158227,-0.06952309964499265,abnormal
2024-01-01 00:00:14.010,0.025282001047874193,0.9836074351430231,5.090325580553231,1.3676878337644192,-0.18742071687987555,-0.09265189769341323,abnormal
2024-01-01 00:00:14.020,0.6293040966244422,-2.2059121890088575,5.939266828201072,0.4828407239762306,0.09649036489325544,0.598366695979975,abnormal
2024-01-01 00:00:14.030,-0.24892825128113116,1.7055251632922306,5.001042571250039,0.016797549694775576,-0.12062999166799779,-0.9460456634839421,abnormal
2024-01-01 00:00:14.040,-0.5002388392131136,-0.9141806466725377,5.495153925654192,0.1454421906275363,-0.7477762303755301,0.3223596165720031,abnormal
2024-01-01 00:00:14.050,-1.8632480499921797,1.0111933900764583,4.631857418358448,-0.35953246033311526,0.41897908409377965,-0.9579327126449648,abnormal
2024-01-01 00:00:14.060,1.6375017925301878,-0.7245639202559238,3.8052895189659512,-0.860377906121771,-0.24407779311428995,-0.1956097426419353,abnormal
2024-01-01 00:00:14.070,2.0947315318860564,-0.7843149462093996,4.32845562952691,-0.7996999773437727,0.08065766492914803,-1.0092476938397317,abnormal
2024-01-01 00:00:14.080,-0.3910941957006898,-1.7535899494136107,4.37526570571759,-0.467742851463422,0.17936152752043216,0.5208317202489839,abnormal
2024-01-01 00:00:14.090,-0.48589266720724356,2.2034074004743682,3.9946957706042214,-0.9610103818302602,0.5361360771526232,-0.42502840081203774,abnormal
2024-01-01 00:00:14.100,0.6470300055969771,0.14101648140153125,2.1761152127815366,0.5942676930351101,-0.6748043320821724,-0.24037058264894787,abnormal
2024-01-01 00:00:14.110,-0.3763437495659722,-1.2712793943326788,2.73954958546026,-0.6150749408907243,1.1730411765870254,-0.3046417286584849,abnormal
2024-01-01 00:00:14.120,1.481320798423606,-0.44488239870392876,0.796047033426527,-0.655951540355171,0.6994296726704237,0.28214165067029984,abnormal
2024-01-01 00:00:14.130,0.8901137848975055,0.4661668149985473,1.5351736790207302,0.3387735197158892,0.5977304848889009,0.9448716622604945,abnormal
2024-01-01 00:00:14.140,-0.09352843485334277,-1.2772929008188425,1.4465711336183378,-0.07323680913492117,-1.3004433257890675,0.033556853227560746,abnormal
2024-01-01 00:00:14.150,0.9165089339178748,0.6861180913197485,0.2960208022669466,0.6839052348250241,1.10204627712834,0.17966447572566246,abnormal
2024-01-01 00:00:14.160,1.182944170113306,3.431285739007958,0.7813438580199151,0.4074161787365399,-0.47955934330836897,-0.45244626780123365,abnormal
2024-01-01 00:00:14.170,1.619576266448284,0.19145259338489004,1.1211694625932265,0.49200072080291485,-0.425015451953856,0.10236128283578574,abnormal
2024-01-01 00:00:14.180,-0.41978855620056627,1.2768810401363913,0.9945649953329415,-0.4735471264588624,-0.8195355190307821,-0.277311807820233,abnormal
2024-01-01 00:00:14.190,0.2694993961001411,-2.157563159245627,1.0581231922294567,-1.4954817019732511,-0.5728149560104231,-0.06446482814001854,abnormal
2024-01-01 00:00:14.200,0.4143193543086934,1.1234118514308935,1.3732940220138246,0.12433988775961136,0.27944383042759297,0.4716128794743585,abnormal
2024-01-01 00:00:14.210,2.0283741347569317,1.1986595142348986,2.162198723697568,-0.7975392311718126,-0.4324818996599782,0.7219135905542344,abnormal
2024-01-01 00:00:14.220,0.6359161376979395,-0.8169169865984133,1.7834610830667947,0.5664604293918446,1.9354231893096834,1.374327432652373,abnormal
2024-01-01 00:00:14.230,0.13287473415391526,1.12673090789379,4.230787365943436,1.1775275334270177,1.1161711357146231,-0.5457765044028625,abnormal
2024-01-01 00:00:14.240,-1.5576239241426273,0.7959659089493692,4.542134514641281,0.5327252156417925,0.9959879256127174,0.11992300299539438,abnormal
2024-01-01 00:00:14.250,-0.39921951175726406,0.44687488892041743,4.193095809780942,0.8903328586396392,0.4835996629613934,0.27304534833723676,abnormal
2024-01-01 00:00:14.260,0.459399441232806,-1.7416926366005498,4.070077705059121,2.786714447378035,0.4364106945186861,1.002518776513954,abnormal
2024-01-01 00:00:14.270,0.15626723343630713,0.029201184303031674,4.66542696910497,-1.2034193908892612,-0.5668723507425316,-0.15647173520804036,abnormal
2024-01-01 00:00:14.280,0.6383976242594375,-1.4278045611706827,4.4062515244540315,0.9555693805975514,-0.4451423647651221,0.11907908845770925,abnormal
2024-01-01 00:00:14.290,-0.6664093498112332,1.2907402916377195,4.80150817642924,0.3312820493518777,1.1811108993099033,-0.293109830671214,abnormal
2024-01-01 00:00:14.300,1.2507187687162256,-0.5405355996617943,4.91347223901087,-0.16949841709285435,0.6841734302283596,-0.4751322786152302,abnormal
2024-01-01 00:00:14.310,-0.47340545712883175,-1.5148546312685058,5.257959905339354,-1.2248184355546672,0.7281515555126391,-0.0568775647311651,abnormal
2024-01-01 00:00:14.320,1.0488506255749817,-0.9337386747772679,6.165609853841212,0.5962959181970386,0.49691935446286906,0.26882830851642436,abnormal
2024-01-01 00:00:14.330,-0.3160718433837843,-2.0342027472354496,5.072361365627243,0.8021737328810565,0.061622887021854096,-0.28495174027938863,abnormal
2024-01-01 00:00:14.340,-1.7830160310918661,0.06822883949276798,6.096888814023855,1.2167689695931625,-0.43926394641640837,-1.1141324655948053,abnormal
2024-01-01 00:00:14.350,-2.678597880466397,-0.5998095500105911,6.857248105914433,0.38929833170888944,-0.4264090050682328,-0.9880158936850817,abnormal
2024-01-01 00:00:14.360,-0.987960189986884,-0.23303398261896685,6.951747815348331,0.04329220531561708,0.21949867700736156,-0.11704711942822572,abnormal
2024-01-01 00:00:14.370,0.7583357938829917,1.848981556672232,6.004114058632882,-1.0184734998418674,-0.2582151491267563,-0.1736968500276438,abnormal
2024-01-01 00:00:14.380,-1.7084700400245822,0.7074044682088226,7.048151311752754,-0.9128661404302222,-0.06230856945786685,0.09930660742253375,abnormal
2024-01-01 00:00:14.390,0.8309184610997247,2.6118971794723262,7.899330932657925,0.2597443638780399,0.18744179707246525,-0.036543890635747645,abnormal
2024-01-01 00:00:14.400,1.8632808931195322,1.1230825596167346,6.397345010857367,-0.7681909177277184,0.16766544177502174,-0.288966554926059,abnormal
2024-01-01 00:00:14.410,0.16729855374183447,-0.8431177113260461,6.9793853606516025,-0.5458968046348116,0.4064719063541959,-0.3968676583862466,abnormal
2024-01-01 00:00:14.420,-0.20253802808287538,0.3186105920094236,6.5547307536058215,-0.2363506067872197,-0.21713234252582078,0.6620579583073091,abnormal
2024-01-01 00:00:14.430,0.30347356654781393,-0.425334265454947,6.507355511494033,0.005274718916772626,1.2186778612452969,1.2038909219459513,abnormal
2024-01-01 00:00:14.440,-0.16641200424451882,0.8501038741196104,6.620811566730356,-0.24184169727250227,-0.8891056401288567,-0.30098608352430933,abnormal
2024-01-01 00:00:14.450,-2.000463910853658,0.3422444106982443,5.73893991835814,0.7867637712814506,0.3558384078258415,0.8455227311446554,abnormal
2024-01-01 00:00:14.460,2.949167022446537,0.13483427041074336,5.619353031585705,-0.9559729630242348,0.9014344186824101,-0.6813185855621651,abnormal
2024-01-01 00:00:14.470,1.1117029062018053,-0.3185295617245205,5.81576024456526,-0.41081943505072965,-0.8936985023438881,0.5388210062662921,abnormal
2024-01-01 00:00:14.480,-0.040307968052009376,0.7029960967071505,5.448060217352506,0.33744337385680395,0.11289234499436343,0.31360171053847186,abnormal
2024-01-01 00:00:14.490,0.9488770494591943,1.1789352039656125,5.95483700283575,-0.8959372924144214,0.6989141834953173,-0.053477526253490976,abnormal
2024-01-01 00:00:14.500,0.3333316886836094,-1.4074195384403403,4.682524034390721,-1.0935167298163182,0.13281911897526255,0.3273215229326131,abnormal
2024-01-01 00:00:14.510,0.5566248325375586,1.0414968503256963,4.910104607332369,-0.91650853470221,-0.6092709168773648,-0.4866400422783135,abnormal
2024-01-01 00:00:14.520,-0.017460613172962144,0.9648255200324886,4.658609300943956,-0.5505214738554731,-0.03888410671664115,-0.12793382584455534,abnormal
2024-01-01 00:00:14.530,-0.29796575150190946,-0.8016426220649586,4.9397905312164845,-1.2576250424014552,-0.900544156537452,0.021882251458836665,abnormal
2024-01-01 00:00:14.540,-0.08470141077820187,0.14180741515727688,4.251407874659649,0.15498020237754787,-0.15413730444186616,0.38395548478202884,abnormal
2024-01-01 00:00:14.550,-0.9724718652308733,0.7166129301403322,3.0882761883861307,0.20950673197597494,-0.48849904076724304,0.14047664905884927,abnormal
2024-01-01 00:00:14.560,0.5983710141686311,-1.0632629645033,3.1937235100975516,0.6672003986430025,-0.24853496825338303,0.15103404598106543,abnormal
2024-01-01 00:00:14.570,1.4459920179630856,0.5646987319731204,3.3983521589123615,-0.8053459909929187,1.9319516699309085,0.05755607563076337,abnormal
2024-01-01 00:00:14.580,1.1406300232643607,-0.5356291194732374,2.527686444741966,1.7381292552260332,-0.8717583141480958,-0.43866314264698747,abnormal
2024-01-01 00:00:14.590,-2.2400068919988496,0.6271242521834851,2.201955520535314,-1.3556681495653427,0.09370167106812187,0.3192410894319042,abnormal
2024-01-01 00:00:14.600,-0.4056942875691893,0.35346178276338897,1.5778124062118228,0.14386071667296602,0.13135915061831904,0.36488406762187875,abnormal
2024-01-01 00:00:14.610,-0.34657062724992066,-0.6419541479427423,0.73428605952753,0.27243077139809174,0.2668175909031269,0.31865637593165314,abnormal
2024-01-01 00:00:14.620,-0.7337182358849554,-0.6350707457638028,1.1619004763491816,0.023763446036587105,-1.758802878721158,1.0388442340610438,abnormal
2024-01-01 00:00:14.630,0.9701491742569645,0.7237701532290669,-1.019940260374187,1.9528066099700117,-0.2905722866750018,-0.22076028126956615,abnormal
2024-01-01 00:00:14.640,-0.08267659375782385,0.22074399789048274,1.3046836058930313,0.7658333906471494,-0.7167342911543823,0.12199665547912063,abnormal
2024-01-01 00:00:14.650,1.1660902383807925,-1.0711580875013744,-0.36991672454349667,0.26406902683278993,-1.677170783544574,-0.4752569178929545,abnormal
2024-01-01 00:00:14.660,0.8553928641455233,1.5155154664684676,1.4075836972748292,-0.8054284509089707,-0.32783666210261453,-0.1211083503920825,abnormal
2024-01-01 00:00:14.670,-0.5319963173956047,-0.5780625682874444,1.7483667678128978,-0.26985125192280013,0.3279495562659773,-0.6912737443522843,abnormal
2024-01-01 00:00:14.680,-0.21631229207630887,1.6415168338177752,2.3362681788324333,1.0984728300990578,-0.20202393976887592,0.22297287370588637,abnormal
2024-01-01 00:00:14.690,-1.464768752068487,-2.0761297059242505,2.699130128369944,-2.109182173682547,1.148224661144182,-0.11396509055781208,abnormal
2024-01-01 00:00:14.700,-2.3048661364621577,0.2713296999013268,3.520527315250619,0.3019182069095324,-1.7122098898708322,1.109597258125765,abnormal
2024-01-01 00:00:14.710,-0.3512740746546105,-1.853960839947899,2.9854488762381663,-1.039401220221496,-0.11994782007630007,-0.5510005168815435,abnormal
2024-01-01 00:00:14.720,-2.4468585330894306,0.02155156284615641,3.7838819435165907,0.22097941145856242,0.14793890623260034,0.23593895792761604,abnormal
2024-01-01 00:00:14.730,0.18399726706368133,2.1870408221911015,4.341240096990714,0.45511010188416673,-1.1654878049224946,0.202974591926913,abnormal
2024-01-01 00:00:14.740,1.7711963133583528,-2.691112540360871,5.187266287995977,-0.27351943232085907,-0.440441702592526,0.5512740434557586,abnormal
2024-01-01 00:00:14.750,0.25863516405634424,0.555387100705639,5.386609177026624,0.3890912037441767,0.04067740585529487,0.26489117251549754,abnormal
2024-01-01 00:00:14.760,0.7213846827128173,1.3295890540981727,4.946360302401899,-0.7577596655677787,-1.3781048430675618,-0.03870867083166934,abnormal
2024-01-01 00:00:14.770,1.0980067641485138,1.2867337075129772,4.576548930193973,0.9249782471644089,1.1047313392836124,-0.27999882360669714,abnormal
2024-01-01 00:00:14.780,-1.1360188098202706,0.8880622362845388,6.643824808580435,-0.3737754905272764,0.242186303817214,-0.37951032465717716,abnormal
2024-01-01 00:00:14.790,-1.634705532847306,-1.1338628964631574,6.248608070210871,0.3922417646586274,0.3610771040502617,-0.8543478020142069,abnormal
2024-01-01 00:00:14.800,-0.8914400039215391,-0.4928377546428784,6.402986254317954,-0.8286085274267635,0.2660912239594122,0.22552357234371087,abnormal
2024-01-01 00:00:14.810,-1.968639253963862,-0.9984226806071287,5.678613397775748,1.0503115919320158,0.8589267046106221,0.08377059640853116,abnormal
2024-01-01 00:00:14.820,-0.9671881507565011,-0.9458527726133378,7.005650809109639,-0.7879336772221797,0.08618251433376038,0.34778221684525235,abnormal
2024-01-01 00:00:14.830,0.993934263968865,-1.6055116662060493,6.1385644362823415,0.12504730620057591,0.8631646357166383,0.31600478875283144,abnormal
2024-01-01 00:00:14.840,-0.7105967932700213,0.1518978564374681,6.86283027824451,0.5651515424205386,0.21873699203047284,0.02994711697551774,abnormal
2024-01-01 00:00:14.850,1.1363098113614558,-0.09933333780694345,6.690512848218212,0.2890572311409945,-0.5187182239909001,0.3011249146275738,abnormal
2024-01-01 00:00:14.860,-1.1330438726267162,-2.8516314564393523,6.912961946103824,-0.034565757890793324,0.4357751406399121,0.5228982657167861,abnormal
2024-01-01 00:00:14.870,0.6514427129923642,2.2212631394417537,6.081271636775506,0.646238859031874,-0.24190462621433512,-0.025438387029684813,abnormal
2024-01-01 00:00:14.880,-1.1347937255442053,-0.90423851705283,6.864817480468703,1.4799035770759057,-1.3035364306819255,-0.5460427982195133,abnormal
2024-01-01 00:00:14.890,-0.6883805870693971,0.3957794498970611,6.133035250118503,0.23737518608323846,-1.135582235334523,-0.43261579244839576,abnormal
2024-01-01 00:00:14.900,-0.7354314356564917,1.0185458471964117,7.092042413794541,-0.6857958083320661,-0.7129745734067114,0.004662068441210904,abnormal
2024-01-01 00:00:14.910,1.3301035301406343,0.35023359010079064,6.843236396412642,-1.293961796911853,-1.817268430282386,-0.7454405762474732,abnormal
2024-01-01 00:00:14.920,-0.25559801492287476,-0.4162360529778749,5.243538167488922,1.8201517086452585,-0.6602604105650486,-0.6643903391995818,abnormal
2024-01-01 00:00:14.930,-2.11885395686068,-0.9702209321625178,5.7568572125678745,-0.19831218109960808,-1.238083989406216,-0.03273321819595244,abnormal
2024-01-01 00:00:14.940,-0.1882700354046736,-1.3522822767708094,6.556692795613184,0.5853513934043176,0.698807960105936,0.13661193841592773,abnormal
2024-01-01 00:00:14.950,-0.9437317344466165,-1.0189685988472708,5.6081103359388855,-0.4746247957593572,-0.8024963677542627,0.7383834261613685,abnormal
2024-01-01 00:00:14.960,1.1490350581294544,0.6370255680718875,5.575265570358069,0.3747801032470853,-0.48339417644557925,-0.8602874012794918,abnormal
2024-01-01 00:00:14.970,1.5703385468886484,0.5997184698630897,5.514314089787447,-0.943663978134943,2.5983671770140484,-0.8697824305298287,abnormal
2024-01-01 00:00:14.980,-0.9320447796094121,1.2151800276177671,5.513474427333128,0.19510172583733376,1.101032570700722,0.8320452482695642,abnormal
2024-01-01 00:00:14.990,-0.14926371362295338,0.6811625754652892,4.5920623618632845,-0.8174424610759282,0.4232434819078608,0.37901904174432366,abnormal
2024-01-01 00:00:15.000,-0.6642104184047798,0.9737123395805771,3.5706585514148754,0.6073384638157183,-0.7003771755689311,0.5125784796484495,abnormal
2024-01-01 00:00:15.010,2.3387177755761352,2.5379705512073047,3.168885354229339,0.11892678324025413,0.8550549703502411,-0.13192517138295018,abnormal
2024-01-01 00:00:15.020,0.7200417845050356,-1.277013061823321,4.8213734322203745,0.5978687053063229,-1.3243104572698867,0.6887218978331514,abnormal
2024-01-01 00:00:15.030,-1.6975326145777407,-0.7273457663542564,3.816956065730509,-0.9454989799457085,-0.13782645585479333,-0.01479226077909468,abnormal
2024-01-01 00:00:15.040,1.3203441911480491,0.5731987704426238,2.792005466709601,1.1858433430507593,-0.21323356528595397,-0.39938266940558625,abnormal
2024-01-01 00:00:15.050,1.659425369877441,1.846552009516492,2.23645584913732,0.8575177208506356,0.6507075828784155,0.6026273568669153,abnormal
2024-01-01 00:00:15.060,0.22295367862419754,-0.42064232061316503,1.1535910957352804,0.3526416136970943,0.874735245874124,-0.2731017527599038,abnormal
2024-01-01 00:00:15.070,0.5563898260719479,-0.6094105842509048,1.046924705630737,-1.060796575832508,0.4002680410441877,0.054117420213144404,abnormal
2024-01-01 00:00:15.080,-1.3179242453191755,-0.4010719758363989,1.47447987749296,-0.8428641556191208,-0.522754034349889,-0.26497345816932333,abnormal
2024-01-01 00:00:15.090,1.9383708216061655,0.48799271988075066,-0.2417189688921345,0.29471539367079086,0.5558894991744074,0.33213670832105924,abnormal
2024-01-01 00:00:15.100,0.18732083060949034,0.6844047504194825,-0.5295508205708418,1.026830224040134,-0.26738352142639527,0.03999228003272699,abnormal
2024-01-01 00:00:15.110,0.14200218922323385,0.6978227396988504,-0.004379706988542675,1.9093010413509273,0.5346024879667817,0.4937279361791013,abnormal
2024-01-01 00:00:15.120,0.47319916492798136,-0.5025514676464943,0.9016071150175787,-0.07721953018597585,0.5995582712158752,-0.33329346255717107,abnormal
2024-01-01 00:00:15.130,-1.0445622850116436,-1.3487931787169323,0.9621589161742707,-0.7523369059760928,-1.4611956230060896,-0.3514674618644117,abnormal
2024-01-01 00:00:15.140,1.2952547307454336,0.29335380114441323,1.093680505074854,0.8239426563647947,-1.2424895240239315,0.14673370892224988,abnormal
2024-01-01 00:00:15.150,1.9142779387518005,2.095405522858056,3.0283076050777407,0.17740831691259953,-0.4424795499775346,0.18504791259979184,abnormal
2024-01-01 00:00:15.160,2.8451139480267744,1.383815983040863,2.869985308015509,-0.23493221308571777,-0.2689167480995455,0.47356308141481457,abnormal
2024-01-01 00:00:15.170,-1.5727067393883027,-0.7515488653667156,3.8685581664862716,-0.2611442672558964,0.9488660782163061,0.2381267024995875,abnormal
2024-01-01 00:00:15.180,-1.2151033140792686,-2.905313819613784,3.8206334561985087,0.5087375930263699,1.1169192245327757,0.2980432143126163,abnormal
2024-01-01 00:00:15.190,-1.4265246389552442,-0.40589228806399275,3.7463865584372464,0.4347272319982463,-0.19378406470324927,0.03548481136663287,abnormal
2024-01-01 00:00:15.200,1.6692926421120886,-0.24153915775252371,4.76947524029926,1.928030128646125,-1.0994434282449583,-0.629009897362425,abnormal
2024-01-01 00:00:15.210,0.6267733188700115,0.31238680187870455,5.086294353006538,0.11516064839328104,-0.27726597253464186,0.02041333531913277,abnormal
2024-01-01 00:00:15.220,0.3272232772778425,0.5620703252476716,4.325252084160408,0.4899378914814827,1.4300552687269623,0.09333620359696321,abnormal
2024-01-01 00:00:15.230,0.9938802913465841,0.5106916213661039,5.13741675416161,0.6199240862181092,1.5393081882484487,0.7696152978446247,abnormal
2024-01-01 00:00:15.240,0.8018359844512885,1.9629248923382,4.782346559986012,-0.9031829105206215,-2.740538062255082,0.547218371917475,abnormal
2024-01-01 00:00:15.250,1.3368038566780913,0.03964956892901778,6.174375713526246,1.308545240126881,0.26328293750812226,-0.6594484713862139,abnormal
2024-01-01 00:00:15.260,-3.6133376180239387,-1.1011626034304292,6.651717447329706,0.9576721195252809,0.22953275319166636,-0.7656054374477033,abnormal
2024-01-01 00:00:15.270,0.2512165343400863,-1.4675617204557796,6.1446344441065,-0.8212666625702465,1.1392472391829849,0.2451339910783841,abnormal
2024-01-01 00:00:15.280,1.8790476961886295,0.1659213795012438,6.872379050993771,0.6416702956134622,0.27708712621073434,-0.5682839204656882,abnormal
2024-01-01 00:00:15.290,-0.8177594517771266,-1.2092067868275918,6.632373271951844,-0.4947336965784769,-1.079387815492555,0.20794212842439747,abnormal
2024-01-01 00:00:15.300,-1.262991961353879,0.054089663868835375,7.388197239018549,0.842022771750165,0.2236027010654045,-0.8342333656272836,abnormal
2024-01-01 00:00:15.310,-1.4801784668375828,-0.4643496186389864,7.266738595031227,-0.9652366091855332,0.37575061780286395,0.06869750693223436,abnormal
2024-01-01 00:00:15.320,0.021549000813377312,1.1477964615224168,7.3429283399067975,1.2511750147276426,1.1519716197041143,-0.2596596816457151,abnormal
2024-01-01 00:00:15.330,0.13563795667988987,1.0478082595573726,6.29567361924432,0.7475805658840646,0.5044976199324048,1.1078542043646757,abnormal
2024-01-01 00:00:15.340,0.5275449219961138,-0.2754692354248024,7.174923725255207,-0.22916450253041723,0.6176610234445498,-0.4292100469438761,abnormal
2024-01-01 00:00:15.350,-1.6277787749712471,-2.718212186780726,6.849177901789454,2.2542449697419245,0.8132788846145186,0.540755928500097,abnormal
2024-01-01 00:00:15.360,0.6565677279934753,1.4462606562752023,7.074848309873187,-0.5120521417152537,-1.043967244513882,0.40831222913290227,abnormal
2024-01-01 00:00:15.370,-1.6025534241098336,1.4777515923621587,6.739039748421592,1.8183087015388302,0.7941532621254647,0.20414671122697386,abnormal
2024-01-01 00:00:15.380,1.0951863984256718,0.015824980429561514,7.052158431241231,0.6360944490548283,0.6597713303230688,-0.16677881434440223,abnormal
2024-01-01 00:00:15.390,-1.9535678400948457,-0.8265490202842987,6.171295714197485,0.18724709338738466,0.1265260490331008,-0.17991022223398548,abnormal
2024-01-01 00:00:15.400,-0.47142773811063643,1.2000592018135796,6.629430870516432,-0.09164353523975668,0.3911708847549792,0.4784372247161988,abnormal
2024-01-01 00:00:15.410,-0.9837325830696768,-1.6406351504046333,6.118540137545098,0.4700354004467756,-0.23290822490564406,0.9419806627139998,abnormal
2024-01-01 00:00:15.420,-1.3154505268360208,-1.0016456391117592,5.935211643139162,1.9874184450054937,0.23193744988291193,-0.19708671124573138,abnormal
2024-01-01 00:00:15.430,-1.3912765602232657,0.9585983704874446,6.438392777605998,-0.7036574448735649,-0.26674565376900045,0.42570434908576765,abnormal
2024-01-01 00:00:15.440,-2.527315714192307,0.834678385759241,5.323847959844815,1.2564569717532945,-1.614133044915128,-0.03364396628351929,abnormal
2024-01-01 00:00:15.450,1.5783372199428014,-0.8350620621921935,4.179789106525458,-1.0112736960312545,0.41961778644361375,-0.4682605014721372,abnormal
2024-01-01 00:00:15.460,-1.5415928975624238,1.2346744636351086,4.6230831316777685,0.1862948402635633,1.372512087867467,0.5816406259165505,abnormal
2024-01-01 00:00:15.470,-1.7141050885211564,2.5884809132851667,3.330937706541903,-0.6620227020847376,0.6668715339733811,-0.37376162541245606,abnormal
2024-01-01 00:00:15.480,-1.162306973926017,1.7466885364421036,4.250430251917977,1.317566719179668,-1.6642209104709298,0.313758858318702,abnormal
2024-01-01 00:00:15.490,-0.8075863391109612,-0.865178621267848,3.9621444614114667,1.1416136482548283,0.6013945303209417,-0.34246418031348946,abnormal
2024-01-01 00:00:15.500,-1.2006438097168146,0.35347081999911756,3.5293605471119056,0.7789534635322242,0.889698043253469,-0.1345717197276627,abnormal
2024-01-01 00:00:15.510,1.6162428664012312,-0.9735427898299284,1.9231084045802658,-0.6279873399538443,1.7207538269263696,-0.2274370986523387,abnormal
2024-01-01 00:00:15.520,1.0529007257179928,1.2473349434952594,1.781183971937244,0.7309096389531579,0.9598041758474968,-0.6520098006337872,abnormal
2024-01-01 00:00:15.530,1.8786766152095362,1.3517349722485699,2.11489918863749,-0.2714377158796069,-0.6898241954395893,-0.5482344290505577,abnormal
2024-01-01 00:00:15.540,-0.9301476306570375,1.3027987357898876,0.9669653599954033,-1.2085024379636116,-0.2559470923289298,-0.31096417485058975,abnormal
2024-01-01 00:00:15.550,-1.0435674150669259,0.5488854721223879,1.3625609295368228,-0.7539732856594022,-0.13447115104590557,0.0037225941209102827,abnormal
2024-01-01 00:00:15.560,0.9201893646444739,-1.5514042836899629,0.4104328471880922,0.5917737572848368,0.4565004896934315,-0.23461523433608994,abnormal
2024-01-01 00:00:15.570,2.1621893885476093,-0.4404104139557429,0.6570659995728312,1.1523216896968473,0.8021707517895058,-0.4081414257462726,abnormal
2024-01-01 00:00:15.580,-0.9881253488689583,-2.110597741065394,0.45488391593359967,-0.16987652041023085,-0.43654798584176296,-0.3046510947383918,abnormal
2024-01-01 00:00:15.590,-1.2498836392965595,-1.0755948256454322,0.5980874269530124,-1.4120487294459025,0.7592385491395471,0.4367734617279091,abnormal
2024-01-01 00:00:15.600,0.3726391223695256,-1.0513343148627343,1.9624922752612717,1.1889068013571955,-0.08427916151737297,-1.2332210055910848,abnormal
2024-01-01 00:00:15.610,-1.141685177445281,-1.776265619420081,0.9955543727741152,-1.1756718508955568,-0.21118055624036491,-0.9509013431842773,abnormal
2024-01-01 00:00:15.620,-2.04966805793041,-1.075431190901377,2.9783673308464444,0.9804975449445879,-0.8183338891480739,0.5050378974040133,abnormal
2024-01-01 00:00:15.630,0.3529230811503737,-0.30702921851083337,3.2925827848747047,0.3485185793535661,-0.14136912166705595,-0.17818343915300625,abnormal
2024-01-01 00:00:15.640,-0.6087971028166038,1.0504049464454546,1.88923212559398,-1.4007530333838267,0.5902818503379601,0.352019767964214,abnormal
2024-01-01 00:00:15.650,-0.4469819467832972,1.1075190032003852,2.7477582237195346,-0.1514529632211928,-0.8369041353971579,-0.31123162145087296,abnormal
2024-01-01 00:00:15.660,-1.3844740018434916,-0.162173036038423,2.6728755222163074,-0.4208675584932478,-0.13626672696920092,0.7297525576320261,abnormal
2024-01-01 00:00:15.670,-2.2373437374056686,0.024359795644104138,3.9014493660714806,-0.9650192353004038,1.185279442838658,-0.2555087169005876,abnormal
2024-01-01 00:00:15.680,-1.3503136415394743,0.6264573940725116,4.218982800961068,0.7497799445469492,-0.38836547569294155,0.8351482038243657,abnormal
2024-01-01 00:00:15.690,1.6382480725713537,-0.5498911285406468,4.857203826849752,-1.1619202357123355,-0.8218600116382605,-0.6489922131017387,abnormal
2024-01-01 00:00:15.700,2.2650316483514157,0.5832188907151314,5.1452952253553494,0.6277825844672545,-0.7430136234893915,-0.8682829136764099,abnormal
2024-01-01 00:00:15.710,-1.1837029574069469,-0.3142039833000896,4.76533782995585,-0.9216828284058621,0.32280895071492327,0.3503134220012877,abnormal
2024-01-01 00:00:15.720,-0.2552616532465592,0.4090646572299717,5.694747306383063,-0.648865128803275,0.1665453929614052,0.32039236077099925,abnormal
2024-01-01 00:00:15.730,-2.1702270293575348,0.08711164636620916,6.165844044296789,0.25983392419819085,-0.07619560921291965,0.32387554996432383,abnormal
2024-01-01 00:00:15.740,2.0514519680522016,1.452514063932799,6.54098169778276,0.06571564897736976,-0.1376722609344377,0.5761101278668538,abnormal
2024-01-01 00:00:15.750,0.7186477270356207,-0.42720822482354587,6.711757715705157,-0.6051929029590224,-2.010895514986194,0.26251905573426987,abnormal
2024-01-01 00:00:15.760,0.7762281929132379,-0.7103322365476766,6.313245825970627,-0.7641879460411691,1.5131502067908982,-0.14832461843753966,abnormal
2024-01-01 00:00:15.770,1.4161668594871464,-0.7238369007609812,6.204960026458601,-0.16368544416199937,-0.01093438859784014,-0.03303529507969436,abnormal
2024-01-01 00:00:15.780,0.0537233663820155,-1.7347574626913824,7.337490855644251,-0.07069174528084894,-0.7277601592958524,0.015725332672340237,abnormal
2024-01-01 00:00:15.790,0.3514157982953597,-0.6352670628657718,6.843251319012847,-0.3229616518502981,0.8288312025933817,0.3736835998727194,abnormal
2024-01-01 00:00:15.800,-1.5115461520167242,0.668370770811349,6.338346905591802,-0.012658158489037208,-0.8693313268952902,0.9162488796194558,abnormal
2024-01-01 00:00:15.810,-1.7263085857314444,0.7667198938044438,6.606735777270287,1.805019958936777,-0.26975519080844745,-0.38203496990521446,abnormal
2024-01-01 00:00:15.820,-1.6176553566081096,2.552175159272974,7.237246663364255,1.1635547697445845,1.1640841632117453,0.791211889884052,abnormal
2024-01-01 00:00:15.830,1.7348392747938104,0.560260359942961,6.485818225213201,-0.39364680095561244,-0.021573749536849186,-0.1800621723646853,abnormal
2024-01-01 00:00:15.840,0.14758501292934512,-0.3164130953983045,7.363349758408352,0.1847576252713178,-1.1138509934169738,-0.016119334034949386,abnormal
2024-01-01 00:00:15.850,0.6884440446240409,-0.6511490014021154,6.242254795216241,0.44872467638324415,0.5998859521877506,-0.5840109642288923,abnormal
2024-01-01 00:00:15.860,1.4440852109705282,-2.829582378328206,6.811561212942719,0.4785919004730692,-0.8106015169966879,-0.26836073950295003,abnormal
2024-01-01 00:00:15.870,0.4964204707480508,0.25501627484440414,7.6681941934193105,-0.7004840683625208,-0.7901669583039455,-0.30889923898886723,abnormal
2024-01-01 00:00:15.880,0.9616486041569219,-2.2498564010542155,6.504267199228805,-0.2862582987282878,-0.24114604518150587,0.5093881078907881,abnormal
2024-01-01 00:00:15.890,-2.0988910844164317,-0.37206701302760176,5.439111541572995,0.33911377010788213,-0.6053468990728956,0.24926607898539552,abnormal
2024-01-01 00:00:15.900,-1.3417962823419713,-0.6137673319828457,5.85791082516391,-1.5934101971530537,-0.9903374309517811,0.3100627492231854,abnormal
2024-01-01 00:00:15.910,-1.466420390923185,-0.5455019610954011,5.601393809955241,0.010233159000518889,0.5326389877264426,-0.6173493994355276,abnormal
2024-01-01 00:00:15.920,-0.19478582743906012,0.11182514637860734,5.450077259091408,-0.23143139089568535,1.5544091910173545,0.39792972130407633,abnormal
2024-01-01 00:00:15.930,1.7796528834743792,-0.08863559948514056,5.240258884860006,0.9993422700913134,1.5076094848546224,0.13951982372150895,abnormal
2024-01-01 00:00:15.940,-1.3770252442012887,1.795280721172394,4.669869453462947,-1.9391455236308879,-0.8800459511512468,0.7389499515525826,abnormal
2024-01-01 00:00:15.950,0.25902602598458674,-0.5213448012455226,4.2742141203082475,-0.8633622729026033,-1.0960337649913536,0.40479922672382296,abnormal
2024-01-01 00:00:15.960,0.6586028929119127,1.3471620229303076,3.4796711915685075,1.0250866584389808,0.7139754974127279,0.6387119471316163,abnormal
2024-01-01 00:00:15.970,-0.7110904356797415,1.7775374622736246,4.607086158400126,-0.6942714348481912,-0.3703170275491047,-0.17391642881520597,abnormal
2024-01-01 00:00:15.980,-1.8378143028219103,-0.6734270330558797,3.4246135616746156,-0.5588746232791799,-0.3517440478961322,-0.46859395793944714,abnormal
2024-01-01 00:00:15.990,-1.3484728742259215,-0.59527801693296,3.137103654736112,-0.5418176867794644,-1.7373195315456462,-0.9531879428253408,abnormal
2024-01-01 00:00:16.000,-0.7676325538744802,-0.39528194263920485,1.6839131591916088,-2.014231459547804,0.6295690075122219,0.1318356473595721,abnormal
2024-01-01 00:00:16.010,-1.447049641580107,0.23950034061772835,2.325254205845658,0.006745900353548462,0.4035011851340217,0.3060675035184485,abnormal
2024-01-01 00:00:16.020,-0.6589777961245132,-3.5247392186477944,1.5392182849007683,-0.23736384838951308,1.4498802174913281,-0.7099896599207908,abnormal
2024-01-01 00:00:16.030,0.8313041204342732,0.010464630550766385,-0.23938627186120953,0.5117369974995996,-0.22477412675315092,0.33535765658940436,abnormal
2024-01-01 00:00:16.040,0.28053545797681456,-0.00867441852939752,0.34445166934189414,-0.49075690245730824,-0.45822792825783076,0.1010255286532255,abnormal
2024-01-01 00:00:16.050,1.6351715236224582,-1.7765094096565306,0.36358040753780063,0.827704137506478,1.1753415892405323,-0.5400138641403693,abnormal
2024-01-01 00:00:16.060,-1.053722600322458,0.1036373343137372,0.5837177905315116,0.19985302108437772,0.7530502636806942,-0.008130065224182716,abnormal
2024-01-01 00:00:16.070,0.0441082547499455,-0.6060584800149132,0.4998570736373601,1.2327551588177479,-1.8317279906858646,0.06298947541912503,abnormal
2024-01-01 00:00:16.080,-1.2030777808973077,-1.6558840911249209,1.6853773859047827,-0.13463828233089417,-0.4980430230477839,-0.0014144785804049138,abnormal
2024-01-01 00:00:16.090,-2.568353482551661,-1.2363520889389308,2.1482203055582416,0.6695418767252052,0.28643410224610083,-0.02340357779190577,abnormal
2024-01-01 00:00:16.100,-0.3341919307105722,-0.3124501578693699,2.188504138647365,-1.782160734603312,0.2584947251781712,-0.4182898967621482,abnormal
2024-01-01 00:00:16.110,0.9572441562871916,-0.010169930181447646,3.1249510265628686,-1.1128126943513947,-0.11569721072318276,0.040637396625351915,abnormal
2024-01-01 00:00:16.120,-0.9869861478693029,-0.1867580788707434,2.8740514330963016,-0.3146446191288982,0.6691353245662348,1.0141813982086112,abnormal
2024-01-01 00:00:16.130,-0.008643913972700921,-0.28709424201327155,4.632187152056116,0.8362368701792123,-0.3465051685494678,-0.09154848903487076,abnormal
2024-01-01 00:00:16.140,1.3128756150030503,-1.1829225797993337,3.412267546347982,-1.1351371038585072,0.6191992361348222,-0.4677831149516269,abnormal
2024-01-01 00:00:16.150,0.46697837186678665,-0.913551473056779,3.42099602917828,0.6894238994487856,-1.1356551796640941,-0.1210397111672392,abnormal
2024-01-01 00:00:16.160,-0.15429309720351891,0.4770400606021197,5.605762056221947,-0.9083652467271673,0.3670133777841111,0.24562534622628573,abnormal
2024-01-01 00:00:16.170,-0.2492018251542212,1.7012591031447666,5.239817455003049,-0.5234720252098949,1.2246877693631513,1.088934887323583,abnormal
2024-01-01 00:00:16.180,-2.2961365786747074,-3.2422753143897984,5.337860480608757,-1.2870548476329922,-0.20132159614333026,0.33143007892108467,abnormal
2024-01-01 00:00:16.190,0.45196273021960737,0.2841746759161231,5.6683248359930705,-0.12310166942620507,0.21933555067057559,-0.34730450632569193,abnormal
2024-01-01 00:00:16.200,-1.5575409346294038,1.531065063238973,5.858502021404914,0.8469860909433942,0.5729506203679328,-0.7146266966413717,abnormal
2024-01-01 00:00:16.210,0.9502501384193933,0.02321567853469744,5.551640397317187,-0.8171448805594079,-1.0032696968717933,-0.11155055421770015,abnormal
2024-01-01 00:00:16.220,-0.6128599693620662,-0.00917678651146278,5.5652650806269035,1.440935091737138,1.6210110403135851,0.7166102431642933,abnormal
2024-01-01 00:00:16.230,0.9317497953228441,1.9319491359958905,5.9464873104469165,0.6346226241303434,-0.7699400085470124,0.8216645552761731,abnormal
2024-01-01 00:00:16.240,-1.3251998721295901,0.9014464179555775,6.984877617889542,0.581368936215657,1.5008652806584322,-0.2560876963007307,abnormal
2024-01-01 00:00:16.250,0.27059742042793045,-0.652617286740739,6.555228376521254,-0.05374715448084344,-1.0566739118995663,0.43120307191038426,abnormal
2024-01-01 00:00:16.260,0.11157639619870167,1.1125161515127413,6.532534798856631,-0.503318842272157,-2.2137431619100756,0.7228694962015525,abnormal
2024-01-01 00:00:16.270,0.5488916697146856,-0.7408352016459754,6.769408462635461,-0.028801635117648952,1.3024095602264816,0.44343764739795133,abnormal
2024-01-01 00:00:16.280,0.32484536635089617,0.9025170561268725,5.716901438907082,0.1479340434763317,-0.07912535702348912,-0.9893800951165597,abnormal
2024-01-01 00:00:16.290,0.430268231235662,-0.1349235757724358,7.581438746911827,0.13561067385237852,-0.7232619116584993,0.8081674257659515,abnormal
2024-01-01 00:00:16.300,-2.242901223212962,1.3535701079270943,6.671848027051826,-0.5512379912164777,-0.19301767259744387,0.24809761478320433,abnormal
2024-01-01 00:00:16.310,1.1677945043192972,0.4297544583828519,6.344624826707789,-0.6334212564453489,0.16862455072591873,1.0656212371967297,abnormal
2024-01-01 00:00:16.320,1.2729018982946554,1.0802101533276547,6.691479856823923,0.04160475644559653,1.598132281076841,0.46479232622579914,abnormal
2024-01-01 00:00:16.330,0.9310874173327404,-1.4078790057934,6.568777162948642,1.4465750619818556,0.48112563930542346,0.5604184999391745,abnormal
2024-01-01 00:00:16.340,1.7439117098994863,-1.12396404447014,6.854788953512063,-0.32974961994080315,-1.1699800584940439,-0.3302544645825184,abnormal
2024-01-01 00:00:16.350,2.2943264783941926,-0.24957025581340284,7.40279405036264,0.3337982688393781,-0.5221814732481724,0.8189350553020757,abnormal
2024-01-01 00:00:16.360,-0.2180102206996508,1.776019792705197,5.221053334712895,1.5602167221735608,0.3728365594082617,0.43954191547588406,abnormal
2024-01-01 00:00:16.370,0.10156929833008435,1.571031713111137,5.855615009547142,1.9842584364302134,-0.4617140224793908,-0.5459878295615478,abnormal
2024-01-01 00:00:16.380,1.0365905268915534,-1.0690526388316974,5.712666622712579,-0.5013421756115242,1.157909448983526,-0.15741437290714122,abnormal
2024-01-01 00:00:16.390,1.4971715326376096,-0.44036022375046596,4.356554950967831,0.38464118248242474,0.1672474007845559,-0.3675313743768353,abnormal
2024-01-01 00:00:16.400,0.042779973848424795,0.38651881002414806,4.829127558969116,-0.4210822596506278,0.6464604163666633,0.4267018766614449,abnormal
2024-01-01 00:00:16.410,-0.46136745494981246,-0.6036098674297322,4.548844031341391,1.5492171910644226,0.2042902242842463,1.0128749873944591,abnormal
2024-01-01 00:00:16.420,-1.0057576419738001,0.3747902586748775,4.81872449088498,0.21114813563655455,1.407989319234074,-0.22784443914438768,abnormal
2024-01-01 00:00:16.430,0.18120353724615243,0.24482756888342033,4.267598056385685,1.0556615574501604,1.9579897367924217,0.8805893501688465,abnormal
2024-01-01 00:00:16.440,1.006205721865651,1.0824400248927435,3.2625945492493007,-0.5844327738660929,-0.2785153500426037,-0.1697499590089954,abnormal
2024-01-01 00:00:16.450,0.7435778261937075,-1.2395886891634025,2.1673444251990337,-0.3310492123687402,0.6220485646044334,0.3538110708577837,abnormal
2024-01-01 00:00:16.460,1.4952620851681913,1.3570737352510662,3.1950975795928835,1.6432948741853473,-0.18956554127530698,0.0022198881663989035,abnormal
2024-01-01 00:00:16.470,2.161443189908852,0.21166106784106833,2.0876728133131484,-0.7727548076080338,0.9882799554948898,0.0017389833977929034,abnormal
2024-01-01 00:00:16.480,0.8542881631271039,-0.035490529490641895,1.6582520241289056,2.366535296878234,-0.9680895781755043,0.6495922114016581,abnormal
2024-01-01 00:00:16.490,3.079899254019137,-0.6526828711647092,1.3502088059221877,-0.4896079385752322,0.40601499553925147,-0.3686417496086678,abnormal
2024-01-01 00:00:16.500,2.0296888932583954,1.0376444100768927,0.2669875261081832,0.19938199781646,0.3471871613514862,-0.528049240253394,abnormal
2024-01-01 00:00:16.510,0.93084815789168,-0.03532927431606252,0.5594750592717554,2.223985681950029,-2.2541361676449516,-0.9125680739873442,abnormal
2024-01-01 00:00:16.520,1.833394459665722,-1.1199482916009416,-0.7926841940689417,-0.9754841100678322,-0.7021679559026094,-0.10569771188292114,abnormal
2024-01-01 00:00:16.530,0.7774556063759634,2.399273156776432,0.23736003049819393,0.3229053456205783,0.46588611533331287,-0.5347745887696809,abnormal
2024-01-01 00:00:16.540,0.5615931372685606,-1.1625547724617602,1.4555073394424236,-0.6461892827932637,-0.09831401726782392,0.4680672572542667,abnormal
2024-01-01 00:00:16.550,-2.4562502845467877,1.9075266794553594,1.7804711582501862,0.5680862071475534,-1.1776772746232387,-0.3632076465153078,abnormal
2024-01-01 00:00:16.560,-0.3702337329217012,-2.0301523104645356,0.3650868902849802,0.32692116206817295,0.3159750426442042,0.25561173990523356,abnormal
2024-01-01 00:00:16.570,1.0536013129468136,-0.4894304835397043,2.231140423875395,-0.5782303248799684,-0.8622763587224562,-1.2065550570192334,abnormal
2024-01-01 00:00:16.580,1.3196964767914332,-0.9828443655463157,2.439832547579858,-0.1548803324895771,0.19484336077190087,-0.7046147234110103,abnormal
2024-01-01 00:00:16.590,-1.5027961308149378,1.0272757831068409,2.647366235352446,-0.5981216256351874,0.5159456802189835,-0.26859013080382926,abnormal
2024-01-01 00:00:16.600,-0.6557022821724043,0.404777979320925,3.829518879747594,1.193310174276183,0.3027666392719728,0.6451790708156494,abnormal
2024-01-01 00:00:16.610,-0.2516620528439486,1.1699938834344117,3.1845361566887234,-0.27729125239625496,1.436456044098092,-0.12423608261742658,abnormal
2024-01-01 00:00:16.620,-0.5468488175356802,0.4987035066647125,4.538878857980731,-0.9899770959647789,-0.21690884616538522,0.8506381633771584,abnormal
2024-01-01 00:00:16.630,-0.273578920045525,-1.6775107058949197,3.995896239790921,-1.2048694102055653,-0.6341207224878057,0.07840749491188305,abnormal
2024-01-01 00:00:16.640,-1.1806458377517146,-1.0353144003592816,4.499596869070092,0.5276304653460092,-0.547922407727681,-0.326532757947187,abnormal
2024-01-01 00:00:16.650,-0.24853922043702648,0.3563082878368662,4.898522985746531,0.3937465126086278,1.9914209956050979,0.2681533047827918,abnormal
2024-01-01 00:00:16.660,0.9513574478312337,0.34542285003354856,5.82964041787738,-1.8666280742412023,-0.2616269363627556,0.37114016792180865,abnormal
2024-01-01 00:00:16.670,-0.20639467233575537,-0.5103688113768932,5.118472873724803,-0.7486958918435372,-1.105767980200567,0.46915751569784164,abnormal
2024-01-01 00:00:16.680,0.6022036488704311,0.8172040894638888,6.938539752793422,0.7634271075523934,-0.7746177443152216,-0.1751637944517959,abnormal
2024-01-01 00:00:16.690,0.4420233786520292,0.12946100559738247,6.449538704895875,1.0357459946025445,-0.660149000644707,-0.5444224450885266,abnormal
2024-01-01 00:00:16.700,1.5843550677816116,2.9390349324642018,5.99177397929632,-0.7974376178239263,1.754657596473659,0.19871976732883223,abnormal
2024-01-01 00:00:16.710,0.5661950752345762,2.245576532546488,7.576287059006608,-0.06774048776610014,0.6470021667803769,0.21490519663764834,abnormal
2024-01-01 00:00:16.720,0.7402409985664637,0.7889731753560365,7.776125581738897,0.40394089805895117,1.215122134415554,-0.3908121876376359,abnormal
2024-01-01 00:00:16.730,-1.9478716633773512,-1.4262941165299219,6.677211377841352,-0.8432217176844348,-0.6660765638236552,0.24934126142904647,abnormal
2024-01-01 00:00:16.740,-0.08330780000982355,1.6854366256352336,7.9529509909001,0.14983692342964228,-1.5390753164821922,0.4325945384472367,abnormal
2024-01-01 00:00:16.750,0.7196670355664185,1.950092906335318,7.424974450003661,-0.576807557497429,0.9748398065230041,0.5226247428268285,abnormal
2024-01-01 00:00:16.760,1.3234844625704703,1.0345294163941399,6.96236895345268,-0.26420750808202154,-0.8015979550221851,-0.42352838178630203,abnormal
2024-01-01 00:00:16.770,-1.0007412414881243,0.23374891380794938,7.701642889434485,0.18248290229422345,0.663636529347147,-0.037987032541666105,abnormal
2024-01-01 00:00:16.780,0.3288667169265131,0.5697526437108976,6.242612891480343,0.5529188274693363,0.6167592567963718,0.14236284045088157,abnormal
2024-01-01 00:00:16.790,0.19508611972389153,-0.3036199018779095,6.428563760654877,1.0486798241703532,0.8373272849414188,0.5444803871543328,abnormal
2024-01-01 00:00:16.800,0.27375519371643003,0.940855783421922,6.257446779578095,0.2540435706529941,0.9811977297918171,-1.0068150377045275,abnormal
2024-01-01 00:00:16.810,1.9222227544746036,-2.973612475350124,7.961581126725609,0.3099053168282615,0.4498945566939203,0.3142435563558414,abnormal
2024-01-01 00:00:16.820,1.2522234200676956,-0.766194599872482,6.357010529904214,-1.180183343135302,0.43857266170843473,-0.9887574823231389,abnormal
2024-01-01 00:00:16.830,-0.8450396410488613,-2.802901134119859,5.1560290403974225,1.1295370742562438,-0.8668428116204309,0.44272867415789063,abnormal
2024-01-01 00:00:16.840,-0.23811418923813746,-0.5817812532070021,6.118051338272523,-0.5448244556096089,-0.4775714291949855,0.32269712330333633,abnormal
2024-01-01 00:00:16.850,1.7926786797327081,1.360068662610582,5.011681153315738,-0.20547816501963734,0.45244878902061264,-0.6141949556877825,abnormal
2024-01-01 00:00:16.860,-0.1642974646729364,-1.9465574039661373,4.473180128615381,0.304125449524836,-0.22323940915448492,0.20227937090612938,abnormal
2024-01-01 00:00:16.870,-1.6049996799822814,1.5826032864678572,4.92126544178361,-1.1950235991084095,1.0326510879314166,0.12370041063804862,abnormal
2024-01-01 00:00:16.880,0.7845090514390686,0.4913344464576112,4.543132080192094,-0.7626069411602405,1.13062410146653,0.513859932336997,abnormal
2024-01-01 00:00:16.890,-1.0564739330508428,-1.2645543455184336,3.884742979936868,-0.5954148082118642,-1.437253636052617,-0.2170016424817986,abnormal
2024-01-01 00:00:16.900,-0.13381841563361085,-0.06802671484524077,4.37985002521201,-0.0259400321626437,-1.6302446968847861,-0.33568746027633656,abnormal
2024-01-01 00:00:16.910,-1.9495064373934754,1.6363367933502855,4.348437414863366,1.1932021228435297,0.7799955688605198,-0.4004559705495497,abnormal
2024-01-01 00:00:16.920,1.0264999444520457,-1.2412041168984658,3.2005797109976672,-0.26909115070592904,1.2431449288981522,0.11429803395956586,abnormal
2024-01-01 00:00:16.930,1.9803472865998109,0.270337207638878,2.774703084002868,0.9706830679759388,-0.2819716261526585,0.004451692343571067,abnormal
2024-01-01 00:00:16.940,-0.9584035338668255,-1.0857062132042465,3.183770377178069,0.7354861584494643,-0.3499217348503315,0.39062657723358657,abnormal
2024-01-01 00:00:16.950,0.08633821762711433,0.9889641347070549,1.7605465850066793,0.10647770848405633,1.0099033271224365,0.10812044093255593,abnormal
2024-01-01 00:00:16.960,0.021013250107316403,1.5511690231853417,1.3692435912430108,-0.7482735561190582,-0.6581837829200938,0.6093846299282156,abnormal
2024-01-01 00:00:16.970,0.5704894323074393,0.012854526602000647,0.9120747334541723,-0.3488450998087391,0.46187719831818286,0.3252426753565793,abnormal
2024-01-01 00:00:16.980,0.3797774425727389,-0.05080931117918703,0.9798067451951147,0.3678219930877896,-1.13471206618864,-0.5184984528872542,abnormal
2024-01-01 00:00:16.990,-0.15965577541407894,1.000401437900997,-0.39769915846895154,-1.6646502183325953,-0.2454978127317151,0.9713516402969066,abnormal
2024-01-01 00:00:17.000,-0.2813521929198973,2.195417105307315,0.27602288969487876,1.1897642944536573,0.6376700910805517,-0.660826806601566,abnormal
2024-01-01 00:00:17.010,-0.5324030584734097,1.0398041660062034,1.8362077362608695,0.7540523441582312,-0.8939580557085323,0.2967410366939522,abnormal
2024-01-01 00:00:17.020,1.337375095417671,0.4751228661412216,1.1328045026317206,0.6053792223627779,0.16257492143942057,-0.6487658860364539,abnormal
2024-01-01 00:00:17.030,-0.5723731168567462,1.6000633620609102,1.8814946838198665,-0.7861673373250287,0.7526534336512617,0.9016011107939915,abnormal
2024-01-01 00:00:17.040,-0.47844835319689216,2.3611261413580067,1.9370608499320439,-0.9023076736239686,1.6361679604921782,0.1560131868421875,abnormal
2024-01-01 00:00:17.050,1.449011855089982,-2.9300803287654507,2.160201123950067,-0.9633229012559722,0.4658452014286212,0.09621131739015835,abnormal
2024-01-01 00:00:17.060,-1.2211015803422465,1.8759642396274787,3.582331056905428,0.038864574286834624,0.630725286971372,-0.6693187653784171,abnormal
2024-01-01 00:00:17.070,-2.0725488290824816,-0.10309172995037934,3.592035332915469,1.1678753171394711,-0.5410388106914163,0.32565385043789735,abnormal
2024-01-01 00:00:17.080,1.2185629542502232,0.7246677178036082,3.54743580872051,-1.0378004827943141,0.7086179473501634,-0.01990740130466822,abnormal
2024-01-01 00:00:17.090,-0.35993729923109224,1.3573778467434998,4.181273596437352,0.10774103830066166,-0.07487660621352747,-0.6626341810808074,abnormal
2024-01-01 00:00:17.100,0.15005883476515625,-0.03904692548973087,4.094597134105673,-0.7604487415783819,0.3815836894734178,-0.18023237480126283,abnormal
2024-01-01 00:00:17.110,0.14032712272207887,1.2030825352981622,4.761272544869444,-0.03495205720484682,-0.18655212070637323,0.45476531414992627,abnormal
2024-01-01 00:00:17.120,-1.7724796073139921,0.9038564286785312,5.201446163601048,0.5118813543310834,-0.4181968658151849,0.29422759479654587,abnormal
2024-01-01 00:00:17.130,-0.490940660017701,-1.8458814718608443,5.483792516853784,1.0265193855702892,1.0964378185317647,-0.4187375269739124,abnormal
2024-01-01 00:00:17.140,1.171982153387242,0.9009810186215844,5.607442311744809,-1.5332118086062765,-0.5347688284927692,0.6703486247926992,abnormal
2024-01-01 00:00:17.150,-0.9844528767170055,1.5384170219533813,6.456280751881189,0.7299810766426106,-0.16263804394068165,0.32237015307117456,abnormal
2024-01-01 00:00:17.160,0.1725370269989534,-0.2678121670240469,7.1455601556688135,0.5703993992618849,0.331540911753856,0.43937808006106305,abnormal
2024-01-01 00:00:17.170,-0.8921554022553241,0.6739314945501803,7.288298792187561,0.5910154964850983,-1.3376963179027113,0.44662263988195344,abnormal
2024-01-01 00:00:17.180,0.15958590192785557,-0.6135924292004951,6.291857131903323,0.2267698502397833,0.718072252686717,-0.2849676944636545,abnormal
2024-01-01 00:00:17.190,1.2929587377600726,-1.8701144280224526,5.940319977977256,-0.6172260482549699,0.09061454088458476,0.24156074402727076,abnormal
2024-01-01 00:00:17.200,-0.1933705252016424,2.248292331393018,6.648332967184824,0.5913566281483708,1.0112344029786948,0.46047346444605414,abnormal
2024-01-01 00:00:17.210,-0.6449046036170124,0.8878261265537899,7.421682411107676,0.46461588428660044,1.2010040950560301,-0.11210283741520577,abnormal
2024-01-01 00:00:17.220,1.9512269799586446,-0.14742860936823854,7.174680525706864,0.7259154688442603,1.2094499054427172,0.03963024422616448,abnormal
2024-01-01 00:00:17.230,-2.223559299659273,-0.4603662289470442,7.331675376629711,-0.04366924139713899,0.8178083678213366,-0.30026961675117597,abnormal
2024-01-01 00:00:17.240,-0.8692710787136799,1.3856696051838244,6.801058294686342,0.5523420921149577,0.49407445030616204,0.18229609331253258,abnormal
2024-01-01 00:00:17.250,-1.6980985551489418,1.6206166513866365,7.080468960093388,0.6501180953599457,1.7779211269330295,-0.35728269099396914,abnormal
2024-01-01 00:00:17.260,-0.5740789203744461,-0.8092766664652425,6.472837160916073,0.3864804626869707,0.44720896986021624,-0.2612540893907514,abnormal
2024-01-01 00:00:17.270,0.6963930551237575,-0.7695348303533286,7.443645516148539,0.10580063984585272,0.7729988374755062,0.22715843241003528,abnormal
2024-01-01 00:00:17.280,-0.23380374273955296,-0.1583993753370455,5.785395737873524,0.1903070242765393,-1.2432917368022631,1.1686858591956313,abnormal
2024-01-01 00:00:17.290,1.887050933740539,-0.1560620793992121,6.609965758400327,0.755591419878724,-1.9534491816171708,-0.1866829846283489,abnormal
2024-01-01 00:00:17.300,-1.036864279944487,-0.6805843037413355,6.613234917504706,-1.3781241528232673,0.728809583748045,-0.7028856477453124,abnormal
2024-01-01 00:00:17.310,-0.545761553110576,1.7120896168812405,6.28254664718162,0.7432917850038647,0.8792153826961204,0.20926557764897075,abnormal
2024-01-01 00:00:17.320,-0.10835265202950413,-1.967617026726666,5.576579105022834,-0.6744811380330012,-1.2198220031564178,-0.01257169266622301,abnormal
2024-01-01 00:00:17.330,2.0799179023241052,-0.9214398224548437,5.635218978582478,-0.023472940699018528,-0.7928089742144444,0.26987787587304246,abnormal
2024-01-01 00:00:17.340,1.4683628322280444,0.4478448528161839,5.228586640696668,-0.6903121659457424,0.7575221393405025,-0.2952539300482539,abnormal
2024-01-01 00:00:17.350,0.5865426192401803,1.1990997883344592,4.175348023530278,-0.06654161898321263,0.454177577742051,-0.6228387924771973,abnormal
2024-01-01 00:00:17.360,0.23138993859078455,1.0527588606832992,4.132969694915613,1.5758254875738997,0.8281926433884504,-0.08730535042384899,abnormal
2024-01-01 00:00:17.370,-0.5829699316434444,-1.0050422530097216,4.1301143255498,0.11377897054116672,-0.21979127767048226,-0.27662148874889403,abnormal
2024-01-01 00:00:17.380,-1.2076443869823144,-0.7664702360942767,3.2263844579466188,-0.28966956634334035,1.0982296788503654,0.7073273667870588,abnormal
2024-01-01 00:00:17.390,-0.19676828594212817,0.843674746449694,3.2050435442646132,-0.799711910190925,1.4246926807922895,-0.6006961956125976,abnormal
2024-01-01 00:00:17.400,1.1697477748752914,0.3351736125926416,3.1564289325750132,0.16418679667273411,0.3876735374721281,-0.1736766974428398,abnormal
2024-01-01 00:00:17.410,1.6421679719890478,-0.8285433572880315,2.9107046867497015,-0.5657546796047741,1.8216248814573521,-0.031452211503820104,abnormal
2024-01-01 00:00:17.420,0.7263322248272753,0.5669971963090014,1.836424188646513,1.5014691270187306,-1.2693610474579553,0.8603260794488344,abnormal
2024-01-01 00:00:17.430,-0.15728972793788595,-0.5631935231164403,0.9809207562939819,-0.09373802226461671,-0.4360374128200857,0.3806651050590319,abnormal
2024-01-01 00:00:17.440,1.297403822357665,-0.6082179292992359,0.5290668173692499,-0.7288540904523626,0.5681379596257445,0.5398806275520155,abnormal
2024-01-01 00:00:17.450,1.573826224486371,-0.4664441541867045,0.6076097467582472,1.9328557251881784,-0.42368425730868253,-0.3069530394355294,abnormal
2024-01-01 00:00:17.460,-0.0300920131573163,0.6772277281962538,-0.31905866731077787,1.0808691766743828,-0.27758177838636056,-0.6807281701498455,abnormal
2024-01-01 00:00:17.470,0.9113620935238513,1.7877496588157575,0.7204478949537405,-0.9097947186239218,1.5747088340365036,-0.5858770022416816,abnormal
2024-01-01 00:00:17.480,-1.194179460068429,-1.9482242727264543,0.996744125713093,-0.31385919682843694,1.2050778138127864,0.613924795615471,abnormal
2024-01-01 00:00:17.490,-1.6258844345523287,1.2358401867394293,1.1977615485663373,-1.0334394078711806,0.7959731628657809,-0.04493944858464943,abnormal
2024-01-01 00:00:17.500,-0.9372461820362263,1.449839261909589,2.172139237116946,0.8343515848938827,-0.3669145854248746,0.1366626674637795,abnormal
2024-01-01 00:00:17.510,0.017967122658913346,-1.9320110371584283,3.1263477084053286,-0.11071071526024875,0.3369064162767748,0.5661142546049011,abnormal
2024-01-01 00:00:17.520,1.2903439944444017,1.1002387234452868,2.362551810614809,-0.15228383911226828,-0.9596829044076949,-0.05576480364944199,abnormal
2024-01-01 00:00:17.530,-0.5390612569924524,-1.4746991603758683,3.7684526098172357,-0.5338336052125776,0.19428162583176237,-0.6639556260788615,abnormal
2024-01-01 00:00:17.540,-0.8693947305301467,-2.0367525693106066,3.661802950112746,1.2466762975974162,0.22326871780978683,-0.39734235323673384,abnormal
2024-01-01 00:00:17.550,0.6161784125008032,-1.567699906208705,3.623256169331506,-0.5209521582113417,-0.034830067679186616,-0.9502825621759606,abnormal
2024-01-01 00:00:17.560,-0.48238963050920963,-0.33041269087957076,4.2468838433071525,0.39845555723078785,-0.2016949843917496,-0.7169461886483088,abnormal
2024-01-01 00:00:17.570,0.5313049036146666,-0.9393302521626243,5.344996503735401,-0.7729270471706995,-0.1633717424973167,-0.8970883790401323,abnormal
2024-01-01 00:00:17.580,0.7241861168332313,-1.5593616549612974,5.690614894156426,0.005359618295252499,-0.3048727943331818,-0.13739905529260443,abnormal
2024-01-01 00:00:17.590,1.7512537386184093,0.6760805034933298,5.072676551345583,0.06291348521869726,1.0526021312332583,-0.3662356377895931,abnormal
2024-01-01 00:00:17.600,-1.3128030523237653,-0.2543020069687633,6.008544969839095,0.7271297091246669,1.1849281008536432,-0.46208209435827186,abnormal
2024-01-01 00:00:17.610,1.7247583371451018,-0.7703689753206177,6.360755247322892,-1.6321974135981834,0.15303034336916202,-0.8241485572528296,abnormal
2024-01-01 00:00:17.620,0.37143143700210823,-1.3986366146819498,6.306247187276451,-0.5497493350864643,-0.43116479082064363,-1.0514640353857407,abnormal
2024-01-01 00:00:17.630,-1.9261191430151203,-0.3368775816835054,6.2675291853938875,0.10464942421043234,0.5578846007781064,-1.1943806618756951,abnormal
2024-01-01 00:00:17.640,1.8603526970810162,1.5701206674167136,6.217140483097468,1.6305645961802806,-1.1490859861371552,-0.03583735380674145,abnormal
2024-01-01 00:00:17.650,0.7766401864973983,-1.6808637782402789,6.983683492169434,1.1793007007031786,0.01196344943862406,0.13707524510691588,abnormal
2024-01-01 00:00:17.660,0.7923786588300888,0.8528465830134396,5.799772031486916,-0.09296137227975701,-0.01968101282105917,-0.018581445867277897,abnormal
2024-01-01 00:00:17.670,-0.18496007450632931,-1.1391583865227897,6.524685216735356,0.3413166063178766,-0.019706806000664084,0.03051748504227607,abnormal
2024-01-01 00:00:17.680,-0.42681591605821206,1.0659886118533846,7.486719487430749,1.1414332083646912,-0.8059446883709058,0.06957452006832947,abnormal
2024-01-01 00:00:17.690,1.4465359382304275,1.564263538083783,5.676370343606363,-0.8018298884096177,-0.9271677814474963,0.09168818845575168,abnormal
2024-01-01 00:00:17.700,0.7196762497048542,-1.4913111591011545,8.00946843897377,1.1391355735358286,-0.5854587703945435,-0.42166240182278475,abnormal
2024-01-01 00:00:17.710,0.40198702258195596,2.638872985577496,6.742604901966456,-1.5475997787371034,-0.12043643687617682,-0.09160014510826625,abnormal
2024-01-01 00:00:17.720,1.4099042052539756,0.3291236114783635,7.034433385669633,-1.4875486450459556,-0.44063650428130774,0.6477449381384969,abnormal
2024-01-01 00:00:17.730,-0.11350542375603213,0.2112388768306558,7.2522267813432135,0.8973569012966999,0.28070663793959466,1.0364604038842766,abnormal
2024-01-01 00:00:17.740,0.4309789061154621,1.107547445668403,7.216645086497093,2.5865589355833496,-0.12206361008957264,0.3253443604431768,abnormal
2024-01-01 00:00:17.750,1.9145837132268195,2.2546713275086785,6.735512454821403,0.5328117732608761,0.38844836466858645,-0.9925613291769428,abnormal
2024-01-01 00:00:17.760,-1.2300305763509407,-0.13103270002090778,6.414785316870332,0.49018412656168714,0.22649860118822787,-0.25480039007560296,abnormal
2024-01-01 00:00:17.770,0.3241963494918703,-0.7603366104834534,5.384226477160468,0.5292361702890052,-0.5636448981373349,-0.13326798378638988,abnormal
2024-01-01 00:00:17.780,1.142096579048452,0.11917582749931477,5.72732303823892,0.9929632371212205,-0.5924008596056594,0.686917370396174,abnormal
2024-01-01 00:00:17.790,1.484059532956129,0.5233173675499825,6.424482845378957,0.6663644570456078,0.23240751580210103,-0.4134461516758305,abnormal
2024-01-01 00:00:17.800,-2.4989935009581017,-0.8561538270242982,5.971258445686139,-0.56994990173838,0.713014525043586,0.792392958534594,abnormal
2024-01-01 00:00:17.810,0.6442698598006206,0.25585262035191014,4.672443449437464,-0.906360766130107,0.08580779370298058,1.3828778931899959,abnormal
2024-01-01 00:00:17.820,-1.4384695828026333,-0.7539969014896546,5.400072273932002,-0.45092348403129306,-0.35091589971651754,0.7502812870936786,abnormal
2024-01-01 00:00:17.830,-1.1856176289376272,0.4343644948480881,4.573985093657686,0.28338620459174646,2.451073681011505,1.0616867118380713,abnormal
2024-01-01 00:00:17.840,0.5984859215864778,-0.8115451974674798,4.63739370082898,-0.4174102755168421,0.7676486606712121,0.2743746544347396,abnormal
2024-01-01 00:00:17.850,2.002260358136925,1.363851910406537,3.844786122073634,-1.9782979440998838,1.0708297881561288,-0.007724891232237521,abnormal
2024-01-01 00:00:17.860,1.4154677059332805,0.09475898770716709,3.981125020651716,-1.1011518903127522,1.5225259915515759,-0.37582101527570244,abnormal
2024-01-01 00:00:17.870,-0.8174550864721993,-0.6229473747913401,2.335047600692589,-0.7260968262180918,-0.05360513792558832,-0.6316877918176884,abnormal
2024-01-01 00:00:17.880,-0.7595529744824473,-0.08537745889952807,1.3062374055807369,0.18702309972317677,0.13979588776130072,1.6077577092902562,abnormal
2024-01-01 00:00:17.890,1.7905071382958544,0.2687840319022653,2.24514356364812,-0.06191101963110105,-0.1512341467146545,0.8014854882091649,abnormal
2024-01-01 00:00:17.900,0.8610338045123985,0.6207307573181083,2.012979159567649,-0.9275097374166963,-0.8210930968140864,0.4865972905631508,abnormal
2024-01-01 00:00:17.910,0.9765846366946955,-2.3052180190253617,0.6895086171029077,1.324343189737347,0.06334845957686905,-0.1415297034193778,abnormal
2024-01-01 00:00:17.920,-2.491557299019546,1.8816243182517352,0.6275856982971881,0.30939494491554015,-0.14345362394669478,-0.18222264430518767,abnormal
2024-01-01 00:00:17.930,1.925230872653551,0.8703623449293971,-0.35846188047051375,-0.29130112435263894,0.44645255130159217,-0.35324249615773673,abnormal
2024-01-01 00:00:17.940,1.0970853787522918,1.1082975346239652,0.8130014318887033,-0.4681625888777441,-0.18990224442610282,0.094713703137103,abnormal
2024-01-01 00:00:17.950,0.28885854831884455,0.164049303833876,0.5566139435369062,0.23400029845437453,-0.5809576204994805,-0.2363286957358772,abnormal
2024-01-01 00:00:17.960,-0.003806528407461036,0.8441225786766385,0.7780846997071846,1.5674646252513826,0.011593947576177134,-0.039288759821632414,abnormal
2024-01-01 00:00:17.970,-0.16760538310894055,-1.2416212143180083,1.5526548079762648,-0.3293774814853424,-0.03534701277094847,1.1896145865286947,abnormal
2024-01-01 00:00:17.980,-0.22248900283971232,2.1375979744262197,2.3596114927172143,0.006416016005922345,0.375336508397111,-0.21084454664010807,abnormal
2024-01-01 00:00:17.990,-0.4979245289794261,0.2159627135034851,3.2879342247323953,0.161547249349066,0.2547905130432727,-0.9674068132973834,abnormal
2024-01-01 00:00:18.000,-1.8196822059046058,-1.1587252664250092,3.29831297808692,1.4935326008134255,-0.5515217196072749,0.3992181490556803,abnormal
2024-01-01 00:00:18.010,0.3900046291277039,0.0560227549547823,3.9373777751400625,1.3491010201115223,-0.5824970651513668,0.0960278607693623,abnormal
2024-01-01 00:00:18.020,2.6775915230825356,-0.22021429539232013,3.9530299455654427,0.05595738228314553,-0.011306840834402917,-0.459627691182024,abnormal
2024-01-01 00:00:18.030,1.1364224715130429,1.3289484809087808,4.812114928571524,0.27886167656239647,-0.09895040002523355,-0.21448247887027522,abnormal
2024-01-01 00:00:18.040,0.4243199133233137,0.26895743077612627,4.4347398928332655,-1.446969385144596,0.4056501277098632,0.010859938343834443,abnormal
2024-01-01 00:00:18.050,-0.8473976682706709,-1.4072877973653022,4.6672430283926625,-0.7928175734864139,0.15393898067790235,0.5602418513420647,abnormal
2024-01-01 00:00:18.060,-0.7501769929406445,-0.4923307296649115,6.8664408506467245,-0.8228691977229918,-1.3502865313102381,0.3560387942111007,abnormal
2024-01-01 00:00:18.070,-0.24824375144098676,-1.465658500833942,6.654677560925787,0.4798126709884313,-1.5040812092097542,0.06775622794338702,abnormal
2024-01-01 00:00:18.080,0.7863462053991098,0.8914159330808437,5.169400933605506,0.1709573121596944,0.7056803253787366,0.2577543979381759,abnormal
2024-01-01 00:00:18.090,0.15221594155654475,2.2572222393451793,6.543057897041284,0.23509036079408208,1.551014572955471,0.05430526557348197,abnormal
2024-01-01 00:00:18.100,-1.8694434384888254,-1.1175462640662803,6.126615726404281,0.74878394408048,-0.6974407454773403,-0.8785715432959361,abnormal
2024-01-01 00:00:18.110,0.41714256965706215,1.447119269867992,5.764753542699882,-0.08209085469019026,-0.6812465708663775,0.5249755154455187,abnormal
2024-01-01 00:00:18.120,1.5210250182363816,0.2196730548699458,6.791100311262643,0.7157333155114367,1.3057529216265695,0.0471385095240812,abnormal
2024-01-01 00:00:18.130,1.093121774852699,2.271989363228034,7.132046793188818,1.0049579206899342,-0.44457867953506325,-0.10624273693730621,abnormal
2024-01-01 00:00:18.140,-0.12377051959250969,-0.7183097316404078,7.4709817236942,-0.5299417584040396,1.0958278730357311,0.582530957126325,abnormal
2024-01-01 00:00:18.150,1.8617002369810003,-0.8059771638305558,7.500997026661381,1.0519224360505866,1.1775737369836523,1.1010219053676022,abnormal
2024-01-01 00:00:18.160,0.7435014845546095,1.44516656354255,8.40890533323231,0.16671470830874013,-0.21977008126996347,0.3552669434526328,abnormal
2024-01-01 00:00:18.170,0.9848044548409676,-0.44046343998473897,7.359430426046343,0.6635899831245394,1.6106182641561784,-0.1124294341099577,abnormal
2024-01-01 00:00:18.180,1.6521247282068634,0.4720636285365906,6.8162139289030295,0.34194511013333406,-0.24513803052618774,0.7567645398123848,abnormal
2024-01-01 00:00:18.190,1.761895866966341,-1.3273808308444284,6.972425234560199,-1.0946478822765768,0.515737182789387,-0.8930196324934472,abnormal
2024-01-01 00:00:18.200,-0.11082329625715702,-2.2106403251996727,6.805370700121085,0.6649014825029012,0.47128027357669866,-0.20730775196333034,abnormal
2024-01-01 00:00:18.210,-2.427734678158538,-0.5784375685354097,7.440014327973385,0.9729760238831116,0.28150023282181186,0.0941748404573832,abnormal
2024-01-01 00:00:18.220,1.1528999021886175,-0.09346283234345464,7.349913258964167,-0.11887379817821403,0.8665511569925449,-0.7543141744109598,abnormal
2024-01-01 00:00:18.230,-0.6720526751862163,1.1161326615240406,7.138170742909348,0.5296432508873117,0.08058892554275524,0.6740044080646659,abnormal
2024-01-01 00:00:18.240,-2.185423411625051,-0.024952434754191084,6.474647952954952,0.16532912106389902,0.21296309886096954,0.697244030552384,abnormal
2024-01-01 00:00:18.250,-0.5769065995634878,-0.3763928716576443,6.910299881748177,0.45749435196662475,0.048459166132922685,0.25872568221711684,abnormal
2024-01-01 00:00:18.260,1.234351673183842,-1.834464720259578,5.537630345147215,1.4233151220096676,0.2091513834370783,-0.28200581580335554,abnormal
2024-01-01 00:00:18.270,-0.6103401179168579,0.6727956138158506,5.65648256430947,-0.19089449053321567,1.5989267244281982,0.7656403390918579,abnormal
2024-01-01 00:00:18.280,0.16600516128495704,0.3655342427773358,4.771841613248499,-0.6290639213022882,-0.6581413073719306,0.3627592838627971,abnormal
2024-01-01 00:00:18.290,-0.14396728929833555,-0.8421627378613131,5.065881617764443,-0.6619261588026112,1.144292828967666,-0.21025349375769323,abnormal
2024-01-01 00:00:18.300,-0.6514843172965369,0.931442974080649,4.888149611384127,-0.9376073697155055,-0.5330988829589106,-1.1750879808444463,abnormal
2024-01-01 00:00:18.310,-0.5672776328677881,2.1950919961382516,4.029661595151739,0.2100218095828385,0.5248382582674588,0.17289744136875254,abnormal
2024-01-01 00:00:18.320,-1.5573515258578126,0.4667075995839287,4.331343949811033,-0.26378066387918064,0.3254671721601702,0.27327794418292173,abnormal
2024-01-01 00:00:18.330,1.3105014341120798,-1.889684196329871,2.3236714526468036,-0.7865508428789842,1.3945507460281996,0.22349056890043148,abnormal
2024-01-01 00:00:18.340,3.793501191994565,-1.4652886278243393,2.6767967832978647,1.1182798131882732,-0.7466735235057829,0.15772307664531834,abnormal
2024-01-01 00:00:18.350,0.6749784188138702,-0.6384359812561118,2.2202119855281777,-0.16072669576248508,-1.3103342172583847,0.617466536502928,abnormal
2024-01-01 00:00:18.360,-0.834324394209747,-0.32127079092037386,2.3425970094412394,0.3801967617449828,0.8425318150491987,-0.1882489188101081,abnormal
2024-01-01 00:00:18.370,1.5728335764990375,-0.5425355417543778,1.8079424256512222,-1.3465374998288053,1.5497333820267962,0.246985737027726,abnormal
2024-01-01 00:00:18.380,-1.5376091430525387,1.501564200689936,0.43962592053791594,0.40016014327223653,-0.19374699541400012,-0.643596295429641,abnormal
2024-01-01 00:00:18.390,-1.045839105720203,1.1904423898627052,0.22508715366070797,-0.6916639416697818,0.5062828440836689,-0.1890942169050845,abnormal
2024-01-01 00:00:18.400,0.965818872512601,-0.6380465201184112,0.4485803019943986,0.41296815210811805,0.3604685957309235,-0.08258177332381043,abnormal
2024-01-01 00:00:18.410,-0.1093698660397718,-0.781627854888318,-0.1928759108850991,-0.797754131238459,0.39740542875859913,0.14253185669400395,abnormal
2024-01-01 00:00:18.420,-1.8767249176638283,-0.15000046218608862,1.460274229568235,1.0498401123912275,1.1286246623873948,0.25222028539116453,abnormal
2024-01-01 00:00:18.430,-0.3916875887493537,0.20744505669266367,1.0161287333765754,-0.34426389614853864,1.2021911106377579,-0.15768177576147605,abnormal
2024-01-01 00:00:18.440,0.8039658255911306,-1.2572899357921288,1.304258982921856,1.1715012777132783,0.7543011236846492,0.5523979340259343,abnormal
2024-01-01 00:00:18.450,-0.419347271488575,0.1542109929559109,1.8017084421099712,0.02840465408316465,-0.03130181071801852,-0.38263930072708646,abnormal
2024-01-01 00:00:18.460,-1.4203499421915944,1.3764757472475684,1.5716529770829308,-1.1034556848760917,-0.6733046492278585,-1.3170527130890135,abnormal
2024-01-01 00:00:18.470,1.5216120025269433,-0.022871723022075543,3.0313113597562027,-0.3275152541535679,1.2314120057695424,-0.7910886296830771,abnormal
2024-01-01 00:00:18.480,0.8514026349509091,0.5230743343399786,2.5532525311597913,1.3224495521257498,0.04437503892251122,0.15861840016385403,abnormal
2024-01-01 00:00:18.490,-0.1928294292431306,1.4511034315161562,3.355679986245905,0.5821979267055948,-0.27250906041422285,0.20126462541307608,abnormal
2024-01-01 00:00:18.500,-2.4036399579593253,0.5411082391651724,4.746568120929711,0.11270986863749967,0.853233066317165,-0.5250633287513209,abnormal
2024-01-01 00:00:18.510,3.190267147497778,1.2292976070797164,4.722511643519579,0.047340176699446644,-1.502303488307953,-1.1667509116602828,abnormal
2024-01-01 00:00:18.520,-0.18759837312516447,-0.6836117551339967,4.7126434311552945,-0.4561661962987855,-0.7959034177573426,0.06031803528403989,abnormal
2024-01-01 00:00:18.530,-0.2991371672102352,0.08687760200657757,4.594203688124426,-0.13359529891185168,0.9136521533866322,-0.3796180690430551,abnormal
2024-01-01 00:00:18.540,1.000547917077875,0.29910385851783705,6.11813501441076,-1.4989492440475722,-0.2482741900460702,0.9995511363246307,abnormal
2024-01-01 00:00:18.550,-0.3208180872743453,1.3071479555448458,6.4184029893169665,-1.3257696087106705,-0.7575598179534146,-0.6843944665622458,abnormal
2024-01-01 00:00:18.560,0.18573526086451914,0.3901810186955036,6.263924445835254,-1.387242251315256,0.0789194213950319,-0.17573513351089975,abnormal
2024-01-01 00:00:18.570,0.10461017869929982,1.2091322285188342,5.933935457045604,-1.1636612829229638,-1.8888752156417987,0.14338531034267488,abnormal
2024-01-01 00:00:18.580,1.4323637675914414,0.07000125084064876,5.692390908955254,0.6874809050433044,-1.3977877171375386,0.05490285254685691,abnormal
2024-01-01 00:00:18.590,1.0908024346453542,0.48201070622623077,6.965094828603083,0.25756069276730936,-0.7413023488388498,1.3719331912400838,abnormal
2024-01-01 00:00:18.600,1.0217473601590052,-0.139312882049522,5.767950876838975,-0.4985850543488427,0.4807223807681733,-0.23089027567493556,abnormal
2024-01-01 00:00:18.610,-1.1818616996333473,0.5664034238135384,6.206486053544726,0.961597677274826,-1.3779309546836604,1.020378437846602,abnormal
2024-01-01 00:00:18.620,-0.04146065851561991,-0.5770048016620394,7.927819325059016,1.4173635331775891,-0.9217098676035218,-0.02099954612538045,abnormal
2024-01-01 00:00:18.630,-0.17144527793685418,-1.8841604995514738,6.653862313680927,1.0083546505851353,0.16590774573741987,0.15212012734505476,abnormal
2024-01-01 00:00:18.640,1.4538144653897842,0.3803823108449393,7.146767155961786,2.0146035770468016,-0.7576795972483645,0.1283437886246212,abnormal
2024-01-01 00:00:18.650,0.6395203833344673,-0.2354391553104413,6.313363418881974,-0.5829856511448975,-1.0746703198774068,0.603971134435142,abnormal
2024-01-01 00:00:18.660,0.5888251054972166,0.362008860461746,7.160302889806804,1.104148513362749,0.3034272066788058,0.6017018347589526,abnormal
2024-01-01 00:00:18.670,0.4908110151408641,1.767478634058864,7.496291272016808,0.19508865884654936,-1.4351969728235818,-0.4400274658736692,abnormal
2024-01-01 00:00:18.680,1.6066137071985622,0.31263890412315815,6.161134374310958,-2.0342870542027662,-0.649888469953055,-0.5290526634346625,abnormal
2024-01-01 00:00:18.690,-0.3232503433670641,0.3764628894052966,6.524446264024068,-0.7957188034876799,-0.30048832802623243,0.3887933167869968,abnormal
2024-01-01 00:00:18.700,0.1368383278422994,2.5491490979701474,5.917869032148044,0.32650275365497505,-0.2736292851541548,-0.8264102561642914,abnormal
2024-01-01 00:00:18.710,-1.3281515555997998,1.9115141812441134,6.486096232902745,-0.6022355736813099,0.5378702535095402,-0.24739144146228204,abnormal
2024-01-01 00:00:18.720,-2.712834553777929,-0.7056071896648707,5.744945120721505,1.8248856143346766,0.11497388561106223,0.5953479458500924,abnormal
2024-01-01 00:00:18.730,0.706865613053654,0.4024369352400086,5.474183235191324,0.38680660378903975,0.47896272501958687,0.7815932025050433,abnormal
2024-01-01 00:00:18.740,-0.9049062294134574,-0.3694876502719366,5.283321516591393,0.8914087387537323,-0.4568630899367522,-1.1123211058608449,abnormal
2024-01-01 00:00:18.750,-0.17827800951503772,-0.4725906938106806,4.833068865497047,-2.3583040198859377,0.8714772882451248,-0.259567779978434,abnormal
2024-01-01 00:00:18.760,0.38019114191645054,2.0610140596436684,4.403977459977147,1.58893780192065,0.5367110301112419,0.45748759087663227,abnormal
2024-01-01 00:00:18.770,0.2592157232993941,0.9608257833935543,4.389281436068215,-1.149093073943473,-0.37751418873526005,0.382384745024301,abnormal
2024-01-01 00:00:18.780,-0.08253074234291742,-0.12515242280549177,4.280584011864517,0.20836407562911363,-0.17546517041318743,0.4753873876148363,abnormal
2024-01-01 00:00:18.790,1.088217304382207,-0.7705093293115984,3.9853871640243144,-0.7076480478503179,-0.34192288724519776,-0.0370816986920755,abnormal
2024-01-01 00:00:18.800,-1.9795368488130587,1.18814966504414,3.456484658807056,-0.8169341105440138,0.43638565490755293,-0.35346502596893026,abnormal
2024-01-01 00:00:18.810,0.5618370335813346,1.0799596875433422,3.214121844926464,0.14741325192877752,0.06752443197992808,0.04997511811821893,abnormal
2024-01-01 00:00:18.820,-0.9001791815025789,-0.7516320255233181,3.5909259238681326,-1.5815685508671729,-1.0188728671404532,-0.6049103883688345,abnormal
2024-01-01 00:00:18.830,0.051635829285826676,-0.16143214145009566,2.6031240748163835,0.021343167493004675,-0.9362192412259509,-0.8130208371035813,abnormal
2024-01-01 00:00:18.840,2.3583830583937555,-0.6986115769215577,1.892085728292791,-0.3354915127759177,-0.12459115609303852,-0.7915537579261798,abnormal
2024-01-01 00:00:18.850,-0.17966192780671733,-0.6451847292072029,0.3268593118110057,-0.5686763526301142,-0.325708497999549,0.7439470908149919,abnormal
2024-01-01 00:00:18.860,-1.143965036412041,0.5941185892597067,0.05416618043945087,0.931934613958233,-0.2707972826199483,-0.3432881638620374,abnormal
2024-01-01 00:00:18.870,1.389964653181232,-0.9116390066654799,0.11971498774687944,0.07686673010350341,-0.7220230145108817,0.0837740883693757,abnormal
2024-01-01 00:00:18.880,-0.21935023604918222,2.5827655481919365,-0.4759049827203423,0.1450295539840489,0.07135117032883607,0.36226285537276826,abnormal
2024-01-01 00:00:18.890,-0.8710086887834273,0.7175394838351871,1.4333822580710938,0.8998673801539164,-0.5430338550299747,1.434536782090966,abnormal
2024-01-01 00:00:18.900,-0.3725649266941022,0.1828046881426257,0.476477635486083,-0.18903960643154696,0.6167070755842485,-0.39171483528443396,abnormal
2024-01-01 00:00:18.910,-2.6164226065749756,-0.045145067001737274,2.668186665980987,-0.990889480876803,-0.18424297283707505,-0.2572887627853342,abnormal
2024-01-01 00:00:18.920,-1.7857002692267367,-0.47575883740588976,2.2791934893559347,0.44084944852696956,0.1823193889943828,0.16325528405281198,abnormal
2024-01-01 00:00:18.930,1.1502692010382494,0.009610607128653763,1.5572122528108125,-1.3727452935461126,0.376258484813633,-0.43489310561232486,abnormal
2024-01-01 00:00:18.940,-0.5299710728411542,0.28497516033106535,2.52913392112493,0.5208366220075197,-0.6674751697367705,0.26745016885619555,abnormal
2024-01-01 00:00:18.950,-2.5555878265055436,0.42854852984272734,2.903110312092262,0.041493185721736256,-0.015220369849607684,0.3434972040265115,abnormal
2024-01-01 00:00:18.960,0.7882429427861403,-1.6810837595631312,3.3603632298292347,0.541555697766918,1.3940036146273256,0.33892491392202356,abnormal
2024-01-01 00:00:18.970,-0.4739353126812761,-1.5798418982714846,3.863329164277621,-3.0432829845986693,1.2343742518921894,0.07436396905418455,abnormal
2024-01-01 00:00:18.980,0.5743062530747869,-0.9049920238168727,4.90568008213348,0.6795815182533878,-0.8960836085406685,-0.3510794161922732,abnormal
2024-01-01 00:00:18.990,0.816627375251925,1.7789052010588622,4.154497900731046,0.3094635002609917,-1.127426688689046,-0.7360170142726702,abnormal
2024-01-01 00:00:19.000,1.3338325352015816,2.6022553293542576,5.0998814841156035,0.22611581552715912,0.7068354176341995,0.22041796042000983,abnormal
2024-01-01 00:00:19.010,-0.07032452777708775,-0.9938482995050607,5.545790353855047,-0.11310235894542339,-0.34736941226824536,-0.17822191655186576,abnormal
2024-01-01 00:00:19.020,-1.2509393313648598,-0.5951746219034963,6.174576948733176,0.5609089034376582,0.20688563518415817,0.3540497575217437,abnormal
2024-01-01 00:00:19.030,1.1471547235862913,-1.9192441671326892,6.402216225523293,-0.79697926420095,-0.3061442458236632,0.32118026304530206,abnormal
2024-01-01 00:00:19.040,-0.7452105866208804,0.6960911669569175,6.042911262084673,0.23574489394467726,1.5223280789465565,-0.6476754768534015,abnormal
2024-01-01 00:00:19.050,0.7433529787880983,-0.18749198766120415,6.749390320341452,-0.4294781244088198,-0.5907981727392434,0.1317635632136962,abnormal
2024-01-01 00:00:19.060,-0.31325117924710283,-0.3733997407377476,6.6613625820365225,1.2616801044438881,-0.8188209392398345,0.13727246230534293,abnormal
2024-01-01 00:00:19.070,1.0817039961942112,1.0180881432021374,7.6117256300095555,-0.4442183573257795,-0.2985457796493932,0.004508617933162712,abnormal
2024-01-01 00:00:19.080,0.51222474168541,-0.49134931894423595,7.094118450422873,0.517667004127136,0.39239648865571586,0.3519185137472556,abnormal
2024-01-01 00:00:19.090,0.5624373539395741,0.2178619665844942,6.960776801334929,1.2658154756205717,-0.2616223450072385,0.5981829383623275,abnormal
2024-01-01 00:00:19.100,0.03852043251108656,1.302878527170962,7.507280725796042,0.6588837940093252,0.4211444854423068,1.131042466791716,abnormal
2024-01-01 00:00:19.110,2.172430970956187,-0.7096409487485771,6.17195718248027,0.21038783157881605,-1.3702919033027312,0.34507676486057853,abnormal
2024-01-01 00:00:19.120,1.30147372586604,-0.5489336911798938,7.754412937269624,0.9701174090774087,0.280363750427358,-0.2915422771116163,abnormal
2024-01-01 00:00:19.130,-0.29705007696759833,-0.4602395754267382,5.8137852379845985,1.7576906838117217,0.44567151681393236,-0.3291391771684047,abnormal
2024-01-01 00:00:19.140,0.6001194608034746,0.7620055886948243,7.756174709884548,-1.2848710353172101,0.41290605734059554,-0.15740941816552687,abnormal
2024-01-01 00:00:19.150,1.2449312365682506,0.505461083341231,6.803861650458265,-0.8203589373538621,-0.9581266331608933,1.114891599235523,abnormal
2024-01-01 00:00:19.160,-1.6684161082025428,0.8687382719732776,6.795481415682423,-0.9205410561404165,-0.5780662993259509,-0.08351057898464675,abnormal
2024-01-01 00:00:19.170,-1.288434497226582,0.6065808483437416,6.7157309185790215,0.7463863232582161,0.4935853996082933,-0.08111828793054765,abnormal
2024-01-01 00:00:19.180,0.01833665774761154,-0.31000355221946213,5.710603087381808,1.1265607136144755,-0.47323345667383937,-0.17819982860793526,abnormal
2024-01-01 00:00:19.190,1.751931963198696,-0.7035073589913198,5.882217254692116,0.49054057224844744,0.9440065846068255,-0.2199851270920388,abnormal
2024-01-01 00:00:19.200,-0.8460330380710356,-1.2213481520395257,5.702558534285712,-0.39814746153534947,0.9109109900144047,0.08775728215393083,abnormal
2024-01-01 00:00:19.210,-3.0536088614303685,-1.3104752107236912,5.5881406490251955,-1.409149886055908,-0.1263899041023076,-0.7316606812411219,abnormal
2024-01-01 00:00:19.220,0.9697328361662136,-0.28787490664217064,5.144275862281014,-0.5199067513748978,0.4228733514315679,-0.6995925645524621,abnormal
2024-01-01 00:00:19.230,-1.3184293040907413,-0.5669160814310452,4.960494569234346,0.27404640163171695,0.16286620316789818,-0.43683155537714885,abnormal
2024-01-01 00:00:19.240,0.701150596194602,1.369051241563717,4.4222788241857,0.6776461795464199,0.8414247030114965,-0.04917806906276994,abnormal
2024-01-01 00:00:19.250,-0.5538300020036776,0.09416001737330552,4.7226174757982005,0.4734305913915758,0.1351239617358221,0.7906300761530481,abnormal
2024-01-01 00:00:19.260,-0.19246325949112295,-1.8703333483914995,4.13061659209546,0.39040420057788083,-0.5639946039101901,0.07204265512566417,abnormal
2024-01-01 00:00:19.270,-0.012042759646089318,0.7022087241123877,3.662500340898561,-0.3594147660426605,-0.6489341716071777,1.204982193505361,abnormal
2024-01-01 00:00:19.280,0.5200821591149153,-0.23543838481247759,3.2256448657305707,2.3552432121645643,-1.3088349476666266,0.6323196777694892,abnormal
2024-01-01 00:00:19.290,-0.31209437037144,-1.0770930656611606,2.671381618514348,-1.1412239748939277,0.4361000559464058,-0.6690000540078145,abnormal
2024-01-01 00:00:19.300,-0.16185038635796797,0.2712960736463325,2.365700336259207,1.846665373935563,-0.02028684613610494,0.32875376398490913,abnormal
2024-01-01 00:00:19.310,1.1097888091748291,-1.7515205703890282,1.7178912335869048,0.010854431240126307,0.14274666727773705,0.5405565912872498,abnormal
2024-01-01 00:00:19.320,2.264792255222383,-0.2715193408682223,1.5052453862055357,-0.4345271492797468,-0.3039814699018106,0.38745683202668085,abnormal
2024-01-01 00:00:19.330,-0.41734292376228604,0.6302293880675753,0.5821418276629808,-1.1379177987154585,0.42137664581431555,0.36690676598836763,abnormal
2024-01-01 00:00:19.340,-1.82959929311823,0.05244105302874446,0.4460666664757666,1.8641359320607496,0.9129164339109845,-0.5356126965644185,abnormal
2024-01-01 00:00:19.350,1.4236164360789147,1.5109172572749605,0.4263819522265975,-0.8553204935521792,0.34270672289584525,0.13017041314708766,abnormal
2024-01-01 00:00:19.360,1.710981953915254,-0.542845672110185,0.15594945205131805,1.0909675882948113,0.48923658004552034,-0.03011003944416373,abnormal
2024-01-01 00:00:19.370,0.2761875498810646,-0.8370007699990897,1.0469441054975321,-0.14853778406556417,-1.4441111987932234,1.0666573434670488,abnormal
2024-01-01 00:00:19.380,0.3085864087357624,-1.3977132387619473,1.5928155149146268,-0.8029345944851775,1.543415027851603,-0.6157581552070878,abnormal
2024-01-01 00:00:19.390,-0.7321682292955736,-0.4573563095761931,3.105883777228522,0.3260234318734414,0.5462684691934646,0.06865348588101168,abnormal
2024-01-01 00:00:19.400,-0.2532262475171308,0.623582941315316,2.1401080784507074,-0.07314803319346405,0.26031744837369863,0.49972267985908925,abnormal
2024-01-01 00:00:19.410,-0.2612151387161674,-2.2568250260093308,2.9796004380027337,-0.062020479302074064,-0.8047024776565329,-0.47934856128637604,abnormal
2024-01-01 00:00:19.420,-0.4185256606598768,2.567871183110873,3.736488021455926,0.7966221224429737,0.08066345160551905,-0.6322006555931675,abnormal
2024-01-01 00:00:19.430,-1.7785222695850977,-0.7444623568390739,3.19038807086,-1.2585584380434964,-0.8781629377364987,-0.001208194646230749,abnormal
2024-01-01 00:00:19.440,0.3358723443121487,-0.6264082745336762,3.5096437516247727,0.7439785051557729,0.1127972931761318,-0.6044772090138016,abnormal
2024-01-01 00:00:19.450,-0.015647650644051565,-2.5897942522505706,4.8123004581858435,-1.4016686374628928,-0.12384734741542396,0.4189810236113355,abnormal
2024-01-01 00:00:19.460,-0.41466209576765795,0.3697646653624606,4.537561146551995,0.44648190520676706,-1.293274508665666,-0.44683629234246036,abnormal
2024-01-01 00:00:19.470,-0.40620354077846565,-0.04395123569470813,4.917612306262196,-1.3422292749191813,0.8018201729667429,-0.09898222448598809,abnormal
2024-01-01 00:00:19.480,-0.48057091090555903,-0.0005864890886425616,5.268329442375726,0.3683423334415497,0.4238403468537711,0.3082798704927149,abnormal
2024-01-01 00:00:19.490,-0.6206234191319965,1.8712714334988805,6.039916784890847,-1.5648862904690033,-0.7433093559527814,0.9283131188535476,abnormal
2024-01-01 00:00:19.500,2.6730015237421703,-0.9851702647365288,5.339431172583106,-0.4222084994339813,0.4777961081378635,0.17381461185357072,abnormal
2024-01-01 00:00:19.510,0.44318937887529786,1.2449567831267714,5.739414864140416,0.49394168424000645,1.6739113695855599,0.5290658496406931,abnormal
2024-01-01 00:00:19.520,2.296899104781948,-0.5339453361755068,5.219914479635551,1.9660449590257552,1.175080079740078,-0.5919693616565377,abnormal
2024-01-01 00:00:19.530,-1.3470942534003485,0.47585786384523965,6.563804300083072,-1.5314972781842215,1.375957739374302,-0.6656988708927384,abnormal
2024-01-01 00:00:19.540,1.5390870574332622,1.1974325357510935,6.393310564937882,0.8012915569364741,-0.3001723157256573,-0.20861843837672844,abnormal
2024-01-01 00:00:19.550,-1.0250358372877602,-0.6073352295956346,5.856091391159091,0.9990565656267629,0.2309065261826601,0.2044402489115829,abnormal
2024-01-01 00:00:19.560,2.5051026688954665,-2.7878343074688643,5.581691474003927,0.5027538088098676,-0.018439630757174096,-0.42450263200875277,abnormal
2024-01-01 00:00:19.570,-1.1564856023558734,0.4116475760303969,5.807361757554074,-0.2676031286410163,-0.8710522573553948,0.25290758761524185,abnormal
2024-01-01 00:00:19.580,0.33396753096774245,0.23110129542526714,7.291849018748671,-2.3906134565835924,0.7955175519787273,-0.019996282183239376,abnormal
2024-01-01 00:00:19.590,-0.6572782261670078,0.620380982107547,6.690351621112246,0.5114898311447689,-1.090563188156581,-0.20275383811662265,abnormal
2024-01-01 00:00:19.600,0.3416091887033445,-0.15182951125023988,7.058351909313233,-0.3315983140605652,-1.2179677956514718,-0.21459020619828345,abnormal
2024-01-01 00:00:19.610,-1.5049625491284206,-0.876639035566907,7.837934747013998,0.336875497951767,1.230655477821545,-0.7480314833174588,abnormal
2024-01-01 00:00:19.620,-1.9273922999650979,0.9717060332934827,6.927102412186626,0.3517100322635406,-0.5854609639834605,0.4318375641722368,abnormal
2024-01-01 00:00:19.630,1.310089152870435,-1.3944470489871912,5.953788315177949,-0.672577624607376,0.5267003913112265,-0.6218337968415505,abnormal
2024-01-01 00:00:19.640,0.4173314821756307,-1.054115374113281,5.5964361208381135,-0.1874565872031968,-0.7749763037737887,0.3565513954384369,abnormal
2024-01-01 00:00:19.650,-1.4575098708149568,1.0923413729954405,6.809050636601159,-0.8405520512566802,0.9288171198269094,-0.04016046201854528,abnormal
2024-01-01 00:00:19.660,-0.3507271749801549,-2.0037758200444413,5.782919231849087,0.008513877840488022,0.8659303863103455,0.1607483979427889,abnormal
2024-01-01 00:00:19.670,-0.804018919543265,0.9036220759543586,6.295262378174711,0.5662096861454587,-0.2584896726846169,-0.3799555710947478,abnormal
2024-01-01 00:00:19.680,-2.293777074681799,0.7686696052643145,4.232257028364107,-0.9102923602900811,0.6139161397921034,-0.19261114574048216,abnormal
2024-01-01 00:00:19.690,-1.0462750834534957,-0.24485088113810438,5.466502570063348,-0.14568283425964837,-1.390085633386963,0.14631488076811933,abnormal
2024-01-01 00:00:19.700,-1.0465866327463238,-1.4706979649874659,5.699001711996772,0.22056425095251042,-1.243426744159383,-1.721895568043509,abnormal
2024-01-01 00:00:19.710,-2.2029485337289456,1.5941110345366563,5.248915911285954,-0.514166007743776,0.3970838549458083,-0.5378878678388082,abnormal
2024-01-01 00:00:19.720,-2.731691844155129,-1.9020443979589556,3.7622244041089563,-0.7193827536515303,0.7743751588442502,-0.5239521539940019,abnormal
2024-01-01 00:00:19.730,-0.6485550846714111,1.0767571044348492,4.698177469693055,0.10382981557793942,1.3983885486701255,-0.2159823619413916,abnormal
2024-01-01 00:00:19.740,0.5883735376476845,2.105653052062646,4.393433120547838,0.30942396878433687,0.24625018332950158,0.3484640595606541,abnormal
2024-01-01 00:00:19.750,-1.5613356912412841,0.8080423737244642,2.740677585356975,1.120245108120759,2.257769343864961,0.6246729972968603,abnormal
2024-01-01 00:00:19.760,-0.8121630809444828,1.4973014287378328,1.9373432040114267,-0.5562709878019197,0.6325379390031232,0.2297420794725347,abnormal
2024-01-01 00:00:19.770,2.0746682865786386,1.2867882136676247,2.3894922444588294,-0.8296126161503656,1.515455720472753,-0.3709280794708754,abnormal
2024-01-01 00:00:19.780,1.3997624822503443,-0.9052657170334619,1.6504283658682306,-0.38311762054447956,0.9610240174706394,-0.8360208343084548,abnormal
2024-01-01 00:00:19.790,1.027098978934089,-3.3270257373948042,1.9850671037475007,0.8048672273433223,0.6124715411448527,1.3086927792314225,abnormal
2024-01-01 00:00:19.800,2.578235754840131,0.207647425570353,1.1447232277116726,-0.5382940127798334,-0.2442487673044938,0.6272896097026373,abnormal
2024-01-01 00:00:19.810,0.6529507430240366,-0.596309417777347,1.493850885116195,0.10428372842593985,-0.6622105900260602,0.9722163816546083,abnormal
2024-01-01 00:00:19.820,0.4981620095586662,0.20283317571184667,-0.17721451244020991,0.237642812179797,-0.501823917818424,-0.9588996548664971,abnormal
2024-01-01 00:00:19.830,-0.039455662861036675,-0.04601354679905848,-0.09104678039004421,0.8235042590220841,-1.12472641132012,-0.42005025237382454,abnormal
2024-01-01 00:00:19.840,0.721165621763796,-1.1073224043464893,1.2387452647933554,0.31238660233308596,0.7568077147011554,0.32322279515518676,abnormal
2024-01-01 00:00:19.850,-2.409540644111917,0.41750170947416604,2.1347275542230877,-0.24491947333619402,0.978525449568964,-0.4368219195229629,abnormal
2024-01-01 00:00:19.860,-2.98721192286328,1.3499143088215741,1.2928802012725669,-0.3582689691472963,-1.2670648499673987,-0.44247218044738856,abnormal
2024-01-01 00:00:19.870,0.8538151389078167,1.009030493814677,3.035603939615087,-0.834669229106801,-1.110854337264731,-0.19389086936913838,abnormal
2024-01-01 00:00:19.880,0.824184251645988,-0.8833948163415545,2.145910375940897,-1.106119174839761,0.06336831859141541,0.05407368258701039,abnormal
2024-01-01 00:00:19.890,0.7048589195544589,-0.2595639101425823,3.4313169090294164,-0.5530821589417666,-1.085960601759056,-0.0824135534972933,abnormal
2024-01-01 00:00:19.900,1.2840715995494822,2.1291561749193435,3.5823340471036857,-1.298575067786585,1.6715454455646004,-0.1888261071884074,abnormal
2024-01-01 00:00:19.910,1.1974025619039548,-0.36106090049658995,3.6860504414204094,0.5268427133630398,0.9617099967165098,-0.9015396670485631,abnormal
2024-01-01 00:00:19.920,1.2258096610811413,1.428529989623351,4.648998075372381,-0.9893511122048908,-0.9264676755100488,-0.10648331500814578,abnormal
2024-01-01 00:00:19.930,0.06135617095717729,-0.01500213874167399,5.166373950847591,-0.006363758724642238,-0.9407744563329364,-0.02444014997307409,abnormal
2024-01-01 00:00:19.940,1.6286889096511556,-0.999013506846794,5.013221270010117,0.9954349535738641,-0.20583122205456156,0.35439987885904045,abnormal
2024-01-01 00:00:19.950,-0.44727069603676956,-0.03249279034119229,4.641169709498524,1.3204266793673531,-0.5946094259124661,-0.6712379825716298,abnormal
2024-01-01 00:00:19.960,-0.3936762807938891,-1.7145139076292537,4.565855326660914,-0.5211306167655154,-0.5034579270596717,-0.3190417755892829,abnormal
2024-01-01 00:00:19.970,-1.883366409296753,0.7651368425880051,6.571666031184297,-0.19139726586518385,0.2591007247232215,-0.5225239957098103,abnormal
2024-01-01 00:00:19.980,0.6351793998079919,-1.3530602476883042,5.626557741566906,-1.6078737099420684,1.7637811056197916,-0.7586046959425129,abnormal
2024-01-01 00:00:19.990,0.9498506424970913,0.7748194988286686,6.542209556210496,-2.056737461355816,-0.05246867134528503,-0.9403997145601781,abnormal
2024-01-01 00:00:20.000,0.08269760126123156,-0.9387014492927972,6.162469166265646,-0.3545512058846376,-0.10958427393929554,0.2731054633336867,abnormal
2024-01-01 00:00:20.010,-0.2818645626677183,-0.893575657966644,5.849143829057378,0.518639143625759,-0.40071567726985025,0.5888629739804286,abnormal
2024-01-01 00:00:20.020,0.059285068137348615,-0.0595514382500154,6.598403991860494,-0.6367933830823901,0.8725256699305404,-0.3694218775090562,abnormal
2024-01-01 00:00:20.030,-0.8459884160234521,1.2559795813196502,7.705681906522915,0.5155386434136591,-0.5241576853327068,-0.21043280661631064,abnormal
2024-01-01 00:00:20.040,2.0677667200108303,-0.7321405170535639,7.104641949258417,0.4540532634007155,1.414177378752153,0.8576910300633727,abnormal
2024-01-01 00:00:20.050,0.4563925942526962,-2.8161152832359178,6.786162228157199,0.6044096190715466,0.04984650843629152,-0.09895671443054133,abnormal
2024-01-01 00:00:20.060,-0.9016770923575956,0.9181199103057183,6.582056015637745,-0.011939124540879625,-0.7524028435112129,0.19958003028352428,abnormal
2024-01-01 00:00:20.070,0.7528757957171323,0.8287236985118929,6.853732927123546,0.3492140465415831,-0.7175516970960287,-0.43195153021435795,abnormal
2024-01-01 00:00:20.080,0.5851816900973287,0.8881436331835192,7.497372988597718,-0.6148040553848755,-0.21707146058515223,-0.867550757625116,abnormal
2024-01-01 00:00:20.090,-1.3600449186120842,-0.3945974569794525,6.209821991680512,-0.09675814183220667,-0.6678040948099687,-0.23878153455077647,abnormal
2024-01-01 00:00:20.100,-1.0976540581158647,-1.9407282750516683,6.984606593822381,-0.17742242074725764,0.4256514654220123,-0.40491981494995244,abnormal
2024-01-01 00:00:20.110,1.074995575459461,-1.2483761868724381,5.568043592943534,0.2782029754464758,-0.04473832976651055,0.024395073242826356,abnormal
2024-01-01 00:00:20.120,-0.4270762830742393,-1.6368833926529287,5.824144144654037,-0.6280094170628359,0.6841305689489211,0.14631053310322684,abnormal
2024-01-01 00:00:20.130,0.3805909460391408,1.620444587395619,6.425785666922704,-0.87268496250664,-1.3977820625164337,-0.7305632577759643,abnormal
2024-01-01 00:00:20.140,-1.774291628666891,-0.14259919149427172,6.456968163000182,1.544136109710978,0.18716895861157223,-0.22819739347640586,abnormal
2024-01-01 00:00:20.150,0.10485775216838104,1.5514689650189395,3.8962446156628188,-1.1230166695267567,0.9231979493366103,-0.3741465783289709,abnormal
2024-01-01 00:00:20.160,0.6263285013283979,0.0679744755565355,5.922832985317776,-1.1368269888131532,0.39039053348536973,-1.1540371735388868,abnormal
2024-01-01 00:00:20.170,-0.7514217416150462,-0.21465398547614775,4.72454972189576,0.2581287864659124,-1.3556060801573946,-0.6888194647416727,abnormal
2024-01-01 00:00:20.180,-0.03923410245700883,0.7395614870052568,6.057605459200568,-0.7837386239215601,0.5605523724785705,0.5377731417767329,abnormal
2024-01-01 00:00:20.190,2.5975997306798835,-1.825773835516168,4.088043942234657,0.7333679281101746,-0.26545011770248383,-0.5697897776658987,abnormal
2024-01-01 00:00:20.200,-2.760011713292344,0.9051534730336972,4.732876038625942,-0.8908387676177604,0.677132561087146,-0.5955457343856431,abnormal
2024-01-01 00:00:20.210,1.6472646245662437,-1.2018605898668984,3.2203222803106626,-0.0771385158161924,-0.12171109412698439,-0.6812160843270743,abnormal
2024-01-01 00:00:20.220,-3.312947533927344,-0.3690056751884482,2.7635920326020798,-0.22896539557388923,0.27433424920721067,0.7545996987719705,abnormal
2024-01-01 00:00:20.230,-1.2204112359285477,-4.185819429311503,2.1197580579323696,0.15668195544123917,0.7860622909465423,-0.22903333313803542,abnormal
2024-01-01 00:00:20.240,2.273202974877531,-1.6716716255155768,2.5848709177545883,1.3746239367460955,-0.5091205016136945,-0.9703634505104212,abnormal
2024-01-01 00:00:20.250,0.4035167108282098,-0.10951530225275738,1.2494775500790731,1.1174088712169392,0.488857140614209,0.033715399374994647,abnormal
2024-01-01 00:00:20.260,-0.362432508632102,0.452043099854202,0.626710273165798,1.1478047654132033,0.6828825807597965,-0.017293187282846453,abnormal
2024-01-01 00:00:20.270,0.1866395049391233,0.9492384958816927,0.4940081913639245,-0.9332849852470877,1.2496880628539153,0.4388406723810617,abnormal
2024-01-01 00:00:20.280,-0.3097202383055104,1.7564524457796593,0.8272719237496311,0.8304193364526631,-0.2273424453655387,0.6267934433067731,abnormal
2024-01-01 00:00:20.290,-0.6198031056077477,0.06747963815234277,0.5906674966904046,-0.6160024099664397,-1.0151308370335774,0.3224247452546803,abnormal
2024-01-01 00:00:20.300,1.5756170209029432,0.4483008019681609,1.0671585563433186,-1.7564806726856648,-1.9532073804114554,-0.15652739881530697,abnormal
2024-01-01 00:00:20.310,-0.3804882974603911,-1.031203229946118,-0.15074394513544365,-0.1536657317436131,0.7801794531026278,0.026623801419552277,abnormal
2024-01-01 00:00:20.320,-1.7320117664068138,0.9034815687824646,2.100910168453126,0.335771745327458,-0.3819362209384061,0.781131118411585,abnormal
2024-01-01 00:00:20.330,0.7822930693907246,-2.070650892650052,1.8686442824846128,0.08674635810349457,-0.2406687419323038,-0.7606922504679747,abnormal
2024-01-01 00:00:20.340,0.11094054402435731,1.4225918775751423,2.1653603375364288,-0.8028798529882731,0.23913330456892032,0.40708978569726567,abnormal
2024-01-01 00:00:20.350,0.10001804813894127,0.8239606998982597,2.515859797724475,-0.469522688562328,0.47244348917559487,0.7728696525221637,abnormal
2024-01-01 00:00:20.360,2.6656355300752814,0.4190009357255016,3.4344669385631947,-0.5011073762782133,0.6170008402272573,0.21492373847432975,abnormal
2024-01-01 00:00:20.370,-1.4230438885414554,0.35318271501758763,3.4077753481874615,-1.8708737954869117,-0.07260436347160291,-0.8553828526325619,abnormal
2024-01-01 00:00:20.380,-0.8319985269788862,3.624819666771195,2.5435094345764426,-0.2705109168476693,0.17384170125262063,-0.7094297288277625,abnormal
2024-01-01 00:00:20.390,-1.8773400374802864,-0.3726257330920988,4.410298747856246,1.8510011798402366,0.9046929795433056,0.8521781269614104,abnormal
2024-01-01 00:00:20.400,2.2194874798851294,-1.9812431145133933,5.147409338535778,-0.4928656887441287,-0.9026468686882704,-0.040772332807132584,abnormal
2024-01-01 00:00:20.410,1.2955217899127867,-0.39225133268501117,4.8925056083744956,0.23060596340917996,-0.3717608651413531,0.29814555259565045,abnormal
2024-01-01 00:00:20.420,2.5195664347195064,-0.35303348294059295,5.349413479976312,0.29571633123300606,-0.49074152110109065,1.4180325781602248,abnormal
2024-01-01 00:00:20.430,-0.10326417991282301,0.6146141008989102,5.807164706187293,0.35418557867497347,-0.4252198836290506,0.11784495378918834,abnormal
2024-01-01 00:00:20.440,0.8601175175982787,1.224657312962313,6.449015850903325,0.6200110085598477,-1.1878721153786072,-0.6550056415054134,abnormal
2024-01-01 00:00:20.450,-1.76243601978246,-0.5182294191681603,6.125022189216197,0.10482795172911519,-0.34607299497454924,0.7417712818397856,abnormal
2024-01-01 00:00:20.460,-0.7561739890313494,1.6069459497693008,6.300036490209495,1.0249421962255183,-0.26442407712522864,-0.3950873530421453,abnormal
2024-01-01 00:00:20.470,-0.020800544602173135,-1.1389464475171398,5.440656108623448,1.7775570597349308,-0.08418599474644084,-1.0304231117068514,abnormal
2024-01-01 00:00:20.480,0.2762803871142187,1.8258977786952348,6.992285458522813,-0.13335431287506117,-0.680721130359389,0.11345922140586785,abnormal
2024-01-01 00:00:20.490,0.4370695861969021,-0.1433463915431961,6.177792349192217,0.15756931342605981,0.3249653981275467,-0.3322756055106549,abnormal
2024-01-01 00:00:20.500,-0.09954681190299283,-1.1104326151651904,7.583248364626955,0.03718820703902769,0.18918642432891014,-0.09388448902710703,abnormal
2024-01-01 00:00:20.510,-1.237619835501845,-0.44457326112240203,7.687042319180561,-0.06861873104845284,-0.5675638975137965,0.1336872126682049,abnormal
2024-01-01 00:00:20.520,-1.3680523373438767,-1.2405025670002152,6.197336641036761,0.7857154903032078,1.0260260135200874,0.2750307461998136,abnormal
2024-01-01 00:00:20.530,1.239384267789674,-0.6164091147310745,6.4828225092779,-0.7386774669138839,0.3458281591675618,0.031944898578109206,abnormal
2024-01-01 00:00:20.540,-1.091605477612697,0.1715707074484829,6.896602779204113,-1.3002703737761312,-0.2895324318318854,-0.2637141847498572,abnormal
2024-01-01 00:00:20.550,-1.063556381833098,-2.0986640472480165,6.372233778727639,0.9912647900629791,0.009493304001978457,-0.14109148405488883,abnormal
2024-01-01 00:00:20.560,0.41436609151786796,0.5406371766680093,6.400955467567943,0.42408141604021493,0.5628335062485146,0.05616673462828775,abnormal
2024-01-01 00:00:20.570,-0.4292698366841366,-2.9259804515456604,7.641848048813225,0.5072857240856303,-0.1665437575057267,0.43074220208278596,abnormal
2024-01-01 00:00:20.580,-0.9769500063309962,0.6712374698826341,6.054173648840332,0.2896065096245523,-0.3739264587493641,-0.3630325064809795,abnormal
2024-01-01 00:00:20.590,-0.009560374125029478,-0.41936971931920614,6.736657055680773,-0.3448980791242589,-0.2894163235167298,-0.7722855848417253,abnormal
2024-01-01 00:00:20.600,0.26336151368207705,-1.3689848436309533,7.316248214369334,1.009302503257405,-0.11823701248811753,0.3563499162836474,abnormal
2024-01-01 00:00:20.610,-0.09585369626664263,0.6989633478756764,5.832780586392101,0.850039174501937,-0.07256181957660907,-0.7165313112275258,abnormal
2024-01-01 00:00:20.620,-0.60963969788358,0.38437852917759463,5.940779759085091,-0.5882162329511447,0.2480327452797702,0.22192897771033138,abnormal
2024-01-01 00:00:20.630,0.895261083061305,0.08898845196319681,5.7040766532999765,-0.04151881582637145,-0.4502457765324983,0.4689362899719005,abnormal
2024-01-01 00:00:20.640,-0.49348838878789536,1.5448427137556149,5.165530270939425,-0.16337072395047011,-0.13077699293701478,-0.2591551681079924,abnormal
2024-01-01 00:00:20.650,0.03379354297418725,0.7709758962377684,5.235185113829286,1.030413938313491,-0.793125637604079,0.6478784390773652,abnormal
2024-01-01 00:00:20.660,-0.19098750323834782,-3.1588555421659557,5.049310606442935,-0.3597572406881345,-1.9124051028247513,-0.7035131576490388,abnormal
2024-01-01 00:00:20.670,-0.08824065289825629,-0.08964273529922061,4.992843571959421,-0.8594280524875576,0.37379274950373975,-0.3253818801800405,abnormal
2024-01-01 00:00:20.680,-0.6097494077129012,-1.4264218032498197,3.7697234254613723,0.11919070676032197,1.406323840861915,0.7935697043146946,abnormal
2024-01-01 00:00:20.690,0.48507125147787683,-0.8381594710943836,2.4121586967423534,-2.162452492081767,0.9577832127177409,0.09528414631693893,abnormal
2024-01-01 00:00:20.700,-1.6035864538076072,1.7461748010162785,2.1580933478270166,-0.5395078531254917,0.7301815200888709,0.46596155714926535,abnormal
2024-01-01 00:00:20.710,-0.674628452154575,0.48640722472566483,0.8402071010150685,-0.16161698395550006,-0.9932419163967574,-0.3957543506697497,abnormal
2024-01-01 00:00:20.720,-1.6039392036931843,0.8058894562307648,2.1955655645145424,-0.682646970241287,0.3553448584094364,0.34762491423901987,abnormal
2024-01-01 00:00:20.730,0.7583506060644846,0.2668592480666847,2.481789390486324,0.4055247961716793,0.45086005118901484,-0.7712532130744105,abnormal
2024-01-01 00:00:20.740,0.35588305917989854,-1.2949139954450253,1.4717831958246839,0.7151475506505365,0.16109231151332395,0.5577615624962383,abnormal
2024-01-01 00:00:20.750,-1.2639482248125238,0.7611063239185171,0.6541342753286157,-1.2526657822900105,-0.44458697582751094,-0.018641199750371866,abnormal
2024-01-01 00:00:20.760,0.12562788499353056,2.6010903838362163,-0.11446317364805536,1.2867011358499436,0.4800085103018432,0.005061618963431417,abnormal
2024-01-01 00:00:20.770,-2.253061742224256,-2.277847385158358,0.2317423497661752,-0.6654654803947181,0.2115707679611508,-0.5407571208741102,abnormal
2024-01-01 00:00:20.780,-1.6061569692845603,0.042074668209767005,1.3024961227313043,0.5034309033180104,-0.28992229094281463,0.026211848883851824,abnormal
2024-01-01 00:00:20.790,-1.057297576753829,0.01942569291719454,0.593044626341256,0.9138851758291842,0.5163204304041876,-0.6184223263773629,abnormal
2024-01-01 00:00:20.800,1.1731240373310148,1.6131641311545417,0.9626182947604008,-0.4826071622841258,0.01561632551938163,-0.33919042398690474,abnormal
2024-01-01 00:00:20.810,-0.2214053554921147,-0.13805264273984827,1.8996458257315856,-0.19563128212058098,0.793816438196934,0.1879103120188796,abnormal
2024-01-01 00:00:20.820,1.2403953024470316,0.2636583180874089,1.8360520478985929,-0.8105065563349405,0.12012740080100259,-0.48643344355192125,abnormal
2024-01-01 00:00:20.830,-0.7293097025204287,-1.3455742527491343,4.167970126571795,-0.49749662974372155,0.2544036414107434,-0.6454282760405422,abnormal
2024-01-01 00:00:20.840,0.7262444609633478,-0.6968195933683232,2.731257543370815,-0.5362826027314882,0.3431092957959499,0.024709146879939817,abnormal
2024-01-01 00:00:20.850,0.8031159572659713,0.23413162285489295,4.087656849081588,-0.4128095697827141,-1.3369788812011336,-0.29475452035348054,abnormal
2024-01-01 00:00:20.860,-1.517433446662414,-2.1134595198965163,3.3504814651133827,-1.1032506138578932,0.13102599920816269,0.42412701716811174,abnormal
2024-01-01 00:00:20.870,1.3416051848607122,-0.20702423384027854,4.818423928914063,-0.1277396596557789,1.2917112371519932,0.42995097090052586,abnormal
2024-01-01 00:00:20.880,1.2162396555646422,3.56772196827832,4.663013391943149,-1.1963979553129611,0.2658681677428291,0.3927303025412936,abnormal
2024-01-01 00:00:20.890,1.1953334392864474,-1.3556739027167972,5.938590834505304,0.0410593172373901,-1.0177322303838432,-0.15318303796198537,abnormal
2024-01-01 00:00:20.900,1.4619944441464312,-1.4066290017989032,4.052340408570189,-0.6052275845491948,0.24381271072365412,-0.28476304903214783,abnormal
2024-01-01 00:00:20.910,0.382189060526317,0.12237837928090109,4.791576521459254,0.15393907498161707,-1.7003763994411378,0.3387969809521008,abnormal
2024-01-01 00:00:20.920,-0.4190310043922687,0.8872830254897921,6.66402284303057,-0.0009346432371309871,-0.7958725217202828,0.8572690392257669,abnormal
2024-01-01 00:00:20.930,-0.25701661712268414,1.1884098709521185,5.961426703915316,0.5781985996378142,-2.532733762102746,-0.2778808006893579,abnormal
2024-01-01 00:00:20.940,-0.2545226486826801,-2.22881852900977,5.668856107177755,-0.39917165849563063,1.1991117653218166,-0.12967839216541407,abnormal
2024-01-01 00:00:20.950,-1.0206218920467276,-3.2724865159586587,7.41471687446076,-1.0020264587429168,1.1270207274111608,-0.07597665532064582,abnormal
2024-01-01 00:00:20.960,-0.9439614643459397,-0.3319021294490753,6.728449328693376,0.04816119808111632,-0.25011805320930175,-0.17538269373560816,abnormal
2024-01-01 00:00:20.970,-0.9402277262092571,-0.8528908337920413,6.208024028305919,-0.4097272440802258,0.07966321891280038,-0.3821583398724256,abnormal
2024-01-01 00:00:20.980,0.5121312200890012,0.10054785955713075,8.246261086451707,1.3040167502356996,0.9474891400283637,0.14446029481802325,abnormal
2024-01-01 00:00:20.990,1.162868590105552,0.6387413069317855,7.015253982460635,0.15771064989320058,1.2690144936054406,0.10187139898958068,abnormal
2024-01-01 00:00:21.000,1.4237946284264458,1.3151150098428115,7.5598394325458,0.4575186653106457,-1.4699556569150025,0.48645106420581274,abnormal
2024-01-01 00:00:21.010,-0.6955362053716508,0.5652909854154096,5.99597929459982,0.5600263511188049,1.181413426706103,-1.1103047653397988,abnormal
2024-01-01 00:00:21.020,-2.0776416784323226,-0.8831121357324965,6.598560911967565,-0.6485164465311485,0.5566687986761935,0.9687278235727675,abnormal
2024-01-01 00:00:21.030,-1.9020533530000445,-0.9909972498621277,6.487223325137366,1.8447054407822527,-2.37021352880831,-0.47089538155729427,abnormal
2024-01-01 00:00:21.040,0.15397961307722527,1.0624753203797286,6.581970622793197,0.23793464365072042,0.265767845891613,0.7549077892244636,abnormal
2024-01-01 00:00:21.050,0.04776988039068502,0.819471769226873,6.422200953374459,-0.7138771671004938,-0.6654057589402258,-0.054302353917494425,abnormal
2024-01-01 00:00:21.060,-0.39108477438754946,0.27622649946219163,6.984625517900755,1.1856833082118863,-0.06849025279536859,0.1223465968027547,abnormal
2024-01-01 00:00:21.070,-0.3224982648818796,0.15376654499844453,5.72897605878885,0.6439637117655393,0.6518255544096453,-0.7831097093027729,abnormal
2024-01-01 00:00:21.080,1.6311857826821512,1.188467982618196,6.615634166458779,-1.2281439159237677,-1.6662917930156977,0.3239824244022535,abnormal
2024-01-01 00:00:21.090,0.8940414130419491,0.2043983179140327,5.638843700556312,-1.1272475415146868,-0.16288925220221087,0.031315971495077206,abnormal
2024-01-01 00:00:21.100,-0.49623449425703947,-1.2610076450683396,4.793695502258453,-0.0037795238677061304,-1.153563001482922,-0.4059523980435913,abnormal
2024-01-01 00:00:21.110,1.6079109842597863,0.7314257774461864,5.543969423144182,0.24239575311101547,0.34728755610520495,0.7581158265064306,abnormal
2024-01-01 00:00:21.120,1.1279882224183946,1.3386321664318,5.764042560819322,-0.006284239302608293,0.34501710481971903,0.5398026263978009,abnormal
2024-01-01 00:00:21.130,0.0744309523315197,-1.6377764677735682,4.652834087775806,0.10941655622971691,0.31050443926571303,-0.6201688229590743,abnormal
2024-01-01 00:00:21.140,0.23128892386177966,0.7593063778356978,3.4527816744063067,-1.5429465011734371,1.5502797337241727,-0.6481467593181076,abnormal
2024-01-01 00:00:21.150,-1.244836443289781,-0.31414891796481054,4.1990921146459685,-1.3594107604450594,0.21734187029256452,0.4273843664588055,abnormal
2024-01-01 00:00:21.160,-0.6793595765838354,-1.8064306463281734,4.408753999134859,-0.04286933636661608,-0.008436082750482864,0.4728752185396904,abnormal
2024-01-01 00:00:21.170,0.06778616558650336,-0.6856257800986204,3.3249775059826665,0.06368035658437311,-1.5353004951432139,-0.6326168930764118,abnormal
2024-01-01 00:00:21.180,-1.6977646853715636,0.06940681322246224,2.5305988669557604,-1.2185948464683825,-0.10066029341529266,0.7396917848972846,abnormal
2024-01-01 00:00:21.190,0.027908811091355776,-1.342734916809642,2.959782577053438,0.16097824282872034,0.6625053262691083,-0.7247271141182777,abnormal
2024-01-01 00:00:21.200,0.3614549360040801,-0.9033957923432925,1.5799500741516437,-0.08977647429322663,0.586209182182214,-1.2152497727759417,abnormal
2024-01-01 00:00:21.210,-1.286512767746229,-1.2450504389881114,1.1118523445999715,0.2810861424649506,0.35966246138718844,-1.261210304370729,abnormal
2024-01-01 00:00:21.220,1.289250682456526,1.3285603857996509,1.1737076127332071,0.7383997553059058,-0.7662674912730194,0.08768996988066065,abnormal
2024-01-01 00:00:21.230,-0.8279476796914527,0.7221171053870553,0.19422588515942305,-0.3231170606380733,0.7421062388619865,-0.2514295560127037,abnormal
2024-01-01 00:00:21.240,-1.422244993516647,-0.4860795822986126,1.3659160797469094,-0.1338607467376127,1.5394985443016471,-0.6105099135161379,abnormal
2024-01-01 00:00:21.250,-1.6840962103535138,-0.8843339725695688,1.2214170986490915,-0.07083682439629385,2.230046135095,0.2698726059909379,abnormal
2024-01-01 00:00:21.260,-2.3669632050334664,-1.2431819902042254,-0.2183528782381503,-1.2509403757904416,-0.1974827534593754,-0.15816449813339592,abnormal
2024-01-01 00:00:21.270,-1.0915724365563648,1.414436350782899,1.7402546799613634,-1.1251439194342037,-0.06545544872558566,-1.1044989883867566,abnormal
2024-01-01 00:00:21.280,0.6785262777421994,1.71164118774351,1.7217341611626795,-1.0249479236696568,2.176933220453714,-0.41165643451578515,abnormal
2024-01-01 00:00:21.290,-1.3708255053811607,0.08536418248511314,3.247950508168374,-0.032324407080928076,-1.0535191102682875,0.24849459278082267,abnormal
2024-01-01 00:00:21.300,-0.3479375735984164,-1.750619283850851,3.729645257827874,-2.2193242677966754,0.2709776446121335,-0.16345468915703523,abnormal
2024-01-01 00:00:21.310,-1.6567545303896578,1.6262880003090139,2.455137732874736,1.6152156911932525,0.5860248639412842,0.2694374274727769,abnormal
2024-01-01 00:00:21.320,0.20882972660730711,-0.43894269108644407,4.422269361411049,0.06598977058669941,0.8636812532210433,0.20569807861941444,abnormal
2024-01-01 00:00:21.330,-0.2520293440418924,-0.03379577222347272,4.050120987491671,-0.047224431280566775,-2.01445115306586,0.24788379969232305,abnormal
2024-01-01 00:00:21.340,-2.1026098926223478,0.9294071143502821,5.102163869849573,-1.2103427429857814,-1.2425481818604627,0.553622582292346,abnormal
2024-01-01 00:00:21.350,0.9121579965914546,0.464033196696083,4.384080991533195,0.39057407359078306,0.45731103630918146,0.2101656827391619,abnormal
2024-01-01 00:00:21.360,-2.9334847981947143,0.18993868020140914,4.942799866051918,-0.07191278243736246,-0.5691048846167899,-0.8410893148885109,abnormal
2024-01-01 00:00:21.370,0.2206399183296642,0.7096499143516147,5.915138601206284,-1.2258121714672718,0.351243260160912,0.08909687362582248,abnormal
2024-01-01 00:00:21.380,-1.0207628192482692,-0.31210131270502905,5.384152284314899,-0.9329635006006657,-1.295519215380498,0.169016768369136,abnormal
2024-01-01 00:00:21.390,-2.105414994911973,-0.18005148702261708,5.60543898033386,-0.2011386807998284,0.017650041419807364,0.16966531763510864,abnormal
2024-01-01 00:00:21.400,0.19016866717700323,0.09193326853514644,5.945791262538169,0.7595663758989627,-1.5479692214344019,0.5672276575600492,abnormal
2024-01-01 00:00:21.410,-0.32004628357409765,-1.2059950323990423,5.895725809505916,0.3401765257883705,0.5004129896388556,-0.11537185559338338,abnormal
2024-01-01 00:00:21.420,-0.13404705073517817,-1.2965270287997774,7.277374803089249,0.6734337141192894,1.4645691460888224,0.07992358762011793,abnormal
2024-01-01 00:00:21.430,-0.25778941247808224,-0.751962782561373,6.655670540054919,-0.19308018175654162,-1.1645463199607216,0.07956314134273426,abnormal
2024-01-01 00:00:21.440,-2.608628952671116,2.9981360658276963,7.258513792154675,-1.30225397297246,1.090702600145725,-0.30459170031852767,abnormal
2024-01-01 00:00:21.450,1.1818126477051438,0.19859532419649487,6.880336168731596,0.8271675373070618,0.1704077961803359,0.1076168324457917,abnormal
2024-01-01 00:00:21.460,1.7715295634357662,0.13337649233122825,7.963645174883333,0.1495437069884617,-0.11286606293962725,0.12838518330242144,abnormal
2024-01-01 00:00:21.470,-1.0756682047515416,-2.987140527345056,6.229141709782013,0.10223156178057172,0.7246365601268712,-0.9249494534827218,abnormal
2024-01-01 00:00:21.480,-1.2026992231360187,-0.1340146127897954,6.965594880365811,0.7792509114921379,0.6307591508991062,-0.17338521759392436,abnormal
2024-01-01 00:00:21.490,1.170827217730189,0.7409197677646456,6.286021275446442,1.0622698388377934,-1.3480068365044278,-0.49000492298842846,abnormal
2024-01-01 00:00:21.500,-1.21960060521936,1.6978292487477793,7.414199277536359,0.3408408428424754,0.5264710413376256,-0.14876268522915814,abnormal
2024-01-01 00:00:21.510,-1.0857526850858896,0.7565153455467113,6.808303602780304,-0.1935046938669154,-1.099479471148116,0.2073454297838177,abnormal
2024-01-01 00:00:21.520,-0.7212295062947496,-1.1974214419659532,6.813710224862248,-0.04348623738164289,-0.5164305391631027,-0.8518215583224416,abnormal
2024-01-01 00:00:21.530,0.088958163980312,1.7918021312562145,7.121235403305687,0.5519444642640331,-0.2839675484945229,0.08522725078757824,abnormal
2024-01-01 00:00:21.540,-0.47705511790884036,0.7220137065892865,6.032519001994348,-1.6316825017926533,0.8864869313705359,0.20399203067692154,abnormal
2024-01-01 00:00:21.550,0.08235575673306712,1.1641094972069228,6.687338939481838,-0.21228819952910266,0.6495278456027895,-0.18948633731575426,abnormal
2024-01-01 00:00:21.560,-2.583848497635204,1.9100506660951801,5.2840867290563285,1.117716602993524,-1.8081823443456202,0.4732573649244824,abnormal
2024-01-01 00:00:21.570,0.3220723898526063,0.29887490215363377,6.094203348913336,0.1694552532260204,0.9351757507903252,-0.15641674430294453,abnormal
2024-01-01 00:00:21.580,0.2651225372095022,-0.10316617845445201,6.001778127261729,0.8451337730452816,-0.6248984684962746,0.402529772633352,abnormal
2024-01-01 00:00:21.590,-2.7672697643993778,-0.8638585820169536,4.3925541171168305,-0.193649390834813,0.02848939086742512,0.27092325017452196,abnormal
2024-01-01 00:00:21.600,1.1767061049897543,-2.2565312932495636,4.209655649881878,0.2508299930569314,-0.2355989093356244,-0.014693522641548346,abnormal
2024-01-01 00:00:21.610,2.3098625639483283,-1.4426072530793372,3.893796244120693,0.31057091224533706,0.26553884248369114,-0.23114549633281783,abnormal
2024-01-01 00:00:21.620,-1.260422758655396,1.6171876489657941,4.178222743002229,0.6249069401495455,0.789237035148754,1.3548906864851602,abnormal
2024-01-01 00:00:21.630,0.2821587807769132,-0.609683043879855,3.3181475031672902,0.23863933312959465,-0.5777751527847064,0.35764087056063537,abnormal
2024-01-01 00:00:21.640,1.3172444644848762,-1.1083963116407243,2.5461342190607708,0.5083373422686535,1.0183308003306972,-0.3203769283829419,abnormal
2024-01-01 00:00:21.650,1.840987957749661,-0.580031150726986,2.7591826810057345,0.4753791938599406,-0.4953193071212168,0.1750460751904344,abnormal
2024-01-01 00:00:21.660,-1.2333440331364303,0.6258394533787431,1.359475802709859,-1.1002121088025092,1.1483468913508224,-0.07965051592539739,abnormal
2024-01-01 00:00:21.670,-0.09558806516789413,-0.5768197787874995,2.1618480102614215,-0.7124969779831154,0.49611550969611906,0.12059652768412524,abnormal
2024-01-01 00:00:21.680,0.051134092818964395,1.6463433229330298,1.3252609707664227,0.8613326156014206,0.5556304941861553,0.35600808258464467,abnormal
2024-01-01 00:00:21.690,0.10106908237539051,-1.247045770071024,0.04041712397250474,-0.7967410697712032,1.0741898569947903,-1.500572002643369,abnormal
2024-01-01 00:00:21.700,1.808448463429271,-0.2934214878537988,0.7386800891222742,-0.6006286028060898,-0.9848017350207934,-0.419477093175113,abnormal
2024-01-01 00:00:21.710,0.2803350871562787,0.6195712851303217,-0.7985790516263144,-0.32549593171035357,0.5974371440019579,0.0757654676292857,abnormal
2024-01-01 00:00:21.720,0.31529900047607556,-2.285365028147635,0.3302247808039551,0.37850319816691896,0.15179306463735695,0.38829201717749456,abnormal
2024-01-01 00:00:21.730,1.0830190615887425,-3.480981339257436,1.1950451523179688,-0.7816905184471467,1.2654057260445934,-0.6921425512157976,abnormal
2024-01-01 00:00:21.740,-0.6420338904056693,0.41644634754958537,1.0880257979226577,0.5653814148664966,1.1674202284970798,-0.2016510199347946,abnormal
2024-01-01 00:00:21.750,-1.2981399226155614,0.056718901282584264,1.0977845242623105,-1.0722031486851122,-0.3918916055782637,0.004608255736401149,abnormal
2024-01-01 00:00:21.760,-0.15388937835073577,1.2435680763753905,1.0158258186173765,0.2642637098792304,1.0490369677550064,0.15909316506048787,abnormal
2024-01-01 00:00:21.770,1.8137233570319469,1.5776740273418337,2.3453819136185503,-0.8708479055504589,0.08097196028847628,0.438044694707038,abnormal
2024-01-01 00:00:21.780,0.2869633416549736,-0.9439076483659409,4.406066009087801,-2.198617546166082,-0.3091102423764994,0.6015430462192487,abnormal
2024-01-01 00:00:21.790,0.7575970911216058,-1.490090900632395,3.8691525195507395,1.3430912437494993,-0.09960605393666326,0.05520185466313001,abnormal
2024-01-01 00:00:21.800,1.4404861170960555,-2.3880473379034695,3.810080770848306,0.16827892289854054,-0.8636935633960027,0.10168474871852809,abnormal
2024-01-01 00:00:21.810,1.927532165043572,-2.0044206340581883,3.7063276759436645,-0.659838754733299,0.4852269291189823,0.2883037834273747,abnormal
2024-01-01 00:00:21.820,-1.7785510762008185,2.1567866633285027,5.256110314661473,0.5565839296454127,1.0200049687666968,-0.336469495784962,abnormal
2024-01-01 00:00:21.830,-1.3124800387755151,2.4912912754762497,5.601801312346071,-0.7599767933687659,-0.32553092495568187,-0.5440381767187137,abnormal
2024-01-01 00:00:21.840,-1.1463466808806708,0.47974515453728456,5.521832786794386,-1.297103659404591,0.2072232256444751,-0.48048263523597823,abnormal
2024-01-01 00:00:21.850,-0.4869412602854228,0.16699754038986853,5.129045009662054,-0.9366519885436919,0.6516986730055454,0.38707619364918117,abnormal
2024-01-01 00:00:21.860,-0.0054667829684834825,1.457956308466369,6.183829974792869,-0.9680387440044133,-0.3528274015418724,0.11243837206444511,abnormal
2024-01-01 00:00:21.870,0.5649296465375839,-0.897474767713698,7.888438821050128,-0.8039440424638764,-0.9486010916932225,-0.4256397747001073,abnormal
2024-01-01 00:00:21.880,0.2628850538341659,1.335159693841336,5.791330671239635,0.1711900029346463,-0.734157407939328,0.09582583570179116,abnormal
2024-01-01 00:00:21.890,-0.719710737847085,-1.381344423191224,6.66032646158951,1.0990522361358863,-0.6753928596372555,0.580865266207642,abnormal
2024-01-01 00:00:21.900,-3.22383673560352,-0.7345893644288778,6.224373928530682,-0.12261781278920307,-0.31887708770517614,-0.21067667771117637,abnormal
2024-01-01 00:00:21.910,-2.1556435862871264,2.5006395436256232,6.863934064359835,0.5691832319572913,0.22412048506072144,-0.3615456726619624,abnormal
2024-01-01 00:00:21.920,-0.3738926512215891,0.3607411118004633,7.553533322540526,-0.11232012739336175,0.8350807871834091,-0.2756589626612133,abnormal
2024-01-01 00:00:21.930,0.09613653833576058,-0.5512795296208597,6.790391019379521,0.7792772595264451,0.30994081357655534,0.4717734182528156,abnormal
2024-01-01 00:00:21.940,-0.023237786795804554,-2.358570035303907,6.135049571731251,0.5805980411517906,1.5636892340043083,0.49040416204476267,abnormal
2024-01-01 00:00:21.950,-0.6271482567963959,-0.12072198659560229,6.712000790305364,-1.4370948613895012,-0.519145869147522,0.9353925974705734,abnormal
2024-01-01 00:00:21.960,0.40511081181734754,-1.4898593988819546,6.775783682208046,-0.9068497012592054,0.3085731601856816,0.4274572675918712,abnormal
2024-01-01 00:00:21.970,0.5470442503849354,-0.142055580829843,7.7421855140711235,-0.5015836129843,-1.009772095928531,-0.16683892778101256,abnormal
2024-01-01 00:00:21.980,-0.8775815571554205,-0.3088448767208826,7.294044204511869,-0.9412541127869352,-0.8511366202234002,-0.33057741458844736,abnormal
2024-01-01 00:00:21.990,-0.41784524263895445,-0.43760435806159703,7.137524176148584,-0.8247901774646431,0.4932384596076691,0.9429653554251449,abnormal
2024-01-01 00:00:22.000,0.7495586733490647,-0.40991294657849653,5.912483649951628,0.6325373922392993,-0.10865802241969406,-0.3294191488117824,abnormal
2024-01-01 00:00:22.010,0.5035912388567186,-0.47161544299156993,6.8696193062765385,-0.3779660744277417,0.83349351809378,-0.6216223943057199,abnormal
2024-01-01 00:00:22.020,0.9657817945923215,1.1025649222245535,6.239203333097994,-0.04927411006354943,-1.332520624361184,-1.0026018437106985,abnormal
2024-01-01 00:00:22.030,-1.5216321947205074,-0.7611544771483297,6.896053315390169,0.5504124219523047,0.5169144144188766,-0.6292055259122047,abnormal
2024-01-01 00:00:22.040,1.1371290274596368,-0.5627077667227206,4.424264050575112,-0.8282166938473386,1.4867677180489902,0.1621805761638915,abnormal
2024-01-01 00:00:22.050,-0.3503065241467977,1.4085750707295033,5.652923838710951,-1.4273868069346523,0.001142592829587331,0.6470034045795459,abnormal
2024-01-01 00:00:22.060,1.7804436324446653,3.2511284056286445,5.913581846909279,0.2520654890330289,0.16385181338940188,-0.2317034691682957,abnormal
2024-01-01 00:00:22.070,-0.31943133523429856,0.2997257301679737,5.506282565494863,-1.6643097682950072,-0.568544928409675,0.021730530243998403,abnormal
2024-01-01 00:00:22.080,0.5127348065711534,0.5538711386964834,4.045239041892138,0.11251347465042963,-0.9109145108443287,0.9072499713893158,abnormal
2024-01-01 00:00:22.090,-0.8394829984740345,-0.15604540876580106,4.794735150359303,-0.29008161936222554,0.004644504463155422,-0.28315681392776765,abnormal
2024-01-01 00:00:22.100,1.1667983484601225,-0.21882796346367314,4.012153662808795,-0.9083666341187118,0.8034321732493587,0.6595408419763973,abnormal
2024-01-01 00:00:22.110,0.04878684894985193,0.6352177262372042,3.693179737791858,-0.2830222594042838,0.21542968600501095,-0.25596720774215015,abnormal
2024-01-01 00:00:22.120,3.1276299384661947,0.49390251226560117,2.425485493475681,0.6110305896536485,-1.6662562927459597,-0.16334372567943573,abnormal
2024-01-01 00:00:22.130,-0.2090447641093194,1.6718739009563612,1.7513698054981721,-1.390903761634315,0.7600885636238359,0.46660448021208234,abnormal
2024-01-01 00:00:22.140,0.4234633090884611,1.3238437665418994,1.4743756442777867,0.8190736808123867,-0.2849376521648771,-0.9152714335618578,abnormal
2024-01-01 00:00:22.150,0.14845348403686445,-0.9466493502967215,1.2151333855635764,0.6639811366115886,-0.6273930351214125,0.2094925929537495,abnormal
2024-01-01 00:00:22.160,0.22210968826371993,0.12510734090848488,0.11675046550571688,0.626432765887135,1.2559368331603975,0.4142623412116559,abnormal
2024-01-01 00:00:22.170,-0.7667851147419513,0.3639318480859828,0.09914245055581122,0.4024001579144366,0.7815521846331883,0.5980972100957374,abnormal
2024-01-01 00:00:22.180,-0.8593526241664131,0.18672804185677253,1.0236526379149353,-0.6569701466595871,-0.5805305543551308,0.514874102840532,abnormal
2024-01-01 00:00:22.190,0.5911743856638363,-1.5018082903547683,-0.1543228600843211,0.29574600837494286,-0.4753776518165483,0.21394669821138293,abnormal
2024-01-01 00:00:22.200,0.02827916331571118,1.3991738559170297,0.9158997389481445,0.34663036154854354,-0.18202652007168654,0.17163388385189216,abnormal
2024-01-01 00:00:22.210,-0.3420228772267856,1.263867820774521,0.9598595082255521,-0.7495844416939584,-0.2880968208659046,-0.5227321097122123,abnormal
2024-01-01 00:00:22.220,1.714532670259071,0.9342433814335307,1.5209296242674588,-1.2947460420244572,-0.09166108305957989,-0.2840763912584458,abnormal
2024-01-01 00:00:22.230,0.5982757832473897,1.346073326587361,2.250710487084269,0.0885327218961787,0.3829908453711641,0.24768588532151284,abnormal
2024-01-01 00:00:22.240,0.41413049030591376,0.5630508785122741,3.0126962117357947,0.030129071502345114,-1.494059176161298,0.06549644590192702,abnormal
2024-01-01 00:00:22.250,2.118653214840093,-1.9885807252689678,3.3027173924542175,-0.22308619891861933,-0.45996338395451747,-0.6214388440306393,abnormal
2024-01-01 00:00:22.260,2.106740241684077,0.1628473053543885,3.101635275943727,0.3964490216967901,-1.3110705987635094,0.480334622501141,abnormal
2024-01-01 00:00:22.270,-0.06076300819675318,-1.962758243865938,3.8196673828268817,0.5929941498702972,-0.09710826309756072,-0.2944803408176967,abnormal
2024-01-01 00:00:22.280,-1.3977457230082024,-1.0201059238215642,4.535593044400265,-0.9029665406125601,-0.017132024494093043,-0.13821142034305856,abnormal
2024-01-01 00:00:22.290,-1.3782451784437268,0.5539005060876381,5.5733029926891895,0.5750248519833838,0.9416927856552381,-0.950617296370861,abnormal
2024-01-01 00:00:22.300,-1.3276987617847191,-1.5208514396777766,4.170779570312581,0.423755339356238,-0.0862181504027801,-0.4047707764032159,abnormal
2024-01-01 00:00:22.310,0.6121842721178121,-1.5719949679304215,5.58878484607257,-0.9241625095794709,-0.09524560121943254,0.34665282172249523,abnormal
2024-01-01 00:00:22.320,-2.0973184871128723,1.3467739892931412,5.30452430232626,0.4506792708732349,0.3953902293390922,0.1610273004925284,abnormal
2024-01-01 00:00:22.330,0.8876128541389743,-0.7963864481784606,5.519679141529244,-0.5339166851832261,2.098026519243631,0.15959045464991867,abnormal
2024-01-01 00:00:22.340,1.1303044331726317,0.7469240266080595,6.05352939931729,1.7348307247735053,0.1765606312114152,0.35111279784507515,abnormal
2024-01-01 00:00:22.350,0.30259710523465205,0.020304722205881646,6.77694461433103,0.6904725560709775,0.6692613639909892,0.3285124278057377,abnormal
2024-01-01 00:00:22.360,-0.6766664593562917,0.7683039972178334,6.121115718593656,-1.4509635022867209,-0.4622975104903212,-0.1800077902172873,abnormal
2024-01-01 00:00:22.370,1.4435888460081512,0.4766799319284997,6.039221337918006,-1.1044577119195462,0.5279281606420702,0.9037653182402147,abnormal
2024-01-01 00:00:22.380,-0.9727171944999342,-0.2373585956553096,7.2676959438406445,-0.17831645777098332,2.0042242818853935,-0.6814340570959595,abnormal
2024-01-01 00:00:22.390,1.4938977428711155,-0.4537078062012249,6.936958114094716,0.27249305303020793,0.7567419386278428,0.05577836163849662,abnormal
2024-01-01 00:00:22.400,-1.3535123405306402,-0.5685750058588641,7.846360540173142,-0.5653100982203042,0.7277752009549487,0.001692348234260699,abnormal
2024-01-01 00:00:22.410,0.6323222485787873,-0.826467432792455,6.733192668784723,-0.21917100842214635,1.5484134582438116,0.8756525596346111,abnormal
2024-01-01 00:00:22.420,-0.17119417740517606,-0.15510873785559087,6.53713091623836,0.4384191386158516,0.0015503739408415406,0.7023207573234224,abnormal
2024-01-01 00:00:22.430,-1.4165380437130792,-1.3057347627252183,7.437164523650315,-0.9177895355038268,-1.3469253439516815,1.2187342741704568,abnormal
2024-01-01 00:00:22.440,-1.8123016309296274,1.522538517554083,6.227215594472719,0.8023901256546103,0.07381672084919581,0.9341571401741108,abnormal
2024-01-01 00:00:22.450,-0.8913816384637786,1.1508552762066044,6.427431273091647,-0.3189934466921492,-0.058785353903250966,-0.2846950783933141,abnormal
2024-01-01 00:00:22.460,-0.06302920770783281,0.1896586757517785,7.519870512665647,-0.28554843510138267,-1.4706518639755037,-0.40330123085461356,abnormal
2024-01-01 00:00:22.470,1.4475885008247196,0.5873521507742792,7.066156807025275,-0.15545563109674257,0.9249553556663319,-0.6082346587053906,abnormal
2024-01-01 00:00:22.480,-1.8471454982601725,1.0383463740635055,5.292861867847741,0.1396141027151979,-1.7454386744192525,-0.033514954240693035,abnormal
2024-01-01 00:00:22.490,0.05472300392592728,0.7839728347660992,6.051799671688205,-0.6174994501493022,-1.1407826940161816,0.07854438253652611,abnormal
2024-01-01 00:00:22.500,-0.923987775814799,2.3577052290606555,6.143705820510588,0.572560866381087,-0.7101829619968902,0.1447633181832494,abnormal
2024-01-01 00:00:22.510,0.6101497436876998,2.5055751134923665,5.84415595017774,1.0633911781023762,-0.055130825153566904,0.07156439206657525,abnormal
2024-01-01 00:00:22.520,1.5722373095984126,-0.5251348199582737,5.403952029132921,0.8567545903369383,0.8218233144717809,0.18193673880162145,abnormal
2024-01-01 00:00:22.530,-2.9277575925274784,-2.2968112847484212,5.080865885724129,-0.5423155858870716,-1.734309615423192,0.05460807042686598,abnormal
2024-01-01 00:00:22.540,-1.72843912112846,0.7068195496247455,4.985524841458076,-1.3827310301075737,-0.377262248804826,-1.171314870703492,abnormal
2024-01-01 00:00:22.550,-0.250194650343208,-1.2862366355069361,5.07923827590682,-0.9108928907509681,-1.8727864623490356,-0.4932382269657619,abnormal
2024-01-01 00:00:22.560,-1.8566198568865413,-2.153319095985929,4.431680173738044,1.11632054460433,-0.40998126901602877,0.5510405053200819,abnormal
2024-01-01 00:00:22.570,-0.30003633376933625,-0.5429236504884694,3.107367512385384,-2.316090334820699,-0.25133596875945236,0.987613069001178,abnormal
2024-01-01 00:00:22.580,-0.1638764408018389,0.5263214243196284,3.8572701271231375,-0.16027212215586398,-1.2047938326318062,0.35204077303358167,abnormal
2024-01-01 00:00:22.590,-0.48367643237147395,-1.3251894251499123,3.7198323377540565,0.3424026521038741,-0.6415054539070536,1.1417099686612024,abnormal
2024-01-01 00:00:22.600,0.03534312633138633,1.0796029208263624,2.1215328282341686,0.9394006268854331,-1.1271996997856173,-0.3313890219984408,abnormal
2024-01-01 00:00:22.610,0.03983504205304759,1.4748650123063838,2.678816985561933,0.986890021439026,0.5856357901835703,-0.4348873380873146,abnormal
2024-01-01 00:00:22.620,-1.0465762609905782,0.47654392056392525,1.1973181808706168,0.4395208992765408,-0.4498905532922511,-0.2977113267819353,abnormal
2024-01-01 00:00:22.630,-0.5073035598597451,0.2755435531797213,1.3063144323959641,0.9324832244393612,-0.345819873634491,1.7310664946884133,abnormal
2024-01-01 00:00:22.640,0.1667837041985516,-0.6585623634459148,1.1968841513354422,0.6950753088567657,0.9024968406878322,-0.393872765733666,abnormal
2024-01-01 00:00:22.650,-0.19999832927982017,0.960540884467895,-0.26667772625315755,-2.1486398631812276,-1.499709854102588,0.6892955852233715,abnormal
2024-01-01 00:00:22.660,0.1288796940050276,1.312730723608663,0.11082424671084087,-0.7811584436726049,-0.8043641319238222,0.005550306993669959,abnormal
2024-01-01 00:00:22.670,-1.4592762799648855,0.9211966157620403,1.2796249778333881,0.42986284708879374,2.3574754546897503,0.3815586481465446,abnormal
2024-01-01 00:00:22.680,0.22731814744040593,1.2206547910962835,1.1207269108469862,-0.8945207522778802,0.412783365692988,-0.2479581687915717,abnormal
2024-01-01 00:00:22.690,-0.9450052240014236,0.9610484458967864,0.9551521307040383,-0.4903977577317429,-0.044447014447169836,0.13646839929170776,abnormal
2024-01-01 00:00:22.700,-0.634438938300913,0.38589557924670004,1.599462971570464,-1.1117191326735452,-0.39573707697703686,-0.15852157855303445,abnormal
2024-01-01 00:00:22.710,0.6767518808561094,0.18398105135570975,3.1401789922531735,1.6918059161479058,-1.07538022967437,0.6859791447138798,abnormal
2024-01-01 00:00:22.720,1.003093234837166,-1.998137501610759,3.9199754781996123,1.7467713832317153,-0.3795645543145117,-0.603756772533537,abnormal
2024-01-01 00:00:22.730,-0.03852211588284705,-1.001642603357069,4.091741284900378,-0.6802275151991494,0.5441678788807591,0.5718380591557741,abnormal
2024-01-01 00:00:22.740,-3.561425917863007,0.8915023062399318,4.4158413260777225,-0.6536416273076509,-1.58085371403334,-0.04115276157150267,abnormal
2024-01-01 00:00:22.750,-0.024400390561310565,-0.6167655018754059,3.7870133915708126,0.46103728027006524,0.41141734326032847,0.09424714941611922,abnormal
2024-01-01 00:00:22.760,-0.9137349403606551,1.3892991291230534,4.4320637531871245,1.718163724577568,0.6907956847989647,-0.005413217798257951,abnormal
2024-01-01 00:00:22.770,1.2856956574264717,0.6988225403504745,4.01905796039744,1.3363960967065505,-0.02731432852688467,-0.153942129354643,abnormal
2024-01-01 00:00:22.780,0.16063422041999714,-0.3062643348858601,5.404968543283002,0.8839978489979526,-0.2162933219553855,0.7236032343167598,abnormal
2024-01-01 00:00:22.790,0.7955085523545469,0.9969798117598838,5.64625992482353,-0.5186492977943896,-1.914092246990895,0.015886088588754753,abnormal
2024-01-01 00:00:22.800,1.3897393933995064,-0.6603471573534049,5.0133106570984785,0.3374857363211693,-0.15421914331929976,0.4531042454173434,abnormal
2024-01-01 00:00:22.810,0.17764701819261228,-0.5070900252922629,5.92138088729112,0.652392464067689,-1.2190765873509295,-0.06424514547799132,abnormal
2024-01-01 00:00:22.820,-0.07860166232625772,0.5541883087970711,7.3648134963829985,-1.1064478222369531,0.2654811527416056,-0.3280107603943189,abnormal
2024-01-01 00:00:22.830,-0.5173352491490816,0.8742684377116783,6.55331283721753,0.5839798143016075,-1.547406783087605,0.07157680541009834,abnormal
2024-01-01 00:00:22.840,-0.5970129898230366,2.1028530821637426,7.510256164434616,0.870615180907541,0.3855451266659752,0.48370704557988325,abnormal
2024-01-01 00:00:22.850,-0.641722117721038,1.200648735234632,5.685575755052868,1.4441145179187975,0.2210806374438545,-0.9034490218810082,abnormal
2024-01-01 00:00:22.860,-0.8669296146625477,-0.07411762206833099,7.2816493072224935,0.4636109131615153,-0.5113798470269726,0.25627480378374434,abnormal
2024-01-01 00:00:22.870,-0.12283359047672451,0.05574787160209509,6.925607109009514,0.5839637762490053,-2.051926217890946,1.5034430740497782,abnormal
2024-01-01 00:00:22.880,0.7984256722540103,-0.6969841302521749,7.196369028267116,-0.0038166435137608756,-1.0697048216645708,-0.8818250516545721,abnormal
2024-01-01 00:00:22.890,0.8068823102116642,0.6506062904134268,8.560908278420614,0.039322755327640596,-0.8644373491391625,-0.11227044116488887,abnormal
2024-01-01 00:00:22.900,0.2800794471056435,1.3425510566094854,5.984061881055186,0.1469141955348483,0.01630583345546575,-0.7265940832643117,abnormal
2024-01-01 00:00:22.910,-0.5094641136122428,-1.1414647271031055,7.19923111365961,1.8630186640648636,0.13312131453603232,-0.3486710647572302,abnormal
2024-01-01 00:00:22.920,1.5262772916387828,-3.6368629809312845,6.711267198507746,1.4759586850660733,-0.8173204876221307,-0.2852479222564142,abnormal
2024-01-01 00:00:22.930,0.312176438595721,0.8404045981433401,6.449726659677989,-0.3114400590622941,0.12940840423223066,0.20887970163053857,abnormal
2024-01-01 00:00:22.940,-0.6249350308167382,-0.552428779703021,6.965145399205841,0.612921900799859,-0.8652711418899143,-0.4573266793014756,abnormal
2024-01-01 00:00:22.950,1.0250013061297578,0.11424056741022749,6.374650101582883,0.11679355631342721,-0.16788133286322723,0.5152017876748873,abnormal
2024-01-01 00:00:22.960,-1.260223855341015,1.0925852003200869,6.51281365709685,0.4881286572253343,1.0535637864770055,-0.8824504224172697,abnormal
2024-01-01 00:00:22.970,-0.4441886290617658,1.0528135216068917,6.0317426603340225,1.4301414577938332,-0.43484869412966887,0.6163588804384363,abnormal
2024-01-01 00:00:22.980,-1.8215127991933777,-0.6590514842230684,4.154662018153709,-0.8608403784446689,-1.4057448246147517,0.594214865904699,abnormal
2024-01-01 00:00:22.990,-0.396538739873346,-0.8398842888475913,5.133766862748248,0.4715413165596447,-0.993475489582572,0.21480366167207707,abnormal
2024-01-01 00:00:23.000,-0.4935680440491256,0.15430296075541608,5.217056125036738,1.8208828809916298,0.7941895377558515,0.3486983390234174,abnormal
2024-01-01 00:00:23.010,2.4902498427011044,-1.6701520639355742,4.899306644014949,-0.018039052878445407,0.6068574194124906,-0.6504620669308462,abnormal
2024-01-01 00:00:23.020,0.727268579110405,-0.9232591545958448,4.725457081402675,0.019308426340827165,-0.17005329957776275,0.44137995381625056,abnormal
2024-01-01 00:00:23.030,-0.5171281742011237,-0.6416429117637622,4.177895153156954,0.36253697711370475,0.09664746748988153,0.16348181444845047,abnormal
2024-01-01 00:00:23.040,1.0901957970123286,0.11942552512010426,3.3004953834980273,-1.1331883048691958,-0.8975981550764472,0.18518708064079292,abnormal
2024-01-01 00:00:23.050,1.1540455597357737,0.4542831923987159,3.6640735897495524,0.5642168091411246,-0.899574684352802,0.727749736916866,abnormal
2024-01-01 00:00:23.060,-0.9952474725304167,0.11294097853620297,2.152904439390421,0.13678594516703277,-1.2437483852075486,0.13272197470687033,abnormal
2024-01-01 00:00:23.070,0.9474165842620017,0.0009082667874499197,2.309665560624101,0.48936307136770396,-1.0312498690292289,-0.8311260249735187,abnormal
2024-01-01 00:00:23.080,2.055905882862596,0.05670345358453437,2.2290218337908443,0.4592999463182419,-0.2802895480815608,-0.34702231929468697,abnormal
2024-01-01 00:00:23.090,0.33619363474803304,0.2510598855157614,1.147249347240646,0.15580643948234618,-1.1241507586850328,0.6559246611581236,abnormal
2024-01-01 00:00:23.100,-0.39344929157508834,0.3152940914726023,1.6528321220055309,0.10795918068355688,0.08231148334523741,-0.5166475956495572,abnormal
2024-01-01 00:00:23.110,-0.9424101436101424,-0.6016188344949633,0.1209576828414679,-0.05449614066752899,0.877961236392617,-0.47959830512394164,abnormal
2024-01-01 00:00:23.120,0.45236531256689483,-1.9785673949520381,0.5395347980119767,0.8383458897962105,0.6763891127821432,0.36874457941906874,abnormal
2024-01-01 00:00:23.130,2.071104424380048,0.18810455220703098,0.3081449449897659,0.3106692548279869,1.1198385096052166,0.10563877473923572,abnormal
2024-01-01 00:00:23.140,-0.7067876900080772,0.9722244634756602,1.0963537182631828,-1.870293345545103,0.46725949491003005,0.4904553315962328,abnormal
2024-01-01 00:00:23.150,-2.916562336762392,0.45254867178273683,0.7869260654478736,-0.5529279614004018,0.08080204823881941,0.3457728407139292,abnormal
2024-01-01 00:00:23.160,0.9901903178713308,0.9551844719484899,1.0736494965505865,-0.21373047107615606,-0.45291514600160776,0.871033438767288,abnormal
2024-01-01 00:00:23.170,-1.6566673466956503,-2.2010805921245336,2.165390828336745,-0.8748733654184288,0.7922506311591072,-0.6722029373202576,abnormal
2024-01-01 00:00:23.180,-2.0290250431718215,-0.4893672181233739,2.736082091712689,-0.3722758797103514,-1.8462025580992434,0.1215766891480244,abnormal
2024-01-01 00:00:23.190,1.400612473393388,1.803803646490254,3.5949687548686042,-1.1433478896151779,1.5845937002974075,-0.12868359069594115,abnormal
2024-01-01 00:00:23.200,1.1989898684126452,-0.6099237879094385,3.9499759211960974,-0.4445588592116227,1.451064583848729,0.29430401361718245,abnormal
2024-01-01 00:00:23.210,-0.39013902885497537,0.5449158554553848,3.6922597089771565,-1.792108413130139,-1.0173663803770112,0.2524456332676892,abnormal
2024-01-01 00:00:23.220,-0.49966104715350174,-2.6329029739388736,4.078198653923059,0.20978365221187695,0.41803807495813,0.5973269304481306,abnormal
2024-01-01 00:00:23.230,-1.668992645907874,-1.9167307278608479,4.041882751883829,-1.6835651681331911,0.7204426457245828,-0.6766572495750087,abnormal
2024-01-01 00:00:23.240,-0.32570656303182244,-0.14335139454411064,5.18279805430767,1.110794574493826,0.29908977171106693,-0.055269097099700244,abnormal
2024-01-01 00:00:23.250,0.6411322810238372,-0.3973783366175529,4.796900346732041,-0.33608512729110385,-0.736625824196075,-0.7562085825758463,abnormal
2024-01-01 00:00:23.260,-0.7909680627344069,0.11272855843177353,5.725358748040544,-0.8228915937427248,-1.443497232971365,0.1464740637613999,abnormal
2024-01-01 00:00:23.270,0.9109348582327421,0.4967422376366969,6.088552531186026,0.7532708224334962,-0.8534057715203862,-0.31283335382707994,abnormal
2024-01-01 00:00:23.280,-0.19715949379905526,0.6030336149576595,6.369012168727008,-0.41679782747760613,-0.08386333671452387,0.7252094666914678,abnormal
2024-01-01 00:00:23.290,0.47486679415975336,-0.3177148446861021,6.019074531478339,1.003510530490456,1.5751502138881637,-0.751556346726153,abnormal
2024-01-01 00:00:23.300,-2.6568209021963347,-0.04267058888766981,6.676015141756795,0.5217577020131186,-0.01563589577516678,-0.40240041563702084,abnormal
2024-01-01 00:00:23.310,-1.9216440098094576,-1.1310390861108433,6.100735887552752,1.0258033484577982,-0.0759585144022939,-0.39217657168861075,abnormal
2024-01-01 00:00:23.320,-1.2562280756059376,-1.2955230069760957,7.078231775592408,1.3754139463103168,2.4307057372417797,0.2105070852866466,abnormal
2024-01-01 00:00:23.330,1.0112514899365574,2.654216997844033,6.252877600733461,-0.048081943170690145,0.0881883249970057,0.27856278399613876,abnormal
2024-01-01 00:00:23.340,1.1429083035765288,-0.41967843274990807,5.709401828481563,0.585881787034192,0.2112462894622845,-0.48120734086385236,abnormal
2024-01-01 00:00:23.350,-0.010292116393455081,1.4670833860084602,7.331428625400734,0.20588334204552375,0.272204462083051,-0.4792542323550571,abnormal
2024-01-01 00:00:23.360,1.6796671196154727,-0.10737056229776763,7.133075220551333,0.7863481592406225,-1.1507633086906301,0.40500566355332895,abnormal
2024-01-01 00:00:23.370,0.5620097619036808,0.7614255556219937,7.322136309590687,0.9897387525051006,-0.47815087389915917,0.26236486229261147,abnormal
2024-01-01 00:00:23.380,-1.4870588375227278,-0.437933147555239,6.809741019649665,-0.05760919200783103,0.7189127963960421,-0.5399573372366885,abnormal
2024-01-01 00:00:23.390,1.3578132700702463,0.9884076753642289,6.668361713799846,-0.2884209310368412,-1.5096638145014478,-0.4879393855911437,abnormal
2024-01-01 00:00:23.400,-0.43328742239208917,-1.9307316563036665,5.972077505806147,1.1089895561591994,1.0531263562155417,0.6826148001664663,abnormal
2024-01-01 00:00:23.410,0.08879511121330173,-0.4412221208401446,7.339926426878667,0.09388076704734677,1.1670134330422484,-0.5261590061964926,abnormal
2024-01-01 00:00:23.420,-0.789521439386605,-1.237228963374488,6.257393224160271,1.7419647888940528,0.18605823982777334,-1.2010932238919356,abnormal
2024-01-01 00:00:23.430,1.7103886240510064,1.7963811651581278,5.875497108414854,-0.19957254495289134,-0.5669836402984745,-0.15170876772785652,abnormal
2024-01-01 00:00:23.440,0.6119400798669855,-0.8900619593282221,4.5334004298013175,-0.1510492965978718,0.9236808523201998,0.09268895180595857,abnormal
2024-01-01 00:00:23.450,0.9300976978788957,0.18704566227635303,5.73099703490115,0.9641410922758469,0.5064166691846589,0.22006756577947434,abnormal
2024-01-01 00:00:23.460,-1.2562546591939687,-0.4884713110356777,5.05738233711114,1.329353839321747,-0.2890168404312204,0.19638887553537399,abnormal
2024-01-01 00:00:23.470,1.2716118288600573,0.5893236268313038,4.787406264155037,-1.7875008894400157,0.6412430386242076,-0.46995208382757475,abnormal
2024-01-01 00:00:23.480,3.4605997152233297,-0.8299936664914116,4.984486025383298,-0.003499837404152088,0.9813710561054538,1.4905281199130704,abnormal
2024-01-01 00:00:23.490,-1.1161217543651583,-0.6399189187981248,4.117105295670014,1.4349561671667486,-0.20994445983275822,0.2883474315254121,abnormal
2024-01-01 00:00:23.500,-2.286381848131746,0.5869842950267616,3.809023012693728,-0.6175925913117445,0.07861734594240508,0.4264469308649993,abnormal
2024-01-01 00:00:23.510,0.04888871814454859,-0.311469179087003,3.7758541589784094,0.16289737025128714,-0.5872878139957074,0.38577676790095017,abnormal
2024-01-01 00:00:23.520,-0.36173285475444533,0.4863697515323686,3.3424829621561543,-0.9468850530098204,-0.7559916596161396,-0.5874599638836139,abnormal
2024-01-01 00:00:23.530,1.7738289403639442,-0.718097714134004,2.538916473833792,0.48682960891208804,0.8689142025426293,-0.8679563635870622,abnormal
2024-01-01 00:00:23.540,-1.0439011540534964,0.7442555001331167,3.3062810382010666,0.10864729292353714,-0.23257676050320092,0.3206413131513911,abnormal
2024-01-01 00:00:23.550,0.9462030652865157,-1.1428178017779802,2.5255091297472485,-0.7503329605337677,-0.7798713620665788,0.14696439297063754,abnormal
2024-01-01 00:00:23.560,-1.1182398462330658,-1.5689027608264443,1.4756957577296796,0.3912451384845067,0.4595644237637382,0.7266443755315412,abnormal
2024-01-01 00:00:23.570,-2.7717318273107705,-0.5180280882155147,1.2818019171274184,0.23462151840934234,-0.9358264218447176,-0.8753967193046609,abnormal
2024-01-01 00:00:23.580,-2.8701346756017805,0.6280810130662025,1.2815399323638692,0.11928037405780019,0.8737376308731128,0.060632680248473875,abnormal
2024-01-01 00:00:23.590,1.2197745748978357,-2.7132480047998215,-0.3109573078504721,-0.010416201900988607,2.347131909089583,0.3104526978166707,abnormal
2024-01-01 00:00:23.600,-0.9415898157098774,0.03460811513733077,0.6189593927037911,0.3585222507065067,-1.856950958609147,-0.19355338599931735,abnormal
2024-01-01 00:00:23.610,1.072862486624668,-1.4617856782962857,1.5399034819543913,1.414407559224126,-0.48854506118595664,-0.47415128715873844,abnormal
2024-01-01 00:00:23.620,-1.4681045404878965,-1.2374293340286302,0.4838645157952396,0.9979685625685963,-0.9252456926767164,0.32456744667543996,abnormal
2024-01-01 00:00:23.630,0.06344187738189762,-0.384915180641186,1.4772335000040302,1.5398990299294746,0.17944371190280464,0.9411350365080692,abnormal
2024-01-01 00:00:23.640,0.8878665661729979,-1.5245139646930765,2.6160449232179244,-0.43724159327599116,-0.9040260392920356,-0.8552491227055438,abnormal
2024-01-01 00:00:23.650,1.8157026624675956,-2.35849260242591,2.6721078840481085,2.0292124104574834,1.5943177428966544,-0.7919454014400148,abnormal
2024-01-01 00:00:23.660,-0.6673599020390848,1.1481324586869437,2.2648539760600688,-1.1882655780646159,0.5386633939133223,0.04829087729503434,abnormal
2024-01-01 00:00:23.670,-0.7498669831745298,-0.3582848290121445,3.728161973952396,-0.9850799831189542,0.15187414153603165,-0.009036965513450427,abnormal
2024-01-01 00:00:23.680,0.2335896819786354,1.2870655697846831,3.735706691234383,1.0058284160937816,-0.1659255001541646,0.3729920645850488,abnormal
2024-01-01 00:00:23.690,1.4293705972299362,1.0882232581460323,3.650300718366301,0.2598662024621849,0.9477286399394292,1.0768771774159764,abnormal
2024-01-01 00:00:23.700,-0.12888218960045728,-0.2343927008220396,5.014937839150267,-1.2911639757248223,0.5697810509880995,-0.14310602336061778,abnormal
2024-01-01 00:00:23.710,-1.8937660570147814,-1.1374254083616098,4.37799091780738,1.180250258768906,-0.7100425478522071,-0.13950708736269776,abnormal
2024-01-01 00:00:23.720,1.614858236453002,-0.9572484906548739,4.242480766647705,1.2427221753071263,-0.8183460445669258,0.19949420869701118,abnormal
2024-01-01 00:00:23.730,0.5267710989176836,1.5274073424844348,6.835665894045169,-0.0311971238389319,0.7513162822095333,-0.32282716536692824,abnormal
2024-01-01 00:00:23.740,0.048712581077523576,1.395965105722948,4.078887002941937,-0.11935793544745268,1.3762714458190604,0.8238970697207151,abnormal
2024-01-01 00:00:23.750,1.2793186518286024,-0.22213451936307688,6.956169550294408,-0.14956724027156326,0.39914508274155835,-0.38732863840785897,abnormal
2024-01-01 00:00:23.760,-0.5393460937000872,0.8424715083490119,6.6819825175485486,-0.19188737127265135,-2.1442241105710673,0.5129520580156475,abnormal
2024-01-01 00:00:23.770,1.3281558704586371,-0.11199186325142692,6.059286579401274,-0.1753619028325466,-1.4221689027324993,-0.1453757112828334,abnormal
2024-01-01 00:00:23.780,-0.19377548694499672,-1.77781642247132,6.930769916567782,-1.5778827221981175,0.4781081311012769,0.6185198469849874,abnormal
2024-01-01 00:00:23.790,2.424716622998463,-0.5244770254980319,6.279805559398113,0.8683465669266088,1.1000218495569563,0.2922635499203427,abnormal
2024-01-01 00:00:23.800,-2.019349169321095,1.5294318760220613,6.738874792526531,-0.09846587168774368,-0.9003010718831966,-0.3869296804753646,abnormal
2024-01-01 00:00:23.810,-0.6875497689652116,2.0733959960103014,7.669246423340134,-0.9184859734600246,1.0016554562386002,-0.45800339155789793,abnormal
2024-01-01 00:00:23.820,1.1008484604553812,0.8356720790811731,7.01906176523238,2.224874178350252,-0.6651093153870188,0.22214837692690867,abnormal
2024-01-01 00:00:23.830,0.006417792913031207,1.0703771855718194,5.596573772598397,0.5392087108267107,-0.09970971923875419,0.8895494023455809,abnormal
2024-01-01 00:00:23.840,0.9153804962233908,0.9675357121117925,7.5306569665177925,-1.0935671102234084,0.23395634245597485,0.38797477818183,abnormal
2024-01-01 00:00:23.850,0.7172042417106717,0.030176226605453018,6.612780595957775,0.41950858215111947,-1.302434643063319,1.0576124246863203,abnormal
2024-01-01 00:00:23.860,0.3304719694766003,0.4785378844778593,6.7245648589710285,-1.4168880855792256,-0.7685571813465899,-0.1428194389074273,abnormal
2024-01-01 00:00:23.870,-1.849227582656924,1.895220268600182,6.758483070242878,-1.6809798316419526,-0.4665399144899843,-0.26995931432157044,abnormal
2024-01-01 00:00:23.880,-1.713083857448163,0.49242766947352445,7.105676340201317,1.1191129834487492,-0.8297391245034712,0.8199089147554527,abnormal
2024-01-01 00:00:23.890,2.3115716597825244,-0.07544684555383782,6.9847307455754155,0.49370497894546095,-0.07213048423058482,-0.0561427265994506,abnormal
2024-01-01 00:00:23.900,-1.146681531933831,-1.2424005750519536,7.4406472544248805,-0.07474361435658146,1.2845884549979905,0.39216619395355284,abnormal
2024-01-01 00:00:23.910,0.3905196171859008,1.395563331735192,4.675008372680621,0.6541641469390165,-0.4003597248788587,-0.15270206932093291,abnormal
2024-01-01 00:00:23.920,1.1810689256457756,1.3106914881319518,5.731756004207011,1.618090830032865,-1.8466606378173787,-0.17154900557054056,abnormal
2024-01-01 00:00:23.930,0.15195710224901915,1.6831869228177478,5.1526138992381165,-0.03181965764363914,-0.8273542225367089,1.0014147585212176,abnormal
2024-01-01 00:00:23.940,0.9559736886848091,1.800092886973574,5.925808312071188,-0.39379012384857354,-1.0352001965386977,0.26622317471808016,abnormal
2024-01-01 00:00:23.950,-0.0616507910783841,-0.9306368912686184,5.506589136611858,0.8509461460274035,1.1191735905669251,0.6602575017748012,abnormal
2024-01-01 00:00:23.960,-0.8108121635096476,-0.6040669639495239,4.731864298062636,1.019979994802346,0.7152523925535302,0.045431443769210426,abnormal
2024-01-01 00:00:23.970,0.30087586960729046,1.20966354145906,3.8594967344196434,-0.5511760685310723,0.2408590618008622,0.49105275423363626,abnormal
2024-01-01 00:00:23.980,0.6865387804822738,1.446434250712864,4.508012290829117,0.16606517180560224,2.554001659832224,-0.060777886506892816,abnormal
2024-01-01 00:00:23.990,0.061129376217864975,2.891951484754626,3.36857780391859,0.747824952824434,0.036850375926529,0.812711510788645,abnormal
2024-01-01 00:00:24.000,1.7785625402497982,0.017667867151300108,3.682611952623234,0.6136341553487364,0.11091352975313586,-0.0844034509450803,abnormal
2024-01-01 00:00:24.010,-0.4422354840305129,-1.6533281896704153,2.5984587624302606,-1.8444529896389357,0.4576509597256806,0.08127755778095834,abnormal
2024-01-01 00:00:24.020,0.14049834985303197,0.3696414689135454,2.377905676386598,-0.22553737411064195,0.9071583078512595,-0.3226980163082204,abnormal
2024-01-01 00:00:24.030,-0.4291687973447552,1.7489249286932427,2.1086071274593063,0.2658711367232095,0.5824806195492667,0.15992882651422283,abnormal
2024-01-01 00:00:24.040,0.12669452944787263,-1.9873980312538058,0.3212794598732178,0.5159284955562257,0.6322964982579697,-0.0033199185116244262,abnormal
2024-01-01 00:00:24.050,-1.1238034031711635,-0.7261684380342553,0.7580857195752926,0.13673154856796074,-0.7418696414879437,-0.021105900593817416,abnormal
2024-01-01 00:00:24.060,0.8485084374151945,-1.0952847923557343,1.4340778307622053,-1.7941144641890308,0.2912986423183368,-0.47405872228787516,abnormal
2024-01-01 00:00:24.070,-2.286984060120513,0.7588099867218464,0.7059785859092941,-0.07465218311086463,-1.5234146243310953,-0.24280746234067688,abnormal
2024-01-01 00:00:24.080,0.46318036445841704,0.3957424690498907,0.84844907625094,-0.21749753198462465,1.9133823922345397,-0.3002704853825869,abnormal
2024-01-01 00:00:24.090,0.8778545709033944,0.842688337997838,0.5272102353532477,-0.21580256545467577,0.3976248077484823,-1.2028352431045648,abnormal
2024-01-01 00:00:24.100,1.5142219043315552,-0.1686802123347384,-0.003912870624653619,-0.5300465786944595,0.0012302437592948221,-1.1150592716024712,abnormal
2024-01-01 00:00:24.110,0.7659858892302714,-1.4952972189225486,1.074574545128771,-0.8727728430959548,1.656925924193188,0.27311858196744415,abnormal
2024-01-01 00:00:24.120,0.10804993652922545,0.6091018907692171,2.8136436546269423,-0.5779124052797806,0.44753722958133935,-0.7153821367133478,abnormal
2024-01-01 00:00:24.130,0.5523826433002622,1.1759836971618416,2.3829723521186783,-0.7028881262142533,0.19419141012521832,0.7022486739620395,abnormal
2024-01-01 00:00:24.140,0.1273710587130559,0.686597324109228,2.624164695733981,-0.2339907098981401,-0.8300530820230533,0.9269496089717876,abnormal
2024-01-01 00:00:24.150,-0.8819338872709731,0.7571702151831786,3.68972874198511,-0.17910199881915023,0.5505736260261909,0.18041395676495212,abnormal
2024-01-01 00:00:24.160,-2.4025652071751336,-0.22021986610763153,3.8649023283618433,-0.2713484692166299,-0.267781802412316,0.284799093227676,abnormal
2024-01-01 00:00:24.170,-0.09728478528010089,-0.8020657352600151,3.4589228616730554,-0.2876234947755296,-0.4661266344876098,-0.2962581217989076,abnormal
2024-01-01 00:00:24.180,1.056433848663798,-0.4274233070265849,4.026036247284895,-1.1511377653566053,0.2581617009897527,-0.3002566343729308,abnormal
2024-01-01 00:00:24.190,0.9216190986585086,0.7482874298426507,5.4542766109910765,0.5451869227354948,-1.2457205255708188,-0.15449582944793583,abnormal
2024-01-01 00:00:24.200,-1.6982087774625618,0.6813932929292683,4.86990930779291,1.393624108884484,0.8757239352454238,0.8326144495121676,abnormal
2024-01-01 00:00:24.210,-0.39454226420068217,0.5794916942895004,5.6616933928386635,0.7682832909725322,0.3858171903588251,0.9166885316445977,abnormal
2024-01-01 00:00:24.220,-0.35954932280243695,-1.6751327960178493,5.503145518509227,-0.027328542946707165,-0.36796565538926573,-0.01236049999080071,abnormal
2024-01-01 00:00:24.230,-1.8458328488562705,0.4559783847967613,6.177636626959353,1.2761283549911215,-1.4705869781387537,-0.2962804610939584,abnormal
2024-01-01 00:00:24.240,0.43066463020182005,-1.1562464742690852,5.991281118202626,-1.4646200213795182,1.7482617500875095,0.5462247217076498,abnormal
2024-01-01 00:00:24.250,0.867066914546926,0.0031555424312723203,7.435215531368435,1.079573093512119,-0.4018966730454745,0.2655015053514883,abnormal
2024-01-01 00:00:24.260,-1.0682375994880813,1.0437652904184171,6.890298307448825,0.00731628772291535,0.06192764275596886,-0.20183719692136512,abnormal
2024-01-01 00:00:24.270,0.8109826309575302,0.49218365372558953,6.864622726348916,1.253703798256493,0.5788754749437158,-0.14541835767961298,abnormal
2024-01-01 00:00:24.280,2.7210583617812847,0.7070334973058966,6.594258972472036,-0.8215571374490351,0.8900615487469309,-0.8446667896959779,abnormal
2024-01-01 00:00:24.290,-0.44101781060177553,-2.7399756456544417,7.8481860596840045,0.6344044756767475,0.2233168553145255,0.41965773228257197,abnormal
2024-01-01 00:00:24.300,1.2240687170114812,0.9711927287731278,7.0505117029306135,-0.23634538683918546,-0.2469195521425039,0.008845907220835069,abnormal
2024-01-01 00:00:24.310,1.1816954591245075,1.4847611010417359,7.760648605522156,0.2666549130012176,0.6314813002708525,-0.27040563145349017,abnormal
2024-01-01 00:00:24.320,-3.2075710724214157,0.6405055635238817,6.873425264309448,-0.8777539680449006,-0.43155839651161276,1.0902270921907442,abnormal
2024-01-01 00:00:24.330,-1.956458611687558,1.1997138028123613,7.48391697476519,-0.8076957019588518,0.6400884831879318,0.2510831701524253,abnormal
2024-01-01 00:00:24.340,0.08824463148205754,-0.5320446406812381,7.0421829444985775,-0.4117431592745033,-0.011562337740135998,0.03305876871128357,abnormal
2024-01-01 00:00:24.350,1.4576505620284854,0.9660950766393386,7.43996787562395,-1.113187195464329,-0.6632577776958141,-0.9285797406238498,abnormal
2024-01-01 00:00:24.360,0.16253543579179686,-0.4155853653652008,6.411706690270156,-0.01043645818183605,0.49366229577069504,-0.5672142792649653,abnormal
2024-01-01 00:00:24.370,3.189056527106413,-0.6135537028606418,6.085189844282848,-0.5783137832370409,-1.3553882349782482,-0.2761060569123033,abnormal
2024-01-01 00:00:24.380,-0.16471461936539664,-0.7000666589716279,6.781515819090555,-0.6140095224616413,-0.545365694871757,-0.41834478693255783,abnormal
2024-01-01 00:00:24.390,-2.1410996466442307,0.9457560594421502,6.774779965637983,0.99092432401207,0.337482442324713,-0.14006062093449284,abnormal
2024-01-01 00:00:24.400,-1.7645979928768434,0.8970369063968919,4.8784479600076,-1.2301852370237736,0.2735395182030211,-0.8721293380596478,abnormal
2024-01-01 00:00:24.410,1.0528093285622413,-0.014961497574951927,5.155851282370063,0.29168448878078773,0.16391354142542794,-0.32405750313068116,abnormal
2024-01-01 00:00:24.420,-0.3335654861324623,-0.6068360260082224,5.0521153314361555,0.17803293493813996,1.2196519515961683,0.23731995740917738,abnormal
2024-01-01 00:00:24.430,-0.842258844881513,1.8250116974396524,4.770909236350459,-1.5500139141725457,2.6420806973475117,-0.14546996077003857,abnormal
2024-01-01 00:00:24.440,-0.15610800702706773,-0.4402054230237639,4.8269239189366475,-0.037780166708460954,0.4161020447445753,-0.5548534321394772,abnormal
2024-01-01 00:00:24.450,-1.800194098789154,-2.2268408993063056,4.009780959924006,-0.2222257649984523,-0.9858930045445805,0.6166067972279836,abnormal
2024-01-01 00:00:24.460,-2.0607148399023503,0.4245549041054473,3.7790037860778,-0.016477904197255026,-0.31234600427369,-0.08072967228395211,abnormal
2024-01-01 00:00:24.470,0.6367129999914127,0.2599663108193913,2.3722677146382543,-1.0086689822163775,1.144680967561814,0.4889022344511272,abnormal
2024-01-01 00:00:24.480,2.7080366529164777,0.1982574553719411,3.204970171324635,-0.08003989095635657,-0.23194728743091103,0.054338832865587154,abnormal
2024-01-01 00:00:24.490,-1.281547871461191,0.07062202542762834,2.2896289740524938,-0.12748454428774603,-0.06618312061907507,0.3507028131564751,abnormal
2024-01-01 00:00:24.500,-0.7482143020163762,0.12063923557396858,1.960004930557545,0.3096819563847666,0.5726474673602938,-0.6733262356747599,abnormal
2024-01-01 00:00:24.510,1.445332021441124,-0.08902294145235587,1.5335897075042317,0.3464836026914927,-0.35057435442790635,-0.1450279941976122,abnormal
2024-01-01 00:00:24.520,1.4696489143534832,1.8101064975269958,0.46909948094998566,0.5985784909300403,-0.8642191375772338,-0.853814359450865,abnormal
2024-01-01 00:00:24.530,-0.40636254801783167,0.4568139472526339,-0.03802681000174202,0.9093552774758552,0.056765963227397756,-0.33396509712287076,abnormal
2024-01-01 00:00:24.540,0.6841517049935172,0.20762057973576672,0.6398630273303095,-0.37817895388894524,0.8297713451821227,-0.5479006332560797,abnormal
2024-01-01 00:00:24.550,0.9620495225896039,-1.7808426901946328,0.6635987923615874,1.662029495559274,0.3238111181988565,0.8646138395567369,abnormal
2024-01-01 00:00:24.560,1.2500244229085788,0.6718873021936835,1.151252226049674,-0.438784426976602,0.596605909140891,0.4905808496085351,abnormal
2024-01-01 00:00:24.570,-0.04261750149873193,1.0387545352265999,2.2804780279071886,-0.34379942215612613,-0.36083047650408406,-0.19883136226004772,abnormal
2024-01-01 00:00:24.580,-0.15432197322039026,0.8255970698046414,0.46309669731858616,0.0188898868271711,-1.006446498641332,0.24679060669398162,abnormal
2024-01-01 00:00:24.590,-0.27246743563851894,2.176990671314812,1.4873246685368846,0.2581645281061727,-0.5437916455285936,-0.6074431719026229,abnormal
2024-01-01 00:00:24.600,-0.2520045552315985,1.1309439076504906,2.624255336950709,-0.45041331126581147,-0.12815985880594988,-0.7987739652098936,abnormal
2024-01-01 00:00:24.610,-1.6951285301742733,2.404462712147018,4.168646966422397,0.016391249759015233,0.5938856060520182,0.6833554555864264,abnormal
2024-01-01 00:00:24.620,-0.7464700490262423,-0.14763198438805938,3.5023411841062475,0.042524791298257814,0.5937105779949519,0.3984650871592831,abnormal
2024-01-01 00:00:24.630,1.3044398449664463,3.462370553228533,4.219477795894558,-0.2274134610113188,0.22120923286584396,0.5582309638515569,abnormal
2024-01-01 00:00:24.640,0.37576718845322765,-0.5481245018706542,4.012134711912561,-0.2270304868236105,0.29628389968875524,-0.22370243847616264,abnormal
2024-01-01 00:00:24.650,0.3643968179415498,0.7810302821720178,4.693453760160451,1.2303234523440576,-0.688773388009017,-0.3839890865547366,abnormal
2024-01-01 00:00:24.660,0.6113774088317485,0.4739776264397157,4.168582763296477,-0.12009518761103392,1.8366010300591118,0.810040541233883,abnormal
2024-01-01 00:00:24.670,-0.3638251486077555,1.0771845482111202,5.432768299140595,0.04480232671181999,-0.5030201148951783,0.018748557203325376,abnormal
2024-01-01 00:00:24.680,-0.10649601397400947,-2.3943074284889283,5.5043660387761335,-0.7349747928236533,0.7996524479914489,-0.19026198552337442,abnormal
2024-01-01 00:00:24.690,0.24513403554576307,0.9905155872722224,5.056595592233501,-0.9904184465817566,-0.4231860881746492,-0.41403874538968066,abnormal
2024-01-01 00:00:24.700,-0.2869362571460564,-0.2167707025773304,6.347011182844755,-0.10547826799200476,-0.18057677704819527,0.3935035265056489,abnormal
2024-01-01 00:00:24.710,1.5129276022137599,-0.5399841848567813,6.683477829919536,0.5195532014551739,0.35988682631645913,-0.032014412949219286,abnormal
2024-01-01 00:00:24.720,1.064565913499437,-0.6049100692875691,7.839337352828674,0.2818585319625635,0.06680309633570448,0.24969402598054785,abnormal
2024-01-01 00:00:24.730,0.742544343518905,-0.09945262551377121,6.624445447412014,1.532151134777636,-0.545052612451533,-0.022941509405598155,abnormal
2024-01-01 00:00:24.740,0.012702616532793443,-0.583599258403543,6.886760767437282,-1.0195130145583249,-0.15054659921675398,0.5087401304870127,abnormal
2024-01-01 00:00:24.750,0.13661326168237967,1.308275508539925,7.010579466269528,0.13188074969695462,0.973361670471384,0.7508132685808435,abnormal
2024-01-01 00:00:24.760,-0.04203665124957881,0.11178471251671458,6.4635096358138995,-0.40373201200099135,-1.3703090107897413,-0.6588906527848606,abnormal
2024-01-01 00:00:24.770,0.22743759180254597,-0.16882120483171217,6.810843433130395,0.942541489172435,0.2570968037267518,0.10373768172962518,abnormal
2024-01-01 00:00:24.780,-0.04072051840588511,1.1309950553526356,7.719246279566234,-0.14056656062527073,0.5067272599638637,-0.022189273467681025,abnormal
2024-01-01 00:00:24.790,1.2085966268715815,-0.7447862277985322,6.94506885037366,0.4561903280341364,0.4467084837609182,-0.14151667559415657,abnormal
2024-01-01 00:00:24.800,0.09750664173305441,1.1282774984137358,7.048371269582559,0.7533630169598049,-0.16998317684375383,-0.5102801966198345,abnormal
2024-01-01 00:00:24.810,-0.9704552200843468,0.870917258466031,7.866709846288273,-0.12558463022650376,0.6413714760360882,-0.46234497069626396,abnormal
2024-01-01 00:00:24.820,-0.4986240794052373,0.9578536470070813,5.890256625900555,-1.2103159958577794,0.7624971290759744,-0.5866002405325925,abnormal
2024-01-01 00:00:24.830,-1.632162479221124,1.6000521500096343,5.740994696056194,0.0733061522265033,0.007097054227439879,0.2307746904703021,abnormal
2024-01-01 00:00:24.840,0.2804600721271764,1.7024285992906627,5.507205932325998,-1.5130035363164143,0.5634837471274706,-1.0052293417768832,abnormal
2024-01-01 00:00:24.850,1.2823508835354276,-1.4218217598509875,5.135198637911021,0.1503319386720537,-0.009799284338875726,-0.18240264406278892,abnormal
2024-01-01 00:00:24.860,0.07817422639566689,-1.9925841133241895,5.131516033966967,0.1814769728892092,-1.8499317542743121,-0.4492508724144132,abnormal
2024-01-01 00:00:24.870,-0.4873229418755939,-0.2247736244607729,4.975393470600563,0.06199334919791746,-0.30740473930837,-0.33329117036369404,abnormal
2024-01-01 00:00:24.880,2.7500662063974146,0.07650378075925159,4.617663778554132,-1.5824548188954306,-1.0240360892752796,-0.4016099248120224,abnormal
2024-01-01 00:00:24.890,-1.0741293173327524,-0.34995425226961147,5.657581658544778,0.4872752342458077,0.470743678064702,-0.43615733241942456,abnormal
2024-01-01 00:00:24.900,1.158765143416247,-3.28033099302642,5.229950001016634,0.2507570838038222,-0.24412925072801578,0.049868545312848046,abnormal
2024-01-01 00:00:24.910,0.46993024727819444,-1.0560775536084737,5.181992855764936,-1.2765641159061838,-0.8613748016878898,0.47546382824574485,abnormal
2024-01-01 00:00:24.920,1.6591640090181121,-0.9397822881541161,3.5350854864749985,0.6512991075359146,1.3764118271119177,-0.6044419401188842,abnormal
2024-01-01 00:00:24.930,0.5116386693098635,-0.6389913162540362,4.702026522225296,0.03329800459554655,-0.6574322605488772,0.3073535380951791,abnormal
2024-01-01 00:00:24.940,-2.9810263129165384,2.146032465192034,2.6911272768361387,0.2777988704838063,0.02942760762375907,0.5001360624046055,abnormal
2024-01-01 00:00:24.950,0.04892859191055652,1.3557646183195369,2.522898831168518,-0.13787726524457136,0.2881276528894496,-0.779364028321627,abnormal
2024-01-01 00:00:24.960,-0.3246238547609415,0.17608198682533924,2.2110554727553535,-0.11471437755914149,1.3336288254272581,-0.6048562773419718,abnormal
2024-01-01 00:00:24.970,0.7237696872482912,0.5550251151083275,0.8999857208909354,-1.196204240272027,0.04153635971610255,-0.6470634336423167,abnormal
2024-01-01 00:00:24.980,-0.32054149350022676,-1.4416081707110122,2.224067837941664,0.6976300229436987,1.6512038410916081,-0.26798359993807425,abnormal
2024-01-01 00:00:24.990,0.7229050723379189,-0.5474296383189401,0.7527993393310715,-0.7033130823685347,0.9012357336613895,-0.4138771135353584,abnormal
2024-01-01 00:00:25.000,0.8974129142706542,0.23129044803251947,-0.06499780387235876,0.3669719507838865,-0.7501589999715036,0.34270948058698303,abnormal
2024-01-01 00:00:25.010,0.14509456971465037,1.4585670677162679,-0.9617327521524326,0.24750332593135826,1.5004893280271918,-0.18715240327002514,abnormal
2024-01-01 00:00:25.020,1.9558060902080798,-0.6055821640816869,1.3647653610089516,-0.7377140048051081,0.4235263177847057,0.2015757902389204,abnormal
2024-01-01 00:00:25.030,-0.0799608529953542,3.312066117982344,0.8859754341920889,-0.16791181662425245,0.626855261813737,-0.26267933225810447,abnormal
2024-01-01 00:00:25.040,-0.10399806574427801,-2.653967063522709,2.551212075811737,0.3441737888857404,0.24122909169383977,-1.0427043150673418,abnormal
2024-01-01 00:00:25.050,-1.3987218513548985,0.8443139836557202,1.7874718585955214,-0.43520980695026973,0.1694164450453637,0.3931510844740179,abnormal
2024-01-01 00:00:25.060,0.5238124468517558,1.0403501290139123,2.011966133355341,-0.1727853307285904,-0.6723904256585908,0.31816334374397476,abnormal
2024-01-01 00:00:25.070,-0.2636742728918812,-1.9537902572078854,2.4047463670531783,0.26792037275069297,0.30518304833997034,-1.0603700762649255,abnormal
2024-01-01 00:00:25.080,-0.6934490736783341,-0.011888919280256212,2.993897531264956,0.029155067090321857,-0.4092588649819059,0.3439427352182578,abnormal
2024-01-01 00:00:25.090,0.30356464937393013,-1.8151655732771534,3.620644323387441,1.1302659533350121,0.1977351341891533,-0.26151968813550647,abnormal
2024-01-01 00:00:25.100,-0.25358651317290465,1.5780764010327155,3.4254246076469896,1.418142753057796,-0.4463631240670747,-0.006898928094104235,abnormal
2024-01-01 00:00:25.110,0.08983377421429205,-1.54535334873713,3.2023696966360133,0.5725346401041352,0.8811279059470453,-0.6572989595991142,abnormal
2024-01-01 00:00:25.120,0.3893466257089249,0.8917439594298282,4.981212740556648,-1.6169582277298722,0.5114111867090078,-0.7170527626200638,abnormal
2024-01-01 00:00:25.130,-0.7805085892573848,-3.064651299632526,5.156888175193386,-0.05720797424792379,0.3408973745874778,0.5632655214016977,abnormal
2024-01-01 00:00:25.140,0.2979545939701599,-0.40571541476684,5.024370560632709,-0.4815649485482398,-0.4703699868067541,0.20853403479192145,abnormal
2024-01-01 00:00:25.150,-0.6389992843120224,1.2016172583189486,4.661564362882992,0.6305687668929346,0.4588490792120574,0.4482402577823824,abnormal
2024-01-01 00:00:25.160,-0.9808718904505118,0.1261057326646505,6.284560732712616,0.167881495768994,-0.2816428260466977,0.6940476713553397,abnormal
2024-01-01 00:00:25.170,1.952532611736051,0.7730634923178991,5.092831236682452,0.9677353265310743,0.5045045353761834,-0.33471222309989795,abnormal
2024-01-01 00:00:25.180,0.8891790475936271,0.6054097193929313,6.385281555360154,0.12345137357001588,-0.2846333194178635,0.5009685388899878,abnormal
2024-01-01 00:00:25.190,0.18318963363743476,-1.1756282072763067,7.09535892247812,-0.3471005663986604,0.9545092868093655,0.23169477153433796,abnormal
2024-01-01 00:00:25.200,-1.3378688365781266,-0.1248239592392105,6.510447759563593,-1.1749937981387517,-0.04276737223765407,0.17832152615132704,abnormal
2024-01-01 00:00:25.210,2.312824074719206,2.120921466233821,7.171957284970304,-1.0809515387227602,-0.545640173705769,-0.6512622329463988,abnormal
2024-01-01 00:00:25.220,-1.3889210811580701,-1.526481668674073,7.754319584543107,0.6156969051085979,-0.6403839093919795,0.7221042654792083,abnormal
2024-01-01 00:00:25.230,1.2667732950223602,0.21729319824890145,7.461953281901697,0.6223950983140545,0.7084824374738394,-0.5443688264691066,abnormal
2024-01-01 00:00:25.240,1.548024044453964,0.6779096129210803,7.232080546047467,0.9948748092058551,0.8719457948906585,-0.043858064973752865,abnormal
2024-01-01 00:00:25.250,1.8312646344496177,1.0013394109107363,7.048024126557683,-0.8869230988451198,-0.8473388693793059,-0.1507267725323179,abnormal
2024-01-01 00:00:25.260,-1.16156835188243,-1.0052953690940318,7.075280580817583,0.318478761378339,0.6257112164731998,0.023342719736622823,abnormal
2024-01-01 00:00:25.270,-1.6031896527695189,-1.3993725600771438,6.652916208615624,0.16208090529413471,-0.4018912962434928,-0.6388615779192952,abnormal
2024-01-01 00:00:25.280,-0.2563095095695457,0.328270451165385,6.271216168801001,0.2391458601299885,-1.1950535162746232,-0.26578382553415414,abnormal
2024-01-01 00:00:25.290,-0.8319582562589758,0.5795928281641985,6.000065957608089,-0.876194783480694,-2.1523239204567126,-0.5186794576891643,abnormal
2024-01-01 00:00:25.300,-0.10141556213003337,-0.7786562397295053,5.975093482111626,-1.8773845904837938,-0.9196376066269741,0.4367277014987568,abnormal
2024-01-01 00:00:25.310,-0.030673058062686262,-2.201538667290257,7.302272664148564,-0.12366104166298479,0.16219822424569014,-0.07126763584255108,abnormal
2024-01-01 00:00:25.320,1.709357440444058,0.8588006541220233,5.831106902956735,0.1683014541196607,-0.7380921575701167,-0.15291790266504793,abnormal
2024-01-01 00:00:25.330,0.40021745047396123,0.49431717213626036,4.96374764207439,0.2317077355189972,0.0032597034759302363,-0.08907392966821578,abnormal
2024-01-01 00:00:25.340,0.8739325635687246,-2.3300562470913206,5.552849596227049,0.39008644216205485,-1.2097682789499935,-0.7514725078955335,abnormal
2024-01-01 00:00:25.350,-0.2554337553287523,-0.6199366555260369,5.4653136245951535,1.3292190046264545,-0.2634388232530235,0.23884673880838025,abnormal
2024-01-01 00:00:25.360,-0.006588957588895639,-0.8276475748262899,3.8346149093639568,-0.520254530431649,-0.5203410173188169,-0.7513909697618238,abnormal
2024-01-01 00:00:25.370,-1.0560121128994986,0.31234255737596,5.83544147941297,-0.1871348372723998,-0.6077766237484238,-0.2722163311394968,abnormal
2024-01-01 00:00:25.380,1.324287113132932,-0.5673956450115071,5.5632852611437,1.5521456594890801,-0.3674272357238935,0.3874059251855554,abnormal
2024-01-01 00:00:25.390,-2.4797848576059587,-0.15224247067116448,4.120575895333029,-0.8327348455170162,1.530315379535787,-0.6975497688816971,abnormal
2024-01-01 00:00:25.400,0.852925459167425,2.1544332522511436,3.7049558612099958,-0.9052658436311468,-0.3654148302349241,-0.3841176708827486,abnormal
2024-01-01 00:00:25.410,-1.2241779802894568,-1.2112934098987171,4.899634412497768,0.4424581524500992,-0.9160145572415929,-0.018758650678134137,abnormal
2024-01-01 00:00:25.420,1.865748665094047,1.85937810139895,2.6884086512454073,0.3469526030404338,1.499501599844015,-0.15544593861005718,abnormal
2024-01-01 00:00:25.430,-0.6961899994896724,0.037049863137508424,2.8289148947181517,0.5939575405157416,-0.21528785999077257,-0.31268456524555754,abnormal
2024-01-01 00:00:25.440,0.8326575848783314,-0.44015383910637,2.845083631057679,-0.31056931803867593,0.34646781739862986,0.19980675830913405,abnormal
2024-01-01 00:00:25.450,-1.0607381875302655,1.414349767132755,1.790014364350943,1.1385560170692317,0.47809959083752945,-0.4962080510240818,abnormal
2024-01-01 00:00:25.460,-0.2851983935132809,2.525921588614698,1.3013847489440995,0.5533753415745405,-0.35231494758111004,-0.7079583839893837,abnormal
2024-01-01 00:00:25.470,-3.1462589168264588,0.5437524605760865,-0.2514175063673225,-0.17089054532743037,-1.1202938902470778,-0.6386099001023354,abnormal
2024-01-01 00:00:25.480,-0.26492538711195696,-0.07686381017714558,-0.1116747065745688,-0.4108634728190798,1.464183309009547,0.32236384400944335,abnormal
2024-01-01 00:00:25.490,-1.7321517981140904,1.9965001487675909,-0.09695003968314575,0.4551697769848684,-0.7915309866917997,-0.6050660983527727,abnormal
2024-01-01 00:00:25.500,-0.16287964244309952,0.9670186804350998,0.8988540184198823,-0.5587585967638088,-0.7283286020112647,0.669336699433047,abnormal
2024-01-01 00:00:25.510,-0.688855235746517,0.3406780947145969,1.539666880895589,0.8230016403735588,0.06809078301699936,-0.5010021092375435,abnormal
2024-01-01 00:00:25.520,0.23540180949581768,-1.5206244006192189,1.0602352340644683,0.673317863637432,0.022827810380525063,-0.7706497454259413,abnormal
2024-01-01 00:00:25.530,1.501714830823549,0.4799297480413042,2.2492185808200578,0.5959287191879178,-0.2906635565860014,-0.7834803132225656,abnormal
2024-01-01 00:00:25.540,-0.047861968652883564,0.43309280645996995,2.124049344006892,-0.29067521541718877,-0.08106311652406435,0.6971927071276857,abnormal
2024-01-01 00:00:25.550,1.4826260810436025,0.14223867065224513,2.1367027612989977,1.8319548317775909,-0.3006803234428669,-0.9259440015226019,abnormal
2024-01-01 00:00:25.560,1.1227241944420028,-0.308149749482908,3.956887902209892,-0.33499995875738964,1.2565220410474423,0.6073989165123921,abnormal
2024-01-01 00:00:25.570,-0.6441105599853807,0.8708508537071026,1.9972102130484564,-1.439282456760254,-0.7052032782599633,-0.19712651008325474,abnormal
2024-01-01 00:00:25.580,1.0048811071910542,-2.7590157776180972,4.127449143395204,-0.1689408741063534,0.2568624759848302,-0.6086206550601762,abnormal
2024-01-01 00:00:25.590,-0.6435971028057988,0.4378014785488945,3.670934451206226,0.07625126365584978,-0.35386180379681137,0.481224181919797,abnormal
2024-01-01 00:00:25.600,-0.3591386527278076,-2.037613044820549,5.136024874942869,-1.639114129096737,-0.14289233754245614,0.7791323070267664,abnormal
2024-01-01 00:00:25.610,-0.19020106189525757,-0.4588935256937642,5.491453453743942,-0.42792977843525415,1.4252694571319673,0.33007325009991145,abnormal
2024-01-01 00:00:25.620,0.870749715947737,-0.49164721932169403,5.0109499148215235,-1.8213395407770354,0.09910849541035044,-0.09842263908738683,abnormal
2024-01-01 00:00:25.630,-0.9297328035933214,0.5379760195288383,6.160233752895571,0.5465982545137144,0.011341951784143612,-1.2176320896160646,abnormal
2024-01-01 00:00:25.640,1.369949004143841,-0.4619892127924725,5.265271054790422,-0.40837764435973195,-0.10703424760981464,0.3036650887949991,abnormal
2024-01-01 00:00:25.650,-0.2539036503470111,0.42436248591529696,5.8931215126259415,0.14926319869487845,-1.6682167274636175,-1.144767972865024,abnormal
2024-01-01 00:00:25.660,-0.81528208300904,1.443165209491146,7.339438885878016,-0.2108142004808468,-2.1984070133570888,0.13200182096976487,abnormal
2024-01-01 00:00:25.670,0.11076205838074106,-0.17779025250287694,7.397415355246963,0.5604089360375615,0.7164970724524569,0.5043914514674717,abnormal
2024-01-01 00:00:25.680,0.21407220732811916,0.17129855073439165,6.593859504685708,0.955735137796058,1.6265097205866514,-0.7314330961791405,abnormal
2024-01-01 00:00:25.690,1.03617069692683,-0.528564186363443,7.659386854620326,-0.902055675955231,1.3079587802486594,-0.3979339567663748,abnormal
2024-01-01 00:00:25.700,-0.48796506148175156,1.9582010263208673,5.99705868715175,0.6137272218388392,-0.5058639989212005,0.4591986290330933,abnormal
2024-01-01 00:00:25.710,-0.9115285282727195,0.04774505643610459,6.817763519606524,0.10901628570558926,0.5997783505347217,0.20322419261113475,abnormal
2024-01-01 00:00:25.720,0.569715599644972,2.5660073550419513,6.636374233727873,0.3315148783251778,0.7309724206406943,0.26006168896866394,abnormal
2024-01-01 00:00:25.730,0.39651527730386893,1.6593918623492563,6.377064377939894,0.6057690404599837,-1.1659871639407788,-0.24804662400423627,abnormal
2024-01-01 00:00:25.740,-0.5664232961065298,0.5235248359501445,6.952071326375316,0.027726834347872327,-0.4507527343517976,0.24117425616207158,abnormal
2024-01-01 00:00:25.750,0.4469276212063728,1.8580784968505204,7.423004045838166,0.8813645876202373,-0.007664014476921588,1.1342911549194155,abnormal
2024-01-01 00:00:25.760,0.3597988509582123,-0.02890853938946636,5.238585266526478,1.6279334788367654,-1.7889793897036719,-0.01584284386500506,abnormal
2024-01-01 00:00:25.770,1.0587358781435559,0.13887366933603035,5.810145151365949,-1.8768585072787456,1.030752355970281,0.3573727688287186,abnormal
2024-01-01 00:00:25.780,-1.8196684199454611,-1.0166753381831024,6.503706573332206,-0.6786786149573252,-0.06011257048224713,-0.302237532034592,abnormal
2024-01-01 00:00:25.790,-0.8904124268169719,1.6806173511632323,4.776234890423291,-0.0015818482506829072,0.37466495366414815,0.043181363387101275,abnormal
2024-01-01 00:00:25.800,-1.276299748642925,2.1034520713321414,5.914213205490859,-0.5094705390931016,-0.39514648671139163,-0.982413436778003,abnormal
2024-01-01 00:00:25.810,-0.14829064629636313,-1.703925979180235,5.549876350113789,0.42887826454286226,0.9400303816677371,-0.2852905838444531,abnormal
2024-01-01 00:00:25.820,0.15611204988649774,0.6986996388108524,5.354978118494804,-0.43149001822531013,0.12866415828497077,0.39268080077365947,abnormal
2024-01-01 00:00:25.830,-3.34164525755922,-0.41731699838037994,5.122327474616743,-0.8934026321501292,1.057146400516308,-0.2958282465304653,abnormal
2024-01-01 00:00:25.840,-0.5168470235241095,0.16900462241811212,4.978055383885784,-0.2431123243967752,0.09094314169310648,0.08912353452741896,abnormal
2024-01-01 00:00:25.850,-1.1173085535543148,1.5610716736005512,4.982620293347419,-0.9311772224311804,-0.27711570986285683,0.2607422772547038,abnormal
2024-01-01 00:00:25.860,-0.9955068453642584,-0.09738522557132728,4.426388764552156,0.3271510390523599,0.06139482027460308,0.6954075898029975,abnormal
2024-01-01 00:00:25.870,-0.4265320716910822,-0.488075232953589,4.732001805709751,-0.40939600225681927,0.6629978814224566,-0.21363597839435647,abnormal
2024-01-01 00:00:25.880,0.2839345685153852,-0.2814256741807848,4.237748239937698,0.6398073908846544,-0.1582803071351341,0.07440805021202135,abnormal
2024-01-01 00:00:25.890,-0.25194447545232707,-0.9684345011437403,4.406879922367246,0.3144646412851816,-1.1479444556850051,0.708826953235218,abnormal
2024-01-01 00:00:25.900,-0.14898753330705508,0.9207290471456102,2.5463444215943185,-0.5114041992887577,-0.578190874563936,1.322274821009539,abnormal
2024-01-01 00:00:25.910,1.9687593083974866,0.7448801388608538,2.5015180964512718,0.05132362308793108,2.7219771359782445,0.3702309581850154,abnormal
2024-01-01 00:00:25.920,0.30579123493353844,1.5096965788631658,1.412971506384284,-0.5125179420337187,-0.5965456355988958,0.5311100776099928,abnormal
2024-01-01 00:00:25.930,-0.03210650924496251,-0.37807014115438003,0.5113290076278261,-0.5132828681857027,0.053261250465045366,0.36390770425697205,abnormal
2024-01-01 00:00:25.940,0.6765046467856752,-0.7063250527145778,1.1735102590121995,0.9079198673274314,2.2547805306873236,0.09004642751327535,abnormal
2024-01-01 00:00:25.950,0.6989721825304551,-0.6984154532936113,0.49956196450082635,1.0644651109160468,-1.0933598772894928,-0.35874043104443,abnormal
2024-01-01 00:00:25.960,0.9525519493990919,-0.32002945407037275,0.2596153138525479,-0.9060529712288149,-0.31123727750166147,-0.3149824299097727,abnormal
2024-01-01 00:00:25.970,-0.10061567370466058,0.31598143285309016,1.1797040295464432,-0.5085819837260306,0.8207352460205167,0.2746262068148445,abnormal
2024-01-01 00:00:25.980,1.2610491020791412,-0.5807247049702401,0.7864714863722426,-1.6851947650197203,-0.023145850204663983,1.1758334391158667,abnormal
2024-01-01 00:00:25.990,2.314711806612562,0.5167393235732933,1.6200648362154644,0.35752290832310085,-1.5640479030375853,-0.5368970247441669,abnormal
2024-01-01 00:00:26.000,2.0106172308222043,0.22338842574834541,2.506495065613861,-0.8554836242267367,-1.7361378728096053,-0.19253765315834775,abnormal
2024-01-01 00:00:26.010,-1.6124760144991042,1.1430311812449998,1.256029830984708,1.0311200329909749,-1.9812271104007482,0.9995760349406084,abnormal
2024-01-01 00:00:26.020,0.729260160888288,-1.1317820762471673,3.053832228014324,0.2023381580589461,-0.42258440351988713,-0.289584622307377,abnormal
2024-01-01 00:00:26.030,0.6350037403952371,-0.6334758384403506,3.5075211619937,-1.7577147871128613,-0.37023433282362234,-0.8483755220532622,abnormal
2024-01-01 00:00:26.040,-1.4297935765514607,-0.1643003667780154,3.0785549207085636,-0.9090268207043254,1.0324379057251667,0.36798417667056177,abnormal
2024-01-01 00:00:26.050,1.76152298452202,0.8556333374323754,4.949118359262486,0.9774311725992957,-0.6799514353319029,-0.4051663871972074,abnormal
2024-01-01 00:00:26.060,-2.2918730344709703,-1.1711887104536511,4.277659361403313,0.9564442282390663,-1.660413654233455,0.42141356326438717,abnormal
2024-01-01 00:00:26.070,1.1600791811589994,1.0633437750302603,5.170863305626999,-1.1542652108600098,0.06779434799661495,-0.637190534022972,abnormal
2024-01-01 00:00:26.080,-1.5222275664915894,-0.9244104357821535,5.1609364666238315,0.17796894613301156,-0.07720192850050689,-0.06917864094002117,abnormal
2024-01-01 00:00:26.090,0.7360699031065663,-0.05506035077708048,5.827408464020312,1.2931739872065025,0.43807476893637065,0.6096525494443897,abnormal
2024-01-01 00:00:26.100,-1.4423526111513945,0.3821638138276349,6.023730861449483,1.1596876203806783,-0.2016196611749178,0.6641499960192867,abnormal
2024-01-01 00:00:26.110,0.42252863924262984,1.334250190924014,6.251689862219737,0.007811141901511311,1.453046793775994,-0.2866792078209541,abnormal
2024-01-01 00:00:26.120,0.32074960548206594,0.2399893353009162,6.861443271714234,0.9566886060928126,0.13241053019941115,-0.5339737311927119,abnormal
2024-01-01 00:00:26.130,-1.3034442536215876,1.9507130392830103,6.612721597679474,-0.058029452921920355,-0.6155956430296754,-0.9041586317089765,abnormal
2024-01-01 00:00:26.140,0.37331153553167723,0.02117380748024791,6.281824020604654,0.32662235485525476,0.4471912597383228,-0.8491646912375996,abnormal
2024-01-01 00:00:26.150,0.9025553058119667,0.19134516502116203,6.106658672422449,0.4153009460345886,0.4870705837199779,0.7725110146844244,abnormal
2024-01-01 00:00:26.160,-0.10877895529567484,0.1164111735973394,6.620640852913204,-3.067072246567047,1.249084447439235,0.6249766266794768,abnormal
2024-01-01 00:00:26.170,0.4021413598254878,-0.3457048225416192,6.659458906849409,-1.0694657635085982,-0.5733501245299575,-0.0535681071454134,abnormal
2024-01-01 00:00:26.180,-1.0675364844096964,-0.027058225429282257,7.196520874864701,-0.6234297676333351,-1.7767203577453012,0.07060840392808128,abnormal
2024-01-01 00:00:26.190,2.5734357741686202,-0.09993718323839862,7.296977151181709,0.15186539896608206,0.05908877407864688,0.7816892983795486,abnormal
2024-01-01 00:00:26.200,-1.9956249095253806,-1.1572357261060213,6.802047214889663,-0.606718942728914,1.125660636182767,0.2811543408432535,abnormal
2024-01-01 00:00:26.210,0.5992690103521325,-0.09607472196088597,6.261608563139801,0.06193364610794828,-1.651994588347955,0.29861158027094775,abnormal
2024-01-01 00:00:26.220,-0.007787579795279787,-2.2237333335628557,6.438679813673531,1.6751663921503546,-0.0665203437099843,0.15083817968003113,abnormal
2024-01-01 00:00:26.230,0.774661601457053,1.6751075309202335,6.796107348193911,-0.05809945674505875,-0.32137812430997015,0.865703172366087,abnormal
2024-01-01 00:00:26.240,0.9146035969854278,0.29366733541454243,6.252101595355631,1.0672118131889898,0.0320024272712401,0.09993302202977077,abnormal
2024-01-01 00:00:26.250,0.05415880582154369,0.5961778103647722,5.406201557730223,0.5282266621086216,-1.3648970520004575,0.09700938710139498,abnormal
2024-01-01 00:00:26.260,-0.9585448272305142,0.10386307631829106,6.773555410790089,-0.3472738030743732,-0.9330192001618258,0.4511042706725533,abnormal
2024-01-01 00:00:26.270,-0.5438472762155045,-1.1181094888536351,5.574718469381239,0.2322345880917117,1.0141130156680502,-0.16378201160789058,abnormal
2024-01-01 00:00:26.280,0.9155607442291782,-1.406599485222907,4.874473294649722,-0.5781853484039472,-0.09639546956307157,1.0452586476707117,abnormal
2024-01-01 00:00:26.290,1.0084486917800155,0.648856266952114,4.823462737596912,-0.09588233137151554,-0.7896354769463089,0.14349242898895967,abnormal
2024-01-01 00:00:26.300,-0.4648151092168055,0.7174181172085478,5.03188148292579,0.027849150353037744,0.4304840458203702,-0.5729164029521681,abnormal
2024-01-01 00:00:26.310,-0.3262859035458572,-0.46415575612863164,5.380430759639338,-0.06425565902978911,0.2947723365461615,0.24228303171748763,abnormal
2024-01-01 00:00:26.320,-0.22250467304804467,1.6380913736064011,4.496128166249935,0.746985043209532,0.12948115973525495,-0.7851503837520262,abnormal
2024-01-01 00:00:26.330,0.5223743861494522,1.554978065677495,4.470278589985805,0.17157621108734233,0.3945875581724859,0.09584359998819872,abnormal
2024-01-01 00:00:26.340,0.696995250113887,-0.46079069586335575,4.065073344212352,-0.052985532828240284,-0.25197087520785916,-0.600881259499617,abnormal
2024-01-01 00:00:26.350,0.816815850403839,-0.9534020041557657,4.599889111962665,-1.7698514573055675,0.05948255156488639,0.24764296944511283,abnormal
2024-01-01 00:00:26.360,2.0733982338117896,1.0209659725310054,2.8639360827775584,0.9762086989058542,-1.0051002371230295,-0.8568365706333965,abnormal
2024-01-01 00:00:26.370,-1.2455671231092287,-1.3094397016162131,3.7288472935504666,0.2172738418052683,0.34812099574501953,-0.6635753965969285,abnormal
2024-01-01 00:00:26.380,-0.6789904084616724,1.9428302241294704,2.5190304915861383,-0.3467706735256501,0.2844387875830198,0.001070546849866664,abnormal
2024-01-01 00:00:26.390,0.4160963335309242,1.108578894927329,1.8246955023909632,0.1391330067467725,-0.8486866141660291,-0.31812321049525094,abnormal
2024-01-01 00:00:26.400,0.4071882987973364,-1.645090834517224,1.8644675728281266,0.7958549935009488,-0.19483822086825403,-0.6305161525579166,abnormal
2024-01-01 00:00:26.410,0.5577860815571183,-0.8525920248724144,0.6540106914873234,0.6846289311416716,-1.3769649687035865,0.4399670683669791,abnormal
2024-01-01 00:00:26.420,-0.17816699148226087,-0.9418657306682321,1.5065546203429614,0.30555036637916855,-1.3114528977942579,0.15766352917716048,abnormal
2024-01-01 00:00:26.430,-0.8321653394191351,-0.7384742492631953,0.38472872954018184,1.1173946468310787,-0.7277597844341936,-0.8999147673963203,abnormal
2024-01-01 00:00:26.440,-0.31618677983925964,-0.6701480054105432,-0.16197597869419406,-0.13660269330324137,-0.12414700823172632,-0.786905943052163,abnormal
2024-01-01 00:00:26.450,0.9017693509374395,1.7702434654342527,0.12098660861310417,-1.3054516158379368,-1.0410191808510494,0.19651147157995763,abnormal
2024-01-01 00:00:26.460,-0.9963405300617054,0.3114180614740627,1.3535956464789858,0.2413470026814196,-1.672594240220971,0.6447220579453574,abnormal
2024-01-01 00:00:26.470,0.25272452048649624,0.2629839225733548,1.8325575600600406,0.10364681819488943,0.1312958466752457,0.24415352421987985,abnormal
2024-01-01 00:00:26.480,-0.1604452291398545,0.37717500571059753,1.6353015382602485,-0.7489776027224441,0.5574673361325788,-0.27467091604578,abnormal
2024-01-01 00:00:26.490,0.5597975458015305,-0.9788077451833942,2.4089867107356038,0.8421986407171346,-0.31506443377718213,0.4979824471362444,abnormal
2024-01-01 00:00:26.500,-0.769381096094876,0.16779882669995405,3.5492214082507942,0.5383897813644387,-2.029035660294722,0.17575867564972122,abnormal
2024-01-01 00:00:26.510,-0.16531349270959178,2.423608879124731,3.640463368501693,0.22323888857197308,0.9611368014152253,-0.1522756583383579,abnormal
2024-01-01 00:00:26.520,-0.7111236689907988,-2.0029270749130728,3.9637409310555536,-0.017323624300760555,0.5418841334084725,0.6161073425786333,abnormal
2024-01-01 00:00:26.530,1.2419669838570462,-0.7076035502288706,5.331456445967425,-0.44951851900712914,-0.754501416391249,0.23253117266856033,abnormal
2024-01-01 00:00:26.540,0.8216733551370277,-0.6070706356386087,4.6813514406237084,-0.3848270323137823,-1.3747797763573382,-0.14915492159160765,abnormal
2024-01-01 00:00:26.550,0.023367574312590993,-1.8460750573299085,6.023470559163546,-0.7020537917376353,-1.5006262462477833,0.7567220102037023,abnormal
2024-01-01 00:00:26.560,0.7728941665097003,1.6815857495560396,3.3473593735734255,1.410546126965148,-0.9950571638157168,0.860616864071663,abnormal
2024-01-01 00:00:26.570,0.27039251893377086,1.084365902275475,5.760836905911723,-1.7205246389699815,1.1706534377165323,-0.0778483325196205,abnormal
2024-01-01 00:00:26.580,-1.6947376661272522,-3.3046649199813425,5.526112359338568,0.9247125102077612,0.517743959260078,0.04335342658149461,abnormal
2024-01-01 00:00:26.590,-0.08614465200369108,1.3653749946808722,5.510774774289475,-0.935139024133906,-0.5650302270197716,-1.191216822351618,abnormal
2024-01-01 00:00:26.600,-1.0777296985956946,-1.4379054448059643,7.311051748019115,0.5590436336421113,-0.09171049813798099,0.3097775548812536,abnormal
2024-01-01 00:00:26.610,-1.5045717998578318,-0.4653749763012443,6.726698967713163,0.8696258127782623,0.07278375581221765,0.1925019146027336,abnormal
2024-01-01 00:00:26.620,0.32122749071824086,1.6773548348996077,6.081572593158597,0.600041480460147,0.32120455198866255,0.10706506277559988,abnormal
2024-01-01 00:00:26.630,-1.068112429780149,0.850774085793371,7.298001614765452,-0.62626244838942,0.09717318369643298,-1.0946489235380865,abnormal
2024-01-01 00:00:26.640,-0.4412999330976696,0.27412167859670283,7.009182170627323,-0.07159472344559895,-1.5436513289834581,0.20279285694069218,abnormal
2024-01-01 00:00:26.650,-2.1748988063166594,-0.003056338482090803,5.855154968958562,0.28633715275543675,1.5626935293926378,-0.288640662794181,abnormal
2024-01-01 00:00:26.660,0.6143362616911711,-1.412084219731789,7.369896731184055,-0.45472578542627495,0.39482800979110083,0.3976077746034359,abnormal
2024-01-01 00:00:26.670,-0.6774637724191277,1.7701555366154496,7.488774806060244,-0.5073279522412225,0.5264548142837759,-0.9625021139971882,abnormal
2024-01-01 00:00:26.680,-0.6720063984264035,2.0827356410742746,5.952284494882522,0.9103628716028519,-1.3345457474812474,1.0822858824130175,abnormal
2024-01-01 00:00:26.690,-0.32561596799408304,2.7394700248087394,7.415625392547552,-1.6232222166173713,-0.20223268077753065,0.015774270711043297,abnormal
2024-01-01 00:00:26.700,-0.25583857456529896,-1.4949774647659722,5.685814496728622,-0.05795890653674549,1.2259709410078363,-0.9462880777152884,abnormal
2024-01-01 00:00:26.710,-2.119011559318551,0.9789178254661947,5.971509401922294,-1.1300915013757022,0.47216904134734017,-0.4462019198019993,abnormal
2024-01-01 00:00:26.720,0.9356861753829842,0.7785338208136111,5.501343961752246,0.5164157906690893,-1.0301771737886998,0.7624284312725988,abnormal
2024-01-01 00:00:26.730,1.1326751851179424,-1.9726806810797373,7.124484335441671,-0.8965102183630596,-0.38996426341455404,0.31453270722029597,abnormal
2024-01-01 00:00:26.740,-1.162917533842453,-0.7134765371219435,5.771630111315381,-1.7445838310189703,0.419070913010341,-1.3262910177491705,abnormal
2024-01-01 00:00:26.750,0.02103068465868524,-0.6491596741567206,5.786386323572965,0.47944453448861374,1.936754795975641,0.722855938067025,abnormal
2024-01-01 00:00:26.760,1.5873197007169757,0.953353904671554,5.856331384838017,0.26766133698661126,0.007870906774394353,-0.7226143044543123,abnormal
2024-01-01 00:00:26.770,0.7725984987075093,-0.7839266586893012,5.101101428085417,-0.9484115985532903,-0.0226856580177292,0.3904551239309849,abnormal
2024-01-01 00:00:26.780,1.7363591576442075,0.3376548610768332,4.618467829075845,0.8497263629141527,-0.45899543623190675,0.06076821953832151,abnormal
2024-01-01 00:00:26.790,-0.05538990459205821,-2.136022267001511,5.425079216687106,-0.4271046790449183,-0.34430032177478803,-0.33971072842516475,abnormal
2024-01-01 00:00:26.800,1.4221413676290073,1.1269920312790713,4.693712970149408,1.6675936717694584,-0.12734344057652436,0.05698483338360749,abnormal
2024-01-01 00:00:26.810,0.1582068682167298,-2.352620462475412,3.1855370593978924,-1.8906120129151784,0.17026872299476256,0.5478014272466671,abnormal
2024-01-01 00:00:26.820,0.6901906989697062,0.7122931106360969,3.785292805973349,0.6525853698108995,-0.039247731203125046,0.2585551540024843,abnormal
2024-01-01 00:00:26.830,-0.13690358814959946,0.0430279604302624,3.1674843388937144,1.333455674269191,-0.39110487017536705,-0.13255888386707196,abnormal
2024-01-01 00:00:26.840,0.06895645013481892,-2.057043916453838,2.8996964388635207,-0.37881073478672617,-0.7492652365141064,-0.0481392064158811,abnormal
2024-01-01 00:00:26.850,0.6340395887223234,0.5375541578756012,2.317793695378147,0.04550731431713709,-1.3971890952957913,0.3638003450379548,abnormal
2024-01-01 00:00:26.860,1.7707996582436962,-0.17300695565938026,1.2989111419383796,1.5470606935226068,0.2891496834033056,-0.14923237257941083,abnormal
2024-01-01 00:00:26.870,0.33706217488413964,0.2000483180998906,0.654569447447565,0.9697994501958374,-0.04437749714161324,0.9119581955031918,abnormal
2024-01-01 00:00:26.880,1.3363342936953513,-3.331387259417735,1.0054715528584086,-0.5551620376120191,-1.6435127266095146,-0.7001831159030799,abnormal
2024-01-01 00:00:26.890,0.03533552741080792,1.7115843322056727,0.7594297951613684,-0.03840226583502257,-0.11965133050395275,-0.1145386091887196,abnormal
2024-01-01 00:00:26.900,-1.305937871299235,-1.0217820416915997,0.5627959588251991,1.751317694930776,0.45562547732514525,0.4272835112066098,abnormal
2024-01-01 00:00:26.910,0.9178140829979634,0.5597560301154119,-0.15249678071702683,0.0006688887832612519,1.1166016760775315,0.09427979476990138,abnormal
2024-01-01 00:00:26.920,-1.612307685859006,1.1231343788903176,1.1594840626199716,1.538784368164145,1.4043170370035656,0.3441115029542726,abnormal
2024-01-01 00:00:26.930,1.5896829185366896,0.03633680523528252,1.5540747518545324,-0.8915124538380852,0.14441861192766423,0.2434892028665688,abnormal
2024-01-01 00:00:26.940,-0.7624025896787611,1.2632716307255438,1.70141321399379,-0.2376801352729428,-1.377190605100693,0.7565740520610154,abnormal
2024-01-01 00:00:26.950,-0.253163668754704,-1.1455984273488342,2.101434437860362,0.5554349833612467,-1.2780597103843097,-0.07720133141831725,abnormal
2024-01-01 00:00:26.960,1.124539730636258,-1.6774360746377937,2.6841175240155817,0.19851882588863903,-0.33118771917290446,-0.07322700035935269,abnormal
2024-01-01 00:00:26.970,-0.5342910049297194,-0.11240721361554355,4.550973331744862,-0.7139206829948055,-0.7244600956135329,0.22617228819050864,abnormal
2024-01-01 00:00:26.980,2.2286913974075055,-0.9333171375590608,4.3768710146128775,0.9568908066853449,0.25275572233426274,-0.5676128692042601,abnormal
2024-01-01 00:00:26.990,-1.7397204500147596,-1.0784779842414407,4.059495790481425,0.1468425138251757,0.12381108174053619,0.10286638789565308,abnormal
2024-01-01 00:00:27.000,-0.4472360281424015,-0.08199235506270136,4.589005616386974,0.07128088371107293,-0.24019370048620248,-0.37111937591770605,abnormal
2024-01-01 00:00:27.010,-1.7178348554376894,-0.11959705740701262,5.837916930024131,-0.3905009487702757,0.14134408627332148,0.12201269327309829,abnormal
2024-01-01 00:00:27.020,0.9556280754823164,0.6864353080273671,4.907434431064848,1.4209370053500945,-0.9378615850664851,-0.006710263855308408,abnormal
2024-01-01 00:00:27.030,-0.5430602527700742,1.4062754903066599,5.998191487081033,-0.06761490056823433,-0.5635243933203338,0.24297157107062617,abnormal
2024-01-01 00:00:27.040,1.5088568968154983,-0.18152473789291812,4.8076920277406145,-0.7309344488625596,-0.33276675580126847,0.08230289849258479,abnormal
2024-01-01 00:00:27.050,1.8106129311064156,1.3736436119657311,5.668630829816253,-1.0558007266431237,0.05065707971910179,0.3543999647361374,abnormal
2024-01-01 00:00:27.060,-0.7306344241585626,0.9147601603222302,6.616461959871492,0.3684654771846937,-0.7450594760518674,-0.16771704671707252,abnormal
2024-01-01 00:00:27.070,-0.34512758393025916,0.3242921138042112,6.523237741158917,1.1982416292755012,-0.6210537582463572,0.29970606709589986,abnormal
2024-01-01 00:00:27.080,-1.653746653512991,0.889082159046903,5.960239441616469,-0.946057274835352,-0.6513199596330134,0.4036447802765759,abnormal
2024-01-01 00:00:27.090,1.4361478384730308,1.1962931618030166,6.308387488213892,-1.633196844640426,1.2337335254267965,-0.4272725807367622,abnormal
2024-01-01 00:00:27.100,0.4505980011816908,0.6449712874146208,7.231173640781829,-1.0715326447816462,-1.65260098857616,0.30788955831043036,abnormal
2024-01-01 00:00:27.110,0.11216006038571792,0.6425196379397025,7.032226327606504,-1.8314998712631594,-1.3766996934044209,-0.29657367826943815,abnormal
2024-01-01 00:00:27.120,-0.5548580968381531,-0.28670129162298563,6.6182355612281025,0.19716362919316363,-0.31793298989954066,0.05681082118297254,abnormal
2024-01-01 00:00:27.130,-0.6637544550984626,1.0570213696264692,6.309763687659285,-1.062575241060676,-1.980035290227857,0.35124756406989804,abnormal
2024-01-01 00:00:27.140,0.41953628770528245,-1.2242338952803056,6.101310014768837,-0.9132468825183978,-0.059179616935632326,-0.8286947233853443,abnormal
2024-01-01 00:00:27.150,-0.1863912672264064,-0.2305279574124509,7.838123390779381,0.941005506325648,-0.13184975724921136,-0.794161432826872,abnormal
2024-01-01 00:00:27.160,0.07537905895786971,1.4616117111005804,7.424373188544466,0.02591542485608842,-0.8265002384934013,-0.808140924364408,abnormal
2024-01-01 00:00:27.170,1.5459531136951081,1.0877909384826734,7.5466010745700505,-0.4501380584159778,-1.3583298187248118,0.2568988958805734,abnormal
2024-01-01 00:00:27.180,0.8303940128175022,-1.9340615993007102,6.159424074373087,-0.5652583478790625,1.8056128879129458,-0.08090643605452703,abnormal
2024-01-01 00:00:27.190,-3.2027293582015326,-0.10960870976756472,5.1323220937624505,-0.2332109999337404,-0.5540113182472381,-0.8052276564905001,abnormal
2024-01-01 00:00:27.200,0.36712160158507084,0.4554605578763174,7.291052072051475,1.7675247812422326,0.006648766438368033,0.4422772139136625,abnormal
2024-01-01 00:00:27.210,-0.8461292161176052,-0.8829638470747205,6.489014735889489,-0.8255266071510303,-0.5107652422471145,0.8485144128612824,abnormal
2024-01-01 00:00:27.220,-0.5279112123916058,-0.19676429921360888,5.259116450440287,1.0599419909521235,1.0351181261923839,1.1774790634117442,abnormal
2024-01-01 00:00:27.230,1.0114770247239626,0.17995586215847084,6.3652975136140055,-0.6672781802103867,1.1060705546153562,0.06609556988574111,abnormal
2024-01-01 00:00:27.240,0.9005993393352583,0.9668430502401556,5.808902717733337,0.6883048835651551,0.7942521501554789,-0.42207729171138053,abnormal
2024-01-01 00:00:27.250,-1.0056098692242244,1.2416574232472957,5.146701150452929,-0.3195609471561023,-0.7382990976734487,-0.04813060320676949,abnormal
2024-01-01 00:00:27.260,-1.958361283180622,0.880012889737508,4.374522542129057,0.7410392420058015,1.0040851952730707,0.5111223886231995,abnormal
2024-01-01 00:00:27.270,-3.2914351316125505,2.1096721405602414,4.799209227869851,-0.41378075487593485,-0.7010539272817091,-0.3182083812045612,abnormal
2024-01-01 00:00:27.280,-0.08813447805932129,-1.0006717828860694,4.878531974643478,0.3722236594637133,-1.7509186062615274,-0.11972462688341237,abnormal
2024-01-01 00:00:27.290,1.2162283556846638,1.460859919453904,3.0807786085501765,1.2533520645533205,0.498110192264888,-0.5252260884243191,abnormal
2024-01-01 00:00:27.300,2.0299888965373123,-0.7107740754270813,3.8165367006254702,0.05476880174556851,-0.05669605481568366,0.27831005713776513,abnormal
2024-01-01 00:00:27.310,1.2016480676980255,0.23516431413868516,2.393133284645888,-0.5967935653182813,-1.6222643814662547,-0.5848807237231737,abnormal
2024-01-01 00:00:27.320,-1.0902421011480783,-1.2523446052523084,1.6125681456708314,0.8284341878869954,0.8225998765716057,-1.1598975424615854,abnormal
2024-01-01 00:00:27.330,0.09185621798030762,-0.8505752638118177,1.6111449986364186,0.6046867087812162,0.5301536922262631,-0.45878388603023545,abnormal
2024-01-01 00:00:27.340,-0.29425919491456126,-0.4387089500963946,0.5584406608379776,0.6544261187147911,-2.461766769931374,-0.01975673869755953,abnormal
2024-01-01 00:00:27.350,0.47108796935781483,0.6828875467474864,1.995846956683121,-0.3234598183904552,0.8318295646097775,0.0896044289143909,abnormal
2024-01-01 00:00:27.360,0.04894920320727593,0.22277541591787897,0.6570263722805861,-0.3281613900845096,-0.12714137587898725,-0.837757682168433,abnormal
2024-01-01 00:00:27.370,-1.9313882351834455,1.2059756354861726,-0.30134512538435654,-1.143272049259904,-0.11265095030773827,-0.27126234935424476,abnormal
2024-01-01 00:00:27.380,2.5314538297053737,-1.5745055066496103,-0.5669331277140384,-0.09270440743083114,0.9004004606774471,-0.035640075327398865,abnormal
2024-01-01 00:00:27.390,0.1278443427067698,-0.8979399913990526,0.7674048951019645,-1.0895867099450547,-1.246658940802645,-0.16104570148328679,abnormal
2024-01-01 00:00:27.400,0.8157702000015401,-0.752641724847074,1.2843669443352945,1.028964819754751,0.6521296639865329,-0.22802526998927478,abnormal
2024-01-01 00:00:27.410,0.17066188803336532,0.19449582422506692,2.240355708863761,-0.7030887857279617,-0.8391573438617921,0.4795655293514044,abnormal
2024-01-01 00:00:27.420,-1.7029664085156253,-0.3095542948209765,2.8267826794329567,1.5173164493924047,0.7046355049326684,0.8418748878487281,abnormal
2024-01-01 00:00:27.430,-2.257139706905894,-0.6685081481820977,2.3644990640595585,1.1589082382067526,-0.03354561445259442,0.18326240838576388,abnormal
2024-01-01 00:00:27.440,0.37911426256234104,-1.8886692194568095,2.975603359186516,1.0151090878063649,-0.5529241329417834,-0.13814778741146277,abnormal
2024-01-01 00:00:27.450,-1.1893412393138407,-0.0832794019421832,4.246268946413429,-0.3669265087375797,1.0633001522109493,-0.3895066055132389,abnormal
2024-01-01 00:00:27.460,-0.8157201105002031,1.1012879406778477,3.90990217959688,0.7210127169999616,-0.4179070257871404,0.019452642657046125,abnormal
2024-01-01 00:00:27.470,-0.317714893498771,2.854570175047342,3.894808223828319,0.3776097310738781,0.32196623213834097,-0.8569151419202572,abnormal
2024-01-01 00:00:27.480,1.4023188223634035,-1.8056681785837576,3.594878394702137,-0.03332846545177718,-1.0182426017697221,-0.3924801619250692,abnormal
2024-01-01 00:00:27.490,-1.394308119183475,0.3907522100636767,4.715381664142078,-1.6795368281349452,0.8802300604612706,0.3367356674834038,abnormal
2024-01-01 00:00:27.500,-2.171265454568612,1.1150843565809552,5.504958995047605,-2.88542031111133,-0.06104673066834261,-0.17223055582865152,abnormal
2024-01-01 00:00:27.510,1.455601091632033,-1.5279950206739867,4.988423792407048,1.1960940850590467,0.5601721293685797,0.07296713913486265,abnormal
2024-01-01 00:00:27.520,-0.837115434673133,0.3820483577428682,5.853183031062327,0.14050334745000007,-0.7368576941764536,0.12682620007364104,abnormal
2024-01-01 00:00:27.530,1.8131776796995873,-0.17573819687016604,6.993673099266502,0.32436906005321187,-1.0500948262133376,-0.24652020428093388,abnormal
2024-01-01 00:00:27.540,-0.5123746688681617,0.36406338911104247,7.343665464291989,-0.9350717726354811,1.0321795218955072,0.1400109367771533,abnormal
2024-01-01 00:00:27.550,0.11828882805201861,-1.2533472695511845,6.546877552760532,0.5267583034148966,-0.46238818369793244,-0.007701702295253372,abnormal
2024-01-01 00:00:27.560,1.219307796191542,1.4887222255447499,5.449242484664422,0.3048977344136546,-0.7984060608089729,-0.76138582221637,abnormal
2024-01-01 00:00:27.570,0.45543888847623154,0.3671310037939928,7.653184459483233,-1.8763423373088064,0.562029440386258,0.46787512872796344,abnormal
2024-01-01 00:00:27.580,1.7266405757318648,-0.15340479792230824,6.8377376271565415,0.6127204763823951,-2.0689531940772885,-0.3572108319440891,abnormal
2024-01-01 00:00:27.590,-0.014112649835859243,2.6270281500770065,7.028294123312133,-0.6016757448238254,-0.3354724119371063,-0.12047847356735134,abnormal
2024-01-01 00:00:27.600,-0.02899221079759856,0.39194244914671217,6.293939133797641,-0.2902399779506671,0.631483750298388,-0.05724861611817776,abnormal
2024-01-01 00:00:27.610,0.816942512159072,-0.44063151911380216,7.032904766997639,0.1453001713141877,0.6055697611172781,0.9683205192176179,abnormal
2024-01-01 00:00:27.620,-1.2008059509277536,-0.802783931979912,7.141323404203299,0.6032674564284571,-0.691238987647315,0.8773456574702345,abnormal
2024-01-01 00:00:27.630,3.3272932118957637,-1.2604071034259066,5.92143783375381,-0.27551126208786186,-0.48731553839530384,-0.14391461832164484,abnormal
2024-01-01 00:00:27.640,0.29251732408584563,1.8491246115099584,6.713353874407476,0.5707496999481232,-0.21588056968786534,-0.5838667521160897,abnormal
2024-01-01 00:00:27.650,0.8135372972266275,-1.1245275584470653,5.812261106722144,-0.7761242866224708,-0.6443362866794887,0.5145619307753961,abnormal
2024-01-01 00:00:27.660,-0.07829080745124078,-1.375628411675156,7.626263006869619,1.130481441493746,0.2235028707037238,0.32847914915546617,abnormal
2024-01-01 00:00:27.670,0.5182570029386632,0.34289973155141035,5.486319977947092,0.21658112457855314,-0.07388233374708914,-0.3420324894490666,abnormal
2024-01-01 00:00:27.680,-0.43450558453078003,-0.6167162128275105,5.145513154631326,1.222715407068377,-0.5120316358382397,0.05381144442654353,abnormal
2024-01-01 00:00:27.690,0.5436676278172912,1.43802031617678,5.546520149459245,0.18124713815634824,-1.266538140444294,0.721830915513561,abnormal
2024-01-01 00:00:27.700,-1.6192298475555533,2.1284999941716105,6.0740240561010825,-1.1231880225660629,-1.1035479781312916,0.6288399608475073,abnormal
2024-01-01 00:00:27.710,0.7267360940617288,-0.5467206399113295,6.1732327652029655,-0.30451189183934735,-1.2376568630712894,-0.7831068383787433,abnormal
2024-01-01 00:00:27.720,0.2947831126225526,-0.2813168120711507,5.412181285845517,0.7302538645232167,-1.675944979988176,-0.1034655619256976,abnormal
2024-01-01 00:00:27.730,-1.6244602454107413,3.654297715007071,4.464771823161161,1.3303092727943353,-0.31869026740110956,0.0790021877167262,abnormal
2024-01-01 00:00:27.740,-0.028167225842814416,0.8572379723004023,4.290982188697954,-1.2769807968737321,1.0341172537248173,-0.49704524498361347,abnormal
2024-01-01 00:00:27.750,-0.5606288972545107,-1.083691173185759,3.8776002287003415,1.1021245286618027,0.8372999431230288,0.4134598628393286,abnormal
2024-01-01 00:00:27.760,0.704474678650552,0.30522633053126896,3.164522585069448,0.8226419495894659,-1.5863427364141438,0.6437005522897713,abnormal
2024-01-01 00:00:27.770,1.1899439296342158,1.0800254076854012,3.5654371445652244,-0.5348261421672019,-0.3634311578451077,-0.32691233409047077,abnormal
2024-01-01 00:00:27.780,-0.9838864849576044,-0.4001701678459185,2.778944536487824,-0.6575887638680201,-0.23137942121573735,0.0403417021906641,abnormal
2024-01-01 00:00:27.790,-0.23788220389122455,-0.4513083260660873,3.4674650401242832,-0.27057731993443046,-1.0293131307099892,0.039887219609518756,abnormal
2024-01-01 00:00:27.800,-0.310005437074288,-1.4698916333274032,2.0304827030905224,0.45180290204430734,-0.8503134307879752,0.9381524099484806,abnormal
2024-01-01 00:00:27.810,0.3525970140154415,0.12648535544713496,1.517724096818765,-0.12718619359038655,-2.4089748301629412,0.46229652991985737,abnormal
2024-01-01 00:00:27.820,-0.3380236887063945,1.3827896976084026,1.5309190115573834,1.2981741125098945,-0.5232321278839792,-0.7562322897109093,abnormal
2024-01-01 00:00:27.830,0.01606851654597551,1.3982831619047769,1.6846968106381217,2.289586069843332,0.12940468775067226,-0.4883554139366655,abnormal
2024-01-01 00:00:27.840,-1.6108693168471917,0.015048966441076242,0.5525952812196608,0.6725985712086664,1.1846592190569898,0.40568985123008183,abnormal
2024-01-01 00:00:27.850,-0.5919738865283599,0.9275287717052162,0.41458421102638965,0.18647260754276773,-0.196237449346336,0.3459494882377336,abnormal
2024-01-01 00:00:27.860,-0.4205212270441157,-0.9604846499759381,1.8190999260084664,-0.39998257723993486,-0.12903495402238843,0.3014198652697101,abnormal
2024-01-01 00:00:27.870,-1.5922244870073716,-1.930659394225096,0.5416550512911463,-0.9411095775721293,-0.2265174684270761,0.3854885440721494,abnormal
2024-01-01 00:00:27.880,-0.07368938861036343,-0.33211141124839827,1.6674164476675815,-0.0361518768494526,0.03894872112948949,-0.364280795061865,abnormal
2024-01-01 00:00:27.890,1.5110660801821276,0.5298097683997723,0.9568823219547022,-0.23376937143000726,0.7903820252497823,0.05357654481705322,abnormal
2024-01-01 00:00:27.900,-2.431443640677025,-0.272315206293551,2.9235154743859066,-1.0075226953215446,0.30709255671058194,0.31069486437752986,abnormal
2024-01-01 00:00:27.910,-1.560901779866924,0.12075098718529682,3.775400568495637,1.9360885323619532,-0.6210319652581148,-0.21795877278542158,abnormal
2024-01-01 00:00:27.920,0.24957480885916655,0.08804030613622596,3.8828346495473105,0.5327203697628522,0.0059686626126179325,-0.23800246258657354,abnormal
2024-01-01 00:00:27.930,-1.1756259897785883,0.3358059366309115,3.5048346641872703,0.3743922541955998,-0.557348250382881,0.08243660310403779,abnormal
2024-01-01 00:00:27.940,1.4325568625628804,0.0980537773667791,4.001040979581662,-0.6594985124275605,1.256368176530415,-0.3316897141063582,abnormal
2024-01-01 00:00:27.950,-1.2187024443688168,-1.6520800764545134,4.193354133847341,-1.407250691955345,-0.5884586187325748,0.39152496845613516,abnormal
2024-01-01 00:00:27.960,2.2990798107908,-0.5036549938972213,5.0459615440702255,0.43995449866473485,1.4005001857243589,0.716323480775117,abnormal
2024-01-01 00:00:27.970,0.6404878555697319,0.5540855406996096,4.636622959824112,0.13873972051406996,0.6953168492490809,0.6309979083402539,abnormal
2024-01-01 00:00:27.980,0.5357011993792208,-1.1680490796451324,5.720902483695605,0.03934881121331594,0.4588342272301466,-0.894598250786833,abnormal
2024-01-01 00:00:27.990,-2.0044495153771456,0.7904735385508576,6.514216061692169,0.2589588665457239,-1.3098908840355137,-0.13136880414958996,abnormal
2024-01-01 00:00:28.000,1.0072407983989808,-0.1496547050341552,5.813876327459376,0.7018894563744712,-0.22198929661782218,0.3574147198531687,abnormal
2024-01-01 00:00:28.010,2.3468402996712263,-0.019055290843644778,4.9195640729152785,0.5493432844184908,0.6061374600483194,0.17367638383095718,abnormal
2024-01-01 00:00:28.020,-0.19381908223328095,0.5468360788445776,5.899382268151186,-0.452658854455732,0.6958789784492478,-0.33304297813084943,abnormal
2024-01-01 00:00:28.030,-0.3615070535461788,0.3111858468999651,7.154401136063653,0.07702675789063791,2.1251539585945944,0.49586178122484126,abnormal
2024-01-01 00:00:28.040,-0.25741785805665884,0.15193549125741054,6.888033888272334,-1.5463583185723961,1.2170806315702092,0.08482820462386424,abnormal
2024-01-01 00:00:28.050,1.0024501708361793,1.2646509823209582,6.207624572046254,-0.4463560245217763,0.5371840796423317,-0.13305190840584052,abnormal
2024-01-01 00:00:28.060,1.2846706143749709,0.9978367686622912,7.12752569224547,-0.9127538158887929,1.0220073860137933,-0.9485837644551627,abnormal
2024-01-01 00:00:28.070,-0.07392999619503271,-1.8102009772680718,6.696217705837418,-1.5478500635040537,-0.3041987804561756,-0.3614874351746209,abnormal
2024-01-01 00:00:28.080,-0.3604894206066996,0.022580071667748454,7.649465406501906,-0.7981538567060271,-1.7233105413017153,-0.10446357505009946,abnormal
2024-01-01 00:00:28.090,-0.7209956900943449,-2.1721948630535444,6.26091675626783,-1.5394421745127336,-0.3414513005062716,-0.09216890199234953,abnormal
2024-01-01 00:00:28.100,0.16302600470461123,0.1464710014822207,5.1128448444828205,1.6718250707621718,1.3052408855512576,0.05058869938515393,abnormal
2024-01-01 00:00:28.110,-0.7640171247030454,0.9500802959535256,6.417605028182177,-0.6963783375608358,-1.0132915515768697,0.24651907224046607,abnormal
2024-01-01 00:00:28.120,-1.0460309441668552,-0.4926855268072773,6.176365129242207,0.13490463273733502,-0.6243269623062044,-0.20933467347541512,abnormal
2024-01-01 00:00:28.130,1.2820342258716195,-1.3293084192248128,5.976590806842529,-0.8001377702725644,-0.37265347735668736,0.27879801878039356,abnormal
2024-01-01 00:00:28.140,-0.3794894165758406,2.250673286526935,7.205523074068418,-0.45072799088350973,0.10690007394402198,0.3439865289290052,abnormal
2024-01-01 00:00:28.150,-1.8565740288078085,0.46417336993509184,6.271536351151633,0.6468168753530145,-0.4144314723937429,0.8461486326071678,abnormal
2024-01-01 00:00:28.160,-0.08377426294556171,-1.2914513315832497,6.569668050930406,-1.7396885423993032,0.6632465388990393,-0.20955185395778494,abnormal
2024-01-01 00:00:28.170,1.053911131597215,-1.0557093059420875,5.817679378388166,-0.53703050512292,1.3725933310910448,0.6566751163438584,abnormal
2024-01-01 00:00:28.180,-2.23190048062243,-0.7661267663562773,5.103887531455052,0.2712487669480807,-0.14148365650154676,0.95557278081002,abnormal
2024-01-01 00:00:28.190,1.2749497570626505,-1.70808099440952,4.095827499414587,-0.28861478732010076,-0.5915266852618698,0.7138572913542605,abnormal
2024-01-01 00:00:28.200,-0.7091573719466975,0.05363738637996326,5.132225335292003,0.7264950507813863,1.0341427737970064,-0.5300914874710092,abnormal
2024-01-01 00:00:28.210,-0.6454560454409389,0.8458915086763327,5.056780444051735,0.30812631766113435,-0.3451762560148055,-0.2336539245848017,abnormal
2024-01-01 00:00:28.220,-1.542062841722368,-1.8904187774976227,4.534079926608413,0.22053423801223007,-0.5747077218277719,-0.27978829297107344,abnormal
2024-01-01 00:00:28.230,-0.42273197609896446,-1.7714955018010454,4.18078147745524,0.8054644288210114,1.6919454443600488,0.1783143647668152,abnormal
2024-01-01 00:00:28.240,-0.9229863230865483,0.8445544754824659,3.3214145515011597,0.9060903264119643,0.7042737402983681,-0.8094633567969484,abnormal
2024-01-01 00:00:28.250,0.5462712200296868,0.9596457667802016,1.994195762253063,-1.6076247158797514,-0.895122508396673,-0.6481510621865558,abnormal
2024-01-01 00:00:28.260,-1.619802749910979,0.7025885362847857,2.9185220371630716,0.2820790338418719,1.0053316791132865,0.10978934803214647,abnormal
2024-01-01 00:00:28.270,-0.21804678973883226,0.2403758148285085,1.7345605424021202,-0.6329141936851269,-0.5859797432611398,-0.056748200884603084,abnormal
2024-01-01 00:00:28.280,-0.7931861342221433,-1.584136617306814,1.6548617672784351,-0.7680076199454692,-0.2865330942371525,0.8649902413681659,abnormal
2024-01-01 00:00:28.290,1.537703363266415,-0.8985274557939672,1.1595044748464185,-0.2460846716124583,0.7075962225998697,-0.5033497192832803,abnormal
2024-01-01 00:00:28.300,2.8270803045877764,-1.765044291489046,0.09184519066522745,-0.09150252444034332,-0.6357531140523625,-0.7323389109613118,abnormal
2024-01-01 00:00:28.310,1.0805072220225773,1.8635073959805462,-0.3518699257528325,-1.6818990914818324,0.12391786291092531,-0.10625777520258511,abnormal
2024-01-01 00:00:28.320,0.4238765185149119,-0.7572929026259384,-0.18500425616312194,-0.19667881792749428,0.7204886168107828,-0.8664637872327395,abnormal
2024-01-01 00:00:28.330,-1.4089441735009365,0.7952915656279481,1.1807668022174562,-0.5180235696628442,-0.618892244383435,0.23092096643737545,abnormal
2024-01-01 00:00:28.340,-0.5876383076952115,1.099832326231027,0.13779337465249897,2.0959997945953632,1.8062592127815777,-1.484047531554853,abnormal
2024-01-01 00:00:28.350,-0.9166866109655293,-1.2990548787387786,1.7953375537528604,1.5316720893597575,-0.2648809191519177,-0.6316799429161305,abnormal
2024-01-01 00:00:28.360,1.0777003756324908,-2.6201695063639137,2.36788383512583,-0.6388934498472961,0.4918640173335052,0.42273658602957837,abnormal
2024-01-01 00:00:28.370,1.1306380741401822,-0.4038080070904973,3.1472937146258664,-1.1129969047698132,-0.1770577752364845,0.6171749554448316,abnormal
2024-01-01 00:00:28.380,2.466076309570652,-0.4566750807298067,3.4906195880621036,-1.5327946296155452,1.236892744498633,-0.8906949651810623,abnormal
2024-01-01 00:00:28.390,-1.2882084457824194,0.015369128571633812,3.9393366311585556,0.5194392240978292,0.8860185246972448,0.6134008217785484,abnormal
2024-01-01 00:00:28.400,-1.4497119068431703,-0.7065219559830666,3.8409831460404154,-0.8347500104741207,0.943380058383369,-0.30804275529179886,abnormal
2024-01-01 00:00:28.410,1.416978571304142,-0.1795510910222667,4.543992062590658,-1.1102714712562356,1.2836930633910693,-0.22397372540033514,abnormal
2024-01-01 00:00:28.420,-1.7552704912089157,2.5960679719158617,5.5642198957139675,-0.47522661906819047,0.7652096604788255,-0.5331749246619464,abnormal
2024-01-01 00:00:28.430,1.0864794777822842,0.43370511081729557,4.080151192084058,0.7065746684195573,-0.24775731403071843,-0.6178521402381087,abnormal
2024-01-01 00:00:28.440,3.517043347127417,0.7317960055762006,6.759341279308148,0.092700621278181,0.7888549303907165,0.4319979319497779,abnormal
2024-01-01 00:00:28.450,0.13557113290922815,-2.044522782124778,5.0813967605513515,-1.7015493963425747,-1.3232005200002486,-0.6627499411022707,abnormal
2024-01-01 00:00:28.460,-0.137944874899979,1.1255016688066415,5.09910789340587,0.7750509610118799,-0.462075751674182,-0.3904805038352457,abnormal
2024-01-01 00:00:28.470,-0.2682155855792396,1.571842510901644,5.931841861196765,2.2229203993710427,0.2774965316689649,0.15414170278200331,abnormal
2024-01-01 00:00:28.480,-0.24621069558355627,0.33882819952778065,5.94496210290487,-0.0712675434549943,1.1834092022810836,0.2512737634726852,abnormal
2024-01-01 00:00:28.490,-1.1845556634370018,-1.2691064802386227,6.4729173786179794,0.5594769020747896,-0.5974289663168111,-0.4466542756075255,abnormal
2024-01-01 00:00:28.500,0.2636889061795888,0.01901043331564744,6.769789334132293,-0.6064392828200303,0.09942921238017505,1.0354302996666982,abnormal
2024-01-01 00:00:28.510,0.871573120197855,1.971396064460572,6.7352432146678,-0.39856024326392786,-0.821629990599701,0.02803789989914507,abnormal
2024-01-01 00:00:28.520,0.04400075787808465,0.413903453127878,5.992934543658885,-0.2897421413055641,0.47063641742244283,0.1830920869944325,abnormal
2024-01-01 00:00:28.530,2.2282857630372326,-1.3147109458043673,7.1126109111400675,-0.34790130976224243,-2.10066004106555,0.18748482029989263,abnormal
2024-01-01 00:00:28.540,0.9802945488634243,-1.5717567734715427,6.569764108688682,-1.2387225381284013,0.9410971452931436,0.1844499060692584,abnormal
2024-01-01 00:00:28.550,-1.0490801486259484,-0.36388826705360205,6.115031650690251,-0.6122673018997891,0.18174842971737556,0.13727338290568583,abnormal
2024-01-01 00:00:28.560,-1.9192440235239516,-3.4348565719975825,7.2506663946386105,-0.5386772986624977,0.15633444727686047,-0.823224621308773,abnormal
2024-01-01 00:00:28.570,0.7242609765996882,1.1494675385763498,7.600624477209262,-0.6601050457436195,0.5359805215626856,-0.40481898333282024,abnormal
2024-01-01 00:00:28.580,-0.16306719231798253,1.598775097445192,6.450726977604795,1.3758098682074151,-0.5016031675094729,0.8431358981874914,abnormal
2024-01-01 00:00:28.590,0.27670822336616696,1.0798535547782784,6.5995902459875095,0.44376546348492935,0.24336564944457453,1.5682461768313032,abnormal
2024-01-01 00:00:28.600,-1.2529903740306663,0.9288598032591953,7.445180478117627,0.767603437916198,-0.46778764843000564,-0.0045179867742792075,abnormal
2024-01-01 00:00:28.610,-0.5240964912524102,1.194919802549511,6.000078061906455,1.3310828345861547,-1.4374080939470666,0.9991723909584406,abnormal
2024-01-01 00:00:28.620,-1.1324298111011533,-0.3362119517657115,6.7089651383310285,-0.05266852834169247,0.3188208253547918,0.5695121309138158,abnormal
2024-01-01 00:00:28.630,0.05967055865416947,0.7314162455027954,6.082558213129461,0.5444183054033883,-0.27292495921265725,1.134211734372506,abnormal
2024-01-01 00:00:28.640,-2.1588603770792925,0.126087858029326,6.508592571306764,-0.20531623534232366,0.816665575028408,-0.9971143644911712,abnormal
2024-01-01 00:00:28.650,-1.0921797856361266,0.7986302107634705,6.218742978632461,-0.4517448854795971,0.7283160327057581,-0.4849456793474491,abnormal
2024-01-01 00:00:28.660,-1.5351461632752206,-0.394545983764468,4.781021530551375,-0.5540531163131219,1.719185609488964,-0.2974358574998323,abnormal
2024-01-01 00:00:28.670,1.0499203098333127,0.6205651946019496,4.000287131631691,-0.5238658365875795,-0.37639218689897475,0.4016308645664369,abnormal
2024-01-01 00:00:28.680,1.769180271900068,1.0991816404584303,4.292023723878751,0.6504116669419482,-0.3263155240017376,-0.3165299378106241,abnormal
2024-01-01 00:00:28.690,-3.7551249018629154,1.1863668982014273,5.086489911507623,1.0846490552714678,0.3696482210015342,0.473865501823945,abnormal
2024-01-01 00:00:28.700,-0.7697492945628468,-0.678062414981773,3.530472506979712,1.4915164669589673,-0.5316720062322385,-0.7288688747556339,abnormal
2024-01-01 00:00:28.710,2.155219119608446,-0.4769577357408703,4.600764786153735,0.2267186756186516,1.8199072560458465,0.12346385440200565,abnormal
2024-01-01 00:00:28.720,-0.15262822298052706,-0.579229998817278,2.74978527141649,-0.7234788653462578,0.20031678750063173,0.6018900213464092,abnormal
2024-01-01 00:00:28.730,0.8737361790368617,1.0665203001859243,3.1855622860897492,-1.2712284435266212,0.3979826892199447,-0.07796584593682852,abnormal
2024-01-01 00:00:28.740,-1.5020241880395793,0.4057144009360641,3.282173629960966,0.7023471210210126,-0.16448753224548493,0.8848749374553513,abnormal
2024-01-01 00:00:28.750,-1.2089466956747146,-1.1082490872674555,1.2530460484357198,-0.7285561403535464,-0.47856116809088345,-0.4449381274068558,abnormal
2024-01-01 00:00:28.760,-1.0655829977316646,-0.48091872635632205,0.9610794415566775,0.08427350337935552,0.02933241139458314,0.4564803786003572,abnormal
2024-01-01 00:00:28.770,-0.39625915152712815,-1.0370022071776475,0.562628223139648,-0.6015536960066036,-0.5745476868354892,-0.454685441888554,abnormal
2024-01-01 00:00:28.780,0.8717563682287047,0.13110835706084983,0.9528667678426626,-0.8085612204369345,1.7258670891057253,-0.10435665292390676,abnormal
2024-01-01 00:00:28.790,0.8145361278471417,-0.647467277792397,0.5697048979275303,0.6805853845320278,0.9808292875547459,-0.4120794177431628,abnormal
2024-01-01 00:00:28.800,-0.6706900893804896,0.6499944427449195,-0.4000593398661305,-0.23768963869068752,-0.6738173718713673,1.1881967055192535,abnormal
2024-01-01 00:00:28.810,2.285096194669685,-0.36031949814436365,1.3828371758332265,0.3356868351137031,0.19985594174133214,-0.5311047404958149,abnormal
2024-01-01 00:00:28.820,0.7994805167274107,-2.7975852983419958,2.242449153819884,-0.3736958969126614,-0.2740490452485903,0.3027974387871624,abnormal
2024-01-01 00:00:28.830,-2.2496961570600007,1.5457372349856429,1.0775810833670874,0.44028238220079763,1.1495677644055997,-0.1471630159779068,abnormal
2024-01-01 00:00:28.840,-1.067818385546233,-0.2615883252149489,2.293256124579393,-0.5888990642563376,-0.8234400512958624,-0.12043039695618356,abnormal
2024-01-01 00:00:28.850,-2.620370207970831,-2.5546138516254926,2.653616162342328,2.214489603176557,-0.2169716305590933,0.014132872841703675,abnormal
2024-01-01 00:00:28.860,1.6282576985639383,0.6403099444434661,3.088753946056749,0.012492184034065993,-0.27192844523739124,0.4032350560246507,abnormal
2024-01-01 00:00:28.870,-0.5256011420836334,2.0135880799147423,4.0763116357828215,-0.03696605976273027,-2.3865037193367686,-0.040609777637880776,abnormal
2024-01-01 00:00:28.880,-0.34734171276613973,0.8308550889656086,4.02472111781481,1.7426736468322122,-1.1018247272847068,0.8696250809896363,abnormal
2024-01-01 00:00:28.890,1.3400284546805747,0.03655395847010131,4.987401680875475,-2.8059886012506663,-0.6881170738635292,-0.16487763628862875,abnormal
2024-01-01 00:00:28.900,-1.6495881183168628,0.22524877663985154,5.167092878998535,0.25873516570203375,-0.8705806924716368,-0.39733486170799515,abnormal
2024-01-01 00:00:28.910,-0.5935112061546208,-0.005250623605790044,5.230776740990587,-0.8658318358408903,-0.6284434359676752,-0.7189860147753391,abnormal
2024-01-01 00:00:28.920,-0.6655868243439088,-1.2700195475078022,5.197388482770238,0.5291819901636565,1.0543844847528294,-0.3204924874699128,abnormal
2024-01-01 00:00:28.930,0.5887965837323245,2.355833513614621,6.3787140680503915,0.7939582986425403,0.998367707506305,0.6470592151422627,abnormal
2024-01-01 00:00:28.940,-0.7820522561802501,0.8897097006781143,6.583998260384829,-1.18133008461564,0.7309494960601609,0.3574078937434791,abnormal
2024-01-01 00:00:28.950,-0.6575992380881656,0.44380550696254867,6.494316235922672,-0.29692105907131,0.7711137830940888,-0.14595585947175949,abnormal
2024-01-01 00:00:28.960,0.7467750658221554,-0.7242592480474389,6.531614238498164,0.3008117660123505,0.09966927107963021,-0.1954364958655891,abnormal
2024-01-01 00:00:28.970,-0.971217284528094,-2.276133509685906,6.100642079707561,-1.1652369823784525,-0.22207106799906753,0.16422354327574082,abnormal
2024-01-01 00:00:28.980,0.19052228256494455,0.09731512587114613,6.2952604803589765,-0.48594036622632786,-1.2905111070815147,0.27269919208662985,abnormal
2024-01-01 00:00:28.990,-0.3903521455569131,-0.39596235553697506,6.3749381638811435,-0.4645770050552499,0.5710728286905835,0.7684595505018239,abnormal
2024-01-01 00:00:29.000,0.5791093284421582,0.08358533329909563,7.04132881699195,1.0585277574844658,-0.33990502301639,-0.03658924761667401,abnormal
2024-01-01 00:00:29.010,0.8695872984360622,2.786962377751467,5.78463665334054,-0.07726695203193007,-0.9966252983961997,1.0882610117757816,abnormal
2024-01-01 00:00:29.020,0.21050089964775323,0.5850623130138315,5.633698604991347,-0.8606870091210885,1.201988906851964,0.5325958223709768,abnormal
2024-01-01 00:00:29.030,-0.07459981641112372,-1.0403484328991919,7.803048254101976,1.1039620217952653,0.6478863318784223,-0.1416178520965536,abnormal
2024-01-01 00:00:29.040,-0.409502844417313,0.5724475529860515,6.6801153600511585,0.2027333377010784,-1.5098805286254502,-0.31498481893586977,abnormal
2024-01-01 00:00:29.050,-0.21689977375351654,0.5369246080664496,6.743167258622971,0.42162307363684515,-0.067730755024966,-0.3702932281085677,abnormal
2024-01-01 00:00:29.060,-0.16136201114577678,0.4756819460983912,5.66517571884955,0.17972120370535954,-0.8096479884595634,0.28588195434204344,abnormal
2024-01-01 00:00:29.070,-1.8457383877269185,-0.5183943487099123,7.186859222595487,-0.2265948743366106,0.31619333966061763,-0.14478625386660124,abnormal
2024-01-01 00:00:29.080,-0.020771391235871565,-0.5947157553164635,7.328921770529348,-0.9100575761329408,0.568198707429326,0.24054444128370406,abnormal
2024-01-01 00:00:29.090,-0.19054668009117653,-0.5895819597268284,5.804458981802927,0.12076488056700689,-0.6630958935541087,-0.20035465617889037,abnormal
2024-01-01 00:00:29.100,-1.5465540556977926,-0.06185397416363185,6.26327287194423,0.7547973548243871,0.33294708826113295,-0.4193564089899215,abnormal
2024-01-01 00:00:29.110,0.5157351398873983,0.8986552277852629,5.622886081061802,-0.923637355671659,0.3477717830127147,-0.02839637482220853,abnormal
2024-01-01 00:00:29.120,0.05686721281439176,1.0555981394697873,4.967323804678629,-0.6055844207576413,-1.2428872812745686,0.08242680797455286,abnormal
2024-01-01 00:00:29.130,-0.12573345308117115,1.5892751945806485,4.816381240505275,-0.548367547695215,-0.3013330359234776,0.2412439688807485,abnormal
2024-01-01 00:00:29.140,-0.07470413898722016,1.0232030775258965,4.988201583436258,0.05482605823105445,-0.7043429053740116,0.5876763829765248,abnormal
2024-01-01 00:00:29.150,0.2332581532934348,-0.39493906305262255,5.154583064629062,0.8507630121456109,-0.9470835644104699,1.0350997386978467,abnormal
2024-01-01 00:00:29.160,-0.18526121080957408,-0.12261960200727319,4.0689579590825415,-0.8320031371862812,0.11739640828956069,0.5118140865919852,abnormal
2024-01-01 00:00:29.170,0.3951242099591917,-0.0026376471803468532,3.663465778934126,0.797418346415618,0.0015241508788809905,-0.22138528626359702,abnormal
2024-01-01 00:00:29.180,1.2060979397467915,-3.487739042238882,3.2153221238068572,0.3270719748795376,-0.45758568900361146,-0.015116461461257877,abnormal
2024-01-01 00:00:29.190,-1.2678445541407901,-1.8202477510074195,3.31484966932186,-0.8883494822427239,0.44827181749027156,-0.3248909617321461,abnormal
2024-01-01 00:00:29.200,0.6960957436804538,-0.36319320043046,2.5720070801215176,-1.1175360361540374,0.06443068417280445,0.27464825480404476,abnormal
2024-01-01 00:00:29.210,1.4493902071386437,-1.3534607019196898,1.685357445250193,-0.5471553621907101,-1.3073608094044296,-0.637331394735207,abnormal
2024-01-01 00:00:29.220,1.3995417187018355,-1.640147885216862,1.6097818801534103,-0.33446489789013006,1.3044353610002277,0.006702387378154329,abnormal
2024-01-01 00:00:29.230,0.32063403689584546,-1.7528126277804632,1.1336296046418828,-0.9091336978307203,0.9299633346253199,0.30662140675554495,abnormal
2024-01-01 00:00:29.240,-0.07362714934665833,0.6677852072650593,2.0407075544972315,-0.27016687215609286,-0.7770815267294852,-1.0582256062659343,abnormal
2024-01-01 00:00:29.250,0.46543233890053004,1.9017268322536702,1.4969235920344217,-0.6144439932216225,-0.8756235724372915,-0.502712769401631,abnormal
2024-01-01 00:00:29.260,-2.051696844991409,-0.8264119056304958,0.9840941614634817,0.33869383350346094,-2.8507930976706155,0.5192809697746212,abnormal
2024-01-01 00:00:29.270,-0.33083315342419123,0.6775184038434592,0.48955477634877836,-0.233275603243061,0.4979356601817586,0.10927181727395303,abnormal
2024-01-01 00:00:29.280,1.323495927895862,-0.504924663731537,1.0384720995787806,2.041657554831099,-1.9973180174737595,0.05403514186985446,abnormal
2024-01-01 00:00:29.290,0.22831371157986924,-0.9632701305675572,1.9587022405500387,-1.0216288275957548,0.9586896825385501,0.17004847008858748,abnormal
2024-01-01 00:00:29.300,0.7783572514463372,1.2323233226658494,2.437219293559437,0.032056830965971325,0.5356401321632068,-0.25955613437891445,abnormal
2024-01-01 00:00:29.310,-2.065380089581481,-0.5164022999975812,2.2138592459207977,0.33860789474435493,1.0995421280431097,-0.009288487368632472,abnormal
2024-01-01 00:00:29.320,1.1154580352594563,1.3661548068949172,3.0410368286445837,-1.5056405657550869,-0.6345878010175269,0.17517929027703558,abnormal
2024-01-01 00:00:29.330,-1.65956631645787,0.23542996694440843,2.892022657362068,-0.7963826321682687,0.5213267582654608,-0.23817781419414377,abnormal
2024-01-01 00:00:29.340,0.0795717953098708,-0.03085847423354488,3.9057877374676497,-0.761569323556002,0.8535814248151266,0.05176864238867135,abnormal
2024-01-01 00:00:29.350,-2.0138518384985895,0.12370957305252285,4.350010863830992,0.15892987898342792,-2.2771040106230878,0.27546034682158876,abnormal
2024-01-01 00:00:29.360,-0.8595506411007097,-1.4991849567206759,4.015412549841739,-0.16691585926659458,0.48746289637986645,0.11692120045837387,abnormal
2024-01-01 00:00:29.370,1.7131449269376098,-2.186352684684161,4.873575118374424,0.13770754746960692,0.5274638445004298,0.5710447083124421,abnormal
2024-01-01 00:00:29.380,-0.7142735313671019,2.0280781808821597,5.201090495804262,0.8770987289174241,-0.23264210067794938,-0.2638983012243929,abnormal
2024-01-01 00:00:29.390,0.11961536645689538,-1.049263904745702,5.108572018503632,0.7134733391508369,0.6111327610524732,0.5575586085865597,abnormal
2024-01-01 00:00:29.400,0.678204884425908,0.35624994172708324,5.438370144107935,-0.22575469057712158,0.1836425898949422,0.5978010716498152,abnormal
2024-01-01 00:00:29.410,-0.7112970285232512,0.2907872758128037,6.204774778412361,1.1826348907879258,-0.42843535259411425,1.2723146961104623,abnormal
2024-01-01 00:00:29.420,-0.7215685170882596,0.6844787273336886,7.423473678385578,-0.9336618154710861,1.3080709049047414,-0.013978838375466561,abnormal
2024-01-01 00:00:29.430,0.9280091783707156,0.5292905119735425,7.000150453846,-0.377297371610849,-0.8156408495244984,0.309256989559751,abnormal
2024-01-01 00:00:29.440,0.9267581697534972,0.0068911389850772825,6.2280718915082725,0.3470732960211903,-0.40103411084893015,0.6971013525683267,abnormal
2024-01-01 00:00:29.450,-1.530473796654833,-0.050303427191208054,6.641839474725913,-0.5625024483999902,-1.272055112019109,0.08615098935911644,abnormal
2024-01-01 00:00:29.460,-0.7156135273922734,2.7109947050004672,7.591124211085906,0.6265709269885188,-0.4212942876238356,0.8593623363445843,abnormal
2024-01-01 00:00:29.470,0.38789405192271126,0.47053119652036896,5.8379490406745,1.6039478277280015,1.085891626864304,0.9210189533708294,abnormal
2024-01-01 00:00:29.480,-0.8380967904825045,0.9403808346380839,6.008403256080294,0.9738396373599804,0.2874591723687936,0.37596290448992015,abnormal
2024-01-01 00:00:29.490,2.3635404317702062,1.3827688844891093,7.020448142746894,0.28708545328924445,1.7832247259689584,-0.3395947691756319,abnormal
2024-01-01 00:00:29.500,-0.615147926045455,1.6055402117826647,6.547176309103828,-0.7272678217552967,0.42337703328117765,-0.3783056032412001,abnormal
2024-01-01 00:00:29.510,0.6778823498221053,-0.04217114201839945,8.028557534518885,-0.10682385003953675,0.20743851056741672,0.2906071318700137,abnormal
2024-01-01 00:00:29.520,-1.0482324314527212,-2.1103327517642745,6.099842155556341,-0.1508460247836445,-0.6426349205340898,0.14148714119571945,abnormal
2024-01-01 00:00:29.530,-1.32524014768434,-0.5041311776316666,6.114741557678696,0.8560753605500161,0.43564508784384415,-0.348690842322316,abnormal
2024-01-01 00:00:29.540,-0.43555950562107754,1.9003979374117645,5.5781597574928306,-0.03171422469036536,-0.572813742128166,0.17631714118255726,abnormal
2024-01-01 00:00:29.550,-2.0173953332183654,1.0148867601954679,6.458162878344914,0.9597306367778323,0.6432330222549266,-0.15966705132729334,abnormal
2024-01-01 00:00:29.560,-1.5515638633537339,0.2489629932045072,6.159729458296852,0.6037521032313594,0.5464357417217311,0.6242382813710401,abnormal
2024-01-01 00:00:29.570,0.8685182092901907,0.13399888340715504,5.8886027887836105,-0.48688800106125973,-0.9268157275249121,-1.0883040087420648,abnormal
2024-01-01 00:00:29.580,-1.2658228488096916,1.339661658999511,5.971856801264676,0.015757457482096105,-0.6512263143275356,0.0006124230704895218,abnormal
2024-01-01 00:00:29.590,2.1182003395546163,0.9306402912099956,5.750829765263186,-1.2573161659087604,1.9076493532180028,0.6362651971712454,abnormal
2024-01-01 00:00:29.600,1.9872117817257404,-1.3851648572952546,5.996174553467838,-0.5188725587551718,-0.05586730888125678,-0.2941437556711691,abnormal
2024-01-01 00:00:29.610,2.311117849978694,-1.5276545523689662,4.844890374642558,0.5220830043371788,0.19931019242920994,-0.22749652860616057,abnormal
2024-01-01 00:00:29.620,0.2116185490155509,-0.10635120317373746,4.777384705523272,0.1591991428176587,-0.773191660936093,-0.5004689588889577,abnormal
2024-01-01 00:00:29.630,0.5119190894689563,-0.5592939428600668,4.543932556007798,-1.2023197100158776,-0.03280547374614535,-0.23441869897847775,abnormal
2024-01-01 00:00:29.640,-0.40538083312899575,-0.9463490388462931,4.376857030838071,1.0400113679377845,-0.9988285969168299,0.19194823480328074,abnormal
2024-01-01 00:00:29.650,0.5176887371192679,0.8595070007995942,3.8250026749144266,-0.9970128586148599,0.396880212091761,-0.19274843486298382,abnormal
2024-01-01 00:00:29.660,-0.0346768760257534,0.8799097360496371,3.123446928094083,-0.20070304575775907,0.14137018874327725,0.4510292602883977,abnormal
2024-01-01 00:00:29.670,-0.08354037688146829,0.09109846259186291,3.1311153588488123,-0.8169062122262003,-1.2817589489531003,0.14109658550747553,abnormal
2024-01-01 00:00:29.680,0.707733475496674,-0.031320914214206394,3.407235913456072,1.1464615825390276,0.8310452064028618,0.061286140413560466,abnormal
2024-01-01 00:00:29.690,0.7848693727092855,2.1073005818870905,2.3899159733240625,0.18905129089611236,0.10137258382186186,0.5709181131185836,abnormal
2024-01-01 00:00:29.700,0.3914974384980436,1.6198015238708108,2.188451328708274,1.1688980685920232,-0.3112247369279248,0.2528650466320168,abnormal
2024-01-01 00:00:29.710,2.100244713870301,0.6953250058715901,0.24061495187345938,-0.5138541907669676,-0.4247572843607671,0.047990886887368654,abnormal
2024-01-01 00:00:29.720,-1.2006103186356674,0.4608733671121288,1.2148241587231756,1.1586673173528665,-1.2642300364682344,-0.3327859133395605,abnormal
2024-01-01 00:00:29.730,1.9259572461200642,-2.0385180377185916,0.9196087868725544,-0.10968384825626126,-0.08775581078408272,-0.16701759924518228,abnormal
2024-01-01 00:00:29.740,1.9250010351646054,-1.7589634595806725,0.11827612892530617,-1.896513018976408,-0.5040761320277581,-0.6769554373327555,abnormal
2024-01-01 00:00:29.750,2.0709454037695085,-1.4914210927810467,0.3116463407463506,-0.079987632278996,-0.5125374513960154,-1.1978291537055028,abnormal
2024-01-01 00:00:29.760,1.097008963204655,0.6372132949299031,1.942590599311234,0.4507983821963712,0.3863077510486816,-0.055875207324159855,abnormal
2024-01-01 00:00:29.770,0.5372675534608525,0.12212904593016219,1.21987312980983,0.012257999035263577,-0.22428935760903485,0.2406062395700868,abnormal
2024-01-01 00:00:29.780,1.7349327698481594,-0.8065986841399608,2.4838127827402174,-1.03405578763896,-0.6977909183336091,-0.022699903788169305,abnormal
2024-01-01 00:00:29.790,1.1682513297844697,0.7194147818014546,2.49368279470087,-0.08684335602271158,-1.0675773798513972,0.6878102077883188,abnormal
2024-01-01 00:00:29.800,-0.6167002089792625,0.07792490946728933,2.4049941145991713,0.7888241677022265,1.0491484824852386,-0.31296061434166517,abnormal
2024-01-01 00:00:29.810,-1.760307901641167,0.013663372145586454,4.123105702132033,0.12130138897682809,-0.9495875924646914,-0.18956040245952827,abnormal
2024-01-01 00:00:29.820,0.2993716775889709,-1.776477915142915,4.842073451273671,0.49935339289724945,0.05250770030594241,0.4228476740506048,abnormal
2024-01-01 00:00:29.830,-0.29437914919415975,1.6748654017126328,4.259433657731211,0.8559869669041741,-0.8077955173429784,-0.33631778453005884,abnormal
2024-01-01 00:00:29.840,-0.600212142275878,0.17339384385639015,4.356230211708121,-0.5804127765438761,0.08408175346598382,0.34552768103365705,abnormal
2024-01-01 00:00:29.850,0.1815070299084437,-0.9500559330027232,3.577594165961397,1.6164596971954497,0.37390277961878676,-0.5944778159251445,abnormal
2024-01-01 00:00:29.860,0.7819352986705512,0.4880716521141014,5.232249585798258,1.0328428586025982,0.9107883755392993,-0.001701712497806973,abnormal
2024-01-01 00:00:29.870,0.6328545995380207,-0.031421773755588404,4.994685989865205,-0.960097357237439,0.7729179666404475,-0.01874525587659321,abnormal
2024-01-01 00:00:29.880,1.6946623636955556,0.050414797270590506,5.167700332119783,0.12421336251444136,-0.37428478390071057,0.9327101618847701,abnormal
2024-01-01 00:00:29.890,0.764409930295095,0.7862016710542473,5.937344998024708,0.21741014917714202,0.10331329060412964,-0.21829353112882977,abnormal
2024-01-01 00:00:29.900,-0.5017629403107059,-0.6085468915975868,6.485669058765135,0.2888138479279071,-0.6016408595297085,-0.1328243855216399,abnormal
2024-01-01 00:00:29.910,1.983912420574297,1.1356023220360199,5.730470943340247,0.394315470778578,-0.2996930275868936,0.8704658943217337,abnormal
2024-01-01 00:00:29.920,-0.9540621042106966,0.97397332264978,6.9702232129677,-0.5346468859049796,-0.8766204643864278,-0.24602226645176795,abnormal
2024-01-01 00:00:29.930,0.2423619640531892,-0.16727148889487847,7.372793380666332,-0.12456487203254452,-0.46632265822541225,0.6468263513478384,abnormal
2024-01-01 00:00:29.940,0.12896063159244775,0.9567558536463043,6.208283094739739,-0.37748900215250725,-0.5393528561770895,-0.02072192982523115,abnormal
2024-01-01 00:00:29.950,-0.8552630049817616,0.72865326968472,6.770927674813103,0.33522692691446193,-0.4870476011346651,-0.3769462212746717,abnormal
2024-01-01 00:00:29.960,1.2654481228285441,0.5388765707096564,6.9982324817001755,-0.2647682078276094,1.3325204070111922,0.07009625872480332,abnormal
2024-01-01 00:00:29.970,0.73332836756442,0.4060822702698783,6.527345199131775,-1.2023010633714342,-0.1351708828298823,1.0763979845277394,abnormal
2024-01-01 00:00:29.980,1.916037796846632,1.8117744827013775,6.90748914666682,-0.5312018828384439,0.08753345205110986,-0.5781171990466712,abnormal
2024-01-01 00:00:29.990,-0.6380664762440559,-0.005497027466040188,7.000141013514568,1.1386132942505789,0.24290754982502463,-0.455696949236927,abnormal
2024-01-01 00:00:30.000,3.476991386950606,-2.731049977235067,7.077382020208557,-0.1584762624959413,0.4574478100293001,-0.1146850108656255,abnormal
2024-01-01 00:00:30.010,-0.3299634334998384,-0.03896982806206515,6.326975462333733,-1.0705883667683367,1.0554788171902472,0.16726305921681114,abnormal
2024-01-01 00:00:30.020,3.870313310191653,-0.580887715104463,6.030448896464076,-0.47290949826480444,-1.8313633340846234,0.9028846061305129,abnormal
2024-01-01 00:00:30.030,-0.36082691819229973,1.6684447844105115,7.570506495951736,-0.5825949385380441,-0.7735434155244865,-0.1071807215403253,abnormal
2024-01-01 00:00:30.040,-1.4959382857919732,0.032472781662016156,6.105292673234661,0.06614304215962857,-0.11727053752034254,-0.12064042028939805,abnormal
2024-01-01 00:00:30.050,1.798152451560315,-1.1025675185604953,5.678722045151419,-0.2456844677725151,-1.1721243923155642,0.48310032736441905,abnormal
2024-01-01 00:00:30.060,-0.10399653409156157,-1.2095673504912745,5.460049176010881,-2.2198220403145688,1.1344143860929956,0.1197644382875278,abnormal
2024-01-01 00:00:30.070,-0.658682497280901,-0.6439404908411296,5.293319169367674,-0.37160934744675045,-0.5363468800758182,-0.26483875767062043,abnormal
2024-01-01 00:00:30.080,-0.13449868474679422,-0.13342804358130297,6.462915605113341,-0.1714159535007694,-0.8060837576177305,-0.7396932327616841,abnormal
2024-01-01 00:00:30.090,0.15536845231826615,0.867580197527682,5.559150895615289,0.30656573849991786,-0.5440180082761745,-0.4308186758023326,abnormal
2024-01-01 00:00:30.100,1.3027305202052655,2.3161013208456516,4.140985875588329,-0.6378297366342213,1.550462340634914,0.5529818453896025,abnormal
2024-01-01 00:00:30.110,-0.32553493843044723,2.034666658930817,5.056855001849433,-0.24014932818649645,2.1338956579920265,-0.16381709550576795,abnormal
2024-01-01 00:00:30.120,0.971861464069775,1.2880209229142394,4.215137128835668,-0.6056199478127855,0.47283702532869387,0.3008394990962882,abnormal
2024-01-01 00:00:30.130,-0.2819719567886075,-1.9026114327228747,3.453274740665797,-0.6757150705172339,-0.47710803357277826,-0.8392245981547259,abnormal
2024-01-01 00:00:30.140,-1.7514071491662504,-1.66429126043585,3.588238333395819,-0.9867744151157544,0.42977413561673133,0.5465427061748797,abnormal
2024-01-01 00:00:30.150,-1.3694996276078115,-1.1468243434554732,3.075519248625528,0.604136224228987,-0.7229037458648034,-0.3760751098951389,abnormal
2024-01-01 00:00:30.160,0.1956263169009779,0.07185258214125022,2.1330356209657704,-0.1503737402578713,1.7742913172579269,-0.017799252132850985,abnormal
2024-01-01 00:00:30.170,-0.311168856519694,-2.723360822047588,1.5077515438271751,1.07328542981548,0.5022100197494415,0.0787039540126688,abnormal
2024-01-01 00:00:30.180,1.0463466873699112,1.3813502635780457,0.6153327835398225,-0.3217065793796639,-1.0612301231858783,0.36048101994054116,abnormal
2024-01-01 00:00:30.190,0.4510557105404005,0.8233695361340483,0.8839432650835413,-0.09186648955257254,-0.7700701616158149,1.0140289702775782,abnormal
2024-01-01 00:00:30.200,-1.3026371245593278,-0.35496811447437954,-0.2921891578197252,-0.23013461161738616,0.8570690889890626,0.6450788152170372,abnormal
2024-01-01 00:00:30.210,0.8135717163488934,-1.2646529265720328,0.06476835012671717,0.982174725120519,-0.47994402016699705,0.8535727254873529,abnormal
2024-01-01 00:00:30.220,0.1276927812592462,0.4086893176470071,0.6253931276300783,-0.252377402322234,0.43868949438142996,-0.5872126032036892,abnormal
2024-01-01 00:00:30.230,1.64423076134175,-0.2060245702976032,1.2626082309019873,1.398279886847608,0.39371887013735607,-0.8144274107032933,abnormal
2024-01-01 00:00:30.240,-0.955950017827444,0.006564686211419113,0.1816846047919265,0.1788085101160475,-1.5160896384142066,-0.40507328972554624,abnormal
2024-01-01 00:00:30.250,0.6084642250397642,-0.36187510657515276,2.6107799340446762,-0.5263941411875491,0.2863583532361621,0.14750206073653993,abnormal
2024-01-01 00:00:30.260,1.880796196679993,1.7073126228598585,2.3219722130535696,0.7181743163573363,1.109270986406813,0.44214450188252286,abnormal
2024-01-01 00:00:30.270,-0.4190287293728605,0.48294840382945936,3.6478612767816854,0.3737074536914374,-0.8242486495648984,-0.479269559483338,abnormal
2024-01-01 00:00:30.280,0.4299483406268863,-1.690405930681597,3.7175438635522142,-1.0457889920243755,0.6906077382233012,-0.2176890439408,abnormal
2024-01-01 00:00:30.290,-0.775065978683724,0.4437557445779768,4.584537702510068,0.5497644124210479,-1.365303867240737,-0.4251312018207288,abnormal
2024-01-01 00:00:30.300,-1.2596174593178857,1.6017605930084715,3.9029648244507698,0.8652065026320931,-0.13992707100507953,-0.3095433440246213,abnormal
2024-01-01 00:00:30.310,2.811993168873322,-2.524906046954174,3.7136513829270554,1.2253354734451356,-0.5354378177602119,-0.8667435162891999,abnormal
2024-01-01 00:00:30.320,0.9323327647942437,-0.6147008505046752,5.281094433420554,0.8336792456391359,0.3882952512803412,-0.708787735246437,abnormal
2024-01-01 00:00:30.330,0.6659951602712801,-1.9106032848792696,5.763458602525144,0.7417590653901152,1.2404652749258562,-0.1522180684707506,abnormal
2024-01-01 00:00:30.340,-0.8103618049981985,1.6531084175338244,5.609486172834534,-0.5239838500563594,-1.848646680130164,0.007928737397561607,abnormal
2024-01-01 00:00:30.350,0.11517644798753589,-0.3224149248280609,5.903055657883326,0.9204483044184892,-0.10329989086113078,-0.0019738603880830497,abnormal
2024-01-01 00:00:30.360,0.19176002585560095,-1.4237778768010443,5.808918929519288,0.3992025870103801,-1.4194139874270895,0.15648382270115022,abnormal
2024-01-01 00:00:30.370,0.6265701864874098,-0.7644749011943082,6.504211218272239,2.0182706780581503,-0.21029654622482802,-0.31723705670696667,abnormal
2024-01-01 00:00:30.380,-0.0148016497311441,-0.7894781711176765,6.581438664592839,-1.6000540297631771,0.12510453914806136,0.015281791055392782,abnormal
2024-01-01 00:00:30.390,-0.7244613306080625,2.2885316947076717,6.617190041073623,1.0468710590760382,0.4767295304187637,0.10362563262363307,abnormal
2024-01-01 00:00:30.400,0.2866591924492025,1.7001394538345984,6.098579498467216,0.7837668899326551,0.4516284882044318,-0.010081140644644576,abnormal
2024-01-01 00:00:30.410,1.3844390720284854,-2.308244780519258,6.93369771003317,0.0777422212535042,0.08368437634276572,-0.17972239218713795,abnormal
2024-01-01 00:00:30.420,-0.7827328130305586,-0.10934252139108559,7.110762473604769,-0.27775350763131945,-0.6734008672360824,-0.010709651053550463,abnormal
2024-01-01 00:00:30.430,-1.0758922742127315,-0.5359079985599268,6.896415870897219,-0.1567567043979658,-0.04633544256771929,0.5582897966327274,abnormal
2024-01-01 00:00:30.440,-0.8077613447956451,-0.3443226045801508,6.922539176617271,-1.427970187941224,-0.12524721776505846,0.9584190657163569,abnormal
2024-01-01 00:00:30.450,-0.4483345945772214,3.0343148517761453,6.724774239108187,1.5806899297180799,1.1002394310849437,0.08859840080656513,abnormal
2024-01-01 00:00:30.460,1.0799782970382614,-0.8176010656525583,6.380067537162428,2.2724157848897106,1.225172958762997,0.12381914900177095,abnormal
2024-01-01 00:00:30.470,0.225641179753123,0.7659960488602008,6.999877039962518,0.35732765076184875,-0.8184307962587539,0.09881420975486056,abnormal
2024-01-01 00:00:30.480,-1.2964009025255265,0.015140787120487626,7.043209512607318,-0.5229666988110192,0.14575926754007662,-0.763493895920976,abnormal
2024-01-01 00:00:30.490,-0.7561733308165278,1.17236317055439,6.439357233296957,-0.6303458693019515,-0.12651835812475376,-0.41725705818034364,abnormal
2024-01-01 00:00:30.500,0.9170539731381333,0.5797936883856186,5.258009449848269,-0.5662433084479285,-0.5621172587208346,0.08921952974979688,abnormal
2024-01-01 00:00:30.510,-0.02025426476638843,1.7506663568565315,5.924961636010004,-0.12272601260109599,0.6331241472070578,0.025284447924357425,abnormal
2024-01-01 00:00:30.520,0.6042630342633732,0.5973418465993476,5.457816001110778,0.9556455565668999,1.3247334304490632,0.05728274007200021,abnormal
2024-01-01 00:00:30.530,-0.07564593405117478,-0.9431367906356347,5.537781792649414,0.26563548860555414,1.1294496824288243,-0.42430692358215405,abnormal
2024-01-01 00:00:30.540,-2.1557016389683366,-0.5402433821449195,5.548804051545627,-0.18020432718728066,-0.3207799025280142,0.15838599747347418,abnormal
2024-01-01 00:00:30.550,-1.419656946569348,1.1408068641622031,5.597375375487679,1.8636473712213957,0.4966879585230695,-1.0497976896728252,abnormal
2024-01-01 00:00:30.560,1.1056367729305827,1.9883451767611633,4.58814808246927,-0.8514106404723133,1.1717820520974276,-0.5936800965369062,abnormal
2024-01-01 00:00:30.570,-1.8137482947359307,0.6093389270689095,5.032420172168177,0.6041229013069066,-0.18170515553582633,-0.18043273679844335,abnormal
2024-01-01 00:00:30.580,0.8740808891396677,0.29948223606251906,3.939751830235801,-0.5110777959510839,-0.8055109723426874,-0.7972584754027078,abnormal
2024-01-01 00:00:30.590,2.4848050611500923,0.5099277303639874,3.957598070338633,0.0540070398311326,0.8489354731702617,0.1452453276399649,abnormal
2024-01-01 00:00:30.600,-1.6570733356757479,-1.0349017519335022,3.376028153508841,-0.03763755229807247,0.8749390875369413,-0.6913178985381042,abnormal
2024-01-01 00:00:30.610,-0.5765519779195535,3.0851120680495145,2.825091748409832,1.5146246641918997,-0.32194719947936723,0.8001216072814541,abnormal
2024-01-01 00:00:30.620,-0.30465160057167423,1.4137083746193448,2.3075331862176904,0.5963241380853033,0.10154284715467474,0.3062785205622365,abnormal
2024-01-01 00:00:30.630,-1.069245425486139,0.06079362848848106,2.1279098519300743,-0.6501425811523578,-0.9985642098137631,-0.010143470439838563,abnormal
2024-01-01 00:00:30.640,-0.21411030611703089,-1.3372458995819931,1.1312576069724483,-0.7982869019567244,-0.040827007404073835,-0.9094547767631429,abnormal
2024-01-01 00:00:30.650,-0.1899555388032351,0.03923009474905527,1.1098978363326761,0.9884715922263603,0.9225435473656626,1.4104123125409982,abnormal
2024-01-01 00:00:30.660,-0.8447181876054959,-0.6650578617534123,-0.2310807849506027,-0.15347044943893415,-1.24528723704887,0.14702085980121504,abnormal
2024-01-01 00:00:30.670,0.6563289658895087,0.22296975765166782,0.343570491108739,0.456699241218158,-0.8188225925624325,0.4159558845110137,abnormal
2024-01-01 00:00:30.680,-0.7468495030808294,-0.4172844456652468,0.0828527837035711,1.3507527477733996,0.9359295199392772,-0.07023983269150573,abnormal
2024-01-01 00:00:30.690,-0.8137399274052426,0.3363803076948497,-0.2935666758867004,1.0068711398674026,-0.32687660027579185,0.39903436396895553,abnormal
2024-01-01 00:00:30.700,-0.2054490721983484,1.1431321694241612,1.0676751448808464,-0.8696794799042505,-0.36746803553063273,0.653390315092161,abnormal
2024-01-01 00:00:30.710,-1.0570691736613607,-0.013616364487766168,2.0135523138138436,-0.5921430284151917,-1.5922334869243295,0.5469777857988556,abnormal
2024-01-01 00:00:30.720,1.560151404347926,0.15997395144227874,2.5674830969122886,-0.0516161377597119,0.42004960600766433,-0.2118102668246951,abnormal
2024-01-01 00:00:30.730,2.647094542969462,-1.5220569205676642,2.3044899285092733,0.28768208843842064,0.8342272651627508,-0.1542733306917747,abnormal
2024-01-01 00:00:30.740,0.29412695679870254,-1.080291399262276,3.8247970802948226,-1.664265238656293,-1.0116097685323076,-0.2700177354514898,abnormal
2024-01-01 00:00:30.750,0.011228107609636596,2.5253408705700413,2.8529707961751716,-0.3384686704795029,0.14228420618438717,-0.12172830622770858,abnormal
2024-01-01 00:00:30.760,-0.02682284648018327,0.17550001871781742,3.4426980228763657,-0.21123387767151808,-0.23194780108835394,0.4534804496257421,abnormal
2024-01-01 00:00:30.770,0.15441382915723342,-0.14436015575913977,4.474289527900824,0.2183568959336865,1.7261725051355412,0.4210973751056079,abnormal
2024-01-01 00:00:30.780,0.02946820122650319,1.0236299951796337,3.8144201122157186,0.6881997600930747,-1.2559220576062133,-1.1385578139852686,abnormal
2024-01-01 00:00:30.790,-0.22636578453504783,1.074527285044857,5.160440174076833,2.3539050403946407,0.6465002092123626,-0.9085125199054601,abnormal
2024-01-01 00:00:30.800,-0.44681339483137633,1.4544249488809693,5.046576205519019,-0.6962325979112166,-0.064045681958493,0.015358463983660182,abnormal
2024-01-01 00:00:30.810,-1.2264428444349542,1.2652224098700735,4.851072216606292,0.6034773813301545,-0.7979335315251791,0.1779228610406707,abnormal
2024-01-01 00:00:30.820,-0.5719949620297192,2.141730480715848,6.086066389339033,0.9092111766750706,0.4447964786508892,0.23478556372822906,abnormal
2024-01-01 00:00:30.830,0.025341854236796815,0.8349889486744045,5.248645481678786,-0.03726294269617085,-0.041755251455299854,1.216213848558594,abnormal
2024-01-01 00:00:30.840,-1.653861723716135,-1.6459007185218506,6.657073512950548,-0.5975975519518578,-0.47235105848802605,0.14643980888676025,abnormal
2024-01-01 00:00:30.850,0.288535553247453,-2.114156760490562,5.644310610717043,0.971737510796449,-0.9573439227284393,-0.8835689638309454,abnormal
2024-01-01 00:00:30.860,0.16604640988128513,0.08996513391108076,6.300286820065673,-0.4420046906202172,-0.23945539184630146,0.33355130566633184,abnormal
2024-01-01 00:00:30.870,-1.5266280838858497,0.3064012295050392,7.071950006242401,-0.2593932837382699,0.38606252874426505,0.24378662435895204,abnormal
2024-01-01 00:00:30.880,0.716949390056234,-0.422915117223489,7.02000391474147,-0.19278412191724212,0.4640590205553236,-0.395877016188265,abnormal
2024-01-01 00:00:30.890,0.6975931530614458,0.3267799069008531,6.464204222607328,-0.39057508437334393,-0.1104806092979361,0.4167039618921704,abnormal
2024-01-01 00:00:30.900,2.4413622751229376,0.2664282489046752,6.679773303428831,-0.12561882828062393,1.1713022844013525,-0.4010681559450446,abnormal
2024-01-01 00:00:30.910,-0.07866894043096785,0.38687760716176295,7.012125805690065,0.613018117829162,0.49743654908034823,0.09652182555274781,abnormal
2024-01-01 00:00:30.920,0.7091474156017842,1.3568789825606609,6.344199815949598,-1.110797774561201,-0.9334554235543868,-1.052941164581378,abnormal
2024-01-01 00:00:30.930,1.7796393116559184,-0.13498105273147357,6.9321209309759855,0.9275377919061668,1.8673757784464708,0.6007021037883238,abnormal
2024-01-01 00:00:30.940,0.2855836296032886,0.9028126548636943,6.812313992617362,1.0916456798948013,0.24669288139214393,0.3646727148393033,abnormal
2024-01-01 00:00:30.950,-0.566567249960745,1.2950143714290616,7.083366794416304,1.2646784882670794,-0.801382032694455,-0.5922342337706834,abnormal
2024-01-01 00:00:30.960,-0.44010175402598,-0.10127782312964785,7.043451707958248,0.7003617786873375,-0.9485173278207706,-0.5356089908164248,abnormal
2024-01-01 00:00:30.970,-1.5453651192670443,0.6540222482600483,7.0831733800760865,-0.3935303611565788,0.868352491746644,-0.07218967303093407,abnormal
2024-01-01 00:00:30.980,2.8573218015297353,0.1369470892426565,5.983865876097361,0.15790083822924125,-1.8616385462150655,-0.5803856543234023,abnormal
2024-01-01 00:00:30.990,0.33725043982272673,-0.2268475822127708,6.513258316222924,-0.3621781304595895,-0.21544679355271298,-0.21316818372830978,abnormal
2024-01-01 00:00:31.000,-0.5510329172857704,-0.39068259805080957,5.019627956168842,-1.4962581887834976,0.5651743256093268,0.9768718680581365,abnormal
2024-01-01 00:00:31.010,-0.0554157129031552,-0.7581045470360184,4.947137089669389,-0.3145623077141828,0.3003910747854863,0.07598347347425176,abnormal
2024-01-01 00:00:31.020,0.2832142920958103,1.038510047026981,5.713349841475607,-1.0383589985692243,1.4974514150337668,-0.35916646700771837,abnormal
2024-01-01 00:00:31.030,1.0273684158261593,-1.2896653926948354,6.052159040549784,-1.8028263680247723,-0.13099428499570176,0.3722817273745053,abnormal
2024-01-01 00:00:31.040,-0.6226367145417229,-0.5687018145536602,5.123220461559348,-0.7547414507131599,1.083577731612727,-0.20258920689904833,abnormal
2024-01-01 00:00:31.050,-0.0980049706202129,-1.233251935302699,4.841054846814367,-0.6272246200733942,0.12393494003217756,-0.6482402841210443,abnormal
2024-01-01 00:00:31.060,-0.5818700451428933,-0.046089870024848566,4.055381596162774,-1.2883531313844696,-0.5189234911187129,0.3636828992559103,abnormal
2024-01-01 00:00:31.070,1.057371635969882,4.619128360570702,2.5196231278802674,0.7937735159975849,-0.8831367502679458,-0.5119146888606648,abnormal
2024-01-01 00:00:31.080,0.5708488751127047,0.7991173125006513,2.6725999428487652,-0.5629980084347095,0.16691726269519655,0.15948364986188146,abnormal
2024-01-01 00:00:31.090,-0.7045527133788069,1.1614776950275745,3.0635662808127857,-0.12075187231731434,0.767983043396743,-0.5422707345131712,abnormal
2024-01-01 00:00:31.100,-0.15040408483322917,-0.19938286079488202,1.1207843822628432,-1.0105244370522082,-0.7707859874511954,-1.0069113898700508,abnormal
2024-01-01 00:00:31.110,0.8124450952499395,1.1119501599386565,2.554371287274351,0.9318865279914194,-0.603244030956603,0.17405671166938835,abnormal
2024-01-01 00:00:31.120,1.767072282615868,0.2811538582652536,2.1637337101096534,-1.5379764559992049,-0.97877306599402,0.2626939926803368,abnormal
2024-01-01 00:00:31.130,-1.0110246243112182,-0.669158546592322,0.08887124841837601,-1.5309021767199218,-0.9529184125989274,0.8067114566624123,abnormal
2024-01-01 00:00:31.140,1.8193876261295432,1.1908140376933616,0.8376332717558851,0.2709753388828568,0.3786465385765925,0.15560860428097453,abnormal
2024-01-01 00:00:31.150,-0.17527931346742764,-1.5196346583191949,-0.2910539236001994,-0.08869579327399003,0.0994222938508747,0.07783421724702204,abnormal
2024-01-01 00:00:31.160,0.28558437711102114,0.39148661625646203,0.7163916297261232,-0.702732617945356,-0.181571180854549,0.33076024705580054,abnormal
2024-01-01 00:00:31.170,-1.5621359890892894,2.026069762814756,0.7585041335561518,-1.4234576298828587,0.5587145009610032,-0.5079452875676836,abnormal
2024-01-01 00:00:31.180,0.45666181687447005,-0.589347647112551,1.5278993536575238,1.5204279834477843,1.0079988532636095,-0.08980270774667823,abnormal
2024-01-01 00:00:31.190,-2.0315386128250847,-1.3738184855541655,2.2711259564471016,-0.24329417222685193,-1.1847304395691085,0.5348341428395811,abnormal
2024-01-01 00:00:31.200,0.8064981009630517,-0.7220337417910043,2.510101610307033,0.036703647779087085,0.28288001449224714,-0.1316333506516218,abnormal
2024-01-01 00:00:31.210,0.9849145755177742,1.74677291009503,2.3875991502864355,-0.11652000602932756,-0.08608078006898308,0.15142751451284261,abnormal
2024-01-01 00:00:31.220,-0.9620366526692348,-2.155354135329534,3.28370896558442,-1.4478831240053007,-0.8238243922893279,-0.2634686857257464,abnormal
2024-01-01 00:00:31.230,-0.21772681071763636,-2.042378937796853,3.6130251420811237,0.27946665947171834,0.5360733654044062,0.10040411968599326,abnormal
2024-01-01 00:00:31.240,-0.23287539995900158,1.5395386664917325,3.835075182088616,-0.0942516291195945,0.6391283679922013,-0.3488027218652029,abnormal
2024-01-01 00:00:31.250,-0.35073581978786394,1.0217406335879216,4.811005886371693,-1.0632591780289153,-0.5264352360185239,0.2724257154003156,abnormal
2024-01-01 00:00:31.260,1.4040885969011008,1.4024547108205605,5.350559328034619,0.9363921204397732,1.3004470949851996,0.8870126241458399,abnormal
2024-01-01 00:00:31.270,-1.0500215606309025,1.5658420975882168,5.947097621401219,0.16017420365243273,0.11377823155599362,0.08200625789619362,abnormal
2024-01-01 00:00:31.280,-0.8342842619010566,-0.40298667458244847,4.883945249663232,0.22595488539109362,0.43417449046934253,-1.0183047693058267,abnormal
2024-01-01 00:00:31.290,-0.5877815562676996,-0.23209593086601002,6.1456839698579,-0.9392840109836227,0.20676870690383145,-0.8252772857546791,abnormal
2024-01-01 00:00:31.300,-0.12311783494218782,-1.6070740035989382,6.3001479372199345,-0.47325360851012627,0.47950347486460265,0.11019930897988324,abnormal
2024-01-01 00:00:31.310,-0.5311685170997043,-1.3533177694275824,5.582709106835319,0.6306926602231653,0.614056719814988,-0.36817986912145084,abnormal
2024-01-01 00:00:31.320,1.8350957026996808,-0.4857728342207002,6.239979575337514,-0.05519147337834817,0.6140723890311955,0.07439076718750962,abnormal
2024-01-01 00:00:31.330,-1.328293077640242,1.0978896397632865,5.331825027476523,1.3283970997339998,0.239276383953684,-0.12638190563184606,abnormal
2024-01-01 00:00:31.340,-0.03501381723069967,-0.46776083952168007,6.827531656039989,1.0954083213638481,-1.2046020918218288,-0.5584782101367927,abnormal
2024-01-01 00:00:31.350,0.45615178765137915,0.39161589101059335,6.814162350482908,0.4484821360071609,-0.06669459184037109,-0.14206009111143178,abnormal
2024-01-01 00:00:31.360,0.3637334301947199,-1.0648261515357946,6.520807221187157,0.49978984507221264,-0.46545790712335317,-0.495616947812673,abnormal
2024-01-01 00:00:31.370,0.4587442874608455,0.4960594709181435,6.073188880302632,1.155556191630542,1.5127066010091696,-0.4101749354558887,abnormal
2024-01-01 00:00:31.380,-0.38966585773819096,-0.45892181798591236,8.126386182464671,-1.8400960189804085,0.08988406897395099,-0.25431157119325637,abnormal
2024-01-01 00:00:31.390,-2.6754740638325742,-1.1496390241388394,6.4301296599640585,-0.8364617269811297,-0.9533993016329882,0.6181784762348377,abnormal
2024-01-01 00:00:31.400,0.9619568905181708,1.2840589096947934,7.143316177710201,-0.8818960027919581,-0.39113646720781353,-0.02319007424616891,abnormal
2024-01-01 00:00:31.410,-0.5952271654557235,-0.4729149668705979,7.372285801164101,-0.1268300480685505,2.0667636232617888,0.3646216219424991,abnormal
2024-01-01 00:00:31.420,-1.122917957898912,0.9575832552951019,6.065516336809212,0.3252864203640986,0.375704362099472,-0.8531238846145731,abnormal
2024-01-01 00:00:31.430,0.16115105745566433,-0.8557119307389547,7.237297635813645,-2.0120644141972566,-0.03701249559441986,0.5334117108308648,abnormal
2024-01-01 00:00:31.440,-1.9291557360827964,-1.0960186222248338,6.757136753277736,-1.746401074471206,0.2834508008610423,-0.7276030467329567,abnormal
2024-01-01 00:00:31.450,-1.6959625331311714,-2.037016228368431,5.767998066839882,-0.26000539730932,0.1613299746085869,-0.6067143768339341,abnormal
2024-01-01 00:00:31.460,1.7785947889457205,0.34441023407062027,6.19657738717778,1.0322807844597714,-1.1379501155880019,-0.2845629542440994,abnormal
2024-01-01 00:00:31.470,-0.7372598098273963,1.2286761381974236,5.519678676559207,-0.20417834715633476,-0.30055313457571625,-0.4495473222405254,abnormal
2024-01-01 00:00:31.480,-0.676745894562997,-2.3774023304789136,5.717429361480761,0.40041580853108316,-0.6887661011092493,0.9076160922814307,abnormal
2024-01-01 00:00:31.490,2.0918790309852744,0.7502636441986886,5.3433761287033885,-0.4270635816773799,-0.3287597018586212,-0.12540573862212445,abnormal
2024-01-01 00:00:31.500,0.8641134222572624,0.22946475137472097,4.827847807865657,0.6834769788823016,-0.6800007881353575,-0.7766065611935641,abnormal
2024-01-01 00:00:31.510,1.8115788635195376,-1.6084016397917626,5.2399297467318595,-0.23993442730848816,0.3420368986661324,-0.9693071208650353,abnormal
2024-01-01 00:00:31.520,-0.040074262737875725,0.08573235804648385,4.061067667679638,-0.2529444325752601,1.5869766902235003,-0.025226434677014617,abnormal
2024-01-01 00:00:31.530,-1.9669008028896786,-0.3766390653604786,3.965624642353913,-0.9584582031562668,1.6990781524078429,0.6760559548629126,abnormal
2024-01-01 00:00:31.540,0.2889086868226104,1.3303301073086793,3.0950247027876925,-0.6360741263133222,-1.1485779469950912,-0.6468461036015157,abnormal
2024-01-01 00:00:31.550,-0.5768006704310555,-2.982193240062775,3.7376166261683075,-1.0856888805590672,0.05783074907188986,-0.7338321127904002,abnormal
2024-01-01 00:00:31.560,0.6449439389416236,1.5150725185845675,2.8143731047998988,-0.7228689351446604,0.2647894466367058,-0.965150094096779,abnormal
2024-01-01 00:00:31.570,-1.2415351580718725,1.028475269833456,2.6191008056404086,-0.5654824782547143,0.31604566241688686,-0.37487247870014684,abnormal
2024-01-01 00:00:31.580,0.022172046312409755,-0.676940992681921,1.7826742302266279,-0.45873088656771926,0.3945207106543067,-0.6391277938926516,abnormal
2024-01-01 00:00:31.590,-0.30001632318745736,1.321952003436644,1.3901326501028017,-0.6870823656188384,-1.3051746481023374,-0.1837586771142199,abnormal
2024-01-01 00:00:31.600,-0.42608979397731916,-1.2143293196067637,0.9122697231484926,0.5181916358187486,0.5775935142404218,-0.28537070166773454,abnormal
2024-01-01 00:00:31.610,-0.5814683536486018,0.08341213624301497,0.5754394117260274,1.0028780558765864,-0.7064773781234532,-0.25497476042225936,abnormal
2024-01-01 00:00:31.620,-0.7329826761463432,1.511549210136697,0.15485805429505892,0.5540282734892146,0.16976898064391568,0.7120391799025165,abnormal
2024-01-01 00:00:31.630,-1.4329766584223225,0.32621695139198753,0.550278033620764,-0.08607674937347516,-0.2171269238543819,-0.2950452272900308,abnormal
2024-01-01 00:00:31.640,-1.5965897712333061,0.8646258579878252,1.9984189639780343,0.4359048541656751,-0.7301323117338815,-0.030873264276901746,abnormal
2024-01-01 00:00:31.650,-1.061019149591209,-1.157687902603587,1.4581306220396688,-1.2026104276176357,1.6601564061804384,-0.4235227306543375,abnormal
2024-01-01 00:00:31.660,1.618871335058601,-3.3291596858974355,1.650913075599039,0.7126823878622901,0.06276778223537297,-0.23347131020234457,abnormal
2024-01-01 00:00:31.670,-0.1673607174886432,0.15045787000952646,2.4879758810015904,-0.050055719212378835,0.4307961030822146,-1.071524736655679,abnormal
2024-01-01 00:00:31.680,-1.6569652312495498,-0.37186321493229013,1.959367696198146,-0.6361367901335544,1.0016426268602285,0.1315435562197567,abnormal
2024-01-01 00:00:31.690,-0.5211655222779821,-0.9298479433217881,2.8206773656085034,1.1404243239020788,0.45486203104568695,-0.06937944735657849,abnormal
2024-01-01 00:00:31.700,-0.7498556918288178,-1.0013249458339895,3.3587624764966018,-0.749970360842059,-1.1022953482466722,0.1264973898105408,abnormal
2024-01-01 00:00:31.710,-0.6426338668826448,0.0802781166327124,3.4323315832584638,1.1511046904040025,-0.747365150874585,-0.44939613749802215,abnormal
2024-01-01 00:00:31.720,-0.18322348411672063,1.415063251521521,3.5633200371683573,1.0901871811578003,0.4513836759391777,1.0733196478527045,abnormal
2024-01-01 00:00:31.730,0.06840592513665744,0.06337813744744102,3.844948390124569,-0.35615422419774856,1.1544397779775222,-0.8749082645218748,abnormal
2024-01-01 00:00:31.740,-0.7531034306260882,-1.8692448107880264,5.203683936847462,-1.0269020176796348,0.48366302228440433,-0.5954751548943363,abnormal
2024-01-01 00:00:31.750,-1.0465339110799858,0.22528999303506855,5.292259729013626,1.1336900992375625,-0.34674146935961314,-1.0600008354150858,abnormal
2024-01-01 00:00:31.760,0.16775869142227962,0.1881078790633415,5.880663372282809,0.1621878199678717,-0.14506390610848865,0.22567502858991423,abnormal
2024-01-01 00:00:31.770,-0.4693814479201817,-0.5030293474942173,5.403095924690792,2.4316968079992214,-0.5969572915130212,0.6320803139900603,abnormal
2024-01-01 00:00:31.780,-0.15464009957180472,-3.0580885389237995,5.615892790166813,0.3274059637382496,0.05527797063616009,-0.15977608684196146,abnormal
2024-01-01 00:00:31.790,-1.0397222761341833,1.6976497005930582,6.497936099260013,0.9362800235791677,0.2362991346159796,0.9367204396286204,abnormal
2024-01-01 00:00:31.800,0.3152403763554337,1.0110342248364035,6.891090702045233,0.7078196534893979,0.692013704652813,-0.32476366358432485,abnormal
2024-01-01 00:00:31.810,0.7883123496331906,1.2637521252140176,6.672018291167237,0.7858248623871511,-0.22629661645720547,0.40724929939934407,abnormal
2024-01-01 00:00:31.820,-0.38865626840424244,0.43147481636329316,5.997962967400745,-0.41381258350438244,0.5961705242485392,-0.3941091738791316,abnormal
2024-01-01 00:00:31.830,-3.0091826891405042,-1.16287338988493,7.688012385691275,0.012435760841465552,-0.31129065584852184,0.4567908751331412,abnormal
2024-01-01 00:00:31.840,1.8617477584074291,0.5411921795147489,8.49988206124327,0.3115599614358897,0.05565856636513082,0.5494222324283088,abnormal
2024-01-01 00:00:31.850,-0.2615315328755974,0.17031865013032055,6.213742592270539,-1.0615319369064948,1.5306878585499448,0.20696793396291238,abnormal
2024-01-01 00:00:31.860,-1.6133851313260814,0.3860423811370336,7.415188668984541,-0.14289202677007876,0.5905867957708167,1.3221768694928633,abnormal
2024-01-01 00:00:31.870,-0.3376813006707539,-1.6777881071021619,7.271918997745327,-1.422419353306184,0.6066407176452994,0.2080480063337698,abnormal
2024-01-01 00:00:31.880,1.0277096310233558,-1.5216130838993445,6.453162300771451,0.260496488550082,0.6305473594011793,-0.5799131696345564,abnormal
2024-01-01 00:00:31.890,0.14359447808893286,0.8148926180689153,6.081981726772241,-0.3298802174130039,-0.19710735869099538,-0.06010213890513797,abnormal
2024-01-01 00:00:31.900,-0.12342840603591017,0.8709188954788208,6.829474773202599,-0.6098689270909838,-0.4963024832976601,-0.6296072347543824,abnormal
2024-01-01 00:00:31.910,0.6345229420346816,-0.15796383646856463,6.613713004431477,0.03864365739134815,-0.5687609596461838,0.21276998910866757,abnormal
2024-01-01 00:00:31.920,-2.5122859801940276,1.519618021824311,6.134096285594573,0.42772509005270304,0.11741139904173795,-0.38116753032308365,abnormal
2024-01-01 00:00:31.930,-1.4760493650743034,-0.2921830806710236,6.422868426733603,-0.08802200728465027,-0.16165328544954907,-0.27313212465009884,abnormal
2024-01-01 00:00:31.940,-0.8364337829984186,0.8025738941409324,4.7163728259105095,0.037538984131343274,0.17696674037336846,-0.3265676863894777,abnormal
2024-01-01 00:00:31.950,0.6856149349100025,-0.3424423722251135,4.596871645872898,0.43632009550189815,-1.112732337647305,-0.810955398012927,abnormal
2024-01-01 00:00:31.960,2.8467812535126837,-1.9625520102824408,4.752789075215629,0.6796088084706183,-0.33907608924366367,1.3003541295195618,abnormal
2024-01-01 00:00:31.970,-0.49517111911000394,-0.8405014618518368,4.171485034267442,-0.12137045189577106,-0.05603131903583446,-0.020980906933873812,abnormal
2024-01-01 00:00:31.980,-0.712498795955108,0.41928223252343083,5.544867799613687,0.9105621918175669,0.3211908083193602,-0.5704979575413979,abnormal
2024-01-01 00:00:31.990,-0.13827570295056268,-2.215815279601292,4.749673364288597,1.0217837744895775,-0.7753808288428293,0.08056257649265985,abnormal
2024-01-01 00:00:32.000,-0.5894005912533402,-0.12465813273747903,4.408142221852937,-1.3329824195403848,0.5611024557739805,0.15079645253427207,abnormal
2024-01-01 00:00:32.010,0.6744019721691732,-0.9552302633194921,4.298750126281155,-1.084805888281914,-1.3578474517620178,0.34247176261437196,abnormal
2024-01-01 00:00:32.020,1.774115714003304,-0.2253185481370855,3.331223338987323,0.7033344771078942,0.8550912943769624,-0.3139601762460629,abnormal
2024-01-01 00:00:32.030,-2.2261246258367913,-0.3830854341621132,3.1244004057686796,0.42508344399324377,1.6807805324340617,-0.5071832435454282,abnormal
2024-01-01 00:00:32.040,0.19035968834771536,2.888889723928065,1.7996113525118347,0.11321465535723083,-1.124166761963413,0.4988172823969734,abnormal
2024-01-01 00:00:32.050,0.32496512764715973,0.8673647716978886,2.5216270342897964,0.36900377176702964,-1.6413031791942603,-0.2852010092430528,abnormal
2024-01-01 00:00:32.060,-1.1839777797840236,-0.21916474772029929,1.0332993661159557,0.796682613954288,-0.11544704441717961,-0.22223791600461526,abnormal
2024-01-01 00:00:32.070,-1.3688664717014163,1.276086561142752,0.8972115461949199,-1.382821368464451,1.7824920929139687,-0.2843239608621273,abnormal
2024-01-01 00:00:32.080,-0.40766345596363024,-1.0005077094524817,0.1382572090868957,-0.49313505897536336,1.0524146335892055,-1.2710346480854549,abnormal
2024-01-01 00:00:32.090,-2.056799601715869,-0.3415460819249831,-0.2705998765545805,-0.6471159687387293,0.4593374068093612,0.295078243040548,abnormal
2024-01-01 00:00:32.100,-0.5131473828159451,-1.06872707106472,0.36147706431448356,-0.40012531843325383,0.22741101109155892,-0.30248329737207474,abnormal
2024-01-01 00:00:32.110,2.9009220230019843,1.020327113028892,1.429083871815988,0.16510769672664752,0.7238573349976561,0.6561270472698738,abnormal
2024-01-01 00:00:32.120,-2.0179784172126785,-1.3055400784878295,1.1906400090416225,0.47398166614325987,0.04208147125540296,-0.2147272837418307,abnormal
2024-01-01 00:00:32.130,-1.185519804673297,-2.2218575127806757,1.1834029328453748,1.1096486257125533,-0.10742553164323915,-0.8650238559956887,abnormal
2024-01-01 00:00:32.140,-1.2040371490835724,1.1836685838456178,2.803869039750814,0.5801482054719539,-1.8561813118745982,-1.1727146748363249,abnormal
2024-01-01 00:00:32.150,-1.4922935050693538,-0.3714947613717795,2.960349573706872,-0.03242487526681689,1.7721590529456426,0.13791112035575398,abnormal
2024-01-01 00:00:32.160,0.5148616301517058,-0.019260589995112987,3.0264077122945072,0.43163713722245145,0.4503621256660459,-0.1277780284958047,abnormal
2024-01-01 00:00:32.170,-1.1415115460970495,0.6598048555537236,4.229676021207795,-0.6707700495055022,1.7977755147543495,-0.29718984061346626,abnormal
2024-01-01 00:00:32.180,-1.659193570688509,0.3720052365134238,3.8240865971412843,-0.598278513626039,0.44862367350911675,-0.3523649756833984,abnormal
2024-01-01 00:00:32.190,0.7894087161683901,0.061882119022949954,4.240127942167834,0.810525622923066,-0.924931135931946,-0.008065576638731168,abnormal
2024-01-01 00:00:32.200,-1.6895388970600045,0.5365694835891,4.084860861202655,-0.31224588513428764,-0.5016964884913375,0.5139130809396252,abnormal
2024-01-01 00:00:32.210,-1.3796320481908355,-0.30826324016383433,4.2064680686112785,-0.40178862082022115,0.5910314128933413,-0.49999702119036066,abnormal
2024-01-01 00:00:32.220,1.2060585330517433,0.04883344934831817,4.163589945823326,-0.05375215819123618,0.7702091903714948,0.19582313052414207,abnormal
2024-01-01 00:00:32.230,0.1713353725183561,-0.0023559519183877996,5.100615012340908,-0.4619652664911001,-0.09453779232074905,0.6383832294185979,abnormal
2024-01-01 00:00:32.240,-0.2427936419343384,0.10589893657836043,5.105552973907137,0.037034488539891636,0.4049102478412992,0.7869738536460209,abnormal
2024-01-01 00:00:32.250,-1.8682209528281923,0.7918911342119487,6.117502754318184,0.6240363640626637,0.08353890121356886,-0.007079119588550601,abnormal
2024-01-01 00:00:32.260,2.859656409808321,0.23242968809966386,6.160553094961417,-1.1308065194667776,-0.725247813000032,0.722264782254181,abnormal
2024-01-01 00:00:32.270,0.5055248040390765,0.3689207680307373,6.564617895482836,-0.43914366579901076,1.3131337736770565,-0.7247121916052525,abnormal
2024-01-01 00:00:32.280,-0.637653867681531,-1.050283726102005,6.608861473937696,-0.06317730536506509,-0.5889481153779429,-0.45127756174347217,abnormal
2024-01-01 00:00:32.290,2.983206293098788,0.9548819522258063,5.78710901165126,-1.8192519213633305,0.45993618566877054,0.14639420129172853,abnormal
2024-01-01 00:00:32.300,0.42941393582126725,0.7581860108011039,6.561047338310915,-0.33367063497892446,0.847586758400279,-0.20695796342716502,abnormal
2024-01-01 00:00:32.310,1.2466481530340379,-1.445878916792142,7.231327808802473,0.39251577819244027,0.6781589540100066,0.195084315315611,abnormal
2024-01-01 00:00:32.320,2.3980874024396477,0.9041590009930762,5.91345422010526,0.7306841859228844,0.00394548654655755,-0.1394772950241213,abnormal
2024-01-01 00:00:32.330,-0.9644506099730269,0.8646216226336597,6.386697904718684,-0.8729592373429206,-0.2148645138491412,-0.7432837200963319,abnormal
2024-01-01 00:00:32.340,0.028187999243664545,1.0346524237447117,6.642042184261562,-1.1371077059837342,-0.1574275040069858,-0.42137821801992215,abnormal
2024-01-01 00:00:32.350,-0.5822124088906988,1.316646880289763,7.1791510981020235,-1.88642699744551,1.1495921569604046,0.31380800362004185,abnormal
2024-01-01 00:00:32.360,-1.5913325324838574,1.1695822086214867,6.6999551427705555,-0.5257868360482847,-0.539615240188408,-0.234837130304017,abnormal
2024-01-01 00:00:32.370,0.40515513876566595,-1.4947741036221778,7.279306207076411,-0.45986218499468645,-1.2554843286812816,0.15090076283594134,abnormal
2024-01-01 00:00:32.380,0.731737856274047,1.311173078588821,5.742474263709825,-1.0288497463645359,-0.27299937200063085,-0.5974470915866936,abnormal
2024-01-01 00:00:32.390,0.5175529186482402,-1.3236242544642536,5.690052799003899,1.0257466570991731,-0.3629721979236459,0.3369653128110228,abnormal
2024-01-01 00:00:32.400,0.7614691434252691,-0.8262903556730817,5.151194758781823,-0.8760814174580094,-0.610017432149089,1.1277662356532594,abnormal
2024-01-01 00:00:32.410,-0.3782526621863818,0.12422793964432562,5.761976898187677,-1.6514777389471775,0.3631614511281683,-0.4407717767303274,abnormal
2024-01-01 00:00:32.420,0.10641365411580765,-0.35958699849052567,6.544879599400066,0.8150833473770762,0.5348425529336941,0.6770541328582468,abnormal
2024-01-01 00:00:32.430,0.7403316453877979,0.3241675538549167,6.148649555547752,-0.05888902544560565,0.6978267883001157,0.5704783367205003,abnormal
2024-01-01 00:00:32.440,-0.11004507641657486,2.8406342197661996,5.472417057894937,0.5388324167525013,0.6964810508014676,-0.09992493672749232,abnormal
2024-01-01 00:00:32.450,1.1009878368189716,-0.2045815088298709,5.811963343875546,-0.6758866830196325,-0.4144104136293652,-1.333856028513012,abnormal
2024-01-01 00:00:32.460,-0.15190300528661305,-0.28898807216490113,4.1967609293982155,-1.2252352173713097,0.9493733852324202,0.21088790281557773,abnormal
2024-01-01 00:00:32.470,2.1127883116029986,0.4928292608348117,5.022832059385874,0.24911632284123442,0.8343491370237466,0.044054040758177176,abnormal
2024-01-01 00:00:32.480,-0.664678747479906,-0.3416881841237104,4.0909779388447545,-1.0574128708928716,2.2446493117677546,1.0816543106128815,abnormal
2024-01-01 00:00:32.490,0.476708272064391,1.938675721729342,3.941385340898119,-0.2592261993046341,-0.350961840628503,-1.2611699590241938,abnormal
2024-01-01 00:00:32.500,1.6112420076262013,-1.8933750157463085,3.15830215384766,0.3435380641218137,-0.3406014232189599,-0.5829612303307634,abnormal
2024-01-01 00:00:32.510,0.04896733853829467,1.293344543093132,2.857365426366563,-0.18500498935205545,0.005176507501658055,-0.10532602909181842,abnormal
2024-01-01 00:00:32.520,0.4547548751327598,-2.1276311916376027,1.3435939888215693,0.24407020223638776,-1.7902559349591434,0.11910292455617645,abnormal
2024-01-01 00:00:32.530,-0.06303587840007503,0.6647317112784248,2.7954073465384326,0.35265552583849585,1.0587368457599402,0.008291078127187127,abnormal
2024-01-01 00:00:32.540,0.6631358646879563,1.9738240791034563,0.5660916810740124,1.0014346793475841,-0.7569568224627554,0.6441177895167278,abnormal
2024-01-01 00:00:32.550,-0.3524912777186537,0.4319059251462981,0.8893769888756269,-1.1122073071540097,1.6367888680196219,-0.3218612639588331,abnormal
2024-01-01 00:00:32.560,1.2401267847973245,0.6008650156960395,0.5370690251740015,-1.6555858601261122,-0.25463848256019966,-0.028588597896019856,abnormal
2024-01-01 00:00:32.570,0.9667945393876096,-1.7118424001706223,-0.20641110646623004,1.1322920050558354,0.8046319962651945,-0.7048571788915365,abnormal
2024-01-01 00:00:32.580,-0.6720253225021944,0.9181291143250685,0.8130285611224851,-0.47774856398748894,-0.048135800465275866,0.37462150544982503,abnormal
2024-01-01 00:00:32.590,1.997604688716076,0.6786212441709526,1.2873289591431556,0.25411421888020796,-1.136151891934619,1.1457669843286686,abnormal
2024-01-01 00:00:32.600,1.934792604483801,-0.5672975631211975,2.026512994484469,-0.06483582754964017,1.178553815718691,0.07884678063256452,abnormal
2024-01-01 00:00:32.610,0.7712687870784023,-1.4391004352599646,2.5997756265688716,-0.708730917648305,-0.874518730833726,-0.18690806024530218,abnormal
2024-01-01 00:00:32.620,-0.133697847529894,2.274779977077596,2.7368140586841405,1.0212848903912415,0.5365898792654903,0.2339731404408762,abnormal
2024-01-01 00:00:32.630,0.44758140397974366,0.4163216578925775,3.1108008435633576,0.1998258086353619,1.9100088299217302,-0.4231109663604044,abnormal
2024-01-01 00:00:32.640,-0.6308548584242899,-0.4740478500593228,2.565029086544039,-1.1873835584617654,-0.562961356200156,-1.16102751106922,abnormal
2024-01-01 00:00:32.650,-0.63506664089988,1.3944737377285163,2.5021106739993915,-0.09634228601404782,-0.6777268888595241,0.5917989424240399,abnormal
2024-01-01 00:00:32.660,1.5804065381137324,2.171933320886536,2.9350825964971974,0.2307272563265572,1.4672666642708747,-0.7279085624601189,abnormal
2024-01-01 00:00:32.670,0.9791373052677191,0.007854696754827762,4.136260556993276,0.6060365491428388,-0.3178697745845033,-0.5885746616518193,abnormal
2024-01-01 00:00:32.680,1.044634785693188,-0.73748453124934,4.303786807578494,-0.6025726954218308,-0.9288121418027401,-0.4723450488709145,abnormal
2024-01-01 00:00:32.690,-0.8264962833071156,-0.37455723460965445,5.33320809511815,-0.472067693436492,0.26119881875386064,0.46899229731072417,abnormal
2024-01-01 00:00:32.700,1.3086975125604916,0.6289830881971493,5.174513697845717,0.9288988320836787,1.5315689197183384,-0.35041424554152434,abnormal
2024-01-01 00:00:32.710,0.7825724813072721,0.19195523247531937,5.494988087422227,-0.11015983880944157,-0.5386078937139045,-0.1589603535054219,abnormal
2024-01-01 00:00:32.720,-0.5735443598099701,0.1947796328084932,6.15860254880385,0.881916457461436,-1.2294732070979157,-0.39346376166918895,abnormal
2024-01-01 00:00:32.730,0.1522797508291814,1.1740031805590763,5.851319159299068,-0.5059423777147177,-1.9036735178578081,-0.9435830397169871,abnormal
2024-01-01 00:00:32.740,0.6355032968356519,-2.0062138068109596,5.569160976455413,-0.30381334973604024,2.0328185106523717,0.17694729840647436,abnormal
2024-01-01 00:00:32.750,1.5146590576008345,1.8839754614532025,6.758064758953438,1.2791434340383465,-0.2901153739788072,-0.001276735470710638,abnormal
2024-01-01 00:00:32.760,-0.20017233601113524,0.42995513843594535,7.390207915739322,2.0569568798553157,0.550308578891232,-0.8833277316934088,abnormal
2024-01-01 00:00:32.770,-0.016196237399431296,0.5025027883392948,6.850513707898739,0.21559571283120513,-0.779149302597497,-0.22792162110254793,abnormal
2024-01-01 00:00:32.780,0.9335832666348334,0.32865003171671997,8.242108834002712,-0.07265130608003703,-0.8780627061778228,0.282645521389811,abnormal
2024-01-01 00:00:32.790,-0.06633187542936395,-0.9138304480059402,6.111546264696553,0.9007692976575821,-0.34256705985507563,-0.2516707287700584,abnormal
2024-01-01 00:00:32.800,1.3164806632972865,-1.2331824852796194,6.444483765172948,-0.9871798022090343,-0.43329190442183163,-0.17079613620124084,abnormal
2024-01-01 00:00:32.810,2.2607321834771135,-0.9744503082961911,7.646776595993112,-0.38114507698648575,0.8603947399346021,0.263933565386388,abnormal
2024-01-01 00:00:32.820,1.1709707928664639,0.19095444527279248,6.007624337800317,-0.5868980566327097,-0.49048764004424455,0.49750012888058226,abnormal
2024-01-01 00:00:32.830,-0.3919916401628067,-0.9640533116177056,6.5670486006570465,-1.0702080706069748,1.0240765182916576,-0.9851549315730568,abnormal
2024-01-01 00:00:32.840,-1.9473035778779482,0.5320398004874305,6.785266421652272,-0.15762842733405083,0.7274832016233815,-0.3338789383807691,abnormal
2024-01-01 00:00:32.850,-2.283192741454662,-3.7214154871541054,6.890644691856942,-0.8655370460729421,0.47732128780117034,-0.10080941090486618,abnormal
2024-01-01 00:00:32.860,-0.8291773592333445,-1.7282405121381752,7.080777901635658,-0.6116605571081711,0.761244047989987,0.8566744616699385,abnormal
2024-01-01 00:00:32.870,-0.005693064031958437,1.2657146728612203,6.703426455900915,2.230222313390639,-0.37930287395261925,0.06849670130389891,abnormal
2024-01-01 00:00:32.880,-2.594760772444333,-0.7433603721199,6.599545743757746,1.0438210165507995,-0.3485685039562107,-0.679355441142953,abnormal
2024-01-01 00:00:32.890,-0.14204403009080466,1.4656940917480945,6.33074941480402,-0.5760347469372287,-0.3337527902489026,-0.9653396037947225,abnormal
2024-01-01 00:00:32.900,1.4558789828544447,2.150776974914308,6.400507163477123,0.8305219195548476,0.07548986844921049,0.04950081092441733,abnormal
2024-01-01 00:00:32.910,1.109178242346213,0.6961123812472263,5.833635303100374,-0.6468995347160255,-1.2840069125312037,0.8074563871430865,abnormal
2024-01-01 00:00:32.920,1.1387510010555943,1.2719111298500125,6.496977332920181,0.8311686802083834,-0.916774232745566,-1.0184737155690624,abnormal
2024-01-01 00:00:32.930,-0.16799327106041326,1.2598102430030793,4.259939350047937,0.3533566676791597,1.6652193066905694,-0.6894716573060258,abnormal
2024-01-01 00:00:32.940,-0.6734249459696737,0.12299464800130401,4.312850642192956,1.1454257222674382,-1.534492501456219,-0.18586078595328126,abnormal
2024-01-01 00:00:32.950,0.7903977344528635,1.6263192874493368,3.8535541645394114,-0.18620967689360313,0.14138497504231418,-0.06212898947482205,abnormal
2024-01-01 00:00:32.960,-0.058974973419054895,2.103035243366921,3.6461875716344117,2.289687819837485,1.5120267589629457,-0.7808195630011068,abnormal
2024-01-01 00:00:32.970,-0.2439431894240346,-0.21948529422685065,3.937243766441086,1.3010337081474064,-0.7706763462551018,-0.5398537529483382,abnormal
2024-01-01 00:00:32.980,-0.4936778790168065,1.1140233646597808,1.9601725552840708,-0.7520971163971616,-0.8608403342539742,-0.12506224708788108,abnormal
2024-01-01 00:00:32.990,-0.037920655618780136,0.4295653446497353,1.3391850317249552,-1.3417861321677407,-0.2903108264445753,0.14044045486785053,abnormal
2024-01-01 00:00:33.000,0.27455300366732893,2.8063217344658473,2.3042844760922354,-1.2054962205252264,-1.0139450323870371,-0.06381214041301421,abnormal
2024-01-01 00:00:33.010,1.7669775668223349,0.6220354380283571,1.2143479607159304,0.7884826456386032,-0.24420866254210224,-0.6268898332471229,abnormal
2024-01-01 00:00:33.020,-1.8576324884132993,-0.6097500270348736,1.2051075072474189,1.6937482659756828,-0.0682712661371816,0.62716982306733,abnormal
2024-01-01 00:00:33.030,1.2675628602347015,-1.1782362688082215,-0.17490540931827125,0.5873560016316045,1.3005801113823716,-0.42743577399173366,abnormal
2024-01-01 00:00:33.040,-1.0614016884927806,-0.9825524005155145,0.26445133899719553,1.4521839982773008,-0.935249616561466,0.12434247896787429,abnormal
2024-01-01 00:00:33.050,1.4733326832176985,0.9077349042906914,0.6416049735052496,0.40598622363820747,0.5851078940597607,-0.1197989570000672,abnormal
2024-01-01 00:00:33.060,-0.12309443428984221,0.9285917205133671,1.4387327214038965,-0.31708967319760956,-1.0738529135010073,-0.2616188307429694,abnormal
2024-01-01 00:00:33.070,1.1930427681405336,-1.3728212299486318,2.119507824396367,-1.5659273401542808,-0.3895353332438186,0.09113886682550833,abnormal
2024-01-01 00:00:33.080,-0.7456957597257647,0.46456371074803615,2.582259273744322,0.2444559713914847,-0.2522467237760692,0.4159234755998015,abnormal
2024-01-01 00:00:33.090,2.712612450992839,0.34989522405124146,3.403049848676392,-0.3859336489043317,-0.5279166738468599,1.0355879942140065,abnormal
2024-01-01 00:00:33.100,-0.6505194806985048,0.4123594236116365,2.343400770071736,-0.03889857370884699,-1.0548970570864393,-0.49116291739730583,abnormal
2024-01-01 00:00:33.110,-0.8332970762882894,-1.8611489042189866,4.054400293894353,-0.36658640556450645,0.15130254411180394,0.2385704358201995,abnormal
2024-01-01 00:00:33.120,-2.178774147841724,-0.19803450005982332,3.499109129633539,-0.36117361864123215,-0.6582214825772557,-0.43739515446438193,abnormal
2024-01-01 00:00:33.130,-0.5241381749135041,-2.0815669699170316,4.934268212120005,-1.6377171934704047,1.59567524487465,-0.5917099528076035,abnormal
2024-01-01 00:00:33.140,0.7795231172132493,-0.7064365032962291,4.217075324291926,0.45475967004073653,1.1121754280402731,-0.4035514192218685,abnormal
2024-01-01 00:00:33.150,-0.7247341200588716,1.0021080997828797,4.769531737256066,1.498321816815967,0.7248459811462766,0.9352258906377929,abnormal
2024-01-01 00:00:33.160,-1.9591468371873586,-0.6901178023057069,4.642547757693798,-0.1781535161579656,-2.4136083482345505,0.4990768680134479,abnormal
2024-01-01 00:00:33.170,-0.8127034939311022,-1.5845862837465756,6.208731981454056,-1.3186561186342713,-0.39427175796651887,0.24610874150849898,abnormal
2024-01-01 00:00:33.180,2.104380229955996,1.3399789666446669,5.896261148105426,0.30529386727508423,-0.880950657238042,0.18338680649836975,abnormal
2024-01-01 00:00:33.190,-1.6984913640613137,-1.2599744251306806,6.432416742110703,-1.165887365884728,-0.5994861369925514,-0.03958255475239681,abnormal
2024-01-01 00:00:33.200,-0.9412560437189814,0.5269279975943116,6.092935287737436,-0.5303457952477848,0.7527233677233222,0.5839497425075622,abnormal
2024-01-01 00:00:33.210,0.003061714315795764,-0.49021426829177694,6.43570261828756,1.5619050445447182,0.7047882572618221,0.06533453857543306,abnormal
2024-01-01 00:00:33.220,0.07424421291152312,1.2411056381950751,5.77967239107533,0.4851187698159365,-0.24435651627626787,-0.08207010976606663,abnormal
2024-01-01 00:00:33.230,-0.3317791527484214,-0.889166477068109,6.107674889822875,-0.48948070297109364,0.3295652261806676,0.8303198999531523,abnormal
2024-01-01 00:00:33.240,-0.24468499362055587,0.8111763197035529,7.214290935560465,-2.372332873427752,-0.6988039685491367,-0.12502905737532383,abnormal
2024-01-01 00:00:33.250,1.3351226444537847,-1.2668531876398248,6.129937045836908,-0.805006327232776,-0.1663937385614879,-0.6853799505548344,abnormal
2024-01-01 00:00:33.260,-1.1013475488798607,0.14566353894561188,6.999498667102655,-0.3091692037049367,-0.449214620155808,-0.6271197042783504,abnormal
2024-01-01 00:00:33.270,2.0703960858236017,1.0941103094617022,7.111128351870217,0.11688068428333973,-1.6819391178206031,0.43971515542891865,abnormal
2024-01-01 00:00:33.280,-0.10274205792619333,2.0342174803610544,6.866924350416435,1.169302129975466,0.4056000777794529,-0.4998444717422715,abnormal
2024-01-01 00:00:33.290,-2.5410346237038386,-0.5690825837947928,7.682881833719891,-0.15784358229338846,-0.8231041727044801,-0.9638062349482843,abnormal
2024-01-01 00:00:33.300,-1.1563450536861297,-0.18569849952892462,6.9519024480939215,-0.8687867892331497,-0.30211115047072734,0.021773168269149528,abnormal
2024-01-01 00:00:33.310,-1.556556550111844,-0.5867155455999942,6.507570356943909,-0.054753977292842454,-0.4955561557422056,0.022926585554091935,abnormal
2024-01-01 00:00:33.320,0.6797267201159048,-1.2749547636882916,7.6253334077060675,0.6630762624964377,-0.7880570989240311,-0.3698672754662813,abnormal
2024-01-01 00:00:33.330,0.2933935784168838,0.09055232204616641,7.767125850958326,1.3876392928055972,0.04156272954662695,0.5073529663605143,abnormal
2024-01-01 00:00:33.340,0.6516846294980859,0.07338447668508058,6.392331593243987,0.8166734162664313,-0.2938971466623865,0.8787076331928955,abnormal
2024-01-01 00:00:33.350,0.2886522288812239,2.2926434200291657,5.8367571392283,0.31499064271974514,0.1219673495663853,-0.3337679465945266,abnormal
2024-01-01 00:00:33.360,-0.28604555841073054,-0.3392822771377276,4.684765047616166,-0.508896435803414,-0.40990040414174517,-0.6079329169247386,abnormal
2024-01-01 00:00:33.370,-0.06394872212710949,0.20964705703960443,6.487750797569258,0.5447850615462647,-0.1380698988310477,-0.8347657722849893,abnormal
2024-01-01 00:00:33.380,-1.807778403389348,-0.05194094041385634,5.36452877543396,-0.054556074767544156,-0.3134417104806719,0.3907098994446338,abnormal
2024-01-01 00:00:33.390,0.044054877760005696,-0.6265521249746324,5.3527892317409504,-1.4689659566322737,-0.21304684852841785,-0.07081358229301317,abnormal
2024-01-01 00:00:33.400,-0.9998161766676918,-0.031100062630245236,4.9341512012397715,0.49838450390966343,1.4086585796907143,0.3415809767871564,abnormal
2024-01-01 00:00:33.410,1.2419040872396356,-0.20316845794101865,5.114162058922793,0.202063385921031,0.6480569545225462,0.13462710784942122,abnormal
2024-01-01 00:00:33.420,0.6161919110141046,0.2184428899527618,3.567055175593571,-0.8733507875894072,-0.8025464086184741,0.0789704144720642,abnormal
2024-01-01 00:00:33.430,0.6658461025151174,0.4171239617476155,4.099928110341318,0.25793450993843847,-1.7674368316575064,0.025965261252597183,abnormal
2024-01-01 00:00:33.440,2.197907347984001,-1.3032940108977444,3.0176951033365524,-0.18904213326772742,1.1140801293235656,-0.09424888422399788,abnormal
2024-01-01 00:00:33.450,2.0287241147015114,-1.7641168925605697,3.4914465330803943,0.5787782391241405,0.06956352804462176,-1.1501679597662167,abnormal
2024-01-01 00:00:33.460,-0.010947501558256228,0.36473717861696786,2.4942069912106968,0.1738742033021471,1.2253868080604151,-0.20232098240523086,abnormal
2024-01-01 00:00:33.470,0.576200095293865,-0.6808346572110953,2.3980483591299757,-1.0264162013622682,-0.4206120639104952,-0.38622006199526054,abnormal
2024-01-01 00:00:33.480,1.000131642611643,-2.497242651267104,1.9400690149508306,-1.2269225914091066,1.2955302219675495,0.7018427357873147,abnormal
2024-01-01 00:00:33.490,-0.08246627624423407,-0.6284147208234477,0.24800997827782245,-1.1248515406064745,0.5747511584433289,-0.31930718458195567,abnormal
2024-01-01 00:00:33.500,0.081817656815859,0.5976445722739527,0.5072856126103398,-1.3689005265060854,-1.989569609385408,0.269746632363417,abnormal
2024-01-01 00:00:33.510,2.665327856386812,0.7167350884687242,0.6350187576102999,0.2507532187287677,0.8458160591416516,-0.00435644171131847,abnormal
2024-01-01 00:00:33.520,-0.20884791570854527,0.32769303732865307,1.6903591564297757,-0.5780522648153866,-1.0368802016136272,0.8586698434103976,abnormal
2024-01-01 00:00:33.530,1.5232078216523777,1.6635840440292586,1.4637621777791745,0.6343237490877741,-0.4302180179940446,0.8746568079682574,abnormal
2024-01-01 00:00:33.540,-0.14302740730776797,0.322082423884579,1.4275693174487045,-0.7271902621185459,0.10269286294481716,1.2068738922410456,abnormal
2024-01-01 00:00:33.550,0.8595653543820877,2.5432727963681954,1.8210904438583084,-0.8503413465852011,-2.3923787536489116,-0.24384413254954507,abnormal
2024-01-01 00:00:33.560,0.19940552561507702,-2.3924746211577483,2.965464846351963,-0.1264012068032241,0.1053743092943039,-0.6842861456699363,abnormal
2024-01-01 00:00:33.570,-1.3603734599760986,-0.6553108017809041,2.631401060427614,-1.6041096577946419,-0.9330017979692622,0.01802266124323855,abnormal
2024-01-01 00:00:33.580,1.2119115686196082,-0.8115830382176491,3.7492870141858083,0.6294949803026682,0.5952368064822673,-0.5431567365100156,abnormal
2024-01-01 00:00:33.590,0.9751718763249194,-0.029756184286046372,3.6916741635036896,0.33258150727006125,0.09691357434226926,-0.2224245068222814,abnormal
2024-01-01 00:00:33.600,0.7630986476216622,2.891449430825542,4.2606510562091415,0.34795502175462006,-0.22316656515380062,0.33347672459141653,abnormal
2024-01-01 00:00:33.610,-0.8654448560494586,0.5223140543987038,4.6901626950242665,-0.5645857590280776,-0.8391574628451697,-0.04726230189134889,abnormal
2024-01-01 00:00:33.620,0.7268185769181666,1.0125910081219676,2.6362594271363897,-0.34971148025909576,1.1957690630986024,-0.12876382252742047,abnormal
2024-01-01 00:00:33.630,-1.739424481966643,0.5883012891721912,5.490755220036786,1.0756555336977613,-0.09106471479892023,0.47540125534910255,abnormal
2024-01-01 00:00:33.640,1.4570671708075145,-0.6408937478782847,6.458842401795527,-0.5944012316684172,-0.2604288085078896,0.3094549460074153,abnormal
2024-01-01 00:00:33.650,-1.1414952168482884,1.2509428229652537,4.8559355647564875,0.41089511714736426,-0.29489611263211507,-0.05571082096356031,abnormal
2024-01-01 00:00:33.660,-1.2902208969059739,0.025904863124829185,6.432517778190842,0.29409215354031515,1.3466786849398475,-0.4034554268967553,abnormal
2024-01-01 00:00:33.670,0.45840663581118285,-0.4610525409944635,6.659239633873131,-1.9475968866299789,0.3231138566777271,-0.5238831454667078,abnormal
2024-01-01 00:00:33.680,-1.6369244677521433,1.9679945760709747,5.530060101550786,1.1552464837141465,-0.3493678461158397,-0.4114628241087754,abnormal
2024-01-01 00:00:33.690,-0.3837190484707053,1.3070019770577361,7.303569028813591,0.42492347404617964,1.1348412680330202,0.09353581124384132,abnormal
2024-01-01 00:00:33.700,-1.5728588253592464,-1.789045788029157,6.3705423094053835,-0.07075610826274299,-1.723441306769056,0.13367428317648247,abnormal
2024-01-01 00:00:33.710,0.18395292232486524,-0.04380345165170606,7.1851324627231685,-0.9876709305296434,0.09671405520282722,-0.048327735190686276,abnormal
2024-01-01 00:00:33.720,0.49983152575032774,-0.24411623647291586,6.0186639058440745,-0.5463097640882654,-0.35405387426867274,0.13363439080018688,abnormal
2024-01-01 00:00:33.730,-0.3980169916040582,0.8876704608664233,5.476405194820939,0.7936602635749154,-0.9309418186802607,-0.5665259269089165,abnormal
2024-01-01 00:00:33.740,-1.8394841319085244,-0.5907469443146564,6.591913856104968,0.9389916841372039,0.44071681638597127,-0.8064160143321187,abnormal
2024-01-01 00:00:33.750,-0.05249616822490742,0.3153617981320146,6.347347620033608,-1.33909044434908,0.2971498481412419,-0.31581987182990423,abnormal
2024-01-01 00:00:33.760,-0.17594368373377028,-0.6183647779924839,7.531993266895862,0.6526671727619648,0.2879701266738716,-0.1364710471731336,abnormal
2024-01-01 00:00:33.770,2.4184579780940574,-2.24141409179995,7.771236576551709,0.7063742799853993,-0.8340518520542499,-0.5750840196040322,abnormal
2024-01-01 00:00:33.780,-0.5989345740978246,1.0223212854965718,7.190825919710921,0.6566625094258758,-0.1452970303019247,-0.09512763558373286,abnormal
2024-01-01 00:00:33.790,-0.30404728225672406,1.8576318745008784,6.014978752833265,-0.046642259877085,-0.3645363858686213,-0.44750964810713323,abnormal
2024-01-01 00:00:33.800,-0.4507001287956843,0.12295256326779144,6.096706957056077,-1.0176219836715796,-0.1854939496824744,-0.17791166751998413,abnormal
2024-01-01 00:00:33.810,1.7316586719896692,-0.1656354738297223,5.296346431337322,0.4049838957971362,0.5788023271365795,0.0745119623368167,abnormal
2024-01-01 00:00:33.820,-0.141006540211767,1.243196421452434,5.78829486777991,-0.1755425387261615,-0.9297863560852475,0.0955326524830748,abnormal
2024-01-01 00:00:33.830,0.23788123933142988,0.4047591967389395,5.789664688672475,1.2534988391130673,0.005022753241905277,-0.3382635419675721,abnormal
2024-01-01 00:00:33.840,0.3407524195079854,-0.5786182204769911,6.099610754747262,-0.3395952939661752,0.008530151090118539,0.00860736808375847,abnormal
2024-01-01 00:00:33.850,-0.2791226753577169,0.9454147201861267,5.287115453666473,-0.23040279857325935,-1.253201883948602,-0.5165057711551974,abnormal
2024-01-01 00:00:33.860,-0.024077908193232918,0.720562090819213,5.051126722885561,0.9602783858114248,0.3820552643149085,0.7071874785291324,abnormal
2024-01-01 00:00:33.870,0.6723409066727679,-0.6278958670836571,5.727360250528545,0.4024369361519651,1.1559270256594953,0.9352707584036583,abnormal
2024-01-01 00:00:33.880,1.043872853720755,-0.7144008868134876,3.697568886297801,-0.96012188742132,0.8661167306249388,0.2094014305153364,abnormal
2024-01-01 00:00:33.890,-2.3903993860593182,0.2150969279606921,3.2022598903313746,-1.6753972172608906,0.2197534003629878,-0.7226207963156235,abnormal
2024-01-01 00:00:33.900,0.6192046082648676,-0.23543610194816572,4.295292456502358,0.7201535114150283,-0.20089184254019704,-0.49115569665560377,abnormal
2024-01-01 00:00:33.910,0.6095020028362269,-2.361687031286125,4.481607298944656,0.28163381395021153,0.3717825567055947,0.6147970069648214,abnormal
2024-01-01 00:00:33.920,-1.7934361912216952,0.9346287582983267,3.2307213277908158,-0.861460264321816,0.2087899962708286,0.18417717771695966,abnormal
2024-01-01 00:00:33.930,-0.7148247066498314,-0.3892353120088263,2.4707911708937718,0.6355490173797753,-0.7805960982916115,-0.017389076419886115,abnormal
2024-01-01 00:00:33.940,1.5905613285386209,-0.5081197449376518,0.9945859846206889,-1.2212035901271976,0.6809418557984207,0.2280956627716051,abnormal
2024-01-01 00:00:33.950,3.179733147942393,1.791001570046478,1.3644788828773224,-0.18975409184207062,0.1303375451768153,-0.6287756509914199,abnormal
2024-01-01 00:00:33.960,1.0186650794821577,1.0421577715743242,0.7232242076059326,1.7424325726219319,0.09517825039753464,-0.1464222571754415,abnormal
2024-01-01 00:00:33.970,0.16636679779158656,1.682583695631888,-0.31086730549846814,0.45885607794329536,-0.34295301013211854,0.37542644476310927,abnormal
2024-01-01 00:00:33.980,-1.3040745894232129,-1.3971906142234185,0.04135835487512925,1.0324475829398208,0.07299714447790236,-1.092813839639163,abnormal
2024-01-01 00:00:33.990,-1.330466069723448,1.2576515695394057,2.334963585391479,1.5111200153609163,1.0038365193586178,-0.7099760816867466,abnormal
2024-01-01 00:00:34.000,0.567276111905428,-0.8396346169239025,0.8142470413067472,0.7120429569577443,-0.15714095217053548,-0.23628106794608147,abnormal
2024-01-01 00:00:34.010,0.25134286892658253,-1.692097891772197,1.0918296096457183,-0.9042930651446076,1.3393338712400902,0.4437306447994339,abnormal
2024-01-01 00:00:34.020,-0.5101084237998005,-2.641286061189434,1.0621723531478207,0.021944700724525635,0.7704361694597442,-1.0356806622942711,abnormal
2024-01-01 00:00:34.030,0.9368709669272541,0.6032487173203587,1.6748876528665064,-1.6680186184622756,-0.3373089006372604,0.08046433876106064,abnormal
2024-01-01 00:00:34.040,-0.15969583011983354,-0.05872703515557259,2.9330794942248306,-0.29784779477895,-0.2697631645406643,0.19640749838991053,abnormal
2024-01-01 00:00:34.050,1.7061349175282083,0.0984245787999446,4.305704086704154,-1.8363920610545452,-0.8618708031089164,-0.5974373016053979,abnormal
2024-01-01 00:00:34.060,-1.1078332262341977,2.113604302048333,2.78283261111237,-0.48891816471968785,-1.074979707027507,0.36712951239701674,abnormal
2024-01-01 00:00:34.070,1.2224299307422608,-0.3409704462941092,3.846930696553162,0.5729903100606415,0.9647007215512745,0.08293121904372938,abnormal
2024-01-01 00:00:34.080,-0.9573001871105092,1.4588942560853837,4.140908721129195,-0.9378712187349875,-1.071495941644236,-0.00015832883854433226,abnormal
2024-01-01 00:00:34.090,-0.89881016983283,-0.8696982641168008,4.444545660647663,-0.8066513282708043,0.21143267242978425,-0.5711022770761272,abnormal
2024-01-01 00:00:34.100,0.4731903334153235,0.1837736758256436,4.773677165101933,1.0757157613184092,-0.21630531706712536,1.2696064523869017,abnormal
2024-01-01 00:00:34.110,0.8882333097366666,1.51676799061512,5.8147210953895545,1.9730947721555885,-0.24983868496987635,-0.43977376577326116,abnormal
2024-01-01 00:00:34.120,0.14074144633181448,0.7105448755891377,5.737210169099966,-0.08929626109371097,0.6897178124419494,0.4406323071237846,abnormal
2024-01-01 00:00:34.130,-1.3955778305906366,0.900113680318783,5.856056763879166,0.30209154467366683,0.1946045489350209,-0.09707907524126796,abnormal
2024-01-01 00:00:34.140,0.12030177892081739,0.2001093385433051,6.840091187326532,1.6256114853586818,0.44106720473295796,0.4913978188213689,abnormal
2024-01-01 00:00:34.150,-1.812729810669203,1.1558790298247474,5.999917582964288,-0.6265862006631859,1.4632133476432496,-0.488788202437428,abnormal
2024-01-01 00:00:34.160,0.6517059380540255,0.9624558531938072,6.643432077789114,-0.6363330401975487,-0.8926907776967381,0.7923145169539306,abnormal
2024-01-01 00:00:34.170,-1.601358447318881,3.922659912787231,6.35356563926462,0.3786288121671215,-0.6110249456678658,0.4459301919645763,abnormal
2024-01-01 00:00:34.180,-0.20385523104642828,-0.5506438117216507,6.025217666274539,-1.2702657968999083,-0.4493545716246469,0.21931542493869927,abnormal
2024-01-01 00:00:34.190,-0.3015797247353966,1.9305204297178697,5.8825724067284435,0.6090058992761096,0.7325196887872379,-0.6204797079755866,abnormal
2024-01-01 00:00:34.200,-1.2525761322380695,0.11092892193364608,6.663130106032411,0.11170104632325252,-0.12036062660847723,0.7935848414973838,abnormal
2024-01-01 00:00:34.210,-0.16891431292317213,1.2517966297225882,7.303857823362808,-1.4390981718595672,0.24433667850729238,0.5525263679424389,abnormal
2024-01-01 00:00:34.220,0.5386981924551951,-0.32059140950037346,7.391088287554213,-0.8716857183209854,0.5525962276317933,-0.6471777387120918,abnormal
2024-01-01 00:00:34.230,1.1055874365435865,-0.49123283848514415,7.907337280497685,-1.0979028232674826,0.32823010941738767,-0.49193244504028233,abnormal
2024-01-01 00:00:34.240,-2.174544843276977,0.20057325444444435,5.673765952104042,0.24967879607614085,0.48191386623589794,-0.5658939175683745,abnormal
2024-01-01 00:00:34.250,0.5407187113863224,-0.4962929668683764,6.488000983418872,-1.2171335487596167,1.1446899706105103,0.15673733912519014,abnormal
2024-01-01 00:00:34.260,0.5408230965889098,2.8171821670003676,6.5933356150856435,0.37719122087660756,0.6091783735203044,0.4458443762990332,abnormal
2024-01-01 00:00:34.270,0.9393507850231314,-1.763586596201275,7.45145889484243,-0.5214608875021419,-0.7225604322847549,-0.3574031019793514,abnormal
2024-01-01 00:00:34.280,1.2730758624800669,-0.09585466168925265,6.518298499675671,1.1222058091731855,-0.31028277098775914,0.33179246657616707,abnormal
2024-01-01 00:00:34.290,-0.06151379617706458,-0.2983942218974287,6.376090714196284,-0.7221542292787829,-0.4570670762676539,-0.38277816898541467,abnormal
2024-01-01 00:00:34.300,-0.45027581728942073,-0.2812278279888595,5.199087499036665,-0.2390175413937407,-0.133734293876469,0.366891872601574,abnormal
2024-01-01 00:00:34.310,-2.0562881037459064,0.8814527601648737,6.708482653636391,-1.1611936165983772,-0.696553774656039,-0.057973187658994875,abnormal
2024-01-01 00:00:34.320,-0.8715168356478181,0.864908399285362,4.477559563517595,-0.6264014867751574,0.9421929519300903,0.7195328705147698,abnormal
2024-01-01 00:00:34.330,-0.678504441049097,0.7494537343855712,4.82696075679247,0.10922169916508669,-0.9461350755759186,0.16884666667858075,abnormal
2024-01-01 00:00:34.340,1.2712179828049675,0.028443609850347627,4.681232868878864,-2.2961405219618216,-0.5154480037261613,0.6662555060409685,abnormal
2024-01-01 00:00:34.350,1.0497831325696454,-2.221675537947057,3.290353365429885,0.47315161798401356,-0.05602089447982473,-0.04657050168698627,abnormal
2024-01-01 00:00:34.360,1.3057197698503467,0.0077796277899234954,4.928216598516382,0.4992203513494432,0.3344102371505195,0.014198023754851961,abnormal
2024-01-01 00:00:34.370,1.111511833050894,-0.7604755101478692,4.004212953572121,-0.2857779422100801,-0.05506156088825579,-0.1530769341018389,abnormal
2024-01-01 00:00:34.380,-1.2135583903486153,0.27319402680899735,2.927117088833955,0.7298059157946701,-0.07869713468409285,-0.01737295668857121,abnormal
2024-01-01 00:00:34.390,-0.768060266853189,1.525799750050723,3.5903864714834173,-0.39636396399633056,-0.42091200475516755,0.5312356845512235,abnormal
2024-01-01 00:00:34.400,1.0195281988858782,-0.6962938158508704,3.6083010470826924,-0.7049778968948054,0.8353574505582896,0.12464361209732686,abnormal
2024-01-01 00:00:34.410,-0.7136063580759824,-1.1925254606167282,1.9469384639027034,0.09764607593491605,1.004295678570342,0.3664361354514898,abnormal
2024-01-01 00:00:34.420,0.6384420434526482,-1.6742821517835462,0.8682527901523088,0.30035068478275817,-1.0412655628342007,-0.4364557639768455,abnormal
2024-01-01 00:00:34.430,-0.6124448873153524,0.11057200932058994,0.05241439876021148,-0.3758400723518936,-0.6438934862969419,0.38336656043871514,abnormal
2024-01-01 00:00:34.440,0.20445185162205373,-3.2999037070589865,1.5519068693694518,0.07293030829673251,0.8799048757078785,0.4592882173999753,abnormal
2024-01-01 00:00:34.450,1.3914129513314912,0.9136624196485527,-0.8888921239065429,-0.8065365026972278,0.5358121961120819,-0.9522249486421379,abnormal
2024-01-01 00:00:34.460,-1.1138837053042463,1.3047117557319088,0.8082125597804577,0.4786774156832887,-0.6303414969915002,0.362940647988866,abnormal
2024-01-01 00:00:34.470,-0.20151132930121426,-0.1751942608387436,0.49388551275808407,1.554596325447592,-1.8398400960451466,-0.42808931531733696,abnormal
2024-01-01 00:00:34.480,-0.43778286763491,-0.10277220259125665,1.5756614417926735,-0.5748688217155831,-0.5898974396471262,0.8008452493192746,abnormal
2024-01-01 00:00:34.490,0.6442807997816534,1.830525826949123,2.9518619723818946,1.0412230509999831,-0.10755079286639958,-1.0204154057093109,abnormal
2024-01-01 00:00:34.500,0.6121013184082851,-1.3022312435518344,2.5246814894815017,0.6637000077529988,0.8549762176588525,0.645670262120536,abnormal
2024-01-01 00:00:34.510,0.03818857840196469,1.4257396461592269,2.519597245970037,-0.7504485755130377,0.6037431478193471,1.684593495819006,abnormal
2024-01-01 00:00:34.520,-0.6157037121889711,0.19464485313554608,2.8059549278980884,0.268124051657794,-0.43184167133382095,0.7653409528542033,abnormal
2024-01-01 00:00:34.530,0.6158820533100665,-0.013197281711184287,3.1193276445886955,0.43733421545938655,0.6946850401681329,-0.11920528776307472,abnormal
2024-01-01 00:00:34.540,0.5990403569284817,-1.1827162712954191,2.6344657917037386,0.47955542729578915,0.12040172265864352,-0.17841445957375762,abnormal
2024-01-01 00:00:34.550,-1.7776630600467962,-2.0605450718459597,4.28385306082267,-1.1099317654427874,0.6478645807385844,-0.41416309242313165,abnormal
2024-01-01 00:00:34.560,0.727049798453341,1.0594478872273887,4.718264357298113,-0.6507382386499951,-1.2131486650100218,0.19272678402696433,abnormal
2024-01-01 00:00:34.570,-0.1653860285633675,-1.7520995464323585,5.129249230028209,1.3383200007632088,-0.9536428612201455,0.15601575345854415,abnormal
2024-01-01 00:00:34.580,-1.2360654047050945,0.7722617065417806,5.841352343153611,0.607206272155553,0.26407403493226417,-1.0490397484472451,abnormal
2024-01-01 00:00:34.590,-1.404224931008646,-1.162424944778692,5.247016188136344,0.24498265056317695,1.7158669268303617,-0.5787507733785344,abnormal
2024-01-01 00:00:34.600,1.6005960114874087,0.7718039620241707,6.685627195820166,-0.857006614095235,0.0446559877488453,0.3764698890346471,abnormal
2024-01-01 00:00:34.610,0.6733183021977575,0.9958528771608957,5.601345473594893,-0.0616617954553309,-0.49192532907251507,0.6499500374190571,abnormal
2024-01-01 00:00:34.620,-1.8358262646195709,1.5066605802216355,6.360275349053054,-0.34671545365035616,0.8706840080984373,-0.08372309973904815,abnormal
2024-01-01 00:00:34.630,-0.47698263080042713,0.003529710017205048,6.527611018405219,1.1890418502456164,-1.2702158003710136,0.08864634843679069,abnormal
2024-01-01 00:00:34.640,-0.03407990367246189,0.7161591916966149,7.290596034898461,-1.2278189670581376,0.811670719842032,-0.4486310841054174,abnormal
2024-01-01 00:00:34.650,0.534931270749553,-1.5788448239613524,7.178345061067428,1.305988715655811,1.2259734873516932,0.3949459573427748,abnormal
2024-01-01 00:00:34.660,-1.667257437371952,-1.2752805366644682,7.366823482502518,0.2951594139780529,0.34064127119392623,0.7730989254977065,abnormal
2024-01-01 00:00:34.670,0.345594973752284,-0.12334805855087275,7.429169300861856,-0.4794890385364697,0.0075848548145903754,0.7204989156587049,abnormal
2024-01-01 00:00:34.680,-1.618131200138245,-1.5515327644662076,6.3271669224941345,-0.10193625449687155,-0.5696331207341677,-0.013808913617242336,abnormal
2024-01-01 00:00:34.690,0.5850101658540846,-1.5844812036578728,6.370903304664198,-0.4026283061784376,0.008516087691402474,-0.1929338534175342,abnormal
2024-01-01 00:00:34.700,-1.2397979274173911,-0.14373597685779602,8.610907209321374,1.9792601209881766,0.7367667914232345,-0.08488420503704618,abnormal
2024-01-01 00:00:34.710,0.1425969878505134,-0.3000840273152402,6.512624601878392,-0.23101191950685374,0.284297270879228,0.14254594542537813,abnormal
2024-01-01 00:00:34.720,-0.25043023476153264,0.4522690267702062,7.119423215190982,1.1120607898733994,-0.2256840273072215,0.609450792977484,abnormal
2024-01-01 00:00:34.730,0.34592336548051356,-0.21689475214715404,5.965496793409966,-1.8375822159633226,1.4713092268372414,-0.09835415986560915,abnormal
2024-01-01 00:00:34.740,1.7433414934886413,0.7326331645635632,6.715145881769278,-1.6302975751537707,1.4245093632783365,-1.6522818724158803,abnormal
2024-01-01 00:00:34.750,0.0241813755070432,-1.784728868072203,5.983767007712664,0.6358338900806982,0.5180476860882888,-0.5017487936320233,abnormal
2024-01-01 00:00:34.760,-0.8568745334873132,2.443231413597337,6.439032518783549,1.4466947749680208,-0.2155188726490395,0.4020753729054308,abnormal
2024-01-01 00:00:34.770,0.5878372330375905,0.2998209389957123,6.25501375818972,0.026127199314399344,-0.15459335056105614,-0.2556950385029589,abnormal
2024-01-01 00:00:34.780,0.6899904254546311,-0.33707297182152485,5.341330304084477,-0.48485337422618885,0.8589244733154974,0.22236430328749543,abnormal
2024-01-01 00:00:34.790,1.214130650526439,0.7382295543157696,3.9500404337326653,0.004086659169220118,0.04502277531179534,-0.5806111962483643,abnormal
2024-01-01 00:00:34.800,0.5451258786828749,0.35587327169340016,4.22452867468194,-0.2572549146302954,-0.16516786576815023,-0.4541084258144411,abnormal
2024-01-01 00:00:34.810,-0.3167643014814608,-1.2942006159500765,3.8411910086659518,-0.3186796378578166,0.1175511399553558,-0.8050655625081433,abnormal
2024-01-01 00:00:34.820,0.9356242422780473,-0.7320654026654488,4.421908849649402,0.9471916265433713,-0.38056608005558495,-0.13834811676198372,abnormal
2024-01-01 00:00:34.830,-0.7549789201263601,1.8630534076871115,4.587863258683905,-0.6272038471241886,1.4347133591548553,0.9961543404761635,abnormal
2024-01-01 00:00:34.840,-1.1523915416867432,-1.0305762917537589,2.6706372243208767,-1.8072707828710697,0.72585902667197,-0.7055892890965618,abnormal
2024-01-01 00:00:34.850,0.00872653580605094,-0.9106418563898002,3.0527801693000782,0.48426777056781634,-0.22651931142046444,0.2440614194428339,abnormal
2024-01-01 00:00:34.860,1.1239034268995653,-1.8802431605114012,3.0651726231703913,0.8256062770978307,-0.400337001827834,-0.25477301830293014,abnormal
2024-01-01 00:00:34.870,-0.32895954427036783,2.405899320705892,2.410525332082792,-0.9313517561134537,-1.1973482279632828,-0.20521178427753764,abnormal
2024-01-01 00:00:34.880,0.8628748785522907,-0.8318328731952348,2.1994584327676465,0.6368592583373632,0.1977016626938531,0.1427890624238465,abnormal
2024-01-01 00:00:34.890,0.25698083216280165,2.5165751141413395,2.6142038402991785,0.1795331653332405,-1.7337176267874357,0.03129507111400315,abnormal
2024-01-01 00:00:34.900,-0.5794212012628418,0.3875266819416917,1.6202313349533366,-0.5461963625167395,0.3496761421225951,-0.042037409515156436,abnormal
2024-01-01 00:00:34.910,-0.6600273568924665,0.2697862726855581,1.0412031912511912,1.4517433080984186,-0.5874522186514732,-0.12738814749960753,abnormal
2024-01-01 00:00:34.920,-0.48935273277076985,0.5260513182692101,-0.3748908182545373,1.3443523587127848,1.5937763984621376,-0.1299499626836872,abnormal
2024-01-01 00:00:34.930,-0.25310335872163076,-0.7484530770910567,0.7394156188576184,0.8074438387352192,0.47105831429872086,0.8205552394321134,abnormal
2024-01-01 00:00:34.940,0.6876827444136785,0.4994056850597223,-0.08506662259669728,0.8977204228602236,-0.22068200932418083,0.13817425826464014,abnormal
2024-01-01 00:00:34.950,-2.0804283147591356,-0.6053754907511354,1.877709825968568,-0.2204756997387924,1.334389656643743,0.02119332021668698,abnormal
2024-01-01 00:00:34.960,-2.5382236493130734,1.6738303593849955,2.0780170501958946,-0.592257058618025,0.5125985768651689,0.6116208595161959,abnormal
2024-01-01 00:00:34.970,-0.595162483520581,0.20330314674189306,2.3710851749944117,-1.6354292978283922,-1.6563331701014607,0.05042254290737995,abnormal
2024-01-01 00:00:34.980,-0.1759008533997497,0.22539631698789506,1.597096505517234,-0.17342440132639772,-0.23194063855446034,-1.085331133382695,abnormal
2024-01-01 00:00:34.990,0.46343702491003214,0.5421217023944608,2.542397919860252,0.32946875027705297,0.6084841136537987,-0.5190311100788397,abnormal
2024-01-01 00:00:35.000,-1.1528557614547066,0.8075561283380069,3.582943646808494,-0.5598575344046436,-0.7632692627743244,-0.32532787033393096,abnormal
2024-01-01 00:00:35.010,0.8682285247275092,0.30254333503295583,3.439191915568353,0.11832561721036727,0.2869349327047848,0.14796160361077595,abnormal
2024-01-01 00:00:35.020,0.8353738747668008,0.37298061491615053,3.8056821912635526,0.004180866917635653,1.1201719273137647,-0.8704137182661662,abnormal
2024-01-01 00:00:35.030,-1.0079441768190531,0.057696189254637056,3.7074740944644793,0.9279454436791607,1.0871445391360952,-0.7396510222621202,abnormal
2024-01-01 00:00:35.040,-0.30292956952079897,-0.37804205868622304,4.927571175025398,1.4298065990854636,0.07712719302799037,1.2287366431645521,abnormal
2024-01-01 00:00:35.050,0.8499708046011148,0.5502413198996897,5.526672070789635,-0.27452887461502146,-1.2359864529675946,-0.7789594507171159,abnormal
2024-01-01 00:00:35.060,2.01373615874734,1.2573402999818744,5.748402689041284,0.30693445738717456,0.6724488181137094,-0.6662844709159773,abnormal
2024-01-01 00:00:35.070,-0.49512174393225566,-0.8046040302767045,4.995583269557174,0.18280257794418373,-0.30809181714452644,0.26813039922219384,abnormal
2024-01-01 00:00:35.080,4.128620486979539,-0.4270337202723155,5.711545335056294,0.38324017534129506,-0.551519045715464,0.15678982432234592,abnormal
2024-01-01 00:00:35.090,0.046289482654588446,0.11847617878652845,6.655372068746848,-0.20645700361108546,-1.1570445907781963,0.4465667806455142,abnormal
2024-01-01 00:00:35.100,0.7346380459947717,2.029792660626521,6.038370844194879,-0.27434227067324274,0.1540386959622045,-0.375795810220496,abnormal
2024-01-01 00:00:35.110,-0.863556691133464,1.5841385556654735,7.236736283369609,-0.9639583526144269,-0.9774216609865201,0.4289979041023918,abnormal
2024-01-01 00:00:35.120,-0.9612297291358329,0.14276112324425846,6.616182640028581,0.5820653986067184,0.11113043436091509,0.2979870308128386,abnormal
2024-01-01 00:00:35.130,1.7714719697390786,-1.4607160680814537,6.915797777054619,-0.09338577008962276,-0.046634061052672135,0.47817443791759595,abnormal
2024-01-01 00:00:35.140,1.683025890918008,-0.7975638159059527,7.633858569086543,-0.993136873010853,0.8688523229408202,0.17172595644766236,abnormal
2024-01-01 00:00:35.150,1.6187555249304941,0.41168695753909473,7.303027207470074,-0.5649085999816151,-1.922136636201594,0.34533859100401204,abnormal
2024-01-01 00:00:35.160,-0.6662650158200684,-3.3502420257185936,6.512251806476968,0.5123302034384809,0.8407877420557454,0.41223476417179394,abnormal
2024-01-01 00:00:35.170,1.9106694059160456,-1.17737156767233,7.3026206839141246,-0.9273930738960243,-1.177112366726654,-0.915812982818864,abnormal
2024-01-01 00:00:35.180,-0.6880801880744997,-0.4052701147532864,6.752103795620194,-0.34088053061671036,0.20623471403030022,-0.8951968127237567,abnormal
2024-01-01 00:00:35.190,1.7004937108207427,0.04132747371284435,8.155036850004334,0.15170935254354245,-1.0954516046501759,0.3947399040516464,abnormal
2024-01-01 00:00:35.200,-0.23041189645062654,0.6684854922634652,7.902415512500234,-1.1574717989861276,-1.0543401890393331,0.01465249225749995,abnormal
2024-01-01 00:00:35.210,-0.8354822519149319,2.015927894077746,7.9697651911544956,-0.0006740599766682818,-0.20205651594650062,0.379847519507479,abnormal
2024-01-01 00:00:35.220,0.3903599123525877,0.8263923289043464,6.420479345751513,1.0391441968025934,1.2128590749247465,0.4360746546161929,abnormal
2024-01-01 00:00:35.230,-1.3071691167037716,1.7537125393031399,6.79151169923675,-0.05111873319216059,-0.6062511122656219,1.1273687235075172,abnormal
2024-01-01 00:00:35.240,-1.3227066392781186,0.40286095868773286,6.68558327206668,-0.879379221791152,0.5435281695782189,-0.6519839612734175,abnormal
2024-01-01 00:00:35.250,0.7096896478158351,-0.14195695448473858,5.915325620151817,0.7366646869338883,-1.4852266833361758,-0.30904201548098464,abnormal
2024-01-01 00:00:35.260,1.131520093997456,-0.8495557849611549,5.78126109326554,0.9577343172354496,-0.38478143752917315,0.70615194484745,abnormal
2024-01-01 00:00:35.270,0.048338600375881426,0.4599117937022652,5.480151065122109,1.497623324244177,1.2525730049298747,-1.0528691719094063,abnormal
2024-01-01 00:00:35.280,1.8816408888853597,-0.39776004999137493,5.110949651660064,-0.18679251231748914,0.028278268532469477,0.1798174424485759,abnormal
2024-01-01 00:00:35.290,-4.057443515585769,-0.14969446178809925,5.698500727726492,-0.24229572354943651,-0.03329406938717423,-0.04347044999488074,abnormal
2024-01-01 00:00:35.300,-0.2354767545834361,-1.5483365010498635,3.854380839571027,0.8724795709430454,-0.4389456400498665,0.6973334255974831,abnormal
2024-01-01 00:00:35.310,-0.3737018892633447,0.3468779495149455,4.565433433637137,1.1493559959253703,0.09349399434248408,-0.04651029536688003,abnormal
2024-01-01 00:00:35.320,1.4469670130407286,-1.8164456763111874,2.4896429251429923,-0.9794102333661533,1.975689266512516,0.2451824596437077,abnormal
2024-01-01 00:00:35.330,-1.556617172238686,-0.22262619036500467,2.339242698036414,-0.9271948440050596,-0.7831991310739482,-0.9574347276225161,abnormal
2024-01-01 00:00:35.340,1.1535093951134956,-0.6956290326416733,2.42896374447299,0.3598194687338562,0.7598093170577122,0.21238200013387684,abnormal
2024-01-01 00:00:35.350,-0.09718908414636405,-0.5959856232644279,2.2347980108633214,-0.1188429198717497,-0.030418613488680444,1.3300786382339218,abnormal
2024-01-01 00:00:35.360,2.0730229192481446,1.306893925327962,1.4307906471701362,0.592202412755567,-1.2273835093227325,0.691357849681245,abnormal
2024-01-01 00:00:35.370,1.8474138863632947,1.1131058943920376,0.6847537211876038,-1.0673759978631239,0.8047593762865384,0.3400680176609287,abnormal
2024-01-01 00:00:35.380,-0.07716217891280082,2.014418130469771,0.9373943524955715,0.5645000783769373,-1.0340322666761335,-0.3304790423685324,abnormal
2024-01-01 00:00:35.390,-0.06382997648986716,-2.1173399802032056,-0.24769373940150002,-0.3040039364373241,0.2754419793106026,-0.7865670218085773,abnormal
2024-01-01 00:00:35.400,-0.3511218028351929,-0.3266534384866231,-0.08258134977223142,-0.5249571742113167,0.4820263908318139,0.9436516772965469,abnormal
2024-01-01 00:00:35.410,-0.6898464869084587,0.8591339537166355,0.7554846277079463,-0.18964784888670133,0.23373278097040162,0.3492319140973066,abnormal
2024-01-01 00:00:35.420,-1.6542540898838123,-2.263632699598194,0.1747888742083582,1.0064265041776588,0.8811728279432285,0.23554966569732974,abnormal
2024-01-01 00:00:35.430,0.4096866761264289,-0.7332443548548768,2.006914098465688,-0.34695635075112713,0.6739673916838143,0.5721403246273894,abnormal
2024-01-01 00:00:35.440,0.8594116155216968,-0.9596660414123525,1.9838411450733087,1.1383753874791083,1.1645967217814979,-0.1285922357921969,abnormal
2024-01-01 00:00:35.450,1.0916788066542509,0.006858011306931719,2.0245851711285874,-1.3450549365180131,0.4168670449570418,-0.12887625478727396,abnormal
2024-01-01 00:00:35.460,0.8694071839430108,-0.9972347548720398,2.869880457499534,-0.9576629639867906,-0.6737935324598484,0.037277459878887594,abnormal
2024-01-01 00:00:35.470,0.5049530085641234,-2.3605411316281195,3.5303866506118347,1.1950931467414296,-1.3682544465998663,-0.7429036899911152,abnormal
2024-01-01 00:00:35.480,0.34291597535165735,2.0385228211437507,2.9027287658224252,0.41280399926210515,1.4936469116679865,-0.056001746639455806,abnormal
2024-01-01 00:00:35.490,0.34663486420270195,-0.03495883834064915,3.877733682495854,-0.8567123751846414,-1.2249478480731746,-0.7284431188760724,abnormal
2024-01-01 00:00:35.500,0.6489731155030181,0.7415396841849616,4.003224823474087,-1.0942410275255399,0.5234225130875482,-0.3724631246630228,abnormal
2024-01-01 00:00:35.510,0.28451511017534437,0.4207457315067911,4.929514712211415,0.9850190558047517,-0.21319672621096694,-0.35436591275414675,abnormal
2024-01-01 00:00:35.520,-1.210473552770837,-0.5955463077505351,5.191734446829681,0.972001290437469,-0.6763730586947024,0.4956545522484772,abnormal
2024-01-01 00:00:35.530,-0.46081567340010104,-0.030229174922199464,5.533256895521208,-0.3952251488083882,-0.23640905665456097,0.22868147301296723,abnormal
2024-01-01 00:00:35.540,-0.12229071089791779,1.4392280057722882,6.079271427908762,0.15908690841795511,0.1079226471018848,-0.15561302932845114,abnormal
2024-01-01 00:00:35.550,0.8247640701570842,0.7772033272069246,6.174623108674874,-0.7770894469008103,-0.8860972992169446,0.16663711385188396,abnormal
2024-01-01 00:00:35.560,-0.8338407880052253,-1.8456543764572646,5.375148604095296,-1.8630982620517296,-0.42357580373453674,0.752634640017835,abnormal
2024-01-01 00:00:35.570,-0.6905063337594887,0.1047345116570528,7.190283424398361,-0.7776102657638789,-1.354151544893942,-0.6816318478680203,abnormal
2024-01-01 00:00:35.580,-0.150709183378529,0.07833844393258342,6.66839302314015,0.07971768001637998,0.29662686447534864,0.5887375169006119,abnormal
2024-01-01 00:00:35.590,0.7572281690515191,1.3440655069571992,7.145562626283595,-0.3596831530528828,-0.3044940754435766,1.1473901391747043,abnormal
2024-01-01 00:00:35.600,1.560779405857851,-0.9882559737031372,7.719367189540245,-0.11949878482228532,0.6381517728670598,-1.339251863797963,abnormal
2024-01-01 00:00:35.610,-1.165017776770517,1.1549915991781379,7.54652708461302,1.0686069939439937,-0.17008787163443456,-0.25849346241724946,abnormal
2024-01-01 00:00:35.620,1.8998515021318647,-1.3125145301110703,6.124803884550595,-0.6991870938617111,-0.04511082405733812,1.0488203357429333,abnormal
2024-01-01 00:00:35.630,0.1492355814932836,-0.3086788432707771,6.98059668540889,-0.36799440092284086,-0.5650991801311656,-0.27689864051722346,abnormal
2024-01-01 00:00:35.640,-2.4154839559109393,2.16094687864599,5.472226892182255,0.9505981918074115,0.2666389136970821,-0.6057442172521507,abnormal
2024-01-01 00:00:35.650,-0.5559780307109868,1.7645921044890318,6.933629037409723,-1.0074050428463144,-0.4951493152034973,0.8958416178949709,abnormal
2024-01-01 00:00:35.660,0.9039210623835559,-0.13055047525625174,5.913544533509784,0.5556204082619732,-0.16681316485770412,-0.6460331859241961,abnormal
2024-01-01 00:00:35.670,0.4096698295843897,0.9562609694701195,6.998671008302675,-0.24261085145563924,-0.5461289242819619,0.8087275611133138,abnormal
2024-01-01 00:00:35.680,-0.999468383340596,-0.24519713949591357,6.823921660236016,-0.6510711818710564,-0.8616066283952474,0.295404249051845,abnormal
2024-01-01 00:00:35.690,-1.9481963441221575,0.9987926155431752,5.9912377615630215,-1.5193922477940833,0.17452372188682622,0.9005997847412588,abnormal
2024-01-01 00:00:35.700,-0.5517569458814945,1.2750326948928932,6.586775374266155,-0.6176011419186472,1.2737107188406611,-0.6021466948846936,abnormal
2024-01-01 00:00:35.710,-0.2905989949003744,-1.1804099054695207,6.188685892484494,-0.26303091040871657,1.3328989732293166,-0.2131140634179574,abnormal
2024-01-01 00:00:35.720,0.5632813354691686,-2.04461182092245,5.758654739906056,-1.0016514182013279,0.10611770243567151,0.12082332716614422,abnormal
2024-01-01 00:00:35.730,-0.5468489983243666,0.9403638722907138,5.5345194432763964,-0.043988248729154,0.8906847026948556,0.4991031121640547,abnormal
2024-01-01 00:00:35.740,0.3719231392461415,-0.3750157820181161,4.78957127583351,-0.37037545645082937,0.39595400414319976,-1.5338981924307469,abnormal
2024-01-01 00:00:35.750,0.14871092837863215,-0.00018865888410020585,6.463961203828115,-0.5767867224054073,0.5071531900699405,1.0169723406653586,abnormal
2024-01-01 00:00:35.760,-0.162893751303891,1.0506814763569687,4.542564730977149,-0.7755825183755483,-1.875965531315256,0.34283645053815714,abnormal
2024-01-01 00:00:35.770,1.773694797287386,1.1302380875755937,3.844398002223765,0.6633130643390789,0.6168962754853876,1.1325169334386793,abnormal
2024-01-01 00:00:35.780,4.129223486615812,2.3164082661733225,3.213108028743339,-0.6320667021073787,-0.3926618190847587,0.617936401837631,abnormal
2024-01-01 00:00:35.790,-0.5614594495939628,-1.208250196037169,3.4601056963625396,-0.4426038022832261,-0.3434924823060024,0.24510370321679165,abnormal
2024-01-01 00:00:35.800,-1.2603034011796848,0.25600271937430363,2.4689822822831626,1.5191594828192603,0.7222873966597664,0.5088083185066856,abnormal
2024-01-01 00:00:35.810,-0.01848341292438083,0.7018797741208087,2.5805505388135623,-1.289777505626754,-0.969311924274358,-0.2494059991073499,abnormal
2024-01-01 00:00:35.820,-3.0875243564641104,0.35520549260209117,3.067773773502781,1.0393251542837083,-1.9814951941996128,-0.3543471157776174,abnormal
2024-01-01 00:00:35.830,-0.18668596510495677,2.519734198242421,1.6300123180675101,-1.4519993509035123,0.3667807157240463,-0.5670306456992378,abnormal
2024-01-01 00:00:35.840,0.3702256926964878,2.0818810287701783,1.2136608543710143,-0.9409120133026092,0.8455180229758404,0.04147588553069591,abnormal
2024-01-01 00:00:35.850,-0.16702989561829565,1.0706885391120764,-0.8211622665262353,-0.2402391539216732,0.7132834645131145,-0.7240625236115054,abnormal
2024-01-01 00:00:35.860,-0.067714592268936,1.2056718860347164,1.048083066068607,0.2641712937508246,-1.5218371800471713,0.932857286001987,abnormal
2024-01-01 00:00:35.870,0.003258220602890815,1.1173270128819939,-0.404587971516582,-0.9451908871145207,-0.14592014842964135,-0.39503556300483095,abnormal
2024-01-01 00:00:35.880,-1.0756541724459148,-0.1857969984494593,1.2448734069696756,-0.7123754438359242,-0.27488689676175265,-0.5515303395296435,abnormal
2024-01-01 00:00:35.890,-1.4190148851765807,-0.08416302254002538,0.18438735464185174,-0.10546863007455029,-0.25150629391465024,-0.6757980732392435,abnormal
2024-01-01 00:00:35.900,-2.0329365922722062,0.5262069615564421,0.7465391106226439,0.6405062689218373,0.3242244161892603,-1.023041635596511,abnormal
2024-01-01 00:00:35.910,1.201720004615903,-0.2685495434870058,1.6000249810721112,-0.9666539354895377,-0.5009175483811056,-0.7091450779739626,abnormal
2024-01-01 00:00:35.920,-0.7283311909220636,-1.0175110856041294,2.3012150252143195,0.2930440663787866,-0.0647022099565589,-0.06172584156383859,abnormal
2024-01-01 00:00:35.930,0.18891544742883673,-0.9530893814792727,2.7346403421629377,-0.12300542180547189,-1.319258891000428,0.46510253446894434,abnormal
2024-01-01 00:00:35.940,0.8904221739391535,0.08159464609742248,2.7129436278253127,0.9662683194134523,-2.264966335197578,-0.059036873579834726,abnormal
2024-01-01 00:00:35.950,-0.16890149042980998,-1.7619876642599965,3.7994514978213285,0.9544325629555901,2.556535901530223,-0.4672671343335036,abnormal
2024-01-01 00:00:35.960,-0.8856392838202521,-1.230608178058792,3.9988885871598074,0.7525912244866724,0.1034880052739336,0.19502200543709278,abnormal
2024-01-01 00:00:35.970,0.18773846998272942,2.1847053319686336,5.040152365761619,-1.06831137741356,0.08272981600812976,-0.09709315435499791,abnormal
2024-01-01 00:00:35.980,-1.4082945277969,2.2521987220189503,3.8625683734561456,0.33173285527603136,0.013174001201629934,-0.10040731459551117,abnormal
2024-01-01 00:00:35.990,-0.6035167761058718,0.6614039168452179,4.983101951112107,-0.05549343032433009,0.1578829384363092,-0.6079848351707251,abnormal
2024-01-01 00:00:36.000,-2.3968770559080683,-0.8729141807909547,5.803954356350075,1.4058636327817078,-0.9787955935828995,0.22937633816637262,abnormal
2024-01-01 00:00:36.010,2.100464192471004,0.1338258183780751,6.1208121104988145,-0.48103139332535894,-1.1985445824572296,-0.4151917497877433,abnormal
2024-01-01 00:00:36.020,0.48158532632131257,-0.2820154091388649,6.101530481370633,1.6316427637574045,0.7686239458272477,0.5686009130267269,abnormal
2024-01-01 00:00:36.030,0.07441067628016654,0.6089301323494913,6.038120661729857,0.4923297148777169,-0.7458447352257601,-0.44107208993107866,abnormal
2024-01-01 00:00:36.040,3.290380643678535,-0.6817881913343822,6.335285580032861,-0.2633852054424455,-0.5833279843586512,0.6624768407431207,abnormal
2024-01-01 00:00:36.050,1.1806194900227094,0.826640744509985,7.121882383780862,-0.275657430274568,-0.7100727641626762,0.00029023221262146977,abnormal
2024-01-01 00:00:36.060,-0.7189139237223056,2.0046714780168924,6.119411555825669,-0.6993123649515538,-0.30064216560972973,0.13979310197013578,abnormal
2024-01-01 00:00:36.070,-1.572292174310158,-0.04350196019577633,5.608961824620396,0.504863160608477,-0.6249183741704849,-1.159268522960625,abnormal
2024-01-01 00:00:36.080,-0.3318497624542091,-1.046018963932635,6.303479485374504,1.3037853180276249,-3.0540958060660377,-0.17459955438151378,abnormal
2024-01-01 00:00:36.090,0.1626957476705281,-0.20772833672221788,6.442695635913499,0.15986068412207813,-0.9236932413488891,-0.37488263988563764,abnormal
2024-01-01 00:00:36.100,2.6236707366452015,2.3090380222470235,8.352322088926005,-1.310468726259759,0.25191317363994453,0.27446393418348225,abnormal
2024-01-01 00:00:36.110,-1.5087086720444314,2.8327512623978612,6.884233166027972,0.5248280444969429,-0.6735675909777303,-0.5441842542339861,abnormal
2024-01-01 00:00:36.120,-1.49103288741052,-0.8787640913196187,7.343956948185274,-1.659910889411953,0.4343278802256194,-0.1299502308732874,abnormal
2024-01-01 00:00:36.130,-1.7134841495655742,1.9298129443008838,6.141984758470937,0.5678968816237954,0.8907378078021073,-0.679378583587119,abnormal
2024-01-01 00:00:36.140,-0.5708903745653945,-0.7723129947691075,7.390361914742151,0.8897663306601674,0.2497301598314235,0.8514955604561967,abnormal
2024-01-01 00:00:36.150,-0.5547449174615949,0.9860259929874454,6.519516567673272,1.2079603629718814,-1.1468698713649876,0.6354354594383356,abnormal
2024-01-01 00:00:36.160,-0.1487151524266808,-0.4411171381380313,7.420424151620558,-0.3486135952233777,0.3612418656376662,0.06169928100146203,abnormal
2024-01-01 00:00:36.170,-1.000187922647274,1.434836286809072,5.8766564728101365,-0.12924501197254895,0.16037015626514414,-0.9414291411998505,abnormal
2024-01-01 00:00:36.180,0.7724190161204811,-0.8761635771892554,5.938896132604736,-0.44057119478028567,-1.692228590906679,1.1253574005120803,abnormal
2024-01-01 00:00:36.190,1.2155664548604896,-0.524584193030041,5.361902130640327,1.1537351452359565,0.6730177909009157,-0.3123064953459209,abnormal
2024-01-01 00:00:36.200,-0.06488294692182088,-1.0879895708101575,5.206574952747706,0.7406210037207609,-0.42348052414424087,0.9869007855017539,abnormal
2024-01-01 00:00:36.210,0.3233986208592193,-0.10604353808579763,4.8815991741900655,0.23688228408470743,-0.5385083843403686,0.06637786247858556,abnormal
2024-01-01 00:00:36.220,0.30909805390356837,-2.2494959670875763,5.200171702077145,0.2558424678260599,-1.4283926339477737,-0.23600725067535663,abnormal
2024-01-01 00:00:36.230,-0.8721915654311772,-0.7275392189439324,4.664072087391507,1.2373350560833354,-0.12866518432297538,-0.0898196707545864,abnormal
2024-01-01 00:00:36.240,1.2150092044197618,2.0551556002965716,3.985296015093116,-0.7955612429471195,-1.7900282934437697,-0.030022174178518997,abnormal
2024-01-01 00:00:36.250,-0.8630193345041076,-1.2278838538197163,3.4805132385924695,-0.25778319849061526,0.3100952021487276,-0.5113352074696739,abnormal
2024-01-01 00:00:36.260,2.0950992522959453,1.112545418029256,4.684738411703961,1.5215467910531244,-0.34248670711571844,-0.38862388556526534,abnormal
2024-01-01 00:00:36.270,1.6805857745759762,-0.9428702824454104,2.927064783129481,-1.1162592071322273,2.9525557786390215,-1.0714958376327182,abnormal
2024-01-01 00:00:36.280,0.6272211481335392,-0.8869001515615949,1.9761101840263886,-1.927889870886077,0.546239334974951,0.4072737261943925,abnormal
2024-01-01 00:00:36.290,0.5797778307401245,0.9781755821290844,1.3290677006627498,1.1658290958179538,-0.21887860845035528,0.2031462158070391,abnormal
2024-01-01 00:00:36.300,0.699266393339668,-0.3594509682124589,0.9391005384817849,-0.6933442127772419,-0.04278558046130993,0.20722702649741986,abnormal
2024-01-01 00:00:36.310,-2.0136139145849747,-0.5595640773900707,0.004042699493856938,-0.22165623189749123,0.7184181411382495,-0.9324662945819605,abnormal
2024-01-01 00:00:36.320,0.33768213244806916,1.658676779470196,1.4984007620045736,-0.07575120719635965,0.6701100624713823,-0.4441498896526052,abnormal
2024-01-01 00:00:36.330,-0.4042725438907268,0.5783961849273228,0.3259289035946965,0.1623254996107312,1.1935560952071818,-0.886081081094281,abnormal
2024-01-01 00:00:36.340,0.4046273010753553,-0.9164652547195623,-0.34818495389246795,0.9549492321437716,0.9910592296147791,-0.6871296438747625,abnormal
2024-01-01 00:00:36.350,0.11772587043948002,0.6430769827546087,0.10827343436203823,0.7064313602699176,-1.3619602791935441,-0.07148643884377454,abnormal
2024-01-01 00:00:36.360,0.9753019075805864,-0.18007942325078596,0.8245300523202207,0.22756164985609767,0.03537345515143773,0.2582951217038624,abnormal
2024-01-01 00:00:36.370,0.5223614570450451,-2.2322887149025337,0.5574985645068283,-0.11239239816514253,2.0612029141045403,-0.17285036812818086,abnormal
2024-01-01 00:00:36.380,0.1499601926432419,1.02917993878325,1.2890182459314232,2.4454595212526096,-0.04487480321463594,0.0697153295174395,abnormal
2024-01-01 00:00:36.390,0.25435391164283694,-2.423014688879532,2.2546283530084152,0.009118570050702018,-1.0977908507786847,0.5310089513131857,abnormal
2024-01-01 00:00:36.400,-0.7807763673866129,-1.1118755446298225,2.7230293145865505,0.3904049636992186,-0.621382678517239,-0.5316873455043679,abnormal
2024-01-01 00:00:36.410,-1.6804877431915808,0.10230382914312483,3.4112578257636272,1.2429129325037962,-1.0870765213329436,0.3783314765329971,abnormal
2024-01-01 00:00:36.420,1.2622855542137985,-0.07397272085625256,3.3511121042338474,0.3779235737882291,-0.9492563409627728,0.005420201589631484,abnormal
2024-01-01 00:00:36.430,-1.565545247398647,0.03009554905347487,3.4690113447835347,0.6111802364254384,-0.7237033128199724,-0.12078969318609345,abnormal
2024-01-01 00:00:36.440,-0.19532690311242068,-0.21371667683231135,3.6143635503985334,-0.3611721344793318,-0.2262629133559224,-0.03431914475802687,abnormal
2024-01-01 00:00:36.450,0.8908044098772449,0.1400651306906684,3.636298842519823,0.5424445860724371,-0.816081264954323,0.5535145498690947,abnormal
2024-01-01 00:00:36.460,-0.2194531506815666,1.7922027635726405,5.193497159063636,0.033312013043883974,1.7188675597942111,-0.15905167139865098,abnormal
2024-01-01 00:00:36.470,1.181223289706361,-1.0884526808321378,5.05271678357915,1.003588451196436,0.5893289401375861,-0.5369024251352573,abnormal
2024-01-01 00:00:36.480,-2.4595568652430555,-0.14602298689787804,5.7584595759780175,1.094416050583707,1.4465137287603673,-0.8117527150019453,abnormal
2024-01-01 00:00:36.490,0.227055949027543,1.8052059090901311,6.639167777770102,-0.6517227789768003,-0.9006061867705493,-0.2130182245084905,abnormal
2024-01-01 00:00:36.500,-0.2849989282053336,1.3814738683466319,6.1809485399273685,1.4739079953408822,-1.5324291954703335,0.6680753929901021,abnormal
2024-01-01 00:00:36.510,-0.7349195508748921,-1.5824694897314497,6.775801710615462,0.548986553177697,1.4860709036335036,-0.2627735384997793,abnormal
2024-01-01 00:00:36.520,0.8430036750746454,-0.5486578005973004,6.519232651282167,-1.5824254030135927,0.09440264472973427,0.5347653725093281,abnormal
2024-01-01 00:00:36.530,-0.27113800477950784,-0.11341647675208974,6.339608346925145,-0.8192172712386063,0.10809388906288726,0.15585769652140527,abnormal
2024-01-01 00:00:36.540,1.07691521986747,0.00225161953864941,6.594123915251006,0.6416674735379528,-1.1685875624099615,0.07706006385274394,abnormal
2024-01-01 00:00:36.550,-1.159228755136546,0.22807429254152814,6.870433493858046,-0.39880036319376144,0.012492530147683622,-0.5732402410620808,abnormal
2024-01-01 00:00:36.560,-1.3820427518047853,0.7665041960518933,6.5808608939973166,0.0422981523568075,-0.1779691659991597,0.4068455407292544,abnormal
2024-01-01 00:00:36.570,-0.058628394246182214,0.9948269926715001,7.266134342868425,-1.5407283601425408,0.26091724388021525,0.20749984562156015,abnormal
2024-01-01 00:00:36.580,-1.1462484072923187,0.7694274934192943,6.642538194063246,0.01359000199004641,-2.660514760152464,-0.018421620063891544,abnormal
2024-01-01 00:00:36.590,0.318549515772306,-2.427758437171828,7.258573681402736,-0.7533237139554569,0.27026939071827616,0.08127280778816699,abnormal
2024-01-01 00:00:36.600,-1.3410279501091684,0.553088314455896,6.265478227259014,0.17983199145406228,-0.24834472264258103,-0.2090809666790451,abnormal
2024-01-01 00:00:36.610,0.965143324360062,-0.45279978528850356,6.542873011849111,-0.46210532796265336,1.4187699839220558,-0.6664391562836476,abnormal
2024-01-01 00:00:36.620,-1.7507055611969777,1.3215514645064879,5.865125261485385,1.2402204063405597,-0.4386090162168042,0.5472026418330609,abnormal
2024-01-01 00:00:36.630,-1.8665085335321256,-0.3081306824459373,6.340675097172942,-0.14359749944103228,0.4563533677782789,0.5422898127313741,abnormal
2024-01-01 00:00:36.640,-1.56184977072197,0.716598786452404,5.940544643178213,-0.6582531455538928,-0.9347501419110698,0.017827989628885033,abnormal
2024-01-01 00:00:36.650,-0.34299960059904816,2.100729718891519,6.226072614227905,0.5081404451896997,-0.5599297157245601,-0.3353810994016807,abnormal
2024-01-01 00:00:36.660,-0.11426377472319928,-0.4046798417389456,5.836251173047638,1.038624200009646,1.0579245283675138,-0.1273733662495871,abnormal
2024-01-01 00:00:36.670,-1.4030599489073547,0.6709026765019391,6.335481953429967,-0.3314092820523009,3.0352769644102744,1.2937008748085728,abnormal
2024-01-01 00:00:36.680,1.555396486567385,0.5476350483610842,5.769596859414446,0.9087635970951089,1.872904728652993,-0.17472781007328417,abnormal
2024-01-01 00:00:36.690,0.2470364943808893,0.3873117692547934,4.988771796933883,-0.8373142194319259,0.20690846823211206,0.3845063330839494,abnormal
2024-01-01 00:00:36.700,0.39826547523510164,-2.723427486684489,5.051457323700693,0.1591909474970245,-0.6824211939127901,-0.5950904441273316,abnormal
2024-01-01 00:00:36.710,0.4279508910734762,-0.8757864607097148,4.5905957915862325,0.5895381157842406,-0.5231175291495335,0.25125858864213213,abnormal
2024-01-01 00:00:36.720,-1.074823598091606,-1.2039172800927604,4.447353278999471,-0.28804721224563445,0.08222492125710432,0.6233283620707196,abnormal
2024-01-01 00:00:36.730,-1.6421775698683276,-0.23082297199379698,3.205878657424325,0.9219417271442175,0.07704065729073702,0.7706802851635688,abnormal
2024-01-01 00:00:36.740,-1.4738691507393313,-0.10406217362857327,3.5166023285852814,-0.6096680245538739,-0.4317679421100065,-0.612974928023657,abnormal
2024-01-01 00:00:36.750,-3.417572509842727,0.8257996959873619,2.698303227762,-0.4144320820762872,-0.3603573819413926,-0.648987002806209,abnormal
2024-01-01 00:00:36.760,-0.3763703603612583,0.6751246837392822,2.823093207063586,-0.28416780437746453,0.9538945959653857,-0.3503609434607738,abnormal
2024-01-01 00:00:36.770,1.0623107827812206,-0.089173468324358,2.0998113503603717,-0.007119239682818696,-0.5329348571946726,0.43717366041920974,abnormal
2024-01-01 00:00:36.780,-1.3783165577364365,1.4242753346273924,0.7491004863015128,-0.5241113221422761,0.8452789747435805,-0.14469667268973094,abnormal
2024-01-01 00:00:36.790,-1.3726250389260228,-0.8358172894484664,1.3247511551319,0.36688801004270316,-0.2181042965384082,0.14528347493140187,abnormal
2024-01-01 00:00:36.800,1.287980395652965,1.564281236285925,0.3127955401594512,-0.7314004430385314,-1.4392635988088847,-0.6321268067776274,abnormal
2024-01-01 00:00:36.810,-0.11011983307799164,1.0809196369922969,-0.017416468020849576,0.33734273904492107,0.26159289243234707,-0.02774107018976858,abnormal
2024-01-01 00:00:36.820,-0.035213171008051755,-1.3762021200058439,0.29529187995661765,-1.985634660639952,-0.011580381294166829,-0.3693702783761541,abnormal
2024-01-01 00:00:36.830,-1.3799268151183517,-1.4683377997620872,0.8573002732042342,-0.8587788029453849,0.9454097576075696,0.3607247621759042,abnormal
2024-01-01 00:00:36.840,-0.2572439544593604,0.035955790935108756,1.2421385360965982,-0.5735918645594265,-1.1657809472491873,-0.31009218092505714,abnormal
2024-01-01 00:00:36.850,-0.1556322112435718,0.8736736617497863,1.2964933043043578,0.6882930017559263,1.0627681241548679,0.03957823458865141,abnormal
2024-01-01 00:00:36.860,0.11255443973763164,-0.1291806283853731,2.2386659174934906,-0.7717725315936019,0.28454678266223704,0.20589349632633294,abnormal
2024-01-01 00:00:36.870,-0.7778825635021284,-1.2644462190160846,2.8905809136221783,1.5023288097636633,0.6932772179869391,-1.2915851376988614,abnormal
2024-01-01 00:00:36.880,0.25893040157824765,-0.9846539415846578,2.9911676693874476,-0.9629865157534594,0.8829361123348078,0.6929301978879012,abnormal
2024-01-01 00:00:36.890,-1.3097231511013576,0.17031772337403792,4.200037207693873,-0.2593938408637181,-1.2495481917336193,-0.3816945960235482,abnormal
2024-01-01 00:00:36.900,0.05462858685240684,0.9490811712042565,3.6397900643991576,0.4447713805381683,0.5415289058181165,0.12826988796388983,abnormal
2024-01-01 00:00:36.910,0.271765668586693,-0.3986652276030888,4.576755585367117,0.2254078748572719,-0.41185478367613204,-1.3483977228156114,abnormal
2024-01-01 00:00:36.920,1.0827218591726404,-1.1290263004793537,5.862963913497966,0.2570371356308576,0.33303900734912817,0.16614093776407182,abnormal
2024-01-01 00:00:36.930,-1.044798929005856,0.48860789250237185,5.945333663566757,-0.08786085227574486,0.8895669530950725,1.1266057212593155,abnormal
2024-01-01 00:00:36.940,1.2537523809283853,1.7607197800292451,5.257065456294413,0.654013474549058,-0.03479523869915018,0.5164815993011052,abnormal
2024-01-01 00:00:36.950,0.41729739807745875,-0.21739472517445774,5.703832316195826,-0.438126636819961,0.8606549884737573,-0.37554489843705935,abnormal
2024-01-01 00:00:36.960,-0.5228010379902783,-0.5074925872336399,5.077055349751688,1.7900461477246128,-0.6401881205095383,0.11639596308360299,abnormal
2024-01-01 00:00:36.970,1.508119479921223,-0.4251397149705584,5.77994238977973,-0.09134958287970674,0.7074687609504462,0.28291135891779295,abnormal
2024-01-01 00:00:36.980,0.7874609293500758,-0.3722000322182218,6.819483398716464,-0.23327133211215717,-0.011900386984059477,-0.38378087656388765,abnormal
2024-01-01 00:00:36.990,0.46322561594030126,0.23324485636031755,6.606676169367195,-0.28459209516674366,-0.8274282966145188,-0.22380387275256802,abnormal
2024-01-01 00:00:37.000,-1.619356772323304,-0.7206941155314609,5.87256395545594,-0.4045270238166255,0.8842867310134265,0.37982584778206824,abnormal
2024-01-01 00:00:37.010,0.7631958951238405,-0.6205953611148742,5.852707915295339,0.14783513266348522,-1.2246151654585895,0.601544715390324,abnormal
2024-01-01 00:00:37.020,0.8678869912099642,0.76011275253638,7.082378405610039,0.0010949031610632209,-0.47845429274596024,-0.13806259132417106,abnormal
2024-01-01 00:00:37.030,-0.5836935405008493,-2.506568034283703,6.582558552537065,0.5617945316338769,-0.059851315456803084,-0.4321028412502136,abnormal
2024-01-01 00:00:37.040,1.355094534421969,0.563046397768697,6.850211527475843,0.47448961087324554,0.17604500075663432,0.2321650087473802,abnormal
2024-01-01 00:00:37.050,0.23758306519850939,-1.4402753519333122,7.445020491149066,-0.10775306221174462,0.5734542499411561,0.13398062304754635,abnormal
2024-01-01 00:00:37.060,-1.9837818218178254,-1.2347331941615234,7.084157752969192,0.14363991034530116,-1.1381396835193822,-0.5700555249936976,abnormal
2024-01-01 00:00:37.070,0.8336814013747884,-0.6770427200174096,7.041087056102311,-0.806915873171535,0.6604593180808452,-0.470668512109653,abnormal
2024-01-01 00:00:37.080,-0.8641067835690486,-2.2769442986113044,6.389176910331283,-1.5184634025666055,-0.2161216575525591,0.1492114994655441,abnormal
2024-01-01 00:00:37.090,-1.832873138614387,0.0027009789689465117,6.40842519901872,0.7582519987559202,0.13516883095683246,0.03708580854241839,abnormal
2024-01-01 00:00:37.100,-1.4747069773510328,1.2738568106117671,5.57345369057578,0.5656960243255965,-0.8506734892823362,-0.8034033413424828,abnormal
2024-01-01 00:00:37.110,0.567832801436885,1.1199183180835617,6.999829153405592,0.1593172196588939,-1.1577725062017197,0.0644115929836827,abnormal
2024-01-01 00:00:37.120,0.5474775772114974,-0.32815542205499615,6.142171298584517,1.1609313016455034,0.0611769638667013,-0.380274533440462,abnormal
2024-01-01 00:00:37.130,0.6450465352746566,0.9346013152809088,6.0760947748470615,-0.5626185096698076,1.6790454204452643,-0.21485146819934411,abnormal
2024-01-01 00:00:37.140,2.242899711147597,0.7986604952662776,5.2918561301481155,-0.4881459887113744,-1.624649043757218,0.323405323792001,abnormal
2024-01-01 00:00:37.150,0.1654464660935918,-0.6255917609708305,6.2412927656249915,-1.0804524957211263,-1.9934065939469532,0.1303286117315155,abnormal
2024-01-01 00:00:37.160,1.5338900888053912,3.0860896755739144,5.640111084423093,-0.8509986753668546,-0.12705705449668944,1.284002113575957,abnormal
2024-01-01 00:00:37.170,2.9365783317110234,-0.6160055076884123,4.224455051005778,-0.08761436431497056,0.2553186443532736,-0.10205086386000099,abnormal
2024-01-01 00:00:37.180,0.5557791417664382,-0.7892666438542483,4.313755913622747,-1.1826184586237143,0.1862872788049779,0.1853051220594764,abnormal
2024-01-01 00:00:37.190,-2.960172484249571,-0.20268164541562028,4.4877731983474485,-0.43745995650638175,0.4776743078330281,-0.15562676708543768,abnormal
2024-01-01 00:00:37.200,1.4632264343133727,-0.1497212862545595,3.035798046995411,0.46033842264614655,-1.8611482508345152,0.3108054104368629,abnormal
2024-01-01 00:00:37.210,-0.09172953250971767,-0.7217133390923846,2.1661693024435937,-1.1290742388556712,1.1396494571844469,-0.38915907175713754,abnormal
2024-01-01 00:00:37.220,-1.9921991946547386,-1.3434677849702985,2.720707468570833,-0.30196243999146877,0.09528441318509936,-0.692178368181572,abnormal
2024-01-01 00:00:37.230,-0.0524533864857837,-1.2079357463165863,1.9892800193735234,-0.5508151009718117,-0.9609750538542595,0.1718417639964232,abnormal
2024-01-01 00:00:37.240,-1.8331744399090102,0.7410742973470571,1.8865161699023276,1.345018573225015,0.5036153198001517,-0.9659178458087068,abnormal
2024-01-01 00:00:37.250,0.3919853022909394,-0.7501085291537425,0.8767266175108867,0.18346157976054053,-1.1312795167512826,-1.113946250039767,abnormal
2024-01-01 00:00:37.260,-0.5906085599087101,-1.706952121896528,1.1478853315632067,0.030245903957983718,1.2302107137070026,0.6027213021441453,abnormal
2024-01-01 00:00:37.270,1.3059384716768274,-0.737442461989403,0.05388830186346594,-0.7375134751908038,-0.9815444153181303,-0.2546187220863925,abnormal
2024-01-01 00:00:37.280,-0.021369157165012396,1.1849505869074497,0.3626080562278498,-0.059943276737276424,0.8249868064513398,-0.3749371864762924,abnormal
2024-01-01 00:00:37.290,1.7405065044299215,-0.8475257510438561,-0.5204942471054935,-1.0819291945539318,0.08814159329397403,0.399989242406441,abnormal
2024-01-01 00:00:37.300,-0.20135338149261706,-1.2901371080016877,0.01589775389265724,0.4899809988389472,-2.303495705456952,-0.3943607987429915,abnormal
2024-01-01 00:00:37.310,0.5644301821229861,1.4511626600594938,1.518806274587288,-0.1987156907813786,-1.214234743129893,-0.8937641599085286,abnormal
2024-01-01 00:00:37.320,1.814466682948414,1.8475293513993736,2.39976739141047,0.5649894141371157,-0.44168028107613333,-0.38871792983222775,abnormal
2024-01-01 00:00:37.330,-0.23089187671679265,0.4852685474273916,2.5398330769333546,0.15062162079123279,-0.0070143924641603884,0.3271184186928923,abnormal
2024-01-01 00:00:37.340,-0.0034950359309753503,1.563227344966559,2.9192611790365794,1.4773561850398196,-0.47523102380518545,0.7087575441343331,abnormal
2024-01-01 00:00:37.350,0.31782556672880663,1.8189568311183477,3.249913914538419,1.0194238547199967,-0.5693367648700003,0.33713694611964684,abnormal
2024-01-01 00:00:37.360,-0.7997170395479891,0.3814579198451152,4.352778513610387,0.027681843662592513,-1.4081853269516444,0.40196535623895824,abnormal
2024-01-01 00:00:37.370,0.4589159291535351,0.14724487047618137,2.6554883356785908,-1.5897590511475035,0.37199644439751167,0.3846661496115089,abnormal
2024-01-01 00:00:37.380,0.9992769576360663,-0.23611200096146345,3.74990834066216,-0.4999995482849552,1.5342916503852027,-0.20651560347549586,abnormal
2024-01-01 00:00:37.390,2.731591435399418,0.14658671778977356,3.8330661867340567,0.10026034911548251,-0.0036839462149518805,-0.35934470077676334,abnormal
2024-01-01 00:00:37.400,0.5844554283007783,-1.1364250627568593,4.115364814098739,-0.07430835653684084,0.1489684575762019,-0.7500256941779179,abnormal
2024-01-01 00:00:37.410,-0.28488713130547144,-1.1632641666906438,4.027418769981652,0.10936929387611528,0.6240254660624533,0.05327026837106054,abnormal
2024-01-01 00:00:37.420,-0.06327508162682813,-2.168454059527082,6.447237427830819,0.10932672186610469,0.6449335497237435,0.7493992964353732,abnormal
2024-01-01 00:00:37.430,2.4657675266638988,-2.16845134336358,7.011641667720131,0.2765708942043505,2.462620323060071,-0.2188181459193114,abnormal
2024-01-01 00:00:37.440,-0.11700404004773618,0.7734446911051452,5.451642817790834,-0.49351722908114537,-0.4953516097290209,0.39167920167553627,abnormal
2024-01-01 00:00:37.450,-0.11538835910916535,-0.35740452634586634,4.929786397233259,-0.10334058294129343,0.6577009512871944,0.16876289978678638,abnormal
2024-01-01 00:00:37.460,0.4221453743728502,-0.09290698633557189,6.798350032715205,1.603294531572146,0.7295262017242776,0.897128602822569,abnormal
2024-01-01 00:00:37.470,-0.5291147164118051,-0.015809150722292144,6.903017360648201,-1.5674995089000223,-2.0981728362984478,0.23525665517509925,abnormal
2024-01-01 00:00:37.480,0.4094552131923301,1.2498945925549962,7.178843560741296,-1.5221167924052166,-1.338774996005369,0.05013574481095408,abnormal
2024-01-01 00:00:37.490,-1.2795665592494543,-1.2037313590398566,6.492144170354549,-0.24798341966352633,1.6608542138336069,-0.04864559748355143,abnormal
2024-01-01 00:00:37.500,-1.2916636394206058,-0.7750875873610933,7.513192474339432,-2.257763476392886,-0.10264457939200833,-0.5071985555353792,abnormal
2024-01-01 00:00:37.510,0.4745777503872006,-1.6200119582658814,7.563102954077488,0.1510258030823855,1.3579809090831052,0.30219740542145246,abnormal
2024-01-01 00:00:37.520,0.2641590441694936,0.6558344999975818,7.108544515588649,-1.181919906014189,1.162562682365539,-0.23749969571438317,abnormal
2024-01-01 00:00:37.530,-1.589673261580255,-0.5854404419422304,6.31150281994931,-1.2964324943065821,1.0607755972585486,0.13472301752588,abnormal
2024-01-01 00:00:37.540,-1.7881695493598708,-0.055323005774021224,6.563893577191923,-2.0202835275440685,-0.42304506163585337,-0.4527193590678981,abnormal
2024-01-01 00:00:37.550,0.5451759050618901,1.189775336500318,6.266531328265343,0.8658757113331484,0.8231815056401673,-0.22053618351069218,abnormal
2024-01-01 00:00:37.560,-4.485375904671118,-0.3908738677317239,6.783518823190881,1.8667686064302365,0.5778669359549393,0.11696168128200496,abnormal
2024-01-01 00:00:37.570,0.566391675147759,0.23120100644243527,6.615286382668809,0.32580615743287633,0.12213049121537886,0.44983624752685936,abnormal
2024-01-01 00:00:37.580,-3.8241141376081087,-0.4490862070777151,7.073660602611679,0.785669102717938,0.3884108116677533,0.1951243915285106,abnormal
2024-01-01 00:00:37.590,1.1100234071138984,-1.7859468262137355,6.382093296583089,-0.3059081063392795,0.2597851496750681,-0.31604614056603153,abnormal
2024-01-01 00:00:37.600,1.754611179719778,-0.8301510171108745,6.375339924096313,-1.3033738389302574,-0.06356236557689045,0.42851565791330776,abnormal
2024-01-01 00:00:37.610,0.4356049012291295,-0.2887622223931324,4.456874154132409,-0.075083855479393,0.23585301933361225,-0.014976025558680871,abnormal
2024-01-01 00:00:37.620,0.10472629342884067,-0.2509854122173206,5.761633510774527,0.7051500730818967,0.6275401406219286,-0.19421485232244545,abnormal
2024-01-01 00:00:37.630,-0.13462904961608887,0.5901719066941572,5.558891711992337,-0.29473505551517465,0.5958218550099179,-0.31535795229673985,abnormal
2024-01-01 00:00:37.640,0.43700025049838065,-1.0081754611927234,5.242676746563025,0.6138563523441223,-0.1194614245008406,0.20954420966044365,abnormal
2024-01-01 00:00:37.650,-0.2650699698893169,-0.20237132710552394,3.5244419126093103,0.1722720589358973,-0.0380996593275356,-0.2937584299264902,abnormal
2024-01-01 00:00:37.660,-0.42558688574213355,1.2954227995641447,4.222361405342685,0.24420398806524357,0.654566411641551,0.16886962053568066,abnormal
2024-01-01 00:00:37.670,-0.6753274271073079,-2.135063202890323,2.993379377644219,-0.25629616971670005,0.6038317564464438,-0.5974102984359889,abnormal
2024-01-01 00:00:37.680,1.3129832314518073,-2.1714240422786473,4.164240749687572,-0.8860245239312925,1.3279040276864202,-0.42305524303944525,abnormal
2024-01-01 00:00:37.690,0.46215097770345276,-2.032975835731379,1.9838767763512077,0.5249797000472505,0.2114828172138255,-0.7782231122917848,abnormal
2024-01-01 00:00:37.700,-0.2958921871920214,-0.43908083136431536,2.7872760826825314,-0.7762120333306592,-1.301782586516226,0.3375415306700268,abnormal
2024-01-01 00:00:37.710,-1.9346985687488734,0.6298358570924967,3.4584294765914123,-0.5346655440291052,-2.0784741553708166,0.1549500643826542,abnormal
2024-01-01 00:00:37.720,3.485068040961591,2.3184467587124864,2.095653501859371,-0.8253412948060654,-1.0947441325351377,-0.3084076374082463,abnormal
2024-01-01 00:00:37.730,2.2283721133827448,0.9083572117361713,1.8604525702206853,-1.3658170975283166,-0.04527335662193734,-0.09491835737706635,abnormal
2024-01-01 00:00:37.740,-0.6010369140941937,1.7265619769932627,1.0110845097619,0.2979667072844272,1.6513922430376133,1.8695758050532973,abnormal
2024-01-01 00:00:37.750,-0.7413536658200094,-0.7757710470172837,-0.33859382425074885,0.011810865100378556,-0.8741861175153331,-0.1187988155949471,abnormal
2024-01-01 00:00:37.760,-0.8465396739547495,0.08434296146279632,0.4398662691208578,0.9243893666401319,0.3401873759902733,-0.11907359172296068,abnormal
2024-01-01 00:00:37.770,0.8583865462419239,1.3357448034085633,0.9710647056113313,0.7899074521282302,-0.1209752699347909,0.8304478072699882,abnormal
2024-01-01 00:00:37.780,0.40019686613700556,1.583598947205294,1.762656622049151,-0.3759418851734104,0.06992170072568372,-0.44971308878434835,abnormal
2024-01-01 00:00:37.790,-0.298192641883329,0.226793082752684,1.902559620705807,1.1017633236730555,0.3448810471798287,-0.4749919845361922,abnormal
2024-01-01 00:00:37.800,-0.40350150004494545,-0.5408141061594146,1.4936801519101177,-0.3923678959276744,-0.266969860987885,0.7743802705480695,abnormal
2024-01-01 00:00:37.810,0.8037491160233592,-0.6964758652996171,3.2180083367409003,-0.07808553525677472,1.4373993816373885,0.08816346552178775,abnormal
2024-01-01 00:00:37.820,-1.5466076755741165,0.008397578223462454,3.0806377116531154,1.5464109859312596,-0.10591440942376533,-0.13513627545212537,abnormal
2024-01-01 00:00:37.830,0.4070063567638777,-0.7321197133870154,3.37840981945911,-0.13089603973181058,1.3072207313445157,-0.4028207912025268,abnormal
2024-01-01 00:00:37.840,0.5324196782757209,1.9307198589700596,3.8193277205044405,-0.7127356927690799,-0.6983503674383743,-0.22621949366276048,abnormal
2024-01-01 00:00:37.850,3.1364926297596987,2.1633406847815895,3.8749485376320836,0.1555731096656664,-0.654665366369481,-0.7957687140346553,abnormal
2024-01-01 00:00:37.860,0.09463086212114576,-2.152602540636408,4.3325456015122645,-0.7906434005557226,1.0288881664719425,0.47847381632560526,abnormal
2024-01-01 00:00:37.870,0.2073696609120512,-0.008446311630718349,4.87181975744842,0.3529142398619814,0.20838321063100013,1.0671449645363573,abnormal
2024-01-01 00:00:37.880,-0.24745075127468857,0.9632276686364984,5.021321312179136,1.4291912738168995,0.5805456965776098,0.7183958512088825,abnormal
2024-01-01 00:00:37.890,-0.6249592070076392,-1.430944936207269,6.4202937349443,0.5185787110015282,0.2952420525873218,0.48684436214307303,abnormal
2024-01-01 00:00:37.900,-0.19658706400358958,1.0930845120222417,5.619528656934617,-0.4450903085148104,-1.0691174207001746,-0.01797844076863002,abnormal
2024-01-01 00:00:37.910,-1.740936414313318,-0.8675931735110176,5.691463673158896,-0.0473778659026636,0.145567123461491,-0.7072787402860692,abnormal
2024-01-01 00:00:37.920,1.1754490497477714,-0.8824047157153684,6.248292782836717,0.3753874996360315,0.4152442655866371,0.3190365817270123,abnormal
2024-01-01 00:00:37.930,-0.2340627217084031,1.6448226771426824,6.121659396935629,-1.2114427576115152,0.7456919454407803,-0.5272069375293695,abnormal
2024-01-01 00:00:37.940,-0.5543460549633289,0.0304138983060422,6.714139181450568,1.0463235675620126,-0.08631854761175253,0.9660188487611381,abnormal
2024-01-01 00:00:37.950,-1.2509754427091666,0.5949471407650779,7.215634988166846,-1.0666550377942905,-0.05957620145224168,0.2960099262988744,abnormal
2024-01-01 00:00:37.960,0.05941442681651688,1.554201506229505,6.293790972335698,-0.27032715574282956,-0.25782106156216456,0.2584200702965275,abnormal
2024-01-01 00:00:37.970,-0.20524471643824632,0.5544068615748794,7.37792586645112,-1.8681312385546776,-0.036173482814532865,0.23869059007013801,abnormal
2024-01-01 00:00:37.980,-0.4843007499063175,-2.6445839755221274,6.21496211345215,0.23480851003236877,-0.5718091161079248,-0.597964726330553,abnormal
2024-01-01 00:00:37.990,-0.11830835002501298,0.8338644675853136,6.988403469689748,-0.5668533449628863,-1.76087686060703,0.4126297855899131,abnormal
2024-01-01 00:00:38.000,3.940568934597784,-0.11116441894020135,6.593572748092857,-1.1285478821023198,0.6342777830663083,1.0225653078628927,abnormal
2024-01-01 00:00:38.010,0.1804369032165264,-0.6066995982151193,6.401699201918818,0.8558432373513509,-0.7488662645267281,0.5532790711707231,abnormal
2024-01-01 00:00:38.020,-2.4474812305657516,-0.15321115716144942,7.7739287667804895,0.025828670589348634,-0.29929117747549744,-0.667476375673397,abnormal
2024-01-01 00:00:38.030,0.03589243215281043,-1.990609925885243,7.065129806800774,0.8300440162157161,0.38603764153635906,-0.32234099847786335,abnormal
2024-01-01 00:00:38.040,0.2326404371039329,-3.9930001013082594,7.134001078253045,0.043023326048708885,-0.4283971060705215,-0.4133155846657342,abnormal
2024-01-01 00:00:38.050,1.6370854057816329,-0.06662961821519874,6.99157423695386,-1.2838049747026932,-0.8760260177063598,0.5907748880317626,abnormal
2024-01-01 00:00:38.060,-0.4877452541419311,0.03792873259643284,6.422960777050145,0.2572720008959155,1.4087710259226944,-0.6893257124911738,abnormal
2024-01-01 00:00:38.070,-1.2182006691683946,-2.826152402317199,5.388486154428216,0.11479775077033395,-0.9206431669018522,-0.26155873340124264,abnormal
2024-01-01 00:00:38.080,-3.6823822600010154,0.3654931823476725,5.756946912863208,-0.6028357531302869,-0.944669655713113,0.3443163307254538,abnormal
2024-01-01 00:00:38.090,1.503690181915849,-0.7477581028335433,5.18973790850306,0.18601575097934686,0.7495566920481964,0.7376055153016966,abnormal
2024-01-01 00:00:38.100,-0.9197185493414645,-1.1767242705269805,4.51663148627975,1.1536812849953608,-0.17994501372184343,-0.37490594113136566,abnormal
2024-01-01 00:00:38.110,-1.143548679595043,1.9532697555649097,5.028100083282153,-0.2633338819716573,-0.5595677595611558,-0.1722997064176357,abnormal
2024-01-01 00:00:38.120,-0.8141829167757826,0.7234603763884188,5.111152675162595,0.7226951756786755,0.5218845761459482,0.7836576965426133,abnormal
2024-01-01 00:00:38.130,0.020042585685706354,-1.78789137040021,3.7309034119612265,-0.36309364440526093,0.6953337956241477,0.26578688514199017,abnormal
2024-01-01 00:00:38.140,-0.31362787598932923,0.6147476737233768,4.393366693776928,0.8684936919032656,0.4011342690895392,-0.19270038122987787,abnormal
2024-01-01 00:00:38.150,-0.004369874981981663,1.7607581517188156,3.8499442546665503,-1.0584273311807242,-1.1189297115920915,-0.8848964828650897,abnormal
2024-01-01 00:00:38.160,-0.1488654634550411,2.1989106960669664,2.0608287022945166,-1.2045410757395598,0.9703489674434105,-0.49738366706162374,abnormal
2024-01-01 00:00:38.170,1.1416024741835924,0.4454689795400936,1.630946930600583,-1.5429759049980682,0.7295865502813225,0.054609777644623714,abnormal
2024-01-01 00:00:38.180,0.20352882774981873,1.3592880115173789,2.9025371960889705,1.4967105243248569,0.3145953852378137,-0.004503851347049341,abnormal
2024-01-01 00:00:38.190,-1.108267963815324,1.7584173020965168,2.104171783355533,1.1559561297828296,-0.8971687722782045,0.14373029998228162,abnormal
2024-01-01 00:00:38.200,0.17418187652091663,-1.9777022045119683,1.6239595975486505,0.9124317968673171,-2.27493117423668,0.16512829810711002,abnormal
2024-01-01 00:00:38.210,0.7308433541879898,-2.4969611896734643,0.6520597840982986,-1.2196018340201853,-0.7797283403581373,-0.15412036949501312,abnormal
2024-01-01 00:00:38.220,2.4374158231115763,-0.7291979561166625,1.1061458398380961,1.9674044262965849,0.6503358503245292,-1.0713131812385415,abnormal
2024-01-01 00:00:38.230,-0.45479222063306546,-0.561401138437255,-0.979719456880383,0.731754785890548,0.6267420760931048,1.049852189211033,abnormal
2024-01-01 00:00:38.240,0.7285813427860656,0.8503522267960775,0.7653621876620916,0.054919401153240725,-1.2741417089610694,-0.6117727431261564,abnormal
2024-01-01 00:00:38.250,0.6454976388145105,1.3298960788416618,1.5510319074860002,0.1424978851607341,-0.25394275938496297,-0.870611216089091,abnormal
2024-01-01 00:00:38.260,0.5611446579107758,-0.43118641778896094,0.8059342613642843,1.3097206351914534,-0.0308202280736061,-1.16531664581896,abnormal
2024-01-01 00:00:38.270,0.6229513858110542,-1.685112450314259,2.4307639400863756,0.4688387400295543,0.36150998695396497,0.7609460028423723,abnormal
2024-01-01 00:00:38.280,0.7662403817027608,-0.9110179577794927,2.8655425190382595,1.2232009391530043,-0.3748779073096878,0.5571118874410144,abnormal
2024-01-01 00:00:38.290,-0.5792757121346801,2.72304583098761,2.692613748770823,1.1946885168761625,1.050205801186952,-0.07836034063676621,abnormal
2024-01-01 00:00:38.300,2.1474619826426267,-1.6945083735179305,3.2064375413792585,1.038100948188703,0.6258456231081931,-0.9740633015473082,abnormal
2024-01-01 00:00:38.310,0.4154540581689945,0.5670265668965944,2.9167064642174902,0.43463951280643226,1.3075305437160218,0.45060410010785573,abnormal
2024-01-01 00:00:38.320,-0.24953356868040716,-1.081859082145485,5.12909508722588,-0.6139699311678039,1.343660922174175,-1.1520334811409314,abnormal
2024-01-01 00:00:38.330,1.9179488536947722,0.6454660457899353,4.182807539994337,-0.1842079181328361,-0.6671603793540481,-0.39488884346944747,abnormal
2024-01-01 00:00:38.340,-0.39382782796553994,2.059300459417076,3.9241517373601034,-0.4068832495327135,-0.6611041130103064,0.08003623111126981,abnormal
2024-01-01 00:00:38.350,1.586067497687705,-0.9207269884016738,4.240867789215446,0.7456240932159596,1.681394940087646,-0.4997738317131225,abnormal
2024-01-01 00:00:38.360,0.8417924667683884,0.6900396070339193,6.124007659489654,-0.9281826948489599,-0.47039819404452277,-0.6802457517799128,abnormal
2024-01-01 00:00:38.370,-0.450585145134336,-0.23755457232563498,5.916263090903287,-0.9725064790675191,-1.4626952717867012,0.01490279582543884,abnormal
2024-01-01 00:00:38.380,2.520645774339622,-0.1693550946488888,6.444430420870467,0.7400354169485764,0.8003747870093668,-0.6768563850270684,abnormal
2024-01-01 00:00:38.390,1.0116449454676582,0.912516700135133,5.7163762196107655,-0.10108088615536936,0.7581681358428097,-0.8641969859814563,abnormal
2024-01-01 00:00:38.400,-0.7561097796259764,0.8626190067855927,6.04860059521789,0.13054051392698582,0.7326476255164516,0.4198921438958596,abnormal
2024-01-01 00:00:38.410,-0.10842312091796294,-1.38638358716508,6.300171665729672,-0.7207579158561928,0.31783431470122164,-0.1712027316094061,abnormal
2024-01-01 00:00:38.420,1.478002419845637,-0.9663933795776262,6.884738894205091,-0.32091972251560397,-0.6170164691668254,0.18940604730336824,abnormal
2024-01-01 00:00:38.430,-0.5188944260612752,1.1520800130722795,8.234581412626005,0.7080291139106467,-0.8976037477567552,0.6934486530132037,abnormal
2024-01-01 00:00:38.440,-1.1311005385234982,0.7156366411018028,6.741699178420244,-0.7769470144060319,-0.2523161870713373,0.4464869193864763,abnormal
2024-01-01 00:00:38.450,0.5760432143554329,0.3345308023597073,7.133352285940056,-0.23920724541456131,2.253641086138704,0.537138372648481,abnormal
2024-01-01 00:00:38.460,-2.1038122809468858,0.260236710434529,6.394841706723497,0.10681666481216974,-0.5422727790825254,0.4250607193973637,abnormal
2024-01-01 00:00:38.470,0.04778882596131007,1.280050463243829,5.745981314291447,-1.0751915111547474,1.0523834964080458,-0.06630453746863342,abnormal
2024-01-01 00:00:38.480,-0.1282241012138719,0.6239075167737282,6.783068059087247,-0.9349394182871097,1.5406849426640794,-0.11046845347882088,abnormal
2024-01-01 00:00:38.490,2.1676056361791547,-0.9778154767144358,7.628571333330928,-0.35701067035034445,-1.419848287240337,-0.42833624215711624,abnormal
2024-01-01 00:00:38.500,0.6635208565209333,0.3252143654473059,6.675953805992123,0.04540376944422444,0.9447122891766061,0.5660016015028191,abnormal
2024-01-01 00:00:38.510,1.7287604937681837,-0.364593516365131,7.812349733212608,0.6252452690380603,0.29465792169789673,-0.7659971839374602,abnormal
2024-01-01 00:00:38.520,0.20782007886129278,-1.612887980103957,5.974417021572952,1.408900960144273,-0.7850970244728036,-0.48517986759089965,abnormal
2024-01-01 00:00:38.530,0.011155932333271073,0.025814168952777754,6.137673669866846,0.8436984995732488,0.465801350966274,0.1756128937376735,abnormal
2024-01-01 00:00:38.540,-0.13099595041478593,-0.655868577192159,6.84871468917378,-1.587203485073408,-0.2613186659783081,0.8243924094263274,abnormal
2024-01-01 00:00:38.550,0.575876400814498,-0.1383468181624609,6.216501137908193,0.22989151405346067,-0.5847463320214923,0.02393659559562859,abnormal
2024-01-01 00:00:38.560,-2.7952154805314264,-1.2789242791116828,6.107388623905359,1.1033041164991306,2.214793984865629,0.12887245823716334,abnormal
2024-01-01 00:00:38.570,2.4228820677555616,-0.5207788629892536,5.778508272333059,0.05302500899352261,-0.09826836184350204,0.5076989973878189,abnormal
2024-01-01 00:00:38.580,-0.7811891645154756,1.9035330084359596,4.920446132201835,1.53299292814343,0.29825269048797987,0.010361716681355567,abnormal
2024-01-01 00:00:38.590,-0.01317836644977588,-0.8533549248358974,4.0726838788699595,0.01608459156378101,0.14708962083308488,-0.4738823067603858,abnormal
2024-01-01 00:00:38.600,-1.695829192765406,-0.014053416730353376,3.718637565913296,-0.8425763395391146,0.7298334892215027,0.06731743546558865,abnormal
2024-01-01 00:00:38.610,0.04638842105841195,-0.03168175680015098,4.004277464388635,-0.6415612586796117,-0.3985220903856888,-0.5714685213948123,abnormal
2024-01-01 00:00:38.620,-1.0384879574496613,-0.041891812233160096,3.1198188795804827,-1.9548464419125315,0.46156409686392263,0.4394049886096364,abnormal
2024-01-01 00:00:38.630,0.7944580469261188,-0.14932100946699403,3.0319737502071074,-0.20334229836421525,0.8932250151735692,0.14892763523277877,abnormal
2024-01-01 00:00:38.640,-0.9995443041784757,-0.39450221525048024,3.0361549479625745,-0.623256667097227,-0.019703377202207724,0.3135345047197976,abnormal
2024-01-01 00:00:38.650,0.07355253625440723,0.4063091805289624,2.440654767559722,-0.28786925957124104,0.7466860137075735,0.4563669041507863,abnormal
2024-01-01 00:00:38.660,2.673817581403559,1.9606246641467449,2.5331777784137812,0.16863450066299432,-1.2691738384203977,0.451171136694659,abnormal
2024-01-01 00:00:38.670,-0.7088357329884762,-1.098622143615922,1.3725873810968314,-0.05080582645053433,0.85694427299832,0.17584985588414986,abnormal
2024-01-01 00:00:38.680,0.11002476989378623,-0.046541326414944705,-0.20153234220041272,-0.8497258525160643,-0.6736463604421291,-0.055412735932542846,abnormal
2024-01-01 00:00:38.690,0.9295462228244392,1.9204837705907085,0.5531941458823749,-0.19990353470802547,0.8238389199112026,0.07524503645903993,abnormal
2024-01-01 00:00:38.700,0.27789291631709623,0.7255121140083037,0.3559456507405717,-0.6129979755169132,-0.6807208016561234,-0.5540025709840938,abnormal
2024-01-01 00:00:38.710,0.8163372018626566,-2.4578964792406395,0.761870921951084,0.6264367227027162,-0.6984545773069206,-1.086604568787382,abnormal
2024-01-01 00:00:38.720,0.7299134514969281,-0.7538918854898486,0.6449222853836544,0.5252037740711198,-0.7698515636172166,0.2556029234075778,abnormal
2024-01-01 00:00:38.730,0.18840811053247541,1.895730874700179,1.3808246922557788,-1.4435215235439491,-0.14713505956948014,0.183767577230991,abnormal
2024-01-01 00:00:38.740,1.3811263192173773,-0.2200903354829474,1.8798651443795507,0.6657652969115194,1.694078953977416,0.4001138265913968,abnormal
2024-01-01 00:00:38.750,0.9421076542428274,-0.17321521426352016,1.4535825370124575,0.8042519661278607,-1.3191486987959382,0.05357709282348715,abnormal
2024-01-01 00:00:38.760,-0.28337632260530665,-1.2747207725833016,2.95319959991451,-3.4146710387095816,0.5963933496328528,0.826965616245697,abnormal
2024-01-01 00:00:38.770,-0.9460322824521735,-0.4360039340984924,3.1240120719577673,1.43282625899403,-1.5239352980099279,0.264208611333029,abnormal
2024-01-01 00:00:38.780,0.46572370983199896,-0.9673900674336947,3.6161754898182834,-1.6149536786552547,1.0199407251543036,-0.8488013634977168,abnormal
2024-01-01 00:00:38.790,-1.1890725215919908,-0.1960710795342365,3.9125893397578784,-0.14540063622297691,1.658355810346302,0.6423048483034928,abnormal
2024-01-01 00:00:38.800,0.5413127444398343,0.4846351156086617,3.298061518464534,0.042460813466720114,0.12070934194025104,-0.19854056218852187,abnormal
2024-01-01 00:00:38.810,0.041864719024520075,0.37019120860755694,5.526283660629702,-0.3495801409618524,0.8951412892632231,-1.496323672605424,abnormal
2024-01-01 00:00:38.820,0.354327467819344,0.7680365774779219,4.956657872630139,-0.5326062804582552,0.39474042003472315,1.3207911432286374,abnormal
2024-01-01 00:00:38.830,0.9768882765834542,0.14661920320147812,4.588777040654135,0.15305726631945302,-0.27694971203124386,-0.3840766914038226,abnormal
2024-01-01 00:00:38.840,-0.8515862234660428,-0.12239637558613023,5.772467736014775,-1.8695245376148149,0.34663719447898095,-0.26122800803319307,abnormal
2024-01-01 00:00:38.850,0.0005530592499311016,-0.41099120111311443,5.725147736343281,1.119206123261995,0.8302723846909426,-1.1572798125218984,abnormal
2024-01-01 00:00:38.860,-0.1279922096993518,-0.424218897955117,6.274563073080088,-0.7092413036734592,-0.7068915529890326,-0.9229705415770256,abnormal
2024-01-01 00:00:38.870,-2.8281540191874823,-0.5161612310841674,6.637523002508289,-1.0204065874476054,-0.7880432271656113,0.07544075103758395,abnormal
2024-01-01 00:00:38.880,-1.993577507805029,-0.25991449472635064,6.662667075253556,1.834340555599102,-0.5686357906219498,0.3802975837539849,abnormal
2024-01-01 00:00:38.890,0.2454198274825527,-0.7916030892338694,5.641506534004694,-0.6750227321879242,-0.02201580828964345,0.03221217968362889,abnormal
2024-01-01 00:00:38.900,-0.4957374950899268,-1.1173700175732248,6.1764819576538095,-0.14822617106259953,0.14082946777006847,0.8964318425539771,abnormal
2024-01-01 00:00:38.910,-1.4675339713473334,0.41726394935161726,6.756125923535546,-0.19224256150178695,0.6658980344073686,-0.1314111359692256,abnormal
2024-01-01 00:00:38.920,2.5161597354552763,-0.4898715272949705,7.959733146483917,1.0171096975127432,-1.278463524620359,-0.06792900538249766,abnormal
2024-01-01 00:00:38.930,-0.8237527948985127,0.5368756964456662,6.5729991146040465,0.48320915846923856,0.511311420834028,0.12139712165878272,abnormal
2024-01-01 00:00:38.940,0.031582302702441736,-2.311795409592008,7.230337632783706,-0.8066052032318707,-0.31564819136481664,0.007858009197374323,abnormal
2024-01-01 00:00:38.950,1.289736168354557,2.7145628458807076,7.6085595448221675,1.304896597766136,0.5881661328316968,0.05278078287284089,abnormal
2024-01-01 00:00:38.960,0.7420585074030149,-2.440644331359466,7.01467831791603,0.28107897525934683,-0.8902944430277444,-0.18327268077268632,abnormal
2024-01-01 00:00:38.970,-0.19361164044046852,0.14487626325414704,7.457065926168355,0.2603267450785827,0.6346269006978503,0.4045718807072929,abnormal
2024-01-01 00:00:38.980,-0.3575120074701052,0.22947421806376914,6.451807135815034,-0.16939438854639824,1.0961173712083478,-0.1838572557176955,abnormal
2024-01-01 00:00:38.990,0.9462811305383979,0.08578818168580037,6.823426758616224,-0.24043393413750985,0.4481430463961315,0.25940524309122265,abnormal
2024-01-01 00:00:39.000,0.0643836952268432,0.9047119311034955,5.9571285240457605,-0.27374552990509127,1.1872882766934885,-0.26558063300253604,abnormal
2024-01-01 00:00:39.010,1.0486723241739748,0.7797375737256281,6.687745089120323,0.08637944521052743,-0.5206169929567881,-0.38613827622477087,abnormal
2024-01-01 00:00:39.020,0.8930998825225471,1.084991064187427,5.517157843044076,-0.23398964203267109,0.9934075934479315,0.19822117726640684,abnormal
2024-01-01 00:00:39.030,-0.44993734993665485,0.7177835120095833,5.954788131030202,1.7096191648065964,1.030415596740891,0.26167709556196717,abnormal
2024-01-01 00:00:39.040,0.6451984496301593,-1.7640133649392131,6.061800710013372,0.667287979252929,-0.16053123675376996,-0.28338196425978096,abnormal
2024-01-01 00:00:39.050,-3.5480143710322674,-0.7105043358898238,5.695734132103868,0.29804190735220226,-1.6000632349709254,0.3799168726586524,abnormal
2024-01-01 00:00:39.060,0.41742818708554874,0.31961246712533337,5.1408405348840525,0.16551354432293428,-0.7246687028542983,-0.6280241972172018,abnormal
2024-01-01 00:00:39.070,0.34235297996434566,1.5461114394236986,4.296230484417463,-0.291764792234646,1.6794168273989163,0.11891698739910109,abnormal
2024-01-01 00:00:39.080,0.157378926300195,-0.1782073520604254,4.577507375553834,0.39374645066900016,-0.7559931163327646,-0.09072705750616894,abnormal
2024-01-01 00:00:39.090,0.11147894589036196,1.748413231752144,3.8088794982874927,0.8597743072568448,-0.2637035962929517,-0.8573878218990166,abnormal
2024-01-01 00:00:39.100,1.4926830937624793,-0.7291800082574172,2.388385757219889,0.2712433000134908,-0.6908793976793465,-0.35692485861767326,abnormal
2024-01-01 00:00:39.110,-0.8847268528804714,0.5119614213108907,3.154619765380303,-0.034625869749280454,-0.18846332954960868,-0.830917935656429,abnormal
2024-01-01 00:00:39.120,-0.9293011725527747,1.1658675465166801,2.263370536988674,-1.6893537057612997,0.7174137428873061,-0.31436970845830825,abnormal
2024-01-01 00:00:39.130,2.8129852452209163,-2.2053500977055718,2.511492031303459,-0.1743040826537153,-0.032188982297961265,0.8397506694158788,abnormal
2024-01-01 00:00:39.140,0.794872515409144,-0.27792326566008096,1.9380376075836634,0.8360592087067004,-1.4988980038547244,0.3628105571292401,abnormal
2024-01-01 00:00:39.150,-0.7613601175809698,-2.4031332440563036,-0.10541582539110284,-0.2638710672708269,0.45878747480856896,1.2102762234729267,abnormal
2024-01-01 00:00:39.160,1.3719530093470083,0.9862014248262839,0.5670552755970031,0.045306002280031024,0.1430343816517863,0.07431930622869808,abnormal
2024-01-01 00:00:39.170,-1.8272338468093887,1.5576990820377763,-0.9416888361641319,0.030270496480628198,-0.5357705305214784,0.4426482368997075,abnormal
2024-01-01 00:00:39.180,1.0529816075835225,1.3463111978770663,1.1249252644600478,0.4477520344571161,0.8318802135816162,-0.1824682274530233,abnormal
2024-01-01 00:00:39.190,2.480108625256288,2.479696743349518,1.2882181997785276,-0.3294638474875923,-0.43031912599475636,0.44467556140414227,abnormal
2024-01-01 00:00:39.200,-1.8473616189945017,1.045470220268511,0.41442270509056234,-0.23057525572942145,0.05391415146945039,0.38108870045005955,abnormal
2024-01-01 00:00:39.210,-0.4780942351561018,1.1526999312139052,1.8942766851200008,-0.9763155484916708,-0.06422422029554813,0.2606118847752531,abnormal
2024-01-01 00:00:39.220,0.760777021096548,-0.796709335950698,2.6997000788143852,0.908043713699566,-0.77868209209404,0.4586680539339127,abnormal
2024-01-01 00:00:39.230,-2.4250770428144137,1.2525476494266996,1.73818143871389,-0.611453706261565,-0.480184993451094,1.0054460653781594,abnormal
2024-01-01 00:00:39.240,0.19400100619137164,-0.35196366026926706,2.693410636248095,1.0363658271462355,1.0403913051265823,0.43043827645237626,abnormal
2024-01-01 00:00:39.250,-0.829613332094331,-0.03874711624259427,3.384703188100673,-0.02790310064651801,-0.32348327619378414,-0.061058597913967796,abnormal
2024-01-01 00:00:39.260,-0.3058240693677369,2.3621064536891185,2.4899269064347855,0.5130177436723182,0.5128344695896515,0.5273535217162488,abnormal
2024-01-01 00:00:39.270,0.3428556027835751,-0.16940455465389856,4.137403005124817,-0.5833994905240576,-0.4332622676492029,0.020149427245957415,abnormal
2024-01-01 00:00:39.280,0.7760629469924079,-0.19019726696968053,3.666977019947785,1.1772890339629145,0.4957627806484076,-0.2617129935889384,abnormal
2024-01-01 00:00:39.290,1.7825587842062813,0.047280297807063665,4.183988070276056,-1.4180917458627447,-0.412078058490948,-0.22377654903945002,abnormal
2024-01-01 00:00:39.300,0.5209298298994963,-0.8106097025164919,5.231072993743604,-1.7778926439128524,0.5021709519148668,1.2619247873128043,abnormal
2024-01-01 00:00:39.310,0.11779422767035216,-0.70525601997166,6.359175023066189,0.3978048374820212,-0.11611134326552333,-0.0053183410624095045,abnormal
2024-01-01 00:00:39.320,0.833919200811526,-3.329110024766425,5.735064406372889,-0.5837166464274453,-1.2356887008422877,0.22396162312189144,abnormal
2024-01-01 00:00:39.330,-1.5542427620323818,1.9501825600230627,6.0121527114992,1.317648630263946,-0.4851186817065983,-0.9802335858763951,abnormal
2024-01-01 00:00:39.340,-0.26227034828311263,-0.9115690555948993,7.56407789777772,-0.5603655082187639,-0.13090247178858716,0.16487448458883983,abnormal
2024-01-01 00:00:39.350,-0.32188976129495045,-2.712136497029103,6.041165250766048,-0.13888718455740992,1.5197043757713014,-0.14802313838397926,abnormal
2024-01-01 00:00:39.360,0.29392177153308924,1.4395996891139242,6.63789055425214,-1.1226044534108715,-0.956436939072614,-0.2741595153231385,abnormal
2024-01-01 00:00:39.370,-1.1560064010005175,-1.7278101424873435,6.970139309433657,1.7548094197685238,-0.601170616716167,0.23319992054516342,abnormal
2024-01-01 00:00:39.380,-1.1925299793153723,-0.7417176809258199,7.730072239956029,0.5005113303386379,-0.044478737437084935,1.1712054222427701,abnormal
2024-01-01 00:00:39.390,0.6193177205349139,1.1104175285965132,7.070315679977923,-0.18212546593281084,-1.107236093513426,0.13481859402980423,abnormal
2024-01-01 00:00:39.400,-1.1577040690061597,-0.8275798739523613,7.0619098576897565,-0.8021221245835383,-0.4294591912593934,-0.13316516504822484,abnormal
2024-01-01 00:00:39.410,-0.8165629332463475,0.19725514453803203,6.133822148831387,0.175987606131519,0.48478525947340395,-0.1784946818296341,abnormal
2024-01-01 00:00:39.420,-0.772966737324198,1.2183939162366195,6.357497439379181,1.316754845658981,-0.7915378381672408,0.19603127577801382,abnormal
2024-01-01 00:00:39.430,0.6624858005219936,-0.8703370968490407,8.631335887177649,0.983055937073835,0.06570230078927067,-0.5273583799319876,abnormal
2024-01-01 00:00:39.440,0.8817425725207085,-2.043119352335725,7.931470641477844,-0.08629209198428156,-0.36736505523169544,0.08803985906055974,abnormal
2024-01-01 00:00:39.450,-0.590984854129025,-1.090060197606972,7.243148288697201,-0.030546698263947285,-1.5441291325437108,-0.9069415558688769,abnormal
2024-01-01 00:00:39.460,1.2662999124289374,0.9466403032659952,5.939742029770348,-0.9432184593381856,0.7188822515694568,0.1686347417306823,abnormal
2024-01-01 00:00:39.470,1.3261599587823354,0.1712763742014108,6.194446985833934,-2.2625510772545225,1.4146923066348496,-0.6407533323637706,abnormal
2024-01-01 00:00:39.480,0.8619305719411897,-1.6380264686572188,6.677458512929761,-0.3625170300096952,-0.04787527537516414,-0.870419025113442,abnormal
2024-01-01 00:00:39.490,0.3846889881573892,0.174753297533295,5.514704843789141,0.840804885893609,0.14445193235557924,0.6744075058326363,abnormal
2024-01-01 00:00:39.500,0.6406496950012823,-1.4140238710942699,4.861948783679493,0.09672404886154333,-0.8036198487059766,0.46350866421903775,abnormal
2024-01-01 00:00:39.510,0.4089698930771302,-0.3647743185056547,6.348846139381166,-0.4911539820946451,-0.13167058464291867,0.29992170937390467,abnormal
2024-01-01 00:00:39.520,0.2730726054299864,-0.47578957320138027,5.596379762424388,0.8936606753097189,-0.05260651747958689,0.000807388922579029,abnormal
2024-01-01 00:00:39.530,0.5905804639608295,-3.486044760173742,4.715045936726303,-1.1957695505796566,0.010747573405163555,0.3466571055962686,abnormal
2024-01-01 00:00:39.540,0.8391898328910209,-0.6084973409172202,4.603622450651178,-1.1508019190642493,-0.4861854883035699,0.3126688193269937,abnormal
2024-01-01 00:00:39.550,-0.17241542770214327,0.5152230106612474,3.4216975596182433,0.354056246814464,-0.2343019538537954,-0.16392199234108362,abnormal
2024-01-01 00:00:39.560,-0.8026267221945322,2.5993932408583116,3.3372843110500003,-0.010340898999503939,0.42557478893405887,-0.6098468157403473,abnormal
2024-01-01 00:00:39.570,1.130070168797996,-2.7515145621753665,3.2711744221515406,-0.12323888010710031,1.3202401837735669,-0.24923633086978753,abnormal
2024-01-01 00:00:39.580,-1.5163846405217878,-0.0062726506450265845,2.443507145574758,0.039102567052985704,-1.0526520586302748,0.03777299555153869,abnormal
2024-01-01 00:00:39.590,-0.9051714831864641,-0.36022823689955813,1.9145747764162673,-0.12918372154357527,0.12855223923375866,0.25157850181439784,abnormal
2024-01-01 00:00:39.600,0.3955320399563717,-0.24090821940416807,1.5949589459355205,0.060330245818147096,0.46041603217722654,-0.3929651277469602,abnormal
2024-01-01 00:00:39.610,1.1215887385844734,0.680127196059373,1.7658760798962585,1.1600937426955467,0.3895062649128082,1.5618467241393192,abnormal
2024-01-01 00:00:39.620,1.7511957042984536,0.3001489396209801,1.2621041633719783,1.3062477999291806,0.7225431143129777,-0.641496863714174,abnormal
2024-01-01 00:00:39.630,1.8221424595425486,3.044593769319207,0.49380315422965665,0.9630600317205181,-0.24862565363135264,-0.2787619195036954,abnormal
2024-01-01 00:00:39.640,0.659033184425006,1.6612377652052959,-0.34396274321368925,-0.7035725896220969,0.1775132375336121,-0.42124031484163565,abnormal
2024-01-01 00:00:39.650,-1.3591567435400267,0.09229607403740908,1.2463483721370234,0.2052329490133683,-0.733441615202462,0.045911069520148166,abnormal
2024-01-01 00:00:39.660,1.0114299981385524,-0.8265619694106562,0.14061605405258426,0.03637168702474847,-0.1868714672524001,-0.4920963939266678,abnormal
2024-01-01 00:00:39.670,-0.7924514706390062,-2.1272490484771707,2.0938780628979585,0.31074564735832133,-0.2519543441161387,0.43267912662871905,abnormal
2024-01-01 00:00:39.680,0.18942232471579937,1.5834240062698512,1.083737998611862,0.14570901219873933,1.5246228412726335,-0.4186654281542177,abnormal
2024-01-01 00:00:39.690,-0.8276663855560321,0.991913757326822,2.261912539194673,-0.8409071318659979,-0.20316114840002067,-0.18024607940289236,abnormal
2024-01-01 00:00:39.700,0.6644074161001573,0.9429235712943482,1.1210072295327742,1.4073945167769766,0.1428437672908791,-0.2248892149028575,abnormal
2024-01-01 00:00:39.710,0.9507420360783804,-0.616889348732504,3.6445720443556424,-0.6084529528169609,0.825753406611519,0.1852491254992013,abnormal
2024-01-01 00:00:39.720,1.3088914425122957,-3.6883526393220354,3.8425859578552797,-0.11239452218001972,-0.7447576210559211,0.801817225930026,abnormal
2024-01-01 00:00:39.730,-1.8382499040448854,-1.8807779659211799,3.942194181091596,-2.6867944859326576,-0.6356073847178686,0.03875466734005996,abnormal
2024-01-01 00:00:39.740,-0.02750827662176338,0.9577952363541861,4.201987457701936,-1.1951889881502475,-0.6161234447159307,0.4294703989735817,abnormal
2024-01-01 00:00:39.750,-2.1022126949132818,0.25285119366564984,4.574431112337523,0.11238589488078266,-0.7682680117041488,-0.3018213105859054,abnormal
2024-01-01 00:00:39.760,0.15418995726406487,-1.4318056524931004,4.567126306235195,-0.5638184016044422,0.36943731935069624,-0.7087744372597817,abnormal
2024-01-01 00:00:39.770,-2.022604995985087,-0.31055705939588774,5.066625424077379,-0.5587198869876003,-0.083820871615443,0.4300397515860593,abnormal
2024-01-01 00:00:39.780,-1.558361237858275,0.09468025073387193,5.100670233460233,0.4685551277534827,1.4161198579673706,0.28774816094580546,abnormal
2024-01-01 00:00:39.790,-0.8665019482593264,-0.4617282959501132,6.8841129265028975,0.6897193921039155,0.7041406828358177,0.10798299529100198,abnormal
2024-01-01 00:00:39.800,0.04745727297375888,0.6592589200338779,6.216598381707525,-0.27624387790834415,0.11790032676098004,0.41131922454365655,abnormal
2024-01-01 00:00:39.810,-1.2113037698109472,-1.2438919255612086,5.578318101855443,0.7002860275278632,-0.10547456658544986,0.2999050327094065,abnormal
2024-01-01 00:00:39.820,-1.2814131180298236,-0.5564994348232531,6.407154124508715,-0.6648948059909302,-0.4095783374565688,1.1334871679022431,abnormal
2024-01-01 00:00:39.830,-1.20433704826389,-0.9663160348563651,7.4554086212865,0.4484598592207756,-2.6581014742303437,-0.6292839923744122,abnormal
2024-01-01 00:00:39.840,-0.920764089261111,0.9426259517253509,5.448186356923077,0.23022750699858816,0.7674403647364031,0.6927748821189905,abnormal
2024-01-01 00:00:39.850,-1.7607368105461783,-0.5341341272695714,7.110549992986438,0.10333355298596826,1.1335544388702117,0.3076468791492078,abnormal
2024-01-01 00:00:39.860,0.2609528831709731,0.7427030626749578,8.61574093683462,0.25099900587056445,-0.7740600799371341,-0.7920027665577978,abnormal
2024-01-01 00:00:39.870,1.051287672567614,-1.0484847937125197,6.211262817622572,-0.9423193181321954,-1.1638390738002704,0.18098501169157277,abnormal
2024-01-01 00:00:39.880,-0.9475257797885261,0.9203217125530327,7.580461957472807,0.12862602375597756,0.16109293116017745,0.24579504912459785,abnormal
2024-01-01 00:00:39.890,1.953602738494013,0.06861653924405392,6.762206207106607,1.056553766458278,-0.5146476561868771,0.2492315583043807,abnormal
2024-01-01 00:00:39.900,-0.9559387455424575,0.0229863893946803,6.751869643235753,-1.631778357812253,-0.12103614412553779,-1.0376496485441165,abnormal
2024-01-01 00:00:39.910,2.301012106880089,-1.0264489874607121,5.69017807150043,-0.9161320937798222,0.27428966933129084,0.07879992295803175,abnormal
2024-01-01 00:00:39.920,-0.06082200545697783,1.7173759008692215,7.21649962807169,0.3652533348004827,0.887173000345007,-0.8931984362503979,abnormal
2024-01-01 00:00:39.930,-0.1828538311201939,-1.1677546299649615,6.375896682755214,-0.6000651630034709,0.45029215299087544,0.163459405415885,abnormal
2024-01-01 00:00:39.940,-1.6155560497336496,1.722887557379477,7.204805155991766,1.708764805334598,1.0498329229708845,-0.6110023734833551,abnormal
2024-01-01 00:00:39.950,1.1534108055480103,1.286144680914266,6.705569954639936,-0.04982864033805656,0.6066734620418287,0.32965282594142,abnormal
2024-01-01 00:00:39.960,-2.142501478189215,-0.024817930391013775,5.803156634479848,-0.03906623862535488,0.7996380569724465,-0.4340964197866253,abnormal
2024-01-01 00:00:39.970,2.4953941960888493,-0.5129200707773824,6.2448635568191495,0.5997872122368375,0.4422402760427183,-0.375222393822117,abnormal
2024-01-01 00:00:39.980,-0.20309926520534646,1.8512407512010502,5.1673056159563595,-0.614289763723138,0.7424501008375708,-0.19587613511084898,abnormal
2024-01-01 00:00:39.990,2.6399784286347097,-0.24024990612228425,4.978422460410487,0.9770589070079723,-0.13669896601249,0.20574792411020312,abnormal
2024-01-01 00:00:40.000,-0.24629991794185652,-0.3450840270510737,4.914524252793813,-0.3849318217201039,1.0532544837670248,-0.23719332132746837,abnormal
2024-01-01 00:00:40.010,-1.993750065711355,0.15498898650082243,4.983828830370664,0.15388094140578915,1.0690605997337395,0.6001418295585695,abnormal
2024-01-01 00:00:40.020,0.42727174360662384,0.4379688663897548,4.289219440476148,0.062016266674442225,0.6747219314862329,-0.7439998859676179,abnormal
2024-01-01 00:00:40.030,0.7005625536275689,1.614768456501272,2.524224385705027,-0.5935710946665617,0.1860573329073594,0.09642779728002504,abnormal
2024-01-01 00:00:40.040,0.1601872400212975,0.02312939322473931,2.909783565547329,-0.18192687378846978,-0.047597975536582765,-0.23304994412930044,abnormal
2024-01-01 00:00:40.050,0.5844893862741639,0.8765999607704246,3.7423064656974674,1.430766933975319,0.5991859495540264,-0.13879474603190203,abnormal
2024-01-01 00:00:40.060,-1.706962989646091,-0.42330765910748464,2.789144832752522,-0.19498351033023034,0.14655530740452455,0.3649086387253343,abnormal
2024-01-01 00:00:40.070,-0.18405898711506777,-0.5783373587241052,2.2831217150946053,-1.4461032091195953,-0.15434674654701172,-0.2877692973526426,abnormal
2024-01-01 00:00:40.080,0.339633187025319,3.1427303606027017,2.2262124083214077,0.11089328039208438,-2.138904700354232,0.3160215671802796,abnormal
2024-01-01 00:00:40.090,1.8590426259833266,0.5415558709905737,0.5170155108887147,0.3670255231724026,-0.29409425135967093,-0.01828379755550145,abnormal
2024-01-01 00:00:40.100,-2.325492349676592,-3.3017923515926806,0.3474171880461838,-0.8139210045753723,-0.4557258081125425,-0.16418281105822957,abnormal
2024-01-01 00:00:40.110,0.8261763275458436,-0.41014665549147944,-0.0989254351100573,0.17727785785103412,-1.0812866234894947,-1.3798124458239356,abnormal
2024-01-01 00:00:40.120,-0.54564242094963,-1.1684298140952598,0.005686594283364904,0.3194870391833012,0.7381271895179443,-0.6049990907644972,abnormal
2024-01-01 00:00:40.130,-0.45799182740604627,-0.2857774637841264,-0.30722273364097863,1.363095921947748,-0.8815346401028454,0.6204665933390786,abnormal
2024-01-01 00:00:40.140,0.9155589520030193,-2.1316246621667165,0.5315956019477672,-0.9377251632202325,1.209002254271015,0.3020194993749852,abnormal
2024-01-01 00:00:40.150,2.381022222397809,-0.039781767154024573,1.1462238685519355,0.34473030733345156,1.4471226370076273,-0.3301235985694728,abnormal
2024-01-01 00:00:40.160,-0.4967895177056291,-0.007521304136819925,1.8852564580653308,-0.5423264976547433,-1.790588543770923,-0.8800516925812972,abnormal
2024-01-01 00:00:40.170,-0.8981391151614065,0.12996581683957778,2.6722062158357835,0.001453248401516199,-0.08812574077896601,-0.23001040015542712,abnormal
2024-01-01 00:00:40.180,0.034972875624788104,1.4190888204244623,2.943821118357195,0.6160137925648674,-0.4148914809278977,0.7409494286275298,abnormal
2024-01-01 00:00:40.190,1.2984726306697825,1.1437476948884586,3.3398526899466567,0.6973553155967241,0.3209723452118587,0.49329623207463835,abnormal
2024-01-01 00:00:40.200,1.6292219091924705,-0.17453603904216722,3.715932166241278,1.1572670549615154,1.1597263575624799,-0.3524662559478314,abnormal
2024-01-01 00:00:40.210,-0.43444479658858876,-0.5956992687030752,4.298657213677122,-0.9232656308931964,-0.6399158464299821,0.023038753861757535,abnormal
2024-01-01 00:00:40.220,1.0901804602172105,-1.1045808336799143,4.504636214266887,-0.11888221187531674,0.865885836156195,-0.3755968783705139,abnormal
2024-01-01 00:00:40.230,-0.15370771893516724,-0.04871228448447534,5.623206932675993,0.44502546786709113,-0.9953542646685987,0.15705559950405265,abnormal
2024-01-01 00:00:40.240,-1.8850798599738934,-0.4327848391451066,4.90758057691034,-0.5187288526153904,0.009865764894144197,-0.6998081904817383,abnormal
2024-01-01 00:00:40.250,0.14394347263468904,-0.8865225216127816,5.16257961459877,-0.14064799725994945,-1.303544467249588,-0.13756413165337986,abnormal
2024-01-01 00:00:40.260,1.9149349486852347,-2.980742573684508,5.287800751786223,-0.6212351145602679,0.5177335622962773,0.1566557802937658,abnormal
2024-01-01 00:00:40.270,-1.8783299689994937,1.5410769705555387,6.637485992555396,-0.22520718531751927,0.42731475403121977,-0.6603230468527821,abnormal
2024-01-01 00:00:40.280,0.17522540876008785,-0.17169880370682292,5.689443844087988,-1.0539799367871105,0.3671461812215072,-1.2628195476591184,abnormal
2024-01-01 00:00:40.290,0.3784210422963121,-1.7067541949217286,6.2910519277360315,0.4700999757451141,0.6577568486118412,-0.3760226635520976,abnormal
2024-01-01 00:00:40.300,0.22733272145941497,-0.63129423524843,5.973824420941684,0.2801348282737168,-0.582071455585565,0.05568446385319567,abnormal
2024-01-01 00:00:40.310,1.5153709955473953,-0.6438618714541839,6.3729051718524605,-1.2184838328411147,0.34135808780415655,-0.43001021512483173,abnormal
2024-01-01 00:00:40.320,0.38469977673845046,-0.7138987340817552,6.544637092575202,1.4327905458082482,0.2742520179858527,0.9689767231529824,abnormal
2024-01-01 00:00:40.330,-1.628746630144604,0.2269616734733075,7.004044023008811,-0.21578272204336116,0.4365243555681086,0.3566038865826306,abnormal
2024-01-01 00:00:40.340,0.36426411203822184,3.062662261823082,6.847382329804801,2.5061612770525676,-0.5706277666649774,1.160794407821815,abnormal
2024-01-01 00:00:40.350,-0.8628388596593395,-0.6581684942047071,7.563865656507472,-0.18713300129323746,0.8388335777401372,-0.24962506226630524,abnormal
2024-01-01 00:00:40.360,0.2903607233966939,-0.08265607515615868,7.013012764568402,-0.2102260326514689,0.6777127905574105,0.9330990167640818,abnormal
2024-01-01 00:00:40.370,0.20597174890079548,-2.0870362990534375,7.286681453226828,1.0505482104711474,0.5167565219812481,-1.0828670538662273,abnormal
2024-01-01 00:00:40.380,0.62719139384531,-0.06639115307387777,6.775118678383414,-0.788790778156799,1.2072468877979945,-0.59154719725839,abnormal
2024-01-01 00:00:40.390,0.5851086114596129,-1.1733866489900888,6.089057905322762,-0.2888240992951373,0.6370179609568358,-0.2317133775763274,abnormal
2024-01-01 00:00:40.400,-0.9122419335237564,-2.3337428559911704,6.284598289102618,-0.035063606526684776,1.4585937571126844,-0.4094020077405867,abnormal
2024-01-01 00:00:40.410,2.740014663036694,2.056475018089049,6.12973643678957,-1.531487918154492,0.17581481351258246,0.7436270326608743,abnormal
2024-01-01 00:00:40.420,2.0055678893863473,-0.23189653617426592,6.492596609636346,0.5972665928965716,0.6494861528777331,-0.3275329701769845,abnormal
2024-01-01 00:00:40.430,0.9786968399188065,0.6694005711115479,5.116656983216947,-0.5912766055781116,-0.46069009550440093,-0.5180061435623358,abnormal
2024-01-01 00:00:40.440,1.2856928926699622,0.12394936817509067,5.794342842797628,-0.8613381551677722,-0.7369534490587697,0.12507635799304426,abnormal
2024-01-01 00:00:40.450,1.7831201414649642,1.180932448340366,5.415215110127799,-0.1517738041836489,-0.5348925138990087,0.40673979551914086,abnormal
2024-01-01 00:00:40.460,2.276095148707266,0.6267602044856817,5.669667406590225,0.5712560654883992,-1.2014826725635488,0.3855352295690883,abnormal
2024-01-01 00:00:40.470,0.5947611220596605,1.2878780159527674,5.003869126867712,-0.8551073578431941,-0.12347886753080445,1.3894791346848696,abnormal
2024-01-01 00:00:40.480,-1.4561235017233176,-0.3324545430085855,4.478653566937141,0.4946825298001479,-1.1373638974348999,-0.5936299006609512,abnormal
2024-01-01 00:00:40.490,-1.6256033124563867,-1.1876301730774228,5.254117077139885,0.14256351000444864,-1.8162258796892432,-0.8604668825525502,abnormal
2024-01-01 00:00:40.500,-1.1215924076504484,-0.21554275497528824,4.279210379411628,0.597912149258655,0.7557971967586652,0.13438329264076593,abnormal
2024-01-01 00:00:40.510,-0.0721711997264489,1.906632082318985,4.426091404772687,-1.7522279461616115,-0.2627889012667126,0.8167452279345754,abnormal
2024-01-01 00:00:40.520,0.2629975438652566,-1.2745842168322226,3.6726019307273754,0.3436601516791222,-2.119620248530909,-0.7404026966069781,abnormal
2024-01-01 00:00:40.530,0.3485927615466856,-1.1955919538104476,1.3070951188805406,0.47757430018710934,-0.10665201903661936,-0.5800307419445832,abnormal
2024-01-01 00:00:40.540,-0.26019889369316984,-0.6205069080148827,1.7155998248765987,0.20724322221348893,-0.7358352829083028,0.6362859811038305,abnormal
2024-01-01 00:00:40.550,0.3571818010357378,0.977539700703862,1.435308266924816,0.1696255228364488,1.805780347233666,0.09042567489065395,abnormal
2024-01-01 00:00:40.560,-0.9007600407575109,-0.23951111495672944,1.8338534313601902,-0.48237610667040565,-0.5398829003059017,0.220185559718232,abnormal
2024-01-01 00:00:40.570,1.6804340125630877,0.016605048519738073,1.3544649980019143,-0.6327138141891921,0.9452794144837136,-0.21082102275241793,abnormal
2024-01-01 00:00:40.580,1.6461217144695344,0.7272333112855717,0.6165230631163023,-0.3854144142210749,-0.5153919421516483,-0.2443029418404551,abnormal
2024-01-01 00:00:40.590,0.9801962721399967,0.03691804083620044,-0.0013215326227622448,1.6509330389391006,-0.2391691382323839,1.2540114548364583,abnormal
2024-01-01 00:00:40.600,-1.04355167758568,-0.44717996917701025,0.9762306887031975,-0.2650923283452406,1.0535783015469167,0.15213057858603946,abnormal
2024-01-01 00:00:40.610,-1.2385288175054583,-1.346272692169382,0.4104704471086722,-1.06203658432706,-0.8458211540410827,-0.5540928860313966,abnormal
2024-01-01 00:00:40.620,-1.8140531899128052,-1.0720218343357437,1.6209244007897323,0.6821932492905524,0.5550714213586314,0.2635362498812321,abnormal
2024-01-01 00:00:40.630,-1.5317018022665456,-0.527615096870868,2.1490587425693968,-0.39507102813987405,-0.5968678958759365,0.5929273064778522,abnormal
2024-01-01 00:00:40.640,-0.8058551914160804,3.0129580874916377,1.6363890758858088,0.44941598533413174,-0.5943448440540597,-0.7742479525534235,abnormal
2024-01-01 00:00:40.650,0.170335007124413,-1.5569291842412396,3.3938722959634506,0.9342831898036137,0.11025117930737649,0.0918068907238835,abnormal
2024-01-01 00:00:40.660,-1.5845905385204502,-0.24508429709274318,3.309000185190007,-0.5641652320554842,0.7470004933745651,1.1181253090264083,abnormal
2024-01-01 00:00:40.670,-0.48112567828970365,-0.4826556110481105,3.965974800553503,-0.7117031060643454,0.2543799750038904,-0.8305970447470193,abnormal
2024-01-01 00:00:40.680,-1.305789065118319,0.8136692214333006,4.1664689004587165,-1.8115452383060717,1.2726432462869952,-0.7530033382107335,abnormal
2024-01-01 00:00:40.690,-1.7570698840101147,-0.2640668680776594,4.736387742649247,-0.6415584480740953,-0.7659966446350822,-0.3005104309002223,abnormal
2024-01-01 00:00:40.700,-1.5532051490169363,-0.878098704775396,4.089143694818312,-0.3238778448344677,-0.35289074784714364,0.4295068645245524,abnormal
2024-01-01 00:00:40.710,-0.5820293757717356,-0.6241992504745827,5.655226969323123,0.671737147961438,1.383264881475355,-0.2687274288919869,abnormal
2024-01-01 00:00:40.720,-1.018729585410753,1.2152165677164688,5.596702549865572,-0.06740063403100759,0.4836446220778851,0.10252263013047662,abnormal
2024-01-01 00:00:40.730,0.23852093303832916,-1.6462705077280713,6.865040568509745,0.9158722051524916,-1.1824708129331822,0.18436599776046408,abnormal
2024-01-01 00:00:40.740,0.2589983993587848,1.8362133476520088,5.813350747309778,-0.8734241510932895,0.30830431865029173,-0.5613491733507335,abnormal
2024-01-01 00:00:40.750,1.1702745894480824,-0.4305030156043526,6.930047352750139,0.5172389423630293,0.3681339926556416,0.8355768140442973,abnormal
2024-01-01 00:00:40.760,-0.15316932287067317,-1.9321058948285295,6.268635242604132,-0.6932653313071587,0.7985138754648903,0.7907765775879216,abnormal
2024-01-01 00:00:40.770,-0.038702852554614676,-0.028603778132989508,6.9555174448426325,-1.618194285865188,1.039103902226391,-0.03565187233703041,abnormal
2024-01-01 00:00:40.780,0.22374008295560663,0.9682019773695675,6.603292185280236,2.436298811599973,-0.4013867324848841,-0.24271879963740728,abnormal
2024-01-01 00:00:40.790,-0.5887625156120393,0.9736423267494216,6.065300777225259,-0.04193465622262873,1.4096152560279622,0.06138747484639936,abnormal
2024-01-01 00:00:40.800,1.6288182057737384,2.4136260719981926,7.20454329081243,0.3034919613458788,-0.6857208834902404,0.31848084485903605,abnormal
2024-01-01 00:00:40.810,0.10664859428941381,-0.22384183299058108,7.101648369957761,-0.9084133949829623,0.9436377515234898,0.5315134091469653,abnormal
2024-01-01 00:00:40.820,1.5944025180142885,-2.569520322812715,7.111525780371995,-2.0481268291486336,0.7647630680317906,0.9738508813445558,abnormal
2024-01-01 00:00:40.830,2.050458839491171,-0.30092270252801034,6.393393868519448,0.4535412735221874,-0.05814717289187504,0.9855217362096476,abnormal
2024-01-01 00:00:40.840,-1.2362511947432382,-0.5323776856189217,6.706354239669914,0.023598558182401322,-0.2587426847250016,0.4672255319846655,abnormal
2024-01-01 00:00:40.850,0.2811850781509528,-0.5560885772390789,7.253764596894485,0.16110227195593946,-1.2149119771176113,-0.13427763029162415,abnormal
2024-01-01 00:00:40.860,1.8523535429912408,-1.7273642004193737,7.599803720072402,-0.5681543797428678,1.339908156956386,0.1433173675769334,abnormal
2024-01-01 00:00:40.870,-0.8750073832706214,-0.6257632245493995,6.47375710803599,1.2976132908744566,-0.8273458369822764,-0.41128639826258406,abnormal
2024-01-01 00:00:40.880,-1.2263483207609158,-0.7171336587565795,5.749498206241028,0.5894430177138731,-0.6854746894264367,0.4418243936648642,abnormal
2024-01-01 00:00:40.890,1.4904155836030144,1.542030546158671,6.54852663565474,-0.04668935316899669,-0.8466928260370912,-0.10240282348679772,abnormal
2024-01-01 00:00:40.900,-2.3548503653072856,-0.467226603874386,5.504939000614952,0.4041173885104712,-0.462216012485016,0.07681950215340147,abnormal
2024-01-01 00:00:40.910,-1.8528386949441502,0.3944540140408149,5.022854103083325,-1.1633515822964386,-1.3588937250328295,-0.6391977494743996,abnormal
2024-01-01 00:00:40.920,-0.583749852997195,0.39063084496876826,4.915587228680957,0.6310323672408213,-0.25984694374229805,-0.23538993456894688,abnormal
2024-01-01 00:00:40.930,0.3529695014913605,-1.4857735331252337,5.496338411303206,-1.1316905638839172,-1.2963511570192987,-0.5455464453831281,abnormal
2024-01-01 00:00:40.940,0.14728355039385005,0.10487964800284048,4.878918763443395,-0.2245675732676829,-0.3085867881174493,0.3073930859532421,abnormal
2024-01-01 00:00:40.950,-0.0765631572148143,1.111129877387223,3.6906857672423112,-0.11121813045823567,0.1934131583176368,0.49391676923278954,abnormal
2024-01-01 00:00:40.960,0.8005717651597682,0.992359045013391,5.405781602478332,-1.2455117557966635,-1.0591952352491192,-0.5395590220579043,abnormal
2024-01-01 00:00:40.970,0.2180836554722786,1.2083962942233724,3.165393825032796,-0.16440491516564543,-0.2622894485982918,0.40015833408422286,abnormal
2024-01-01 00:00:40.980,-0.3406486404169436,0.20811517492363327,3.4593193646725173,0.017382319693519412,-0.6092905135093589,0.6475299094512319,abnormal
2024-01-01 00:00:40.990,-1.138990255127139,-0.31114973949079994,3.4908096221661014,0.37449344648882005,-0.2405984666031258,0.23466511842389096,abnormal
2024-01-01 00:00:41.000,0.6532645652524598,0.40866715501818196,1.7929719028496933,1.5642515631930087,-0.2106952045926236,-0.46662094496801104,abnormal
2024-01-01 00:00:41.010,-0.714804573324487,2.908060870878406,1.2901941471617357,-0.3143144446352584,0.28816240040249497,0.4669984631435614,abnormal
2024-01-01 00:00:41.020,1.2946880545564652,0.5885437302246757,1.4220910974537206,0.9582217172646709,0.35148464268024404,0.02493159884685824,abnormal
2024-01-01 00:00:41.030,0.21654168144774208,0.6032785864643408,1.0017578998699301,1.1632715944589447,-0.6933842033499067,-0.4084217507739765,abnormal
2024-01-01 00:00:41.040,1.5255285127315614,0.23530081474843473,1.418445761446951,-0.16269116086804086,0.37407535383808593,0.6753264146862991,abnormal
2024-01-01 00:00:41.050,0.80037797427767,-1.1173798819890521,-0.0792434294840561,0.5700616750937906,-0.4861050195787303,-0.06831780752975654,abnormal
2024-01-01 00:00:41.060,0.571164549955334,-2.1752224467309373,0.28899606663228183,-0.39371034418560985,1.5583106232430333,0.03595229619497217,abnormal
2024-01-01 00:00:41.070,0.5124896825364312,0.7874812622116292,2.1327635621862093,0.43471033985008267,-0.6001425742546168,-0.01568318009123709,abnormal
2024-01-01 00:00:41.080,-0.9011295294364442,-2.0304953305651496,0.24065790796195385,-0.30708831973360445,1.0979938538813476,-0.2636923856206655,abnormal
2024-01-01 00:00:41.090,1.4719938670666963,-1.371400372221082,1.1832169158396302,-1.2631993449389836,-0.8831765659218112,0.7421694015001593,abnormal
2024-01-01 00:00:41.100,-2.216325216356994,-0.1070550190165653,2.492055369448816,0.8639999144511195,-0.7695150686488108,-0.00027740576900639507,abnormal
2024-01-01 00:00:41.110,0.6863162053263998,-1.1041870525591913,2.4142308464640463,0.7232758188656241,-1.0666324139927734,-0.43327728436982416,abnormal
2024-01-01 00:00:41.120,-1.429273653503209,0.1924705612377314,2.5583687022207124,-2.076091534727954,1.5346172358983798,0.24616989267801012,abnormal
2024-01-01 00:00:41.130,0.29431941764771336,1.5272541455225324,3.3897491568530156,-0.9040175282859609,0.3389756188365438,0.4383815445804832,abnormal
2024-01-01 00:00:41.140,-0.6455486232417277,1.6459908481648096,3.1345907860338995,-1.1750022040828525,0.561609539494538,-0.2128787102116167,abnormal
2024-01-01 00:00:41.150,-0.5831998385067358,0.8030254804870725,3.715527102296061,0.2736414725177019,0.12283501794283087,-0.6509205916532053,abnormal
2024-01-01 00:00:41.160,1.2950804436507293,-2.424645645299413,4.772900890917424,-0.40762648229555376,-0.6014853179030708,-1.1272014363939657,abnormal
2024-01-01 00:00:41.170,-0.24887880222600003,-1.9381142503684896,4.144132061523165,-0.7230351329157796,0.834249262900158,-0.46880167006433243,abnormal
2024-01-01 00:00:41.180,-1.3214022120588371,0.8719323399420905,5.371681658635474,-0.5463222703505838,0.3036755967151987,-0.8400266383604729,abnormal
2024-01-01 00:00:41.190,1.2007212469134718,-1.2139612645753717,4.637729617257864,0.023428183887438142,-1.5693625208147366,0.20570545417510092,abnormal
2024-01-01 00:00:41.200,0.8672987390875794,-0.28993305874470987,5.0279491210364275,1.2187792589262978,0.8284350997410629,-0.17321326070391216,abnormal
2024-01-01 00:00:41.210,-0.7691058084012948,-2.664978618433309,5.730994737594384,0.7106430544999273,-0.4705664858580868,-0.3111852179092725,abnormal
2024-01-01 00:00:41.220,2.2469836553290974,-0.6624894660903716,6.3648254363091725,-1.3181555217894014,-0.9296677930463921,0.512808576575423,abnormal
2024-01-01 00:00:41.230,-0.43750097787057257,0.05066574658989825,6.489040171567506,1.0361214309227738,-1.2539804530711858,0.35313509649196045,abnormal
2024-01-01 00:00:41.240,-0.1359860406128189,0.03218245776555102,6.611752328376163,-0.06825892389883716,0.17523186661940474,-0.07362502526996696,abnormal
2024-01-01 00:00:41.250,-1.0743170096737225,-1.8895986414454153,5.981423686498066,1.3371471949060774,0.3494549959145509,-0.3056763918707933,abnormal
2024-01-01 00:00:41.260,-0.4636361003568545,-0.6776804501401097,6.326491845731656,-0.7497126403563404,-0.5069437917602265,0.7742944327339277,abnormal
2024-01-01 00:00:41.270,1.5439353805570482,-1.806296451608208,6.640023189560884,1.8638504409441614,-0.8871083492024647,0.1691999606200187,abnormal
2024-01-01 00:00:41.280,0.07482798710364322,-0.2290670841785805,7.150319053030141,-1.533219480915396,-0.19607178911788228,0.32610676047901066,abnormal
2024-01-01 00:00:41.290,-0.008052369896787715,-0.2594793993771426,7.560042883705297,0.6797282489520583,-1.6780470353828447,0.4442936527033182,abnormal
2024-01-01 00:00:41.300,-0.29345322536918156,-1.0142644565843089,6.652403961495583,0.31774423624779313,1.0594011837551451,-1.0208303825717022,abnormal
2024-01-01 00:00:41.310,1.6500806021297252,0.8812728409988961,7.560013204765631,-0.44684706300900723,1.0588255269600606,-0.21307180339368317,abnormal
2024-01-01 00:00:41.320,-1.3161200142255767,0.14818096377351853,6.198206844804185,1.2364125740832805,-0.8441591988232318,-0.07137846881382383,abnormal
2024-01-01 00:00:41.330,-1.2398929760830362,0.7531962265123475,6.769213762219764,1.2412661319969975,1.4324998109496265,-0.6636047569905931,abnormal
2024-01-01 00:00:41.340,0.9549427258462581,2.051327296005518,7.714923808114787,0.5614394765825447,0.6327492860125927,-0.20305977468205375,abnormal
2024-01-01 00:00:41.350,1.1095423233216735,1.1149516436349356,6.67648070186085,0.9489768884997395,-0.8605845516083847,0.3809138745245658,abnormal
2024-01-01 00:00:41.360,0.4261706571825366,0.19317762471898905,5.861340632442248,0.6806439627733283,-1.1574364000562398,0.39295957155349065,abnormal
2024-01-01 00:00:41.370,0.5987291384693084,2.1193534707234063,5.588264665006824,-0.6735407437471539,-0.1541267033516453,0.6623245539893597,abnormal
2024-01-01 00:00:41.380,1.1621432221682708,-2.9076897966493487,6.741727673484725,-0.5989650926503237,-0.43475531376554905,-0.002589971520611668,abnormal
2024-01-01 00:00:41.390,-1.3729405259424776,0.7794173815107864,5.9100605691441235,1.0065408923473897,0.28859242547571723,-0.3421144986877721,abnormal
2024-01-01 00:00:41.400,1.615909058132824,-1.0329968666822367,4.428936316343129,-0.6665346678396717,-1.3570205549650287,0.39659400652519206,abnormal
2024-01-01 00:00:41.410,0.8271524395243663,-1.194867881864914,4.793992728693998,-0.8751420808659137,1.521105654872005,-0.012385774702874991,abnormal
2024-01-01 00:00:41.420,-0.6356774045918642,-0.3039905388786369,4.324555689329201,1.4990954656141056,0.016582427220098953,0.04838167883111555,abnormal
2024-01-01 00:00:41.430,2.1328938400368855,-1.4432213052114722,4.474590359471539,0.7327086554664038,-0.44958831439378055,-0.4910138978286705,abnormal
2024-01-01 00:00:41.440,0.8985389446221427,1.0992958582616843,3.9732320579889,0.3481574911854442,-0.37616160503315643,-0.2314641500554206,abnormal
2024-01-01 00:00:41.450,-1.1233846427415095,2.389010812923979,3.8961304204462497,0.05176340980772629,-1.7995390619044922,-0.8834847295785017,abnormal
2024-01-01 00:00:41.460,-0.6534111646413124,0.7183079015844824,2.2963895945039896,0.26574293733235355,-0.713335224623401,0.09266844593101245,abnormal
2024-01-01 00:00:41.470,-1.2284570385066227,-1.855935567138859,3.320793961363075,0.23882598428428672,0.24560095475177895,-0.06145657651915837,abnormal
2024-01-01 00:00:41.480,-0.6250906148992332,-0.7315956715983383,3.169724471904517,-1.3930502325651182,0.41522015123828016,0.5439437662986933,abnormal
2024-01-01 00:00:41.490,-0.6737160938298288,-1.123680533858169,1.6717001724966327,-0.01877251834027552,-0.7941147884839047,-0.1398137531141884,abnormal
2024-01-01 00:00:41.500,0.6880997503510333,-0.24258942040491713,1.672624638003223,0.3591974413983411,-0.4367174948847306,0.3609177411944752,abnormal
2024-01-01 00:00:41.510,1.0801295999209848,0.8421844572293676,0.5996260991859468,-0.08118166424928822,-0.7088340722110184,0.3542286033447028,abnormal
2024-01-01 00:00:41.520,-0.7175472989134363,-0.7120093696455423,1.0793184548855046,0.5626225219700308,-0.1809456545165884,-0.6108361325933863,abnormal
2024-01-01 00:00:41.530,-0.3584558660699249,0.31364456157781656,0.7548855566208755,0.006477843619684875,0.2980558674949744,0.1031987975790384,abnormal
2024-01-01 00:00:41.540,0.5552875610195225,0.4209006545900463,0.6696636140771591,0.3602639787607446,-0.6467506820701378,0.5861059472050015,abnormal
2024-01-01 00:00:41.550,-0.7604097190455021,-0.3477874335029895,0.03419455118887893,0.873528571254157,0.5964308286546366,-0.16008852296089282,abnormal
2024-01-01 00:00:41.560,0.34696645238985163,2.895053791280581,0.7736929976269976,0.20103675961656614,0.2858987465003993,0.8127041053854052,abnormal
2024-01-01 00:00:41.570,0.32187199035209046,-1.3931579040525526,0.7855207457077951,-0.8411137001597204,-0.6353090824278335,-0.10058374061574939,abnormal
2024-01-01 00:00:41.580,-1.0040755185083976,-0.253084622595204,2.5134816219724563,-0.16585468555382307,-0.08813313759322433,0.5424562161149704,abnormal
2024-01-01 00:00:41.590,-1.3461075351076117,-2.867793375031886,2.934639838394228,-0.5875447107257346,1.2247558622479429,0.45114656544651777,abnormal
2024-01-01 00:00:41.600,-0.8848661299399979,0.9959273199251468,2.0002968932290504,-0.945079241892124,-0.13467460889240648,-0.9420004953203651,abnormal
2024-01-01 00:00:41.610,-0.9906037195164135,-2.1352123919521566,3.5613235767581486,-0.17136184641348556,-0.4487228828809275,0.7137325279102746,abnormal
2024-01-01 00:00:41.620,-0.892633592758266,-2.1946500631421584,3.1101818774454606,-1.3307802977323893,0.760962675057227,0.1760748149169856,abnormal
2024-01-01 00:00:41.630,-0.046938783412499366,0.0003675198885612759,4.334830122428564,-1.1155310224983197,-0.762207738386842,-0.44863646684132374,abnormal
2024-01-01 00:00:41.640,1.2631243077166157,-0.5846580081798064,4.858394334767605,0.9251362397647521,0.042500937438360635,-0.46954617919326896,abnormal
2024-01-01 00:00:41.650,0.8925076064274541,-0.6010147526205303,5.437611709174698,-0.036060846842768494,-0.5995662561688028,0.17611552287785923,abnormal
2024-01-01 00:00:41.660,-0.6559389826566028,0.03286573388318525,4.9125134169190225,0.45451998978333774,-0.12613002610314214,-0.0792849970782519,abnormal
2024-01-01 00:00:41.670,-0.1736974850889053,0.9454685928267564,4.8939377170011245,1.0960853680326086,1.42597758100983,-0.04595555566646013,abnormal
2024-01-01 00:00:41.680,0.08666182726510778,-1.3153887331780092,6.044436377857194,1.2861702317977297,1.2212741390950157,0.4949152646460523,abnormal
2024-01-01 00:00:41.690,1.2818014442970158,-1.7304750923904444,5.942307925632379,0.045469121729241425,0.5046909726395861,0.3278301215469349,abnormal
2024-01-01 00:00:41.700,2.647100188185128,1.0172708025491763,4.530104470031123,-1.1100306752769047,1.2712584260907667,0.05658311509479098,abnormal
2024-01-01 00:00:41.710,-0.1717133102557142,-1.026767379868551,7.067482389126051,0.24136571774721569,-1.3306122375776022,0.5444653044707515,abnormal
2024-01-01 00:00:41.720,1.2589212793828555,-0.03313966294751718,7.027913341825459,-1.0588358103438338,-1.1906425138760834,-0.0746134022600118,abnormal
2024-01-01 00:00:41.730,-0.06528458232141571,-0.17608644745328522,8.013691059043534,-0.36790503953806347,0.6157587341223103,-0.762483554786359,abnormal
2024-01-01 00:00:41.740,-0.31410401603794075,1.2548312599616656,7.905328144840494,1.6270061624573309,0.7038995379504178,0.3522525083772752,abnormal
2024-01-01 00:00:41.750,-0.22931575816598665,1.3516845092976726,8.05909813094839,-0.3804944276146318,1.0439483526497533,0.4078927918331906,abnormal
2024-01-01 00:00:41.760,0.16272593726062068,0.3561844405163477,7.955081754448871,-0.3279246186388749,-0.5750427038129045,0.7275683452874896,abnormal
2024-01-01 00:00:41.770,-0.6297714894610436,0.1936262859511767,6.333029744418502,0.16659373045375375,0.9614546035285476,-0.1645588453517159,abnormal
2024-01-01 00:00:41.780,0.33907120794016715,-1.7077477443032654,6.908093306451879,-0.3053849853082781,0.2807359832818231,-0.3822307293960513,abnormal
2024-01-01 00:00:41.790,0.18466901208705236,0.7115951184916577,6.841751184206884,-0.7104845357541685,-0.1766682786064809,-0.3499119726698951,abnormal
2024-01-01 00:00:41.800,1.3976049527330965,-0.03627851282251252,6.084815117517334,-1.6335197329323057,0.1460773697529536,-0.04320823860553979,abnormal
2024-01-01 00:00:41.810,-0.3475901121026039,-0.7038552763394827,6.248003094710162,-1.0719721962142545,0.5107196942474012,0.01571907336127574,abnormal
2024-01-01 00:00:41.820,-0.5878728964179519,0.6378897566498423,5.298006543394042,-1.3065750689973659,-0.5048096729251508,-0.3957999687736774,abnormal
2024-01-01 00:00:41.830,0.1679039065157373,0.9069472060603841,6.631856421735969,-0.7533541091261787,0.05970553938489635,0.02267170475800268,abnormal
2024-01-01 00:00:41.840,-1.18980957144408,2.075926094763781,7.142019539400298,0.4281536120237943,-1.7934275522156513,0.9551771849843035,abnormal
2024-01-01 00:00:41.850,0.7109688555332035,-0.6738682896000978,5.388418122100232,-0.145416645942219,-0.6466819351193588,0.2070649147051708,abnormal
2024-01-01 00:00:41.860,0.2627110950977526,-2.112996437834203,6.813084820996351,-0.4535315829596227,0.8360419741588337,0.23069360181526571,abnormal
2024-01-01 00:00:41.870,-1.5616155977183865,0.10677053159107484,6.2055821094031485,-1.79720096661807,-0.4533194876906753,0.7173092752065849,abnormal
2024-01-01 00:00:41.880,-1.395700048912625,1.0205425195119537,5.674749971581153,-0.6953815640394014,0.4850725343107545,0.42649175350130536,abnormal
2024-01-01 00:00:41.890,0.14822727904584393,-0.757028813040335,3.765975134499812,0.40367856248445144,0.3919148009854104,0.5592653174946086,abnormal
2024-01-01 00:00:41.900,1.4828722422656235,0.6274430263542413,4.167448632727267,0.02204527151533049,0.318442778147962,0.6761850396597474,abnormal
2024-01-01 00:00:41.910,-0.8492052429832807,0.42117031134497335,3.6049980782343307,-0.8243585895796711,0.06330774983948079,-0.4191462566337196,abnormal
2024-01-01 00:00:41.920,0.5466805041952219,0.482674843687784,3.884339682561967,0.5402675194375731,0.7616945381240977,0.17015553669174155,abnormal
2024-01-01 00:00:41.930,0.9342272237437457,0.2597828908070425,3.4226692578554405,0.12343296120960745,-0.11453273391206148,-0.46476159943629397,abnormal
2024-01-01 00:00:41.940,-1.4499082942248385,0.8267464870411213,2.6992321459556394,0.8360125646129107,0.796894029777332,-0.5309488613691027,abnormal
2024-01-01 00:00:41.950,1.856782564422164,1.5679799220220634,2.7951467664628056,-0.9123594758644581,0.7513161572408955,-0.1671111099911879,abnormal
2024-01-01 00:00:41.960,-0.1440092653775327,-0.34442844650787,1.8538192561509876,-0.9158061502739143,1.3983301880285017,0.6061436257448735,abnormal
2024-01-01 00:00:41.970,1.03217106391825,-1.0139006294890398,1.7160007250554752,0.552515746897244,-1.1366194252866857,-0.2788281367703894,abnormal
2024-01-01 00:00:41.980,0.12575748027270497,-3.0882309483757737,1.405186297066193,0.11541174231608627,0.4553595028812052,0.3084575326158334,abnormal
2024-01-01 00:00:41.990,1.1981894088177372,0.47692990942706154,1.4288634473522603,0.05019364082173898,0.6744053938371302,0.8788851285413849,abnormal
2024-01-01 00:00:42.000,0.773425615167765,1.436803197595631,0.7075113278643883,-0.39730524060875083,1.683011464538615,0.11220676279492063,abnormal
2024-01-01 00:00:42.010,1.3968281256187014,-0.09165192313897204,0.20967562240647047,0.934947907612933,-1.7733948525644159,0.2121376013651585,abnormal
2024-01-01 00:00:42.020,0.6613089352922686,1.6540724460553384,1.0254915265646178,0.9333171402705529,-0.38475691300057807,0.0800880084546196,abnormal
2024-01-01 00:00:42.030,0.3983573764216691,-1.6592362776036587,-0.47103352065514925,0.11409634207518496,0.21064165769176077,-0.5228730925379161,abnormal
2024-01-01 00:00:42.040,2.443341451984439,-0.9239485567768312,0.8359590145455101,-1.208488432191851,0.9088571033320823,-0.027178567643569147,abnormal
2024-01-01 00:00:42.050,-0.4736290798192705,-1.2089769633972887,1.9245829113079234,-0.4141280817123068,0.2697634894480289,0.7300403211979228,abnormal
2024-01-01 00:00:42.060,2.7873111141939284,1.063751214745511,3.302541415401914,0.9332960177508197,0.7920978148161147,-1.116235234500644,abnormal
2024-01-01 00:00:42.070,0.8430918632042812,0.23426588758035632,2.709148376294767,1.3316319478173788,-0.39181047310141204,-0.06632242611800834,abnormal
2024-01-01 00:00:42.080,1.2904373589796767,-0.7474811323076338,3.410543760975419,1.1232771884884523,-0.7227323324533409,0.5125037512049926,abnormal
2024-01-01 00:00:42.090,1.6484463709956747,-1.5017815356546405,4.573678733798015,0.17910679115101444,-0.48829068445830465,0.1571145562994562,abnormal
2024-01-01 00:00:42.100,0.024672622059461406,0.018182461891717402,3.6631461091465285,1.618887526728461,-1.48694491624691,-0.05857306717402267,abnormal
2024-01-01 00:00:42.110,0.32178662420167836,-1.3915085395067601,5.16095088501024,0.6146941106024895,0.9137142230050026,-0.5460105348847976,abnormal
2024-01-01 00:00:42.120,0.6613456416465913,-1.6924942278928417,5.28208864343882,0.3289147187793613,0.38562489300193886,-0.7007367198723148,abnormal
2024-01-01 00:00:42.130,0.4600361200782215,1.9712983280106515,4.3565127690441825,-0.0395152453878651,-1.8744084132214813,-0.22582847487093122,abnormal
2024-01-01 00:00:42.140,1.017788113363344,2.5657242864351635,4.0174912098223095,0.8333647947436897,0.434021202885613,0.29806191421844075,abnormal
2024-01-01 00:00:42.150,1.210882233741522,-0.4517908309755305,5.539597349392689,0.08534347502863286,1.2676170252206138,-0.030087619655529148,abnormal
2024-01-01 00:00:42.160,-0.598916301808198,0.05391822348748647,6.344858769592913,0.5394476673760126,0.5912666493156322,0.22927641906399945,abnormal
2024-01-01 00:00:42.170,-0.03681661219578932,2.1809071867587546,6.492166124987318,-0.9993845856896079,0.9477558997490944,-0.40898912504216983,abnormal
2024-01-01 00:00:42.180,0.5270090165326519,-2.108642041763468,6.198919917454116,-1.0743655679450663,0.9828372085370675,0.10523573166676643,abnormal
2024-01-01 00:00:42.190,-0.05471259729297504,-0.09554281946979336,6.436541653343741,-1.40896836077179,-0.5725342735075659,-0.5511036320938763,abnormal
2024-01-01 00:00:42.200,-0.32844192988948573,2.311713303846544,6.696481986018215,-1.2219914906882618,0.4785335690707061,-0.11881014261042952,abnormal
2024-01-01 00:00:42.210,-0.8990913923537487,0.85995337423476,5.64850378427157,1.3153902098418535,0.8984225868998437,-0.2433237246106545,abnormal
2024-01-01 00:00:42.220,-1.0011400808731767,-0.5424857899957066,7.181125804482927,0.22161456732204343,-0.029139711675722074,0.007448440848640525,abnormal
2024-01-01 00:00:42.230,-0.6457907991404045,-0.28019430853110394,6.963513509961118,-0.8057023942629721,0.6501706550849027,-0.931246782506927,abnormal
2024-01-01 00:00:42.240,-1.408323131121816,-0.26214791992491504,7.741647540311917,-0.3915225868138965,-0.5260147401543104,-0.28367852519704845,abnormal
2024-01-01 00:00:42.250,-0.5974155096008715,-0.987933908570916,6.7777897875332,0.016705061164956125,0.7534861550184841,-0.4741817311246574,abnormal
2024-01-01 00:00:42.260,0.480172625192027,0.2802954573280709,6.859562921479289,0.7820582726203191,-1.0207406054771229,0.02940750223643629,abnormal
2024-01-01 00:00:42.270,-0.2266128543888035,1.2267182160532157,5.531802113432041,0.49042385568927777,-0.5552829392170127,-0.4105726234220556,abnormal
2024-01-01 00:00:42.280,-1.769274558589925,1.166155816085485,7.472209355744114,-0.026548001670307506,-0.7549826691616423,-0.3644707593908418,abnormal
2024-01-01 00:00:42.290,-1.5297474663444954,1.2784573077138668,6.434351721457977,-1.0176077519334035,-0.1424517352677739,-0.626202375422609,abnormal
2024-01-01 00:00:42.300,0.6112894710860955,0.7337183484594482,7.026613547196819,2.2510948950118834,-1.7869391228995284,1.0684695791720087,abnormal
2024-01-01 00:00:42.310,-0.6292180816142313,1.5688005222793326,6.441085150304426,-1.0287201871707605,0.6766615259223397,-0.2658236258965991,abnormal
2024-01-01 00:00:42.320,0.5209043439726665,-0.7044871495530419,5.1591852867595485,-1.4122192928798882,-0.5774617383040628,-0.9475534019633084,abnormal
2024-01-01 00:00:42.330,1.2327169595525709,0.8574029322264574,6.8707005808980846,0.0661562043184544,0.06013352376072427,1.777119510219708,abnormal
2024-01-01 00:00:42.340,-0.6470247205697165,-1.8222608741764423,5.790780049895244,1.0058294180536647,0.7824408042236415,-0.2680770161302733,abnormal
2024-01-01 00:00:42.350,0.1725984369446012,1.1392752566426003,4.786115364478724,-0.48171582434505317,-0.06579904728578619,-0.23503962003028858,abnormal
2024-01-01 00:00:42.360,-0.7270854106760499,0.19265919924253352,5.740296785177427,-0.5840629018197151,2.05496077150812,0.251305176759002,abnormal
2024-01-01 00:00:42.370,-0.28898933492079915,1.5778362784643976,3.7984500095251965,-0.3836236088938565,2.0820763614475077,-0.09713618851206518,abnormal
2024-01-01 00:00:42.380,0.3328734743176906,-0.3282935411899577,3.6561721416069735,1.151549680950305,0.37169101285723316,0.07638894971582838,abnormal
2024-01-01 00:00:42.390,-1.9096670752055127,2.0459930574485723,4.215761761145828,0.6185561178760002,-0.4525353813567954,-0.6380440044258037,abnormal
2024-01-01 00:00:42.400,1.8279302499548336,-1.393898257723992,2.945187235116577,-1.9608625167931584,-0.5886774358753504,-0.06087004799891489,abnormal
2024-01-01 00:00:42.410,-2.367069923255282,1.3727364890972509,3.033482402768867,1.3883988666607554,0.9314313862730423,0.09478604709187186,abnormal
2024-01-01 00:00:42.420,1.2152660279319467,-0.35494279812949237,2.3710539558516897,-0.12068749029199827,-1.4312383438917269,-0.35954359671342684,abnormal
2024-01-01 00:00:42.430,0.5757696025596252,-0.9876834758139031,2.675237108521985,0.04149268961215017,0.16209087424250354,-0.24034798141487143,abnormal
2024-01-01 00:00:42.440,-1.702581007858628,0.10731615048910353,0.8768159934994255,0.7427672134366006,0.18728982337949915,-0.7905514635603379,abnormal
2024-01-01 00:00:42.450,2.021125537439091,0.07611254429474211,2.126970900791666,-0.844780512080567,-1.140824760179407,0.4781902166358029,abnormal
2024-01-01 00:00:42.460,-0.4309392355275772,-0.5316406940136668,0.2832425011515339,-0.6466244388917308,-1.9147231115761516,-0.11945248657973136,abnormal
2024-01-01 00:00:42.470,-1.0883236738831072,-2.208852894794739,0.8597285348341843,-0.7647116738274724,0.22698844888867425,0.4698726683256166,abnormal
2024-01-01 00:00:42.480,1.1237093032697287,-1.3167802304859704,0.8245095450140543,0.9890019083823792,-0.42225405508242625,0.3369496858962885,abnormal
2024-01-01 00:00:42.490,1.1018336652395173,0.9501939098981927,-0.014331630268123119,-1.1719424155864049,-0.7649436849626149,0.7745448304910848,abnormal
2024-01-01 00:00:42.500,-0.6577940630744266,0.592463131163218,1.2574819857797517,0.911184776927268,-0.1466721311367441,-0.5830615183277452,abnormal
2024-01-01 00:00:42.510,0.896036151429235,0.3844268725122187,1.3033243841581303,0.9333363220265789,-0.41667774002207764,0.5595399451728293,abnormal
2024-01-01 00:00:42.520,0.13779149807700045,0.8395705729568081,3.3099805357029286,0.30401930718390574,0.4910363380055965,-0.3766902748219616,abnormal
2024-01-01 00:00:42.530,-0.8118137727799021,-1.264303292785437,2.237054609306159,-0.19819889125658202,1.2833785301080127,0.3253085399293812,abnormal
2024-01-01 00:00:42.540,1.104851327299063,0.11053513466514166,1.9199710718805476,-0.2798735104508827,-0.6327600788337608,0.2210969023290318,abnormal
2024-01-01 00:00:42.550,0.9736591064046084,0.3310831463432236,2.7777584600547707,-0.19769646399997276,0.10418621237582913,-0.9274743083513567,abnormal
2024-01-01 00:00:42.560,-1.8148183755575449,0.20108369774225066,3.036902764965136,-0.8322996661003347,-0.3254568177218681,-0.44434833018011344,abnormal
2024-01-01 00:00:42.570,0.641043570422335,-1.043294547733297,3.7996208418523647,-0.30269839968349604,0.46848248146690114,-0.44243129740171355,abnormal
2024-01-01 00:00:42.580,0.5272019936507348,-1.2318412616209153,4.502530218064454,0.9789759766859484,-0.9422191009776323,-0.06031744063158401,abnormal
2024-01-01 00:00:42.590,0.3806592599700428,-0.19465422080764158,5.049105141262862,0.3610552386161231,0.3300038442981632,-0.7364346539363685,abnormal
2024-01-01 00:00:42.600,0.5720991351068514,-0.3619593705715917,5.129642198064071,0.026224489521317628,0.20944358513651795,-0.4126023800720279,abnormal
2024-01-01 00:00:42.610,0.919733028691377,0.43150158196178817,6.026432314657216,0.3265866546818923,-0.20879601447602064,-0.6229154935667848,abnormal
2024-01-01 00:00:42.620,0.5391845199531868,-0.4562172151724428,6.06245209896981,-0.2942186356843866,-0.7508894779888148,0.28305690227005265,abnormal
2024-01-01 00:00:42.630,-0.2649036052373467,-0.5324347335851359,5.366989589601437,-0.9921707448482097,0.04852042041133932,-0.02651556910875968,abnormal
2024-01-01 00:00:42.640,0.7166950248822398,-0.563997535510969,7.067264893454277,1.2432901994654153,0.08678052682742453,0.14409562734143705,abnormal
2024-01-01 00:00:42.650,-0.8111039630763303,-2.320944608226609,6.376858315842248,-0.7676461769041392,0.6658228419956989,0.16955621310082472,abnormal
2024-01-01 00:00:42.660,0.21897389741142784,0.8162028545508483,6.370571650023959,-0.8900875182522945,-1.2121612619549544,0.26836978310024556,abnormal
2024-01-01 00:00:42.670,1.5583807523374738,0.5924242102563566,6.273072058185321,-0.41234772387455665,-0.21946743565991977,0.2620382546796434,abnormal
2024-01-01 00:00:42.680,0.17078637539000804,-2.199158206230122,7.340872540912712,1.6637284485992572,-1.6049984705684295,-0.6700117711786117,abnormal
2024-01-01 00:00:42.690,0.6995089597661659,0.08707221169203531,5.469993102185723,-0.27553567140578067,0.45413196963703883,-0.17016038069512765,abnormal
2024-01-01 00:00:42.700,1.4031949849344365,0.9300124798014119,7.978929393239829,-0.5429193319886694,0.6452179558176083,-0.3440421123368595,abnormal
2024-01-01 00:00:42.710,0.6431064529217746,1.5926412505391359,8.214364169650116,0.36568626549103245,0.8711457478789196,0.15555270448140476,abnormal
2024-01-01 00:00:42.720,-0.016930044366680996,0.6977063158478907,7.1736145457850045,0.33693563106998714,0.10507197352939998,-1.0352616265901513,abnormal
2024-01-01 00:00:42.730,0.25715983450444524,1.3855210985165858,6.594991701566687,0.5651987983967435,0.6093270130002958,0.12635516935362592,abnormal
2024-01-01 00:00:42.740,-1.0026465915910823,0.02753157538879463,7.165493147805896,-0.8529619462986204,-0.812427909515728,0.4919961074359862,abnormal
2024-01-01 00:00:42.750,0.5302494236167833,1.6950069128305096,6.527641002587427,-0.5238754338507158,1.0510323212151826,-0.3169320553645463,abnormal
2024-01-01 00:00:42.760,1.3598695987381102,-0.5829527189721481,6.836385911717099,0.23334006705382804,0.4673017952800261,-0.16710710602246892,abnormal
2024-01-01 00:00:42.770,-1.526391612911248,0.5373420813188796,5.511036188326881,0.5126965681983908,-2.0190217169766,-0.4812893699658843,abnormal
2024-01-01 00:00:42.780,-0.061099268097050005,2.027202940284912,6.781789275950335,-1.8357314673888594,-1.4210047039898865,-0.1201743531116993,abnormal
2024-01-01 00:00:42.790,0.20152532983525903,1.9538947988906654,7.018916389974716,-1.13445349871342,0.570516697224847,-0.5232843387418123,abnormal
2024-01-01 00:00:42.800,0.018265026642296775,0.29788653173032853,6.324339421417417,0.9148540615224658,-0.5935650608625462,0.5265580948531696,abnormal
2024-01-01 00:00:42.810,0.5824649119346628,-0.45419661463361943,6.098733341454794,-0.09962063344454766,1.513052518118358,-0.29915013268447216,abnormal
2024-01-01 00:00:42.820,-1.6326076739680442,-0.17623978940614965,4.387812498989227,0.8877207889400156,-0.0030829500478938127,-0.31677267332485465,abnormal
2024-01-01 00:00:42.830,1.6088752731001021,0.08530517261327963,5.205623997639415,-0.2796198105950627,1.627273225347403,0.33681820979346455,abnormal
2024-01-01 00:00:42.840,-1.7144171847839866,-0.12110084745361349,4.643554769304985,-1.1025183126304856,-0.48643177864261117,0.4813652794461406,abnormal
2024-01-01 00:00:42.850,-0.20691517028861334,-1.0545678894193606,4.310305118312354,-0.44346120609343126,-0.7985005199602733,0.07455144057538085,abnormal
2024-01-01 00:00:42.860,-0.30285926530929985,-0.8050049548557815,3.4961987108652033,-0.5067645121227483,0.21947107193218862,0.17095740800073614,abnormal
2024-01-01 00:00:42.870,-0.8620641133559998,-0.1687982599465053,2.865409635600657,-0.2001262456178759,-0.20324954388557245,-0.8416540837712211,abnormal
2024-01-01 00:00:42.880,0.8595932901960364,1.0854206177694028,4.146251568227679,-1.4919706991400525,0.23282245053874653,-0.4431544836770683,abnormal
2024-01-01 00:00:42.890,3.046492856172872,0.03372701742729056,2.205568698020081,-1.8131066343479127,0.31653560284825843,-0.8650514475532695,abnormal
2024-01-01 00:00:42.900,-1.7413984965380191,-0.18547647930820907,3.150915143842644,0.9853192955997637,1.0186443077935545,0.17204917237509254,abnormal
2024-01-01 00:00:42.910,-1.1889097208492378,-0.6756897322966486,1.5951316851215431,-1.0211225769678511,0.5983529544384789,0.7157063864174449,abnormal
2024-01-01 00:00:42.920,0.2755473476571243,-2.331285036614734,1.214187608829423,0.8355763280101207,0.3722682089702866,0.9339075502179325,abnormal
2024-01-01 00:00:42.930,2.706283772882372,1.7302962918598608,0.5768370326595703,-1.0368657963630328,0.8018565804069008,-1.1279912651865522,abnormal
2024-01-01 00:00:42.940,-1.1530811114773967,0.44182667176049667,0.35885600775130855,-0.4130214006156945,-0.5885168060640704,-0.0466067507043644,abnormal
2024-01-01 00:00:42.950,0.21059669126648742,-0.47442274169136817,0.31890239897746575,0.6429008998673608,-1.7504761712764867,-0.7383233434067094,abnormal
2024-01-01 00:00:42.960,0.06803037331233053,0.6854389494033719,0.4187679876340852,0.7451989233634477,-1.1165156169256643,0.026508835176781428,abnormal
2024-01-01 00:00:42.970,2.2268964024726823,0.018480722373823935,1.6341861403066629,0.25984082834185285,1.0508922252630704,0.4097568714017641,abnormal
2024-01-01 00:00:42.980,-0.07075218167028499,1.3289869624877209,1.2408069876096481,0.34914107193054283,0.00929039821144228,0.3579244319552205,abnormal
2024-01-01 00:00:42.990,0.7079103300137545,0.9277571127002118,2.1074192453722596,-0.9795105762067817,-0.46151393737280016,-0.3243837207382858,abnormal
2024-01-01 00:00:43.000,0.4951847982473728,1.053335650019108,2.0591953418522424,-0.9880601641656795,-0.8409575264971776,-0.5163254756236889,abnormal
2024-01-01 00:00:43.010,-0.6729638744879666,-1.1373341242308486,3.970619565463177,-0.7443490942559206,-2.0784228325445184,-0.2511077753364843,abnormal
2024-01-01 00:00:43.020,-0.16212871624754813,-0.8840438159545327,3.4546712216944098,0.3140476790367607,0.5758127724831338,0.2540735121009411,abnormal
2024-01-01 00:00:43.030,0.43816703015655606,-1.981699120509141,4.6589903328682745,-1.279013022841403,-0.7391529525952311,0.5305445247981678,abnormal
2024-01-01 00:00:43.040,0.6417713757635577,0.5030333896601132,3.241117774630159,-0.07921843321804278,0.1772079549788179,0.21311079519618575,abnormal
2024-01-01 00:00:43.050,1.724211611713773,2.299950325650378,4.896045570772393,0.5110877582818313,0.10437120670443266,-0.23705585291072911,abnormal
2024-01-01 00:00:43.060,-0.16700106057856776,-0.32987414178481106,4.711208416396281,0.2522518027180595,-0.991336865404487,-0.2057048049394286,abnormal
2024-01-01 00:00:43.070,-0.15942640673267552,-0.5024549537111692,5.233774642750381,-0.45833030284970144,-0.06563329991722079,0.695068509201185,abnormal
2024-01-01 00:00:43.080,-0.5530147710634784,-1.6071310641530705,5.577195610654963,-0.31298128535989783,-1.7832496928159722,-0.050187331104581755,abnormal
2024-01-01 00:00:43.090,-0.3859398748481009,-0.5228095494101533,5.705114781603263,1.7239827531737928,-0.971016378227927,-0.8092126458238053,abnormal
2024-01-01 00:00:43.100,1.672440382385089,-1.7256393366659015,6.1562990346938955,0.36956884428629155,0.039176773575900235,0.09933083579559535,abnormal
2024-01-01 00:00:43.110,-0.8559889668025348,0.4965484600661194,6.158098185560934,0.7607130662658527,0.26266077837120977,0.2510150076689298,abnormal
2024-01-01 00:00:43.120,1.9743084059782379,-0.1529193067062008,6.423621516701725,0.547556086949797,-1.5324933784559776,-0.48502052490330877,abnormal
2024-01-01 00:00:43.130,0.928311462765627,-0.1552421756472009,7.560285293242429,0.035161903542741,1.1015490938003536,0.04894835846056897,abnormal
2024-01-01 00:00:43.140,1.309474706423694,-0.9474097914722477,6.603528785200321,-1.6796259850367075,-0.08674342212519039,-0.5606642004184366,abnormal
2024-01-01 00:00:43.150,-1.034604639541611,-1.195484493161964,6.486456663452625,0.5959335462205193,0.8409516376707293,0.9850427803029872,abnormal
2024-01-01 00:00:43.160,0.38285240597249376,0.7370729336663604,7.616499657887703,0.11330241739154016,0.48934299804147996,-0.6889638758484683,abnormal
2024-01-01 00:00:43.170,-0.3209792099661168,0.1582313453609783,7.277978850898322,-0.3383920435797689,-0.8055020920759639,-1.3658294624885272,abnormal
2024-01-01 00:00:43.180,0.515631924104717,1.4726498355515885,6.842285384663862,0.12087448884293472,-0.11696356660587337,0.5601439188788191,abnormal
2024-01-01 00:00:43.190,1.9640987243573709,-1.1632252874145117,8.06964055202745,0.9156550562567753,-1.4234070114868815,0.018896441516894746,abnormal
2024-01-01 00:00:43.200,-2.0240401023495505,2.134752194110357,6.7394452245894305,-1.0441217133531326,0.17681560713783465,0.5139555320152351,abnormal
2024-01-01 00:00:43.210,1.7311087096333098,0.6290415392045322,6.590409008655966,-0.16464622506981222,-1.65343156414433,-1.3551859204099383,abnormal
2024-01-01 00:00:43.220,1.720938311221044,-2.4835409533962953,6.721268384973406,0.925115952594261,1.0721846356119134,-1.1105841123078666,abnormal
2024-01-01 00:00:43.230,-1.2195629012685218,-0.6471751946390946,6.7575415075178675,1.276419061864739,-0.6596394942377486,-0.01849494613215332,abnormal
2024-01-01 00:00:43.240,-0.9715030224039983,1.202816833583824,6.605082512826337,-0.02432718498264168,0.7391706411630402,0.6142315643284473,abnormal
2024-01-01 00:00:43.250,-1.1421956175933325,1.552671368277742,6.443178373033187,0.04095274315030086,-1.0683468298816658,0.45160449903622385,abnormal
2024-01-01 00:00:43.260,0.39141884776401775,-0.3700043017107612,6.630653871898984,0.34906010377323116,1.6688774147646712,0.09245793690320234,abnormal
2024-01-01 00:00:43.270,1.6198978500856889,0.8752243189023727,6.383203120308346,0.3312720800069469,1.6440087507282797,-0.7390354605845181,abnormal
2024-01-01 00:00:43.280,-0.5196818778374969,0.2332777069703019,5.4244171494791,0.16121758202306746,0.37207888495654445,-0.7503136426931827,abnormal
2024-01-01 00:00:43.290,1.259596255327643,-1.9840571143386554,6.220524630871431,-0.4710721695003498,1.130600699205507,0.5442857412955421,abnormal
2024-01-01 00:00:43.300,-0.6281537648958158,1.3265359948394955,4.320530725375701,-0.8509848713072565,1.484202941527782,-0.7726701571656455,abnormal
2024-01-01 00:00:43.310,-0.27842315554120917,-0.11948022164071567,3.9274051912870274,-0.23850032245425473,0.1983469188704548,-0.2714307506049841,abnormal
2024-01-01 00:00:43.320,0.7019784864162292,0.771901894403955,4.613793202732762,-0.6504672110073454,-0.38871462688656355,0.2189937014049397,abnormal
2024-01-01 00:00:43.330,-0.9210789688583343,0.15664622355559926,2.770123673871879,-0.5240691462583157,-0.5240358570500155,-0.4089993758126004,abnormal
2024-01-01 00:00:43.340,-0.5459466748508638,0.7486794052481686,3.4364175466715725,-0.6917523091476607,1.205817435558674,0.20826298234682925,abnormal
2024-01-01 00:00:43.350,0.5206130458716576,1.4605663892401763,2.979465188262906,-0.7508510286723995,1.3238939214558556,-1.000453413741235,abnormal
2024-01-01 00:00:43.360,-0.5660351765330823,0.5559863583910878,3.069497931432429,0.42722108960908006,0.31931866167365774,-0.3417981832036154,abnormal
2024-01-01 00:00:43.370,-2.2371938092026635,0.8378328859095462,0.42354413991182915,0.53990334795041,-0.08596508287766784,-0.9070214258177134,abnormal
2024-01-01 00:00:43.380,1.6123098486258445,-0.13627675626044736,2.7383945346594105,0.30205609792052024,0.36683829451555944,0.7063135109906189,abnormal
2024-01-01 00:00:43.390,1.046745804186732,-2.168434601390949,0.1297158394787452,-1.1097843754673515,0.031026720000060872,0.2601995784332506,abnormal
2024-01-01 00:00:43.400,0.9084246954315383,-0.9595228017004941,0.8702990059663396,1.7396022043904806,1.2641200699759894,-0.31928240046621903,abnormal
2024-01-01 00:00:43.410,-1.7473925858104065,-0.37596592547608837,0.842630605198702,-0.4546542389105436,-0.4311467200771641,0.4198375499990345,abnormal
2024-01-01 00:00:43.420,-1.6891956678937994,-0.0914007571952341,-0.5720315579517814,-0.8272543953104333,0.9737368608139787,-0.5745333886291398,abnormal
2024-01-01 00:00:43.430,1.77526947346156,1.535112261946972,0.8199564647796002,-1.1089775406072977,-0.788341038605436,-0.004762661180955298,abnormal
2024-01-01 00:00:43.440,-1.326857112607191,-0.5003929914901013,0.6774249658636855,-1.8549490575138663,0.30722581008029304,0.5265415793487854,abnormal
2024-01-01 00:00:43.450,-0.0586510670464562,0.008199495001371243,1.3361769647538482,0.385698735408723,-0.6446578465904681,-0.20274333626984978,abnormal
2024-01-01 00:00:43.460,0.9514831231639511,-1.3458105085413008,1.9185023637787608,-1.9768663694527429,0.7253287992584737,0.24634333222941812,abnormal
2024-01-01 00:00:43.470,0.21305791745855515,0.4048662579997703,2.880452299811089,-1.224018624033016,0.4620572022524311,0.8914440971013025,abnormal
2024-01-01 00:00:43.480,1.3739768948556346,0.737304676632937,3.5329190115391986,0.9124566420952178,-0.01749202232424521,-0.13320818157874256,abnormal
2024-01-01 00:00:43.490,1.5668196077393035,1.725596076101908,2.550966460627734,0.3102861969350629,-0.6740097762461992,-0.25692216525601463,abnormal
2024-01-01 00:00:43.500,-0.6112057177371365,-0.8302610701099759,2.747200781891505,-0.17694045390737684,-0.1907161113075723,1.2971959023609851,abnormal
2024-01-01 00:00:43.510,0.6147293709626629,1.1117538058330092,4.385432622611128,-0.03698496477068017,-0.7585872426744859,-0.20661318203292778,abnormal
2024-01-01 00:00:43.520,1.1260753155023866,0.010667777598776181,5.323973183287008,-1.344219397808303,0.37517201547551443,-0.15304913754113386,abnormal
2024-01-01 00:00:43.530,1.336877495528185,-1.1788984837415428,4.9867629535259415,-0.3219845885657972,1.7889176102320083,0.41432397120724435,abnormal
2024-01-01 00:00:43.540,2.642874007102742,-0.0710346902198836,3.9790470575417864,-0.27680556860489136,-1.2088456492689654,0.40684935932274624,abnormal
2024-01-01 00:00:43.550,-0.07572637794461183,1.49876574193483,6.1925324472395396,-1.5629201613537875,-0.7911889050706192,0.5961314614492685,abnormal
2024-01-01 00:00:43.560,-1.7976600888492236,1.864687909191777,5.620809945425234,0.9443380108039284,1.1636379124714307,-0.3267618701537771,abnormal
2024-01-01 00:00:43.570,0.05164854422532406,1.168917396994602,5.07613229711012,-0.49443322400105455,0.11737546068875081,-0.8698555379158699,abnormal
2024-01-01 00:00:43.580,-2.530837406257294,-1.1293095118830496,5.132636507648504,0.44912735652109664,1.167331218276291,-0.8977794077462581,abnormal
2024-01-01 00:00:43.590,0.47281863647258227,1.247951111727109,6.439525787839746,0.8281682145627,-0.0943813274444599,0.36137702489849527,abnormal
2024-01-01 00:00:43.600,-1.8819826994129378,0.5862912879382083,6.73469800480987,0.844598937857696,0.24908065281453268,-1.245018816036969,abnormal
2024-01-01 00:00:43.610,0.8770870705421512,-1.6253619669699517,6.078881340256436,-0.1520751153948478,-1.2318010030786735,-0.24181551992996342,abnormal
2024-01-01 00:00:43.620,-0.6087935199346741,2.6036821924691096,7.140502009492206,2.4156757623739975,-0.4298357327777829,-0.3098182457742312,abnormal
2024-01-01 00:00:43.630,1.762860391380801,0.8567647792824397,6.688496144333235,-1.0625327062851668,-0.42220114632414174,-0.9626028846869966,abnormal
2024-01-01 00:00:43.640,-2.3597855173347293,0.871030203252094,6.872807469594058,-0.0538319554339039,-0.21563058615149722,-0.5607682876005957,abnormal
2024-01-01 00:00:43.650,0.8176485104479975,1.2835939105284613,6.733978629853286,0.9979021443906213,-1.096029229325302,-0.5329291565243982,abnormal
2024-01-01 00:00:43.660,-0.5916974673619072,0.6046776319464334,7.736237691713431,-0.4883011746254239,-0.49012904698530557,0.2711326850095574,abnormal
2024-01-01 00:00:43.670,0.2234682047751348,-1.3056097961189252,6.880157675102549,-1.0033412368966583,-0.4489737017058382,-1.2412327783430266,abnormal
2024-01-01 00:00:43.680,-0.580407230294481,-0.3967062731366569,7.040409337933582,-1.9866018523328783,0.8345999689802004,0.6872382634902809,abnormal
2024-01-01 00:00:43.690,-1.6041690230518917,-0.42447459151731476,6.278433779058977,-0.937471097804142,-1.3941418358176885,-0.1080654549553254,abnormal
2024-01-01 00:00:43.700,0.0914629095259902,-1.735194210725456,5.927694861830223,-0.5536970265087732,-1.4991246335104054,0.23676819684799,abnormal
2024-01-01 00:00:43.710,0.4294898019380148,-0.441032315443443,5.770779408617701,-0.3603501155618565,0.3365357413561526,0.26471154969270205,abnormal
2024-01-01 00:00:43.720,0.4442393083782874,1.1954253679378992,6.491608431832184,0.16555734874031552,0.09151924426427742,0.6686516149195335,abnormal
2024-01-01 00:00:43.730,1.5321029644860928,0.6934464575884813,5.931369080058033,1.3799560823751793,-0.16971642826185235,-0.02577096744849038,abnormal
2024-01-01 00:00:43.740,-0.6505061700739528,0.8183650259571004,5.949507441092393,-1.3998480420421215,-0.5583841518077302,-0.42179480342314835,abnormal
2024-01-01 00:00:43.750,-0.8423145595928027,-1.5778431997264286,5.503034660383157,-1.696736147853665,1.5206623319223709,0.5157663644667171,abnormal
2024-01-01 00:00:43.760,1.7789886168125644,-0.3302125719662256,5.6082459493072045,0.5941335569922753,1.2572551370376328,0.1840451741564379,abnormal
2024-01-01 00:00:43.770,-1.2169113283627417,-0.7082643306946286,5.409981619246172,0.6466392357072133,-0.1832565302663374,-0.35194889827965736,abnormal
2024-01-01 00:00:43.780,1.5193060064026749,-0.8374464249135081,4.946451822571722,-1.0829396167445473,-1.1905471112694204,-0.13809199169676142,abnormal
2024-01-01 00:00:43.790,-0.21313947345136333,0.8834091689009014,4.966658377292457,-1.6934618030619162,0.01977149935593999,-0.16188278490459854,abnormal
2024-01-01 00:00:43.800,-1.379886132353045,3.1236230508526663,4.135822395492199,-0.28877376879095956,1.2035734953622954,-0.596885196495276,abnormal
2024-01-01 00:00:43.810,0.5307233653276561,-1.6391387905851815,4.431343584738703,-0.7815315996242221,0.3710381735879269,-0.33279568830166145,abnormal
2024-01-01 00:00:43.820,0.5246721027537166,1.7583889633830878,2.8659231341963864,-1.9432642554678308,-0.36147026079406747,-0.5379410319108845,abnormal
2024-01-01 00:00:43.830,0.5149579992522287,2.2993322106667082,2.7199222089034993,-0.46418787811533346,0.9003943198683902,0.23911678575249534,abnormal
2024-01-01 00:00:43.840,0.7766547633028199,0.9438873557999974,1.4912836835129075,-0.000252352967003773,0.4183555703264169,0.26955419226911187,abnormal
2024-01-01 00:00:43.850,0.6993347411646477,0.9470331533835298,1.3104824556986951,-0.4169636447049506,-0.11202406434172613,0.17712466864324528,abnormal
2024-01-01 00:00:43.860,-0.0035225975570825105,1.1465464683096525,1.9598150018159597,-0.34890320818351267,0.498922813377207,-1.4433309424180794,abnormal
2024-01-01 00:00:43.870,-0.49368209381405914,-0.43784013178563236,0.7382745714761805,-0.39832039894513344,-1.6056776293166737,-0.22935700098772208,abnormal
2024-01-01 00:00:43.880,-1.4248232747405825,1.9362265067780458,0.165041139435747,1.3864699162052545,0.4303744184025056,-0.7935067805518354,abnormal
2024-01-01 00:00:43.890,-4.180153778734868,-0.9658632425993025,0.140893578312888,-0.000924023066272309,0.5955146352328516,1.0639365016857312,abnormal
2024-01-01 00:00:43.900,2.091547300078739,2.1703074222984093,0.5716134161907478,0.5101691109544221,1.4149746210373477,-0.8480727263645573,abnormal
2024-01-01 00:00:43.910,0.02785436077778441,1.6389903859377535,0.9992336391961452,-0.3166093144576979,-1.3906266768872042,0.5222025992799736,abnormal
2024-01-01 00:00:43.920,1.2120640142472858,0.9517115236485586,1.256202444265946,-0.8353729178009279,1.2438069701551395,-0.21948037227821932,abnormal
2024-01-01 00:00:43.930,-0.503639806947421,-1.3445092720833574,2.2153613059127344,-1.0209804156111235,-0.22631008097581776,-0.9108565997490429,abnormal
2024-01-01 00:00:43.940,0.043779721796612686,-1.9313690129457681,2.7352646642885317,0.01715152163303394,-0.25352466536864876,-0.7659112060597542,abnormal
2024-01-01 00:00:43.950,1.4314151870689849,1.2857031089049062,2.881708191970429,-1.3689066377673293,0.8830943329977715,0.4048974610296077,abnormal
2024-01-01 00:00:43.960,-1.0319136071033999,0.4287395268941675,3.720574712681382,-0.14449317701335357,-0.7581440172005632,0.0021847089350624472,abnormal
2024-01-01 00:00:43.970,-0.11403650501722917,-1.9963645486814197,3.582003548268935,0.14789139955973363,-0.4087029834279274,-0.2948582423745954,abnormal
2024-01-01 00:00:43.980,-0.7300634452947435,-1.8907074398272443,3.1376477526882995,0.23889971459819725,-0.21537880563705286,-0.3475087936457128,abnormal
2024-01-01 00:00:43.990,-0.5044388049241761,-0.5736426648437177,5.2117799593746845,1.074337359986616,0.18722605607320428,-0.7871802143554635,abnormal
2024-01-01 00:00:44.000,0.1266447433620058,-1.4394259791509376,4.931276485326609,-0.20001800958105054,1.0065716753021121,0.3738598455859783,abnormal
2024-01-01 00:00:44.010,-0.8255616951156308,0.38169343684720786,5.5870106574829626,-0.16087154206592777,1.1463272539725922,0.7238372430532394,abnormal
2024-01-01 00:00:44.020,1.6008284302488518,-1.1325542754202351,5.3950514857690015,0.4274925332544396,0.5736011444810475,0.0756441651227289,abnormal
2024-01-01 00:00:44.030,-0.24270672502859209,1.9623895774200408,5.3859645445304345,0.7536298487524892,0.5313291075975043,-0.47841928131355455,abnormal
2024-01-01 00:00:44.040,0.5471508046187209,1.1110826169287429,4.930609168718971,0.3077641774139672,0.15467114561195,-0.3768645724415541,abnormal
2024-01-01 00:00:44.050,1.3707335507150298,-1.922654066244243,6.723699177349846,0.7459006027401089,1.0870410684187857,0.3253749830143555,abnormal
2024-01-01 00:00:44.060,2.3849218783528947,-2.044383602514741,6.738225211658233,0.47559960028012876,0.3136074830920805,0.054047795077425916,abnormal
2024-01-01 00:00:44.070,0.19968024250736638,-2.4375278068993893,6.103441297389761,-0.8480335711055672,-1.1411176653985742,0.8907787572936835,abnormal
2024-01-01 00:00:44.080,-2.881932611327934,1.2908485227280937,5.9308073962564585,0.4504879067922563,-0.6951932828584095,-0.021566505411890532,abnormal
2024-01-01 00:00:44.090,1.0203446079100285,0.15456128119173995,7.281689028477165,-0.42072229589665733,0.8215361314619305,0.22058423475007757,abnormal
2024-01-01 00:00:44.100,-0.9199896531594549,-1.1789680537914595,7.113582860934261,-0.3709040477248405,0.5077016529795401,0.4392163225469142,abnormal
2024-01-01 00:00:44.110,0.8023645362817103,3.221041470798816,7.925586600705626,0.5604035549846211,-0.005522154392084244,-0.19491035041930044,abnormal
2024-01-01 00:00:44.120,-2.2093574580310524,0.2879544894192106,6.876197690612529,0.05909547904003964,-0.40399298590315924,0.4765607115775256,abnormal
2024-01-01 00:00:44.130,-1.4736998167122926,-0.7711428404739021,6.631551100558362,-0.08326098174663694,0.8633821563632431,0.8960534458340657,abnormal
2024-01-01 00:00:44.140,1.4711819215465916,1.9719258562338473,7.978125320764077,-0.6066430611355057,-1.0509646996016209,0.25640717118428363,abnormal
2024-01-01 00:00:44.150,2.455446917920837,-0.08507391711651428,6.739674677961519,0.6897466462928843,-0.16331185889776104,0.2621269498662413,abnormal
2024-01-01 00:00:44.160,-0.7686155260016516,-0.7927878377454481,6.566935368754572,0.3230642249114986,-0.11310105650800086,-0.36675968087759464,abnormal
2024-01-01 00:00:44.170,-1.3676309456496774,1.1681637581754825,6.0210398337622095,0.4657400950234394,-0.38655096572849224,1.0301977394033492,abnormal
2024-01-01 00:00:44.180,-1.6666206095315823,-1.3362350185997773,5.977361034215788,1.128880311564121,0.7752960744962132,-0.5045405173748169,abnormal
2024-01-01 00:00:44.190,0.6899729099857514,0.4326655212363328,5.829428470297178,0.9891303665830294,1.1521463846420479,-0.49990666207988005,abnormal
2024-01-01 00:00:44.200,0.9198162597238962,0.527544304819862,5.0135477670298885,-0.23686839142287808,1.3927193798060462,-0.1539883999966752,abnormal
2024-01-01 00:00:44.210,0.8980246126337011,-0.5849996183427386,6.3842582004879915,-0.8600373769156535,0.04390749821872289,-0.37716879611328596,abnormal
2024-01-01 00:00:44.220,0.32445246483582735,-0.7056510888912378,5.581908571569257,-1.0666099706377408,1.642115535124345,0.2874948074604678,abnormal
2024-01-01 00:00:44.230,-1.1245958535706655,-0.04886612037225377,5.267248038071858,-0.02023492814106856,0.057407991822344205,1.2228121802399816,abnormal
2024-01-01 00:00:44.240,0.7270764346391381,-1.3568824739550336,5.589613800554493,0.40540204162657806,0.427243996215921,-0.330633994176567,abnormal
2024-01-01 00:00:44.250,-1.4048535832909974,-3.227387140495569,4.589354924679973,0.6577367092036652,0.5869991432227697,0.2852445525357056,abnormal
2024-01-01 00:00:44.260,1.5059096071218432,-0.41112398776229203,4.088423224882834,1.993483262700502,-0.34264006467865304,0.11772591664633611,abnormal
2024-01-01 00:00:44.270,0.8634323644917227,1.105933497537789,4.407953892539416,-0.6109007759937747,0.7041281842650432,0.7600902366874995,abnormal
2024-01-01 00:00:44.280,-0.35601143511772376,-2.1767322808384315,3.6096093767216844,0.8373929075852403,0.8578856108862694,-0.22461270705676817,abnormal
2024-01-01 00:00:44.290,-0.43235794651491305,-1.7753923650263148,3.426587810386054,0.02698227331255427,-0.06607363538383436,-0.47489282121083903,abnormal
2024-01-01 00:00:44.300,1.3772822903236441,-0.7011748362231688,3.1589329940835547,1.4705555790286802,-0.2304539728267787,0.055568652321079784,abnormal
2024-01-01 00:00:44.310,-0.6004701735222444,1.8930083748768143,2.6490102117147907,0.04627646563962091,0.5765543208120134,-0.28492745078415155,abnormal
2024-01-01 00:00:44.320,0.43164435566988457,-0.2540558138383728,2.0088781935382323,0.05261001108063148,-0.18886938975101392,-1.1181552897951768,abnormal
2024-01-01 00:00:44.330,-1.1903973775079746,0.0006348510692815366,2.5776293978681277,-1.1269509389519352,1.323978047041502,0.4321283748264819,abnormal
2024-01-01 00:00:44.340,0.5059838158482591,2.917136794124763,1.3330042409156404,0.3505395599257004,0.7132897560467866,-0.23888461642549097,abnormal
2024-01-01 00:00:44.350,1.819404930430432,1.3231952927692154,0.8108570016540723,0.4849622999237045,-1.797812713426171,0.02152400332210539,abnormal
2024-01-01 00:00:44.360,-1.1719239152380934,0.6750178433479911,0.46673000496859984,1.8621610840692384,1.4109534024638908,-0.19235438328334536,abnormal
2024-01-01 00:00:44.370,-2.317556565227938,0.9730131348754228,-0.4397255920780525,0.6807798280114027,-0.8296201179167039,0.341092257901513,abnormal
2024-01-01 00:00:44.380,1.7750999767379045,0.5331059857250521,1.185262346476973,1.239572022128192,1.1756842461682897,-0.6039978001472414,abnormal
2024-01-01 00:00:44.390,0.5710957707314386,-1.0038138834507655,1.076552785334867,-0.2304363893021546,-0.7752674657267906,1.1266725919241363,abnormal
2024-01-01 00:00:44.400,-1.306249549541396,-0.6905201776231219,2.065152593179784,-0.1512872954422527,0.09997641592684171,0.5172644769189968,abnormal
2024-01-01 00:00:44.410,1.0385566721109376,-1.1327030493299508,2.224323921855068,0.8831279842186999,-0.029842917822132876,0.9694388113435646,abnormal
2024-01-01 00:00:44.420,0.44039007294085614,-0.06737628102509322,2.5612709334766106,-0.9907237227126747,-1.7728754268376883,-0.6342299542884658,abnormal
2024-01-01 00:00:44.430,-3.0425201285021557,-1.1268808017554777,4.094072049471703,-0.31233677432387563,2.5762719187690237,0.29963939081927954,abnormal
2024-01-01 00:00:44.440,2.0061082772966605,-0.8504973541625852,3.231544823638691,-0.03993075689650115,-1.611000886820952,-1.0422532165272294,abnormal
2024-01-01 00:00:44.450,0.11521267592286029,2.9170382018059278,3.794857309389531,0.5146365304112344,1.0833205278887525,0.13985259855211887,abnormal
2024-01-01 00:00:44.460,-0.09892111129773147,-1.6965372638207488,4.337403371835092,1.0273267663829173,-0.5595638449821448,-0.5773947960991122,abnormal
2024-01-01 00:00:44.470,-1.9031526452012362,-0.5088589745022793,4.693069663259982,-0.6597874498457825,-0.12277035401806703,-0.46884304203117,abnormal
2024-01-01 00:00:44.480,0.9839609104127542,0.44897279570281307,4.741237317630426,-0.3520796480103266,-1.8205709396155363,-0.5712318352494722,abnormal
2024-01-01 00:00:44.490,-0.22170606469854126,0.6994898767402205,4.780457617486436,-0.6996639330965855,-0.26484942411868945,-1.233552875436819,abnormal
2024-01-01 00:00:44.500,0.6129981607968769,0.1385115868674027,6.268463663313215,-1.384475269496538,-0.5943144263082155,0.4704103955168063,abnormal
2024-01-01 00:00:44.510,0.6776756314591063,-0.4024848218626873,5.403984234553122,-0.4816536504861365,-0.11651636489541674,0.5785388851427904,abnormal
2024-01-01 00:00:44.520,2.1804986317778714,-0.6835910997237087,5.364745610643196,0.8145131663323626,1.2352754247378306,0.5573960067746201,abnormal
2024-01-01 00:00:44.530,-0.5705112472961407,-0.6885442668179194,5.167072920584371,-0.7946653646594165,0.15073327982862472,0.6634652305297286,abnormal
2024-01-01 00:00:44.540,1.5990057853195072,-0.07925771848535364,6.731293834878594,-0.3276299233481225,0.51592443432957,0.35665530671244083,abnormal
2024-01-01 00:00:44.550,0.5729574653107313,-2.1376214620296885,5.1470784471491084,0.48899348709016205,0.43572516420616586,-1.7764064439524052,abnormal
2024-01-01 00:00:44.560,-0.15803023874984737,1.2082440248882753,7.336544244266528,-0.05715502305242805,-1.446441056885001,0.24881296400941486,abnormal
2024-01-01 00:00:44.570,-0.3568168089692013,-1.2500815067159152,7.018658751855981,-0.8957125790370205,0.14113409558449402,-0.26026416169427136,abnormal
2024-01-01 00:00:44.580,1.2653002445677923,1.8184212081626212,7.216015164963423,0.22596159132893046,0.9684029461174517,-0.8579342294409582,abnormal
2024-01-01 00:00:44.590,-0.7687005620392121,0.3778137597282536,6.848865107840094,0.5905053735454681,1.0488335690757165,0.5044261177777138,abnormal
2024-01-01 00:00:44.600,-1.019756638427415,-0.7950016121878776,7.662878756093756,-0.9329325157502592,-0.24571622440289242,-0.4545652556377693,abnormal
2024-01-01 00:00:44.610,-1.7818304200385076,1.4295671269435781,7.64486721890155,0.281719715227386,-0.4670220960722834,-0.33341919309593726,abnormal
2024-01-01 00:00:44.620,0.9395437906419778,0.44097349528546453,8.37355620075343,-0.51061246527649,0.5201643389577179,0.15830480822517512,abnormal
2024-01-01 00:00:44.630,1.4059286070226396,-0.1429525731447623,6.46972514831081,0.1220556103197779,-0.3564297889248766,-0.09979977122154823,abnormal
2024-01-01 00:00:44.640,0.9991950019237591,-0.6782496603449614,6.175608134570302,-0.2754801011657467,-1.148046582339769,-0.14778541125965766,abnormal
2024-01-01 00:00:44.650,-1.508538300716653,0.7455499021426121,7.808975522969012,-1.2976557491193994,0.28570029577036676,-0.342414684249732,abnormal
2024-01-01 00:00:44.660,1.5538359842981524,2.28461119043798,6.136295224897261,-0.48680289565409707,-0.3286038924673295,-0.35967894421270497,abnormal
2024-01-01 00:00:44.670,1.0497239131485823,1.3383866941394673,7.132784659932414,-0.4936658581489282,-0.682340792109653,-0.7338860170773523,abnormal
2024-01-01 00:00:44.680,-0.9661262144528596,0.4400020288370526,6.295140992970459,-0.8454813975546118,-1.217236939894637,-0.4314352438683588,abnormal
2024-01-01 00:00:44.690,-2.1253740112368495,-0.3437114998395912,5.896283042546388,1.6197542098254236,0.006137706687667148,-0.21699212717054928,abnormal
2024-01-01 00:00:44.700,-0.7558792970780255,-0.738499948850094,6.074867635226885,0.4799023399723351,0.12910296553659564,-0.2375160469011605,abnormal
2024-01-01 00:00:44.710,0.5353747411361619,1.7764185712357592,4.466912470421247,-0.43517090427815663,-0.5071641599989789,-0.4582126473766813,abnormal
2024-01-01 00:00:44.720,1.3600843905678481,-0.11142729272548285,5.291227814076214,-0.23440023253793826,1.6352511276899737,-0.08364862370072922,abnormal
2024-01-01 00:00:44.730,1.6495981302792697,1.635088354379553,5.184627915316983,0.9191223249857028,0.33202808637090553,0.2965934256443517,abnormal
2024-01-01 00:00:44.740,1.1213560768925228,1.234309297815321,3.4548697336122487,-1.0600692018928242,-0.7711294645126321,-0.20386166750659926,abnormal
2024-01-01 00:00:44.750,1.228578993079278,2.9000127442287402,3.3052363566933645,0.20962909577500413,-0.4667689537403671,0.7298959243747216,abnormal
2024-01-01 00:00:44.760,0.6624282233680102,0.0509133745700693,3.979141793637389,0.370024379629097,0.843661889257312,0.12713245517264507,abnormal
2024-01-01 00:00:44.770,-0.19628144592310004,0.41657743408901404,2.7774427386537903,-1.0497217945557122,1.2360226555936804,-0.6050146805851558,abnormal
2024-01-01 00:00:44.780,-2.4100299104347678,0.5118153195630084,1.8776825910552373,-1.0494134473145689,-0.43711750140282934,-0.7311523822775502,abnormal
2024-01-01 00:00:44.790,-1.478517397288163,1.6510303622617644,1.2603481859581969,2.2270178532785656,0.6081917565192974,0.05525079077722425,abnormal
2024-01-01 00:00:44.800,0.20459112152663395,-0.11216791857291819,1.599896228438243,0.7196357404395622,-0.04001904197614099,0.5242999609088548,abnormal
2024-01-01 00:00:44.810,-1.3281487806516883,1.0132010917280676,1.5102536433033413,-0.07844256780349433,-0.6470159347446823,-0.28077824540207835,abnormal
2024-01-01 00:00:44.820,-0.5022295719115251,1.8331792472670558,1.2494770338799046,-1.1515869763023638,0.11297146312736252,-0.3711853869744319,abnormal
2024-01-01 00:00:44.830,0.5645712190317654,0.11078417307784952,0.003370029095644045,-0.8915761892198958,-1.6257637152351712,0.006051411009368523,abnormal
2024-01-01 00:00:44.840,-1.0700040263152333,0.11988172505663283,0.7221313250566621,-1.310744966672553,0.188993617495625,-0.6419631029559025,abnormal
2024-01-01 00:00:44.850,-0.5098379450793067,-1.858755035527288,1.266775698321058,-0.6668469933572331,-1.0442719359914132,-1.3550050741103783,abnormal
2024-01-01 00:00:44.860,-0.9692253994308425,2.037696565601928,0.07940160851398703,-0.7891018657812231,0.646722422553393,-0.4365737352151457,abnormal
2024-01-01 00:00:44.870,0.03389616063824343,2.234690466805842,1.8265214467307835,-0.10381869588500164,-0.2615084366457817,-0.2482097666145789,abnormal
2024-01-01 00:00:44.880,1.401070965611344,-0.09149750039719602,2.3872295304149618,0.9913209235629659,-1.0091272666257571,0.9225808935165777,abnormal
2024-01-01 00:00:44.890,0.3937709091848173,-0.960376143059272,2.6454345672888016,-0.9392932004153541,-0.35393428243133873,0.37218073934394047,abnormal
2024-01-01 00:00:44.900,0.8346150464772636,-1.3403587333745242,3.1191595064798667,-0.2714311719532319,-0.7676777467115485,1.3570177489311857,abnormal
2024-01-01 00:00:44.910,-0.47432606375041636,-0.003590685861216107,2.1288216550913583,0.9229179195007187,-0.07227646481231653,-0.42812580708292614,abnormal
2024-01-01 00:00:44.920,0.07516624512935029,1.0739339039299913,3.8829292364888364,-0.8524672460682322,0.11786286075317606,1.171763179099565,abnormal
2024-01-01 00:00:44.930,-1.3235767364848552,0.8619707902373778,3.898277258978138,0.32396369403726505,0.21273946522293571,-0.10722449492746217,abnormal
2024-01-01 00:00:44.940,0.13082811139639883,-1.1830228302847527,3.8437975064549237,-0.4416683649726612,-0.7028022466960732,-0.9911210142082848,abnormal
2024-01-01 00:00:44.950,-0.43071861154305563,-1.5060113082087607,5.121615868551848,-2.255968050124366,-0.4066003701755176,0.7196959379419792,abnormal
2024-01-01 00:00:44.960,1.281115678741216,-0.45212783041820026,4.800054110522702,0.9223435236646603,0.09939890876509683,0.016445351370592613,abnormal
2024-01-01 00:00:44.970,0.43072355728148876,-0.5131157664569487,6.2217269051127735,-0.15911775052813282,-0.9989100326429978,-0.035055098322490555,abnormal
2024-01-01 00:00:44.980,-2.038735882357216,-1.0247988673932433,5.31892912664999,1.715850310931415,-0.170325063040007,0.11791118541059427,abnormal
2024-01-01 00:00:44.990,-0.5841405682362466,-2.1942835722447973,5.138006982755371,-0.19892491976039617,-0.22335683492039,-0.8479938751650439,abnormal
2024-01-01 00:00:45.000,0.44507985149527857,-1.4044399559400949,7.310262953707575,0.20941522299088486,0.3909633690203337,0.22010535417193525,abnormal
2024-01-01 00:00:45.010,-0.1997112118694955,1.4747730373915238,6.097317992576794,-0.7096841439476114,-1.2045559320674464,-1.0862930197159237,abnormal
2024-01-01 00:00:45.020,2.559789539452096,0.7386970332300062,7.154073357160371,-0.5532732079485427,-1.2014345129766597,0.5418122071235043,abnormal
2024-01-01 00:00:45.030,-0.7074288277080613,-0.47942186461264824,6.092626952927779,-0.4466448739529241,-0.3198450363563894,-0.21844131521013177,abnormal
2024-01-01 00:00:45.040,-1.101527347702144,0.5967868448761365,5.835610489610493,-0.11945352633539148,1.087962998643367,-0.17670078438325865,abnormal
2024-01-01 00:00:45.050,0.8703247317335215,-0.9250067675280891,6.643540319042229,-1.485376869134706,-0.612855136583202,0.6358062236626904,abnormal
2024-01-01 00:00:45.060,-1.2669708347196524,-1.7296924492265635,7.391846119671418,0.15603990106608245,-1.682642468902709,-0.10585124772577563,abnormal
2024-01-01 00:00:45.070,1.7515679641326585,0.7493852110692933,6.6321196211298785,-0.5606799380984677,1.0464549727495682,-0.6906992531825207,abnormal
2024-01-01 00:00:45.080,1.5090102554309837,0.9555096376966208,6.574046941784869,-0.7587676931138562,0.8159786122108003,-0.836301777465727,abnormal
2024-01-01 00:00:45.090,1.1685484382861906,-1.1492373241357476,6.749371507872786,1.2566559833792033,0.5674687879259723,0.5645054824217793,abnormal
2024-01-01 00:00:45.100,0.891517905882408,-0.2374116222713039,7.539664871088737,-1.0577870189035476,0.15633711215216695,-1.0112777336971692,abnormal
2024-01-01 00:00:45.110,1.6319055259242752,-1.1397510812669103,6.455569984126144,-1.0231304397506946,-0.46998431701385324,-0.07641191079322916,abnormal
2024-01-01 00:00:45.120,1.5810800503355462,0.034757326885350055,6.873187119715766,1.1428328791350781,-1.2210659389012595,0.03771645198344956,abnormal
2024-01-01 00:00:45.130,-1.8454493333783053,0.7025037748902856,6.287363715328995,-1.4371162558147352,0.6595329693639843,0.5646757941592656,abnormal
2024-01-01 00:00:45.140,-1.0152625603223546,-0.02908289793450742,5.989817229498481,-0.7729433513012256,-0.7150743045667761,0.221065336877045,abnormal
2024-01-01 00:00:45.150,-0.3389969526430238,-0.9231934015184371,6.694585258594488,-0.14066858938979943,-1.216375675572242,-0.14754513582592854,abnormal
2024-01-01 00:00:45.160,1.4333160275437393,1.4260080610434382,5.126095092233597,-0.959832212164483,0.20987344515591613,-0.6547583640530568,abnormal
2024-01-01 00:00:45.170,0.2720083710557766,-0.6356701111271813,6.00540285517889,0.19614840478389198,-0.17867951280118402,0.8197742409722745,abnormal
2024-01-01 00:00:45.180,-0.5974695597950175,-1.1084192497899443,5.128330100437844,-0.3227343202205954,0.9002567094771864,0.236775509996045,abnormal
2024-01-01 00:00:45.190,0.38246526141570586,-0.757697249655906,4.46340661777454,-0.25082198289902885,2.401364598091409,0.2629713341053031,abnormal
2024-01-01 00:00:45.200,-1.2165380060289166,-0.6797856979484774,3.9175482898977316,0.5625729804454466,0.6197799064845759,-1.1728732799592292,abnormal
2024-01-01 00:00:45.210,-0.3018826193204232,-0.12808684802459494,4.031028051998098,0.4984797338330669,-0.5050860427267329,0.38585302032471297,abnormal
2024-01-01 00:00:45.220,-0.6503409301219554,1.5006138638346458,3.8455570413376203,1.1329591068329972,0.10240721802215765,-0.011319800052675752,abnormal
2024-01-01 00:00:45.230,-1.4716630412795364,-0.2604359423846248,3.2204349784471513,0.7478568236007211,0.7479218061476549,0.6126833266729681,abnormal
2024-01-01 00:00:45.240,0.6714019032633043,2.7032169893273137,2.7795624869987816,0.18237830123263568,0.4635256329118723,0.16679190027060592,abnormal
2024-01-01 00:00:45.250,-0.6766417943439167,-1.6092156248062326,3.6702478884886918,-0.9862972069250499,-0.6730585533722401,0.6957649733925966,abnormal
2024-01-01 00:00:45.260,0.2016926045484381,0.3100335373794748,1.8276913179279053,0.7602727425740651,0.6852525881302717,0.883177574992043,abnormal
2024-01-01 00:00:45.270,-1.4447464816699505,0.7425743099350796,2.4902395685996237,-0.13974641057246723,-0.5121554055536631,-0.1105696346143588,abnormal
2024-01-01 00:00:45.280,-0.6105028431150301,-0.8802382738777897,0.18502326916827272,0.7359287831196053,0.17471321219882874,0.092877562192686,abnormal
2024-01-01 00:00:45.290,-1.1144807827802223,0.28557013805576703,1.39171863941639,-0.25924350899333926,1.191456073780276,-0.06845547625831597,abnormal
2024-01-01 00:00:45.300,0.2896922445570825,1.4877905741334396,0.146122004047139,-0.8227847595619091,0.6943949394446527,0.3881048003010829,abnormal
2024-01-01 00:00:45.310,-3.1024240845578044,-0.2543907423252479,0.9842647118742848,-0.820433939410591,-0.7693507282440423,-0.26504097261732024,abnormal
2024-01-01 00:00:45.320,0.3256967312320285,-2.1259908665737526,1.452103208670001,-0.7694971567459128,-0.9049848363923884,-0.015595601938278763,abnormal
2024-01-01 00:00:45.330,-1.5967381805699794,-0.13125518437795888,1.3642206715588001,2.0200876946130766,-2.1889619901225106,-0.0038358345505818624,abnormal
2024-01-01 00:00:45.340,-1.0520623485367915,0.815415228492265,0.9195335760469957,-0.6606882668645694,-0.626768057838619,0.5915412255362633,abnormal
2024-01-01 00:00:45.350,0.5852836362659692,-1.4460541453390807,2.2559645489701614,-0.9088358745225136,0.25458362331870465,1.5724575612430252,abnormal
2024-01-01 00:00:45.360,-0.7558920673966657,0.5767367690144414,2.895595615082834,-0.5333572783084499,0.43233991878814326,0.5646314490323305,abnormal
2024-01-01 00:00:45.370,-2.095933069556194,-0.7637463453095411,3.7647843939821426,0.08049628881533417,-1.911395645764619,-0.6906201888413147,abnormal
2024-01-01 00:00:45.380,1.0633795780593842,-0.2598113492979496,2.781223323073334,-0.3805519175458153,0.13087322271262347,0.7014191292105608,abnormal
2024-01-01 00:00:45.390,0.6707510921448298,-0.7313958266310696,3.016017776060432,1.0268966542075004,0.6229480769235535,0.4381415542594019,abnormal
2024-01-01 00:00:45.400,2.7796302013866514,0.46279858188174394,4.924075830128207,-0.03636543012313645,0.7185015725811404,-0.13176774594591795,abnormal
2024-01-01 00:00:45.410,1.0881727422806362,-0.689615947449282,5.139406368728302,0.5629598605249512,-0.35114698665663846,0.9164927687598844,abnormal
2024-01-01 00:00:45.420,-1.4471600876969808,-1.4113847427780093,5.39558941749197,-0.8549354773409763,-1.576878277288049,0.40287431532296164,abnormal
2024-01-01 00:00:45.430,0.7428588144203198,0.7560435179250495,5.5471615492831505,-0.2149416519615433,0.26368798498464235,0.051608343158773086,abnormal
2024-01-01 00:00:45.440,-0.5354445527255948,0.5913971660369389,4.160258017237353,-0.8386923447613579,0.1446415760679046,0.35945341430066524,abnormal
2024-01-01 00:00:45.450,0.05360883483534042,-1.8064459754380864,6.053074181431538,0.7681651328470643,-0.3366843957640261,0.23695235542765258,abnormal
2024-01-01 00:00:45.460,-0.008225613151282939,0.30884915579990246,5.696823840014561,-1.2120356616406591,0.5000707421405435,-0.9404568175391548,abnormal
2024-01-01 00:00:45.470,1.6292942350311246,1.4923388311531565,5.7763505885039566,-0.683270064776243,0.08802671834294226,0.38291784134136786,abnormal
2024-01-01 00:00:45.480,1.1438675910384628,0.9164380299643606,7.766703684908415,1.7188162336574135,-1.0755966865974376,0.4286231032728291,abnormal
2024-01-01 00:00:45.490,0.5019394178173731,-1.7332957821244965,6.77831896808946,-1.019667116828418,-0.15327714170421777,0.11300639143856911,abnormal
2024-01-01 00:00:45.500,0.9577250095111522,-1.8483819797497911,6.898366974220691,0.25003273568923184,-0.2631111405206726,0.41304275046566385,abnormal
2024-01-01 00:00:45.510,-2.3625274644882928,-0.8499411191229592,6.649691272830156,-0.11143828552817658,1.4598133736995162,-0.059481271613296444,abnormal
2024-01-01 00:00:45.520,-1.042219528756181,1.2850655237273878,6.301587924807365,0.3979129407460607,0.11495940131939565,-0.5450411689858473,abnormal
2024-01-01 00:00:45.530,-1.5035958238048093,-0.1565623669302406,7.5470137009766605,2.0269066106836964,-0.6010959869235308,0.33633359360481757,abnormal
2024-01-01 00:00:45.540,1.0502835549944636,0.3258555733967767,7.243063739606684,-0.5254300702427356,-0.655658315707363,0.10655710804040397,abnormal
2024-01-01 00:00:45.550,1.7440793929918803,1.122407682560566,6.402042758635973,-0.7969735431760856,0.37698842220027357,0.3618765637348726,abnormal
2024-01-01 00:00:45.560,-0.9877659529442585,-0.6855058273469684,6.213243953592247,0.2182513403148744,0.26795469619166395,0.10833450835396574,abnormal
2024-01-01 00:00:45.570,0.8891070447558925,-1.6179141684491682,6.099356234700591,0.055601797733473346,-1.269712032685503,0.9812647240220773,abnormal
2024-01-01 00:00:45.580,0.5378186794308867,-0.8356511789495452,7.473832669660905,0.6031571105517004,-0.3337783660041574,0.5833773841722095,abnormal
2024-01-01 00:00:45.590,0.5472109032723931,-1.1202869826368085,5.228860878156739,0.23743083176763954,0.37030358265507707,0.30937257942069996,abnormal
2024-01-01 00:00:45.600,0.8056082832194515,1.5600052320416624,6.927900297978554,-1.0443798494995438,-1.0445133443301182,-1.0291079679838908,abnormal
2024-01-01 00:00:45.610,0.05197397585271237,-0.8322414292393087,6.324487830004028,0.2254132682211881,-0.3360467722483517,-0.30573212002988737,abnormal
2024-01-01 00:00:45.620,0.5832706486800245,0.2022219519212117,6.342098837046476,-0.07440079703521872,0.4058844939054705,0.2716472575737465,abnormal
2024-01-01 00:00:45.630,0.09324541428469581,-0.7256436002045891,6.414686130003754,-0.6630957436700787,0.7935996045653442,0.7979922150088969,abnormal
2024-01-01 00:00:45.640,1.045261583162966,-0.9086975875156172,5.171068546952214,0.20076829775052957,0.9548748176384024,-0.9415391906906637,abnormal
2024-01-01 00:00:45.650,0.21186472630449746,-1.0297444300074643,6.447956936169577,-0.1913585936808931,-0.2958851542843341,0.5593660416567622,abnormal
2024-01-01 00:00:45.660,-1.009932231254943,0.08142723324275179,3.217211091523737,-1.2817789818823069,-0.09095758157557311,0.37124132979761254,abnormal
2024-01-01 00:00:45.670,0.4739451170165619,0.14470518761401405,4.372834201740193,0.023076498547596185,1.2500385350420737,-0.5544765492387898,abnormal
2024-01-01 00:00:45.680,1.0094652622516844,-1.2806194333272813,4.950816897370808,-0.2819279570358497,-0.7904338202462168,0.27589913806611366,abnormal
2024-01-01 00:00:45.690,-0.2712495902431171,-1.3252687933340666,3.9476920235675292,0.7973172410754015,-0.10873399602036286,-0.14142864758171678,abnormal
2024-01-01 00:00:45.700,-1.2009518924777256,-0.4658487350448651,3.122114584773544,-0.12212081220370065,1.357552234212291,0.05600941133484526,abnormal
2024-01-01 00:00:45.710,-0.4213377486207126,1.5807138050624892,1.5088048218596477,-0.06913129201546557,-0.7381822999602006,-0.8475786425467697,abnormal
2024-01-01 00:00:45.720,0.6336968497636203,-0.5204128552265224,2.3313941851250766,-0.3154333243438028,-0.527380298885345,0.4660810939093462,abnormal
2024-01-01 00:00:45.730,-0.9117302666568651,-0.07177484576715913,2.37366431307327,1.2649094652351947,-1.0607890991879858,0.04620080853246465,abnormal
2024-01-01 00:00:45.740,-2.213963591357832,1.832348530689086,1.4938953400819028,1.0514589372083765,0.22187726636736393,-0.6402460568987256,abnormal
2024-01-01 00:00:45.750,0.18558712922928142,0.2555251404753015,1.1829136803004785,-0.33205002433677244,0.529897090054526,0.12381009022475153,abnormal
2024-01-01 00:00:45.760,-1.4166263918001174,-0.6004577641770058,0.6771920508004192,-0.5479093462386035,-0.5186981044598603,0.4292190066225988,abnormal
2024-01-01 00:00:45.770,-0.691786644902676,-0.40006962236195026,0.025736275558916777,0.40786416294735156,-0.9516250378751241,0.343080865236556,abnormal
2024-01-01 00:00:45.780,0.36547968124610425,1.0521749513392802,0.12115749826785527,1.2899506501514642,0.849980767461829,0.3476498493380604,abnormal
2024-01-01 00:00:45.790,-1.3898410066372406,2.327695703432747,0.48102141302417095,2.0820866430788634,-0.22398093038232283,-0.003315117323433443,abnormal
2024-01-01 00:00:45.800,-0.17994428015080435,1.9475561845859757,0.32447366065105343,0.8929080285441232,0.46425713992115836,0.4320155649970538,abnormal
2024-01-01 00:00:45.810,0.9385946702421858,-2.5188655582892108,1.493844265827482,-0.8673696483706574,0.9292550954692014,1.1035349193738806,abnormal
2024-01-01 00:00:45.820,1.9240209373179928,1.567827681320943,1.3711623811880622,-0.54391086486747,0.14366434069392725,0.0006306017830901237,abnormal
2024-01-01 00:00:45.830,0.7261519587349627,-1.4547927172237936,2.2949867308534095,-0.25399153489510296,-0.18968710820754026,0.5873218420961873,abnormal
2024-01-01 00:00:45.840,1.6907020320038082,-1.694728736733282,2.6962301119656753,1.2601790546636353,2.1372380714827166,-0.45962711199616346,abnormal
2024-01-01 00:00:45.850,0.5118175084942571,0.9190981497782336,2.098187575041462,0.6738002449300373,1.4254637281551965,0.3551860960301901,abnormal
2024-01-01 00:00:45.860,-0.2985282035025888,-0.6494647489725002,3.2896032694338704,0.4298576624902947,0.6799036968909768,-0.11264150563573527,abnormal
2024-01-01 00:00:45.870,0.8248846350800337,0.7743426400482912,3.7488626335504778,0.1262175932063751,-1.3965542561429674,0.5685927614959537,abnormal
2024-01-01 00:00:45.880,0.19078441944953098,0.5074875131623175,4.611300616705641,0.21282754079832275,-0.8516364561714956,-0.6350550936964653,abnormal
2024-01-01 00:00:45.890,0.2946559774330974,1.0624095409940055,4.553581993484569,-1.1377585090792564,-0.3030395744317709,0.16126387103135778,abnormal
2024-01-01 00:00:45.900,-1.8029673344883457,2.9381071675877872,5.143778824102267,-0.0961989271956323,-0.017203760882472382,-0.23122364405608084,abnormal
2024-01-01 00:00:45.910,-2.793814629350769,1.881021513627201,5.581001673291724,-1.2808386865854244,-0.7186620389435691,-0.6859406053619602,abnormal
2024-01-01 00:00:45.920,-0.624116558648644,1.253776680477433,5.138479772559433,-0.3308624116810556,-1.0584725851666308,0.4871698544492764,abnormal
2024-01-01 00:00:45.930,-1.3894592647334594,-1.74711897464257,5.209271129183584,-0.20965649719392898,0.4044246885313738,-0.029148288570675134,abnormal
2024-01-01 00:00:45.940,2.206781351305694,1.3605537635819442,5.331363575259604,0.13653407350324986,-0.11041299161118043,-0.18659133914616705,abnormal
2024-01-01 00:00:45.950,-0.9559784114660554,0.0639772176837137,5.641006889246281,0.8377526901552527,0.7773901573084582,-0.17331224267058812,abnormal
2024-01-01 00:00:45.960,0.315361013791624,-0.20121184333392075,6.8343022469248655,-1.3267019746865043,-0.28593677550203717,0.132070427248672,abnormal
2024-01-01 00:00:45.970,0.9139016565061471,0.003419415635009092,6.221158306435229,-0.15618905265464333,1.421688858394263,0.4380205476968397,abnormal
2024-01-01 00:00:45.980,-1.6597193353052093,-0.7197793359757756,5.4825687927365365,0.07189616630198226,-1.3569559805730138,0.3072539841720547,abnormal
2024-01-01 00:00:45.990,0.4061040868735908,1.3015297623319746,5.332410414180202,-0.6797747876654563,-1.3626330383875167,-0.6216888912747154,abnormal
2024-01-01 00:00:46.000,1.9027413047567898,1.982043983256471,6.947240897304078,0.2907174148291106,0.6129492317465649,0.43405688326045766,abnormal
2024-01-01 00:00:46.010,0.4439757229807529,0.3096631740360321,6.366493494802154,0.200608718902099,1.1038964521257495,0.34258626860223046,abnormal
2024-01-01 00:00:46.020,0.04576352297551917,-0.8427423464810455,6.900648602511481,-1.9245902003062363,-1.0810680779528086,-0.040476538941592324,abnormal
2024-01-01 00:00:46.030,1.7491017809728107,0.9769546920696517,7.053588203512939,-0.8207746972081251,1.1186780328642145,-0.12316561732840725,abnormal
2024-01-01 00:00:46.040,-0.5366822119602027,1.3960944270760465,7.367772202891434,-1.1636247294681141,-0.6346022735300902,0.7194207923221996,abnormal
2024-01-01 00:00:46.050,2.341825728330136,-3.009312855468496,6.387164438889759,0.4172820440414329,-1.1900534123275752,0.05213335742122629,abnormal
2024-01-01 00:00:46.060,-2.071250434502451,-1.1779754198432473,7.369734984788446,0.654883202727713,0.32032935807062635,-0.4167117338270723,abnormal
2024-01-01 00:00:46.070,-2.7135866507431685,-1.5009611477564577,6.510392238088683,2.3314110097709326,1.9184548404265584,-0.45491353419431996,abnormal
2024-01-01 00:00:46.080,1.7981334636517365,-1.1650813244259914,6.795855152827956,0.1922930950861793,1.7580695707333862,-0.22147487074637828,abnormal
2024-01-01 00:00:46.090,-0.9552462807488101,-1.35056802400533,5.7981795592138115,-0.4452760176111228,0.32713781792465974,0.08993185855313715,abnormal
2024-01-01 00:00:46.100,-0.15348490932828251,0.05793541511704646,5.737911182010178,0.11612620913025366,0.7226803369429885,-0.351325497542292,abnormal
2024-01-01 00:00:46.110,-0.9934900783969783,-0.8905915541255286,5.984712869830562,-1.0654040676864334,-0.4722926902575833,0.3575791980306622,abnormal
2024-01-01 00:00:46.120,0.4143114612352226,1.3866152129169804,6.368669749171231,0.7307523125547856,1.4706924888363635,-0.08426174282264172,abnormal
2024-01-01 00:00:46.130,0.32352298300680954,1.8494351426037055,5.401419196529819,0.6716076969975108,0.2817676668614206,-0.01635166637792203,abnormal
2024-01-01 00:00:46.140,0.903273405197068,-0.8286996880306635,5.209623857664504,1.403298169474538,0.3257002533382101,0.5190702686682248,abnormal
2024-01-01 00:00:46.150,-0.010274219451459461,0.6568711447336583,5.28179749573105,1.4648899675152072,0.05260087187132146,0.287637066177073,abnormal
2024-01-01 00:00:46.160,-0.07826712368762535,1.1703566741376525,4.427781118719599,-1.750573730307433,-0.11883518980183555,-0.4628989541548944,abnormal
2024-01-01 00:00:46.170,1.3107135104438281,0.33485993086278637,3.1734323936736977,0.8430565363173166,0.5664947369602344,0.3187894212641782,abnormal
2024-01-01 00:00:46.180,-0.35907572862371806,1.4597554764873244,4.549802952126341,0.3001339187696662,-0.28626135548166887,0.3372529214570934,abnormal
2024-01-01 00:00:46.190,0.8294752741236372,1.9790519537795608,2.1152645201459794,-0.5718856964515818,-0.15811220688968175,0.400236194892856,abnormal
2024-01-01 00:00:46.200,-0.43292913114592263,-0.44186430875975097,2.1545667457875184,0.002112200143040873,-0.22559056254617896,0.1056811620678974,abnormal
2024-01-01 00:00:46.210,-0.998395859292996,0.22754563268346079,1.6700550452756389,0.5959678693905864,-0.6184468342436534,-0.0009460154589799854,abnormal
2024-01-01 00:00:46.220,0.20482081739783733,-1.2759176337900928,2.279403302515237,0.6324223675967842,-0.007530504481365736,-0.2429857922596391,abnormal
2024-01-01 00:00:46.230,-0.0447638035609331,0.6431699414530742,1.4630108536563304,-0.6667892011724834,-0.6836557449427011,0.2879661574855479,abnormal
2024-01-01 00:00:46.240,1.680970586660387,2.384633487558127,0.9946743801059765,-0.41652899131468435,0.8256278684682221,0.41972003077140524,abnormal
2024-01-01 00:00:46.250,-0.5402998405010995,2.0315495850663976,-0.9151940321684927,-1.8607701293220564,-0.3254393505983282,0.036068745118078845,abnormal
2024-01-01 00:00:46.260,0.7122423649308482,0.057255045242641835,0.3847574632704225,0.47821044362729503,0.25753899004763064,0.534263295307533,abnormal
2024-01-01 00:00:46.270,0.6377959231980076,0.13367813521779362,0.5859666095295344,-0.03521079569610217,0.19053224195398683,-0.03277741819803049,abnormal
2024-01-01 00:00:46.280,0.004941583302032571,0.3113165637308609,1.4353663879409118,0.5055379659090155,-1.0957287945319736,-0.28547686048050275,abnormal
2024-01-01 00:00:46.290,-0.10426190525509337,2.0716304461376054,0.8330150180196446,-0.880488935211702,-0.8056065437351531,-0.5136605216252156,abnormal
2024-01-01 00:00:46.300,0.8561947773781956,2.7405658934341357,3.0708031675075897,-0.5982572517092181,-0.08905186231532276,-0.46306693469392074,abnormal
2024-01-01 00:00:46.310,0.1258766241525493,2.11019042480551,2.475228868104301,-0.7932238904217083,1.0862205796068674,-0.6167983747504172,abnormal
2024-01-01 00:00:46.320,0.08568857969118675,-1.2982663972694979,1.8747178059474354,0.05673473756539621,0.9998797883282361,0.16586950147961038,abnormal
2024-01-01 00:00:46.330,-0.5935212671703616,0.2296877692799337,3.910886674320497,-1.6831751313033956,-1.0033421582706963,0.6217075592399828,abnormal
2024-01-01 00:00:46.340,-0.8257018065244484,-2.121228780684515,4.720354290523953,-0.7834981925414551,1.3479535948582053,-0.8906816226382248,abnormal
2024-01-01 00:00:46.350,1.7787488497087893,-1.08885699375931,3.5719410823779754,-0.8793993605824187,-0.48528941831530314,0.3044508521928208,abnormal
2024-01-01 00:00:46.360,-0.5713835592077757,-0.30042779352093624,4.671297094534373,-0.6208536837784763,-0.40502648490839,-0.2786987827380593,abnormal
2024-01-01 00:00:46.370,-0.5519037261070713,-0.7955359464388074,5.221170474650891,0.8848672926335625,-0.4131295433347566,0.00547860418323516,abnormal
2024-01-01 00:00:46.380,-0.42406577789586053,0.9523264455493764,4.773564072406438,0.32916737966305576,-0.41367428160132663,0.9756173243075555,abnormal
2024-01-01 00:00:46.390,-2.688319812705948,-0.23421327806472778,6.161076154175749,0.18841139130484433,-0.7010012356131758,0.6644410617047087,abnormal
2024-01-01 00:00:46.400,0.987583894319713,1.1807977958969664,6.193412285525716,-0.4294591899028323,-0.7631501391829154,0.6786487046624101,abnormal
2024-01-01 00:00:46.410,0.5226804348910701,-0.6440706493824173,5.623248635300076,-0.09354375210788826,-0.4838563704290357,0.36054439200774957,abnormal
2024-01-01 00:00:46.420,-0.41995580899987434,-2.179112652409412,5.706230923076387,-0.7123540189416072,-0.02036674464681708,-0.3084324699148118,abnormal
2024-01-01 00:00:46.430,-0.24066802488970856,-0.03809320752098386,6.614734070207468,-1.54317783521063,-0.29731139739160256,0.3257009266210973,abnormal
2024-01-01 00:00:46.440,-1.352556726919634,2.120610692344275,6.734830382189737,1.0284776305895276,-0.1645031049018287,-0.3384986777914442,abnormal
2024-01-01 00:00:46.450,-0.14185908463429636,-1.114114725147084,6.279697209580861,-1.9084585618523684,0.33476952253133113,-0.41854210503040506,abnormal
2024-01-01 00:00:46.460,-1.2781363986452152,0.4085144261968727,6.218351326811243,0.518417099685515,0.09252750392403955,0.2864505793340246,abnormal
2024-01-01 00:00:46.470,0.5562167909870039,-0.8510547260086713,8.099117598202952,0.019154048339351696,-1.2002840884309314,0.9439687599986004,abnormal
2024-01-01 00:00:46.480,0.6709784886175434,0.7379464564490209,6.57815825327442,0.6052721824352008,1.1871982998982606,-1.053938873739264,abnormal
2024-01-01 00:00:46.490,-2.8502562781211234,-1.0438689021506307,6.368581572676391,-0.30331341104630133,0.9983390228370536,0.5973287164599175,abnormal
2024-01-01 00:00:46.500,-0.9405790629194085,1.329753517293947,7.596245169024809,-0.9124643069493923,0.9513510153612209,-0.08564005548674844,abnormal
2024-01-01 00:00:46.510,-2.9607818255585143,-0.12747028603166205,7.347723155980429,0.12165335681222125,-0.48315629224208984,-0.11133726595317445,abnormal
2024-01-01 00:00:46.520,-0.6706310677745378,-1.5267154702471581,7.5524875626667125,0.19052943082388038,-1.0140489125769676,0.2929990924841785,abnormal
2024-01-01 00:00:46.530,-1.0910032225555608,-1.0152292362648117,6.590708980406101,0.04683353443615478,0.8003092795145593,0.013380565855118785,abnormal
2024-01-01 00:00:46.540,0.4037454988433521,0.805770753738121,6.910527419023059,-0.6057563554542584,-0.9112002498866956,-0.6125617209022366,abnormal
2024-01-01 00:00:46.550,-0.34511890775638004,-0.6126586584666793,6.562703470127008,-0.2663642700971115,-1.8001961218731262,0.08690109837642353,abnormal
2024-01-01 00:00:46.560,0.28808299776840324,-0.6060580839000275,6.507331593334883,-0.44049664400499233,1.2296450079628136,0.10939112315602435,abnormal
2024-01-01 00:00:46.570,0.290457358941812,2.2131808957466848,6.322057223687268,-0.8606243728178908,1.2024490045409673,-0.3489617847360459,abnormal
2024-01-01 00:00:46.580,0.5329600953314086,1.5710905905502137,4.798949383635121,-1.2998700658947229,-0.6252672873320446,0.7588274748710834,abnormal
2024-01-01 00:00:46.590,2.1754666161421135,-1.5681466817493805,4.594992288163529,-0.8373852017538593,-0.8850502779423298,-0.4965096265095971,abnormal
2024-01-01 00:00:46.600,-2.065350774976893,-0.7196361721055528,5.465882111496841,-1.8226724903946088,1.9493466432366866,-0.24045187321237108,abnormal
2024-01-01 00:00:46.610,-1.1536466203311355,-0.8614128834956263,5.391742691409844,-0.4691595998831767,-1.0153961529627973,-0.719700194582122,abnormal
2024-01-01 00:00:46.620,-0.21405586108221783,-0.5714181189995677,4.3930194698678715,-0.6272576490970742,0.2593796993049762,0.301290352850104,abnormal
2024-01-01 00:00:46.630,-1.8966628801518088,1.4813287165516897,4.4372544428069975,0.2161435650226361,0.12976014760892518,-0.30742466754396935,abnormal
2024-01-01 00:00:46.640,-1.015003910639051,0.2954812934489376,5.5808532572117455,-1.2223116576218676,1.7493348793999588,0.5656520803505025,abnormal
2024-01-01 00:00:46.650,1.1219888125606654,0.6462515972144114,3.7839048960798705,-0.2679011806623874,0.902729136815673,-0.9565140274825609,abnormal
2024-01-01 00:00:46.660,-2.358431469211547,0.28862324010068807,1.4925088264422315,0.08145330783184287,-0.7178079381664554,0.6856628389389512,abnormal
2024-01-01 00:00:46.670,-1.3753137509336344,1.0494106353272197,2.5823016775058663,-0.6111423666023131,1.798529653134019,-0.31261160558174667,abnormal
2024-01-01 00:00:46.680,-0.9221183968997381,-0.7159779283440176,1.6142562391057553,-2.4871980448676414,-1.4033596116368303,-0.18399289479347208,abnormal
2024-01-01 00:00:46.690,-0.717090727922168,1.4934401317680337,2.029669066434334,-2.1369792658894564,0.22919571254298132,-0.1597070562032931,abnormal
2024-01-01 00:00:46.700,1.585774112242347,-0.2885289972856456,1.1714579541114225,0.3415802143145467,-1.370241101186376,0.5217230719856175,abnormal
2024-01-01 00:00:46.710,-0.5362575461915172,-0.8380574531659984,0.7146201238939159,-1.8812126793527797,-0.8766653095263374,-0.033380508605393495,abnormal
2024-01-01 00:00:46.720,0.2543684189468745,-0.6972891325899588,0.46056522848464065,-0.25955402790536963,-0.5472853208992466,-0.07572054679599745,abnormal
2024-01-01 00:00:46.730,0.08086796775810261,-0.8998707934592391,0.5708633155516747,0.2381616986469723,0.27669443853257775,-0.13998114878520362,abnormal
2024-01-01 00:00:46.740,-0.15546843060009619,-0.3558292981677008,0.5502243482400465,1.2555730420372235,1.0215728409963434,-0.07950756622118425,abnormal
2024-01-01 00:00:46.750,-0.4349898186551335,0.6508072556703964,1.299520076041249,0.5113141325983185,0.6849784993223116,-0.5872026346020802,abnormal
2024-01-01 00:00:46.760,0.011920874807987026,0.9811739067958596,2.2534798443580284,-1.518700710794365,-1.018524670247597,0.34951827044098943,abnormal
2024-01-01 00:00:46.770,1.923046400021531,-0.24576723261173333,2.8703354719805185,0.4651282720339618,0.3628583848580179,-0.03122680378988499,abnormal
2024-01-01 00:00:46.780,-0.4261498887343394,-0.1717243515367793,2.814996758079341,-0.22933742371969273,0.7719637101336192,0.4543773979119805,abnormal
2024-01-01 00:00:46.790,1.1819586606543768,1.7163189395066196,3.6628358335946,0.45945088003251827,-0.9944686957139744,-0.11273730786810325,abnormal
2024-01-01 00:00:46.800,0.4968758625977728,-2.1109916736504744,2.8283407298234353,0.24895908043513945,2.106352799471316,-0.20488403459864185,abnormal
2024-01-01 00:00:46.810,0.875609750742222,-2.581296841788938,3.84030123560025,0.6254270969055564,-0.9860104974076316,-0.0504120625634978,abnormal
2024-01-01 00:00:46.820,-0.20536741067881886,-1.8584984997463438,5.176835337098887,1.4054837272219252,0.4200575107187894,0.07020094861865298,abnormal
2024-01-01 00:00:46.830,-0.4465405951015965,-0.3207445999845506,4.0998926469273,-0.03292237546322748,0.2134765012256291,-0.4192424854394587,abnormal
2024-01-01 00:00:46.840,-0.732134131701314,-1.6840706801878156,5.713963830683657,0.024964325122091995,-1.5437689813457187,0.1115565314614161,abnormal
2024-01-01 00:00:46.850,-1.2927122815487002,-1.7307269945104407,4.682874491488199,-0.6448902147318827,0.7778914642168198,-0.9425807183022312,abnormal
2024-01-01 00:00:46.860,0.9952320634353347,-0.5037914572880458,4.818580200355489,0.6398093367396389,-0.12228416374080354,0.6311791540130591,abnormal
2024-01-01 00:00:46.870,-1.7255852510449408,1.2116183999482166,5.721755721038519,0.9744374010958342,-0.05541998658487204,-1.1453642131786155,abnormal
2024-01-01 00:00:46.880,-0.03424515374689462,-0.663901352540672,5.3818912290240215,1.2591543172148225,0.9536954415366174,-0.5583274098904426,abnormal
2024-01-01 00:00:46.890,-0.30282419232487867,-0.8299215026932765,6.468091706407182,0.36379129559465495,0.06834150193246563,-0.17464626697007837,abnormal
2024-01-01 00:00:46.900,-0.36672375059786994,0.39395041137834746,6.202916750833558,1.374631670467695,0.035470998426497626,0.13961311923294722,abnormal
2024-01-01 00:00:46.910,0.5013985562832565,-1.2404548979313421,5.790563079296116,0.6753373515941863,-1.287615382337658,1.3095772021296004,abnormal
2024-01-01 00:00:46.920,0.14111630654702387,2.3956327853760233,6.926157235704789,-0.6898831501949809,0.9153375981604398,-0.7396356640789667,abnormal
2024-01-01 00:00:46.930,0.527756226203494,-0.07309236611287442,6.541647134515213,0.8802186747480831,1.0642205978619397,0.9901769429688841,abnormal
2024-01-01 00:00:46.940,0.49533478150474086,-1.2487574696504202,6.140666018086794,-0.31672985798380376,-0.5520474121289233,-0.6618556415929814,abnormal
2024-01-01 00:00:46.950,-0.6540456690863959,-0.5602086383019637,6.317936729327779,0.2445520531601449,-0.37702398032500656,0.6075300285444071,abnormal
2024-01-01 00:00:46.960,0.21230282254703722,-0.4026235478640647,6.843009778327424,1.1782740926774753,1.2139176903093465,0.7321473304938264,abnormal
2024-01-01 00:00:46.970,0.03563125318349486,0.9189631867793983,5.82158579162701,-0.16783657338399102,-1.9839449282259194,0.1749855129922378,abnormal
2024-01-01 00:00:46.980,-1.387605230588411,0.19546619695572556,6.548695282196839,-0.6796186119801958,0.6448787014803709,0.10811119237301321,abnormal
2024-01-01 00:00:46.990,-1.0941436613304556,0.6242181331141271,7.409704448774112,0.34446423950963795,0.10806781022937258,0.8906618152823508,abnormal
2024-01-01 00:00:47.000,-1.1861403148578347,-0.10622974611402815,5.398771263101129,0.6233121218539392,0.028461708385242035,1.0340688549475936,abnormal
2024-01-01 00:00:47.010,-1.6065773570800588,-1.180172374906118,6.161574792047643,0.2143615653016606,-0.37300794637455364,0.4858555945572776,abnormal
2024-01-01 00:00:47.020,0.028961494679861977,-1.3474580356936023,6.190171240163637,0.3911170383061225,-0.0868579551545609,-0.38251904214058735,abnormal
2024-01-01 00:00:47.030,-0.5775895167192542,0.7357525728279247,5.765316994658364,0.5045863035562608,-1.0702171504982236,0.2489174837777034,abnormal
2024-01-01 00:00:47.040,-0.6608205022939746,-0.7970973767431214,5.895201355349063,-0.37723204805305294,-0.840513867222527,-0.24630554715712172,abnormal
2024-01-01 00:00:47.050,0.36351651339350394,-0.07249103540346287,6.182207676261314,0.11209472706878526,1.0342098663661778,0.39204690331913095,abnormal
2024-01-01 00:00:47.060,-0.0043809297925175685,0.13472094046320668,5.492769190578861,-1.1240411548327056,-0.9056059649230817,-0.32279341109570203,abnormal
2024-01-01 00:00:47.070,1.8960337400017813,1.9189541831493244,5.515990238495273,-1.0073576221047866,1.1227580000029391,-0.5185825683930197,abnormal
2024-01-01 00:00:47.080,-1.029369824478303,-1.6894928753153582,5.211375370464712,1.2690930934010094,1.00437443084616,0.2271825662934587,abnormal
2024-01-01 00:00:47.090,-0.20792758009802045,1.9771339119985178,4.636428212373219,0.18203713418532488,-1.7981142523439744,1.0642673210698215,abnormal
2024-01-01 00:00:47.100,2.246433682236218,0.4613837679118266,4.014340676865,-0.5026815018311838,-0.732509655924783,-0.23246290808577807,abnormal
2024-01-01 00:00:47.110,-0.3348013377720057,-2.71163821999182,4.454512246953968,-0.40820797781179047,0.5504720947652167,0.035541920654995514,abnormal
2024-01-01 00:00:47.120,1.0260705349931722,2.446132777762523,4.471360776708983,1.5248981876062122,-1.0829359454873886,-0.8798461106217291,abnormal
2024-01-01 00:00:47.130,-0.48882026419134744,0.467012421024978,2.094830599623564,-0.3408296007489962,0.35074472747986435,0.21398698209471012,abnormal
2024-01-01 00:00:47.140,-0.6395021328132962,1.3104296397301145,3.6611444087366545,0.6021011631791083,-0.5302368215112453,0.7780691852510325,abnormal
2024-01-01 00:00:47.150,-1.0795670763421807,0.1432265209518091,1.6306869446686878,0.9418259289159455,0.44688210322401023,-0.4159573987301675,abnormal
2024-01-01 00:00:47.160,-0.06601320496544487,-1.4235256864285584,2.0887460541001848,-1.1181728864274865,0.3132126319219004,-0.38441535283352507,abnormal
2024-01-01 00:00:47.170,-0.5667344680689985,-0.761139134827374,0.018326533752951235,-0.9714629541425449,-1.350976740470997,-0.2555255044122651,abnormal
2024-01-01 00:00:47.180,1.4737911590204946,1.7349809434763046,0.6577030971841784,0.977245751078412,-2.0774981494357574,-0.4764783302595967,abnormal
2024-01-01 00:00:47.190,2.0778035803231303,0.14212523697647378,0.3699487094300012,-0.4620852825297623,-0.7870098708853848,0.10815419685993587,abnormal
2024-01-01 00:00:47.200,-1.024398636194306,-0.42453808441550644,-0.07057751395345832,0.21260543940070842,-0.37642317589179886,1.0202372511103066,abnormal
2024-01-01 00:00:47.210,-0.5217781898176568,-0.3233200092187697,-0.14466056823314677,0.7053448351485048,0.7100623885940036,0.3333185556765683,abnormal
2024-01-01 00:00:47.220,-0.03694812201496761,0.9398037935204179,1.3687404926137934,1.1987134125390428,0.18708811778468487,-1.0621215316940107,abnormal
2024-01-01 00:00:47.230,0.8158311898987645,0.05920361953361657,-0.06176616590744044,-1.1808713444025576,0.04378050671652356,0.7857779606570281,abnormal
2024-01-01 00:00:47.240,-2.7912387496330346,-0.24183920059152575,3.179420316921662,0.2977475561458336,0.4496103515892937,-0.7443623170598634,abnormal
2024-01-01 00:00:47.250,-0.7710308211778822,-1.1735595276451183,2.825986351930722,-1.7028580918879286,-0.7745305074494442,1.476509428804376,abnormal
2024-01-01 00:00:47.260,-2.5622502850297386,-1.1407129621284657,2.486338692117115,1.581414887402757,0.6948973340313107,-0.2014918083223112,abnormal
2024-01-01 00:00:47.270,1.233884031670226,-0.9571769690785147,3.065747140258095,1.9862041862146769,1.0316757347712997,-0.5654408110188869,abnormal
2024-01-01 00:00:47.280,0.111193829752977,0.8586386187543793,3.440796830514511,-0.31118792193893896,0.7662250782513594,0.17721864537406803,abnormal
2024-01-01 00:00:47.290,-0.055687472064872436,0.9236252208937634,4.458480850946972,0.720211290769113,-0.8550764829764178,-0.4129883837541911,abnormal
2024-01-01 00:00:47.300,-1.3386865995914423,-0.10945185033623543,4.776791707221908,-2.8070927007515105,2.6508589845335484,0.9541128726389116,abnormal
2024-01-01 00:00:47.310,-1.9038483729033058,0.8230269436519324,3.1398904849156546,1.0789061324344762,0.2507997086045867,0.33185437666468137,abnormal
2024-01-01 00:00:47.320,-1.0646708058903687,1.244275036932036,4.51869066394269,-0.9562543968950439,0.2602827006034157,1.0638809840483485,abnormal
2024-01-01 00:00:47.330,-1.551372358497673,1.5239867972894496,5.659057988178462,-0.2173005104099125,-0.06085499791423631,0.12743688864924493,abnormal
2024-01-01 00:00:47.340,0.32899405910869484,-0.6565076639471142,5.874865349032402,1.411055183872862,0.5506991199461714,-0.3417644489311097,abnormal
2024-01-01 00:00:47.350,1.0929139849219465,-1.661734361271393,7.409438841274131,0.11044600760455209,0.7746508800379867,-0.21898570919422558,abnormal
2024-01-01 00:00:47.360,-1.270356245863636,-0.5349252308466207,5.829186517189341,-0.31716955627966636,-0.9931847991008917,0.18043935432332406,abnormal
2024-01-01 00:00:47.370,0.8161950258391101,-0.3811243556135406,6.154645377542169,-0.4910044837632219,0.6330001971083762,-0.2775152143172334,abnormal
2024-01-01 00:00:47.380,-0.3464533267887374,-0.9611507280928092,5.976775103384086,-0.01897839414639188,-0.21957180438161544,-0.2204493677884139,abnormal
2024-01-01 00:00:47.390,-1.784180496003295,-1.02293023992627,6.75547952379856,-0.33275399896571634,0.3913649653000344,-0.4105116357248196,abnormal
2024-01-01 00:00:47.400,-0.2602028730086701,1.732973055608822,6.171870457180299,1.1418835566554637,0.009360246107226982,0.6953330202218335,abnormal
2024-01-01 00:00:47.410,-0.15992525515278647,2.20826731764248,7.008661944454889,-0.9388222744709569,-0.43035009678335684,0.7788190186681534,abnormal
2024-01-01 00:00:47.420,-0.885269610427936,1.5850118366088117,7.693904473128593,0.5803808879550088,0.532599726123326,-0.07451586853537819,abnormal
2024-01-01 00:00:47.430,0.6216038150887179,-0.9558636339592933,6.749834155313657,0.1435870538955223,-1.627585219301573,0.19147310126828584,abnormal
2024-01-01 00:00:47.440,-1.8678959545480722,-0.13024965967473434,6.632470420926054,0.7121907277055068,-0.8921562499786958,0.9031030895271571,abnormal
2024-01-01 00:00:47.450,-0.5344218001837079,-0.8427796504119126,7.5519180968469595,-0.07516181688815872,-0.7800158084436947,-0.00026029659483786525,abnormal
2024-01-01 00:00:47.460,0.12288366034539552,0.9219288623520745,6.173731274164214,0.9168983072596121,-0.6247433621158269,-0.18889760534408295,abnormal
2024-01-01 00:00:47.470,0.07834220847649502,1.3657901693912537,5.684871226974482,0.5091546433493783,0.448755809294733,-0.20312385927798401,abnormal
2024-01-01 00:00:47.480,-2.7651381847824523,-1.2409284029677339,6.5998754512252935,1.0664833106666882,-0.3583526504997355,-0.4614250572793528,abnormal
2024-01-01 00:00:47.490,1.2991228511822108,1.3309534496976185,6.623632074513369,0.7319605962970117,1.320597253856377,-1.0013585494947634,abnormal
2024-01-01 00:00:47.500,-1.0146978152680097,-0.11938581589108607,6.4466016032728515,1.1933118768265107,0.5821222942576877,0.6408636816577825,abnormal
2024-01-01 00:00:47.510,-0.2288620577221146,0.08411721635042536,6.7602705265543825,-0.15198340766548102,-1.0723270395472841,-0.17157899866115167,abnormal
2024-01-01 00:00:47.520,0.29256095777363283,0.7534559129917981,6.836469429147506,-0.6091392970639028,0.44981817009303365,-0.7104429892554102,abnormal
2024-01-01 00:00:47.530,-0.9926676139991268,0.37342988970841723,5.56164190010905,-1.2834887263002666,-0.5556882365142619,0.5738304408979574,abnormal
2024-01-01 00:00:47.540,-1.1215540580949452,-2.0410444979342777,5.814560411249117,0.5156677127120971,-0.429775798807678,0.7151648829788952,abnormal
2024-01-01 00:00:47.550,-1.1222741390310784,-0.16910143748737466,4.840544947377454,-0.35410460009605194,-0.016049085920653988,0.03578165189531002,abnormal
2024-01-01 00:00:47.560,0.4018965453106795,-1.6806448374827365,4.839905868019087,-1.2824788931515554,-0.5805925477793009,-0.5756847423469407,abnormal
2024-01-01 00:00:47.570,2.08415287830462,0.6076916098646189,3.2325402066806204,0.8630123808121342,-0.04952555817212671,-0.10698429135672617,abnormal
2024-01-01 00:00:47.580,-0.336806918208166,1.070325006321123,4.067528256295958,-0.9089754168771219,-0.42699672341123274,-0.17699647578417443,abnormal
2024-01-01 00:00:47.590,-0.673037840809444,-0.7953590468912796,3.311305004898884,-0.1892109254575453,-0.08476759321160847,0.4085512421610069,abnormal
2024-01-01 00:00:47.600,0.4141088015658176,-1.1811591978550444,3.19406924189698,0.06269208977542688,0.25287303942106926,-0.2779722613849793,abnormal
2024-01-01 00:00:47.610,-1.8054709521807533,0.3464288024991343,1.8059262340077518,-0.31959626235598027,0.15855287772678303,-0.3525332337405438,abnormal
2024-01-01 00:00:47.620,-1.2741376250553933,0.43903964860145944,2.283008827152679,-0.03835534733911373,0.2033886017848041,-0.5917569866169248,abnormal
2024-01-01 00:00:47.630,0.24083941180508672,0.4222844254530017,1.6186359828665833,0.4641266940056772,0.5978783057370738,0.5788400933185337,abnormal
2024-01-01 00:00:47.640,2.1742381215074147,0.5734705080484719,1.1663923375444538,0.3641766139485494,0.524575956111318,-0.3565058670922924,abnormal
2024-01-01 00:00:47.650,2.6262226595668996,0.141473154633406,-0.0943802628739453,-1.007126147913914,-0.07803938392315891,-0.07318372345494668,abnormal
2024-01-01 00:00:47.660,-0.1757942939408544,3.123576195010199,1.0217424433067468,-0.7401697931866856,0.6879994030526014,0.8295010587605325,abnormal
2024-01-01 00:00:47.670,-1.4935281691214968,-0.6665362222161856,0.6256005982877598,0.36888218543886736,0.7629629523262821,0.24847867552119507,abnormal
2024-01-01 00:00:47.680,-0.13630235460069157,-0.21539824640015348,0.3561184703053887,0.8687384087200124,-0.665731872735572,0.6562364730542825,abnormal
2024-01-01 00:00:47.690,-0.003133472466116913,-0.48882253512374985,1.1729976601133956,-0.8956699592202841,1.0492066745226254,0.1360595669083888,abnormal
2024-01-01 00:00:47.700,-0.5879587097847605,0.17981648957044424,1.6232323058098281,-0.2223546907980835,0.756444840746856,-1.0819168321568549,abnormal
2024-01-01 00:00:47.710,0.4169900338879508,0.7810966207555982,3.269830379382081,-0.739789575984826,-1.01297522207566,-0.6904954109109478,abnormal
2024-01-01 00:00:47.720,-1.545269079111722,-0.6572468884592149,2.1750055968942705,0.16860849059057434,-0.7352700817545846,0.02431183781290382,abnormal
2024-01-01 00:00:47.730,1.0219384427225195,-0.9646780792280574,2.744981260224515,0.8582917981269967,-0.9680602932311309,-0.05977212825749403,abnormal
2024-01-01 00:00:47.740,-1.1347905969748637,2.4909766533156326,3.5747048379462574,-0.6520639857909719,-0.15675265347604542,0.16250537557171946,abnormal
2024-01-01 00:00:47.750,0.3624332799913737,0.36863466150093693,4.283102654543266,0.683429078316477,0.375977010024879,0.5726931732251219,abnormal
2024-01-01 00:00:47.760,-1.4589308920269315,0.16072921691882447,3.099488955529228,-0.28578771213685816,-1.1439707907110603,-1.0334921524898326,abnormal
2024-01-01 00:00:47.770,-0.8054838783244657,2.6043207439460465,4.1836955968053084,-1.0825005056815402,0.9960419735748564,0.6874242770315199,abnormal
2024-01-01 00:00:47.780,-1.231770056311263,-3.2703714052001476,5.331463110465779,0.049510196119593765,-0.5890278860206342,0.6006424434027041,abnormal
2024-01-01 00:00:47.790,0.5858561673358494,1.6143374591229829,5.264182051664082,0.5183847322480157,-0.07570979881365628,0.03467835740342615,abnormal
2024-01-01 00:00:47.800,0.4476773241495054,0.5332170192659533,5.333391906319095,0.37155814685998695,-0.9819301716315265,0.40608700725931207,abnormal
2024-01-01 00:00:47.810,1.1443085275201383,9.617161864562607e-05,5.468260347319245,-0.20572857830019106,-0.24182188197088622,0.20313052980861124,abnormal
2024-01-01 00:00:47.820,1.580341493248067,-0.2300982395344503,5.742953087465615,-1.1622823600043208,-0.2523686539277496,-0.4385237181293889,abnormal
2024-01-01 00:00:47.830,-0.12119965856364676,1.8030648532688307,7.147312557700577,1.2055693920815276,-0.18216817883383227,0.07415938325368217,abnormal
2024-01-01 00:00:47.840,-0.7273823722482277,-0.27779711300286836,5.904245223036551,1.3943015714425853,-0.05896922641097957,-0.0947896155730259,abnormal
2024-01-01 00:00:47.850,1.1593538107525576,0.9299399420864767,7.265977047415725,-1.4959988305487788,1.6490208352540277,0.1829326892371959,abnormal
2024-01-01 00:00:47.860,-1.956531709816497,-1.830149530492483,7.205967077138618,-0.19292724406178147,0.27838106528209233,-0.9483405039956861,abnormal
2024-01-01 00:00:47.870,-0.7441730753364769,2.131477397569613,6.253954810523809,-1.3353923297921895,-1.0377244534624999,0.03734445697670972,abnormal
2024-01-01 00:00:47.880,0.7560480833461279,-0.4296573244530901,7.015419031692095,0.5104778019439014,0.7490699618556614,0.807049383491529,abnormal
2024-01-01 00:00:47.890,2.1156011298884296,-0.33057261335151555,7.254131059123252,-1.4442252056015294,0.946770168969705,0.1300358626372537,abnormal
2024-01-01 00:00:47.900,0.5024109461952495,-0.9340395852747903,6.223981766513103,0.9979582838367836,0.13329341678413545,0.40912972204558246,abnormal
2024-01-01 00:00:47.910,-0.9103679116791333,-0.30916786989757744,7.051499642026284,0.5577638261334318,-0.640941843156845,1.3306152747048836,abnormal
2024-01-01 00:00:47.920,0.9565287919132336,1.4294368609676857,6.79407829276559,-0.5894972694734728,0.16227651152286066,-0.41511151406247376,abnormal
2024-01-01 00:00:47.930,-1.8833037288410723,-0.19582853203747974,6.737187899027315,-0.9593949580741238,-0.2338165453104178,0.48463583805845145,abnormal
2024-01-01 00:00:47.940,-3.228650668506408,-0.9747254813052562,7.644916534699436,0.22930558531783193,-0.9923910523819821,0.5321396653865819,abnormal
2024-01-01 00:00:47.950,0.13976585647239412,1.1450395674111125,6.2791440586291785,-0.7681886234123335,-0.342041527486996,-0.09478423210430212,abnormal
2024-01-01 00:00:47.960,-0.6851203781382755,-0.33134042023326876,6.316375625136186,0.18417621951672078,0.330776916319158,-0.9073409421130623,abnormal
2024-01-01 00:00:47.970,-0.5208604663888815,1.3409937655683242,6.922108029064364,0.7365602842207974,-1.431519070406022,0.17859045000508403,abnormal
2024-01-01 00:00:47.980,1.6783643835031195,1.0383669503309338,4.999175539539864,0.2771975934134441,0.15300225451367822,0.04649841056682063,abnormal
2024-01-01 00:00:47.990,0.7964913703372573,0.31287597654131233,4.043248685282713,0.3375992546263368,-1.6002779699316951,-0.609195099232541,abnormal
2024-01-01 00:00:48.000,-1.9553962008470425,-1.3434440881856482,5.773289993454105,0.8008411742700459,-1.9128690144941431,-0.34015459433973627,abnormal
2024-01-01 00:00:48.010,-0.6779668931879438,1.0398646570842625,4.895429730850055,1.2040731597945427,0.10181777051984404,-0.2524507002833544,abnormal
2024-01-01 00:00:48.020,-0.9513058596585136,1.5291568410834895,5.425514509170697,-0.0919842806313082,-1.4168605699144456,0.7038583581523128,abnormal
2024-01-01 00:00:48.030,-2.341095533834341,-0.07895449048970712,4.528487642243794,-0.6117719283170764,0.2570375086668303,-1.6822584315839644,abnormal
2024-01-01 00:00:48.040,0.6583121064535217,-0.33514176352699393,4.244839883071281,-0.4439141660833183,-0.48100954342356195,-0.20757453279865015,abnormal
2024-01-01 00:00:48.050,2.553712982433293,0.3363818075418162,4.217170382776622,-2.209445115986276,1.4602529264999127,-0.3544654677299088,abnormal
2024-01-01 00:00:48.060,-1.4740777848304383,0.993329551211244,3.3872734139634204,-0.23968813825816068,-0.42392358702914873,-0.0960218831746055,abnormal
2024-01-01 00:00:48.070,0.6907748117823245,-1.7912484546728475,3.4697078774124206,0.44569995212623653,-0.0072017515215670866,0.2893966746645839,abnormal
2024-01-01 00:00:48.080,-2.3155092405693813,-0.3790924682302615,2.790607081000808,1.8897936142328955,0.9944918446041133,0.33471614582556414,abnormal
2024-01-01 00:00:48.090,-1.4261748035279158,1.6045089275566715,2.4306963986260013,-0.29086085445415655,0.8563540912698868,-0.05683486162527095,abnormal
2024-01-01 00:00:48.100,-0.4346158425692659,1.4077112665692033,1.558915516728678,0.614754889360894,-0.7004061417277442,0.9841760136228621,abnormal
2024-01-01 00:00:48.110,1.985901123584156,-1.3183000326195422,1.289971263945125,1.763184270086174,-0.38072511735365894,-0.1628134115884983,abnormal
2024-01-01 00:00:48.120,-0.5483712226200991,-0.05610496680797574,1.0794445036056572,-0.6404226657695975,-1.1501221232093783,0.20845185618229148,abnormal
2024-01-01 00:00:48.130,-2.0849542657107443,-0.29133405125746775,-0.25325353493401176,0.5959552481802242,-0.301987106161295,-0.07074286809027856,abnormal
2024-01-01 00:00:48.140,0.10419583929689351,0.6770670402373445,-0.642991627816935,-0.9209367086929194,0.08277233648918804,-0.495178943867545,abnormal
2024-01-01 00:00:48.150,0.4083765877905006,-0.4044992835452637,0.19025755684932993,0.7414931265113313,-0.5282933814322163,-0.07562761295560973,abnormal
2024-01-01 00:00:48.160,1.5504407847489412,-1.2419203874085618,1.4198150369623295,-0.562710682548569,-0.03586913484942913,0.41334946208747514,abnormal
2024-01-01 00:00:48.170,1.6876799919977874,-0.7289718818295189,1.6705050349197812,-0.6386948579941674,-1.3351925794705093,0.16652482579994418,abnormal
2024-01-01 00:00:48.180,-1.612376852262831,-1.404988229711263,1.6917747004593078,0.13786637618267708,1.8578321326894214,-0.0470962488488912,abnormal
2024-01-01 00:00:48.190,-0.2291661341856967,-1.1040268582547745,1.5531134298515181,-0.4887938068569067,-1.3037179932511904,0.6490103401593973,abnormal
2024-01-01 00:00:48.200,-0.7707989518717657,1.316070321576338,2.5348290632727357,0.4405244561457352,-0.5931721537574862,-0.20118179758447555,abnormal
2024-01-01 00:00:48.210,0.571823555675422,3.1706304256563285,2.464127613459692,0.26536273582833597,1.3616272784949583,0.478295998501137,abnormal
2024-01-01 00:00:48.220,-0.2331639727961834,-0.32247786205932183,3.2047669141937014,0.14351930633282425,-0.5218856504981367,-0.42154866437779565,abnormal
2024-01-01 00:00:48.230,-0.25030589268878534,-0.5657023271900992,3.5435706625014203,-1.080561763267835,0.062212525679534725,0.33969512862095674,abnormal
2024-01-01 00:00:48.240,-2.806334475527128,0.9642092385467761,5.2076559280859875,-1.792478357435839,-0.6316950661015424,-0.4004465183221713,abnormal
2024-01-01 00:00:48.250,-0.9055592125246698,-0.5475523248643396,5.556921687813262,0.6048732102665889,1.3400134774051824,-0.150476084136862,abnormal
2024-01-01 00:00:48.260,0.5490641461824403,-0.6012195307002809,5.629415261825441,-1.9720953164922246,-0.5276557089343922,0.3569295509365118,abnormal
2024-01-01 00:00:48.270,1.115041994011998,-1.4772866669413494,4.937017595658858,1.5547895117392185,0.42310745019938245,0.3251678101440829,abnormal
2024-01-01 00:00:48.280,-0.4030369442821177,-1.3213854021966462,6.108204871591332,-0.1815458960040084,-0.6735799982142149,-0.8178601947329047,abnormal
2024-01-01 00:00:48.290,2.123102821629145,1.4381429505255041,6.425160059806742,-1.1852793668878752,-1.6322220459527803,-0.543538400148415,abnormal
2024-01-01 00:00:48.300,0.11613781789616436,-1.1938776327515495,6.517739116954006,1.369230641565059,-0.16360697311213415,-0.34504839740466453,abnormal
2024-01-01 00:00:48.310,1.628149841974219,2.295947779256187,6.451747738625543,-0.1463362651532948,0.4883272596296679,-0.3965364767660037,abnormal
2024-01-01 00:00:48.320,0.8387337189478623,2.0568376182031307,7.006479978420392,0.8596362153117227,-0.40762421116681957,0.571753349246126,abnormal
2024-01-01 00:00:48.330,0.6928781105783359,2.219753946565766,6.398304686043802,0.0326214612945017,0.4651796057539532,-0.3735892188369867,abnormal
2024-01-01 00:00:48.340,0.1683614354651872,0.4438561254905722,5.712032963634,-0.3999132830076572,-2.071211589978638,0.5744939960086458,abnormal
2024-01-01 00:00:48.350,1.213464372445331,-0.27446501821921393,6.916450509647278,0.9087407301195661,1.2296143105717703,-0.6501393472813636,abnormal
2024-01-01 00:00:48.360,0.522891649571194,0.4861653929585096,6.744225071170813,0.1376007931615092,-0.09094809808707542,-0.3224161640971793,abnormal
2024-01-01 00:00:48.370,-1.2604000883766657,0.1592572389574215,6.546674119374427,1.0050822969346962,-1.3480638547933943,-0.17482323202273273,abnormal
2024-01-01 00:00:48.380,0.9583810448313684,0.54009841609492,6.785528163696197,1.5601845424277043,0.7100273288298048,0.154006674454546,abnormal
2024-01-01 00:00:48.390,-0.3864256749275422,0.23015866039097482,6.637550861111589,-0.8628299477697324,0.5657803634049534,-0.5110466012810243,abnormal
2024-01-01 00:00:48.400,0.5844499394657409,-0.8572579397035319,6.763776297477143,0.2295018168838745,1.4439362981555408,0.2291720678790402,abnormal
2024-01-01 00:00:48.410,-1.3549392671918368,-0.07856887601252696,6.7810629956100055,-0.7627309852035379,0.11575619740751909,-0.6420305803217736,abnormal
2024-01-01 00:00:48.420,0.23350865174602328,1.4334813942700344,6.03697768184261,-1.260553775207653,1.3182000098391449,-0.4868104648858667,abnormal
2024-01-01 00:00:48.430,-1.4880617821633066,2.107782799161676,6.275796778340558,0.6531654517765847,-1.0711054788936274,-0.020494510791633263,abnormal
2024-01-01 00:00:48.440,1.837876683945593,0.42398606965899266,6.528008232642803,0.6401752816079977,-0.7214163137040053,-0.49798893077662854,abnormal
2024-01-01 00:00:48.450,1.06921199060612,0.9359191903119991,6.952756562618906,-1.4983554001143164,-0.8199784146496613,0.6041761805523048,abnormal
2024-01-01 00:00:48.460,0.1025829716592738,0.6725334910810298,6.090943222839699,-0.6547343271136091,-0.5966538842922549,0.4067413790126175,abnormal
2024-01-01 00:00:48.470,-0.04512228447990433,0.8552105184236439,5.755226373062531,-0.35153029112280576,-1.1497939800083337,-0.77898592003206,abnormal
2024-01-01 00:00:48.480,0.1467391779831973,0.5998831535393168,5.874414831078509,0.08292481627649978,0.7174330014787609,0.8775914812745612,abnormal
2024-01-01 00:00:48.490,-1.1981646680520592,-0.45575020532968236,3.593069434135744,0.41580378392960227,-0.24710625972249803,-0.44101064569255,abnormal
2024-01-01 00:00:48.500,-1.7157956264410053,-0.659162691310918,3.958543910985753,0.3355443897790949,-0.23575771850520294,-0.41866464999741143,abnormal
2024-01-01 00:00:48.510,2.6063790335566033,1.1211117070237495,3.6065373995201337,1.3562674015681524,0.4113487259183848,-0.5180589807493694,abnormal
2024-01-01 00:00:48.520,0.3435855426752504,0.10377588316925841,3.9995889633120654,-0.30234468935867065,0.045976603577226556,0.2706378767747693,abnormal
2024-01-01 00:00:48.530,-0.769496352511239,-0.9606173886276388,3.5268180605102466,0.26856003531835215,1.0187864275663239,-0.5758365632608496,abnormal
2024-01-01 00:00:48.540,-2.5307004268714155,0.4955009956288809,3.686442666339491,0.22492566740393613,-1.2977378530997312,-0.5101121634303791,abnormal
2024-01-01 00:00:48.550,-0.6128219954820676,1.816984872027757,3.2024996389359837,0.30693253880094246,-0.5589812302097715,0.8774685094887658,abnormal
2024-01-01 00:00:48.560,-0.7796958039867359,-0.2190717981005661,1.8189423965949825,-0.8960078718822853,0.3406180754088231,0.01710893160616039,abnormal
2024-01-01 00:00:48.570,0.4789677148270711,0.007049246660417013,1.1286528481875064,1.859753415939256,-1.5360754865778001,-0.5227291665867477,abnormal
2024-01-01 00:00:48.580,-1.4098956165723424,0.09643655422046193,1.9296723393471724,-0.3644658229753556,-0.6878598553710433,0.7406906241128924,abnormal
2024-01-01 00:00:48.590,-0.034410551395606656,0.24307129385392973,0.6678427507054715,0.5233939386576016,-0.32089877828540025,0.31532889169981726,abnormal
2024-01-01 00:00:48.600,0.07123414964966061,1.2986054076872873,0.5242275500969192,-2.0483296243530584,-0.34688095345749737,1.4788439727452793,abnormal
2024-01-01 00:00:48.610,0.8663111701209031,-0.431478765191281,-0.24897288612924215,1.983680588207083,0.13074479517392995,0.00998326207111944,abnormal
2024-01-01 00:00:48.620,-0.5736451817616468,-2.687912062004268,-0.5573446865495176,-0.7461120999381712,-0.27410147443600413,0.3777439744824311,abnormal
2024-01-01 00:00:48.630,-0.16253926306246153,2.3718708165321436,0.7443406292340755,-0.8115379994669455,-0.9051312642253551,-0.6083818603293724,abnormal
2024-01-01 00:00:48.640,1.1345493292504816,-0.518012255404423,1.437081279422914,-0.8719876286095827,-0.659001880849916,-0.5417350358431706,abnormal
2024-01-01 00:00:48.650,0.9190249653071799,-0.24912190100808101,1.8909598302190085,-1.2687462106886211,-1.610324613979115,0.36303603719120237,abnormal
2024-01-01 00:00:48.660,1.9181475532539296,1.5397974751682577,2.5610714995276984,-0.2959843398282301,1.2292922558257258,-0.3608396207643794,abnormal
2024-01-01 00:00:48.670,-1.0643568198625466,-1.780302141674136,2.9830086182450706,-1.66856439069801,-0.05350797757704002,-0.1631967377875989,abnormal
2024-01-01 00:00:48.680,-0.37111218734962126,-1.323750021258469,3.350012949932304,0.30159507820082665,-1.36628514582494,-0.6566570003832601,abnormal
2024-01-01 00:00:48.690,-1.5770567615561182,0.9882012262793552,3.313457451397609,-0.1752830978044393,0.676930651309661,-0.9899827319267553,abnormal
2024-01-01 00:00:48.700,-0.1756755172703158,-2.387100684794945,5.041033492660837,-0.260095756402419,0.7888411983829919,0.024251468842610095,abnormal
2024-01-01 00:00:48.710,-0.3814339077327657,-0.8931953779817418,3.6675834404047585,1.5930802057510702,0.7736300158311689,0.7670555707813992,abnormal
2024-01-01 00:00:48.720,3.185927833934019,0.1257909061973358,4.631190613609262,0.5605586760918211,-1.019152049507301,-0.30494191865678655,abnormal
2024-01-01 00:00:48.730,0.38075586923136906,2.437071031376748,5.5933807517332035,0.7593304869469875,-0.6555585080716918,0.20031819224955255,abnormal
2024-01-01 00:00:48.740,2.107416892110327,1.5985934350217001,4.563876466809308,1.4727697337290204,0.09834005440850299,-0.4602285385942557,abnormal
2024-01-01 00:00:48.750,1.1647021410240288,-0.3986553810619291,5.87732589906566,-0.2509159840682591,0.6385667299825635,0.2901485541997485,abnormal
2024-01-01 00:00:48.760,-0.7118327020828812,-0.005971011315589179,5.554743505511603,-0.8312302878129635,0.1660530160301496,-0.4135083211833989,abnormal
2024-01-01 00:00:48.770,0.3760283916823894,-0.7058450896184784,7.21549109311733,-0.8394102408498695,0.026788162171613644,0.024020346949956688,abnormal
2024-01-01 00:00:48.780,-0.12472494091175199,-0.16734023389627917,5.501915883584702,1.1160766129797066,0.4737245404853794,0.01165087713069806,abnormal
2024-01-01 00:00:48.790,-2.1942409074498688,1.3200233471757745,6.4393055395021035,-0.18993878082438584,0.21165439972803335,-0.08133894122886264,abnormal
2024-01-01 00:00:48.800,-0.3716025729957298,-0.33866627196509963,6.787682300171888,-1.7882975437968855,1.2539540757002499,0.4710989655966532,abnormal
2024-01-01 00:00:48.810,-0.5736730252148117,-1.835114340780509,7.399793517939712,0.014959907851611096,1.0277707375509126,0.3693568569332177,abnormal
2024-01-01 00:00:48.820,-2.7433424037424996,0.4381682064066789,6.765707942389189,0.29421123280248623,0.21914221221161245,0.5219708380407012,abnormal
2024-01-01 00:00:48.830,-0.16366873013299185,-0.40007774492017373,7.773906212347196,-0.2865007338036567,0.6504204549890245,0.030412874703128322,abnormal
2024-01-01 00:00:48.840,0.15230610739605546,-0.024514490760178136,6.75436880376353,-1.366870312428934,1.4410799773418959,0.1137149920949187,abnormal
2024-01-01 00:00:48.850,-0.06992961180811814,-0.5110677183824719,6.538108974455474,-0.18204386553299617,0.4606586343064438,-0.012020150424325297,abnormal
2024-01-01 00:00:48.860,-2.0611553496155937,-0.33866360120422107,7.045239823442122,0.5435963533076225,0.04106777941692244,-0.1548871815604607,abnormal
2024-01-01 00:00:48.870,-1.4992459266200517,1.3014068319739516,7.544942890592199,0.06979880473775221,0.34512251827266077,-1.0207291864944457,abnormal
2024-01-01 00:00:48.880,0.4715485179575515,1.28928719614358,6.432158680493956,-0.16508188441378321,-1.38336857845335,-0.4093889960389054,abnormal
2024-01-01 00:00:48.890,1.388604467407018,2.07693812467946,6.988715718954491,0.8641426411806253,0.23920664275146225,-0.15660852832915687,abnormal
2024-01-01 00:00:48.900,1.3142063610137995,1.0516545721678372,6.401334844893115,1.05261839220609,0.38327005792055985,-0.3778833273688651,abnormal
2024-01-01 00:00:48.910,2.0159543210531083,-1.038034918425986,6.152627080890638,0.3926354374723549,0.0963341743172978,-0.8243316896053867,abnormal
2024-01-01 00:00:48.920,-0.3914648307822787,-0.4791799884634658,6.03502490585887,-0.9020439562665565,0.5367723466499352,-0.13680426272661397,abnormal
2024-01-01 00:00:48.930,-2.4820310830893324,0.019876341722349086,5.9990611982007795,-0.04689415283832369,-1.5840101957502484,-0.344887604430384,abnormal
2024-01-01 00:00:48.940,2.521152018016341,2.8018054061241737,6.46692932834233,1.1182362228279559,0.3424519187020021,-0.9992642633249061,abnormal
2024-01-01 00:00:48.950,0.6685514901938562,-0.8156422739672932,6.277595673564982,-0.3070522139688886,-0.7989468965846872,0.7275807975017228,abnormal
2024-01-01 00:00:48.960,1.2916482232379798,0.6529281902592666,3.489803495171771,1.9224027512727497,-0.11310806940874772,-0.8118324744522915,abnormal
2024-01-01 00:00:48.970,-0.10789157795104012,-2.3107371008712727,4.170218381304897,-0.33569404353978793,0.21452480944819524,0.4144528017223383,abnormal
2024-01-01 00:00:48.980,-1.4953474879658584,2.1063238701620777,4.8727649419844,0.7575997336398578,-0.24714408746434974,0.21944526738425807,abnormal
2024-01-01 00:00:48.990,-0.43809282162643776,0.7083431276886158,5.336376858216622,0.1663841591478153,-0.4590756871425854,-0.29512473164048386,abnormal
2024-01-01 00:00:49.000,0.8535983759795214,-0.9239752152866346,3.296187408503404,-0.3855560613109298,0.3082995867162183,-0.39342436722299295,abnormal
2024-01-01 00:00:49.010,0.44708492182409354,-0.36023367444471716,3.1363181732521572,-0.9098378365402516,-0.10263928791258016,-0.1878757132082919,abnormal
2024-01-01 00:00:49.020,0.3618370087415376,-0.46367824764474586,1.6993588362427727,-0.5550984293072634,-1.8189448048027177,0.13515608575560997,abnormal
2024-01-01 00:00:49.030,0.5537358458697104,-0.661626656891735,2.300774189875559,-1.0017906634012115,0.22742552990381965,0.05064166363528812,abnormal
2024-01-01 00:00:49.040,-1.8068961540097832,-0.8457015699771706,2.2461061015256223,-0.6834292268691252,-0.504475984053755,-0.009191475678389235,abnormal
2024-01-01 00:00:49.050,-0.4498288964516274,-1.682734464761062,2.0548009833833802,1.194594744030921,0.16463549884279802,0.25349089164539856,abnormal
2024-01-01 00:00:49.060,-3.5762034509205285,-1.6280089274297258,-0.24705558779653036,-0.10706934778998001,0.37773796309191277,-0.019839352107286844,abnormal
2024-01-01 00:00:49.070,6.191796839814928e-05,0.6886996999104623,1.025341973581101,-0.27547482127361794,0.5929976367341585,-1.0792627428745272,abnormal
2024-01-01 00:00:49.080,-0.892615604365189,0.9996529551182398,-0.025916862278928587,-0.5332329894524893,-0.17971792752707905,1.089708375007546,abnormal
2024-01-01 00:00:49.090,0.53411876939868,0.5505513712321162,-0.20786064990961506,-0.5690551718689296,0.6030091904161653,-1.005851924685374,abnormal
2024-01-01 00:00:49.100,-0.10595021281825759,-0.7082898067659453,0.6318057315774427,0.22192491218555271,0.4147130927504729,-0.8377222725604526,abnormal
2024-01-01 00:00:49.110,-0.49985785720041587,-1.2755995003639549,0.8725486142750932,-0.06383544070006678,0.18496734962739025,-0.13613969994220412,abnormal
2024-01-01 00:00:49.120,1.8421979062903366,-0.45815275989140297,2.025407393745113,0.7338020637948777,0.34090896377841784,-0.2553757590939255,abnormal
2024-01-01 00:00:49.130,-0.4901109912018104,0.4293346010096035,2.832046045721083,-2.0949576691031755,-0.15555333850417333,0.6462665297848262,abnormal
2024-01-01 00:00:49.140,-0.9228142177645651,1.2904324727227685,2.405602098000661,-0.3766769701271581,0.07459685698999838,-0.6870093291016552,abnormal
2024-01-01 00:00:49.150,-0.8887785164319352,-0.34154115269725466,2.7771372977752,0.6551672930553734,-1.0457026951979373,0.06400571025336727,abnormal
2024-01-01 00:00:49.160,-1.5154451993493783,0.950191062816623,4.507367689872426,-0.10747935405701999,0.8203695916197626,-0.2751716998040717,abnormal
2024-01-01 00:00:49.170,-1.5230141165081743,-0.4851738236213988,3.317736690994086,2.040771590854184,-1.0971813314915873,-0.2218767596547237,abnormal
2024-01-01 00:00:49.180,0.17223592046997965,-1.2491963421040062,3.7379038603745105,-0.6205209225863692,-0.5845166423661604,-0.5056669813018461,abnormal
2024-01-01 00:00:49.190,-0.1610688250972175,-1.6677927322903618,4.7749299510239425,0.7198767993163975,-0.903966400118957,0.33784879339879037,abnormal
2024-01-01 00:00:49.200,-1.038190085886999,0.06228560340314807,4.429859575826761,0.3130533976958433,1.085539440943692,-0.6271694665261012,abnormal
2024-01-01 00:00:49.210,0.7686317824526653,1.8892390562452757,5.036585507521132,0.7957825200005926,0.1042598735741559,0.19462504359485075,abnormal
2024-01-01 00:00:49.220,-0.042733603728025434,-0.35334527954830286,5.295408118553505,0.05636590903652664,-0.9789885633751267,-0.020632105481710877,abnormal
2024-01-01 00:00:49.230,-0.1343415878027582,0.639896535673081,4.999943537378223,0.18779246895477328,-0.6359651121894233,-0.47824029222280284,abnormal
2024-01-01 00:00:49.240,-1.6684218052782245,0.9316160279592578,6.1938853628919635,-0.6600545631778216,0.9778509742831384,-0.1965890880294377,abnormal
2024-01-01 00:00:49.250,-1.046852781743737,0.6323915876904476,5.702948823201925,-1.4273083524954668,-1.1818755178691864,0.24199487042086912,abnormal
2024-01-01 00:00:49.260,1.347823760532431,-0.8430521234118604,5.353180812352333,-0.508289447670364,0.6149982459662824,-0.30104598357694634,abnormal
2024-01-01 00:00:49.270,-0.05009792988154219,2.8051914461850314,6.431004203397419,0.2635673722292821,-0.12999792046607314,-0.04690963623570422,abnormal
2024-01-01 00:00:49.280,0.6789943923727679,1.887955864763932,5.664144686099189,0.3367822844719779,-0.8428660226519115,0.3514137225032207,abnormal
2024-01-01 00:00:49.290,-0.3296680913182087,1.2759787935735745,7.506947252463799,2.4763232764402248,0.8638087663368761,0.056801865333310934,abnormal
2024-01-01 00:00:49.300,0.4048674093242856,0.08934842968435673,6.770806732177828,0.2668443061653315,1.3698200669591387,-0.27154879945954397,abnormal
2024-01-01 00:00:49.310,-0.1410646959930663,-1.5850103193764327,7.119125684776409,-0.36949361765494665,0.7188116862514049,-0.20695025835530634,abnormal
2024-01-01 00:00:49.320,-0.8466389608060435,1.7494289366044147,7.029805538033829,1.7054753221263343,-0.6163153057907367,-0.9271278117117379,abnormal
2024-01-01 00:00:49.330,0.8607535176404079,1.4425817015426743,7.58957057412223,0.5285825376846633,0.5711981728543862,0.06856345618980568,abnormal
2024-01-01 00:00:49.340,-1.6370540570372014,-1.802918139170473,8.103309042962902,0.715313060129437,-1.1156846375300657,0.39156123781957647,abnormal
2024-01-01 00:00:49.350,1.973483383780227,-1.5069856625341544,6.8254830044640675,1.6977555809653948,0.02804208411417322,-0.40615701231231816,abnormal
2024-01-01 00:00:49.360,1.2809704305121592,0.34684103416233697,6.030266654044453,0.1791034613149855,0.7600130038082907,0.25340777010171023,abnormal
2024-01-01 00:00:49.370,2.0036870817210812,2.2342900959248624,6.478908096082557,-0.16159905094406601,0.4283931183919812,-0.6706702949241847,abnormal
2024-01-01 00:00:49.380,0.5876048327264976,0.2836723557457874,6.0156971070048,1.1120905435453932,-0.5634181951118532,-1.0210678869127785,abnormal
2024-01-01 00:00:49.390,-0.09904421282540174,-1.090192604044421,5.152089450996178,-0.47424701271297787,0.025187596347753055,-0.42632068228423475,abnormal
2024-01-01 00:00:49.400,0.7966445274035004,0.9340523102713466,5.721047161648437,0.8842896617246208,-0.2022993397611703,-0.15109723160503613,abnormal
2024-01-01 00:00:49.410,0.7256328827436148,1.2099402426661243,5.167792408335575,2.294308695029604,-0.643652291645964,-0.5146913571451013,abnormal
2024-01-01 00:00:49.420,2.1709120797579575,-0.9920933861267267,4.627442527542529,1.331811733845364,-0.11051479689048782,-0.2923237527942634,abnormal
2024-01-01 00:00:49.430,-0.6168682282447466,0.2457461521275725,6.0050284418734865,-0.2986684894155747,-1.250583930390639,-0.04188578318605754,abnormal
2024-01-01 00:00:49.440,0.3192458198989891,1.2393602893827567,4.981461622178867,-0.2569629868132551,-0.40722380681115705,0.381862223548237,abnormal
2024-01-01 00:00:49.450,0.03096385043627356,0.2912053049418458,4.160843815154099,-0.6476553302367907,0.5917924088117478,0.23390618166502092,abnormal
2024-01-01 00:00:49.460,-0.5217728865334021,-0.09292985117751994,3.721905744234707,0.8634526849509077,0.06924923084112113,-0.04728948756355071,abnormal
2024-01-01 00:00:49.470,0.8161769573475435,-1.2888281098779037,4.123374859317739,-0.6013320391234197,-0.32438571945085676,-0.24815814481720067,abnormal
2024-01-01 00:00:49.480,-0.18508309514693894,1.9569907275521963,4.022200318176132,-0.07526051904786084,-0.2436896016378827,0.29950031756380424,abnormal
2024-01-01 00:00:49.490,0.8995892438106289,-1.7543916417807834,2.642837803096557,-0.8448976364303886,-0.9009774020154308,0.07435362658774147,abnormal
2024-01-01 00:00:49.500,1.0033072678063393,0.5615156414441757,3.4827214278795835,-0.8883782327093329,-1.530338306342429,-1.0982394343480506,abnormal
2024-01-01 00:00:49.510,-0.4174109308742244,0.06148566560969895,2.2771856539602444,-1.1781999645516754,-1.461667866481985,0.22103185173256584,abnormal
2024-01-01 00:00:49.520,-0.8162080808384612,0.007046477381092297,2.6451052540834263,-0.7286674685827556,0.14003734714349367,-1.148059251628155,abnormal
2024-01-01 00:00:49.530,0.06193846787361922,-0.46840692568953834,0.6892699817832929,-0.26123439063489157,-1.642809504346749,0.16445851266740308,abnormal
2024-01-01 00:00:49.540,1.3228468429748692,1.9213104691439653,0.506260412530952,0.6960200888484374,2.2686548106073796,-0.3450878227567323,abnormal
2024-01-01 00:00:49.550,-1.0349011707294058,-2.1122095388257565,1.0881921461361115,-0.37855853352631585,-0.18023091438496422,-0.3648391358734511,abnormal
2024-01-01 00:00:49.560,-0.4009351049223738,2.6711642760088496,-0.9764084497512793,-0.7260302517425062,-0.4750095008598505,0.5875562838574593,abnormal
2024-01-01 00:00:49.570,0.12562099308420147,0.4950398567383072,0.878056907758895,-0.6067538958686582,1.8994400635102076,0.06416111529542445,abnormal
2024-01-01 00:00:49.580,-1.2354492765288323,1.4312347360268296,0.6730160566925538,0.03094813869522737,1.1799287052851213,0.27407466927529756,abnormal
2024-01-01 00:00:49.590,0.07644473441434686,0.7054302492788614,1.0670506849996406,0.2285914274406937,1.8680210911868604,-0.20990786455161084,abnormal
2024-01-01 00:00:49.600,0.7250451064750038,-1.8884693534963826,1.6278506119094658,0.06315420480690555,-0.2628695291221626,-0.05734005018935599,abnormal
2024-01-01 00:00:49.610,-0.13461805714155656,1.9551263513704964,1.9140804644384803,0.2026714190060444,0.3647494550952332,0.6950711578766965,abnormal
2024-01-01 00:00:49.620,0.4149836288943035,0.779119992809162,3.8493500430647907,-1.7473463565480152,-0.630983368655243,-0.9295461836590638,abnormal
2024-01-01 00:00:49.630,-2.9868254921301447,-0.8278027192475065,3.587927629099816,-0.818894233384064,-0.9326053435025718,-0.6489502433574469,abnormal
2024-01-01 00:00:49.640,-0.877938140572299,-0.725077763329587,2.9118756795160787,-0.19632771790194933,-0.9329050151751207,-0.25218253169306426,abnormal
2024-01-01 00:00:49.650,0.2285796647022124,0.03513258501876449,4.164259345673347,-0.2137212649974835,0.3979183674183047,0.1391175142623366,abnormal
2024-01-01 00:00:49.660,-1.261311790992665,1.8247901774962432,4.984694789362755,0.6530101453193919,-1.0029551955079465,-0.07646264960979737,abnormal
2024-01-01 00:00:49.670,-2.7336249676399995,1.2905383333723999,4.246456508306923,-1.0757069152134127,0.48951773479340827,0.4445241966266579,abnormal
2024-01-01 00:00:49.680,1.8314160449376715,1.1202140313015012,4.911421955222648,0.7097412666949261,-0.3349811288135031,0.2937697865123995,abnormal
2024-01-01 00:00:49.690,-1.1434950908966108,0.8553467434687542,5.116137349383654,-0.885524831263637,0.08143079820879076,0.5306232556902963,abnormal
2024-01-01 00:00:49.700,-1.4472795165087053,-2.67939564051269,5.663746365427321,0.027564181975039893,1.00701269605071,-0.5244790007594602,abnormal
2024-01-01 00:00:49.710,-0.8801795410294768,0.4519486210574259,5.926035128574856,-0.21753254025559915,1.7402912246430484,0.8227725379234331,abnormal
2024-01-01 00:00:49.720,-0.31050058416531623,-0.9113874261109294,7.448798467782462,-0.5114185198396151,-0.9715015050538301,0.15775944993517296,abnormal
2024-01-01 00:00:49.730,-0.9406493273425129,-0.09592962908205165,6.077070365230499,-0.3132559256387201,-0.9472295002193346,-0.06699008193176485,abnormal
2024-01-01 00:00:49.740,0.1565016943083975,-1.2307186665829843,7.247450880399281,-0.15097015727023214,1.1022989594634505,-0.6815500285677838,abnormal
2024-01-01 00:00:49.750,1.009866821861087,0.980472529650158,5.603230396876357,0.0418375512280495,-0.7031420044965725,-0.06295086012233768,abnormal
2024-01-01 00:00:49.760,-1.6926879557956473,1.9798861728400048,7.91746528075026,-0.28297199422492997,-0.5931237623788461,0.6501655937464779,abnormal
2024-01-01 00:00:49.770,1.0033182582334406,-0.28990809670837553,6.385973836321883,1.9664666037973506,0.38830803605733405,-0.08630405844625932,abnormal
2024-01-01 00:00:49.780,0.30943538031205475,-0.2859059846596835,7.85575269424997,0.39654512382298046,-0.39627212218616226,-0.46924995391864344,abnormal
2024-01-01 00:00:49.790,0.19683111741126252,-1.0017400073942575,7.49040744654309,-0.23582571078884138,-0.1811957779420354,-0.17347168948880423,abnormal
2024-01-01 00:00:49.800,1.3953264204731821,2.0017673046362097,7.234189544231877,0.15608612558442,1.1498872731042409,-0.21327790141771943,abnormal
2024-01-01 00:00:49.810,-1.3597966001778041,0.9036738347826718,7.908169615018899,-0.7801248695268539,-0.7370169611714914,0.6153390859761274,abnormal
2024-01-01 00:00:49.820,0.17575305078872386,2.230558440052658,7.012870439705049,-0.5788432912065299,0.11920543871648562,-1.2163187328374667,abnormal
2024-01-01 00:00:49.830,-0.008368617663745677,-0.8683406398928502,6.478703708287194,0.4275602623926183,0.1306460999058582,-0.13978550742183063,abnormal
2024-01-01 00:00:49.840,-0.5858136917239714,0.3472208069700717,7.131017631774541,0.5395450333035127,-0.010877864084756963,-0.021704096253222,abnormal
2024-01-01 00:00:49.850,0.662693766255815,-0.6813036294634849,7.420504211959783,0.4771145090868949,0.860415136735786,0.2416253824232358,abnormal
2024-01-01 00:00:49.860,2.1603183872563667,-0.8406191205638854,6.98308590884874,-0.9942525598038845,0.05510649130875793,-0.15191528092997603,abnormal
2024-01-01 00:00:49.870,-1.4502686929136954,-0.10151741988331606,6.436377628582809,-0.7613293250953477,-1.222818601015189,-0.19258340322104675,abnormal
2024-01-01 00:00:49.880,-0.7521129113964191,-0.0018158585348498084,5.751228845032623,0.536021213609101,-1.4087766196182303,0.4618265608805867,abnormal
2024-01-01 00:00:49.890,-1.153117890627145,-0.2675727508341334,4.904460742278536,1.4132543341306711,1.5047908841415527,-0.32234087641019654,abnormal
2024-01-01 00:00:49.900,0.27436397128100465,1.839224401032913,5.293592756718236,0.020761565193583752,-0.5748407372336732,0.18386628456409018,abnormal
2024-01-01 00:00:49.910,0.8117991404993805,0.020313077128670278,4.206134760885369,-0.4002574354501989,0.5222389843077522,0.11884712754416853,abnormal
2024-01-01 00:00:49.920,1.2392193161460157,0.08936136558059458,3.7210063910385798,0.6310377471208709,0.8273377109307609,0.5947913830991812,abnormal
2024-01-01 00:00:49.930,0.319022570199481,-0.20764137295080884,3.656164234826405,0.8261452917895071,0.8767048464969995,0.05889013247323151,abnormal
2024-01-01 00:00:49.940,0.39634102979254093,-0.700622508043025,4.5464178756235,-1.5805491349016885,-0.3851845127637999,0.2826144639883979,abnormal
2024-01-01 00:00:49.950,0.3994201787905801,0.09473788365450617,3.8005352591514816,-0.3026086859965989,-1.0837077952166843,0.09652019372058854,abnormal
2024-01-01 00:00:49.960,0.7454926278726139,-0.42329024358494577,1.7091224162845289,0.8022507013571235,0.3540975716001301,0.5257846294201282,abnormal
2024-01-01 00:00:49.970,0.7118281467997708,0.2774241854929569,2.4240767557209586,1.4369744395286295,-1.3787358288468865,0.23129349282816147,abnormal
2024-01-01 00:00:49.980,1.3305067938617592,1.5279687920020322,2.3606747907067986,0.7311062147500076,-0.26930402552313115,0.5243449626740568,abnormal
2024-01-01 00:00:49.990,1.58750968973557,0.2831159193757984,2.1277843899566204,-0.5600122483102118,0.8351309811250198,0.40103736781266014,abnormal
2024-01-01 00:00:50.000,-1.7778434064865443,-0.47005939089200865,2.110121642985204,-0.9374040350745879,-0.36274464987796323,-0.11114456945379014,abnormal
2024-01-01 00:00:50.010,-1.1381141610680552,0.027941086052369283,0.9240170586553338,0.7187132648968606,0.3400518513060353,-0.17843292593949187,abnormal
2024-01-01 00:00:50.020,-0.10387526145180075,-0.18610958850248238,0.3251797264373936,-1.1367564721170436,0.7574273870286454,1.1116541652211622,abnormal
2024-01-01 00:00:50.030,2.2257496110639363,-0.10335656021106965,-0.8314174640043579,0.4820991381388486,0.7016037850974863,0.0013242648920435106,abnormal
2024-01-01 00:00:50.040,-0.21231770301691702,0.2358297686823651,0.20558475837623758,0.48404812160286864,-1.3044570464037821,-0.09300606424720882,abnormal
2024-01-01 00:00:50.050,0.6536575167674067,1.4413707569932797,1.6749287049825883,0.1783229744128901,0.808529750642356,-0.382073224326604,abnormal
2024-01-01 00:00:50.060,-1.3616856103451525,-1.1720746708415266,1.2243125179906271,-0.50885135603953,-0.15771386392925385,-0.1317889525886621,abnormal
2024-01-01 00:00:50.070,-1.2467939984981913,1.9213291261473402,1.8171275867228338,-0.688285371539316,-0.06930444307176374,-0.369016162986484,abnormal
2024-01-01 00:00:50.080,-0.3887002314718861,-2.0221621817595192,1.808167504092324,-1.0948431059386448,-0.9811570608502438,0.13059079453218222,abnormal
2024-01-01 00:00:50.090,0.35378634765079253,-0.09741576807871169,3.007093396522612,0.6451741759071266,1.1311150145339277,-0.11924223152708673,abnormal
2024-01-01 00:00:50.100,-0.6295789232282001,-0.5831075865244578,2.8984675228088976,0.9023939871383367,-1.4353596380759672,1.0393858920992616,abnormal
2024-01-01 00:00:50.110,-0.922259876687506,1.4301762913397817,3.5645329089413247,0.5934030523976356,0.18299576412558763,-0.7460855431915405,abnormal
2024-01-01 00:00:50.120,0.9321246924144513,-0.9765438085689043,4.8247199731975,0.239771419317928,0.7687607914260841,0.5542665379050133,abnormal
2024-01-01 00:00:50.130,-1.6637819950038761,-1.122894253105295,4.1730448593632685,1.3528600544847469,-0.2005374492901279,-0.8920534190350041,abnormal
2024-01-01 00:00:50.140,0.08534027489110016,-0.7667415046921849,4.739879037957561,-0.8969355892463325,-0.08829765189461845,0.6151572726969412,abnormal
2024-01-01 00:00:50.150,-0.9765920829323165,-1.6356032349164495,5.158531432738683,-1.1543463089035717,0.9304835342170361,0.6336346105655261,abnormal
2024-01-01 00:00:50.160,1.4905604168171886,-0.2945235912464009,6.4664462669581,-0.20422433335322082,-0.11652627067880886,-0.7645800312645803,abnormal
2024-01-01 00:00:50.170,1.895344538399507,-1.3228257620244683,5.910086790670203,0.574670340638443,-0.7373285519314806,-0.7082860694028521,abnormal
2024-01-01 00:00:50.180,-1.2960024459331043,0.9782838788532334,4.660223495839802,-0.41238864544103315,-0.5734765929269721,-0.21971533171860644,abnormal
2024-01-01 00:00:50.190,-0.3574988421904185,-2.1248694373570736,6.695944193142058,0.3994687638252457,0.011270803805298,0.028146908293063707,abnormal
2024-01-01 00:00:50.200,-0.5666665987297588,1.6234962864878624,6.941419964979518,-0.006942530113776851,-1.1983657498782632,0.2203964211603837,abnormal
2024-01-01 00:00:50.210,-2.136566780506398,-1.7710965234490144,6.765794439470733,1.3967839810038094,1.6620649305006399,-0.008650919063401019,abnormal
2024-01-01 00:00:50.220,-1.7232739702234632,0.5285437750113609,6.236972060784368,-0.4689915569749467,-0.2935529677035478,0.12893295487153486,abnormal
2024-01-01 00:00:50.230,-1.100305717061701,-1.3926988852454656,7.934641148852309,-0.6217863131119029,0.8643249402891768,-0.07164597440275652,abnormal
2024-01-01 00:00:50.240,-1.1169932445737134,0.17640742141192575,7.817969599299779,-0.2675027980590708,1.336341341199501,-0.7200066703990355,abnormal
2024-01-01 00:00:50.250,1.2216336271546981,0.5294829042640299,6.064999127294447,-0.22731102045958163,0.30621044858269425,-0.2889144704573266,abnormal
2024-01-01 00:00:50.260,2.6677563473949295,-0.6642585780341049,7.108257896182126,-0.5751429634311078,-0.8346561040167758,-0.5070349776518536,abnormal
2024-01-01 00:00:50.270,-0.7119061409195953,-1.8197657578310846,8.122529797919801,0.32282284490306684,0.09933602806610616,-0.00514286762569188,abnormal
2024-01-01 00:00:50.280,0.9866943286014568,-1.7152123370781245,7.626062222588302,0.4432690280362918,0.6251957759714445,-1.169373540517832,abnormal
2024-01-01 00:00:50.290,-0.798599946520067,0.11009382962494661,6.7279526128703315,-0.5239330942674617,2.2907810711650947,0.1622624273543438,abnormal
2024-01-01 00:00:50.300,0.41788934107124237,-0.5060881915359943,8.225638215399892,1.4500397864580052,0.8942472417443327,0.5357720116651679,abnormal
2024-01-01 00:00:50.310,-0.24673205214282162,0.368900497751157,6.673693959868127,-0.840226380659376,-1.0821613700963317,0.722481145025698,abnormal
2024-01-01 00:00:50.320,-1.194207320663326,2.896759073606052,6.6766911958753905,0.9575034939728,-0.7368663735545213,0.2680948700212588,abnormal
2024-01-01 00:00:50.330,-0.1318952323594578,-0.018350040949162313,4.506902507183977,0.1694817541231827,-0.05062675684072184,0.36779987392429025,abnormal
2024-01-01 00:00:50.340,-0.6599613635962104,-2.3921904441537727,6.2510092713968515,2.0119038740320523,-0.1338511074578155,-0.0024512336541364344,abnormal
2024-01-01 00:00:50.350,0.4814995600141402,0.803468486223536,5.497784082538923,-0.006006566890540422,0.04689111012364734,0.2807311775568457,abnormal
2024-01-01 00:00:50.360,-1.293278932818067,0.538536417814628,4.703025112004062,1.6566032630866023,-2.213731568328461,-0.05213353587775401,abnormal
2024-01-01 00:00:50.370,1.5116326075568958,0.04799460435705006,6.155400861061217,-0.21908670888607423,0.8094177186247756,-0.35244581482974346,abnormal
2024-01-01 00:00:50.380,-0.6147740308398779,0.656983788578649,5.7472959195164455,-1.3696794250837077,-0.5149555188340907,-0.5595315843297973,abnormal
2024-01-01 00:00:50.390,-1.1301973367765095,-0.6291186827567103,4.066517300077173,1.1970025847189991,0.42130210972749366,0.3976620223198367,abnormal
2024-01-01 00:00:50.400,-1.023630170433276,-1.9684425087364492,3.6335214406222565,-0.43335226698464446,-0.6510458554875452,-0.4726786018123026,abnormal
2024-01-01 00:00:50.410,1.2250091026751229,1.3531236354843716,4.412270173255504,0.4102554317491614,2.098619761822977,-0.002833971365892754,abnormal
2024-01-01 00:00:50.420,-1.5108538396227313,-1.1107749567322827,3.9909269954150393,0.8522405914803414,-0.06340075101346418,-0.41051672543045886,abnormal
2024-01-01 00:00:50.430,0.04051134768840609,-1.3423156152050166,2.233200329855772,1.4923489212691454,1.0752675205341713,-0.3918354619154446,abnormal
2024-01-01 00:00:50.440,0.7230014969869388,0.17158689596952545,3.0867958824070674,0.32294262740556784,2.3023830356529453,0.47194065724638895,abnormal
2024-01-01 00:00:50.450,0.376931992872429,-1.377813128388704,2.8476593947398827,-0.3470841157388862,-0.60761478478301,0.5503659430195458,abnormal
2024-01-01 00:00:50.460,1.2061838465034225,0.5914342943872337,1.7864647582977928,-0.5423128779348497,0.6101987292659464,0.32658039584672416,abnormal
2024-01-01 00:00:50.470,2.3987515451547017,0.7098099182489745,1.2512788473785807,0.745289408827938,0.2949019883746727,-0.7844955210266927,abnormal
2024-01-01 00:00:50.480,-1.7453237565856141,-1.2768391177143779,1.3580552481331747,0.7263519982831272,0.36457525578077854,-0.012333664804196523,abnormal
2024-01-01 00:00:50.490,1.9760680736052176,-1.3300839356395087,-0.6275155205313416,-0.574598138100507,-0.8300306362969481,-0.43900664601863354,abnormal
2024-01-01 00:00:50.500,1.0726850385403728,-0.6977342306102418,0.376002921777343,0.7275478056211891,0.39347896345882133,-0.14853071053689743,abnormal
2024-01-01 00:00:50.510,-0.8938523506993233,-0.30631889058942235,0.13920351714959334,1.2143085762152739,0.3057406336231152,-0.4957652386795951,abnormal
2024-01-01 00:00:50.520,-2.0540698857216713,1.5606755852958345,1.0377666175020934,0.8629807849032989,0.15638122579489444,0.1261383081078452,abnormal
2024-01-01 00:00:50.530,-0.3866760031507405,-2.6380821322177606,1.366602722918715,-0.1975594650179592,0.1864986902232524,0.671076494607694,abnormal
2024-01-01 00:00:50.540,-1.55636059136057,-0.1610496606647822,2.4562568895910912,-0.5178949929227944,-0.713839713982943,0.23290560778976935,abnormal
2024-01-01 00:00:50.550,-0.7248698952337944,-1.6342451035080547,1.438836864042095,0.9461898919189046,1.4911062775481156,0.6372759935264648,abnormal
2024-01-01 00:00:50.560,0.05250053273432178,0.572852687227621,2.591795218873804,1.4276972880439647,-1.562787852040714,0.26500200507856525,abnormal
2024-01-01 00:00:50.570,0.9446407493047698,-1.4456950646107658,3.0920361002192402,0.36281137985661854,0.14375788075906684,0.30338273954014844,abnormal
2024-01-01 00:00:50.580,1.6331974469447168,0.9787125645111863,3.109905392536075,0.22865717605773134,1.6989134955340708,-0.5155857672028957,abnormal
2024-01-01 00:00:50.590,0.16653152948251113,1.9548338950035224,4.149746418601717,-0.973880112974275,1.8829074003877744,-0.7386843100346165,abnormal
2024-01-01 00:00:50.600,0.5923177906107961,-0.22554229044316879,5.207333363255777,-0.7085905109247549,-0.5506849551544206,-0.2881813025982441,abnormal
2024-01-01 00:00:50.610,-0.04649349835402767,-0.6266506086800956,4.15213655938306,-0.7764420081466469,-1.1802444039812205,-0.608851986981039,abnormal
2024-01-01 00:00:50.620,1.4579933254925164,0.10259892435848945,4.314819620482553,0.07591123580969457,-0.47175948262493117,-0.13962607974903118,abnormal
2024-01-01 00:00:50.630,-0.11194860816004722,-0.7795012885260418,5.951432727823243,0.037086776018897864,0.9894263252536362,0.6709146531688708,abnormal
2024-01-01 00:00:50.640,-0.21471701817580666,0.6151722650712119,5.80694519668161,0.0489113640751429,0.14064251533505545,0.600738907751381,abnormal
2024-01-01 00:00:50.650,-0.3940391831930841,1.818475562597414,5.26559447860656,-0.7426705054915622,0.14273785311882212,0.05151173077917423,abnormal
2024-01-01 00:00:50.660,-0.8656303890974669,-0.5510356480189919,6.0064489032510116,-0.1236927119589325,0.01152427535979306,0.7367907276385599,abnormal
2024-01-01 00:00:50.670,0.9983817464693144,0.880244594563676,6.191602871843357,0.16715578927903738,-0.305562726083216,-0.561820166424815,abnormal
2024-01-01 00:00:50.680,-1.4532788467774416,-0.9730821905769904,5.806584253898153,0.7345763372878629,1.628429983375315,-0.7304078054513896,abnormal
2024-01-01 00:00:50.690,0.06508176928430978,0.7702289107030508,6.43984164769072,-0.6114562437349806,-0.35668398348109404,-0.7850243766638376,abnormal
2024-01-01 00:00:50.700,1.2768258369375254,1.7301693000767513,7.529869311504236,-0.0019489361862623175,0.9822027796316718,0.3626414976373305,abnormal
2024-01-01 00:00:50.710,-0.35817011589338893,-1.321082015812997,6.422037887890568,0.046884364123763435,0.8444223658039969,0.2099234552606263,abnormal
2024-01-01 00:00:50.720,-1.1838187123045942,0.7111711152158067,6.753062890592319,0.1854406004882212,1.6527656773409467,-0.30469376469636367,abnormal
2024-01-01 00:00:50.730,0.3737543762051981,-2.4280880981090123,5.905976408339589,2.0067302779625202,0.40264003991184094,-0.4978171712312387,abnormal
2024-01-01 00:00:50.740,2.0264657259137486,1.0664849964786545,6.53331771242666,1.511173308838111,0.014108360730335947,0.4239136942705449,abnormal
2024-01-01 00:00:50.750,-0.005726357248922599,-1.7789764168234607,6.795591209048596,-0.6346499717059301,0.5043832902800535,0.3111495447593002,abnormal
2024-01-01 00:00:50.760,0.4201577463697793,1.7557827171921556,6.095212046553545,-0.18555297333692986,-0.5670635429425447,-0.6182030173119638,abnormal
2024-01-01 00:00:50.770,0.37083318366574713,1.3693629066841462,5.45782682561233,-0.03512138631126608,-0.7869681183693288,0.05158544336144739,abnormal
2024-01-01 00:00:50.780,1.2431460095232083,-0.19814984716368178,6.108265737020854,-1.3407173727960562,0.004894865270602896,-0.7227730801327081,abnormal
2024-01-01 00:00:50.790,-0.9999114855505108,-0.40228960466011787,6.425290218299838,0.11234374314236412,0.44243007661577205,0.4841053523214247,abnormal
2024-01-01 00:00:50.800,-1.3965106220703232,1.7967018466316922,6.1892207863368585,-0.5055311277183662,0.09596630886576009,0.14038986971593576,abnormal
2024-01-01 00:00:50.810,-0.29329362931651537,0.5549220789679389,5.7327200670769995,0.9366300534290416,-0.6390379933912057,0.37034699297039864,abnormal
2024-01-01 00:00:50.820,-2.3280808900736902,-0.1451160202571117,6.103673056013533,-0.32640312753544104,-1.3683526960564711,0.9237393478935437,abnormal
2024-01-01 00:00:50.830,2.0750864162687783,1.4633839733845373,6.940101350190119,-1.3649272679319893,-0.5118971914004923,0.038070920991949954,abnormal
2024-01-01 00:00:50.840,1.4634318375902942,-1.1455176685637187,5.751993243973786,1.6375631439905536,-0.8222721439411345,1.0634334753560457,abnormal
2024-01-01 00:00:50.850,5.061289682044771,-1.1299928824807595,4.22030398024767,-0.13639916801103869,0.5921749487817486,-0.10470374211054563,abnormal
2024-01-01 00:00:50.860,0.2535467734245595,1.519752043941221,4.333893341470454,0.5497230213126182,-1.2208607801183928,0.3603983083881903,abnormal
2024-01-01 00:00:50.870,-0.0764387406437976,2.057689631628279,4.11395709666657,0.8184184463398254,-0.12010837687226268,0.051894546881487785,abnormal
2024-01-01 00:00:50.880,1.4006027343897667,-1.04440558259058,3.269040477955969,-0.5371238592247526,0.5104763242557295,0.4659147959499931,abnormal
2024-01-01 00:00:50.890,0.5449989075762814,-2.0945470189549544,2.8610467451187285,-0.042314720328342444,0.677137664059011,-0.6616487281729084,abnormal
2024-01-01 00:00:50.900,0.8504659361681838,0.9645545471384647,3.476734385905714,0.7928294262639355,0.2992786858226986,-0.2366792869403013,abnormal
2024-01-01 00:00:50.910,1.2286525623638491,1.9294576970011064,2.189218626567519,-1.7280235071653043,0.45723900227185693,0.22648306374370483,abnormal
2024-01-01 00:00:50.920,0.9516585407201,-0.6809482008301141,2.2555711670190353,0.3167857952644086,0.7608592411756457,-0.12923575739767973,abnormal
2024-01-01 00:00:50.930,-0.13014121216259933,-0.6350463932406039,1.9106629930947738,0.5753371314988375,-0.8882559615002578,-0.17575738608076433,abnormal
2024-01-01 00:00:50.940,-0.6893580980017172,-0.17921299756493397,0.8454533403420286,0.1749996913813145,-0.07322200817354839,0.019005685502957077,abnormal
2024-01-01 00:00:50.950,-0.055663995396819405,0.5172031698771753,1.5445402374359753,0.43741159903821947,1.0767907538778516,0.5020141801303546,abnormal
2024-01-01 00:00:50.960,-0.6158203287174551,-0.23551961908684782,1.3544771585144502,-1.1019239725770769,-0.49289991973939257,0.2714411037346879,abnormal
2024-01-01 00:00:50.970,1.5256939743707123,-1.0784312967746978,-0.4142211666175367,0.7802622909812031,-0.5228757266540307,-0.18998561122013805,abnormal
2024-01-01 00:00:50.980,0.3382156077567592,1.3209517578476095,1.4823342748961816,0.7765132041584498,0.10522858203787548,-0.29826535949010147,abnormal
2024-01-01 00:00:50.990,-0.5689828983345822,0.4796760421631442,-0.021701539076764087,0.03345004749417874,-0.8239028185568967,-0.4496225568441882,abnormal
2024-01-01 00:00:51.000,-2.5182991631125313,-0.34913851065742296,0.6464169881851235,0.5776647941364492,0.3949183281294726,0.2894241495543343,abnormal
2024-01-01 00:00:51.010,0.4278643536762177,-0.8076715815401639,1.8892489724863868,-0.5907728707798613,1.0330165666023798,-0.36904149433376776,abnormal
2024-01-01 00:00:51.020,-0.03921851285566364,0.8995671207736727,1.948097498081388,-0.5560475948561523,-1.6298676650370303,-0.23398871770849985,abnormal
2024-01-01 00:00:51.030,1.1611492084511708,0.0457372668633036,3.033973929307182,-1.2136115763716704,0.844376376660991,-0.695582629656511,abnormal
2024-01-01 00:00:51.040,2.433336622469722,-0.44878228267184067,3.5490352807666783,0.9289818869929687,1.3362417084497058,0.5132128884206326,abnormal
2024-01-01 00:00:51.050,-1.7371912398083675,-1.673972552667432,4.303713283685007,0.22354354132565282,0.6615506750006657,0.474557390221801,abnormal
2024-01-01 00:00:51.060,0.9020071597616856,0.549098613969241,4.593739987055019,-0.6578053085836859,-0.29895308310133445,-0.04880612222261545,abnormal
2024-01-01 00:00:51.070,-0.17747845196637468,0.9356444378659127,4.621857473420347,-0.4427033643808401,-0.15100912216258808,-0.5493955925111574,abnormal
2024-01-01 00:00:51.080,-0.5174795884617556,0.13132571317499048,4.469700698392265,-0.9287386726763035,-0.6050582216903485,0.08795337854197587,abnormal
2024-01-01 00:00:51.090,0.09918467544384188,-0.6673724914421588,4.501299370192871,0.02611082921544469,-0.16291952985344035,-0.0056147613982312295,abnormal
2024-01-01 00:00:51.100,0.8129945179564209,-0.18812803503173178,5.48213735920005,-1.3144046444719788,-0.282003756810469,0.6046998931851424,abnormal
2024-01-01 00:00:51.110,0.05050849069063043,0.846659863779563,5.48399969675917,-0.23848125935212783,-0.6059210897543912,0.02452085798888048,abnormal
2024-01-01 00:00:51.120,-0.12069462211453882,-0.5224931648583387,5.6544466626056575,-0.9982171625488372,0.35774444339630435,-0.34806482614731044,abnormal
2024-01-01 00:00:51.130,0.1569310219924874,-1.3110129574492329,5.90838699940594,0.04026789532129568,0.6256879473598163,0.03324028996524974,abnormal
2024-01-01 00:00:51.140,1.9113260800115717,0.43598210255334996,5.1197101317941165,-1.6627947623613442,-0.45862764468452727,0.4036598711134599,abnormal
2024-01-01 00:00:51.150,-1.6844142631480554,-1.12670482639496,6.447906129260168,0.8205398326682058,0.10562858718986586,-0.9253141310220718,abnormal
2024-01-01 00:00:51.160,-1.9133002823460807,-0.45236757114748,6.919749089632862,1.516613557400018,-0.5547061839608238,0.2206493106902395,abnormal
2024-01-01 00:00:51.170,-1.21424343854968,-0.06642390318370195,6.991227022099489,-0.6575407837579872,0.5629131694748432,0.07742561559210413,abnormal
2024-01-01 00:00:51.180,1.8900793182805002,-2.945575864715656,6.982111132941866,-0.822775043394207,-0.14344103383533519,0.6663248243087065,abnormal
2024-01-01 00:00:51.190,-2.1942650145349076,-1.2027381992636286,6.337495979016344,-0.6103108159563305,-0.2886754781944586,0.3232543650854441,abnormal
2024-01-01 00:00:51.200,0.05471944457937304,1.4355893739252499,6.649906782355132,0.17819707140309238,-1.4757543864303009,-0.1108152535094877,abnormal
2024-01-01 00:00:51.210,0.2648487581994636,-0.025266542225293166,6.755096325442952,1.0294031907994368,1.2166840214546757,-0.23472500440178928,abnormal
2024-01-01 00:00:51.220,0.05540522162155109,0.8301470248369128,6.813097389062103,-1.4258771548523463,-1.7398374734632707,-0.0259708056566912,abnormal
2024-01-01 00:00:51.230,0.48720425263894074,-2.2425096902510684,6.312452529830871,0.5478028628131832,0.6692890626500773,-0.00799292250717291,abnormal
2024-01-01 00:00:51.240,-1.5330936019822226,-2.3692221430820837,6.546640800080602,-0.0944893700858653,0.9562968181523644,0.0070653545477046414,abnormal
2024-01-01 00:00:51.250,1.4885300645670638,-2.0202500119280224,6.360700212386496,-0.7766582537989634,-1.1168840076394744,-0.7551709269506124,abnormal
2024-01-01 00:00:51.260,-0.4983332178899458,-0.12344977889807043,6.482319932187549,0.11040552344213042,1.3343255673313916,-0.46822674908479295,abnormal
2024-01-01 00:00:51.270,1.095352618657324,-0.49278465127178844,6.369608959203006,0.6001727904828029,-1.6207608700272242,0.7153622902141159,abnormal
2024-01-01 00:00:51.280,-2.036842680962381,-1.1827511734869423,6.4002194264159185,0.4438300439199648,0.24143584458570508,0.07451309715949997,abnormal
2024-01-01 00:00:51.290,-0.5782811218546001,0.6272495141454194,6.664849868176784,-1.0007255977640641,0.0913964760773635,0.31172403367039464,abnormal
2024-01-01 00:00:51.300,-1.0031674457789246,0.35215495627360904,5.922794565116595,-0.8449278119721688,0.11511743072914474,0.32966247738787513,abnormal
2024-01-01 00:00:51.310,0.10957344735660655,-0.04587885918077244,5.43185320747514,0.856485732838038,-0.6674875734879078,-0.5440508318566672,abnormal
2024-01-01 00:00:51.320,-2.8190903378815446,-0.3278829520072551,4.580917814926487,0.005849228644738473,-0.11585600603167247,0.6109950760675319,abnormal
2024-01-01 00:00:51.330,-2.102720242579474,2.1059783216955323,4.210121456010902,0.32883154165969486,-1.180011239407237,-0.359885148894971,abnormal
2024-01-01 00:00:51.340,1.6717178038653442,-1.8902928913193722,4.8135307183676845,1.531262959744952,-2.8459899373458315,0.17977490872459842,abnormal
2024-01-01 00:00:51.350,-0.9209179867351946,0.537725420919706,5.01231536206088,0.10610767176577729,-0.5299493180704833,-0.47848270841305585,abnormal
2024-01-01 00:00:51.360,-1.0462508888640294,-1.576137024135615,4.230104111517055,-0.7380992026653717,-1.0876872879392867,-0.7714516245814937,abnormal
2024-01-01 00:00:51.370,-1.852989328947643,-1.103202948419099,3.954358727130481,-0.021367229852466776,0.4733578902804296,0.42463600859694395,abnormal
2024-01-01 00:00:51.380,-1.1309633288210703,-0.36730429406389464,3.8474230930790756,-0.5704766177558266,1.0125847759094075,1.312957448530194,abnormal
2024-01-01 00:00:51.390,-0.5826975745229359,1.6843794393128484,2.935899078466713,-0.09314082576940436,0.6088393190327422,0.4451116660683489,abnormal
2024-01-01 00:00:51.400,0.26453729474838417,-0.3162343907520531,1.7546535222635369,-0.7359623321568222,-1.5280845297131949,-0.03219517859106755,abnormal
2024-01-01 00:00:51.410,1.1079240577306524,-1.2158922822469798,0.966331844032979,-0.5736307429384369,0.33502255378432966,1.1158578198814735,abnormal
2024-01-01 00:00:51.420,-0.69383305829135,1.525377041279149,1.105111137598749,1.0821533134395327,-0.2985519677958522,-0.3434833566408308,abnormal
2024-01-01 00:00:51.430,-0.497160322032119,0.0029565569950312964,0.37630667834785025,0.14387068299928052,0.37871836892744737,1.049182467912721,abnormal
2024-01-01 00:00:51.440,-0.7088201935553645,-0.23235788690661086,0.5244543219453557,-0.8969134478504482,0.5293716130673212,-0.07768438056589788,abnormal
2024-01-01 00:00:51.450,0.9815553958671933,-1.2375453790770135,1.3006781702430816,-0.2788804360431976,-1.5860452931843676,-0.17846478374962463,abnormal
2024-01-01 00:00:51.460,0.7937068376553656,-1.4500541263095776,0.29286573645869174,-0.8887009113996415,1.0043279516891492,-0.5554326797671174,abnormal
2024-01-01 00:00:51.470,0.6969930645368301,-1.3066674845695858,0.709698418271041,0.7319897774122937,-0.9386230420798549,-0.6153976866449169,abnormal
2024-01-01 00:00:51.480,-0.3647699708333153,-1.0600660553186148,0.9898273436429271,0.8623567091271239,-1.007904319051923,0.0857108759020518,abnormal
2024-01-01 00:00:51.490,1.8135872130328023,1.2649649625874335,2.5026444144790885,2.234549585387981,1.5989984150137297,0.760457509846914,abnormal
2024-01-01 00:00:51.500,1.1694951529097612,0.6149765552828979,2.0757038380514548,-0.19964909346837192,-1.173686796032213,-0.45727474544111196,abnormal
2024-01-01 00:00:51.510,-0.5252948375939641,0.7333043932402901,3.1120053960003564,-0.16975064200126183,-0.9230647840558721,-0.3764997219039053,abnormal
2024-01-01 00:00:51.520,-1.27171335380573,0.1940228453741782,3.52604866593881,-0.5681365972538948,-0.02707183692790016,-0.9776803682903695,abnormal
2024-01-01 00:00:51.530,-0.6902616443896303,0.7057954319975382,2.9436862626727196,0.2009312715457482,0.6906228159273924,0.0023053950803036322,abnormal
2024-01-01 00:00:51.540,0.02334284234569747,-2.079999463983759,4.699221047591324,-0.8960369981406819,-0.5282113195575566,1.9585518974547214,abnormal
2024-01-01 00:00:51.550,0.8913684305899032,0.8851403477136673,3.8568969126535224,1.6976767275766993,1.1392317642140009,-0.026441090550966686,abnormal
2024-01-01 00:00:51.560,1.0052815872428056,-0.42479030645386917,4.973298436159612,0.5542345815615007,0.630358930209076,-0.4397681155651957,abnormal
2024-01-01 00:00:51.570,-0.6183114633362751,-0.0884625033485618,5.5316610661399,0.6814475308662685,1.0458170874134332,-0.28096811593990034,abnormal
2024-01-01 00:00:51.580,-1.487867408075223,0.34643098476442963,4.563332520029071,0.0903447403151511,0.8292662405550133,-0.14547411729402512,abnormal
2024-01-01 00:00:51.590,0.18520575575391227,0.7453723057573315,5.3748522896109465,0.10084305010809985,0.8439851166458155,0.3477844326070904,abnormal
2024-01-01 00:00:51.600,0.30513576225278294,0.39010415429050127,6.480773396239587,-0.3273317927107761,-0.6103535533662576,-0.39151087026550674,abnormal
2024-01-01 00:00:51.610,0.9741756840271742,0.1303969658873589,6.044042591302334,-0.018912616617900505,0.7818048892068996,0.0621194472508034,abnormal
2024-01-01 00:00:51.620,-0.24858288972255876,-1.220455301254055,5.4720168441286035,0.004561295763670315,0.0907432646319078,-0.44244273212807633,abnormal
2024-01-01 00:00:51.630,-0.11112385828902349,-2.5749520380780573,6.320807910241614,-0.6267050488703894,1.3480112988749366,-0.047185691117001424,abnormal
2024-01-01 00:00:51.640,-0.09760889053648167,-1.551118926625063,7.111129952293225,-0.13880247621549965,-0.9860939890207983,0.36938805562990545,abnormal
2024-01-01 00:00:51.650,-1.1129556307942603,3.4609085425070116,6.760077576993111,-0.1401544317447474,-1.0976745700135702,0.07248596953955089,abnormal
2024-01-01 00:00:51.660,-0.5749164105663517,0.05997748858164216,7.361968037975964,0.49814585885286095,0.7073535881358194,0.8122310052219874,abnormal
2024-01-01 00:00:51.670,0.07107417296543221,-0.3738677203800776,6.184821510348302,-0.15426964793451015,-0.9334851186834099,0.2997399642900201,abnormal
2024-01-01 00:00:51.680,0.08265445456512632,0.7271838690237753,7.665663979515146,-0.36405565040385107,0.5630357712300712,0.12797645261174898,abnormal
2024-01-01 00:00:51.690,2.3719290222834815,0.4467250290337571,7.058641191852116,-1.470772515811965,-0.7039233281964831,-0.2095348244529077,abnormal
2024-01-01 00:00:51.700,0.8909076594507875,0.5809132221631582,6.333843477160275,0.7634288433226305,0.8934334605257481,-0.8761977613856823,abnormal
2024-01-01 00:00:51.710,-1.1919289191182043,1.4483210268876412,6.992895329270382,2.259670099841133,-0.21738052738870844,-0.09498012401707313,abnormal
2024-01-01 00:00:51.720,-1.4024621886956352,0.5057354709148629,5.035876668770419,-1.1195845898649213,1.002076200314732,-0.18145268988957775,abnormal
2024-01-01 00:00:51.730,-1.3343551839679328,0.2594324921907722,6.2896442301565205,-1.4494764261570958,0.4329499280353176,-0.5606328419992398,abnormal
2024-01-01 00:00:51.740,0.8547829875921362,-0.16609553325174298,6.44857405718356,-1.5970991345994796,0.01391764075419824,-0.27876510412560895,abnormal
2024-01-01 00:00:51.750,-0.40468871858005245,-0.2050629445249405,6.330029549521047,0.8778997795785952,0.7938773075053099,-0.20768891605362147,abnormal
2024-01-01 00:00:51.760,-0.20414660596679265,3.5695259926271588,6.156726679992177,-0.9537808629251755,-0.20725473025172106,-0.8304908537861032,abnormal
2024-01-01 00:00:51.770,0.1900793057223029,-1.7005214383867926,5.843151229133283,-1.6138389520997618,-0.7998890668098915,0.6916001863645385,abnormal
2024-01-01 00:00:51.780,-0.7332244422817704,-0.7733255466882828,4.864746809132714,-0.3287921688853232,1.7029910814917923,0.608973536689546,abnormal
2024-01-01 00:00:51.790,1.066042223331498,-0.08601281341209283,5.442148513765651,0.5555302372905062,0.7198208311234905,0.4304195913078331,abnormal
2024-01-01 00:00:51.800,0.025036641125492847,1.983382253897203,5.245309894551743,0.5974190037982751,0.658915685616057,0.45992895907761716,abnormal
2024-01-01 00:00:51.810,-1.667148099473519,-1.7760371847373015,4.106939855716714,0.0026057432879477635,0.6968036007711476,0.8514406139721419,abnormal
2024-01-01 00:00:51.820,-0.11495761704419902,-2.3885598477674925,3.690300587226604,0.8637752773134059,-1.8485268964841313,0.592138215582032,abnormal
2024-01-01 00:00:51.830,-0.4536874366412277,-1.0839259804289956,3.3896914611732787,-1.6743625634301276,0.09646711304035165,0.3285258203300557,abnormal
2024-01-01 00:00:51.840,0.6208286393966285,1.1866619942603358,3.4473082130045634,0.22659845920055677,-0.6939494867734445,-0.6081391184103386,abnormal
2024-01-01 00:00:51.850,0.6162399643983846,0.881940489680998,2.638468517539579,-0.08545330869664712,0.3584357298534444,1.07090297483557,abnormal
2024-01-01 00:00:51.860,-0.33065819273366065,1.4674168882684524,1.448395519991259,1.3294708193583382,0.35549127451782087,-0.07775214860516155,abnormal
2024-01-01 00:00:51.870,1.8012170416061961,-0.03879298126693593,2.388031568178813,-1.0749519181701417,-1.333265574309166,-0.45138368795660394,abnormal
2024-01-01 00:00:51.880,-0.8090814257713225,-0.14764550431092482,0.6152168981314993,2.229644201093387,0.9291456023380004,-0.6565022333488516,abnormal
2024-01-01 00:00:51.890,-1.1852896029639317,0.6190454868596381,0.3850979207356049,0.6913293305025766,-0.014505594535679742,0.882688625119044,abnormal
2024-01-01 00:00:51.900,0.3646540617800821,1.3024781413488122,0.3444965855578726,-0.1739283600762925,-1.0957964256869313,-0.4144049605114397,abnormal
2024-01-01 00:00:51.910,-1.394641602171274,-1.1547424174872858,0.07893268481263607,1.2194381805853218,-0.1301929823680704,-0.37589870594814945,abnormal
2024-01-01 00:00:51.920,-1.1838932707447896,-1.2740826395569342,0.5197377445117118,-0.33534254040364436,0.04229640633633107,-0.08830079039331955,abnormal
2024-01-01 00:00:51.930,-0.6791199965173244,-0.11194899439688367,-0.23360728127081876,-0.12437734565723675,-0.9037207082610843,0.4349328848424389,abnormal
2024-01-01 00:00:51.940,-0.7059299622925734,0.32007250985865254,0.944202129103281,1.0107169520150436,-1.3685329590019686,-0.9141124115084583,abnormal
2024-01-01 00:00:51.950,0.33175976158875337,1.2573381880695595,1.8347242955370735,0.34728655633134736,0.08445379909645731,0.04349830363872745,abnormal
2024-01-01 00:00:51.960,-1.7982587538730026,1.1345007761314774,1.359030270479435,-1.411579699152097,-1.0638032367572288,-0.6866173949321677,abnormal
2024-01-01 00:00:51.970,0.3549336071965775,0.07023344034290753,2.8990763846427297,1.6736028898288422,-0.9563994955974329,0.3393822220967998,abnormal
2024-01-01 00:00:51.980,0.7092545621073075,0.44045152348080624,2.1316073530594344,-0.05000263420226797,-1.008297018563799,0.9712622012709499,abnormal
2024-01-01 00:00:51.990,0.5921274431172994,-0.43855001253056825,3.275015901990169,0.2647785140362739,-1.7607065147796679,-0.5674459631937273,abnormal
2024-01-01 00:00:52.000,2.267809567840531,1.1762833527652221,3.554226992720214,-0.08415415639898437,-1.420362569593429,0.045742249121088735,abnormal
2024-01-01 00:00:52.010,1.9286735482419965,-0.6464628133296946,3.537919408982115,0.24141822944484692,0.45489762123122757,1.1684528978506257,abnormal
2024-01-01 00:00:52.020,-1.023701507782801,-0.5122242332957976,4.4878252157681375,0.15616910930542158,1.0632956051452327,-1.0185826923958305,abnormal
2024-01-01 00:00:52.030,0.16209805369002753,0.12388093827242072,4.884270893680979,0.45548919024198514,0.0913420824441926,0.14934701670627054,abnormal
2024-01-01 00:00:52.040,-0.38277004690852695,-0.6485163788418228,5.815862507445862,-0.1507308965732736,-0.6319527250840494,-0.4658102866489389,abnormal
2024-01-01 00:00:52.050,0.8489422207527826,0.5426877662308527,5.140946645886939,0.7919261437974788,0.09621260395568598,-0.369237271249886,abnormal
2024-01-01 00:00:52.060,0.1674528617972423,-0.38080687548684783,4.867188316674595,-0.17599988860963894,-1.643667278296745,-0.21562627760418948,abnormal
2024-01-01 00:00:52.070,1.2490066476917032,-0.19970335381425097,6.505700617475227,-0.4557371042322883,-0.26057687482510467,-0.22691905852132405,abnormal
2024-01-01 00:00:52.080,-0.22542563215754158,-0.35623771968822027,6.972119583441882,-1.8613519183469767,0.7166791177438457,0.017810896725298224,abnormal
2024-01-01 00:00:52.090,2.3851529474922253,-0.05369472219385719,7.298873332797947,-0.8829123406568334,-0.1044415156556328,-0.13055016706741676,abnormal
2024-01-01 00:00:52.100,-0.15572146624120012,-1.6359227977293294,7.943030979960413,0.2092597843282161,0.4337467475490529,-0.46658571363932255,abnormal
2024-01-01 00:00:52.110,-0.25023295209922425,2.375127970342865,5.898100178379855,1.5932831978490112,0.12757833760989962,-0.0025575524989901264,abnormal
2024-01-01 00:00:52.120,0.3494513875314257,0.8997185252169355,6.660248188071144,0.8383625553258818,-0.8776809302479134,-0.014211058821455236,abnormal
2024-01-01 00:00:52.130,1.2299389019001248,-1.8458548519335134,7.604192693529181,-0.777059591656684,-0.5746024903914394,0.03870741638196273,abnormal
2024-01-01 00:00:52.140,-0.433905849228593,1.360021768587567,6.423578532225999,0.25189911639416745,0.22714299527113163,0.5867243642081024,abnormal
2024-01-01 00:00:52.150,0.5697235972508443,2.2044829209860266,5.522209244137396,-0.6669190486317198,0.9633807232513638,0.6129693137605933,abnormal
2024-01-01 00:00:52.160,-0.962544953595042,1.5786256524207103,7.185936720282175,-1.3937304487752717,1.0743144558399311,-0.04880925851843647,abnormal
2024-01-01 00:00:52.170,0.12361085127145328,-1.4100892132148766,7.230318756714972,0.1583133982142307,-1.1525149767790455,0.09727380643036825,abnormal
2024-01-01 00:00:52.180,1.0418183686470917,-1.9087083611013127,6.463233856215851,-0.21006444162973098,0.8220288121447487,0.9876305476203074,abnormal
2024-01-01 00:00:52.190,-0.5435553424808252,0.5267394795744569,6.4557661371369655,0.9573563782561288,-0.002801309685138831,-0.1447097592346348,abnormal
2024-01-01 00:00:52.200,1.0525994619748031,0.6760026417868801,5.883854981148948,-1.393901597006132,-0.07850525733752868,-1.0662176419601956,abnormal
2024-01-01 00:00:52.210,0.8653844545295386,-0.41202590243498044,7.35200103195397,0.5417220953306072,1.0984167508045204,-0.05824648490898914,abnormal
2024-01-01 00:00:52.220,0.45118280735491284,-0.6212480615910851,6.740524636320834,0.7186205500747475,-0.5929237690819438,0.7680538488950108,abnormal
2024-01-01 00:00:52.230,0.814050878661024,1.2585537374438547,5.639270068720466,0.6135620105768765,2.553954702355317,-0.5937797552190303,abnormal
2024-01-01 00:00:52.240,-0.4537700328280286,-0.4510726741043989,6.412905801216312,-0.2331978005265345,-0.44008749874559594,0.11343064252117464,abnormal
2024-01-01 00:00:52.250,-0.040601700465619846,0.3506163062907201,6.451012881157723,1.0373918304322878,0.3534566418190254,-0.8981780609966262,abnormal
2024-01-01 00:00:52.260,-2.005314398457714,1.1353491724152196,5.512014013977343,-0.021896877036596707,-0.9109099920630794,0.7152561117581212,abnormal
2024-01-01 00:00:52.270,0.24497829551093706,2.4007563062024992,4.199269885853297,-1.0975290668842408,-0.07360691889676946,0.023168931413383987,abnormal
2024-01-01 00:00:52.280,-1.3892289867874343,0.10681480280997002,4.078603580833371,-0.09934407294532632,-0.5981026644437993,-0.3686850119694413,abnormal
2024-01-01 00:00:52.290,-2.5752393097737203,1.8292916552873253,3.3950577294092055,0.7423445806154937,0.7370409405359181,-0.5657694676846292,abnormal
2024-01-01 00:00:52.300,1.3395327151537944,0.006581402550448743,3.6646084068417557,0.7358613390143673,1.2900111952449063,-0.7186995307706018,abnormal
2024-01-01 00:00:52.310,-0.11696898701248745,-0.8845373667861688,3.3685715068371196,-0.81277761468583,1.1410447691734,0.5903471734118639,abnormal
2024-01-01 00:00:52.320,-1.9606803136767026,0.13336779840810756,3.212245067192206,0.013046202476355132,1.2704677994002838,-1.4559653894812716,abnormal
2024-01-01 00:00:52.330,1.0266953561046852,-0.10323066034082666,2.8770372645326407,1.1153959030446927,-0.7446133313363938,-0.591118308160411,abnormal
2024-01-01 00:00:52.340,-1.118741774772754,0.10736714256551602,3.1146127545864015,0.7615929617106235,-0.3682145743404652,-0.36322308189321995,abnormal
2024-01-01 00:00:52.350,1.7957479980218303,-2.1501553213676545,1.974537966131533,-0.1304441187247584,-0.6696231833189961,-0.2093714007845809,abnormal
2024-01-01 00:00:52.360,-0.045018738107118796,-0.15328130826550415,2.1236167620205535,0.788252666079888,0.026576511684367317,0.19183874718326335,abnormal
2024-01-01 00:00:52.370,0.021081248148848337,0.08907094728818804,0.8680426753425957,-0.10382683867974155,0.34098775018186184,-0.31847909273905967,abnormal
2024-01-01 00:00:52.380,-1.0433928015272147,-0.6139944795025397,0.6301429828476937,0.6436908068677273,-0.9623684726523501,-0.6096788829568692,abnormal
2024-01-01 00:00:52.390,-1.8378804941817803,0.2752609241061651,0.4860045714623302,0.541786115391044,0.8401084758936448,-0.18465443038157034,abnormal
2024-01-01 00:00:52.400,-1.133942561453765,1.163841966629466,0.9782515289271891,-0.2796923776964684,1.6711911226043583,0.03749446218376018,abnormal
2024-01-01 00:00:52.410,-0.7724777065312772,0.8543753704553757,-0.06653907612705567,-1.5816414713725466,0.5889161841921854,0.5878245477075142,abnormal
2024-01-01 00:00:52.420,2.9649942219738232,1.9391912843451993,2.0322118795514137,-1.520154073138,0.6140497481210164,-0.4904808121697966,abnormal
2024-01-01 00:00:52.430,-1.1570804038538647,2.3291750887619576,2.447540850155079,-0.18333141032332673,0.41903902336648086,-0.3960848824494113,abnormal
2024-01-01 00:00:52.440,1.4992226846288321,-0.7579399776462815,3.2255700060002948,-0.3610274293165972,0.14470884735147196,0.4563360134840632,abnormal
2024-01-01 00:00:52.450,0.9132489060481209,0.9073265496936684,3.459661169040347,0.017029914375786007,0.45778137126837326,-0.7343452668930069,abnormal
2024-01-01 00:00:52.460,1.3418572000809628,-0.1311943506066727,3.2764699015052305,0.7004073084739011,0.6596800312046887,1.0303647477017468,abnormal
2024-01-01 00:00:52.470,0.32829587422713846,-0.06290145139959637,5.338318720160934,0.8052960811140094,-0.8947986152946801,0.6277545779402283,abnormal
2024-01-01 00:00:52.480,1.35571213348394,-1.315976219002361,2.956681991650147,-0.09351389524763976,-1.278751159357484,-0.631885766456727,abnormal
2024-01-01 00:00:52.490,0.3555480926953652,1.2051966636389455,4.432971986731242,0.07242055051547569,-1.3459736218013056,0.12973965034667106,abnormal
2024-01-01 00:00:52.500,1.3253946833161059,0.4593180121357477,5.937868884572926,1.2989711613594006,-0.7484209628905784,0.32081926295250185,abnormal
2024-01-01 00:00:52.510,-1.6904478953072257,3.1858860090265377,5.548891395730297,-0.5378713511441275,0.8214868139093797,0.5819465926541668,abnormal
2024-01-01 00:00:52.520,-0.7105452659267847,1.07770939622967,5.639087779840667,0.9512917587364729,0.5455595851102824,0.04983487149554006,abnormal
2024-01-01 00:00:52.530,-0.45691617519101874,0.8714649976808934,6.11093889678172,-0.5675385744885988,-0.4805502970012708,0.0674066837772756,abnormal
2024-01-01 00:00:52.540,1.2344444845041378,-0.6318097474403455,5.374033073627503,0.3484297386891582,0.6805031578517241,0.9647245952965533,abnormal
2024-01-01 00:00:52.550,0.5768810343725288,0.9164576285014333,5.729288119573249,-1.2316104986567724,1.2229349626064594,0.11957924101645993,abnormal
2024-01-01 00:00:52.560,0.2744017389778692,0.7679714255734856,6.799313892320212,1.168260617238083,0.7766913469548646,-0.4092156890207549,abnormal
2024-01-01 00:00:52.570,1.7733561855956297,1.4722733273441864,7.4300719028899955,1.5751110284656553,0.39897817508802247,0.5776042577160051,abnormal
2024-01-01 00:00:52.580,0.7282435267883174,0.720750911808851,6.741514673564901,0.0848371541277106,-0.7503197496195887,-0.30401217193509367,abnormal
2024-01-01 00:00:52.590,0.27219565823880754,-2.4357896708446476,5.850683789636873,-0.06518606822916259,-0.35263682602891677,0.4923559942005065,abnormal
2024-01-01 00:00:52.600,-0.5933824722321428,0.7249740783799865,7.4372200527805665,-0.26282423111055175,-0.6313821113703042,0.6726365802911273,abnormal
2024-01-01 00:00:52.610,-0.5141547936955801,-1.1471390533358312,7.699271019461846,-0.3896560003155687,1.0378973656280672,-0.5547669626247154,abnormal
2024-01-01 00:00:52.620,0.48941954047472513,2.0184368829124457,6.816522745811217,0.4197911744239908,0.7189252051564855,-1.1646450350239568,abnormal
2024-01-01 00:00:52.630,-0.49443767815226175,-0.5017023732305503,5.607411794741818,0.29792030289097,0.1148790553428288,0.10988471516850058,abnormal
2024-01-01 00:00:52.640,-1.7530546027475207,1.4078371856631176,6.928844495466217,0.9646467617056929,0.16546948758134375,-0.5509562178253735,abnormal
2024-01-01 00:00:52.650,-1.957148248136089,0.42146941185941456,6.727560663932052,0.05061756373617585,-0.3881183173878966,0.29719743268262233,abnormal
2024-01-01 00:00:52.660,-0.47827482731062954,-0.6087422716369503,6.3749249268886246,-0.1379910764078238,0.9115800906646417,-0.21282273052629552,abnormal
2024-01-01 00:00:52.670,0.05405788102583634,0.8735073081459038,5.842039200289362,1.577532899070214,0.8088768814052597,1.0319953406579139,abnormal
2024-01-01 00:00:52.680,-1.7435457173109707,0.4884654989563918,5.908976278238264,0.018730775800155693,-0.4103332679767075,0.8249063802981319,abnormal
2024-01-01 00:00:52.690,-0.2808177910017827,0.1572934189958332,6.069446230647702,-0.18747575612032147,-0.3775949849727916,0.4155829951466656,abnormal
2024-01-01 00:00:52.700,-1.2188799650284938,-0.6282328156449873,5.814729782146753,-1.507865298374927,0.9401165297507138,-0.629930812810933,abnormal
2024-01-01 00:00:52.710,0.5513974439932282,0.05217534608716797,5.385082902083363,-1.2065135739446555,0.5341510041085167,-0.5383139952665709,abnormal
2024-01-01 00:00:52.720,0.7682511502892445,1.3815525034853187,6.437147775922821,-0.7513604525932979,-0.5234387561305082,-1.0424380904851092,abnormal
2024-01-01 00:00:52.730,1.4033305967930916,-1.9609855108374115,5.628658929605075,0.15947880949349053,0.3287726813158132,0.8970879459322245,abnormal
2024-01-01 00:00:52.740,-0.02495745015864653,1.5508227110819621,4.884011262182815,-0.18370380063703615,0.3094062495875789,0.2098122059731276,abnormal
2024-01-01 00:00:52.750,-0.5587094712147288,0.21717643115051052,4.630811225288601,-1.5976639510524628,0.47749178520024893,0.042165945909981725,abnormal
2024-01-01 00:00:52.760,1.4769777974224974,0.17279698558061257,3.7777627613547264,-0.14598114894209013,0.5331525721171428,-1.607846194180162,abnormal
2024-01-01 00:00:52.770,-0.3562830907628048,-1.0621153271277337,3.550349542380785,0.13086146814032187,-0.10121431680154612,-0.09251123783276957,abnormal
2024-01-01 00:00:52.780,1.793526908075234,-0.7567335419529038,2.7833822503715546,0.1616172959892069,-0.8864570203364204,0.6210711023493879,abnormal
2024-01-01 00:00:52.790,1.8679227428244496,-0.6965490507188014,3.8809824746495583,0.08581341618435576,0.5868181268322569,-0.8506928227867815,abnormal
2024-01-01 00:00:52.800,1.503400917312011,-0.2943591858197737,2.8381201355737176,-0.0003422253128814543,0.39119740944510006,0.32666122640021533,abnormal
2024-01-01 00:00:52.810,0.9307842830297591,-0.7331871148795511,2.115458318993151,0.43382124771194314,-2.147781571587414,0.3383730119972391,abnormal
2024-01-01 00:00:52.820,-0.5891798810546289,-0.37003273173188994,2.180478220309498,1.1089940906267297,0.16946399842661314,-0.1461327476138116,abnormal
2024-01-01 00:00:52.830,0.9546288291434717,-1.3057659215954247,1.9469698690346267,-0.6882063184635614,0.17485125658665487,0.3474340976888205,abnormal
2024-01-01 00:00:52.840,1.3175772957665053,1.0731994102720117,0.7677304604705928,-0.5382005374658289,0.6138371125851521,0.47179296371662105,abnormal
2024-01-01 00:00:52.850,0.29115694259451724,-1.097347989249579,-0.1615046765384553,0.4295182269783262,-0.44016033075306094,0.6078912612257378,abnormal
2024-01-01 00:00:52.860,1.0601820491831961,-1.2599918994847454,0.028515481212715334,-0.2614664566510843,-0.7405829685846922,-1.1737740943509212,abnormal
2024-01-01 00:00:52.870,-0.01944850195671916,-1.3125492779614631,0.8803952591350748,-1.7712218203756647,-0.496383235372521,0.387318647088234,abnormal
2024-01-01 00:00:52.880,1.5699318723282485,-0.18989349711045922,1.1863529629570466,-0.6097659532451831,-0.6224923609826754,0.19627653390437644,abnormal
2024-01-01 00:00:52.890,1.7568591280159322,0.4276416196430748,0.724864760295334,1.5607741459770725,-1.5367108799964015,0.7165986980653346,abnormal
2024-01-01 00:00:52.900,0.2987758994487953,1.0430626876194915,1.5083767396906373,-0.9011657486963359,-0.1573670550822909,-0.4570087919843734,abnormal
2024-01-01 00:00:52.910,0.7216216349432089,0.28996975555041077,2.046999715106407,-0.37408772572697996,0.8791188136743876,0.2027042277210106,abnormal
2024-01-01 00:00:52.920,0.7946535676722476,0.40268698571303085,3.176164816700945,-0.6371332646449318,-0.7254059170870589,-0.37418574292925566,abnormal
2024-01-01 00:00:52.930,-0.15642120996965905,-0.11096225171325352,2.9629675924826673,0.04603102497460263,0.44780430433477453,0.37926674478564787,abnormal
2024-01-01 00:00:52.940,-1.1304131752170365,-2.7691939139000685,3.367955647910293,0.4301079750503445,-0.5136391613740507,0.5726204368431133,abnormal
2024-01-01 00:00:52.950,-0.15171539311411364,-1.071962019890298,3.353025705053132,-0.5583907733073087,-0.8686432622406492,-0.15104559352096195,abnormal
2024-01-01 00:00:52.960,-0.9048436605466048,0.9687017950110433,4.196316261648697,1.1662162036510793,2.1135864054625344,0.6432256852135966,abnormal
2024-01-01 00:00:52.970,1.1727256361955614,-0.46475162338992637,5.077568565007849,0.9204166551684885,0.31103668744735985,-0.6210517459039623,abnormal
2024-01-01 00:00:52.980,0.5223995683674707,-2.8517111403407904,5.28972209868033,1.7864675391686224,0.8091968279329265,0.24541535594127564,abnormal
2024-01-01 00:00:52.990,1.8575058329335499,1.336849315634035,5.6140720360536305,-0.12060596647767381,-0.5897184695054654,-0.18610425621707793,abnormal
2024-01-01 00:00:53.000,-0.026250229125908443,-0.6850858675602616,5.918979735740839,-2.018900266277394,-0.2459051735950085,0.06344559535746978,abnormal
2024-01-01 00:00:53.010,-2.336355215319283,-1.1135541557007296,6.144223783229508,-0.13566415527674175,-0.9713058858997818,-0.7641982230447865,abnormal
2024-01-01 00:00:53.020,0.039694573156197496,1.052957954873514,5.830641703189471,-0.697093926225152,-0.5432883322392857,0.567735144174389,abnormal
2024-01-01 00:00:53.030,-3.1552461697659404,-1.0974225333096483,6.495601264297872,0.4714040416410327,0.4197296746463729,0.08685934571405067,abnormal
2024-01-01 00:00:53.040,1.2058964892489346,1.570865656214439,6.183593365446804,-0.4025531132315802,-0.8230832500920768,0.7722281915878845,abnormal
2024-01-01 00:00:53.050,-0.734190659779855,0.5042498902420209,6.727782893955895,0.9839901333168635,-0.6964843582118483,-0.033071752045876854,abnormal
2024-01-01 00:00:53.060,-3.185292017648186,0.05245706144034954,7.12460067348974,1.1335985061560565,-1.7632339523941338,0.03800517774784154,abnormal
2024-01-01 00:00:53.070,-0.5775403735121547,-0.7241671730720243,6.826094051865548,0.5827531812477593,-0.24988159712659244,0.4263922321731221,abnormal
2024-01-01 00:00:53.080,-1.3777160417072272,0.15143658418084444,7.318534239234423,0.3589290795054774,0.31059042781794016,0.7365159916545402,abnormal
2024-01-01 00:00:53.090,1.2271564510767279,0.48587459336086075,6.807632180268913,-1.4306558713742938,-1.9060983267702936,0.48502374228470974,abnormal
2024-01-01 00:00:53.100,-0.06425109594098632,-1.0393556768820906,7.0674197215300385,-0.1976714901166441,-0.39967911711927656,-0.051772174534171864,abnormal
2024-01-01 00:00:53.110,-1.155885881505888,0.30117645055662445,8.028388694181688,-1.2817812985580792,-0.11676575347002137,0.6252182594299596,abnormal
2024-01-01 00:00:53.120,-0.3100915595070443,1.487308423810349,6.716408725816875,2.0081631686891357,-0.016138275200312087,0.19893725555922967,abnormal
2024-01-01 00:00:53.130,0.06854345198402358,-1.6512655794710167,5.396207760896015,1.8616732396975821,-0.32895192757363634,-0.4603722269709858,abnormal
2024-01-01 00:00:53.140,-0.4294198242859159,1.2885161987930627,7.12981622808404,-0.1809443395120608,0.10022701357122975,-0.41685201748417916,abnormal
2024-01-01 00:00:53.150,0.43440808885969284,0.47325310200765225,6.58500798647068,-0.8505387661791883,0.7519284967015537,1.014308364691104,abnormal
2024-01-01 00:00:53.160,-0.17496847886267575,-0.20498406332926736,6.483234461174748,1.0667215298910595,-0.7733110136348489,-0.15167766840617727,abnormal
2024-01-01 00:00:53.170,0.43671137795052956,-0.017152256727179672,6.43194512120925,-0.8335046578496708,0.023591260497118804,0.6417778820909383,abnormal
2024-01-01 00:00:53.180,-0.6282000775526252,1.2931479359976141,5.760879804809783,0.6788172107317413,0.0945912978076455,-0.07031491736251164,abnormal
2024-01-01 00:00:53.190,-0.22852041176837923,0.484935711720628,4.385595118788042,-0.23798545569642024,0.8677967458236199,0.10047340063278809,abnormal
2024-01-01 00:00:53.200,1.8347610860315229,0.3150636080700799,5.95891959909052,-0.5926631253138974,-0.3735483110235038,-0.397923711623472,abnormal
2024-01-01 00:00:53.210,1.163155910068572,1.022496942623095,5.176990384798653,-0.2183618183407367,0.3295514010861305,0.35963960309077114,abnormal
2024-01-01 00:00:53.220,1.27674573952071,-0.9225486429538248,5.177139400377695,0.7456632316433245,0.16560982098320565,0.15922746492330078,abnormal
2024-01-01 00:00:53.230,0.6009979035651427,1.2149128056200518,3.508490804032872,-0.4690519812930631,-0.6783633052800955,-0.9743689488511772,abnormal
2024-01-01 00:00:53.240,2.0538011366744158,-2.5120588019839367,3.4491102020662248,0.49470165780106923,1.6350348869794207,-0.1331825650449138,abnormal
2024-01-01 00:00:53.250,2.425863959930431,0.8261712671200637,3.9579864350847784,-0.31123476342612366,-0.6590150901091728,-0.4004747623261484,abnormal
2024-01-01 00:00:53.260,0.9171281724799933,-2.248447373886693,2.777370184697407,-0.5015349876994024,2.180640020343549,-0.38509059686494623,abnormal
2024-01-01 00:00:53.270,1.7231182102974567,0.13521981066171923,2.3682576758008675,-0.5358211701061659,-1.0194091405461743,0.606243861545475,abnormal
2024-01-01 00:00:53.280,-0.2773309324511757,1.17847561632317,2.2141174632755085,-0.49490402191192523,-1.1087952441125668,-0.03003068698043883,abnormal
2024-01-01 00:00:53.290,-1.0614990858619342,1.0120118903610986,2.2564793413156514,-0.1506309805315445,1.6401276640582807,0.42956025214607607,abnormal
2024-01-01 00:00:53.300,-1.916490597210863,1.266895255120845,0.9778187407650356,-0.19467810623523704,-0.3055423939199591,0.09576503247231898,abnormal
2024-01-01 00:00:53.310,0.4981191672871271,0.2523370322637911,0.36594261556051066,0.10149279515197719,0.5406080754482808,-0.376717245210245,abnormal
2024-01-01 00:00:53.320,-0.7213560239662647,-1.0980493752986067,0.1282689809686685,0.9418560280955278,-0.4324808285343407,-0.1129315478773596,abnormal
2024-01-01 00:00:53.330,-0.37704487944735,-0.1862395216114697,0.7338167865491716,-0.2764209125495326,1.282872988260956,-0.5724707146984653,abnormal
2024-01-01 00:00:53.340,0.8044777162759589,1.3280302558325077,-0.15199537823542586,0.5924415453350037,1.2043281614104588,0.24201726437598828,abnormal
2024-01-01 00:00:53.350,-0.3953835345924281,-1.6506352734944434,1.1377189035419573,0.29603083528188673,0.3208731500193603,0.17852797768260453,abnormal
2024-01-01 00:00:53.360,-0.2866001698248648,-0.3547601912911134,1.8082632325315258,1.0663147030755002,0.35621132599414757,-0.3528429681630702,abnormal
2024-01-01 00:00:53.370,0.920746978128624,-0.9505658559664119,2.7459208904981303,0.4168830015244566,0.03366472685822505,0.22422825393170584,abnormal
2024-01-01 00:00:53.380,-0.7298425806198933,-1.5153564456644582,3.1162270702995913,0.4428578474850376,2.0999872840832094,0.6739565117994274,abnormal
2024-01-01 00:00:53.390,-0.9626419703949735,0.12601101306521573,2.607728813457302,1.0637220264028318,0.20634991835427352,0.2107377551156187,abnormal
2024-01-01 00:00:53.400,-1.322532387794246,2.8363748137744227,3.3323285597773435,0.6194189981466913,1.0578037808856329,0.11767819196673693,abnormal
2024-01-01 00:00:53.410,1.6766355377934972,0.7485935882930655,3.2088684342970253,0.03642646732979537,0.5602136503009387,0.131348021833932,abnormal
2024-01-01 00:00:53.420,1.0658517460682655,-1.1343975870953835,3.8650284791299185,0.9885511016680776,0.4534813429664318,-0.6435357469759089,abnormal
2024-01-01 00:00:53.430,0.03551866965730641,-0.9443674024818858,4.582062924435574,-1.2140077839662942,0.3791697511712814,0.2859550004946821,abnormal
2024-01-01 00:00:53.440,-2.161126734412365,-1.0462816493176637,4.569198826458179,-0.41211986439687887,-0.44339571775646425,0.42870134905014595,abnormal
2024-01-01 00:00:53.450,-1.083120517401622,-3.518331327686241,5.743624264183984,0.275679719964045,0.6217410249456211,0.8779005527571476,abnormal
2024-01-01 00:00:53.460,-0.10616938326715822,-2.1155789423873035,4.626217077725358,0.45469487717805646,1.168281361397856,-0.4841634314499074,abnormal
2024-01-01 00:00:53.470,0.20031851377576437,0.8883613854599395,6.470180725675096,-0.6450002860084636,-0.5165433101416744,0.7810444402387597,abnormal
2024-01-01 00:00:53.480,-0.5798843278047409,0.24676234776096123,4.892121986339477,0.7651379736718703,-0.7200650777719836,0.02084871628628195,abnormal
2024-01-01 00:00:53.490,0.1505967287932331,-0.22362832610579805,6.5620342648179495,-0.7837311038189737,-0.5815613795553445,-0.199674133693852,abnormal
2024-01-01 00:00:53.500,1.5160691275192264,-0.5166240979157989,6.589958855970115,0.48963571802321215,-0.6375986449819602,-0.9748706954858987,abnormal
2024-01-01 00:00:53.510,-1.4645934420104725,1.2007726759462514,6.455205144308249,-0.9331825141603719,0.4794129405814815,-1.1323031979201195,abnormal
2024-01-01 00:00:53.520,0.2238741001419973,-2.494462354194399,6.1255341839504185,0.6995114046138335,-1.398782048635288,-0.36578093849961374,abnormal
2024-01-01 00:00:53.530,0.5836717517427166,-0.9322926776922688,7.491959640996536,-0.8371362209159446,1.37332708377822,-0.029918915540572397,abnormal
2024-01-01 00:00:53.540,1.8095217087767488,-1.764915581113793,6.512625218632988,0.5962901466371997,-1.2927789720248275,0.310819573707554,abnormal
2024-01-01 00:00:53.550,0.8012127174059955,0.524518328212744,6.746678391919423,1.418785777062183,0.4256942268750888,-0.09832018389048415,abnormal
2024-01-01 00:00:53.560,-2.2494906408346536,0.7893394928693811,5.846168552017513,0.419886931987263,-0.27043584777945356,0.3072572310773176,abnormal
2024-01-01 00:00:53.570,1.2292357846331312,-2.061683885785439,7.305466019782223,0.3277723377841715,0.34774258701977406,-0.08919783972844965,abnormal
2024-01-01 00:00:53.580,2.202585295145886,-1.3623963658590081,6.0976428721423375,0.006338018861942199,0.8847939950283688,0.6381320400483574,abnormal
2024-01-01 00:00:53.590,-1.808001218445653,0.6769603187400455,7.364534545602414,0.05095555415254513,-0.4803777013680539,0.5592029908189377,abnormal
2024-01-01 00:00:53.600,0.6987850077170809,-0.9727082483323011,6.90130693131431,0.5526381786261765,1.2578706585525021,1.235883071670018,abnormal
2024-01-01 00:00:53.610,-2.259074893907042,-0.9970634364631606,6.550714108937046,-1.1563426547664817,-1.1144938606857355,-0.22913250768554919,abnormal
2024-01-01 00:00:53.620,0.6008003039417615,-0.6886373568335863,7.740329774325103,-0.14415532069055909,0.10003964435630137,-0.3220956725582758,abnormal
2024-01-01 00:00:53.630,3.149975340376843,0.3158704093887555,6.094708311799435,0.9163253433531215,-0.4946289005094327,0.5593827608987196,abnormal
2024-01-01 00:00:53.640,2.892315815330841,-0.40336183185537583,5.846504743356589,1.4503584360662343,-1.1179658804994532,-0.395465057862818,abnormal
2024-01-01 00:00:53.650,-2.0328725090187247,0.6849410185447615,5.993531512414498,1.0372055281783445,0.3372532499778281,-0.5944922340351187,abnormal
2024-01-01 00:00:53.660,-1.3176920579762785,-2.294284982240438,4.746679476652016,-0.7434461655528075,0.5991116188210962,0.4169544000826571,abnormal
2024-01-01 00:00:53.670,-0.08006409831293944,1.9280361568097966,5.840319143530491,-0.14442207887019048,0.3646960245453224,-0.7725827500904201,abnormal
2024-01-01 00:00:53.680,-2.8733177010943463,0.46415534251085067,4.863172162928264,1.5488813379235167,-0.3935803368422744,0.2557947614689837,abnormal
2024-01-01 00:00:53.690,1.6009333956529936,0.1879347376712102,5.198871535877543,0.5958456778310203,-0.3592362277252537,-0.1583122179650504,abnormal
2024-01-01 00:00:53.700,-1.0112907072068646,-1.077134926101736,5.305896373633219,-0.8034429832145484,-0.22548989052539872,0.5643662792620442,abnormal
2024-01-01 00:00:53.710,1.3666990512975579,-0.07626193481253384,4.141338652660402,-1.3932583767619766,0.2885160636116547,0.8172257392481215,abnormal
2024-01-01 00:00:53.720,-1.061715701558895,0.046656866711500156,3.104464712595231,-0.12391468294071957,-0.9485289058515509,-0.5711892223776412,abnormal
2024-01-01 00:00:53.730,0.8994045163828439,0.4374725191989725,3.646750073242695,-0.48588854875939574,0.8120781198457925,-0.11341941381964933,abnormal
2024-01-01 00:00:53.740,0.47009870887729893,-1.473192999791624,2.5207145764804872,0.014722485167906535,-0.8835682159377296,-0.5677105367467824,abnormal
2024-01-01 00:00:53.750,-2.4221327004791333,0.34710578762504424,1.7256582182797016,0.2832966529521514,1.4596230738270852,-0.8177377168274091,abnormal
2024-01-01 00:00:53.760,-0.706732765309973,-2.0050607325971184,1.6098539882663216,-0.5090025501192891,-1.955581543385972,0.13306609048284412,abnormal
2024-01-01 00:00:53.770,-1.0819526397569459,-0.548196475904932,1.439056637959848,0.08254148012717236,-0.3617253726794072,0.9655687012262587,abnormal
2024-01-01 00:00:53.780,-0.5992358143175358,-0.7003323451557248,1.1702305004294211,0.7573483416836051,-0.33862368083932465,-1.0571090886331689,abnormal
2024-01-01 00:00:53.790,1.3787131228754872,0.6207734683396351,0.42961245400894216,0.20677236809810814,0.40170134795352713,-0.6846796254812616,abnormal
2024-01-01 00:00:53.800,-0.8587955305884637,-0.4519513907480697,-0.27445895178142843,-0.6137794122535697,0.46573166213121,-0.41049587014002764,abnormal
2024-01-01 00:00:53.810,0.24621323712700266,1.4830779323672816,-0.6654115403880096,-1.1567854108698297,1.052730671425253,-0.6741306602261283,abnormal
2024-01-01 00:00:53.820,-0.5074707811276706,0.045288865182739176,-1.094905142361899,0.08403986170469463,0.5427622343240122,0.40977595794043387,abnormal
2024-01-01 00:00:53.830,-0.1694363512318037,0.3922077996905708,1.7075400100788425,-0.8679618969675188,2.2394645108025872,0.5324174125248626,abnormal
2024-01-01 00:00:53.840,-0.18148596850122914,-1.6357037707942597,1.8059748240117055,1.7608382577151203,0.0812795756933553,0.3264684522887546,abnormal
2024-01-01 00:00:53.850,-1.253757353045842,-0.20363292502931893,2.1204940007777973,-0.1607076695867941,0.5720062551795423,-0.4845023046888492,abnormal
2024-01-01 00:00:53.860,0.6501190199423083,-1.1152186611987316,2.752350050299296,-0.12210897173606776,0.335746312700424,-0.01742686559790671,abnormal
2024-01-01 00:00:53.870,0.3080631011420724,-0.9320765179502862,4.151788467290161,-0.22726833775068495,0.8425632645150147,0.6405032747886406,abnormal
2024-01-01 00:00:53.880,0.46042969837817516,0.18076038116808338,3.3551128921012254,0.47592752584022585,0.9937890989566457,1.072586746122796,abnormal
2024-01-01 00:00:53.890,-0.5152787697295996,0.5955400010119921,3.1128944195589647,-0.32925734726569816,0.8504895858576076,-0.15961862600089335,abnormal
2024-01-01 00:00:53.900,1.4245817270071401,0.3353518668218315,3.092789690928555,1.5554725954561812,-0.4994195550921118,0.3848290447531647,abnormal
2024-01-01 00:00:53.910,-0.9674071773516664,-0.1315246671074816,3.3512926320047045,0.4307210068723829,0.5286314331503965,-0.16926550788674122,abnormal
2024-01-01 00:00:53.920,-0.2570024577354666,0.025981697542215576,5.392085143161957,0.4141436735024897,-0.972754863060428,-0.23811749405093466,abnormal
2024-01-01 00:00:53.930,0.4753675797383746,0.4598012349309793,5.236268806482292,0.6833780911677537,0.9025981291453264,-0.4634906642526269,abnormal
2024-01-01 00:00:53.940,1.7104611360754376,0.23712260751711242,4.303529551561655,0.5603698284527963,-0.3235023707793799,0.7871996387737511,abnormal
2024-01-01 00:00:53.950,-0.9014526299737946,-0.47901006495627485,5.9808683546496795,-0.3877443008434121,0.3968365451212357,-0.7624950054886692,abnormal
2024-01-01 00:00:53.960,0.09673180590007575,-0.5545901743943074,6.732108261506059,0.4908322250089804,0.6772605674988377,-0.5386171876911923,abnormal
2024-01-01 00:00:53.970,0.23204075982462996,-0.20638166302039718,5.543135023919678,0.6074909334782899,-0.9462629572175533,1.1417122273284643,abnormal
2024-01-01 00:00:53.980,1.0882408155494732,2.2946026489513627,7.135232011384534,0.20607682251190773,-1.840621286129404,-0.16885916050836886,abnormal
2024-01-01 00:00:53.990,0.7126738044042539,0.15605267148666008,6.5410179712853855,-0.1252785101963626,0.051851778989837415,1.0552676238569774,abnormal
2024-01-01 00:00:54.000,0.9868979989547944,-0.025310138824172903,7.237595515911799,-0.7532439635986796,-1.3638641221458505,0.228872742698528,abnormal
2024-01-01 00:00:54.010,0.8662362660181534,-1.6634510633850221,7.131367593168457,0.8409912175163909,0.3723184033221069,0.34710724527750386,abnormal
2024-01-01 00:00:54.020,-1.159471200204503,2.8473618954980826,6.8204896204039365,0.07605717572011249,-0.5121359963576881,-0.48453577261223885,abnormal
2024-01-01 00:00:54.030,0.45500793553818214,0.45372382377986165,6.629651161381505,0.0660139641178295,0.1721697124114026,-0.2782774950221946,abnormal
2024-01-01 00:00:54.040,-1.9483786258967979,0.5519931791187822,6.737994914205635,-0.22914459451256775,-0.5689684323386391,-0.06336581528764301,abnormal
2024-01-01 00:00:54.050,-0.8983293822950577,-0.9361126286535024,6.563966065203095,0.5293516053635977,-0.27497083487548035,1.1820276291320582,abnormal
2024-01-01 00:00:54.060,0.7222505597162135,-0.25159420201473603,7.031176588201861,-0.06863547386874805,-0.7554677415640834,-0.2055553782941459,abnormal
2024-01-01 00:00:54.070,1.004186442172136,0.9313756662764688,7.0084196841462765,0.9447729204455233,-0.46408857379169155,-0.9018754886054592,abnormal
2024-01-01 00:00:54.080,-0.7741516212778202,-2.20826807145994,6.034593673225821,0.24577187129726907,-0.40365039171765627,-0.2831724589472896,abnormal
2024-01-01 00:00:54.090,0.182591229382739,-0.6967589290708934,6.802929221519029,-0.8018309525786887,1.0523469494849151,-0.24957153043085892,abnormal
2024-01-01 00:00:54.100,-0.5535406327015946,0.7707794983712147,6.03840107808023,0.16755094268768572,0.6597971230733118,-0.6741822220968706,abnormal
2024-01-01 00:00:54.110,0.9870726343177374,1.099254615767665,5.545765909344043,0.9454709634234278,-1.1685976210482447,-0.8056215712068483,abnormal
2024-01-01 00:00:54.120,-2.0540909894388526,-0.8119022511254548,5.9593525629394275,1.376514056585082,0.07080408606457067,1.2016381127565008,abnormal
2024-01-01 00:00:54.130,1.103499496654948,2.0761574701030323,5.3876664828565435,-0.6345324769950621,-0.38833659120535796,-0.10584464582871761,abnormal
2024-01-01 00:00:54.140,1.9608487433415915,0.2686598560899866,5.172916196769399,0.27229473941315413,0.5259871613528024,-0.040895029338856255,abnormal
2024-01-01 00:00:54.150,-0.8162630819201835,1.3557845711882408,5.861396821256828,-0.7176432462320936,-0.7843087725067381,-0.517672610176494,abnormal
2024-01-01 00:00:54.160,-0.8499833923604921,-1.3570331779748164,4.520899660885508,0.008170689456036025,1.1570287537041781,0.22825579493164688,abnormal
2024-01-01 00:00:54.170,-1.572841039573654,0.5726827673430496,3.532896152875662,-0.16736582631542957,2.5494730319004684,-1.396179899086253,abnormal
2024-01-01 00:00:54.180,0.3892806236889834,-0.6456499140924695,4.791593435492,1.454678875057726,-0.40680682199233054,0.4239421303872266,abnormal
2024-01-01 00:00:54.190,0.18358800916530285,-1.5819878987874487,3.3560356652489025,1.1044731724103545,0.02235449216601741,-1.010726462032622,abnormal
2024-01-01 00:00:54.200,-0.625949809110452,0.7843109711967108,3.545146795080222,-0.3146109284393018,-0.5589365844118739,-0.39485565815262846,abnormal
2024-01-01 00:00:54.210,-1.1316518411471534,1.4667774437393242,4.039807106633896,-0.2756476837747078,0.8809864449340622,-0.29795115935853045,abnormal
2024-01-01 00:00:54.220,0.8109249792876537,-1.307730212298957,1.3034310265801174,0.06703937446150621,-0.9230740041284026,0.8947400298346421,abnormal
2024-01-01 00:00:54.230,1.567412205156621,0.2024755306685013,0.8722009365109131,0.1739963272616417,0.37730386811297295,0.10626715082142037,abnormal
2024-01-01 00:00:54.240,0.008700836137633425,2.13419020344778,1.3156408447338999,-0.7266407583123253,-0.3901418251517754,-0.48961592063508236,abnormal
2024-01-01 00:00:54.250,1.2990866249952937,-0.5207109114789057,0.5135820095364546,0.3467869807830587,-0.14436404631579358,0.844571866435105,abnormal
2024-01-01 00:00:54.260,0.5446915972982831,-1.3760383439922035,-0.6973566107342509,0.957315957137037,-1.218038485925926,0.341124481156509,abnormal
2024-01-01 00:00:54.270,-1.6767563198081412,-1.1570911478375878,0.2399370367345728,1.403049898615052,1.7031968128836696,-0.11386181639841116,abnormal
2024-01-01 00:00:54.280,-0.9215189761676007,0.7501748325455084,0.2929883356617506,-0.3243672238244868,0.4512023446342965,-0.2016015043642209,abnormal
2024-01-01 00:00:54.290,-0.920238108923679,-2.391718454689695,1.790107353225305,-1.0354249126766246,0.1483722617969787,0.19328542649841868,abnormal
2024-01-01 00:00:54.300,0.9002793698813327,-1.6597091470836687,0.4317366885144137,-0.6575617873035519,0.5417232317579049,-0.07217091801737556,abnormal
2024-01-01 00:00:54.310,-0.5986358596338746,0.03983774709662501,1.2180654491566767,0.3324391561432445,-0.5894746076343821,0.19558998573811343,abnormal
2024-01-01 00:00:54.320,1.3476860677958795,1.7665151255163634,1.6959580826701357,-0.7814950439031882,1.8046639416096926,-0.8674753719837945,abnormal
2024-01-01 00:00:54.330,2.162753248628317,0.1674799859083563,3.7298456400283095,0.27904809307998296,-0.16476609978388046,1.0758134219414408,abnormal
2024-01-01 00:00:54.340,0.8447681081369344,-0.7842615702872454,2.8781028898541785,-0.4502716507141529,-0.1642712936195794,-0.6806328478714186,abnormal
2024-01-01 00:00:54.350,0.9958027980100849,-1.0450786725250683,2.462713076463626,-1.4504779223292867,-0.8517168053394469,0.07479932338255159,abnormal
2024-01-01 00:00:54.360,0.4604770493842948,-1.7561427093660842,3.050466493251888,-0.8372833740691714,-0.030381192218874926,0.054394502904278406,abnormal
2024-01-01 00:00:54.370,-0.022853700734066795,-0.9390317837382198,4.285140687069909,0.38750390227674725,0.31793937272876754,-0.09415176053412629,abnormal
2024-01-01 00:00:54.380,-0.509355173608219,1.5937212395612994,5.119462831737372,0.3677164453199089,-1.1879805457386392,0.3829024074167409,abnormal
2024-01-01 00:00:54.390,-0.3292147330430407,-1.9319476216574818,5.629885371995004,-0.7545598625932923,-0.9509894807961641,-0.061965823931801146,abnormal
2024-01-01 00:00:54.400,-0.22348846552818954,0.8254046501671363,5.582307937130107,-0.9119062529475908,1.2219555673523241,0.6374559370990794,abnormal
2024-01-01 00:00:54.410,1.8920095336933358,0.1779669526854308,6.222774688588378,-1.2691833104613792,-0.6172228460722002,0.23162513531253862,abnormal
2024-01-01 00:00:54.420,1.9878194238180062,-0.7763199088433782,5.558209396738578,-1.3626235259110602,-0.7391841550872159,-0.20525207904200016,abnormal
2024-01-01 00:00:54.430,1.6557221248710285,1.8803850330828753,6.476643149763123,-1.1875105220732953,1.7984777088573296,0.7999832252377022,abnormal
2024-01-01 00:00:54.440,-0.9222203792627017,0.09216810011698838,5.481556680729456,-0.8388813545425163,-0.16131730124737056,-0.46637001342164436,abnormal
2024-01-01 00:00:54.450,-0.1382069079814249,-0.2009273223430691,7.158408174422175,0.11883096723153384,0.9709874393118922,-0.024171752418561416,abnormal
2024-01-01 00:00:54.460,-0.5317107395629036,-0.643203725354034,6.207781490855368,-0.5683331376367513,1.3702866621927725,-0.5061914803345956,abnormal
2024-01-01 00:00:54.470,1.0253535883275995,1.7245865950328942,7.13529927026636,-0.14369445428905334,0.033085328125361815,-0.7384130743175501,abnormal
2024-01-01 00:00:54.480,-0.27110631465696455,0.41988015778962007,7.387528600496637,0.3501656067282899,0.15894914470440002,-0.25427484658606775,abnormal
2024-01-01 00:00:54.490,-1.328229571210637,-0.6371764466622513,6.929434889743677,-0.7781039213779254,0.03768329852807908,-0.39473872739581545,abnormal
2024-01-01 00:00:54.500,0.788961163749541,-0.5960137677558466,7.962473495415033,0.6421253524639012,-1.750609119860182,-0.2885311504850727,abnormal
2024-01-01 00:00:54.510,0.20724210917295618,-0.6527201265055735,8.057099524743098,-1.3763774458183562,0.8811885913320614,-0.19388025488656146,abnormal
2024-01-01 00:00:54.520,-1.8883397610451602,-0.9428310266870784,6.397621446000201,0.5570109485992122,2.1732598193455677,0.2254226958776655,abnormal
2024-01-01 00:00:54.530,1.3973465255762103,-1.4788852057271284,7.335658656136026,0.39597737365352115,-1.3300843508585736,-0.16490231310703993,abnormal
2024-01-01 00:00:54.540,-1.9833595237320298,-0.25349021160369384,6.574846616985613,-0.9337644217588453,-0.5591585706618448,0.3532126221988743,abnormal
2024-01-01 00:00:54.550,-0.8733693233610542,0.49987669586503236,7.4859504448743275,0.5291635203440723,1.340038896926222,-0.6283426196310371,abnormal
2024-01-01 00:00:54.560,-0.8682548562615104,-0.4884294315119831,7.4452541826248355,1.03577970472986,0.4697870024817157,-0.7429166645424651,abnormal
2024-01-01 00:00:54.570,0.02371009666204692,1.7734139838931349,6.075388565529275,1.3201051893909561,1.5788713944220525,0.4234002076415484,abnormal
2024-01-01 00:00:54.580,-0.9813929562018924,1.6197963542470197,5.340791123665255,-1.0890030072109458,-0.12635245424669284,-0.048430719012491734,abnormal
2024-01-01 00:00:54.590,2.003423611915722,0.32056169604584844,5.55317863286503,-0.6432296159495431,0.306978357482226,0.16956146246296658,abnormal
2024-01-01 00:00:54.600,1.315791366592416,-0.3655083772096615,6.186151678067989,-0.31969124328626375,0.2606012741710768,0.6509174579089861,abnormal
2024-01-01 00:00:54.610,-1.1175791727628472,0.8956964121659389,5.094057048047039,0.5177961857124738,1.712046282893959,-0.8796581358280845,abnormal
2024-01-01 00:00:54.620,-0.4227266088986367,-1.4840821100897157,5.120301925007036,0.11408937423458296,-0.7145129164705578,0.018447705507137795,abnormal
2024-01-01 00:00:54.630,0.05173613024014338,-0.6218694560433415,4.397752451496012,0.06516343330656638,-1.725801150932629,-0.1555688465948605,abnormal
2024-01-01 00:00:54.640,-0.6344033899573962,-2.3891050711812003,4.157019453985084,-1.0770519313121425,-0.1863714338140952,0.23673067440046455,abnormal
2024-01-01 00:00:54.650,2.168507768456205,-1.0177413079488624,4.82257650222743,-0.8788595308304573,0.04791690594056231,0.9248563949029346,abnormal
2024-01-01 00:00:54.660,-1.1542671180977315,-0.4916525895435268,3.8659366991012836,0.36367933418014353,-0.6388506506430983,-1.6137867840295104,abnormal
2024-01-01 00:00:54.670,0.8615836376453386,-0.26646791569121764,2.954308091576145,-0.11458499583454465,-1.2484192111870571,-0.3888379769174364,abnormal
2024-01-01 00:00:54.680,1.2107499467572869,1.9031555968215403,2.7595824726717098,-0.45923073452197954,0.19551627644348457,-1.0494996319373577,abnormal
2024-01-01 00:00:54.690,-0.3866450560223142,-0.7702947832863883,2.82522123735167,0.9669634780107754,-0.43465190759706546,-0.9212709249538306,abnormal
2024-01-01 00:00:54.700,-0.683792400454198,1.1773460627825842,1.7990308045850607,1.0318078283796224,0.4051529151813781,-0.12919568384800562,abnormal
2024-01-01 00:00:54.710,2.776519818474981,-1.4691712503246575,1.776627602788357,0.03752069200395275,0.6989347750076962,0.2341787343620315,abnormal
2024-01-01 00:00:54.720,-0.05862504276386207,-1.5817486675171264,0.5856477257242719,0.2178599864200816,0.06079911839646684,0.9307093096614849,abnormal
2024-01-01 00:00:54.730,0.6378292621110523,-0.1494641871335566,0.5874461092088696,0.7985042051075864,0.40477707701297033,0.36592927465124164,abnormal
2024-01-01 00:00:54.740,-0.42612609911423144,0.2162118509091337,0.57193619550141,-0.8276796490899728,0.6238518342521172,-0.34982106100389965,abnormal
2024-01-01 00:00:54.750,-1.7503672922337696,-0.29866882615651724,0.7692942246282194,0.8327321615763216,1.1311792852452855,-0.047010588284764974,abnormal
2024-01-01 00:00:54.760,-0.5742191840930574,-2.0167380353283972,1.5524782729586102,1.4156113641166541,-1.5810737368979682,-0.7651625585076658,abnormal
2024-01-01 00:00:54.770,0.7095722878218849,0.37499804961054756,0.5598118925700589,-0.49446482271638253,-0.6289217549693662,0.11062410733392272,abnormal
2024-01-01 00:00:54.780,0.14698303751100744,-0.033053665195503124,1.044276386878787,-0.37310053206420973,-1.2516165490914901,-0.11946291403628466,abnormal
2024-01-01 00:00:54.790,-1.0136203439991103,-2.50512953717086,1.7304927040094555,2.0560690339631362,1.3113347690663295,0.7021052787812682,abnormal
2024-01-01 00:00:54.800,-0.15905223312524608,1.7885375147929803,2.999097104181782,-0.015901812115940175,0.1467217212562302,0.4536416492840573,abnormal
2024-01-01 00:00:54.810,1.0861253614464446,-1.8354128523555369,2.997857329492319,0.3433123913825179,-0.2625883015603296,0.6433543695531118,abnormal
2024-01-01 00:00:54.820,0.7511014186018182,-0.1629969807844213,2.759675066485268,1.5822693746449272,-0.6380242108473194,-0.65107029116834,abnormal
2024-01-01 00:00:54.830,1.0094778562940632,-0.18127007926791688,4.334654740576859,-0.11506281936823798,-0.6231175825518288,0.3512209089101954,abnormal
2024-01-01 00:00:54.840,-1.8596520472041522,-0.6915798513231401,4.177514808408229,-0.6570084733255591,0.140145534989425,-0.2595521045334526,abnormal
2024-01-01 00:00:54.850,2.3348067145675007,0.2747821997376516,3.932090738896416,-0.0850854542943699,0.5592545392341667,0.9091773457512694,abnormal
2024-01-01 00:00:54.860,1.097657225348121,-0.8499480212510415,4.468689061391435,-0.5838441187769552,-0.5491819404130405,-0.4119905432246807,abnormal
2024-01-01 00:00:54.870,-2.047880476792893,-1.0137619141746128,5.6779275976806955,0.0733184320087623,-0.8970316074160055,0.5798061434207943,abnormal
2024-01-01 00:00:54.880,-0.6163382950865558,0.4602851284023317,4.441443630780306,0.26135264537067454,-1.45726028671009,0.8583564723324262,abnormal
2024-01-01 00:00:54.890,-0.26012679796001137,-0.7183325704100965,5.539043350058763,1.7462116027010797,1.0464750665931997,-0.6589030482078555,abnormal
2024-01-01 00:00:54.900,0.9740093450329405,-1.5495834090812568,4.989022572052264,-0.16443073659604604,0.28045553058714134,0.4887301519615994,abnormal
2024-01-01 00:00:54.910,-1.7447825985217311,-0.5531896719521605,5.436307572059678,-0.13719146141485775,-1.1953518301245356,-0.38841131581488636,abnormal
2024-01-01 00:00:54.920,-0.35827998859045035,-1.680001369121911,6.512818708414754,-0.308550850561068,-0.240645611571333,-1.7120622966856411,abnormal
2024-01-01 00:00:54.930,-0.4342632773823955,-1.2796095144042308,6.3082511250846265,0.5288931052349932,-0.04387666345182721,0.03363498124091843,abnormal
2024-01-01 00:00:54.940,-1.66813377981278,-1.5196818533025322,7.53739070545622,-0.10456281527026222,0.28799165855937586,-1.2537961797924317,abnormal
2024-01-01 00:00:54.950,-2.3900593254891325,-0.923338800726479,6.95229623762029,1.4642157803626736,-0.4826989980235692,0.518268274606412,abnormal
2024-01-01 00:00:54.960,-0.5559586883983135,2.247069741019903,6.504459111917062,-1.357398544215873,-1.3697903090728314,-0.10792042973942696,abnormal
2024-01-01 00:00:54.970,1.0696591906700335,0.3481544317098648,7.1125169895655125,-2.2841168327317956,0.37510124080986723,-0.003498364961456234,abnormal
2024-01-01 00:00:54.980,-0.9889467349768559,-1.5086195429499853,6.475484648064575,-0.4105989867221218,0.43207601770231313,-0.6734330010735777,abnormal
2024-01-01 00:00:54.990,2.447525490000312,-0.3318779147340578,6.640097958030543,0.7406812503728526,0.7520261276443396,-0.2202719053605606,abnormal
2024-01-01 00:00:55.000,-0.1329402285647084,0.4402859823119451,7.225848643576142,-0.22494795012057872,-0.5826225921719882,0.8917943322229724,abnormal
2024-01-01 00:00:55.010,-1.6600590280085485,0.41705168651583674,5.847449389010393,-0.19380253777264983,-0.5811466675536172,-0.18170880399450803,abnormal
2024-01-01 00:00:55.020,-0.38683255013073675,-0.41548507740327756,6.466882837926338,-0.1778844246527513,0.82127406498681,0.5037785461774646,abnormal
2024-01-01 00:00:55.030,0.11477479040742608,-0.22329356946411646,6.344853983044199,0.8210743217026444,1.5625875337078001,0.6815607004267722,abnormal
2024-01-01 00:00:55.040,3.022723828005993,-0.9438572669918656,5.889134924456103,-0.3997489446395046,-0.273361468204011,0.6305834348538953,abnormal
2024-01-01 00:00:55.050,-0.3350757825745807,0.002161074087311115,6.463785733054177,0.194774724542901,1.8041300755244996,-0.4364221705837681,abnormal
2024-01-01 00:00:55.060,0.4823517961829362,-0.9498822793583195,6.373078386392379,2.3134501328123287,-0.7199070813347688,-0.07808293692726542,abnormal
2024-01-01 00:00:55.070,-1.2173955813671316,-1.9804229458779652,5.2914995453877935,-0.2589233038363251,-0.8109044057795117,0.1541550992731645,abnormal
2024-01-01 00:00:55.080,2.1032122759952654,0.030270016904555073,5.819302992323065,0.05799023496335748,0.32797462469292865,0.07699393019680155,abnormal
2024-01-01 00:00:55.090,-0.5242244958867839,-0.7201089836473876,5.754008977089229,0.1882479491724303,0.3717224908217956,0.08449928644065312,abnormal
2024-01-01 00:00:55.100,-1.2043031298137072,1.198652305840285,5.1298117848017935,2.206901444363816,0.04383525324886396,-0.38900306247974487,abnormal
2024-01-01 00:00:55.110,-0.12414221738324095,3.0772318710133404,5.903404577998328,-1.3840970048176595,-0.6580441390536942,-0.5994098911718402,abnormal
2024-01-01 00:00:55.120,-0.47385437985208384,-0.79500025638738,4.163075472718827,-1.524955515145944,-0.9521693999842532,0.7673223935226732,abnormal
2024-01-01 00:00:55.130,-1.3919601237822392,-1.4471899362197584,4.575624583823476,-0.621442185880309,1.0180688349948763,-0.50740074455191,abnormal
2024-01-01 00:00:55.140,0.9904236479466157,0.6498355167010559,2.5617025071656103,0.8329531350461159,-0.7328581565697712,-0.2608313234986441,abnormal
2024-01-01 00:00:55.150,0.21915127897260686,-2.647732579527523,3.519944509585036,-0.33924912447245026,-0.09501324717844242,0.17470026956386422,abnormal
2024-01-01 00:00:55.160,-1.1567186129091405,-0.45034991714552314,3.215385408481394,1.499628952039654,0.4620498854070065,-0.24684888161102336,abnormal
2024-01-01 00:00:55.170,-2.1146593700965566,0.6324396978922965,2.4957236972370325,-1.5532520011768307,1.1888750119372289,-0.7178882589355767,abnormal
2024-01-01 00:00:55.180,0.1947079580314858,0.13692864583992867,1.85586169863222,-0.13648512374202446,-0.7611136441023781,0.09168264078016282,abnormal
2024-01-01 00:00:55.190,-0.915449864516618,1.2578143858881512,1.295533391537427,-0.6991394711013454,0.3568402802238409,-0.2790261643310489,abnormal
2024-01-01 00:00:55.200,1.0199082463004379,1.0605311580305063,1.2383727025347022,-0.2947847398055471,1.6023817134883647,-0.04562546958810028,abnormal
2024-01-01 00:00:55.210,-3.017306391780856,1.724896300504826,1.0058706029971536,-1.1030425752573785,0.03270721825198962,0.8765036936296267,abnormal
2024-01-01 00:00:55.220,1.606038957899241,-0.9207585915639925,0.5706478193876383,0.9836303709920159,0.6196069120633235,-0.18526111661155076,abnormal
2024-01-01 00:00:55.230,-0.3323010060162032,0.5536257138128077,1.153299407278875,0.5916440553859871,1.7157819890906387,0.05089707278886504,abnormal
2024-01-01 00:00:55.240,-2.208416232562704,-0.5521389750059583,1.2025760154521734,-0.27033940620728425,-0.9239648180260523,0.06002933809063631,abnormal
2024-01-01 00:00:55.250,0.9584386013475177,-0.6468276947768015,1.3775748882751258,0.009391282949157354,0.568791335921569,0.0388767465079222,abnormal
2024-01-01 00:00:55.260,-0.3817558315453781,0.19847340532001453,1.6927134859780057,0.8062311821129784,0.034538560061970355,0.4995236153793394,abnormal
2024-01-01 00:00:55.270,-2.6900013769213253,-0.14897554380250427,2.9271547454909075,0.4255844804552366,-0.8970873744012996,-0.426497633478081,abnormal
2024-01-01 00:00:55.280,-0.8232020352042619,-0.7669208769547052,2.6359261007647428,0.3211659508256127,-0.7650646206891639,-0.21987248928239073,abnormal
2024-01-01 00:00:55.290,-2.7377073916236996,2.502989758299307,2.1933827412873814,-0.9113188422837419,-1.3628378076734606,-0.7195933407962108,abnormal
2024-01-01 00:00:55.300,0.2419830726408539,-1.391524455611757,2.437902797550472,0.3921996423216596,0.6029764511926847,-0.25617875640925863,abnormal
2024-01-01 00:00:55.310,-1.3155649147753632,-2.647530349691453,4.481313064263761,-0.8861231768052522,1.4737298067145868,-0.36499427702173126,abnormal
2024-01-01 00:00:55.320,1.7134821878163335,2.409878226819872,3.4583129345131276,-1.3297479417329723,1.0804989342449256,-0.61241693391203,abnormal
2024-01-01 00:00:55.330,-1.665530863561456,-2.145619297372685,6.1478347233832595,1.2338546612053678,1.4044360622596321,0.7344460192968184,abnormal
2024-01-01 00:00:55.340,-0.40570283438419796,-1.36097560881246,5.577522315282671,-0.781487921043132,-1.6500354338991539,-0.000684863229269774,abnormal
2024-01-01 00:00:55.350,1.896435306464926,0.3894781588876854,5.9816529616475815,-0.1718601196063219,-0.003650771690458389,0.7336975268987057,abnormal
2024-01-01 00:00:55.360,1.9589961666443476,1.0425837078418096,6.986094308014217,-0.49801055389348825,-1.9476404073053752,-0.06341699125424433,abnormal
2024-01-01 00:00:55.370,-0.9241253312138341,1.7530666820449736,5.026801051402924,-0.31490709452887466,-0.46701017120767097,-0.14170256089374694,abnormal
2024-01-01 00:00:55.380,0.5637791229336515,1.0162679801864538,5.843240711938663,-0.28406884300165636,0.21596823589137817,-0.6249255767007722,abnormal
2024-01-01 00:00:55.390,1.842247039011045,-0.966469407518607,6.903327846213764,-0.1889472642143763,0.022936867824573243,-0.5536933865316498,abnormal
2024-01-01 00:00:55.400,-0.7817775672606433,1.6031382060745218,7.191415264311688,-0.9290483130577657,-1.3408886614693007,-0.9419228167514136,abnormal
2024-01-01 00:00:55.410,1.1133849870345414,1.3261050932419178,5.904266057049357,0.23208680741065085,0.5491301559340181,-0.4748959480992804,abnormal
2024-01-01 00:00:55.420,1.0516956992374586,-0.2221492267537402,6.543494149076622,0.2374087835644534,-0.1446177762267224,0.36817894965112213,abnormal
2024-01-01 00:00:55.430,1.5518843770626096,0.8093877060453611,6.966437072731291,-2.3395097465976207,1.098190907538389,0.50539356008229,abnormal
2024-01-01 00:00:55.440,0.9034739576965993,1.2875044370113176,6.909859576081688,-2.2001399364209084,-0.4470321058821987,0.9696040721379139,abnormal
2024-01-01 00:00:55.450,2.9246925514462805,-1.3463156451373932,7.271486562135568,0.8156391103535341,-0.573294356541505,0.540451338733352,abnormal
2024-01-01 00:00:55.460,-2.0829736078688086,0.15451858169523444,6.311426298448541,0.1567080234018624,0.4929586202134049,0.08764543189931424,abnormal
2024-01-01 00:00:55.470,-2.247000581486957,-0.21967508418318277,6.2581376154203285,-0.8391005940653659,-0.8840057108630637,0.24909815568533505,abnormal
2024-01-01 00:00:55.480,0.5159364233686589,1.0256497780731182,6.942494345959471,1.2521568962746017,0.06970805541352336,0.026118718200329637,abnormal
2024-01-01 00:00:55.490,1.7308257024365201,-1.5301333005234654,7.358851258923839,0.42851482570842375,-0.29969633674409535,-0.8747214427100591,abnormal
2024-01-01 00:00:55.500,-0.6128854835302877,-3.6963335259544072,7.371249068460816,-0.8486162419361849,1.4012934971435154,0.6636651500216646,abnormal
2024-01-01 00:00:55.510,0.43984589673497093,0.8259111593420264,6.967135639308876,2.2598814816307544,1.005592471466025,1.204490864332587,abnormal
2024-01-01 00:00:55.520,2.6703508572374184,-0.39495626145936474,6.287834573358958,0.327508085435599,-1.1903592977411757,-1.7501840056949844,abnormal
2024-01-01 00:00:55.530,0.08906117228279035,-0.5453636943104019,6.471298428494089,0.009531745571105275,1.177409907273084,0.1367133794243582,abnormal
2024-01-01 00:00:55.540,2.466384101233482,-0.32708743780901733,6.4719287662448455,-0.8995205368108077,1.4210418012060062,-0.16383599554465458,abnormal
2024-01-01 00:00:55.550,-1.4789869279798584,-1.5282871872731878,5.962969496860528,-0.18335993366402814,-1.4901875379591978,0.7651644205353076,abnormal
2024-01-01 00:00:55.560,-1.3222341585217259,0.6027601677103271,5.982145337358397,2.314392085041657,1.0510141183636856,-0.45892255245339164,abnormal
2024-01-01 00:00:55.570,1.5841871531588345,-1.004431529570578,4.704292086412491,0.5250242941730071,1.03749510056086,-0.30190434192854715,abnormal
2024-01-01 00:00:55.580,-0.16325976976359033,0.19219417534233138,4.541856718604606,-1.4684148037127664,-0.7169039699116112,0.2655163176161783,abnormal
2024-01-01 00:00:55.590,-0.11047254865574639,-1.8148080552548214,4.867008410476532,-0.32992718432789725,0.19177956446737227,0.32276601699956675,abnormal
2024-01-01 00:00:55.600,-0.13281519498444222,1.5222521877863044,3.5944306386279283,0.056170935272269004,-0.8297637037213239,0.1502342219464472,abnormal
2024-01-01 00:00:55.610,0.6184356078068812,0.42943829241111564,2.568858797777338,-0.5780407447842205,-1.9624261214193868,0.14525573683113832,abnormal
2024-01-01 00:00:55.620,-0.3134963871269928,0.2867493773541491,3.461771995816787,0.6063524613948298,1.3338692057397032,0.9835268235665023,abnormal
2024-01-01 00:00:55.630,-1.414456212694318,2.0323768701367833,2.910201114722823,0.740040869334163,-0.029377095429708285,0.6295158182547681,abnormal
2024-01-01 00:00:55.640,-0.21786924180855688,-0.05636108584188094,2.2767534229123183,-0.727540426066664,0.6889344968797272,-0.17757317448324247,abnormal
2024-01-01 00:00:55.650,0.13764599834070887,-1.0901586977194189,0.6034670120829124,0.14061555623591596,1.7623801126302279,-0.18520864787328395,abnormal
2024-01-01 00:00:55.660,-0.8416133675278213,-1.3798842435295169,2.207822324083724,-0.8497418323319618,-2.215971802469979,0.4161590394350461,abnormal
2024-01-01 00:00:55.670,-0.1551770315166842,0.45701408819085404,1.6114526668123932,-0.8344599222893807,0.07158928685464425,0.2548528780251873,abnormal
2024-01-01 00:00:55.680,-0.013841555436798967,-0.5515934512229071,2.072340786849315,0.5434353827598696,-0.013132592551054879,0.46903275672229333,abnormal
2024-01-01 00:00:55.690,-0.07110630551010623,-1.5089108667155477,0.029377356933352333,-1.0532779067062665,-0.8300355690853529,-0.2012062040683047,abnormal
2024-01-01 00:00:55.700,-0.3620753783531312,-1.8607837744918916,0.22755067655168962,0.12665207053605976,0.21280088804642153,0.43088896902492896,abnormal
2024-01-01 00:00:55.710,-0.9450025943283187,0.5179892704304192,1.214439229364085,-0.3161074056723282,-0.8412419414312371,0.6048093310454047,abnormal
2024-01-01 00:00:55.720,-1.3208200693151342,1.5180087794790287,1.7980220569314893,-0.09306913093624866,0.2327207099552068,-0.14422346496660354,abnormal
2024-01-01 00:00:55.730,-2.3049285691545496,0.8370666904259193,2.0843330142506815,0.4424875306182284,0.3695128183261607,-0.3602257487989969,abnormal
2024-01-01 00:00:55.740,-1.0438105201893029,-1.030445087223501,2.4295610182649154,0.7194745137021841,0.9362516886316157,0.040563417187026767,abnormal
2024-01-01 00:00:55.750,0.5695413984057996,1.3116254916854813,1.89064287452285,-0.6734067011734791,-0.540681915983092,-0.5759061677207447,abnormal
2024-01-01 00:00:55.760,-1.0538856669658496,0.6286724018878541,3.2274826653416833,0.917246916846605,-1.1328032529757046,0.259039378167043,abnormal
2024-01-01 00:00:55.770,1.5764926197590943,2.5204395691146977,4.128439290235381,1.3551337841735804,-0.22824766391198933,0.6174480178102295,abnormal
2024-01-01 00:00:55.780,-1.471169200595212,0.3501734301513853,3.042982577479873,-0.7098867318785255,0.37916433569618324,0.1969913576073647,abnormal
2024-01-01 00:00:55.790,-1.641322596657847,2.6783836255605857,4.064164688228809,-0.17172109053276507,-0.4968317289142463,0.6990895713920441,abnormal
2024-01-01 00:00:55.800,0.682193055907906,0.6105778916752255,4.528168313405467,0.9788709701961746,0.019276099002286794,0.17459240949993043,abnormal
2024-01-01 00:00:55.810,1.8916290147487846,0.028499478981151297,4.275056218739516,1.4185259447758287,0.7079764189076786,0.007468447173082172,abnormal
2024-01-01 00:00:55.820,-0.16862691158941492,1.5498126088130912,4.249370377843838,-0.13008160807585384,1.7626994312589357,-0.3512443909918953,abnormal
2024-01-01 00:00:55.830,-0.8724444098572357,-0.5750611672979165,6.136642700565754,0.26387517650463305,-0.08428893194435746,-0.49937713241289144,abnormal
2024-01-01 00:00:55.840,1.3616437396763854,1.5251623517260047,6.6654016449906575,0.4316691976532673,0.7685734827593103,-0.08940267889602571,abnormal
2024-01-01 00:00:55.850,-1.454195606664758,2.0354023015005804,5.7985490491026574,-0.2668549157747626,0.6248777804561281,-0.3128533656441686,abnormal
2024-01-01 00:00:55.860,0.041049230667034815,0.9225970804992459,5.95575791795503,1.0902120355087308,-0.4239606766792807,0.33488163165674945,abnormal
2024-01-01 00:00:55.870,-0.4994378079753149,0.8437730678317754,6.286465321681427,0.01776907883095187,0.8779415859458286,-0.17521814116532497,abnormal
2024-01-01 00:00:55.880,1.2587080668071926,-0.5392368669210285,5.7233599067288505,-0.34643517214210995,-0.9003568127831034,1.274630829820892,abnormal
2024-01-01 00:00:55.890,-0.9552939076830438,-0.07830467333727391,7.112120207413331,-1.4160833211833714,-0.12964833020438293,-0.6619379448801167,abnormal
2024-01-01 00:00:55.900,-0.6773940518851373,-0.6277737745392017,6.6244424287316885,1.8101880403800676,0.1536348281227384,-1.287816162104836,abnormal
2024-01-01 00:00:55.910,0.5061891507760998,-0.7184907141448648,5.746158130380529,-0.470945392339896,0.3023927739283658,-0.6280764322814377,abnormal
2024-01-01 00:00:55.920,-0.43080432849254435,-1.9961373383800327,7.992310577161996,-0.6048037013231611,0.3813754198261744,-0.5729144625241791,abnormal
2024-01-01 00:00:55.930,0.41783698156506316,-0.5693410188646082,6.698540290151178,-0.5207736916169899,-0.7364739155751598,0.4241745674620569,abnormal
2024-01-01 00:00:55.940,1.9277373834065699,-0.8510134104032516,6.523586461358391,-1.8059856831681182,0.9206779027799704,1.5033504610909143,abnormal
2024-01-01 00:00:55.950,-1.3990739034847024,0.04439982515768898,8.443056444172544,0.5008589293554578,0.16333158371080003,-0.24595892058177135,abnormal
2024-01-01 00:00:55.960,-1.0443969825210768,-1.2039235915642061,5.715019118397615,-0.6139438876381996,0.8127316658431881,0.09639640847371349,abnormal
2024-01-01 00:00:55.970,-1.4559050692966644,-0.41162225637195515,6.294394210981197,-0.30861801009026846,1.620458530052756,0.18738702483902178,abnormal
2024-01-01 00:00:55.980,-0.23519309308391154,-0.8945110207452311,6.866666917820782,0.15918718736886434,-0.2136143967732167,-1.1529259358502768,abnormal
2024-01-01 00:00:55.990,1.6245930968323845,0.12133697317435918,6.363280464928409,-0.8093024693192766,-0.4073352732071583,0.6631056463124955,abnormal
2024-01-01 00:00:56.000,2.3249716593403633,1.028164087119526,6.383030173539844,0.876102099627776,0.6141707837329448,1.8920630783338426,abnormal
2024-01-01 00:00:56.010,1.474976662674629,1.659117362618165,5.549761965676752,1.00853237260057,-0.3989248224006554,0.39510916216025405,abnormal
2024-01-01 00:00:56.020,0.44796639104719715,0.02918322983691936,5.649779806733055,0.30625759102256483,1.227584284107242,0.09720691657334139,abnormal
2024-01-01 00:00:56.030,-0.5535004748606348,0.6200978895228823,4.754831166936329,-0.4323741946622341,-0.7160705057068816,-0.3474992515794963,abnormal
2024-01-01 00:00:56.040,-0.7628896931152337,-0.0589963164164677,4.055376805762991,-0.050891630033593156,0.3604604024611823,0.666004857097829,abnormal
2024-01-01 00:00:56.050,-0.8570948254310694,-0.4010470908319598,4.76665801617853,0.09995330166420471,1.0085791343040147,-0.6323918993617135,abnormal
2024-01-01 00:00:56.060,1.746445895793656,0.9531000825268937,3.287143938748213,0.6029941829586126,-0.7292783952220855,-0.026713024576568826,abnormal
2024-01-01 00:00:56.070,-1.2753497222406052,0.819339582775358,3.9559392204347494,0.8474326800270415,0.16396064857599008,-0.42187887242142114,abnormal
2024-01-01 00:00:56.080,1.6750603177150014,0.36882492454396354,3.5840830802368266,0.5983602290739808,-1.0131272214452944,0.18475117158738288,abnormal
2024-01-01 00:00:56.090,-0.43618050188601004,0.7876842163160757,4.097063603198955,-1.7373404844509241,0.7771773522055594,-0.2759313498211646,abnormal
2024-01-01 00:00:56.100,-0.49062996251768337,-2.200092284799875,2.5958538802297615,-0.41487806838946467,-0.4621127568374731,-0.06076920320885311,abnormal
2024-01-01 00:00:56.110,-1.0080449417741708,-0.5471855662475664,3.1187488219296564,-1.0995501537317294,0.7671032439829305,0.2302758471160088,abnormal
2024-01-01 00:00:56.120,0.4960533780233194,1.5964628422363878,1.6749993036345425,-0.6475938969734379,0.6697606720473278,0.562062697268888,abnormal
2024-01-01 00:00:56.130,-0.59704788543061,-0.39320396505980554,1.920934404610036,-0.4369534096910652,0.7989752193682564,-0.34819671472574915,abnormal
2024-01-01 00:00:56.140,0.10035039168170361,-0.31845696287003006,1.458034737540926,-0.022843821203143495,-0.16269311576665504,-0.4362900732893502,abnormal
2024-01-01 00:00:56.150,-0.5761777071780853,0.3757262123658391,-0.5317486979405883,-0.6373335804958152,-0.15465906715977373,-0.3993596734248899,abnormal
2024-01-01 00:00:56.160,0.3645697068158132,0.15653878376555708,-0.4270348195431231,-1.2379831342458747,0.0641957574109652,0.11309620588156713,abnormal
2024-01-01 00:00:56.170,0.5603420704129991,-2.4324885112336743,0.9025429978262914,-0.304050914723224,0.40514907798323135,-0.995233332941913,abnormal
2024-01-01 00:00:56.180,1.4779424837619521,0.8845989058033391,0.4424849469243589,0.763584230173468,-0.13369616544847404,0.3545137116768104,abnormal
2024-01-01 00:00:56.190,0.6507897415777691,0.4868981389174763,1.6911907935418093,-0.5516665954004337,0.4660040866793161,0.15053507256005416,abnormal
2024-01-01 00:00:56.200,0.6161593403376039,0.8390151486140067,1.8325980038146585,0.02773169485649612,-1.316172379857131,1.305667635329057,abnormal
2024-01-01 00:00:56.210,-1.6300037734622104,0.27136457456366553,3.4213068572057415,-1.1451995609820167,1.0451748268459249,-0.3037532821276821,abnormal
2024-01-01 00:00:56.220,0.952727389492068,0.31775765731771094,2.8125411895784973,-0.08878918540776293,-1.4081401321560936,-0.9760260154015294,abnormal
2024-01-01 00:00:56.230,-2.1477269659982903,-0.8697523797983795,2.9947809617855334,-0.41193182488395247,-1.0116074067107783,0.07436315490824844,abnormal
2024-01-01 00:00:56.240,0.6765738612185995,1.7276389269084096,3.9656097836124307,-0.8530273089053335,-0.06248883058448821,0.4937546770006173,abnormal
2024-01-01 00:00:56.250,-0.009217535860916051,-0.9821298199660106,4.065255723785976,-0.4530813788092747,0.5594408243557838,0.5375490862945628,abnormal
2024-01-01 00:00:56.260,-0.6345652148540193,-1.5016335637298952,4.378919626658859,0.2559494343192041,0.46357380588339986,-0.033682032467402964,abnormal
2024-01-01 00:00:56.270,1.0352154904562483,2.8533414026377426,5.243886203194407,-0.6472061840831131,0.652563607461906,0.2789979563025082,abnormal
2024-01-01 00:00:56.280,-0.7411693010143774,1.4838079392719088,4.142251971528749,-0.9412631091933433,0.769624802471706,0.16743288928102065,abnormal
2024-01-01 00:00:56.290,2.480390027319424,-0.09964709391885125,5.166275751454068,0.12931449652642232,0.13958884356011797,0.38211046535182547,abnormal
2024-01-01 00:00:56.300,-2.1514354113105596,-1.353144374343768,6.442727472556671,0.31978613024772823,-1.5918375745154285,-0.6366551863704037,abnormal
2024-01-01 00:00:56.310,1.8571522874000608,3.047831870408541,5.470667014587605,0.19186755336239714,-0.6929149557160187,0.9329316934135088,abnormal
2024-01-01 00:00:56.320,-0.7464653282596323,0.9357604165637996,5.851598302862893,-2.1183222856482833,0.001902613675048771,-0.5040682298099508,abnormal
2024-01-01 00:00:56.330,-0.3259095737943399,-0.7899774423637335,6.2263142220391545,-0.6941244650588222,1.1596894760904233,0.07238800247776106,abnormal
2024-01-01 00:00:56.340,-0.10287163680731443,0.3255807259393591,5.667028262713087,-0.37214347925569186,-0.44701823110444483,0.06017159654159664,abnormal
2024-01-01 00:00:56.350,1.402560700542457,0.498062581738769,6.951209635598856,0.6228448994311706,-0.9466041958970872,-0.30448972778070754,abnormal
2024-01-01 00:00:56.360,0.48319251578067024,0.34130978445001775,7.3335303982020825,0.025931241391633886,0.508025491628276,-0.5232614916931584,abnormal
2024-01-01 00:00:56.370,0.1478297754873203,1.4555882599917147,7.617003934036677,-0.4089084733155402,0.107020799766056,-0.17269065340277212,abnormal
2024-01-01 00:00:56.380,-0.260398303366784,-1.771071875039052,6.9130070838084725,0.7793732923503004,-0.609029260376752,0.8065313197661196,abnormal
2024-01-01 00:00:56.390,-0.6906258254792458,-0.1199441798344808,7.286556444818927,1.031316853903347,0.1263946528914502,0.17925613468397136,abnormal
2024-01-01 00:00:56.400,-0.2730332701216312,-1.4021494519486801,7.541779512453051,0.5796056824463389,0.07231091820336141,0.307717922779007,abnormal
2024-01-01 00:00:56.410,0.24449188625626792,0.13000620733518758,7.315526665559379,0.7069314608561408,0.06166122569958353,0.7035681644631303,abnormal
2024-01-01 00:00:56.420,-1.8154542100821014,-0.25468953586406046,6.233319924967369,-0.43494205557338683,0.43727818230361576,-0.19431695978287036,abnormal
2024-01-01 00:00:56.430,0.25156536874333174,-2.3771609790093517,8.075473505494589,-0.01843039526476014,-1.2528194453755694,-0.39054038452273715,abnormal
2024-01-01 00:00:56.440,-0.32213793909421645,-0.45678596105416963,6.761474547400884,0.660757617799774,1.342681285110451,0.4688209596631167,abnormal
2024-01-01 00:00:56.450,0.2359394789511139,0.7388603880550381,7.468752766133232,-0.08947456200831147,-1.9125870337846596,0.3688022126012681,abnormal
2024-01-01 00:00:56.460,-1.128185196165831,-1.6241217985191179,6.525468500444301,-0.5863296663268786,0.32648708284193206,-0.4486971530536501,abnormal
2024-01-01 00:00:56.470,0.7817068647902301,-1.405029595895452,5.793266335127878,-0.44536495823087613,-1.2488398562627683,0.7928363466978054,abnormal
2024-01-01 00:00:56.480,0.8328948835665972,0.0007846836147625039,6.6141850909228035,-1.7845052859508928,0.4717720406184617,0.815039679055312,abnormal
2024-01-01 00:00:56.490,0.38951765342507194,-2.878414555343773,5.251408863314812,0.8925544989863892,-0.6239780282540138,0.12346336419714367,abnormal
2024-01-01 00:00:56.500,-0.2077392161748389,2.2405240919201947,5.761266867943532,-0.8112175182950235,0.3576399398474677,0.43395907020200364,abnormal
2024-01-01 00:00:56.510,-1.2397623625667296,-0.22415952947828935,5.725286087675691,1.2572319251012019,-0.028194088498767884,-1.0606323174878212,abnormal
2024-01-01 00:00:56.520,-1.3839348640323441,0.09848439879838872,4.899256238522504,1.4229388367642193,0.010161355403917192,0.054524088815855284,abnormal
2024-01-01 00:00:56.530,-2.440893832553326,0.9572712981396412,4.563498721380407,-1.1231469124427846,0.046480474312879654,-0.3061238248487416,abnormal
2024-01-01 00:00:56.540,0.7252437523895888,0.24096137946384977,4.690013888536097,2.6161044011309884,0.19135390135126287,-0.06547663869488274,abnormal
2024-01-01 00:00:56.550,-0.587068320162013,-0.2553893491586171,3.0684755936237256,-0.2694194921568216,0.08545564645809814,-0.5225229280739762,abnormal
2024-01-01 00:00:56.560,1.5804230547887934,-0.5907036621492906,2.334692751973706,0.3687679992530565,0.29421916807189274,0.060656064629673635,abnormal
2024-01-01 00:00:56.570,2.3242039187171533,0.5559591735293568,2.4864903937677134,0.20721475893455085,1.2180375333138014,-0.22193812592813555,abnormal
2024-01-01 00:00:56.580,1.153442029938569,0.01841599719818076,3.152061126059806,0.23410647570313217,1.868500285172646,0.13352135554634714,abnormal
2024-01-01 00:00:56.590,-0.4961224545449108,2.4694743466170115,2.1080042666702683,1.3805754231438059,0.4296329753176503,-0.3671357011806835,abnormal
2024-01-01 00:00:56.600,0.350048651102097,-1.647364506510227,1.3287051925444637,-0.5814633778052323,-0.048398560696184104,0.31036310902181813,abnormal
2024-01-01 00:00:56.610,0.9366301671888992,-2.751791973751297,1.985882231821268,0.24872781074261974,-1.089583605390953,-0.12312861410816808,abnormal
2024-01-01 00:00:56.620,-3.015711830829889,0.9810720463401066,1.125103537318088,0.0647094558497168,0.21510780465374496,0.4782125603372127,abnormal
2024-01-01 00:00:56.630,-1.162956297778003,1.4802528191744169,1.1040123756507634,-0.9967464665499327,-0.22001914007632262,-1.171674748957031,abnormal
2024-01-01 00:00:56.640,0.3732645164599351,-0.4562929155996904,-0.24098452666930192,0.39001851608747734,-0.03888604904767071,0.6059921216635893,abnormal
2024-01-01 00:00:56.650,1.0078813050225788,-1.7578932607086302,0.34133205745950984,-0.29886627466655336,-0.15253356833594955,-0.33691405434201566,abnormal
2024-01-01 00:00:56.660,-0.5495052359035834,0.30477147892061823,2.2459741844982575,-0.9157433504590012,-0.8602978272559907,0.6710641709344651,abnormal
2024-01-01 00:00:56.670,-1.1761403516054802,-0.08559607122651967,0.34397485465338407,-0.36804061516370046,1.1628822811963853,0.46497651195437245,abnormal
2024-01-01 00:00:56.680,1.4509964720428277,-0.26052348705761325,1.7495086373716573,0.559283540409758,0.720816111952921,0.587398427969543,abnormal
2024-01-01 00:00:56.690,1.9395451018587981,2.673131452545242,2.497253210272683,0.13736550511807882,0.3091394135703527,0.24213183223922652,abnormal
2024-01-01 00:00:56.700,-0.8204585467307869,-1.3510673205151416,3.6087037266194413,0.5736084374345201,-0.1291275135154027,0.06797258144979253,abnormal
2024-01-01 00:00:56.710,-2.1745011675404964,0.4671209168233234,3.319079136665366,-0.21428251567172144,1.0597447797994706,-0.11649562908866429,abnormal
2024-01-01 00:00:56.720,2.812772065348238,0.9863197827870716,3.4875955673044645,0.29128004153703924,-0.47130098098679724,-0.041670007627304266,abnormal
2024-01-01 00:00:56.730,2.2073295923434495,0.5868705647551128,4.023503181842872,-0.1577607751921355,-2.1924286524118233,0.19735820858730452,abnormal
2024-01-01 00:00:56.740,-0.0992149203766974,1.5442937400932426,3.0693123363056056,0.7654988165446674,-0.7389322718488981,0.10700272255100689,abnormal
2024-01-01 00:00:56.750,0.48999127560951733,1.4240431058108305,4.285311877181408,-0.6221142609264289,0.3996798963726092,1.0334241775870316,abnormal
2024-01-01 00:00:56.760,-1.1276152631540743,-0.30887501366403114,4.692351644473367,0.7751376050120115,-0.34752661692172804,0.7729653084930633,abnormal
2024-01-01 00:00:56.770,-1.0570734000259205,-2.058600909771771,6.94762505349493,1.5641495514894241,-0.1680927951013993,0.46897546349305325,abnormal
2024-01-01 00:00:56.780,-1.2938416377160136,-0.4580207580215522,4.639534663724193,0.7042600713946338,-0.273318632690775,-0.9902686546414059,abnormal
2024-01-01 00:00:56.790,-0.3665654513172334,0.16955626611529817,5.380621201515568,0.49041158373969046,-0.07949943008015986,-0.43381376686747797,abnormal
2024-01-01 00:00:56.800,-0.9464289081766645,1.758024759570286,5.996673017370495,-1.6829078190925923,0.8583269717057614,-0.13452223087458282,abnormal
2024-01-01 00:00:56.810,-0.3450536023260968,0.510695975534685,6.691140789155332,-0.35598207104224433,0.3463911700361945,-0.6911506113090471,abnormal
2024-01-01 00:00:56.820,1.7179737722730708,0.21559059376661507,6.057035911720855,0.9648000751259957,-0.1098265141207762,0.46072637793466464,abnormal
2024-01-01 00:00:56.830,-1.3676296425949226,1.0857209549949234,6.307107502583555,-1.1384381210515795,0.3114613559226366,0.174254290108782,abnormal
2024-01-01 00:00:56.840,0.49174814532709177,0.7643929183259354,7.355692731605256,-0.4125663092936622,-0.25447368253411384,-0.12925863967419823,abnormal
2024-01-01 00:00:56.850,-1.1586018297898766,-0.23981085893924245,6.0013767177436765,0.3016054037273592,0.9083283075827622,-0.5119692808248962,abnormal
2024-01-01 00:00:56.860,-0.8245855614267241,-0.9057876115481436,7.02193992866201,-1.1703882186824892,-1.7669112340398585,0.2838934846542996,abnormal
2024-01-01 00:00:56.870,0.5360098978392054,1.1780497261778333,6.253209752812457,0.326444474560079,0.8022936144106234,0.6911689210080156,abnormal
2024-01-01 00:00:56.880,0.6227369387436114,0.46762949058813574,6.858343373877161,-0.5541223849874058,0.43056383556232924,-0.03657106691677125,abnormal
2024-01-01 00:00:56.890,-0.5055436101172135,-0.6597456075086202,6.064029670960223,0.3452572614353513,-0.9984561432373754,-0.06214707425443299,abnormal
2024-01-01 00:00:56.900,-0.3854694543178458,-0.6930976640563616,6.855587437155051,-1.8523241108658945,0.3412962911154237,-0.7444618571084106,abnormal
2024-01-01 00:00:56.910,1.5344441192413159,-2.0478896746499498,6.715115270584831,0.03925093757662978,1.3149243479118968,0.636275698846939,abnormal
2024-01-01 00:00:56.920,-0.7276339789723208,-0.3381725128354113,6.8688529979062585,-0.11424355976343205,1.7583789908619802,-0.8260245235256518,abnormal
2024-01-01 00:00:56.930,1.6363634266487759,-2.966326441757001,6.554652392868571,-0.3813696970875509,0.12758735046254938,0.508577410944329,abnormal
2024-01-01 00:00:56.940,1.567974631505722,-1.178880770140675,6.119137003974184,1.515042661866008,-1.8989274697244602,-0.23476308669668558,abnormal
2024-01-01 00:00:56.950,-1.2514934604379506,-0.14307085944250167,4.546780403555081,0.5258036502704948,-0.742201128866655,-0.041726625272619736,abnormal
2024-01-01 00:00:56.960,1.6098754567044782,-2.5759583827553603,5.312226352323405,-0.2602403151292788,0.20375781655500033,0.7548361166917381,abnormal
2024-01-01 00:00:56.970,1.5222386076241758,-0.7746062750363132,5.719715656158634,-1.1703330041074347,-1.2846059854545269,0.7036160997811164,abnormal
2024-01-01 00:00:56.980,-0.5799176451741399,1.3625525299492274,4.816218878889159,0.368655768318261,-0.3676093442558764,0.5297472172952676,abnormal
2024-01-01 00:00:56.990,1.4008733472454835,-0.9164772269862587,5.631085188881101,0.6591742839015349,0.40907102007506846,-0.1664327203674897,abnormal
2024-01-01 00:00:57.000,-1.1276733896444757,0.094948515745687,4.473039166038747,-0.7873852994437655,-1.0268565856158833,-0.10509055616610127,abnormal
2024-01-01 00:00:57.010,-0.8961847008413322,1.0799934501653174,4.531798922472231,0.039069593370078454,0.007220865672877169,-0.8770009887295395,abnormal
2024-01-01 00:00:57.020,1.1613577075545682,-0.5678325719547609,3.3642277012426076,0.7359129901683028,-1.0873197828138323,0.16910583107511767,abnormal
2024-01-01 00:00:57.030,1.8823627705326558,0.2172057600891202,3.112076137466811,-1.0300640888483819,1.1323754709137384,-0.5740880051161183,abnormal
2024-01-01 00:00:57.040,0.351135002774013,0.1423392055980909,3.5770392626806413,-2.613135981021826,-0.9245171933294913,0.20706930811685528,abnormal
2024-01-01 00:00:57.050,0.6081839787597679,-0.38928179146924935,2.4295684020078285,-1.0991585730043296,0.8611871335975667,-0.011909725813877258,abnormal
2024-01-01 00:00:57.060,-0.09374905305304941,0.5313232858038791,1.7765662637607726,-0.5470487941290881,-0.1515581256893434,0.5842099684600346,abnormal
2024-01-01 00:00:57.070,-1.6108085883816543,-0.03410994791179608,2.381914384628081,-0.14619845723022457,-0.45650266133949047,0.8715524384074845,abnormal
2024-01-01 00:00:57.080,-1.4906867096166418,-0.007644287330957383,1.275244531694303,-0.5745428263696075,0.2067215400035335,1.0876868630626468,abnormal
2024-01-01 00:00:57.090,-2.0313623698433854,-2.194844101236392,-0.11671226500762522,0.12880256405568788,0.05309355457857975,0.1853045143022393,abnormal
2024-01-01 00:00:57.100,-1.4088204783735234,-0.03898993652609875,-0.23484150410169824,0.5681160908961027,0.5267021525113449,-0.08606558591206369,abnormal
2024-01-01 00:00:57.110,1.2352384350194603,1.213693488007979,-0.4546834943389821,-0.4008890255714018,-0.05133021074691273,-0.8038497090864105,abnormal
2024-01-01 00:00:57.120,-0.3757821990658643,0.7068130133744129,0.00964747356876472,-0.6958830971933183,0.6150934007081209,-0.009411414491627754,abnormal
2024-01-01 00:00:57.130,2.7902756479494704,-1.3245772349184335,1.6111236770723059,1.0207963087171723,0.3601258888389311,0.6831222848984588,abnormal
2024-01-01 00:00:57.140,2.304383049726589,1.4865289599531597,0.9504059802820529,0.3490809899270174,-1.3175899150071684,-0.07768115379856953,abnormal
2024-01-01 00:00:57.150,0.9803217743173839,1.1131119381957932,1.6986403903160323,-1.953146256014919,-0.7877563791978045,0.3384143211293701,abnormal
2024-01-01 00:00:57.160,-0.25091189739453584,0.1846466107507156,2.7852181846975923,-1.5502424968317439,0.8903217883813802,-0.0933224927050723,abnormal
2024-01-01 00:00:57.170,-0.4243057578761392,-1.515971380245811,2.665685113364727,0.5883527811066716,1.0087492660616977,0.32953304004330924,abnormal
2024-01-01 00:00:57.180,-1.3715763228695446,-1.8112034502697245,3.1321002485311666,0.9256342117287989,-0.585638699436025,0.9369104179864046,abnormal
2024-01-01 00:00:57.190,0.4687230504625995,-0.4203698493319273,3.9183033330515764,-0.18603787814575462,-2.191361720802006,0.6985339041149135,abnormal
2024-01-01 00:00:57.200,0.7515945942557211,0.944067016342242,3.6713028930343263,0.8121948420811076,0.5205768818771267,-0.7381495686253876,abnormal
2024-01-01 00:00:57.210,-1.0245595272812773,-0.41004386502016427,3.339807372180239,0.44934491986774105,0.5720945273310196,0.40564550435797914,abnormal
2024-01-01 00:00:57.220,-0.07794699957249078,0.4659401176308915,4.664392935868826,0.9099320336797845,3.238976732203936,0.34873329289389243,abnormal
2024-01-01 00:00:57.230,-0.1973877515505701,1.2144612083243727,3.966891071204643,-0.8689856458969684,-0.778712504769749,0.23675918020856038,abnormal
2024-01-01 00:00:57.240,0.33133477745365414,0.44568367856373275,4.773996136540784,0.8935345418584548,0.7761733784011521,0.13103957976691186,abnormal
2024-01-01 00:00:57.250,-0.9921584775220265,-1.5707975508918213,4.798065991788038,0.14356287724640435,0.5812184671974623,-0.42892592703657995,abnormal
2024-01-01 00:00:57.260,-0.1908662406298614,-1.1250684957015267,5.8798545386646115,0.32225675386604574,-0.23492146842740017,-0.2523341383008259,abnormal
2024-01-01 00:00:57.270,0.3346778466918199,0.04818374855057906,6.6206098927163834,-0.5462251624025583,0.917653660493512,0.20485795989343192,abnormal
2024-01-01 00:00:57.280,0.2806670390264974,-3.253885733762769,6.785282111024209,-0.027787307056268466,-0.38599449838292077,0.1374221157323107,abnormal
2024-01-01 00:00:57.290,0.4523132720022408,-0.3071628650856714,7.573523120823992,0.5161370079002554,0.2252600953721921,-0.578791874522066,abnormal
2024-01-01 00:00:57.300,-3.776044671757832,0.016735167490127528,6.242257282754928,0.18076738206933277,-0.6892055404515931,0.6141873914270244,abnormal
2024-01-01 00:00:57.310,-0.6143743223192045,-1.1052697573805754,8.16820479983807,0.8795995371067951,0.3628387965319207,-1.0336199583609347,abnormal
2024-01-01 00:00:57.320,-0.45621812274977275,-1.9149649317680453,7.2054131482545065,0.6175985296534792,-1.4430530387766796,-0.25186624931787926,abnormal
2024-01-01 00:00:57.330,-1.4978740634490633,0.2360827312524757,7.022581633666866,-2.2640512736076026,-0.2664529326434738,-0.26565419336738455,abnormal
2024-01-01 00:00:57.340,-1.2263343436196512,0.7089989938512369,6.794986993139265,0.263157992699964,-0.4987256962560173,0.44668365136046545,abnormal
2024-01-01 00:00:57.350,0.19115894141927225,1.3362618550375707,7.0169185429129675,0.7343806619028689,-0.5674832392313623,0.8165575446963791,abnormal
2024-01-01 00:00:57.360,0.175830355669606,2.003408426193167,6.772898706220258,-0.6073551928716567,-0.7313853566959587,0.09075572126675155,abnormal
2024-01-01 00:00:57.370,-0.9609840572372558,-0.13646086026013693,6.990397781267387,-0.42004221974851147,0.9446381863992579,-0.7161648001781183,abnormal
2024-01-01 00:00:57.380,-1.5442484728298547,-1.4507173308684682,6.005400237500348,-0.49880229549427035,0.7223301503350945,-0.3807151357396872,abnormal
2024-01-01 00:00:57.390,2.228471887103407,0.8961326230505475,6.600896760163292,-0.5380944586732772,0.4008935323161385,0.04248447945737188,abnormal
2024-01-01 00:00:57.400,0.4358527896529289,0.5392407583351052,7.193121346453939,-0.6595525358965386,0.43031530548608043,-1.035495332541189,abnormal
2024-01-01 00:00:57.410,-1.520201968792496,-0.5974850654276299,6.359689162234714,0.06322470089781657,1.429564251211188,-0.24526191801350164,abnormal
2024-01-01 00:00:57.420,0.4238638172359283,0.13143907723454143,5.380813000435037,0.3657832700629446,-0.12652714510082286,0.15207144344805112,abnormal
2024-01-01 00:00:57.430,0.6004776043346344,-2.06989447862134,5.473634627398042,2.1787799818603597,0.0036159422744233435,0.5127311110590947,abnormal
2024-01-01 00:00:57.440,-0.7853260422859725,0.326216799447242,4.98072393062748,0.2728124840783001,0.6557644963697082,0.3453501425728232,abnormal
2024-01-01 00:00:57.450,0.5435344447356272,-0.31181190227199257,4.857151456325581,1.0700650090559982,-0.006221337417298126,-0.2047478228775062,abnormal
2024-01-01 00:00:57.460,0.4791023809090245,0.0334860796720757,4.420996896526422,-1.1176306200836204,0.6374958252013702,-0.2912074144005619,abnormal
2024-01-01 00:00:57.470,-1.7315556951177133,-0.30501333935218067,4.240600577815195,-0.39794377982723145,0.3302103683066361,-0.014889341151919165,abnormal
2024-01-01 00:00:57.480,-2.264923941388316,1.4078615885382968,3.8524694242374524,0.9274857063760177,0.33881538112912096,0.4905912889313552,abnormal
2024-01-01 00:00:57.490,-1.082941053696917,0.985062225892714,5.128596569848402,1.921711055469529,-0.7499784400359042,-0.15287064168361597,abnormal
2024-01-01 00:00:57.500,-0.00964683770827915,-0.2200928689643886,3.274377864188486,-0.45780462925149223,0.782242120508527,0.11701130917008874,abnormal
2024-01-01 00:00:57.510,-1.0888460680168992,1.8016500028294096,3.397756821681009,-1.5065503229248869,0.025203771478309715,0.39434438424039886,abnormal
2024-01-01 00:00:57.520,-1.535562292809175,0.03476988603339364,3.3743225739718126,-0.8742461455584343,1.189480259148184,-0.5787091199326887,abnormal
2024-01-01 00:00:57.530,-1.2536865925208096,0.3546514855980419,1.2844954312762589,0.9248800935712499,-1.0579403407147832,-0.3669682636265044,abnormal
2024-01-01 00:00:57.540,-0.7055677850517339,-0.6124135461673589,1.2113368274175937,-1.0336312554165634,0.16409959646378944,0.006104925588176532,abnormal
2024-01-01 00:00:57.550,-0.7510992936917068,-0.8928630376121924,2.027554854981463,-0.3024389071704609,-0.5027975637692197,-0.1494173222123399,abnormal
2024-01-01 00:00:57.560,1.9625741429475492,-1.4852388249574167,1.119762273860434,0.17688692766470224,-0.6322974610970161,0.6423967414746938,abnormal
2024-01-01 00:00:57.570,0.31263206402872973,0.22677091170989377,-0.2515076650772888,-0.8905100519949308,0.23560591064214548,-0.3702824126408894,abnormal
2024-01-01 00:00:57.580,0.8577282283269584,-1.0366801470517362,-0.5016176855589367,0.46529526740433985,0.0012057033483188523,0.9317954324701775,abnormal
2024-01-01 00:00:57.590,0.15593387487115948,0.5587441412682229,-0.07797042416933897,-0.27166016993593933,2.345222730148169,-0.07712605466382305,abnormal
2024-01-01 00:00:57.600,0.28398650174373663,-1.1400955015328553,0.41001568733562477,0.6591602176696952,-2.431298942744587,-1.0136578757337489,abnormal
2024-01-01 00:00:57.610,-0.4951779724914823,1.0438653944209058,1.2218924734314478,0.7253664351287948,-0.58996607657924,-0.49395642999262784,abnormal
2024-01-01 00:00:57.620,-0.23175231767741747,-1.3958054055999491,2.661717447072329,0.877569541540972,-0.283772782836532,0.8080607853994243,abnormal
2024-01-01 00:00:57.630,-0.021924580751339007,0.4288323198582631,3.3160727362883353,-1.3303478838885054,1.0278503612697045,1.4843205089286893,abnormal
2024-01-01 00:00:57.640,-0.36696080041621426,-0.014138297212156587,3.4126166558439976,0.2864728398626226,-0.16563288794618442,0.08274022839048052,abnormal
2024-01-01 00:00:57.650,-0.5467964556989873,-1.1365269755948144,3.962144682427472,-1.4358748956054461,1.7126211579600987,-0.2678796715317157,abnormal
2024-01-01 00:00:57.660,0.7958850469134569,-2.0803136794172907,3.2834855514946937,0.30546880086596534,-0.6531257106346713,0.521998373150249,abnormal
2024-01-01 00:00:57.670,-1.0052706023787197,-0.2694309492360108,3.2488705678518994,0.5698274890898272,0.16775599052186402,0.4652872475799352,abnormal
2024-01-01 00:00:57.680,0.008760492477699642,-0.8184275462906722,3.3163750409082984,1.2185119066411028,-0.7288000296173023,-0.2799706558019555,abnormal
2024-01-01 00:00:57.690,1.019059927190323,-1.9772998203240888,4.7989465170920065,0.6020256095918245,1.215195751190887,-0.5518202567928002,abnormal
2024-01-01 00:00:57.700,1.5171850404362481,0.919490066050769,4.862028767532982,1.347385715291698,-0.05613351387327653,0.39789659768839547,abnormal
2024-01-01 00:00:57.710,1.0588199992773664,2.7824321702081454,5.07798272785399,0.1864859824392943,0.03340873675274708,-0.05881182238011839,abnormal
2024-01-01 00:00:57.720,0.9211058858215659,0.4344933711768368,4.8124303096946575,-0.7839333869533445,-0.75196582476198,-0.5021325480702795,abnormal
2024-01-01 00:00:57.730,-0.08387733517574802,0.33872585380748055,7.056030810005398,1.09697277429903,1.2644435585505862,-0.3467986531482914,abnormal
2024-01-01 00:00:57.740,1.2788841742418968,-2.430841889581016,6.323623946465867,0.9269605825756612,-0.0720416648382065,-0.05831974455976065,abnormal
2024-01-01 00:00:57.750,0.15761456639819302,-0.5156419094094599,7.165491408921335,-0.3956893963271513,-0.1677614335406812,0.16075818869859432,abnormal
2024-01-01 00:00:57.760,2.160330258501551,0.4741016352825778,6.210654765695378,1.166868651357241,0.845912801479799,-0.36239505930359617,abnormal
2024-01-01 00:00:57.770,-0.5460539947647158,-0.7059458061862852,6.067598749596938,0.12651587835008185,0.5333823902737005,-0.7835978731560864,abnormal
2024-01-01 00:00:57.780,-0.8610356981539447,0.40833906213007215,6.80138132277258,1.1513234209374081,-0.6289321242164456,0.28223345059962857,abnormal
2024-01-01 00:00:57.790,-0.18395581337237527,-0.7564091071193167,5.955002972141805,-0.8356402424216024,-0.5764893635799944,0.517631189586385,abnormal
2024-01-01 00:00:57.800,1.2065264372474869,2.6081213631334594,6.915424966055592,-0.20154217722933043,0.7108168674277078,-0.23813344162663302,abnormal
2024-01-01 00:00:57.810,-0.034049157056176754,-0.4947696525386245,7.155274032646687,-0.2834947278994147,-1.5861889357182077,0.35171810841621415,abnormal
2024-01-01 00:00:57.820,-1.246769750419165,2.110443323533275,7.393023359921597,-0.5898181647414686,1.020644530867491,-0.2998324174352778,abnormal
2024-01-01 00:00:57.830,0.9276599613685921,-1.098242567302032,7.549590258383456,-0.3210165227292802,0.1283715879810544,-0.5079318336506737,abnormal
2024-01-01 00:00:57.840,-2.5455061157447467,0.6506936002288825,5.930736323155152,-0.5262599722043055,0.06197810906506093,0.02922125640686379,abnormal
2024-01-01 00:00:57.850,0.5745607640085956,-0.826524011649982,6.53709517932528,0.28628818704993264,0.2996494485574913,-0.09569453205052952,abnormal
2024-01-01 00:00:57.860,-1.5963622203689714,0.4004382284528459,5.751362498743841,0.3282268978735529,-0.027936416622174946,-0.4084763341690074,abnormal
2024-01-01 00:00:57.870,0.9328593165144985,-1.199292801859713,6.178556903954466,0.5940091178547544,-0.16151829488831868,0.3552859075843019,abnormal
2024-01-01 00:00:57.880,0.029923414459591454,-0.30013542235295926,5.876511924374103,0.12605200991288032,1.0710291360980453,0.5679746400240145,abnormal
2024-01-01 00:00:57.890,-1.9819379757280067,0.4161304649250742,6.2231429753847864,0.6916544253236219,-0.20937995136807708,-0.3754345182501772,abnormal
2024-01-01 00:00:57.900,0.8757661305257666,1.5882461575063782,6.140438654239877,0.12276793581617529,-0.7725343970514026,-0.8193286754840835,abnormal
2024-01-01 00:00:57.910,-0.7683253715686246,-1.4135576999133785,5.4424972598505335,0.33650013048214905,0.8338600087614368,-0.24056160573686305,abnormal
2024-01-01 00:00:57.920,1.7917262662265185,-1.3787581549686818,5.590514311627543,1.5993605587280448,0.3977814631596761,-0.7246775075939103,abnormal
2024-01-01 00:00:57.930,-1.0664430937031406,0.41522489080541974,5.296601744235399,-0.6002113181281605,0.17556006155878384,0.25908948258072845,abnormal
2024-01-01 00:00:57.940,0.42206857365605127,1.8548502156986588,4.746718898917641,0.6788490218511535,0.6620311149224921,0.08027299464288584,abnormal
2024-01-01 00:00:57.950,2.71402227653856,-1.371479883863459,4.1468873348088255,0.43747661012704586,-0.1890816486038628,0.3354759725461589,abnormal
2024-01-01 00:00:57.960,-0.18446905415633208,-1.2375321451871553,4.555091401876598,-0.23186420257893045,0.36204146061718756,0.059967241782081834,abnormal
2024-01-01 00:00:57.970,-0.8881372295355898,0.7463287758057674,2.6084532080559057,0.6113687720862001,0.1941939682687329,-0.27266352773364594,abnormal
2024-01-01 00:00:57.980,-0.31067525530639667,0.4035103365608787,3.260185324617121,-0.6724872476418252,0.6547418360296529,-0.37233064490223294,abnormal
2024-01-01 00:00:57.990,0.47636533091243183,-1.542136699817546,2.8472546118196624,-0.6820316277707283,0.10115385353127902,-0.24092488826412783,abnormal
2024-01-01 00:00:58.000,-1.382918017958131,2.533447602354214,2.6081741330759076,0.7263279844050169,0.028776211012779565,-0.1881039578527468,abnormal
2024-01-01 00:00:58.010,-1.37034204947945,-0.1989033631483085,2.2968424261130167,-0.41428758600412907,0.8166207408785238,-0.453146943845205,abnormal
2024-01-01 00:00:58.020,-0.02109705699568656,-1.6999539756413882,1.636014869200519,0.5033841652172022,1.4398748621331985,0.33822189553254123,abnormal
2024-01-01 00:00:58.030,-1.08975441345096,-0.11618989711174951,0.9713979462842645,0.690580395367268,0.9924421696432214,0.6594864021911515,abnormal
2024-01-01 00:00:58.040,0.05621001423635331,-0.048522081664579164,0.43112002459708426,-1.2836833820248488,-0.25388671775851246,0.5074803491642953,abnormal
2024-01-01 00:00:58.050,1.18820069963622,1.5863685499784375,0.10061995072200797,1.2486068535516206,0.030627011514278893,-0.5037439623367272,abnormal
2024-01-01 00:00:58.060,-1.7289174733861878,-0.7131356724384934,0.49507655557734864,0.8097199560386174,-0.6127308467652522,0.11415090373693224,abnormal
2024-01-01 00:00:58.070,-0.040256265235912345,2.2592630967599887,0.8328595471816672,-0.07358954722384867,0.21921072927089646,-0.6264455461111972,abnormal
2024-01-01 00:00:58.080,-1.478292407184162,0.22530337725919367,1.1586966715566065,1.246700481374048,1.0969321962590275,0.9440898585397753,abnormal
2024-01-01 00:00:58.090,-0.9397691128461987,3.5241350858094953,2.3169204760592654,-1.8916729610357494,0.04291482914185432,0.4035830514453966,abnormal
2024-01-01 00:00:58.100,0.2293548579910432,-0.41475765210066406,2.5862896532522752,-0.43873319673190897,0.2861696811821008,-0.8024250006717923,abnormal
2024-01-01 00:00:58.110,0.7686455807296675,0.17486873122079463,3.1015053021894428,-0.9692175283766642,-2.1860612775983146,-0.983320476048559,abnormal
2024-01-01 00:00:58.120,-1.1274112523653326,0.5309161558823391,3.632912646655055,-0.8148748368790163,0.5718810361077258,0.0905687036117832,abnormal
2024-01-01 00:00:58.130,0.39643344686568177,1.306880456495836,3.489168536890751,1.6242838840222416,-1.3057825894379953,-0.9006700228713986,abnormal
2024-01-01 00:00:58.140,-2.4235677586434416,-0.05909897679611168,3.2012573821871797,-0.8633168341634693,-0.5537394786651426,-0.5910699883792678,abnormal
2024-01-01 00:00:58.150,-1.4761275521670931,0.22023407788148172,4.426433709182878,0.6372592824614371,0.06094505830062972,0.15096346222254725,abnormal
2024-01-01 00:00:58.160,-0.7216568103131948,1.6818851027951902,4.749486875824843,-0.3748787866344861,0.10860575211129064,0.10133839685473807,abnormal
2024-01-01 00:00:58.170,-0.663040199049557,-0.22298928026197085,5.030342345346151,1.312355979760758,0.4687376559880577,-0.8435993974255384,abnormal
2024-01-01 00:00:58.180,0.9161389324690005,-1.4988637717461333,5.448230632298364,-0.9839763062581515,1.5920547484308034,-0.016724409536608913,abnormal
2024-01-01 00:00:58.190,-1.5752171624897076,-0.5306553202543612,5.048464543500471,1.2100409131610024,-0.7316654546251774,0.3453604829983599,abnormal
2024-01-01 00:00:58.200,-1.351989250126122,-2.075382702697594,6.278224750726086,0.5114497212122501,-0.8342697838776332,0.6403710254968782,abnormal
2024-01-01 00:00:58.210,-0.17385254818816948,0.48478167608782785,5.321548057603104,0.6058275266234281,-1.3334688933024401,0.06346323339536446,abnormal
2024-01-01 00:00:58.220,2.2686673823515466,2.5710100422048634,5.828757190884877,0.26919084679651145,0.3559071100914273,-0.27957848423311565,abnormal
2024-01-01 00:00:58.230,1.6268791283945778,-0.11949357313532477,6.930422576095594,0.9410540818999874,1.3980186970912492,-0.5272446994845666,abnormal
2024-01-01 00:00:58.240,0.7378177532619368,-0.05922087106001997,6.553495869720614,0.6153672829532532,-0.05668377731670046,-0.13650620437110558,abnormal
2024-01-01 00:00:58.250,1.0313208777475187,-0.9004434541447279,5.973123664213916,-0.36867640798096224,0.37784031713642163,0.35448129578550086,abnormal
2024-01-01 00:00:58.260,1.387616832480447,-0.683163331428184,6.379067583236519,0.4640672773993024,1.3175127127603201,-0.00950453842312779,abnormal
2024-01-01 00:00:58.270,-0.7589361806967589,-1.8169072668201514,7.478239069201926,-0.5534263902024479,0.7021734677828486,-0.5595452885921535,abnormal
2024-01-01 00:00:58.280,-0.44800009148803077,0.8398943850150439,7.574697353965583,0.5424529725634786,-1.596265945074813,0.5589312443740494,abnormal
2024-01-01 00:00:58.290,1.3191273517240354,0.12722755840528993,6.944473962549286,-0.37122543204716263,1.4178898655846792,0.722180288424278,abnormal
2024-01-01 00:00:58.300,-0.27287004634706147,-1.4574372326470952,6.92245801564369,-0.2885764401748432,-0.15431014261629047,0.606126079702955,abnormal
2024-01-01 00:00:58.310,-1.1362184257749857,0.5994258076555602,6.375624487606845,0.9427142886875357,0.1667442712748157,0.18729612228069623,abnormal
2024-01-01 00:00:58.320,1.4331252478963754,0.20304008875179677,6.794428210012732,0.447156325555548,0.12132109230636565,-0.7562789561933315,abnormal
2024-01-01 00:00:58.330,-0.2360577054404138,-0.4715062005017877,7.025715521070646,0.4672692971915483,0.09771233230190464,-0.6472448543372029,abnormal
2024-01-01 00:00:58.340,0.556728131899387,-1.5108317004568628,5.967271009330828,-1.1761930926548927,1.7809102603051323,-0.33429051463545545,abnormal
2024-01-01 00:00:58.350,0.5001237620356703,1.8638070510584575,6.504994412147744,0.361623379336636,0.16495044697104608,-0.07344272762442015,abnormal
2024-01-01 00:00:58.360,2.13830516274903,-2.086830222181588,6.172414684531666,0.8805112417487342,-0.37591645914101335,-0.3615484639000435,abnormal
2024-01-01 00:00:58.370,0.7256879520487776,-0.3708672740742093,5.022649930543055,0.7797296454851836,0.512334261871251,-1.1634213136527412,abnormal
2024-01-01 00:00:58.380,-0.012022915635863144,-0.17216458412714597,6.2261197934477845,0.6699480399463501,1.1570973457626959,-0.8355939777919715,abnormal
2024-01-01 00:00:58.390,0.2105369492993014,-1.5523245689036398,4.446753435470377,0.3440249588917835,-0.8386880886027734,-0.1524271594758371,abnormal
2024-01-01 00:00:58.400,-0.5628466796280109,-0.9614720033963304,4.31135560558802,0.8504790674857118,1.1171842686022564,0.07775191597460702,abnormal
2024-01-01 00:00:58.410,-1.222970109447077,-0.7703891021320093,5.136061926290717,-0.2867044532629933,0.5011718005177841,0.31285757380751616,abnormal
2024-01-01 00:00:58.420,-1.3588282061323678,0.43724359713875455,4.294479676886158,0.6115582182030556,0.8937701241101832,0.9202086703406794,abnormal
2024-01-01 00:00:58.430,-0.3529659148968432,1.0562710921077567,3.9133203990572047,0.8287157747742777,-1.21860229711785,0.5269961225778536,abnormal
2024-01-01 00:00:58.440,-0.1758453132727988,0.8353474414206213,4.093825052801105,-0.8288585213370243,-0.5925676183311882,-1.0259443489778002,abnormal
2024-01-01 00:00:58.450,-0.2529989621049573,1.2585500894668706,2.7629581368011142,0.7723458771554026,0.6928842179238486,0.04874750276301226,abnormal
2024-01-01 00:00:58.460,-0.9546831838777728,-0.7502901729853436,2.440476780915068,-2.030903892064557,-0.36801155757317244,0.1869653573873243,abnormal
2024-01-01 00:00:58.470,0.6510849545442813,0.013074028808677429,2.23870029808956,0.4386010176219797,-0.2753582530194466,0.2597527680661925,abnormal
2024-01-01 00:00:58.480,1.4398092359498975,-0.8544895182194258,3.176328409911302,-1.6161653559316507,1.6850391847780581,0.26413390443722984,abnormal
2024-01-01 00:00:58.490,0.26784078347527485,-1.8884930421072763,1.4129366690500351,1.4620695518398226,-0.5424731630142073,0.613530364996533,abnormal
2024-01-01 00:00:58.500,0.8026679654599297,0.42971518771106676,1.4940436071839724,0.06485628974200547,-1.5277667961159258,-0.31593673504205877,abnormal
2024-01-01 00:00:58.510,0.18519438732425292,2.2027478072968374,1.267995169529887,-0.6587806057141211,-0.9847159503921811,-1.079731266763579,abnormal
2024-01-01 00:00:58.520,-0.6792576116352399,-0.6734400601518409,-0.854065884650227,-0.1246206129103146,-0.725314676434667,0.13248596019082612,abnormal
2024-01-01 00:00:58.530,-1.807355116002251,-0.20495604443332519,0.2765388890348254,-0.9492425579616338,0.292063729410229,-0.12820058631068185,abnormal
2024-01-01 00:00:58.540,-1.6459576143894312,-1.314183883585086,-0.24930951377916089,0.12705774278690402,0.43167049376929356,0.2825495535634704,abnormal
2024-01-01 00:00:58.550,-0.8509254128274325,-0.4676397026547756,1.7255385845321936,0.3852717511464298,0.1697744519905772,-0.06718533096378103,abnormal
2024-01-01 00:00:58.560,-2.2750891927993355,0.3187006539704461,1.821745157699178,-0.3302621142853759,-0.6204482183893426,0.22203415165492726,abnormal
2024-01-01 00:00:58.570,-1.3050758166788932,1.8304838666770493,2.7491383749431444,0.9506479245342826,-0.31273266012964496,-0.7759262500549721,abnormal
2024-01-01 00:00:58.580,-0.30612646784952097,2.250146996076049,2.7925065806106684,1.2105010156481832,1.1000186232849702,-0.8686474970392788,abnormal
2024-01-01 00:00:58.590,0.19869375261228384,-2.143526612555744,2.8384774469288288,0.6847823904987589,1.022486539942879,0.03745883736826105,abnormal
2024-01-01 00:00:58.600,1.6667091459427166,0.46583886166853966,3.2592133668308985,-0.45834462865076453,-0.8942235597107487,0.058852566589119935,abnormal
2024-01-01 00:00:58.610,-0.34068410836401825,0.9599823443390166,4.450089857610618,-0.2812664615332082,0.5081326800792196,-0.4376382021038602,abnormal
2024-01-01 00:00:58.620,-0.8382435576635525,0.6791915408774827,3.881957283209283,-0.9890041187720534,-1.345052397485657,0.008824973746747001,abnormal
2024-01-01 00:00:58.630,0.5445822333986183,-2.0963817032795924,4.6094559009374585,-1.395376000936345,0.9073353127634254,0.2706419966394147,abnormal
2024-01-01 00:00:58.640,-1.0221979356253943,0.8737622914910004,4.947754754972576,0.06965536461334668,1.0627586834874239,0.7446011091949337,abnormal
2024-01-01 00:00:58.650,0.19161317825537985,0.04379358083818049,5.042494304472947,0.43999783477720694,0.8161717901296236,-0.2432915320716631,abnormal
2024-01-01 00:00:58.660,0.5364054217790681,0.6417592976284959,5.174908910152533,-0.5302369059193488,-0.24062478820126892,0.3526439760709298,abnormal
2024-01-01 00:00:58.670,-2.1973278717533877,-0.19351764811639016,6.130857450003074,1.4571605447615013,0.5795368588672003,-0.7205027298794431,abnormal
2024-01-01 00:00:58.680,-0.2916676995870366,0.4813182925792642,7.172301340088832,-0.09235947156292837,-1.1875678393693352,-0.3585563842907488,abnormal
2024-01-01 00:00:58.690,0.1911981466042566,-2.687575143206015,5.792268806622664,0.24691714483632035,-1.4050847492265062,0.025178616302835417,abnormal
2024-01-01 00:00:58.700,0.7001524107982143,1.0013532717751825,6.756737002712722,-0.1984686561044643,1.6213092894068035,1.3796388387895127,abnormal
2024-01-01 00:00:58.710,1.0361502007563492,-0.29276350449679206,6.369820747819281,0.5197482013428882,-0.37020089971695846,0.7471085047694407,abnormal
2024-01-01 00:00:58.720,1.143010353682997,3.704791038623279,6.074808993506327,-0.7691315171554147,1.09987403573745,0.5731538279614778,abnormal
2024-01-01 00:00:58.730,-1.2752914285588872,1.1086555780655925,7.099949907998266,0.7989722011495257,0.6956074453093218,0.03194133887425309,abnormal
2024-01-01 00:00:58.740,-0.08853597069224588,-1.325329752655273,7.188211468310324,-0.1343786990870244,-0.8889243008554184,0.03818320916109802,abnormal
2024-01-01 00:00:58.750,0.30132789036628166,-0.6788069456891357,6.702501230902587,-0.5503414000546625,0.13195497619494811,0.21128093294873104,abnormal
2024-01-01 00:00:58.760,0.8267765555919603,-1.9040850602306734,6.921263316922898,-0.33302280869768053,0.23362312952475278,0.4984129135737522,abnormal
2024-01-01 00:00:58.770,-0.8093516870174619,0.9432458793595087,6.9014253658529245,1.1858468864679084,-0.8343248403142676,0.00809741525245817,abnormal
2024-01-01 00:00:58.780,1.8557152330619364,-1.3920750710734426,7.396700665768961,0.05806198842493524,0.1460389569140045,-0.33359469284651955,abnormal
2024-01-01 00:00:58.790,-1.610487211153315,1.4737440665844954,7.9033327023812125,-0.8206757191544367,0.15392387456058498,0.4694791772372598,abnormal
2024-01-01 00:00:58.800,1.2021867489683395,-1.305983745699705,6.261199054485005,-1.183410774471981,0.06227458274150118,-0.12735255273209592,abnormal
2024-01-01 00:00:58.810,0.52540269433524,-0.37878805119435993,6.70605406100531,0.3637861624972418,-1.0409253250167174,0.450358130395802,abnormal
2024-01-01 00:00:58.820,0.6050557268704808,-1.3016076742425764,6.594016868058592,-1.6636025607477753,0.76796730316259,0.7598528693198173,abnormal
2024-01-01 00:00:58.830,1.2088548472366154,1.2360236068768005,6.640898343549174,-0.3538178160846637,-0.6960947416926786,-0.4127224642339261,abnormal
2024-01-01 00:00:58.840,-0.183275671163257,-0.4586438969265423,6.072997090308797,0.3019193176597841,1.0145793313274325,0.8737776662817539,abnormal
2024-01-01 00:00:58.850,-1.3950525446772768,0.02387321726005519,5.1775936454960805,0.053040405808583095,-1.1603665452782561,-0.4987622853858858,abnormal
2024-01-01 00:00:58.860,0.5340835885195052,-1.5184979473681663,5.333229723046083,1.4293338210689341,1.349037665196124,0.0779007044513167,abnormal
2024-01-01 00:00:58.870,-0.1975467055394159,-2.2259442437596095,5.14405479980084,-0.805488716996558,1.714403636257226,-0.536660437225036,abnormal
2024-01-01 00:00:58.880,-0.8323042997270109,1.873864327148674,5.672720358141387,-0.641258601783467,-0.28274601454791776,-0.6156678771755527,abnormal
2024-01-01 00:00:58.890,0.4880766494211482,1.0631765465817697,3.8760686840837693,1.4610600570855852,-1.1638993276509306,-0.005481080724816032,abnormal
2024-01-01 00:00:58.900,1.8872572938720502,0.31792414699671717,3.50974966147162,-0.9292481424068296,1.0420945613707289,0.056831301395109536,abnormal
2024-01-01 00:00:58.910,0.6625978983623592,1.01669844624418,5.044797276398459,-1.6791860353981602,-0.31573875958648484,-0.284788480020846,abnormal
2024-01-01 00:00:58.920,1.783257696332812,-0.2964516636015446,4.248900192822864,1.429569435651163,0.12042722327218267,0.6427866973576036,abnormal
2024-01-01 00:00:58.930,1.0008999497811057,1.8028737026597919,3.290723329143423,-0.03384180727133849,-0.7251725487809129,-0.6553832227125379,abnormal
2024-01-01 00:00:58.940,1.27806549056502,1.5660010584622526,1.791111800833069,-0.5327715226229783,-1.5577584594856428,0.3821412429172521,abnormal
2024-01-01 00:00:58.950,2.110655279941587,0.7720259066184247,2.2546707565153685,0.7429734014079087,-0.08430815656808512,-0.6118368759022623,abnormal
2024-01-01 00:00:58.960,0.4138433071473066,0.2749681235339717,0.9787023414981436,0.13140426695800872,-1.0075610689919265,-0.7691781034937853,abnormal
2024-01-01 00:00:58.970,-0.8688987621246673,-0.1652222846528613,1.1996761188130336,-0.6805449651256392,-0.12596422440654315,0.009967314700733903,abnormal
2024-01-01 00:00:58.980,0.5264327146516006,1.286051059554599,0.7612655850176108,0.7553460097039867,0.24042375852729325,-0.7645911010927754,abnormal
2024-01-01 00:00:58.990,1.1331160826318578,-0.7838776757621055,0.4259419696622378,0.6155187112569015,0.5151458434184419,0.4878525129744714,abnormal
2024-01-01 00:00:59.000,-2.1798849558334146,0.026009216769717732,0.46615819631436384,1.372793059971912,-0.560086842770705,-0.8193072706013637,abnormal
2024-01-01 00:00:59.010,-1.328690033046816,1.1073993493224459,0.22777935772558522,0.6666789943094957,0.792709879330838,-0.14404158242004356,abnormal
2024-01-01 00:00:59.020,1.5633955238089798,-0.5586965473107972,1.2247050729562814,-0.09386897639400084,0.7909678040304905,0.9873500470832796,abnormal
2024-01-01 00:00:59.030,1.7167750207055275,-0.5716550806510747,1.197424544505257,1.044832577141515,0.5379798295209741,-0.30215433702165434,abnormal
2024-01-01 00:00:59.040,0.2690516680947751,1.4660963455710323,2.4266447834148197,1.836670310418251,0.23357265951539904,0.05706636044862526,abnormal
2024-01-01 00:00:59.050,0.4988257189369377,-0.07700600446115675,2.0827055298415966,0.03895379017162873,0.05951780151091063,0.1278603264182569,abnormal
2024-01-01 00:00:59.060,-0.42747340504519327,-1.3670962486296703,1.863159343587249,-1.7978206059291535,0.2638788503563993,0.20653151886044255,abnormal
2024-01-01 00:00:59.070,0.19228639098132674,-1.2079434677198768,3.58635803352109,-1.5391862255216846,0.7317521030476059,0.2897666128121214,abnormal
2024-01-01 00:00:59.080,-0.7837129806669105,0.07646663443280184,3.594844254836222,-0.18247558411441026,-0.01984981071292251,-0.011545205372339435,abnormal
2024-01-01 00:00:59.090,-0.5438990134254815,0.9029394851628405,4.255021286607789,0.9145843290656582,-0.03802479396899455,0.5269360271720469,abnormal
2024-01-01 00:00:59.100,-0.16547835621922188,0.057936467360339354,4.026274102136034,1.112719044078207,1.0329414041865388,0.4661470052834792,abnormal
2024-01-01 00:00:59.110,2.735710741133276,-1.1244404080860635,4.992848748331202,-0.7246351837403163,-0.3676566175029721,-0.12624861904122162,abnormal
2024-01-01 00:00:59.120,-0.3324026644182704,-0.5678874079845686,5.293956891736023,-1.0077775313376036,-0.8635466836657152,-0.491032833263409,abnormal
2024-01-01 00:00:59.130,0.5847948398204685,0.578427934246416,4.789772217371643,0.5008769920175734,-0.9381221397210737,-0.009892159718844629,abnormal
2024-01-01 00:00:59.140,0.741015923933062,-0.8818559974143616,5.826258385813807,2.201403179173938,0.9867720963310236,0.1122930954028777,abnormal
2024-01-01 00:00:59.150,-0.3793682594304806,-0.8625910513334107,4.99029437044012,-0.009988476860571293,0.0923702171113121,0.43429404752432743,abnormal
2024-01-01 00:00:59.160,0.9572121446959125,-1.0546635870929046,6.226066913202833,-0.39856062821475086,0.6622943952097237,0.19421023321437075,abnormal
2024-01-01 00:00:59.170,1.1886284099006559,1.3084276742174175,6.476914142212662,-2.141622145821327,0.31434035389072545,0.9959988290252131,abnormal
2024-01-01 00:00:59.180,-0.3075981082829321,1.3257670800993382,6.587312599081238,-0.8484649357212596,0.13891919380747392,-0.34336325119476,abnormal
2024-01-01 00:00:59.190,-0.8328160560364352,-0.7111646261028435,5.7636452217385585,0.41680140910460783,-0.6419465245634248,0.4765494673172162,abnormal
2024-01-01 00:00:59.200,-0.23365767252285685,-0.07743301620872972,7.116200233658942,0.39003575966954535,1.7227270128866954,0.5042540783072934,abnormal
2024-01-01 00:00:59.210,0.14293368635717735,-0.7834416691476409,6.409397491978382,-0.09176651683759272,-1.7322585944698743,-0.9012417644585754,abnormal
2024-01-01 00:00:59.220,-0.7767963361546858,-1.3336620851712175,6.198776377478708,-0.8060319970674189,-1.359718819667456,-0.005465890598160459,abnormal
2024-01-01 00:00:59.230,1.0047292888947112,-1.3276654150436282,7.069364990620289,0.3828986251266359,0.20953310253602256,0.13770851906163922,abnormal
2024-01-01 00:00:59.240,0.46185776328893063,-0.9999604465884554,7.458754147504426,0.07323224305837164,1.047634728818052,-0.6177221779579618,abnormal
2024-01-01 00:00:59.250,0.29771903844065495,-1.2763187082221357,7.476910646840405,-0.6946783997332304,1.7788731216946185,0.5485664191657548,abnormal
2024-01-01 00:00:59.260,-1.0198475186246734,-0.6279262844180662,7.313959240510676,-0.3504674273988223,0.23896748944256738,-0.6645278483821783,abnormal
2024-01-01 00:00:59.270,0.6034920294123319,-1.648515835220046,6.6679315816650515,-0.34146723465860457,0.36523714178129857,0.4071069620414716,abnormal
2024-01-01 00:00:59.280,-0.8822856316625266,0.9674362017881979,4.948156503753532,0.3178199911044448,0.8307059791469041,0.532400863697746,abnormal
2024-01-01 00:00:59.290,1.527249419712811,-0.16404069021799925,6.485587338814392,1.000199942635432,0.43017274683681417,0.5219924246921119,abnormal
2024-01-01 00:00:59.300,0.9961465845892943,0.4376706429236121,6.573511321310852,1.6865532596317843,-0.7670950104671453,-0.47241439623955267,abnormal
2024-01-01 00:00:59.310,-1.5544999659162204,-1.9138077008804855,6.3807649192084765,0.526403302819807,0.0727715219171361,0.6559753861989128,abnormal
2024-01-01 00:00:59.320,0.2646012439176733,-1.0720766832291402,5.568602528770485,-0.25942349428769385,-0.11774748735452227,0.654276772320453,abnormal
2024-01-01 00:00:59.330,0.6246261801088362,1.9916275801113452,6.536806914099864,0.13895708224956596,0.9292022237260827,-0.038352492655300295,abnormal
2024-01-01 00:00:59.340,-0.7375875884607749,-0.7965828716482272,4.785967657303657,0.3613901680494039,0.0778291629180459,0.7829607917163739,abnormal
2024-01-01 00:00:59.350,1.037495524281923,2.5480338158353564,4.742076579789331,1.8551513318469168,-0.3847062198004394,-0.7712341724036406,abnormal
2024-01-01 00:00:59.360,0.6763839670517411,-1.3096761490684388,4.908872671461294,0.18669070954646294,-0.5762991916449489,-0.979581722551505,abnormal
2024-01-01 00:00:59.370,-0.24006306438277913,-0.4788930177654278,4.404182323680289,-0.6402532094466706,-1.39681089678938,0.4036032963023727,abnormal
2024-01-01 00:00:59.380,0.2651531494971083,0.36393407288843027,3.866990626590203,-0.5480227927550115,-0.15641645028551024,0.03053859562666312,abnormal
2024-01-01 00:00:59.390,-0.7061300538519711,3.025959098439207,3.6016558666818486,-0.40177430636865974,0.11532514723144603,-0.8590425540599469,abnormal
2024-01-01 00:00:59.400,0.2266391920878715,-0.5145490911208969,2.84302747641254,-1.12904138335911,0.7061052228711201,0.10610084259330331,abnormal
2024-01-01 00:00:59.410,-0.6920547579266463,-1.929512682212179,2.28675003933487,1.0463500770194973,2.291805923721593,0.5240531835770568,abnormal
2024-01-01 00:00:59.420,-0.14359568795584782,-0.44028978928156554,2.11204207347375,-1.1872438600771251,-0.16462326419613352,0.9741231013001628,abnormal
2024-01-01 00:00:59.430,1.751955406365335,0.09570794516729052,1.3438933261663022,-0.3557486224286289,-0.5871263492113357,-0.2301761245058503,abnormal
2024-01-01 00:00:59.440,2.225974181374805,1.53990118200329,1.8450903249142798,0.6114477272176094,-0.09766500968131052,0.2353199272965884,abnormal
2024-01-01 00:00:59.450,1.0458066880444785,0.06714991986319362,0.23033341641539196,-0.18559471062238106,-0.4010726307448943,0.39710173880188926,abnormal
2024-01-01 00:00:59.460,-0.3133679539689482,-1.2021399486275253,0.08697651071747756,0.055218580783720266,0.13605666884493015,0.20042898036109236,abnormal
2024-01-01 00:00:59.470,0.5442051563253277,1.3746059452391748,0.04062644602531426,-0.4885486914277799,0.2673984287210954,0.3151803036707898,abnormal
2024-01-01 00:00:59.480,-2.3532499952745827,-0.8140399484321333,1.0788500645397305,-1.5973291076757408,0.28881260532499753,-0.23196247771133727,abnormal
2024-01-01 00:00:59.490,0.5792181131168345,1.6716143607043352,0.8158040707148577,0.33518100162580655,-0.09421923001593495,0.1861080957699027,abnormal
2024-01-01 00:00:59.500,0.6374652851439895,1.6857683393360228,1.4913359590329238,-0.9518261066512161,0.6080575846373896,-0.5680215862313996,abnormal
2024-01-01 00:00:59.510,-0.5276487313799658,0.6070798631854734,2.1121234519020446,-0.10086420580867696,-0.6876321293334167,-0.17808513036892684,abnormal
2024-01-01 00:00:59.520,0.7195464210381718,-2.0600348643156754,2.079796628818481,-0.26021128660659637,0.4106304495771214,1.107548681793332,abnormal
2024-01-01 00:00:59.530,0.513979369304881,-0.3437530546928536,1.9221407750440875,-0.7294122258001834,-0.3389116863933706,0.41013012078220495,abnormal
2024-01-01 00:00:59.540,1.291983692109522,0.337588844835447,2.838534570703425,-0.18359141492163075,1.0810331438496843,-1.1752450533429195,abnormal
2024-01-01 00:00:59.550,-1.641365114695827,-0.4653808910689009,3.369691205918796,-0.4457689682908527,-0.18038584762516932,-0.3468789818747144,abnormal
2024-01-01 00:00:59.560,-0.41263739663572324,-0.21985127544557126,5.122551599064363,1.282137177225302,0.14251401373371067,-0.11521653930466183,abnormal
2024-01-01 00:00:59.570,-0.6111217826685406,1.1565219877537778,4.220213843460926,1.0155783380950867,1.564187138519834,0.24839853262368594,abnormal
2024-01-01 00:00:59.580,-0.13433718101002537,-0.03378954396270847,4.965950237183462,0.3015996794892406,1.4187947977316784,0.5652169272067452,abnormal
2024-01-01 00:00:59.590,-1.5290986224740333,-2.6156424284407365,5.670014393605152,-1.211429448863012,-0.6224919072940838,0.06996729393060898,abnormal
2024-01-01 00:00:59.600,-2.620964520434192,-0.7456160093634766,6.102428355830712,1.946739679668238,-0.23965451095165055,-0.7311046339226621,abnormal
2024-01-01 00:00:59.610,1.7536905974172257,-1.6464979546227718,5.524886689857448,-0.9501395213847433,-0.9217510602723814,0.535619775809419,abnormal
2024-01-01 00:00:59.620,-0.6514804639953644,0.11439984280437725,6.163190303527846,-1.2393201006770904,0.16804261656080244,0.4393509390802666,abnormal
2024-01-01 00:00:59.630,-0.33691808910254545,0.011350543013814943,7.003196737613718,1.1541881504781881,0.2904841996618851,0.9305552483297471,abnormal
2024-01-01 00:00:59.640,1.1021169101240915,-0.7660271693113822,7.240496094991475,-0.18781886712982426,0.7751497424788392,-0.19433518298002994,abnormal
2024-01-01 00:00:59.650,1.1478913969059121,-1.7926105977483167,7.032220898195466,-1.3982719530558565,-0.4158142909684561,0.46525348230943087,abnormal
2024-01-01 00:00:59.660,1.3930873103186807,0.33039141301552893,7.073156371079614,0.7935119383771431,-1.3202089090506677,-0.6991440954180044,abnormal
2024-01-01 00:00:59.670,1.2593144158892575,0.7930207244876379,7.175113607347832,0.4948621078949187,0.35682300301952163,0.10530675846518259,abnormal
2024-01-01 00:00:59.680,0.45946759096989975,0.18936528054949345,6.997772776353864,-0.13759300996657664,-0.7724320276835283,0.29824673980924815,abnormal
2024-01-01 00:00:59.690,-1.2639832563122633,0.7053118297357125,6.176752450061285,1.104881263339165,0.028285666829878,-0.19669174416223717,abnormal
2024-01-01 00:00:59.700,1.2540480602779696,-1.7782155113319285,7.695428226012602,0.654091546737496,0.03208577765956915,1.280808639348687,abnormal
2024-01-01 00:00:59.710,0.9456164986223419,-0.3372567216428483,5.935446359399085,-0.10500699017452772,0.10999452887349061,0.22651392270202184,abnormal
2024-01-01 00:00:59.720,-1.6191217120149939,0.1507649208235793,6.662500250307436,-0.449690516141233,0.2628012673987619,-0.5172351350438974,abnormal
2024-01-01 00:00:59.730,0.0033779299607621933,1.6351979146015925,6.805395875883427,0.3349795793169606,1.0413618033473246,0.583324083082384,abnormal
2024-01-01 00:00:59.740,1.4021125333684406,0.5146920665305642,5.866515985219715,0.1861082749236301,-0.87699841194948,-0.5857140852556005,abnormal
2024-01-01 00:00:59.750,0.40961816746706237,0.8083682675967259,6.058820074467666,-0.857280478273242,2.160220929273155,-0.011842229436094961,abnormal
2024-01-01 00:00:59.760,0.8273922366233796,-0.5463522191946714,6.70560130433331,1.1352595363531257,-0.887919338266818,-0.25926539503586393,abnormal
2024-01-01 00:00:59.770,-1.0371687742778382,2.1497992794922736,7.4220554674095975,0.10705446674743091,0.7013905043370365,0.07255902782943725,abnormal
2024-01-01 00:00:59.780,0.7379161988948216,-1.9783542729234513,5.375038401204941,-0.5425098441510092,-0.47407209943731515,0.24624434798106123,abnormal
2024-01-01 00:00:59.790,-2.8170804774550198,0.9124234301752445,4.508935098487281,0.06590011439700258,0.9718244149974734,-0.508947227942838,abnormal
2024-01-01 00:00:59.800,0.013642854182532499,0.1866721811520954,5.230561046904494,1.0310374434490364,0.9432866677587968,-0.2439181618768474,abnormal
2024-01-01 00:00:59.810,-0.7672928079432942,-0.22851637648982487,5.227419598389186,0.8778826834504184,-0.2737285791484948,0.2741704584201305,abnormal
2024-01-01 00:00:59.820,0.9478774996288268,-1.6611388849759114,5.164145867195589,-0.5638588471371575,-0.9492158383038161,-0.7899451302196939,abnormal
2024-01-01 00:00:59.830,-0.37491366552578365,-1.0948106681459144,5.350380367020148,-1.1019192592027975,1.2824578866436585,0.5192766798828634,abnormal
2024-01-01 00:00:59.840,-0.8413632592558231,-1.158731934861989,4.139052083229639,-0.22253182769909777,0.543623598737462,0.03735696098718018,abnormal
2024-01-01 00:00:59.850,0.9865752563298654,-0.9243657096608067,3.746258662444084,-0.34842124957492443,-1.2397109741190677,0.07851079213297535,abnormal
2024-01-01 00:00:59.860,1.1605195762892901,1.6552519965607244,3.0507879453456197,-0.1213732221563498,1.3164856709512318,-0.31264453613279497,abnormal
2024-01-01 00:00:59.870,-0.7472770776994395,-0.45756080000714094,4.011960095046959,-0.02882014834542107,-0.568659936305146,-0.3670313375017193,abnormal
2024-01-01 00:00:59.880,-1.2373784830475298,1.3652343846214876,3.799180548977551,1.1570806811623036,-0.6037190335054903,0.516823772102539,abnormal
2024-01-01 00:00:59.890,-1.0864776720091354,1.235697101078815,2.521592957333421,0.2907760595432435,-0.48594381922609686,-0.6695584525423824,abnormal
2024-01-01 00:00:59.900,0.304902555304899,-1.2339247021036943,0.4005702715747952,-0.8810093279018391,0.35751609770240284,-0.7177700571971941,abnormal
2024-01-01 00:00:59.910,0.026646262074273373,0.5986950672854634,0.9399782218568788,-1.2100888822951352,-0.8781834888941984,-0.2528427689012148,abnormal
2024-01-01 00:00:59.920,-1.4172413191756774,-0.9632839085917314,0.7993317431071136,1.4240271266992237,-0.249339020762384,-0.13800572337067757,abnormal
2024-01-01 00:00:59.930,-1.332861823946976,-1.6070019895658516,0.7673714587301383,0.2624958865692115,0.15717381338447883,0.22059343218030464,abnormal
2024-01-01 00:00:59.940,0.28823820810748174,0.5098535582040584,0.08756844997878055,1.7409090397923164,-0.7708189579181725,-0.3556084747057681,abnormal
2024-01-01 00:00:59.950,2.089134596725211,-3.311010499558052,-0.7354987602378968,-0.8088080151972401,-0.8034971219290825,0.5093554187795164,abnormal
2024-01-01 00:00:59.960,-0.18754361860411212,-1.4062231250764894,0.6472453730924281,-1.057924697757955,-0.26594545822270305,-1.2666575198813714,abnormal
2024-01-01 00:00:59.970,-0.10636174176081187,1.9411901524874096,1.320867281738996,0.28254619253359153,0.3855021565312324,0.04921820631677997,abnormal
2024-01-01 00:00:59.980,0.8200410690579587,-0.29624763963971307,1.718044989776681,-1.2888564355279528,-0.3571966110431233,0.30594693533368317,abnormal
2024-01-01 00:00:59.990,-0.6581474827684946,-2.379984230401792,4.038810648672149,0.8808689650589355,-0.75266839111919,-0.4627330494573887,abnormal
