timestamp,acc_x,acc_y,acc_z,gyro_x,gyro_y,gyro_z
2024-01-01 00:00:00.000,0.34087,-1.047386,8.586739,0.191351,0.234963,-0.021513
2024-01-01 00:00:00.010,-0.094884,-0.472351,9.117238,0.268353,-0.375796,-0.004898
2024-01-01 00:00:00.020,0.444476,-0.227069,8.775618,0.124672,-0.065559,0.009644
2024-01-01 00:00:00.030,1.045179,1.036341,9.208301,-0.485624,-0.008332,0.142029
2024-01-01 00:00:00.040,-0.160688,0.305548,9.574863,-0.038856,0.003182,-0.112083
2024-01-01 00:00:00.050,-0.160676,-0.733179,10.729196,-0.288927,0.036099,-0.126952
2024-01-01 00:00:00.060,1.083735,0.266834,9.457367,-0.050651,0.122088,0.185493
2024-01-01 00:00:00.070,0.526652,-0.84947,8.068983,0.245001,-0.007081,-0.069397
2024-01-01 00:00:00.080,-0.322177,0.594397,11.061794,0.076288,-0.073612,-0.189455
2024-01-01 00:00:00.090,0.372332,-0.258647,8.890875,0.287023,-0.081518,-0.072769
2024-01-01 00:00:00.100,-0.31802,-0.051406,9.745525,0.085438,-0.122303,-0.049508
2024-01-01 00:00:00.110,-0.319607,0.727862,10.300297,-0.324581,0.157509,0.233244
2024-01-01 00:00:00.120,0.166047,-0.706653,10.029172,-0.630212,-0.129306,0.138724
2024-01-01 00:00:00.130,-1.312989,-0.767018,11.011409,0.037202,0.169354,0.172128
2024-01-01 00:00:00.140,-1.183725,-0.320396,10.335945,-0.053482,0.0038,0.122996
2024-01-01 00:00:00.150,-0.38587,0.57007,8.864282,-0.244236,-0.104251,0.141937
2024-01-01 00:00:00.160,-0.695055,-0.834121,12.202061,-0.425157,0.123681,-0.103212
2024-01-01 00:00:00.170,0.215652,-1.554853,10.023378,-0.183686,-0.145491,-0.02979
2024-01-01 00:00:00.180,-0.623132,-0.247686,9.64822,-0.048623,0.127637,-0.148487
2024-01-01 00:00:00.190,-0.969193,0.302906,10.86839,0.166469,0.042545,-0.031573
2024-01-01 00:00:00.200,1.005801,0.658944,10.083897,0.047158,-0.119265,0.102616
2024-01-01 00:00:00.210,-0.154939,-0.254276,10.248353,0.402017,0.105727,0.020187
2024-01-01 00:00:00.220,0.046341,-0.225873,12.546418,-0.258901,0.109318,0.196722
2024-01-01 00:00:00.230,-0.977733,0.633492,9.507917,0.220265,0.231504,-0.171212
2024-01-01 00:00:00.240,-0.373583,-1.026488,9.461099,0.011825,0.193229,0.075036
2024-01-01 00:00:00.250,0.076121,-0.213298,9.938003,0.173667,0.098255,-0.187245
2024-01-01 00:00:00.260,-0.789869,0.104543,10.986524,-0.109129,-0.225518,0.014126
2024-01-01 00:00:00.270,0.257823,0.246621,8.155826,0.26792,0.489717,0.11105
2024-01-01 00:00:00.280,-0.412188,-0.279884,7.65182,0.073806,-0.280723,-0.032175
2024-01-01 00:00:00.290,-0.200175,0.018908,9.165347,-0.169861,0.189853,0.082669
2024-01-01 00:00:00.300,-0.412921,-1.366092,8.015953,-0.003006,0.086257,-0.14396
2024-01-01 00:00:00.310,1.271126,-0.361378,9.343535,-0.059889,-0.234828,-0.249553
2024-01-01 00:00:00.320,-0.009262,0.248976,10.361745,0.122295,-0.02486,0.083554
2024-01-01 00:00:00.330,-0.725854,-0.539279,8.831958,-0.294944,-0.015751,0.261602
2024-01-01 00:00:00.340,0.564471,0.032382,8.243344,-0.007338,0.261117,-0.149407
2024-01-01 00:00:00.350,-0.837804,0.245333,9.886132,0.098827,-0.142662,0.183329
2024-01-01 00:00:00.360,0.143333,-0.18806,10.757073,0.008256,-0.052389,0.006514
2024-01-01 00:00:00.370,-1.344824,0.093585,7.948919,0.336735,-0.467214,-0.200354
2024-01-01 00:00:00.380,-0.911468,-0.52854,10.710615,0.193506,0.346953,-0.169726
2024-01-01 00:00:00.390,0.135096,-0.11343,10.707402,-0.00187,-0.214094,0.002368
2024-01-01 00:00:00.400,0.506773,0.335009,10.857585,0.054172,0.065382,-0.060669
2024-01-01 00:00:00.410,0.117601,0.086178,11.147891,0.073916,-0.020282,-0.196937
2024-01-01 00:00:00.420,-0.079364,-0.322006,12.227811,0.100825,-0.0196,-0.254106
2024-01-01 00:00:00.430,-0.206632,0.123095,9.419011,-0.456414,0.161972,-0.127008
2024-01-01 00:00:00.440,-1.014636,0.392321,9.93031,-0.075382,0.334252,0.029071
2024-01-01 00:00:00.450,-0.493993,-1.125418,9.352751,-0.37111,0.050299,-0.00096
2024-01-01 00:00:00.460,-0.316113,0.636332,9.812171,0.31957,0.131016,-0.075186
2024-01-01 00:00:00.470,0.72545,-0.184604,11.493095,-0.015212,0.065778,0.030283
2024-01-01 00:00:00.480,2.675808,0.233594,15.043174,-0.048335,0.203506,0.156004
2024-01-01 00:00:00.490,1.230114,0.657289,15.574567,0.224199,-0.092583,0.059119
2024-01-01 00:00:00.500,2.662403,-0.753049,18.032145,0.105581,0.215078,-0.018196
2024-01-01 00:00:00.510,2.175737,-0.389483,17.64,-0.282159,0.2221,0.139211
2024-01-01 00:00:00.520,1.975462,-0.158413,16.121281,-0.017726,0.216507,-0.143978
2024-01-01 00:00:00.530,0.419763,-0.430281,10.748133,-0.083792,-0.13203,-0.033738
2024-01-01 00:00:00.540,0.707523,0.95248,10.184655,-0.436133,-0.033668,-0.030163
2024-01-01 00:00:00.550,0.639091,-0.470368,11.457302,-0.172569,0.047893,-0.185543
2024-01-01 00:00:00.560,-0.575913,-0.304995,9.891812,-0.045885,-0.274168,-0.062981
2024-01-01 00:00:00.570,-0.212197,0.11221,10.936144,-0.028738,0.318984,-0.311244
2024-01-01 00:00:00.580,0.22733,-0.65998,12.710929,-0.370558,-0.002455,0.286827
2024-01-01 00:00:00.590,0.669468,-0.217229,10.466713,0.287916,0.056786,-0.140612
2024-01-01 00:00:00.600,-0.328833,0.174282,9.864162,-0.025526,-0.115401,0.237917
2024-01-01 00:00:00.610,-0.127408,-0.18274,10.603247,0.009388,-0.265376,0.005713
2024-01-01 00:00:00.620,-0.759222,-0.051269,9.408922,0.10016,-0.120806,0.08473
2024-01-01 00:00:00.630,-0.820897,-0.290603,12.431989,-0.197019,0.043841,-0.07332
2024-01-01 00:00:00.640,0.557596,-0.831444,10.007718,0.114089,0.134686,0.031189
2024-01-01 00:00:00.650,0.93072,0.176555,9.510319,-0.091769,0.032358,0.097573
2024-01-01 00:00:00.660,-0.049417,0.963458,8.892413,-0.224146,0.069345,0.099683
2024-01-01 00:00:00.670,0.688674,0.010102,11.014748,0.143362,-0.067405,0.116216
2024-01-01 00:00:00.680,0.248173,0.12367,10.762172,0.372918,0.09925,-0.05525
2024-01-01 00:00:00.690,-0.442713,0.380305,9.263905,0.181207,0.296567,-0.072054
2024-01-01 00:00:00.700,0.248008,-0.696862,10.442944,0.230744,0.140958,-0.239126
2024-01-01 00:00:00.710,1.055478,0.934681,8.153606,-0.130158,0.161908,0.078483
2024-01-01 00:00:00.720,-0.024586,0.111079,10.013098,-0.399405,0.058803,0.162357
2024-01-01 00:00:00.730,1.073737,0.895889,10.307126,0.372534,-0.300631,0.242397
2024-01-01 00:00:00.740,-1.7978,-0.402435,11.684648,0.513629,-0.208933,0.045776
2024-01-01 00:00:00.750,0.564031,0.998116,8.963641,0.385702,0.090975,-0.114972
2024-01-01 00:00:00.760,0.059736,0.42556,8.406369,-0.083946,-0.002188,-0.254564
2024-01-01 00:00:00.770,-0.205194,0.303619,8.82682,-0.288659,0.087969,0.15625
2024-01-01 00:00:00.780,0.062971,0.128479,8.342448,-0.266421,0.335285,-0.269441
2024-01-01 00:00:00.790,-1.363969,-0.136442,11.27765,-0.420933,0.145207,-0.051091
2024-01-01 00:00:00.800,-0.15075,0.659092,11.510406,-0.026845,0.251777,-0.033646
2024-01-01 00:00:00.810,0.245069,0.077058,10.161598,0.401419,0.018936,-0.010418
2024-01-01 00:00:00.820,1.014205,-1.079921,11.150982,-0.035416,-0.161443,0.00537
2024-01-01 00:00:00.830,-0.355663,-0.613335,9.957086,0.075581,-0.011573,0.020722
2024-01-01 00:00:00.840,-0.554829,-0.102029,9.705567,0.343899,-0.16095,-0.362304
2024-01-01 00:00:00.850,-0.344331,0.170189,9.444325,-0.101024,0.311659,0.002198
2024-01-01 00:00:00.860,0.628195,-0.031067,9.469191,0.508883,0.158078,-0.334436
2024-01-01 00:00:00.870,0.225605,0.669215,8.110514,0.498024,0.104102,0.109833
2024-01-01 00:00:00.880,-0.363548,-1.071155,10.100152,-0.032778,0.247189,-0.083269
2024-01-01 00:00:00.890,0.35223,0.07883,9.765713,-0.144384,-0.404011,-0.323556
2024-01-01 00:00:00.900,0.066619,-0.998071,10.628406,0.17431,0.117628,-0.122131
2024-01-01 00:00:00.910,0.664733,0.417082,9.912689,-0.086881,-0.262129,-0.085511
2024-01-01 00:00:00.920,-0.481784,-0.051858,9.631351,-0.289139,-0.001451,0.178605
2024-01-01 00:00:00.930,-0.224858,0.230366,8.85343,0.32031,-0.062342,0.029496
2024-01-01 00:00:00.940,-0.269084,-0.474272,9.889224,0.304112,0.132347,0.051667
2024-01-01 00:00:00.950,-1.004337,0.702426,10.620584,0.038878,0.045637,0.177183
2024-01-01 00:00:00.960,0.203213,0.571907,8.554614,-0.315716,0.269023,-0.014422
2024-01-01 00:00:00.970,0.179149,0.320366,9.906046,-0.307382,-0.120379,0.113128
2024-01-01 00:00:00.980,0.003509,-0.071105,10.065881,0.026807,0.141823,0.102579
2024-01-01 00:00:00.990,-0.160985,0.318342,9.021565,-0.124968,0.032445,-0.19297
2024-01-01 00:00:01.000,-0.971298,-0.388084,9.164534,-0.085273,-0.327058,0.220948
2024-01-01 00:00:01.010,-0.288668,0.4697,10.063211,0.255491,-0.183723,-0.213045
2024-01-01 00:00:01.020,-0.235188,0.905565,8.565504,0.183295,-0.029976,0.137605
2024-01-01 00:00:01.030,-0.550563,0.587765,10.194216,0.344536,0.222458,-0.227561
2024-01-01 00:00:01.040,-0.110682,-0.400552,8.826901,-0.247656,0.092745,0.090186
2024-01-01 00:00:01.050,0.27728,0.198418,10.977013,-0.085798,-0.2335,0.279287
2024-01-01 00:00:01.060,1.294395,-0.709935,12.376935,0.189745,-0.028063,-0.031947
2024-01-01 00:00:01.070,0.119804,0.314242,8.864889,0.11202,0.403561,-0.038453
2024-01-01 00:00:01.080,0.176744,0.247381,10.39656,0.383095,0.022245,0.091566
2024-01-01 00:00:01.090,-0.051089,-1.026529,9.012037,0.105134,-0.065465,-0.049409
2024-01-01 00:00:01.100,-1.316757,-0.637819,10.952968,0.462027,0.098348,0.272742
2024-01-01 00:00:01.110,-0.018195,-0.155443,8.420746,0.135004,0.152679,0.028829
2024-01-01 00:00:01.120,0.041333,-0.165172,10.337684,0.265542,-0.091234,-0.048025
2024-01-01 00:00:01.130,1.6904,-0.664003,8.851458,-0.080879,0.100515,-0.081043
2024-01-01 00:00:01.140,-0.132008,0.213549,9.582731,0.003572,-0.065778,-0.139942
2024-01-01 00:00:01.150,0.206937,0.138059,8.677934,0.227736,0.143866,-0.094163
2024-01-01 00:00:01.160,-0.023821,-0.106654,10.712941,0.403245,0.033939,-0.052601
2024-01-01 00:00:01.170,-0.802005,-0.41493,8.890996,0.182309,0.096394,-0.073146
2024-01-01 00:00:01.180,0.784262,0.57574,10.416057,-0.020793,-0.151837,-0.098726
2024-01-01 00:00:01.190,0.516014,0.908819,9.43218,0.344334,-0.164257,0.314826
2024-01-01 00:00:01.200,0.542846,-0.265475,9.684309,-0.547995,0.189099,-0.154514
2024-01-01 00:00:01.210,-0.624067,-0.33608,9.972236,-0.355559,-0.015879,0.021995
2024-01-01 00:00:01.220,0.962668,0.269673,8.973517,0.170409,0.057007,0.088878
2024-01-01 00:00:01.230,-0.96202,-0.196558,10.040983,0.003527,-0.061279,0.094516
2024-01-01 00:00:01.240,0.402731,-0.076529,11.490307,0.151378,0.179745,-0.008791
2024-01-01 00:00:01.250,1.5032,0.40607,8.955652,0.016102,-0.121562,-0.036105
2024-01-01 00:00:01.260,-0.679756,-1.048236,11.096648,0.142736,-0.02712,0.067732
2024-01-01 00:00:01.270,-0.388622,0.723748,11.454911,-0.203601,0.157199,0.039978
2024-01-01 00:00:01.280,0.068386,0.039902,8.913862,0.142622,0.234594,-0.038844
2024-01-01 00:00:01.290,-0.34551,-0.22591,8.21235,0.248604,-0.104752,-0.234282
2024-01-01 00:00:01.300,-1.064143,-0.04899,10.141553,0.305138,0.391937,-0.070189
2024-01-01 00:00:01.310,0.047051,-0.020626,9.208947,0.503389,0.062648,-0.171983
2024-01-01 00:00:01.320,-0.729006,-0.95043,11.861726,0.061025,-0.208586,-0.100074
2024-01-01 00:00:01.330,0.325003,0.820721,9.848219,0.068478,0.07381,0.004983
2024-01-01 00:00:01.340,-0.630955,0.022688,8.929185,-0.380793,-0.0766,0.05381
2024-01-01 00:00:01.350,1.063642,0.243208,8.550419,-0.132853,0.086814,0.267068
2024-01-01 00:00:01.360,-0.537508,0.522401,11.006716,-0.048271,-0.008571,-0.080611
2024-01-01 00:00:01.370,-0.221015,-0.560618,9.18284,0.26258,0.014855,0.116194
2024-01-01 00:00:01.380,0.558276,0.259936,9.858124,-0.15275,-0.182319,0.045894
2024-01-01 00:00:01.390,-0.844681,-0.146935,10.859471,0.199085,0.198012,0.1944
2024-01-01 00:00:01.400,0.156094,0.464877,9.278284,-0.000405,-0.231225,0.086434
2024-01-01 00:00:01.410,0.897027,-1.167848,9.75957,-0.044292,-0.221753,-0.151272
2024-01-01 00:00:01.420,-1.103135,-0.054403,9.791808,0.062223,0.073472,-0.258457
2024-01-01 00:00:01.430,0.126705,-0.330949,10.56029,-0.097789,0.320569,0.046689
2024-01-01 00:00:01.440,0.178345,0.237312,10.458637,-0.107259,-0.070519,-0.079268
2024-01-01 00:00:01.450,0.536526,0.258054,9.568315,-0.426196,0.140194,-0.147047
2024-01-01 00:00:01.460,-0.848857,-0.388487,9.879887,-0.061989,0.214668,-0.190137
2024-01-01 00:00:01.470,-0.906163,-0.390983,9.401787,-0.119992,0.162937,0.024146
2024-01-01 00:00:01.480,0.358182,-0.060755,8.187582,-0.128995,-0.062242,0.226156
2024-01-01 00:00:01.490,0.203806,-0.492257,10.092846,0.104218,-0.218209,-0.061301
2024-01-01 00:00:01.500,0.171901,0.462249,11.887627,0.164658,-0.44151,0.088541
2024-01-01 00:00:01.510,0.23775,-0.202695,8.839676,0.058049,-0.052568,-0.01534
2024-01-01 00:00:01.520,-0.466667,-1.595937,8.961213,0.248854,0.235617,-0.193407
2024-01-01 00:00:01.530,0.159384,-0.205777,8.853941,0.14389,-0.224833,0.110222
2024-01-01 00:00:01.540,0.201121,-0.570161,10.605602,-0.073764,0.140042,-0.164204
2024-01-01 00:00:01.550,-0.490224,-0.89557,10.302437,-0.115714,-0.190031,0.003244
2024-01-01 00:00:01.560,1.280388,-0.679347,9.635926,0.078206,0.021215,-0.051228
2024-01-01 00:00:01.570,0.325168,0.060065,8.802015,0.143442,0.141558,0.133962
2024-01-01 00:00:01.580,-0.817532,0.729424,9.91143,0.349461,-0.131899,-0.158723
2024-01-01 00:00:01.590,0.45056,0.171938,8.092045,0.297793,0.034097,0.05863
2024-01-01 00:00:01.600,-0.668875,-0.33297,9.967482,-0.135368,-0.083018,-0.12597
2024-01-01 00:00:01.610,0.540137,0.250291,10.766934,-0.025502,0.14103,-0.076666
2024-01-01 00:00:01.620,0.795086,-0.252041,8.436183,0.167754,0.047063,-0.54528
2024-01-01 00:00:01.630,-0.563193,-0.381336,8.127295,0.266999,0.011302,0.313815
2024-01-01 00:00:01.640,0.661117,-0.633745,11.544223,0.234742,0.31167,0.082584
2024-01-01 00:00:01.650,0.283271,-0.961754,9.138288,-0.015969,0.132461,-0.115102
2024-01-01 00:00:01.660,0.564139,-0.214068,11.057271,-0.313506,-0.13807,-0.168698
2024-01-01 00:00:01.670,1.301674,0.086771,9.640911,-0.249734,-0.017173,-0.074347
2024-01-01 00:00:01.680,-0.168398,-0.053046,9.632174,0.068158,-0.01518,0.107532
2024-01-01 00:00:01.690,-0.517251,-0.228366,10.291377,0.085556,0.016064,-0.283813
2024-01-01 00:00:01.700,-0.610429,-0.519215,8.839369,-0.27467,0.504902,-0.021238
2024-01-01 00:00:01.710,-0.55985,0.333927,9.955482,0.011142,0.07417,0.265596
2024-01-01 00:00:01.720,-0.052911,-0.723105,9.391125,0.157806,-0.407181,-0.170092
2024-01-01 00:00:01.730,0.234116,0.426039,8.360098,-0.287807,-0.10856,0.012058
2024-01-01 00:00:01.740,0.189879,-0.550217,10.180555,0.276249,-0.386474,0.330496
2024-01-01 00:00:01.750,0.567655,-0.413087,9.520888,-0.094383,-0.06596,0.094823
2024-01-01 00:00:01.760,0.008923,-0.805265,9.637587,0.314403,-0.397462,0.018889
2024-01-01 00:00:01.770,0.997488,-0.27527,8.481243,-0.133363,-0.174318,0.075995
2024-01-01 00:00:01.780,-0.181621,0.535447,11.557358,-0.256656,-0.304144,-0.06013
2024-01-01 00:00:01.790,1.866716,0.28308,10.772632,-0.114534,0.076832,0.194945
2024-01-01 00:00:01.800,0.429364,0.537154,10.868643,-0.023787,0.000108,-0.0599
2024-01-01 00:00:01.810,-0.588224,0.286656,9.474622,-0.09712,0.060592,-0.293877
2024-01-01 00:00:01.820,-0.7349,-0.605915,7.911357,-0.054,-0.02091,-0.058695
2024-01-01 00:00:01.830,0.331097,-0.181603,11.954303,0.083491,-0.27886,-0.14501
2024-01-01 00:00:01.840,-0.153351,-0.428329,9.742915,-0.042795,0.102704,-0.042179
2024-01-01 00:00:01.850,0.489983,0.730486,8.987818,-0.016528,0.384445,-0.038863
2024-01-01 00:00:01.860,0.324759,-0.657037,10.267648,-0.427307,0.081843,0.179613
2024-01-01 00:00:01.870,-0.049979,0.49064,11.091499,0.097925,-0.085185,0.104294
2024-01-01 00:00:01.880,-0.581112,0.490232,9.78469,-0.022301,-0.285613,0.03949
2024-01-01 00:00:01.890,-1.039564,1.004461,11.213876,0.402573,-0.181613,-0.000442
2024-01-01 00:00:01.900,-0.306421,-0.224918,10.999134,-0.234891,0.090608,-0.158829
2024-01-01 00:00:01.910,0.587704,0.391065,8.628133,-0.452074,0.214624,-0.327176
2024-01-01 00:00:01.920,0.146922,1.252627,9.070178,0.154517,0.052173,0.016974
2024-01-01 00:00:01.930,-0.854888,-0.339085,10.861376,0.086632,0.159977,0.119196
2024-01-01 00:00:01.940,0.118845,-0.842737,6.831551,-0.252108,0.141536,-0.01625
2024-01-01 00:00:01.950,0.264424,-1.032126,9.645898,-0.382437,0.101307,-0.080228
2024-01-01 00:00:01.960,-0.606547,0.391279,8.238947,0.384349,-0.131695,0.069675
2024-01-01 00:00:01.970,0.105494,-1.033849,9.286744,0.353528,0.034785,-0.0125
2024-01-01 00:00:01.980,0.039946,-0.204403,9.481896,-0.621864,-0.169676,0.252862
2024-01-01 00:00:01.990,-0.784363,0.240085,9.416648,-0.114556,0.003486,0.184909
2024-01-01 00:00:02.000,0.245532,0.101661,9.203617,0.416048,0.066173,0.143926
2024-01-01 00:00:02.010,2.824838,0.233569,15.315336,-0.119016,0.335757,0.11366
2024-01-01 00:00:02.020,3.183244,0.122037,19.036519,-0.122653,-0.261946,-0.193525
2024-01-01 00:00:02.030,3.163172,0.702097,18.570473,-0.07069,0.096302,0.099449
2024-01-01 00:00:02.040,1.494574,-0.522822,15.244052,-0.280224,0.296247,0.056449
2024-01-01 00:00:02.050,1.796418,-0.37167,18.257164,-0.426194,0.15177,0.090964
2024-01-01 00:00:02.060,0.353443,-0.42419,9.371387,0.263137,0.166589,0.073891
2024-01-01 00:00:02.070,0.352586,0.455775,9.951848,-0.460734,0.117539,0.067914
2024-01-01 00:00:02.080,0.353451,0.494319,9.740525,0.061818,0.259667,0.40513
2024-01-01 00:00:02.090,2.643937,0.247723,9.085596,0.221645,-0.217496,-0.011428
2024-01-01 00:00:02.100,0.391774,0.649738,10.89027,-0.362807,-0.277185,0.140451
2024-01-01 00:00:02.110,0.779282,-0.646744,9.948223,-0.231067,-0.001267,-0.070648
2024-01-01 00:00:02.120,0.654684,0.915306,9.286747,0.303295,-0.432232,0.118596
2024-01-01 00:00:02.130,0.447017,0.836258,8.377561,0.133223,0.246129,0.140898
2024-01-01 00:00:02.140,-0.216354,0.403856,8.828833,-0.154321,0.244143,0.054664
2024-01-01 00:00:02.150,0.520843,0.978208,8.007765,0.300562,-0.08667,0.250387
2024-01-01 00:00:02.160,-0.530351,-0.909486,9.823421,0.301634,-0.074154,-0.132641
2024-01-01 00:00:02.170,-0.162517,-0.287922,8.496061,0.067263,-0.014469,-0.073083
2024-01-01 00:00:02.180,-0.333081,-0.403682,9.518415,-0.22504,0.010404,0.031857
2024-01-01 00:00:02.190,0.056186,0.396092,11.314372,-0.103362,0.025435,0.132121
2024-01-01 00:00:02.200,1.588434,-0.576527,11.126831,0.071597,0.111646,0.026914
2024-01-01 00:00:02.210,-1.281411,0.415865,9.77456,-0.047149,-0.034525,0.192864
2024-01-01 00:00:02.220,0.470946,0.752424,9.714381,0.234739,0.188639,-0.099253
2024-01-01 00:00:02.230,-1.106726,0.381666,11.874102,-0.382444,0.08919,-0.171087
2024-01-01 00:00:02.240,-0.323863,0.155779,10.38179,-0.373566,-0.121393,0.046219
2024-01-01 00:00:02.250,0.747292,-0.542342,9.450069,0.045218,0.267023,-0.011577
2024-01-01 00:00:02.260,0.044112,-0.464921,8.244232,-0.122886,-0.271651,0.08143
2024-01-01 00:00:02.270,-0.739602,0.686041,10.242473,-0.156762,-0.018433,-0.00411
2024-01-01 00:00:02.280,-0.490877,0.427863,10.720598,-0.442014,0.193383,-0.051003
2024-01-01 00:00:02.290,0.466374,-0.021422,9.116447,0.004886,-0.144615,-0.011241
2024-01-01 00:00:02.300,-0.501214,-0.229432,10.129741,-0.013189,0.061911,0.004327
2024-01-01 00:00:02.310,0.148545,-1.112169,9.410797,0.16337,0.108668,-0.045747
2024-01-01 00:00:02.320,2.471274,-0.587898,16.317932,0.017227,-0.172105,-0.03047
2024-01-01 00:00:02.330,1.992839,1.049369,13.788371,-0.033151,-0.014496,-0.060539
2024-01-01 00:00:02.340,3.911282,-0.70297,16.276484,0.29425,-0.031301,0.1285
2024-01-01 00:00:02.350,2.875027,0.104024,17.584367,-0.328117,-0.110348,0.029103
2024-01-01 00:00:02.360,1.050246,0.553087,15.82672,0.134097,0.460335,0.338513
2024-01-01 00:00:02.370,0.127954,-0.688953,9.867674,-0.417787,-0.152621,0.024106
2024-01-01 00:00:02.380,-0.454151,0.101406,8.979966,-0.20959,0.200986,-0.082629
2024-01-01 00:00:02.390,0.584982,0.514916,10.205765,-0.303164,-0.07856,0.400601
2024-01-01 00:00:02.400,-0.543867,0.006862,9.572258,0.195486,-0.217327,0.062044
2024-01-01 00:00:02.410,-0.078738,1.574753,8.778713,-0.016353,0.020563,0.148519
2024-01-01 00:00:02.420,0.346548,-0.916061,11.273142,-0.003376,0.129819,0.088815
2024-01-01 00:00:02.430,0.594125,0.581242,10.829967,-0.276683,0.184102,0.093452
2024-01-01 00:00:02.440,-0.823703,-0.094868,9.145812,-0.074923,0.312453,0.080348
2024-01-01 00:00:02.450,-0.229551,0.423784,10.356572,-0.190866,0.589049,-0.165313
2024-01-01 00:00:02.460,-0.325931,0.242278,10.400078,0.095864,0.050103,0.055129
2024-01-01 00:00:02.470,-0.448347,-0.402503,10.515247,-0.247773,-0.132618,-0.198729
2024-01-01 00:00:02.480,1.211543,0.125719,7.949707,0.332449,0.090575,-0.026154
2024-01-01 00:00:02.490,0.277919,-1.019988,10.915254,-0.418895,-0.053243,-0.108843
2024-01-01 00:00:02.500,-0.865282,0.331183,9.184471,-0.20163,0.185193,0.053621
2024-01-01 00:00:02.510,0.629883,0.163689,9.417105,0.4193,-0.259433,0.050119
2024-01-01 00:00:02.520,1.45633,0.350624,12.706394,-0.108785,0.473667,0.072172
2024-01-01 00:00:02.530,0.708529,0.580907,10.141457,-0.32872,0.17121,0.043094
2024-01-01 00:00:02.540,-1.042668,0.201823,9.385818,0.054768,-0.336801,-0.091024
2024-01-01 00:00:02.550,-0.332306,0.081301,7.388587,-0.118848,-0.141806,-0.039151
2024-01-01 00:00:02.560,0.869418,-0.483707,11.335961,-0.208968,0.163216,0.138059
2024-01-01 00:00:02.570,-0.485638,-0.391009,8.33296,-0.273968,0.235269,0.160179
2024-01-01 00:00:02.580,0.304571,0.651517,8.708224,0.692093,-0.254448,-0.172017
2024-01-01 00:00:02.590,0.531593,0.788548,9.446175,-0.062888,0.142605,-0.229639
2024-01-01 00:00:02.600,-0.636106,-0.130723,11.36522,-0.481392,-0.389468,-0.109033
2024-01-01 00:00:02.610,-0.040849,0.025256,10.659018,0.373427,-0.017867,0.156781
2024-01-01 00:00:02.620,-2.22432,-0.496633,9.636694,0.152768,0.222409,0.182233
2024-01-01 00:00:02.630,-0.702986,0.643844,10.148505,-0.191617,-0.110303,-0.138707
2024-01-01 00:00:02.640,-0.173325,0.365314,9.150777,-0.23328,-0.301384,0.046096
2024-01-01 00:00:02.650,-0.856291,1.065728,9.96334,0.168368,0.029243,0.275165
2024-01-01 00:00:02.660,1.120242,-0.482199,9.890524,-0.06173,-0.120944,0.062297
2024-01-01 00:00:02.670,-0.981435,-0.207526,10.873709,-0.481494,0.125912,0.213225
2024-01-01 00:00:02.680,-0.301981,0.127064,10.871962,0.44681,-0.177065,0.149809
2024-01-01 00:00:02.690,0.089721,0.354923,10.352387,-0.108498,-0.154527,-0.13653
2024-01-01 00:00:02.700,0.989074,-0.118402,9.412142,0.373893,-0.4042,-0.028497
2024-01-01 00:00:02.710,-0.98536,-0.479256,10.624521,0.319609,0.033989,0.005213
2024-01-01 00:00:02.720,0.798221,0.483893,9.709019,-0.250252,-0.032181,0.01562
2024-01-01 00:00:02.730,0.007022,0.395903,8.622058,0.258297,-0.237677,0.137449
2024-01-01 00:00:02.740,-0.67356,-0.503034,9.36719,-0.162861,0.03876,0.061303
2024-01-01 00:00:02.750,0.317119,0.744138,9.902811,-0.466675,0.205414,-0.44043
2024-01-01 00:00:02.760,0.136605,0.642439,10.809417,-0.10615,-0.043114,-0.196926
2024-01-01 00:00:02.770,-0.411899,0.073729,9.608486,0.099409,0.053633,-0.328107
2024-01-01 00:00:02.780,0.047902,0.043699,8.4823,-0.115684,0.054662,0.026305
2024-01-01 00:00:02.790,-0.264421,0.304178,9.872302,-0.076762,-0.240866,0.036073
2024-01-01 00:00:02.800,0.077901,-0.473075,9.934575,0.285892,0.411317,0.042484
2024-01-01 00:00:02.810,0.454387,0.016487,10.01405,0.026623,-0.09417,-0.143839
2024-01-01 00:00:02.820,1.088404,-1.181659,10.820019,-0.210825,0.131223,0.101122
2024-01-01 00:00:02.830,-0.849451,0.481174,10.928778,0.175508,0.153843,0.107439
2024-01-01 00:00:02.840,1.463794,-0.85726,9.157556,0.049419,-0.027919,-0.188272
2024-01-01 00:00:02.850,-1.33962,0.825377,9.133474,-0.630401,0.121359,-0.219906
2024-01-01 00:00:02.860,-0.104163,-0.181236,8.667862,0.107088,0.049164,-2e-05
2024-01-01 00:00:02.870,0.403733,-0.116205,10.5773,0.097957,-0.283528,0.268767
2024-01-01 00:00:02.880,0.192831,-0.344626,11.400804,0.00503,-0.066455,0.254961
2024-01-01 00:00:02.890,-0.427328,-0.158133,9.46404,0.222925,-0.12251,0.084511
2024-01-01 00:00:02.900,-0.142824,0.778774,9.544909,-0.168098,-0.092349,-0.1095
2024-01-01 00:00:02.910,-0.338322,-1.365807,11.420527,0.084125,-0.260801,0.133026
2024-01-01 00:00:02.920,-0.404452,0.701054,10.365103,-0.39174,0.225287,-0.067864
2024-01-01 00:00:02.930,0.583039,0.185575,10.288987,0.101773,0.320399,-0.115126
2024-01-01 00:00:02.940,0.245002,-0.662655,8.502374,0.488265,0.195601,-0.321595
2024-01-01 00:00:02.950,-0.475509,-0.590347,10.555243,-0.248714,0.254106,0.015357
2024-01-01 00:00:02.960,0.61735,0.92034,8.789808,-0.189951,-0.068927,-0.09448
2024-01-01 00:00:02.970,0.210884,-0.519083,8.564846,-0.177504,-0.127251,0.014465
2024-01-01 00:00:02.980,0.557827,-0.633189,9.429245,0.0325,-0.155717,-0.344904
2024-01-01 00:00:02.990,0.432083,0.624386,9.1668,-0.265759,0.128813,0.025474
2024-01-01 00:00:03.000,-0.568898,0.185866,9.566684,0.105312,0.045413,-0.364668
2024-01-01 00:00:03.010,-0.384424,-0.514921,8.227802,0.21171,-0.015444,0.163191
2024-01-01 00:00:03.020,0.51283,0.118927,10.86278,0.133587,0.25903,0.078284
2024-01-01 00:00:03.030,0.418867,-0.563138,11.0482,-0.442104,0.080988,-0.0418
2024-01-01 00:00:03.040,-0.014344,0.604351,7.671818,0.248792,-0.167732,0.084408
2024-01-01 00:00:03.050,0.080516,0.582693,10.884347,0.234342,-0.136182,-0.146711
2024-01-01 00:00:03.060,0.876798,0.292071,8.92004,0.20754,0.136399,0.010856
2024-01-01 00:00:03.070,-0.405966,0.198552,10.750959,0.093211,0.208347,0.119216
2024-01-01 00:00:03.080,0.375446,0.966892,9.734846,0.055047,0.110336,-0.464143
2024-01-01 00:00:03.090,-0.138755,-0.000172,9.841596,0.258097,0.379378,-0.067084
2024-01-01 00:00:03.100,-0.149384,-0.648849,9.606763,0.480878,0.327001,-0.003397
2024-01-01 00:00:03.110,0.754036,0.246761,11.140918,-0.23826,0.088207,-0.029444
2024-01-01 00:00:03.120,0.566442,1.14524,8.448932,0.269531,-0.167716,0.218565
2024-01-01 00:00:03.130,0.558271,-0.557103,10.477409,-0.021554,-0.261998,-0.168585
2024-01-01 00:00:03.140,0.895885,-0.198443,11.019261,-0.032418,-0.077476,-0.093174
2024-01-01 00:00:03.150,0.014414,0.228629,10.596541,-0.384133,0.150643,-0.28738
2024-01-01 00:00:03.160,0.46799,-0.029594,12.362519,-0.071197,0.365329,0.226543
2024-01-01 00:00:03.170,-0.212921,-0.539285,9.229216,-0.249316,0.083489,-0.036944
2024-01-01 00:00:03.180,0.222459,0.6159,10.861121,-0.115964,0.233745,-0.065761
2024-01-01 00:00:03.190,-0.089311,1.273702,9.693512,-0.274547,-0.049061,-0.007872
2024-01-01 00:00:03.200,0.066563,0.107676,11.16428,-0.112227,0.124554,0.095435
2024-01-01 00:00:03.210,0.408427,-0.496333,9.801557,-0.101528,0.164671,0.052105
2024-01-01 00:00:03.220,-0.561504,-0.850379,9.384112,0.024189,-0.395919,0.397183
2024-01-01 00:00:03.230,1.435901,0.141629,11.244067,-0.403687,-0.082688,0.06809
2024-01-01 00:00:03.240,-0.690379,0.606029,9.270265,-0.36138,0.18994,-0.069787
2024-01-01 00:00:03.250,-0.833237,0.260867,8.258827,0.090479,0.054894,-0.084204
2024-01-01 00:00:03.260,0.794754,-0.00132,9.242502,-0.19936,-0.239303,-0.058914
2024-01-01 00:00:03.270,0.543279,-0.32351,10.489698,0.268632,-0.486024,-0.225276
2024-01-01 00:00:03.280,0.428302,-0.599598,11.338459,0.056317,-0.073156,0.00598
2024-01-01 00:00:03.290,0.431202,0.458278,9.93202,0.151691,-0.014317,0.11752
2024-01-01 00:00:03.300,-0.008404,0.501661,11.25738,0.352673,-0.176785,-0.092005
2024-01-01 00:00:03.310,-0.615741,-0.848606,8.318724,-0.077428,0.028617,-0.121107
2024-01-01 00:00:03.320,0.052021,0.872822,9.323297,-0.143622,0.101277,0.227392
2024-01-01 00:00:03.330,-0.464702,0.315165,9.493145,0.217926,0.134137,-0.213972
2024-01-01 00:00:03.340,0.669176,0.768377,9.684214,0.127378,-0.471184,-0.310173
2024-01-01 00:00:03.350,-0.100918,-0.736828,9.902336,-0.046833,-0.262857,-0.172935
2024-01-01 00:00:03.360,-0.566497,-0.749837,10.56862,0.347864,-0.060925,-0.231065
2024-01-01 00:00:03.370,-0.220551,-0.081784,9.321602,-0.053061,0.114435,0.057934
2024-01-01 00:00:03.380,0.283374,0.276029,9.962653,0.008193,0.097847,-0.054106
2024-01-01 00:00:03.390,-0.386856,0.986202,9.760455,0.005306,0.094374,-0.032953
2024-01-01 00:00:03.400,-0.564249,0.387637,8.793373,-0.233648,-0.076684,0.17294
2024-01-01 00:00:03.410,0.16723,-0.133232,9.685194,0.019396,-0.065527,-0.1037
2024-01-01 00:00:03.420,0.168108,-0.563477,9.652262,0.34919,-0.145666,0.116263
2024-01-01 00:00:03.430,-0.34789,0.67527,9.628742,0.111242,0.153639,0.226698
2024-01-01 00:00:03.440,-0.32325,-0.529623,9.844872,0.007766,-0.184098,-0.068349
2024-01-01 00:00:03.450,0.159244,0.894029,9.89309,-0.040442,0.170007,0.110553
2024-01-01 00:00:03.460,-0.993748,-0.156127,9.33534,0.082717,0.041571,-0.036273
2024-01-01 00:00:03.470,-0.965872,0.87323,11.207441,0.187442,-0.009009,0.138615
2024-01-01 00:00:03.480,-0.493032,0.372733,8.52591,0.15231,-0.131342,-0.235723
2024-01-01 00:00:03.490,-0.146478,-0.075211,9.018375,-0.082966,-0.271108,-0.246827
2024-01-01 00:00:03.500,0.21336,-0.285149,12.8624,0.081195,-0.129531,-0.05869
2024-01-01 00:00:03.510,1.012463,-0.187158,8.670285,0.119985,-0.066001,-0.133339
2024-01-01 00:00:03.520,0.588569,0.235146,8.323577,-0.251799,-0.473805,-0.077506
2024-01-01 00:00:03.530,-0.109758,0.042359,10.616455,0.042058,-0.039471,-0.032929
2024-01-01 00:00:03.540,-0.01305,-0.326002,7.529322,-0.540326,0.184871,0.108002
2024-01-01 00:00:03.550,-0.687986,-0.090932,9.551669,0.120633,0.113444,-0.061149
2024-01-01 00:00:03.560,-0.012705,0.043139,12.166116,0.165086,-0.099241,-0.123579
2024-01-01 00:00:03.570,-0.198092,-1.168675,8.11366,0.186887,0.009387,-0.052727
2024-01-01 00:00:03.580,0.221466,0.251534,7.633803,-0.098762,-0.111233,-0.115372
2024-01-01 00:00:03.590,-0.567687,-0.537867,8.163899,0.077262,0.029752,-0.140101
2024-01-01 00:00:03.600,0.356402,-0.633179,10.796399,0.355988,0.308022,-0.241953
2024-01-01 00:00:03.610,1.051842,-0.926352,11.045005,0.353442,0.1937,0.010422
2024-01-01 00:00:03.620,-0.074637,-0.984847,9.247178,-0.007293,0.104159,-0.085306
2024-01-01 00:00:03.630,0.275675,-0.744141,10.560167,0.03483,-0.098577,0.144942
2024-01-01 00:00:03.640,0.473611,-0.389253,11.3365,0.277728,0.149988,-0.217109
2024-01-01 00:00:03.650,-0.275338,1.072339,11.772506,-0.375201,-0.337375,-0.081313
2024-01-01 00:00:03.660,0.153783,-0.288708,9.539524,-0.080769,-0.050471,0.271936
2024-01-01 00:00:03.670,0.008642,0.097585,7.282984,0.333893,0.116742,-0.140941
2024-01-01 00:00:03.680,0.06703,0.219864,8.908675,0.2438,0.148084,-0.03548
2024-01-01 00:00:03.690,-0.530478,0.071955,9.341369,0.092316,0.133977,-0.182377
2024-01-01 00:00:03.700,0.01682,-0.042516,9.525685,-0.376458,0.058966,-0.202264
2024-01-01 00:00:03.710,0.341751,-0.656216,9.60373,-0.012478,-0.039145,0.232097
2024-01-01 00:00:03.720,0.995847,0.796559,11.038546,-0.147479,0.107595,0.025656
2024-01-01 00:00:03.730,0.6583,0.992151,11.209322,0.08276,-0.190572,0.020052
2024-01-01 00:00:03.740,1.477621,-0.92378,9.621502,-0.202337,-0.168935,-0.254447
2024-01-01 00:00:03.750,-0.526592,-0.562192,11.016136,-0.256431,0.012347,0.053811
2024-01-01 00:00:03.760,0.59863,-0.153616,10.202712,-0.516216,0.03464,0.173613
2024-01-01 00:00:03.770,0.125818,-0.529531,9.880828,0.305451,-0.365123,0.172422
2024-01-01 00:00:03.780,1.502752,0.277775,10.805385,-0.099943,0.091029,0.10025
2024-01-01 00:00:03.790,-0.554695,-0.399821,9.889333,0.039286,0.154546,-0.169423
2024-01-01 00:00:03.800,-0.576259,1.188616,12.069477,-0.00056,-0.015457,0.046969
2024-01-01 00:00:03.810,-0.411333,0.653611,8.230625,-0.266858,0.474893,0.100138
2024-01-01 00:00:03.820,-1.457523,0.116703,9.244342,-0.314766,-0.136587,-0.269167
2024-01-01 00:00:03.830,-0.360799,0.563815,9.671082,-0.251329,-0.072217,-0.168192
2024-01-01 00:00:03.840,-0.520955,0.607139,10.292519,-0.180792,-0.079013,0.133224
2024-01-01 00:00:03.850,0.103208,-0.309607,11.202221,0.091652,-0.015238,0.131407
2024-01-01 00:00:03.860,2.67453,-0.448103,16.49321,-0.198929,-0.065745,-0.232287
2024-01-01 00:00:03.870,3.727522,0.042901,14.958392,0.436623,-0.281362,0.119253
2024-01-01 00:00:03.880,3.092228,0.473038,17.44508,0.256788,-0.10931,0.014296
2024-01-01 00:00:03.890,2.0441,0.076344,17.348945,0.20209,-0.019524,0.117151
2024-01-01 00:00:03.900,1.823463,-0.865771,14.387839,-0.029915,0.245714,-0.095178
2024-01-01 00:00:03.910,0.33758,-0.440751,9.805823,0.37857,0.440449,0.096778
2024-01-01 00:00:03.920,-0.90601,-0.040611,8.064024,-0.054501,0.267095,0.126574
2024-01-01 00:00:03.930,1.256839,-0.04154,9.080213,-0.007815,-0.155076,-0.0527
2024-01-01 00:00:03.940,0.809391,1.082926,8.818716,0.042494,-0.139162,0.002663
2024-01-01 00:00:03.950,-0.321972,-0.760907,10.698573,0.175456,-0.031866,-0.097278
2024-01-01 00:00:03.960,-1.175639,0.277568,9.93828,0.159227,0.356912,0.247746
2024-01-01 00:00:03.970,0.929095,0.817523,8.398421,-0.118781,-0.033085,-0.018041
2024-01-01 00:00:03.980,-0.078603,1.247026,10.776312,-0.133248,-0.265501,-0.138304
2024-01-01 00:00:03.990,0.849451,-0.222014,8.235681,0.159976,-0.100235,-0.107374
2024-01-01 00:00:04.000,-1.094176,0.269795,10.172465,0.178809,0.151411,0.019016
2024-01-01 00:00:04.010,-0.411321,0.312798,8.916216,-0.098338,0.137988,0.113
2024-01-01 00:00:04.020,0.003598,0.107319,9.408487,-0.396797,-0.040043,-0.200374
2024-01-01 00:00:04.030,0.03224,-0.054266,10.363689,-0.051829,0.136683,0.277149
2024-01-01 00:00:04.040,-0.308857,0.23935,10.382551,0.155881,-0.454634,0.046301
2024-01-01 00:00:04.050,0.427431,-1.390203,11.277992,0.451354,0.020766,0.069968
2024-01-01 00:00:04.060,-0.732655,0.374456,9.719685,-0.299489,0.172137,-0.014578
2024-01-01 00:00:04.070,-0.097708,0.069272,10.146483,-0.106643,-0.166573,0.002889
2024-01-01 00:00:04.080,0.082553,-0.122139,9.329364,-0.097351,-0.167268,-0.022242
2024-01-01 00:00:04.090,0.353034,1.123727,10.009825,0.338951,-0.37329,0.152669
2024-01-01 00:00:04.100,0.488346,-0.370539,10.292556,-0.008735,0.317979,-0.001189
2024-01-01 00:00:04.110,-0.771786,-0.221289,9.702056,-0.226832,-0.144031,0.115058
2024-01-01 00:00:04.120,-1.052786,1.093363,7.829482,0.139674,0.048209,-0.065077
2024-01-01 00:00:04.130,0.876806,-0.456802,10.173955,-0.10116,0.120783,0.029346
2024-01-01 00:00:04.140,0.22805,-0.302013,10.210289,-0.306097,0.302414,-0.120588
2024-01-01 00:00:04.150,-0.513649,-0.080717,9.06317,-0.223193,-0.03078,0.182479
2024-01-01 00:00:04.160,1.064478,0.461563,8.399743,0.43351,-0.107886,-0.125062
2024-01-01 00:00:04.170,2.519382,0.114084,18.140515,0.096052,0.034614,-0.048747
2024-01-01 00:00:04.180,3.249293,-0.709651,17.059607,0.02694,0.256816,-0.047244
2024-01-01 00:00:04.190,2.486335,-0.292161,16.268469,-0.062473,-0.034035,-0.053093
2024-01-01 00:00:04.200,3.854188,-0.333438,15.271538,0.073037,-0.190974,0.108374
2024-01-01 00:00:04.210,3.644603,-0.042394,15.617647,0.070059,-0.308152,-0.047499
2024-01-01 00:00:04.220,-0.170852,0.233788,11.240244,0.073042,-0.244259,0.209089
2024-01-01 00:00:04.230,0.666741,0.229595,9.961153,0.028711,0.172878,-0.122771
2024-01-01 00:00:04.240,0.442889,-0.97503,9.205455,0.2172,-0.064125,0.025407
2024-01-01 00:00:04.250,0.939223,0.584104,10.369639,0.005776,-0.121504,-0.116368
2024-01-01 00:00:04.260,-0.662179,0.13866,8.915791,-0.244485,-0.143193,0.063146
2024-01-01 00:00:04.270,0.470803,0.760108,11.457926,-0.153106,0.017009,-0.002392
2024-01-01 00:00:04.280,0.726344,0.243865,11.295375,-0.494755,-0.047891,-0.023259
2024-01-01 00:00:04.290,-1.206935,0.604626,9.297702,0.506704,-0.054626,0.178271
2024-01-01 00:00:04.300,-0.812011,0.256133,9.11972,0.215689,0.269865,-0.098151
2024-01-01 00:00:04.310,-1.399423,0.739078,6.93529,-0.207518,0.307603,0.087977
2024-01-01 00:00:04.320,-0.18488,0.286716,8.183224,-0.070461,-0.322004,-0.115344
2024-01-01 00:00:04.330,0.492413,-0.053755,8.339262,-0.159219,0.065519,0.016903
2024-01-01 00:00:04.340,1.030993,1.247567,9.958439,0.385637,-0.155372,-0.179336
2024-01-01 00:00:04.350,0.050848,0.488081,9.451795,-0.354969,-0.04965,-0.099378
2024-01-01 00:00:04.360,1.117637,0.314986,8.332822,0.028619,0.061856,-0.012321
2024-01-01 00:00:04.370,-0.947095,-0.700691,9.501282,-0.027132,-0.042544,0.272197
2024-01-01 00:00:04.380,-1.168946,-0.707281,10.36486,0.20671,0.046092,0.015121
2024-01-01 00:00:04.390,-0.03812,0.160701,10.389568,-0.026002,0.134594,0.2482
2024-01-01 00:00:04.400,0.263565,0.079891,7.724162,-0.439552,0.058915,0.033048
2024-01-01 00:00:04.410,-0.022437,-0.337153,9.669167,-0.062779,-0.129367,-0.058063
2024-01-01 00:00:04.420,-1.418782,0.0774,8.291092,-0.243041,-0.12584,0.230903
2024-01-01 00:00:04.430,-0.061159,0.872156,10.800098,0.019895,-0.287941,0.065553
2024-01-01 00:00:04.440,-0.895192,0.381776,10.670993,0.358544,-0.170784,-0.096408
2024-01-01 00:00:04.450,0.459563,-0.626414,8.823966,-0.434856,0.392414,0.070586
2024-01-01 00:00:04.460,0.251578,-0.061218,8.968882,-0.200056,-0.158401,-0.043889
2024-01-01 00:00:04.470,-0.644993,-0.441927,9.303529,-0.138173,-0.238676,-0.298355
2024-01-01 00:00:04.480,-0.352641,-0.212847,7.336433,-0.095408,0.063986,0.140396
2024-01-01 00:00:04.490,-0.726885,-0.227075,10.178893,0.185031,-0.022073,0.16424
2024-01-01 00:00:04.500,-0.043014,-0.262227,9.510417,-0.043386,-0.039119,0.275691
2024-01-01 00:00:04.510,0.655466,-0.689069,10.875252,0.103951,0.281809,0.063322
2024-01-01 00:00:04.520,-0.676454,-0.070082,8.603947,-0.156443,0.109825,-0.037309
2024-01-01 00:00:04.530,0.345902,-0.307774,9.130203,0.057481,-0.105999,0.125248
2024-01-01 00:00:04.540,-0.363889,-1.608267,8.155835,0.194449,-0.084895,0.127473
2024-01-01 00:00:04.550,-0.544109,1.127082,8.707289,-0.183075,-0.100517,0.245742
2024-01-01 00:00:04.560,-0.07345,0.597735,8.512184,0.19534,0.174948,-0.006694
2024-01-01 00:00:04.570,-0.710435,-0.206589,10.903579,0.013093,-0.06163,-0.024837
2024-01-01 00:00:04.580,-0.379942,0.010332,9.043308,0.261365,-0.358631,-0.107332
2024-01-01 00:00:04.590,-0.822044,-0.643238,9.946345,-0.050355,-0.009664,0.080619
2024-01-01 00:00:04.600,1.348293,0.930952,9.391922,0.095311,-0.307405,-0.232239
2024-01-01 00:00:04.610,0.0242,1.041611,8.416127,-0.010152,0.436846,0.116413
2024-01-01 00:00:04.620,-0.480187,0.086025,9.625206,-0.024053,-0.193134,0.088175
2024-01-01 00:00:04.630,0.146844,0.561918,10.467815,0.064733,-0.032373,0.087761
2024-01-01 00:00:04.640,-0.077085,0.096232,8.48388,0.134202,0.051641,0.020734
2024-01-01 00:00:04.650,-0.15164,-0.733862,10.698406,-0.312391,-0.057732,0.229947
2024-01-01 00:00:04.660,0.421472,-0.226091,8.877006,0.358408,-0.058006,0.130799
2024-01-01 00:00:04.670,0.51984,0.072428,9.279684,-0.464916,0.084365,-0.091062
2024-01-01 00:00:04.680,-0.364056,-0.249547,10.39269,-0.171203,0.305243,-0.088377
2024-01-01 00:00:04.690,-0.395155,-0.120041,9.081547,-0.023567,0.153502,-0.131951
2024-01-01 00:00:04.700,-0.188754,-0.050178,9.851257,0.103089,0.295703,0.082692
2024-01-01 00:00:04.710,-1.579693,-0.044402,9.464469,0.394043,-0.209324,-0.150021
2024-01-01 00:00:04.720,-1.0398,0.02869,9.952046,-0.464573,0.063473,0.162509
2024-01-01 00:00:04.730,0.938017,-0.582272,7.195948,-0.126924,0.031049,0.198446
2024-01-01 00:00:04.740,1.128859,-0.393642,7.801009,-0.531708,0.070218,-0.131852
2024-01-01 00:00:04.750,-0.170901,-0.705237,10.486332,0.007905,0.275246,-0.027832
2024-01-01 00:00:04.760,0.395662,0.536821,10.948825,0.067921,-0.044158,0.002493
2024-01-01 00:00:04.770,0.213595,-1.156,8.810286,0.397699,-0.081101,0.132597
2024-01-01 00:00:04.780,2.112882,0.633321,9.542057,0.030159,0.106796,0.241402
2024-01-01 00:00:04.790,0.768308,0.761106,10.133602,0.261006,-0.355641,-0.252824
2024-01-01 00:00:04.800,-0.087783,-0.165897,10.571153,0.145959,-0.04737,-0.047727
2024-01-01 00:00:04.810,-0.65574,-1.429122,7.58361,-0.108812,-0.02684,-0.039903
2024-01-01 00:00:04.820,-1.102424,-0.198359,8.837128,-0.35224,-0.184072,-0.2101
2024-01-01 00:00:04.830,0.139627,-0.035237,9.444828,0.068751,0.211412,-0.072767
2024-01-01 00:00:04.840,-0.519046,-0.554818,10.582048,-0.373026,-0.212448,0.064165
2024-01-01 00:00:04.850,-0.976022,-0.282855,12.553277,0.323802,-0.027175,-0.041802
2024-01-01 00:00:04.860,-0.443711,0.840077,9.55965,-0.040516,0.058631,-0.231693
2024-01-01 00:00:04.870,-0.742212,0.365045,8.265139,0.298794,0.27069,0.431112
2024-01-01 00:00:04.880,1.157801,-0.507586,10.25169,-0.120054,-0.002111,0.039927
2024-01-01 00:00:04.890,0.605025,-0.877082,11.260453,0.067213,0.187231,0.016754
2024-01-01 00:00:04.900,-0.005471,-0.179533,9.9286,0.052337,0.140119,-0.164689
2024-01-01 00:00:04.910,1.015612,-0.117188,8.8145,-0.011261,0.024692,0.039106
2024-01-01 00:00:04.920,0.053094,0.272413,10.861877,-0.108165,-0.217903,-0.024632
2024-01-01 00:00:04.930,-0.591056,-0.293889,10.538573,0.098114,-0.286916,-0.283279
2024-01-01 00:00:04.940,1.045244,0.280813,8.683363,-0.231541,0.021301,-0.160538
2024-01-01 00:00:04.950,0.369827,1.0624,10.228805,-0.302359,-0.108539,0.119239
2024-01-01 00:00:04.960,-0.71181,0.44771,10.904998,0.310707,0.183852,0.291603
2024-01-01 00:00:04.970,-0.13062,-0.026401,11.107715,0.181792,0.149171,0.055075
2024-01-01 00:00:04.980,-0.600893,-0.10055,9.737039,0.016473,-0.036922,0.165462
2024-01-01 00:00:04.990,-0.948946,-0.195814,9.416829,0.416286,-0.231543,-0.023363
2024-01-01 00:00:05.000,0.635589,0.648172,11.157547,-0.066941,0.102147,-0.012982
2024-01-01 00:00:05.010,1.310337,-0.344395,8.481244,0.330676,-0.20359,0.163647
2024-01-01 00:00:05.020,-0.959767,0.024827,10.29156,0.043894,-0.151693,0.249417
2024-01-01 00:00:05.030,0.386338,0.028108,8.305711,-0.256188,-0.195883,0.195165
2024-01-01 00:00:05.040,-0.446503,-0.27548,10.979783,0.46201,-0.0277,-0.159954
2024-01-01 00:00:05.050,-0.33429,-0.753484,9.526666,0.247678,0.234038,-0.010044
2024-01-01 00:00:05.060,-0.40653,0.177313,11.202904,-0.030255,-0.001008,0.041629
2024-01-01 00:00:05.070,-0.592914,-0.033491,10.349571,0.181793,-0.088644,-0.038952
2024-01-01 00:00:05.080,0.033298,0.274632,8.466904,-0.100926,-0.305123,0.058179
2024-01-01 00:00:05.090,-0.57024,-0.292947,11.374241,0.207287,0.110425,0.123087
2024-01-01 00:00:05.100,0.185601,0.670231,11.513267,-0.59777,-0.156081,0.150421
2024-01-01 00:00:05.110,-0.034476,-0.481349,10.778751,-0.25495,0.023504,0.252881
2024-01-01 00:00:05.120,-0.163978,0.93991,8.973777,0.244815,-0.070844,-0.049416
2024-01-01 00:00:05.130,-0.622816,-0.959452,9.473997,-0.062414,0.167635,-0.204605
2024-01-01 00:00:05.140,-0.395809,0.238689,9.969679,0.051886,-0.031447,0.053735
2024-01-01 00:00:05.150,0.518387,0.261011,9.037326,-0.336696,-0.011785,0.282572
2024-01-01 00:00:05.160,0.343754,-0.436761,11.668197,0.461967,0.097149,-0.071546
2024-01-01 00:00:05.170,-0.670847,0.232992,9.96847,0.297632,0.421388,0.103027
2024-01-01 00:00:05.180,0.068167,0.702456,6.841724,-0.050171,0.177689,0.104362
2024-01-01 00:00:05.190,0.515639,-1.217034,10.182613,-0.101174,-0.017721,0.028716
2024-01-01 00:00:05.200,-1.145629,0.276007,9.427723,0.257401,0.00064,0.001039
2024-01-01 00:00:05.210,0.372881,-1.368806,9.727731,0.495618,-0.104972,-0.138514
2024-01-01 00:00:05.220,-0.454726,-0.53015,9.405256,0.23844,-0.189999,-0.342249
2024-01-01 00:00:05.230,0.391573,0.894412,10.696137,0.542951,-0.11055,-0.166778
2024-01-01 00:00:05.240,-0.523787,-0.319398,11.039417,-0.230588,-0.15443,-0.058546
2024-01-01 00:00:05.250,-1.2386,-0.64446,10.120792,-0.204847,0.130674,0.164613
2024-01-01 00:00:05.260,-1.116901,-0.108668,9.437436,-0.297235,-0.214239,-0.015469
2024-01-01 00:00:05.270,0.032998,1.135281,9.764612,0.11044,0.266642,-0.077854
2024-01-01 00:00:05.280,0.178235,-1.005594,9.83152,0.043901,0.150409,-0.133648
2024-01-01 00:00:05.290,-0.620587,-0.577169,8.928932,-0.037988,0.0041,0.098521
2024-01-01 00:00:05.300,0.438234,0.82209,10.445664,0.202315,6.4e-05,0.203754
2024-01-01 00:00:05.310,-1.140218,1.019879,10.315126,0.308082,-0.111456,0.159515
2024-01-01 00:00:05.320,-0.045347,-0.056784,11.501404,-0.381416,0.054017,0.090922
2024-01-01 00:00:05.330,-0.83106,-0.68024,11.188374,-0.149243,0.217618,-0.221342
2024-01-01 00:00:05.340,-0.447323,1.150618,9.057129,0.205036,-0.140631,-0.052751
2024-01-01 00:00:05.350,0.032527,0.875349,10.710688,-0.116935,-0.306678,0.292096
2024-01-01 00:00:05.360,-0.590459,0.372742,8.765853,-0.199552,0.140644,0.168293
2024-01-01 00:00:05.370,-0.263901,-0.446009,10.574133,0.254634,0.064873,-0.230625
2024-01-01 00:00:05.380,0.690568,-0.026917,9.242758,-0.322375,-0.22404,-0.008339
2024-01-01 00:00:05.390,-0.395892,-0.088038,8.686468,-0.075395,-0.146678,0.054465
2024-01-01 00:00:05.400,0.573494,0.181637,10.11749,0.082161,-0.171821,-0.114324
2024-01-01 00:00:05.410,-0.775261,0.7966,6.873325,-0.143455,-0.144906,-0.346381
2024-01-01 00:00:05.420,0.363578,0.4828,7.887429,0.195789,-0.064737,0.014824
2024-01-01 00:00:05.430,0.989276,-0.591479,9.615114,-0.142219,-0.053309,-0.118164
2024-01-01 00:00:05.440,-1.696166,0.755697,9.900521,0.352155,-0.130159,-0.117576
2024-01-01 00:00:05.450,-0.546869,0.17191,9.404488,-0.031437,-0.151633,-0.053202
2024-01-01 00:00:05.460,0.396016,0.377199,8.075779,0.167818,-0.045757,-0.020051
2024-01-01 00:00:05.470,-0.13934,0.805131,8.911955,0.186506,0.033538,-0.001362
2024-01-01 00:00:05.480,0.254699,-0.610258,10.239548,-0.156885,-0.063259,-0.132598
2024-01-01 00:00:05.490,-0.414485,-0.019668,10.448796,-0.513372,0.231733,-0.033031
2024-01-01 00:00:05.500,0.059422,-0.291769,9.792187,0.090189,0.101618,-0.263614
2024-01-01 00:00:05.510,-0.106834,-0.860755,11.080203,0.018072,-0.318169,0.046656
2024-01-01 00:00:05.520,0.80139,0.190344,10.246342,0.138957,0.104746,-0.428441
2024-01-01 00:00:05.530,0.174596,1.378845,8.989294,-0.056632,0.121109,-0.043424
2024-01-01 00:00:05.540,0.23168,-1.010203,9.502009,-0.107607,-0.086947,0.137878
2024-01-01 00:00:05.550,-0.282651,-0.017722,8.269653,0.502118,-0.29904,-0.158901
2024-01-01 00:00:05.560,-0.33462,0.351658,9.691263,-0.368089,0.001613,0.107465
2024-01-01 00:00:05.570,-0.296843,0.06757,11.031086,0.183488,-0.001542,0.17336
2024-01-01 00:00:05.580,0.270693,-0.062107,10.562449,-0.14365,-0.224329,-0.496185
2024-01-01 00:00:05.590,-0.288901,-0.71327,11.349406,-0.083945,-0.290244,-0.022704
2024-01-01 00:00:05.600,0.198858,0.1278,9.477432,-0.079276,-0.017511,-0.431366
2024-01-01 00:00:05.610,1.424244,-0.415463,11.288018,-0.200859,-0.046615,-0.017731
2024-01-01 00:00:05.620,0.597809,-1.202267,9.597752,0.142806,-0.083453,-0.001076
2024-01-01 00:00:05.630,-0.223734,0.655831,11.4258,0.347661,-0.016682,-0.372382
2024-01-01 00:00:05.640,0.824333,0.526154,9.786001,0.117503,-0.220555,0.288726
2024-01-01 00:00:05.650,-0.280042,0.028362,10.58654,0.025845,-0.086964,0.042902
2024-01-01 00:00:05.660,-1.398663,0.125762,11.429673,-0.24661,0.106665,-0.127354
2024-01-01 00:00:05.670,-0.691799,0.589801,9.597616,0.129206,-0.069994,0.219807
2024-01-01 00:00:05.680,-1.283831,0.123162,10.049791,0.539087,-0.334394,-0.269342
2024-01-01 00:00:05.690,-0.241226,0.496306,11.225172,-0.095174,-0.094538,-0.184376
2024-01-01 00:00:05.700,2.45264,-0.163318,16.373963,-0.093996,-0.214032,-0.344918
2024-01-01 00:00:05.710,3.590455,0.720279,15.06966,-0.140272,0.053427,0.270157
2024-01-01 00:00:05.720,2.664354,0.176111,18.873022,-0.122354,0.063767,0.049852
2024-01-01 00:00:05.730,2.289642,0.106535,16.004199,-0.686325,-0.331755,0.09891
2024-01-01 00:00:05.740,3.00918,-0.697264,16.694314,0.101259,0.151803,0.04515
2024-01-01 00:00:05.750,-1.517392,0.157539,11.079295,-0.211388,-0.222437,0.086065
2024-01-01 00:00:05.760,0.16169,-0.456743,9.141874,-0.402566,0.311836,0.011712
2024-01-01 00:00:05.770,0.529006,-0.350417,8.703361,0.188297,-0.009755,0.040638
2024-01-01 00:00:05.780,-1.01468,-0.447641,10.088604,-0.270504,-0.249279,0.016141
2024-01-01 00:00:05.790,0.784901,-0.585363,7.841202,-0.084667,-0.228397,-0.091289
2024-01-01 00:00:05.800,0.232293,1.1665,9.493879,0.366611,0.069619,-0.006994
2024-01-01 00:00:05.810,-0.284991,0.730905,10.079052,-0.352304,-0.07826,0.041039
2024-01-01 00:00:05.820,0.434247,1.054282,9.513593,-0.38315,-0.019331,0.016582
2024-01-01 00:00:05.830,1.558263,-0.671369,8.115291,0.067327,0.322556,-0.221666
2024-01-01 00:00:05.840,0.124806,0.039118,11.560407,0.287372,-0.139849,-0.201748
2024-01-01 00:00:05.850,0.170341,-0.710136,9.923685,-0.393585,0.011993,0.162426
2024-01-01 00:00:05.860,-0.315236,-0.381936,11.381405,0.101922,0.283969,-0.046049
2024-01-01 00:00:05.870,-0.583206,-0.504052,9.52448,0.14525,0.054103,0.087709
2024-01-01 00:00:05.880,0.569818,0.680532,8.843747,-0.51479,-0.321321,-0.163818
2024-01-01 00:00:05.890,-0.587488,-0.21753,10.105561,0.199625,0.101078,-0.220972
2024-01-01 00:00:05.900,0.049112,0.58654,9.573066,0.219151,-0.232601,-0.126539
2024-01-01 00:00:05.910,-0.327792,0.331662,8.516818,-0.077946,0.281362,-0.033385
2024-01-01 00:00:05.920,0.3287,1.264698,11.423823,0.313087,-0.164574,-0.099771
2024-01-01 00:00:05.930,0.228976,-0.812215,9.126747,0.284114,0.593902,0.19409
2024-01-01 00:00:05.940,0.712012,0.691319,7.789388,0.025779,0.293475,0.026928
2024-01-01 00:00:05.950,-0.349999,0.629396,11.268326,-0.112861,-0.159323,0.277341
2024-01-01 00:00:05.960,-0.185202,-0.534385,9.256281,-0.243207,0.004003,0.060661
2024-01-01 00:00:05.970,-0.671677,0.552916,9.142609,-0.009391,0.150729,-0.361883
2024-01-01 00:00:05.980,-0.304896,0.184544,7.871604,0.14244,0.156732,0.158406
2024-01-01 00:00:05.990,0.258922,-0.124884,11.721554,-0.081044,0.088467,-0.226433
2024-01-01 00:00:06.000,0.519483,-0.452341,8.39415,-0.549375,0.250432,0.03458
2024-01-01 00:00:06.010,1.807164,-0.394791,16.584178,0.317178,-0.024594,-0.116203
2024-01-01 00:00:06.020,3.036767,1.125347,17.522057,0.047556,-0.073344,0.321407
2024-01-01 00:00:06.030,3.370306,0.000375,16.983045,-0.094906,-0.069373,0.21594
2024-01-01 00:00:06.040,2.72372,0.429389,16.4545,0.21429,0.171675,-0.111273
2024-01-01 00:00:06.050,3.727951,-0.434204,14.651571,0.38116,0.073036,-0.019104
2024-01-01 00:00:06.060,-0.531013,-0.428139,8.920922,-0.700478,0.058257,0.03669
2024-01-01 00:00:06.070,-0.854144,0.59401,10.016205,0.108566,0.159047,0.129512
2024-01-01 00:00:06.080,-1.220647,-0.740917,8.945683,-0.356662,-0.41021,0.004373
2024-01-01 00:00:06.090,1.02666,-0.227952,10.033289,0.124778,0.062014,-0.153734
2024-01-01 00:00:06.100,0.449058,0.018681,10.558554,0.031982,0.043714,-0.107634
2024-01-01 00:00:06.110,-0.038145,0.061144,10.866828,0.158932,0.333762,-0.000672
2024-01-01 00:00:06.120,0.192128,-0.098322,8.463655,-0.124812,-0.305718,0.185169
2024-01-01 00:00:06.130,-0.772367,0.217305,12.221917,-0.46831,0.311437,0.064176
2024-01-01 00:00:06.140,1.678397,0.380378,10.652692,-0.112592,0.015082,-0.116012
2024-01-01 00:00:06.150,0.088678,0.403316,9.808118,0.101712,0.097798,0.097256
2024-01-01 00:00:06.160,0.075072,-0.541206,11.006311,0.253848,0.335184,-0.058048
2024-01-01 00:00:06.170,0.498057,-0.156001,12.407218,-0.292958,0.112152,0.133561
2024-01-01 00:00:06.180,0.330093,0.655925,8.230285,0.256765,0.080074,0.379052
2024-01-01 00:00:06.190,0.15364,0.491161,9.562662,-0.161968,0.048458,-0.053824
2024-01-01 00:00:06.200,-0.542463,-0.7537,7.198482,0.090612,-0.096696,0.120241
2024-01-01 00:00:06.210,0.323545,0.192962,10.021531,-0.127473,-0.005698,-0.111809
2024-01-01 00:00:06.220,1.291539,-1.086046,10.211203,0.045543,-0.143103,-0.01684
2024-01-01 00:00:06.230,0.923295,0.025767,9.767,0.222969,-0.008913,0.004434
2024-01-01 00:00:06.240,1.093324,1.041874,9.091322,-0.306754,-0.467186,-0.029053
2024-01-01 00:00:06.250,-0.350822,-0.520393,7.559633,-0.169976,0.085808,0.369452
2024-01-01 00:00:06.260,-0.679116,-0.458043,10.22014,0.046241,-0.024347,-0.045989
2024-01-01 00:00:06.270,-0.086321,0.419452,11.408067,0.600396,-0.067241,0.088028
2024-01-01 00:00:06.280,0.038241,-0.846998,9.161062,-0.215797,0.043952,-0.289513
2024-01-01 00:00:06.290,0.750889,-0.347383,10.293186,0.510033,-0.286713,0.064799
2024-01-01 00:00:06.300,-1.161454,0.327446,8.088178,0.501106,0.385854,0.171308
2024-01-01 00:00:06.310,1.049654,-0.348223,10.31202,-0.024328,-0.020553,-0.07914
2024-01-01 00:00:06.320,-0.108433,-0.129548,9.378066,-0.074538,-0.029169,-0.376533
2024-01-01 00:00:06.330,-0.292947,0.408558,8.972865,-0.173016,-0.193079,-0.005798
2024-01-01 00:00:06.340,-0.694557,0.231429,8.975121,-0.017051,0.004789,0.002578
2024-01-01 00:00:06.350,-1.135645,0.146483,9.377814,-0.35168,0.277392,0.108611
2024-01-01 00:00:06.360,0.564901,-0.186178,10.229912,-0.01906,0.207183,0.301635
2024-01-01 00:00:06.370,0.050314,0.203164,8.369245,0.37422,0.170888,-0.057008
2024-01-01 00:00:06.380,-0.885236,-0.067929,9.373967,-0.152771,0.10928,-0.128443
2024-01-01 00:00:06.390,-0.888748,0.251335,9.764464,-0.060181,-0.071709,-0.175038
2024-01-01 00:00:06.400,-0.230432,-0.272816,8.603255,-0.425285,-0.290033,0.029712
2024-01-01 00:00:06.410,1.145366,-0.10023,11.782738,0.093516,-0.040208,0.071903
2024-01-01 00:00:06.420,-0.178145,-0.543487,8.872862,0.06612,-0.047174,-0.081848
2024-01-01 00:00:06.430,-1.031532,-0.019219,9.074958,0.015926,0.209759,0.116802
2024-01-01 00:00:06.440,-0.168641,-0.445239,8.735818,-0.054207,0.061878,0.069808
2024-01-01 00:00:06.450,-0.187157,-0.611612,11.784731,-0.073189,0.322462,0.006485
2024-01-01 00:00:06.460,-1.850738,0.142005,10.41709,0.125475,0.239498,-0.135362
2024-01-01 00:00:06.470,-0.03726,0.116794,8.781622,-0.007204,-0.091299,-0.07228
2024-01-01 00:00:06.480,-0.158479,0.429798,11.024642,0.078743,-0.359026,-0.364463
2024-01-01 00:00:06.490,0.477772,-0.236688,10.030367,0.053746,0.277115,0.035368
2024-01-01 00:00:06.500,1.268846,0.224021,10.092464,0.280857,0.271877,0.003951
2024-01-01 00:00:06.510,0.773105,0.302388,9.431764,0.169249,-0.273242,0.028272
2024-01-01 00:00:06.520,-0.184525,0.244181,8.987141,0.048215,0.301848,0.075648
2024-01-01 00:00:06.530,-0.759353,-0.453284,10.180867,0.379606,0.076423,0.057873
2024-01-01 00:00:06.540,1.765968,0.082001,9.211494,0.105067,0.032137,-0.016557
2024-01-01 00:00:06.550,0.040639,0.199913,11.804798,0.326241,0.322957,0.0073
2024-01-01 00:00:06.560,0.009559,0.003941,8.416318,0.151736,0.268937,-0.210647
2024-01-01 00:00:06.570,-0.016556,-1.145476,11.4967,-0.46048,0.130266,-0.087558
2024-01-01 00:00:06.580,0.135936,0.088109,9.687772,0.326209,0.094643,0.007571
2024-01-01 00:00:06.590,-0.099067,1.21468,10.138396,0.033794,0.123279,-0.110378
2024-01-01 00:00:06.600,-0.393676,-0.197662,10.724807,-0.012989,-0.080011,0.129023
2024-01-01 00:00:06.610,-0.375282,-0.399714,9.117986,0.070337,-0.01102,-0.098795
2024-01-01 00:00:06.620,-0.022477,0.204968,10.758945,-0.086246,-0.180463,0.032446
2024-01-01 00:00:06.630,-0.372925,0.171496,6.837117,0.056757,-0.066608,0.017485
2024-01-01 00:00:06.640,-0.48919,0.654812,9.019451,-0.147969,-0.073327,0.111942
2024-01-01 00:00:06.650,0.073038,-0.69057,8.795379,0.318568,-0.127061,0.135119
2024-01-01 00:00:06.660,-0.174978,0.401528,8.43365,-0.028397,0.027349,0.104105
2024-01-01 00:00:06.670,1.032115,0.324142,9.57398,-0.095646,-0.064796,-0.315901
2024-01-01 00:00:06.680,-1.819228,-0.078038,10.233553,-0.231231,0.100447,0.179122
2024-01-01 00:00:06.690,0.749047,0.185939,10.581521,0.067194,-0.324464,0.229096
2024-01-01 00:00:06.700,0.855126,0.565172,10.074483,0.046777,-0.022671,-0.072319
2024-01-01 00:00:06.710,-1.422864,0.478901,9.079069,0.097106,0.02631,0.035497
2024-01-01 00:00:06.720,-0.235169,-0.627518,10.21518,-0.256813,-0.062126,-0.133625
2024-01-01 00:00:06.730,-0.254901,0.450267,9.946466,-0.400295,-0.034479,-0.292257
2024-01-01 00:00:06.740,-0.965905,-0.035514,10.83779,0.156398,-0.317049,-0.110807
2024-01-01 00:00:06.750,-0.533777,0.040008,10.663076,0.37116,0.071295,-0.081021
2024-01-01 00:00:06.760,-0.762133,0.040185,9.843463,-0.256588,0.129521,-0.053228
2024-01-01 00:00:06.770,1.202496,-0.082483,8.824816,0.39736,0.098707,-0.143837
2024-01-01 00:00:06.780,0.642109,0.654247,9.093061,0.070978,0.207745,-0.110014
2024-01-01 00:00:06.790,0.872605,-0.045961,9.206331,-0.001766,0.040306,-0.001651
2024-01-01 00:00:06.800,0.495247,-0.614631,9.463838,-0.099387,0.095736,-0.115534
2024-01-01 00:00:06.810,-0.774812,-0.216048,10.104319,-0.34613,0.031218,0.081529
2024-01-01 00:00:06.820,-0.359952,0.098103,10.595261,0.246932,0.13751,0.102249
2024-01-01 00:00:06.830,0.335833,0.674839,9.753872,-0.193902,-0.315446,0.357058
2024-01-01 00:00:06.840,-0.838685,0.331099,9.827705,-0.194952,-0.178716,0.168852
2024-01-01 00:00:06.850,0.489295,-0.466944,9.96735,0.247982,0.31738,0.036465
2024-01-01 00:00:06.860,-0.164923,1.364369,9.243536,-0.470746,-0.492087,-0.09304
2024-01-01 00:00:06.870,-0.257221,0.145362,8.793919,-0.380899,-0.028036,0.044062
2024-01-01 00:00:06.880,0.487896,0.70019,7.882529,-0.004534,0.234455,0.048989
2024-01-01 00:00:06.890,0.304876,-0.083291,9.046726,0.073321,-0.018652,-0.076997
2024-01-01 00:00:06.900,-0.247713,0.292814,10.329514,0.121184,-0.081002,0.11756
2024-01-01 00:00:06.910,0.79559,0.460868,9.038203,-0.07545,0.025884,-0.209715
2024-01-01 00:00:06.920,-0.74188,0.668789,9.548888,0.632592,-0.070624,-0.03666
2024-01-01 00:00:06.930,0.422686,0.580495,10.322142,-0.056973,0.00617,0.083379
2024-01-01 00:00:06.940,0.407016,0.478836,10.381717,-0.057697,-0.136676,-0.043138
2024-01-01 00:00:06.950,-0.212426,-0.172983,8.624673,-0.199247,0.221735,-0.031013
2024-01-01 00:00:06.960,0.223809,-0.313889,10.904771,0.030977,0.284653,-0.020668
2024-01-01 00:00:06.970,-0.858577,0.182602,11.04783,0.15374,-0.026678,-0.12534
2024-01-01 00:00:06.980,0.634114,0.512287,8.569425,0.300895,-0.277298,0.176085
2024-01-01 00:00:06.990,-0.126889,-0.122274,8.905427,-0.372321,-0.104769,-0.152706
2024-01-01 00:00:07.000,-0.358719,0.584779,11.117818,-0.061499,-0.036798,0.047724
2024-01-01 00:00:07.010,0.719883,0.797487,9.648755,0.111676,0.101108,0.062047
2024-01-01 00:00:07.020,-0.483356,-0.50306,7.372684,0.146764,-0.201603,-0.142293
2024-01-01 00:00:07.030,-0.966557,-0.459469,8.27315,0.001637,-0.153832,0.010966
2024-01-01 00:00:07.040,-1.068237,-0.077066,9.536192,0.135606,0.102135,-0.136445
2024-01-01 00:00:07.050,0.415874,0.168879,8.532979,-0.202241,0.187782,0.208656
2024-01-01 00:00:07.060,-0.878695,-0.287987,9.356061,0.389476,-0.124319,-0.170817
2024-01-01 00:00:07.070,1.204228,0.742359,9.845571,0.248157,-0.266643,-0.098085
2024-01-01 00:00:07.080,-1.428724,0.232813,11.415556,-0.336232,0.656824,-0.183634
2024-01-01 00:00:07.090,1.164193,0.021656,9.491082,-0.268776,0.156661,-0.203655
2024-01-01 00:00:07.100,0.144811,-0.788314,10.987651,-0.26173,-0.053401,0.238682
2024-01-01 00:00:07.110,-0.066369,-0.722383,11.378779,0.169492,0.173806,0.081416
2024-01-01 00:00:07.120,-0.373951,0.154274,11.384872,-0.321182,-0.024891,0.021044
2024-01-01 00:00:07.130,0.273907,-1.170795,10.122661,-0.082756,0.173431,-0.098487
2024-01-01 00:00:07.140,-0.025827,0.555938,7.654309,0.113676,0.031879,0.136142
2024-01-01 00:00:07.150,0.757141,-0.086826,10.315986,-0.016541,0.018254,-0.123633
2024-01-01 00:00:07.160,0.078389,1.780458,10.961143,0.064722,-0.022716,0.119046
2024-01-01 00:00:07.170,0.103145,1.267046,9.720988,-0.266451,-0.289476,-0.130877
2024-01-01 00:00:07.180,-0.249529,-0.099616,11.725553,0.148714,0.387619,-0.096676
2024-01-01 00:00:07.190,-0.039079,-0.058379,10.754097,-0.153303,-0.188307,0.113742
2024-01-01 00:00:07.200,0.211229,0.546574,10.433964,-0.081155,-0.272005,0.129574
2024-01-01 00:00:07.210,-1.173603,0.935042,11.002846,0.059433,-0.042572,0.089621
2024-01-01 00:00:07.220,-0.925192,-0.899278,10.17604,0.02577,-0.192294,-0.157451
2024-01-01 00:00:07.230,0.510065,-0.98072,7.072894,0.005995,-0.010343,-0.067009
2024-01-01 00:00:07.240,0.117256,-0.341497,9.261945,-0.187657,0.137553,0.023535
2024-01-01 00:00:07.250,-0.126259,0.319923,11.12449,-0.074887,0.199061,-0.127392
2024-01-01 00:00:07.260,0.01265,0.272784,8.923265,0.000546,0.162946,0.205644
2024-01-01 00:00:07.270,0.238528,0.587305,9.564627,-0.343771,-0.061126,-0.360292
2024-01-01 00:00:07.280,-0.37041,-0.658634,8.66277,-0.115633,0.009918,-0.116811
2024-01-01 00:00:07.290,-0.534112,-1.271563,11.768747,0.09692,0.081576,-0.076435
2024-01-01 00:00:07.300,0.134399,0.47105,11.656279,-0.319359,-0.351557,-0.426592
2024-01-01 00:00:07.310,-0.671408,-0.45468,8.839512,0.289145,0.114117,-0.209434
2024-01-01 00:00:07.320,0.280163,-1.10815,9.971733,0.317403,-0.29146,0.093793
2024-01-01 00:00:07.330,-1.168398,0.07964,9.062818,-0.311288,0.408069,0.004543
2024-01-01 00:00:07.340,0.706258,0.435453,10.485209,0.339405,-0.080903,0.23597
2024-01-01 00:00:07.350,0.32432,-0.067009,10.369632,-0.035895,-0.036975,0.231784
2024-01-01 00:00:07.360,0.1757,-0.251359,10.701253,0.104629,-0.153941,0.064957
2024-01-01 00:00:07.370,0.674372,-0.08749,10.174446,-0.124163,-0.125994,0.046986
2024-01-01 00:00:07.380,1.142932,-0.20345,13.033076,0.230761,0.454819,0.00989
2024-01-01 00:00:07.390,0.696111,-0.740078,8.68134,0.101524,0.188074,-0.398262
2024-01-01 00:00:07.400,-1.2633,-0.39236,7.931758,-0.203538,-0.30984,-0.209184
2024-01-01 00:00:07.410,-0.87811,0.286183,9.378387,-0.2913,0.300843,0.015101
2024-01-01 00:00:07.420,-0.428782,0.176602,8.088349,-0.365076,0.238648,0.092404
2024-01-01 00:00:07.430,0.017905,0.092265,8.171276,0.046985,-0.056242,0.04345
2024-01-01 00:00:07.440,0.355244,-0.546337,8.710557,0.143118,0.061339,-0.13387
2024-01-01 00:00:07.450,-0.498042,-0.099645,8.797437,0.162741,-0.002989,0.140611
2024-01-01 00:00:07.460,0.128169,-1.195209,8.761829,-0.029495,0.394516,0.222367
2024-01-01 00:00:07.470,-0.518382,0.097984,10.379004,-0.289249,-0.159258,0.140698
2024-01-01 00:00:07.480,-0.419654,0.784443,9.254204,-0.170519,0.029202,0.14844
2024-01-01 00:00:07.490,-0.965321,-0.809299,9.612893,0.288087,-0.085629,-0.083884
2024-01-01 00:00:07.500,-0.633569,-0.321674,10.791868,-0.121157,-0.286608,0.16139
2024-01-01 00:00:07.510,-0.927594,0.18068,8.968578,0.035854,0.438328,0.021864
2024-01-01 00:00:07.520,-0.669693,0.687811,9.519529,-0.268913,-0.236313,0.076733
2024-01-01 00:00:07.530,0.723062,-0.246075,10.211604,0.084146,0.044026,0.054815
2024-01-01 00:00:07.540,-0.651525,-0.380045,7.678159,-0.114421,-0.34814,-0.018223
2024-01-01 00:00:07.550,4.246472,-1.080939,13.901374,0.261678,-0.079814,-0.129
2024-01-01 00:00:07.560,2.778539,0.056788,16.900037,0.193389,0.084394,-0.01232
2024-01-01 00:00:07.570,2.566844,1.1211,17.060232,-0.123926,-0.164947,0.148014
2024-01-01 00:00:07.580,1.850952,0.15227,18.786514,-0.031666,0.11736,-0.066221
2024-01-01 00:00:07.590,2.920588,-0.012231,16.693588,-0.137779,-0.053808,0.134002
2024-01-01 00:00:07.600,-0.395031,0.176823,10.710074,-0.354858,0.232017,0.110561
2024-01-01 00:00:07.610,0.083729,-0.00609,9.595371,-0.214361,0.272352,-0.044841
2024-01-01 00:00:07.620,1.756858,-0.446345,10.136355,0.049554,-0.117349,0.20832
2024-01-01 00:00:07.630,-0.065921,0.451981,11.640648,0.081315,0.015347,-0.053332
2024-01-01 00:00:07.640,0.788689,0.123943,7.477856,0.037137,0.036691,0.226432
2024-01-01 00:00:07.650,-0.482555,0.00967,10.264151,-0.075433,0.12387,0.065119
2024-01-01 00:00:07.660,-0.024011,-0.535476,12.154874,0.233267,0.002876,-0.00238
2024-01-01 00:00:07.670,1.215212,0.715626,10.119674,0.015885,0.038042,-0.13317
2024-01-01 00:00:07.680,-0.430256,0.364922,11.622329,0.175813,-0.048681,-0.013239
2024-01-01 00:00:07.690,1.243793,-0.303554,9.119125,-0.443444,0.023048,-0.030564
2024-01-01 00:00:07.700,0.485695,0.550002,9.774812,-0.9806,0.259588,-0.188744
2024-01-01 00:00:07.710,-0.385993,-0.273166,9.84681,0.070947,0.129217,-0.032642
2024-01-01 00:00:07.720,0.43399,-0.42932,7.375085,-0.356191,0.140251,-0.12057
2024-01-01 00:00:07.730,0.667415,-0.417077,8.527341,-0.053113,0.144614,0.087899
2024-01-01 00:00:07.740,0.426717,-0.972317,8.605631,-0.075524,-0.030762,0.195942
2024-01-01 00:00:07.750,-1.077567,0.258877,10.712629,0.39685,0.063765,-0.184037
2024-01-01 00:00:07.760,-0.498998,-1.005299,10.767624,0.099999,-0.217035,0.256846
2024-01-01 00:00:07.770,-0.16986,-0.674416,10.165792,0.041465,0.253762,-0.019283
2024-01-01 00:00:07.780,-0.05108,-1.139498,10.714865,0.209248,-0.556592,-0.146253
2024-01-01 00:00:07.790,0.425936,-0.047252,9.629764,0.092124,-0.01743,0.113663
2024-01-01 00:00:07.800,0.121947,-0.082526,11.129721,-0.114419,0.228179,-0.066968
2024-01-01 00:00:07.810,-0.91638,-0.179356,9.81965,0.267869,-0.272774,-0.012261
2024-01-01 00:00:07.820,0.260911,-0.572375,9.873535,-0.277438,0.079956,-0.060642
2024-01-01 00:00:07.830,0.419014,-0.643556,9.518379,0.080812,-0.136153,-0.122511
2024-01-01 00:00:07.840,0.384156,0.254939,10.561527,-0.386892,-0.073761,0.1086
2024-01-01 00:00:07.850,0.741686,-0.302253,9.347524,0.050986,0.189188,-0.042945
2024-01-01 00:00:07.860,3.012279,0.173681,17.592122,0.048247,0.039611,-0.215498
2024-01-01 00:00:07.870,2.755112,-0.486002,15.2769,0.419114,-0.406871,0.082659
2024-01-01 00:00:07.880,2.391849,0.099403,15.31339,-0.391243,-0.195285,-0.180837
2024-01-01 00:00:07.890,1.300166,0.7155,17.274795,-0.150222,0.195067,-0.172989
2024-01-01 00:00:07.900,2.734826,0.321805,16.422778,0.205671,0.089789,0.178891
2024-01-01 00:00:07.910,0.142526,-0.226415,9.311627,0.083829,0.349627,-0.179451
2024-01-01 00:00:07.920,0.186371,0.141202,10.787283,0.045076,0.33653,-0.347467
2024-01-01 00:00:07.930,-0.876169,-0.132125,9.143227,-0.239034,-0.068449,0.093429
2024-01-01 00:00:07.940,-0.741875,0.004326,9.590179,-0.147705,0.500648,-0.04558
2024-01-01 00:00:07.950,0.722726,-0.17876,11.346352,0.31126,0.004896,-0.032648
2024-01-01 00:00:07.960,-0.027145,-0.09022,11.499978,-0.012877,-0.192534,-0.047175
2024-01-01 00:00:07.970,0.46768,0.116439,11.536493,0.09384,-0.126728,0.03475
2024-01-01 00:00:07.980,0.019433,-0.545354,9.500226,-0.028797,-0.451345,-0.112908
2024-01-01 00:00:07.990,0.02042,-0.557717,11.161312,-0.295771,0.321404,0.221417
2024-01-01 00:00:08.000,0.643897,-0.76231,8.76805,0.233453,0.318952,-0.221435
2024-01-01 00:00:08.010,-0.354136,-0.878549,8.814221,0.125808,-0.203101,0.066731
2024-01-01 00:00:08.020,0.065963,-0.668288,7.229199,0.576409,-0.045577,0.096318
2024-01-01 00:00:08.030,-0.317236,0.087545,11.646809,-0.253895,0.019122,-0.113948
2024-01-01 00:00:08.040,-0.298173,-0.49014,8.86135,0.205643,-0.192071,-0.15356
2024-01-01 00:00:08.050,-0.212169,0.281974,9.671067,-0.327886,-0.35102,0.152576
2024-01-01 00:00:08.060,0.152439,0.019058,8.810464,0.039337,-0.042072,-0.148629
2024-01-01 00:00:08.070,-0.328541,-1.080709,10.573291,0.244127,-0.064216,-0.091
2024-01-01 00:00:08.080,0.861763,0.359582,9.397554,-0.518034,-0.077682,0.133096
2024-01-01 00:00:08.090,-0.613924,0.445128,8.377311,-0.051233,0.044543,0.005211
2024-01-01 00:00:08.100,-0.128241,-0.545631,10.294945,-0.140802,0.285904,-0.269572
2024-01-01 00:00:08.110,-0.301765,0.230685,8.235764,-0.175489,-0.060619,0.262059
2024-01-01 00:00:08.120,0.992989,-0.470218,8.890529,0.096303,0.034089,-0.079502
2024-01-01 00:00:08.130,0.134886,0.053621,7.496636,0.280171,0.145374,-0.060414
2024-01-01 00:00:08.140,0.708103,-0.69421,8.246494,-0.03332,0.110829,0.038368
2024-01-01 00:00:08.150,-1.019466,-0.984415,10.006025,0.051372,-0.122885,0.093762
2024-01-01 00:00:08.160,0.183263,-0.210167,7.652939,0.028577,0.019275,0.294166
2024-01-01 00:00:08.170,0.610509,-0.067927,8.183702,0.000451,0.109508,-0.24901
2024-01-01 00:00:08.180,0.056467,-0.218326,9.807399,-0.272336,-0.22567,0.123893
2024-01-01 00:00:08.190,0.731186,-0.650033,9.21312,0.277111,0.252708,0.111451
2024-01-01 00:00:08.200,-0.354989,-0.219545,11.997256,0.073799,0.286318,-0.020575
2024-01-01 00:00:08.210,0.967165,0.147843,11.823618,0.09872,-0.144556,0.118091
2024-01-01 00:00:08.220,1.577619,-0.024646,8.857021,-0.201627,0.038734,0.140141
2024-01-01 00:00:08.230,-0.248998,0.100193,10.421737,-0.114805,0.128456,-0.207294
2024-01-01 00:00:08.240,-0.305726,-0.367893,10.632712,-0.044034,-0.109123,0.262465
2024-01-01 00:00:08.250,0.997385,0.643273,9.153968,-0.383531,0.096323,-0.233814
2024-01-01 00:00:08.260,1.083981,-0.645719,8.167895,-0.422009,0.032651,-0.170297
2024-01-01 00:00:08.270,-0.358813,0.267671,9.796496,-0.150187,-0.293584,-0.039268
2024-01-01 00:00:08.280,-0.288353,0.648858,9.620215,0.13063,0.091832,0.288741
2024-01-01 00:00:08.290,-0.193375,0.264019,9.331531,-0.163284,-0.220028,-0.046238
2024-01-01 00:00:08.300,-0.922629,-0.111186,10.295664,-0.254701,0.187841,-0.00479
2024-01-01 00:00:08.310,-0.630425,-0.290035,8.985699,-0.203671,-0.134242,0.214812
2024-01-01 00:00:08.320,-0.689092,0.568812,8.545107,-0.113836,-0.032257,-0.045048
2024-01-01 00:00:08.330,-0.526901,-0.781213,9.929773,-0.088465,0.274456,-0.176766
2024-01-01 00:00:08.340,-0.023803,-0.532598,10.233795,0.54138,0.099276,-0.062585
2024-01-01 00:00:08.350,0.16073,-0.218259,8.518044,0.263655,-0.215895,0.205619
2024-01-01 00:00:08.360,1.064031,0.679472,10.829043,0.256194,-0.202983,0.01063
2024-01-01 00:00:08.370,-0.68512,0.208492,7.866012,0.292145,-0.119861,0.289599
2024-01-01 00:00:08.380,0.675491,-0.531457,9.175231,-0.249705,0.078929,0.11069
2024-01-01 00:00:08.390,-0.14685,-0.170359,9.526707,-0.305591,0.07166,-0.096721
2024-01-01 00:00:08.400,-0.033944,-0.337263,9.111426,-0.276718,-0.16862,0.007661
2024-01-01 00:00:08.410,0.463095,-0.389674,9.189564,0.333627,-0.233442,-0.127983
2024-01-01 00:00:08.420,-0.770468,0.53741,11.86444,-0.136798,0.056317,-0.100265
2024-01-01 00:00:08.430,0.262429,-0.753087,8.875729,-0.312839,-0.036372,0.671863
2024-01-01 00:00:08.440,0.114228,0.883221,12.490461,-0.107749,0.431443,0.152794
2024-01-01 00:00:08.450,0.337945,0.454698,10.289965,-0.059651,0.007321,0.129165
2024-01-01 00:00:08.460,0.198442,0.598883,9.911077,0.067103,0.362851,-0.093477
2024-01-01 00:00:08.470,1.68495,-0.254154,10.332912,0.062738,-0.234077,0.235438
2024-01-01 00:00:08.480,-0.437649,-0.082317,12.587861,-0.207045,-0.314643,0.164912
2024-01-01 00:00:08.490,-0.364397,-0.7868,8.719035,0.171414,-0.224017,0.282243
2024-01-01 00:00:08.500,-0.42763,-0.28804,8.579781,-0.159798,0.237826,0.274967
2024-01-01 00:00:08.510,-0.381196,0.271017,8.981157,-0.039069,0.35122,-0.221863
2024-01-01 00:00:08.520,-0.437407,0.711539,9.845293,0.171694,-0.156436,-0.166476
2024-01-01 00:00:08.530,0.815963,-0.607829,7.915103,-0.160455,-0.092113,-0.150568
2024-01-01 00:00:08.540,0.974821,-0.200663,9.834528,-0.142338,-0.233796,-0.141591
2024-01-01 00:00:08.550,-0.391675,-0.083063,11.669515,0.147917,-0.362328,0.048518
2024-01-01 00:00:08.560,-0.571204,-0.766288,9.976245,-0.214433,0.143682,-0.085021
2024-01-01 00:00:08.570,0.323509,0.324651,9.488631,-0.096198,0.044604,0.31089
2024-01-01 00:00:08.580,-0.378963,-0.397471,9.13126,0.138936,0.002098,0.285702
2024-01-01 00:00:08.590,0.434349,-0.107269,10.796566,0.513523,-0.280011,-0.000969
2024-01-01 00:00:08.600,0.139256,-0.24812,8.903236,0.151351,0.327991,0.293299
2024-01-01 00:00:08.610,-1.040179,-0.433347,11.837343,0.11816,-0.100671,0.22322
2024-01-01 00:00:08.620,1.061975,-0.003868,11.932829,0.1327,0.106725,-0.067606
2024-01-01 00:00:08.630,1.232421,-0.11837,10.091912,-0.268298,-0.290912,-0.301382
2024-01-01 00:00:08.640,-0.420526,-0.20415,9.797356,0.028899,-0.038105,-0.032695
2024-01-01 00:00:08.650,-0.26606,-0.399925,10.941664,-0.007442,0.058275,-0.096693
2024-01-01 00:00:08.660,0.196175,0.175419,11.012089,0.080396,0.065415,0.030976
2024-01-01 00:00:08.670,0.229521,0.907836,8.925021,0.029127,0.03093,0.013384
2024-01-01 00:00:08.680,0.451926,0.076798,9.231842,0.094925,0.098904,0.009453
2024-01-01 00:00:08.690,1.379503,0.546869,8.358063,-0.077867,-0.226104,0.078553
2024-01-01 00:00:08.700,-0.12143,-0.763232,10.259153,0.014652,0.039475,-0.181878
2024-01-01 00:00:08.710,-0.547831,0.086611,10.541957,-0.306957,0.022752,0.061704
2024-01-01 00:00:08.720,-0.946558,-0.602455,8.327782,-0.079977,0.046335,-0.065942
2024-01-01 00:00:08.730,-0.501601,-0.810832,9.310192,0.347708,0.014469,0.029997
2024-01-01 00:00:08.740,-0.022733,-0.405915,8.330715,0.079702,-0.254643,0.143611
2024-01-01 00:00:08.750,1.231515,0.654353,8.823118,-0.00523,-0.26356,-0.18366
2024-01-01 00:00:08.760,-0.355211,0.521559,10.415017,0.474031,-0.442854,-0.042194
2024-01-01 00:00:08.770,0.153574,0.13341,9.004637,-0.340209,0.163507,-0.01778
2024-01-01 00:00:08.780,-0.01127,-0.841453,9.479693,-0.277364,0.165532,-0.07714
2024-01-01 00:00:08.790,0.815535,-0.107758,8.023212,0.428178,0.16871,0.134974
2024-01-01 00:00:08.800,1.734107,0.165633,10.015315,0.01149,0.061358,-0.108058
2024-01-01 00:00:08.810,-0.364309,0.096369,9.761388,-0.060646,-0.426624,-0.08331
2024-01-01 00:00:08.820,-0.335878,-1.012243,9.009603,-0.299801,-0.205342,-0.106488
2024-01-01 00:00:08.830,0.716555,-0.488784,9.602462,0.111924,0.034083,0.163808
2024-01-01 00:00:08.840,0.467948,-0.035179,10.007964,0.136115,0.027104,-0.073867
2024-01-01 00:00:08.850,1.267303,0.294424,8.915275,-0.273624,-0.04455,0.069007
2024-01-01 00:00:08.860,0.400721,-1.205674,8.189064,-0.035069,0.073783,0.296356
2024-01-01 00:00:08.870,-0.246564,-0.089006,11.792521,-0.083879,0.00233,-0.011223
2024-01-01 00:00:08.880,0.405337,0.078534,9.114667,0.063994,0.024154,0.166809
2024-01-01 00:00:08.890,0.760848,0.466437,9.703757,-0.279813,-0.127813,0.250703
2024-01-01 00:00:08.900,0.563056,0.380379,10.919902,0.312987,0.196402,0.154079
2024-01-01 00:00:08.910,0.348117,0.319832,13.684903,0.228956,-0.086154,-0.00252
2024-01-01 00:00:08.920,0.732006,-0.439167,8.443554,-0.090794,-0.26613,0.096316
2024-01-01 00:00:08.930,0.802429,-1.047493,10.30391,-0.054105,-0.1542,-0.193107
2024-01-01 00:00:08.940,0.948507,-0.215786,9.033108,-0.034106,-0.069693,-0.117006
2024-01-01 00:00:08.950,0.445177,0.549896,9.218408,-0.194577,0.198801,-0.090701
2024-01-01 00:00:08.960,-0.114685,0.765007,9.019207,-0.110857,-0.008454,0.336092
2024-01-01 00:00:08.970,0.100682,0.390091,8.574031,-0.067568,-0.03723,-0.121888
2024-01-01 00:00:08.980,0.827967,0.235708,9.764662,0.403217,-0.249733,-0.124122
2024-01-01 00:00:08.990,-0.560622,0.208422,8.190996,0.236655,0.157097,-0.156588
2024-01-01 00:00:09.000,0.253002,-0.305309,10.849595,0.233664,-0.13039,0.083972
2024-01-01 00:00:09.010,-0.269929,-0.071403,9.870393,0.092481,-0.020006,0.021393
2024-01-01 00:00:09.020,0.019726,0.916319,10.273834,-0.279332,0.296037,0.163014
2024-01-01 00:00:09.030,0.877338,-0.517464,9.298125,-0.010373,0.101753,0.100689
2024-01-01 00:00:09.040,0.131142,0.886514,9.40681,0.242622,-0.325651,-0.207058
2024-01-01 00:00:09.050,0.031867,-0.176793,10.125745,-0.314566,-0.353902,-0.121092
2024-01-01 00:00:09.060,-0.933201,0.727662,8.531872,0.159138,-0.012862,0.204799
2024-01-01 00:00:09.070,0.512117,-0.772341,9.416927,0.580652,-0.242548,-0.030495
2024-01-01 00:00:09.080,0.442964,0.321661,8.866144,0.265454,0.129709,0.178139
2024-01-01 00:00:09.090,1.484534,-0.404487,8.832155,0.353507,0.008453,-0.022452
2024-01-01 00:00:09.100,-0.211213,-0.776982,7.493398,0.054585,0.033077,-0.145148
2024-01-01 00:00:09.110,0.150392,0.119975,11.280581,0.241983,-0.141349,-0.045489
2024-01-01 00:00:09.120,0.17114,0.5542,9.05618,-0.179463,0.348277,-0.145207
2024-01-01 00:00:09.130,1.082527,-0.463873,11.087387,0.198966,0.568519,-0.084833
2024-01-01 00:00:09.140,-0.065397,-0.82296,10.983534,0.163597,-0.055717,0.030139
2024-01-01 00:00:09.150,0.191479,-0.050423,8.397972,0.072478,0.070608,0.076741
2024-01-01 00:00:09.160,0.417169,-0.048002,8.614924,0.329002,0.019483,-0.238529
2024-01-01 00:00:09.170,0.128061,0.301027,12.621432,-0.134696,-0.051937,-0.002605
2024-01-01 00:00:09.180,-0.306365,0.521327,11.732517,-0.046764,-0.166414,-0.087992
2024-01-01 00:00:09.190,0.133194,-0.032619,9.775393,0.023866,-0.216994,-0.097262
2024-01-01 00:00:09.200,0.73678,1.018671,10.092596,-0.257403,-0.227119,0.019903
2024-01-01 00:00:09.210,-0.704446,0.123105,9.117331,0.056733,0.081048,-0.082568
2024-01-01 00:00:09.220,0.09125,-0.190188,10.284723,-0.429733,-0.103935,0.207321
2024-01-01 00:00:09.230,-0.480458,-0.88475,9.022534,0.261739,-0.515659,0.178209
2024-01-01 00:00:09.240,0.820101,-0.1442,7.578476,0.011659,0.088972,0.177274
2024-01-01 00:00:09.250,-1.045287,-0.184676,8.358932,-0.130223,-0.007652,-0.074237
2024-01-01 00:00:09.260,-0.38356,0.527207,9.83316,-0.208593,0.269335,-0.144375
2024-01-01 00:00:09.270,0.258862,0.253904,8.568088,-0.058645,0.074624,0.012304
2024-01-01 00:00:09.280,1.074341,-0.647474,9.736129,0.172065,-0.295735,-0.022552
2024-01-01 00:00:09.290,-0.045121,0.094568,8.630022,0.136935,-0.445935,-0.091323
2024-01-01 00:00:09.300,-0.381006,0.368671,8.950975,-0.176384,-0.143894,-0.17636
2024-01-01 00:00:09.310,1.290944,0.838889,10.746776,-0.21151,-0.125021,-0.006228
2024-01-01 00:00:09.320,-0.9937,0.48724,10.081734,0.164225,0.188632,-0.06061
2024-01-01 00:00:09.330,-1.508931,0.417705,9.799388,-0.180587,-0.001774,0.103252
2024-01-01 00:00:09.340,0.30196,0.032987,10.775102,0.014977,0.226738,0.099766
2024-01-01 00:00:09.350,-0.344535,0.213183,10.337708,0.030939,-0.264967,0.16512
2024-01-01 00:00:09.360,-0.700821,0.685978,11.398326,0.078016,0.193053,-0.188894
2024-01-01 00:00:09.370,0.48611,-0.731695,9.305075,0.214568,0.144198,0.060159
2024-01-01 00:00:09.380,0.167308,-0.191842,9.338261,-0.315741,-0.403647,-0.10912
2024-01-01 00:00:09.390,-0.387099,-0.42414,8.381382,-0.47779,0.264524,-0.183062
2024-01-01 00:00:09.400,1.561391,0.208155,16.048979,-0.141862,0.018692,-0.06429
2024-01-01 00:00:09.410,3.038724,0.675392,17.579317,0.450382,0.078409,0.160306
2024-01-01 00:00:09.420,2.886201,-0.327739,17.947386,0.505544,-0.172979,-0.055848
2024-01-01 00:00:09.430,2.371941,-1.312277,17.574415,0.457794,0.255049,0.234818
2024-01-01 00:00:09.440,3.707255,-0.226309,14.549977,-0.048245,-0.23717,0.082332
2024-01-01 00:00:09.450,-0.734346,0.501497,10.999293,-0.445529,0.166418,-0.059114
2024-01-01 00:00:09.460,-1.046892,0.295159,7.791307,-0.58576,0.164121,0.174007
2024-01-01 00:00:09.470,-0.474822,0.235074,10.796133,-0.15351,-0.194833,0.06681
2024-01-01 00:00:09.480,-0.031283,-0.153716,9.406173,-0.049518,0.396675,-0.139884
2024-01-01 00:00:09.490,0.166992,-0.702188,10.581382,0.325156,0.046306,0.27882
2024-01-01 00:00:09.500,-0.165548,0.282897,8.346972,0.216951,0.130779,0.038922
2024-01-01 00:00:09.510,0.241598,-0.458021,11.095942,0.056851,-0.305424,0.002819
2024-01-01 00:00:09.520,-0.858869,1.199069,8.201458,-0.222461,0.423546,-0.12833
2024-01-01 00:00:09.530,0.990783,0.313208,9.076037,-0.240195,-0.244911,0.176931
2024-01-01 00:00:09.540,-0.056376,-0.318776,8.714092,0.063532,0.204977,0.077591
2024-01-01 00:00:09.550,0.766744,-0.335651,7.883795,0.174263,-0.198954,0.094386
2024-01-01 00:00:09.560,0.235195,-0.051026,9.913791,0.09797,-0.123798,-0.07613
2024-01-01 00:00:09.570,0.313447,-0.131487,11.793086,-0.258649,0.157751,0.125115
2024-01-01 00:00:09.580,0.391003,0.613142,12.738262,0.162667,0.205511,0.136772
2024-01-01 00:00:09.590,0.30724,0.102342,9.916677,0.106478,-0.254257,-0.100317
2024-01-01 00:00:09.600,0.441068,-0.401666,11.036116,-0.267667,0.218094,-0.212549
2024-01-01 00:00:09.610,0.912131,1.037852,10.06484,-0.19608,0.208996,0.087206
2024-01-01 00:00:09.620,0.134863,0.02707,10.357774,0.172124,-0.187591,-0.236002
2024-01-01 00:00:09.630,0.486554,0.422093,9.434321,-0.058627,0.31973,0.022802
2024-01-01 00:00:09.640,-0.061581,-0.333916,10.024194,0.397287,-0.291372,-0.067087
2024-01-01 00:00:09.650,0.98828,0.19935,10.400152,0.125282,-0.124955,0.1828
2024-01-01 00:00:09.660,-0.464174,0.170799,9.174851,-0.121658,0.095801,-0.058927
2024-01-01 00:00:09.670,1.235895,-1.037417,9.724911,-0.002551,-0.170713,0.166091
2024-01-01 00:00:09.680,-0.027558,1.106386,9.745844,0.015846,0.052764,-0.077131
2024-01-01 00:00:09.690,-0.981869,0.708564,10.717391,-0.182098,0.048215,0.149999
2024-01-01 00:00:09.700,0.087912,-0.21806,8.639497,-0.228147,-0.037415,0.309051
2024-01-01 00:00:09.710,1.972628,-0.605146,16.463407,0.175347,0.16648,-0.160207
2024-01-01 00:00:09.720,3.016892,0.190811,18.619382,0.211318,-0.045672,0.043805
2024-01-01 00:00:09.730,1.992137,0.047597,17.798138,0.150945,0.046308,0.412317
2024-01-01 00:00:09.740,2.133807,0.195262,18.001399,0.37883,0.229294,0.009988
2024-01-01 00:00:09.750,1.143303,0.105176,16.546826,-0.135443,0.158137,0.009268
2024-01-01 00:00:09.760,-0.310395,0.277926,10.162455,0.418568,0.157203,0.118275
2024-01-01 00:00:09.770,-1.663387,0.794571,10.910455,-0.22523,-0.229836,0.006162
2024-01-01 00:00:09.780,-1.086953,0.311889,11.523161,-0.253171,0.104959,-0.256084
2024-01-01 00:00:09.790,0.521835,-0.576261,7.66714,-0.43999,-0.1757,0.169843
2024-01-01 00:00:09.800,0.539255,0.748047,8.365645,-0.111449,-0.256283,-0.300442
2024-01-01 00:00:09.810,0.29197,0.900697,11.24777,-0.125931,-0.014341,-0.062519
2024-01-01 00:00:09.820,-0.663587,1.730479,9.505975,0.131484,-0.180859,0.181114
2024-01-01 00:00:09.830,-0.032742,-0.616798,9.072451,0.060973,0.158124,-0.053481
2024-01-01 00:00:09.840,-0.002472,0.133342,8.432931,-0.298243,0.162907,-0.104054
2024-01-01 00:00:09.850,-0.794928,-1.143072,9.200592,-0.098182,-0.380525,0.13189
2024-01-01 00:00:09.860,1.031707,0.303679,8.270199,-0.092866,-0.165661,-0.127667
2024-01-01 00:00:09.870,0.60209,-0.300962,12.106022,-0.443996,-0.291957,-0.183334
2024-01-01 00:00:09.880,-0.151637,1.055972,9.785365,-0.245237,-0.092526,0.041177
2024-01-01 00:00:09.890,0.01845,-0.425264,9.74637,-0.192703,0.091035,-0.027438
2024-01-01 00:00:09.900,0.143003,-0.927361,10.455708,0.358406,-0.048458,-0.186551
2024-01-01 00:00:09.910,-1.401141,-0.258724,10.866655,0.047863,-0.117952,0.095543
2024-01-01 00:00:09.920,-0.169625,-1.084543,10.848585,0.165542,0.260035,0.069673
2024-01-01 00:00:09.930,-0.468012,0.412354,10.988837,-0.374659,-0.460971,-0.053963
2024-01-01 00:00:09.940,-0.687362,-1.133731,9.117332,0.298554,0.247374,-0.0437
2024-01-01 00:00:09.950,-0.192905,0.015623,9.482942,0.325276,-0.108858,0.070559
2024-01-01 00:00:09.960,1.233662,-1.140719,10.654397,-0.499586,-0.015622,0.178554
2024-01-01 00:00:09.970,0.439778,-0.175843,9.230927,-0.176329,-0.105473,-0.042419
2024-01-01 00:00:09.980,-0.391972,0.902215,9.804393,0.123941,0.308578,0.098203
2024-01-01 00:00:09.990,0.392935,0.197996,10.247843,0.161097,-0.246196,0.08478
2024-01-01 00:00:10.000,0.960308,-0.474058,10.672133,-0.169624,0.002347,0.131896
2024-01-01 00:00:10.010,0.63453,-0.017131,7.858106,-0.076375,0.105488,0.005896
2024-01-01 00:00:10.020,0.040921,0.009891,10.594791,-0.149345,-0.322201,-0.136849
2024-01-01 00:00:10.030,-0.44396,0.259474,9.553371,0.027605,-0.18398,-0.069375
2024-01-01 00:00:10.040,0.479156,-0.750405,10.586789,0.299295,-0.029636,0.051428
2024-01-01 00:00:10.050,0.270029,0.325319,10.663071,-0.192761,-0.177333,0.27277
2024-01-01 00:00:10.060,0.614326,-1.484711,11.575491,0.250205,-0.163118,-0.072603
2024-01-01 00:00:10.070,0.435887,-0.345807,11.296092,-0.195418,-0.069973,0.120718
2024-01-01 00:00:10.080,0.720256,-0.268062,11.288536,-0.211907,0.129916,-0.049208
2024-01-01 00:00:10.090,-0.367305,0.347696,11.39515,0.204649,-0.068544,0.01657
2024-01-01 00:00:10.100,0.904062,0.012424,10.129934,0.230484,0.215685,0.22731
2024-01-01 00:00:10.110,0.135603,-0.771654,9.845339,0.212852,-0.199552,0.114644
2024-01-01 00:00:10.120,1.424148,-0.540761,10.768353,-0.328949,-0.250384,-0.186195
2024-01-01 00:00:10.130,-0.472955,0.109075,10.613825,-0.116488,0.385269,-0.085871
2024-01-01 00:00:10.140,1.191305,-0.043408,9.470645,0.205747,-0.131592,0.188433
2024-01-01 00:00:10.150,0.135816,-0.317939,10.254496,0.010385,-0.262182,0.021282
2024-01-01 00:00:10.160,-0.447036,-0.263978,9.771464,-0.268423,-0.348411,-0.172326
2024-01-01 00:00:10.170,-0.332067,0.382196,8.872382,0.114579,0.215021,-0.122843
2024-01-01 00:00:10.180,-0.219838,-0.284213,11.226926,-0.178702,-0.068261,0.105524
2024-01-01 00:00:10.190,0.291084,-0.048362,9.870609,0.448631,-0.050742,0.149162
2024-01-01 00:00:10.200,0.358796,1.191295,12.059482,0.38621,-0.03184,0.002678
2024-01-01 00:00:10.210,-0.393702,-0.781602,8.025209,0.151024,0.202589,0.371297
2024-01-01 00:00:10.220,-0.016713,-1.016662,9.198657,0.340252,-0.035906,0.123623
2024-01-01 00:00:10.230,1.470133,0.430191,9.845837,0.016198,0.468811,-0.036522
2024-01-01 00:00:10.240,1.185527,-0.372575,11.058844,0.191359,0.026752,-0.122356
2024-01-01 00:00:10.250,0.299427,-0.174712,10.248617,0.36943,0.212357,-0.146233
2024-01-01 00:00:10.260,0.02608,-0.428855,10.150899,0.061375,0.161048,0.050313
2024-01-01 00:00:10.270,0.082371,-0.14263,8.572264,-0.063797,-0.007289,-0.073317
2024-01-01 00:00:10.280,0.421027,0.877597,8.539678,-0.426155,-0.117394,0.251062
2024-01-01 00:00:10.290,-0.701891,0.440369,10.16411,-0.020783,0.066393,0.219947
2024-01-01 00:00:10.300,-0.176625,0.473361,8.312212,0.205856,0.10202,0.09496
2024-01-01 00:00:10.310,-1.145066,-0.777509,9.225998,0.236408,-0.114517,-0.176849
2024-01-01 00:00:10.320,0.273967,-0.631983,10.360007,0.126091,0.033268,-0.100833
2024-01-01 00:00:10.330,0.444138,-1.558654,8.731408,-0.135325,0.247241,0.188352
2024-01-01 00:00:10.340,-0.331587,-0.44435,11.572681,-0.494205,0.41399,-0.08446
2024-01-01 00:00:10.350,1.080148,0.52523,11.153882,-0.123804,0.170874,0.168321
2024-01-01 00:00:10.360,-0.841182,0.283804,8.084581,-0.076086,0.372552,0.071191
2024-01-01 00:00:10.370,-1.004927,-0.121611,8.786256,-0.078232,-0.125875,0.007758
2024-01-01 00:00:10.380,0.15403,-0.012243,7.300217,0.154639,0.140376,-0.105425
2024-01-01 00:00:10.390,0.718571,-0.378198,8.950715,0.496419,0.267704,-0.014137
2024-01-01 00:00:10.400,1.155595,0.112413,10.651495,0.030882,-0.179267,0.028447
2024-01-01 00:00:10.410,-0.314909,0.420467,9.355543,-0.054183,-0.097118,0.154881
2024-01-01 00:00:10.420,0.740245,-0.887122,10.315955,-0.064805,0.347581,-0.13286
2024-01-01 00:00:10.430,-0.026426,0.164507,8.138477,0.031096,-0.19502,-0.039423
2024-01-01 00:00:10.440,-0.118465,0.511907,10.686177,-0.207073,-0.268226,0.006723
2024-01-01 00:00:10.450,0.606412,-0.22789,9.20049,0.03005,0.305596,0.099402
2024-01-01 00:00:10.460,0.447657,0.384685,9.823362,0.112703,0.239353,-0.13627
2024-01-01 00:00:10.470,-1.081799,1.545245,9.708024,0.052422,0.086424,-0.197485
2024-01-01 00:00:10.480,1.013276,-0.057284,8.41384,0.114385,-0.009142,0.101095
2024-01-01 00:00:10.490,0.947088,0.215926,8.543913,0.108437,-0.087705,-0.227692
2024-01-01 00:00:10.500,-0.429292,-0.405193,10.872638,-0.442974,0.05639,0.192747
2024-01-01 00:00:10.510,0.27162,0.099507,10.248093,0.159218,0.315961,-0.023389
2024-01-01 00:00:10.520,0.339028,0.252689,10.962954,-0.167754,0.047713,-0.23213
2024-01-01 00:00:10.530,0.178887,0.106968,10.166475,-0.27396,0.433392,-0.072063
2024-01-01 00:00:10.540,-0.377647,-0.559813,9.967004,-0.276113,-0.179588,0.056869
2024-01-01 00:00:10.550,-0.460902,0.113293,7.91484,0.108385,-0.003936,-0.079905
2024-01-01 00:00:10.560,-0.017536,0.802746,9.513137,-0.055644,-0.074612,0.003004
2024-01-01 00:00:10.570,0.804785,0.246301,9.779932,-0.420492,-0.217028,0.111012
2024-01-01 00:00:10.580,0.373046,0.528131,11.954512,0.119509,-0.030617,-0.030329
2024-01-01 00:00:10.590,-0.254334,-0.13012,10.564278,-0.359902,0.083466,-0.140559
2024-01-01 00:00:10.600,0.529578,0.411695,11.496595,0.034955,0.104846,-0.044848
2024-01-01 00:00:10.610,-1.954812,0.153318,10.466096,0.059625,0.43409,0.212226
2024-01-01 00:00:10.620,0.78834,-0.52205,9.028989,0.221394,0.092893,0.25276
2024-01-01 00:00:10.630,-1.193879,0.174868,9.938602,0.445421,0.230027,-0.302989
2024-01-01 00:00:10.640,-0.248725,-0.544441,10.069374,-0.341169,0.013219,0.163654
2024-01-01 00:00:10.650,-0.768373,-0.347451,8.778807,-0.013118,0.335611,0.037522
2024-01-01 00:00:10.660,-0.888475,0.103941,9.387943,-0.069084,0.47969,0.138597
2024-01-01 00:00:10.670,0.796617,0.163187,9.584068,0.108437,0.106217,-0.082573
2024-01-01 00:00:10.680,-0.32096,-0.652889,11.572971,0.053917,-0.198532,-0.26524
2024-01-01 00:00:10.690,0.237788,0.578638,7.525347,-0.088137,-0.109761,0.087673
2024-01-01 00:00:10.700,-0.032199,0.314031,11.133989,-0.110226,0.056387,-0.141147
2024-01-01 00:00:10.710,0.327369,-0.386896,8.781399,-0.279113,0.0913,-0.208244
2024-01-01 00:00:10.720,0.052719,-0.844134,8.303457,0.246965,0.139685,-0.19776
2024-01-01 00:00:10.730,-0.880453,-0.079553,11.105576,0.114801,0.09204,0.090137
2024-01-01 00:00:10.740,0.683688,-0.244823,10.613624,0.229442,0.001397,0.020918
2024-01-01 00:00:10.750,-0.33884,0.062114,11.187462,-0.077599,-0.12724,0.11737
2024-01-01 00:00:10.760,-1.068204,-0.199351,10.689171,-0.164209,0.080228,0.100361
2024-01-01 00:00:10.770,-0.293794,-1.102094,12.07171,-0.269579,0.370997,-0.06314
2024-01-01 00:00:10.780,1.029896,-0.213202,10.423479,0.089729,0.203986,-0.010571
2024-01-01 00:00:10.790,0.583465,-0.167785,9.638188,-0.259948,0.106941,-0.076716
2024-01-01 00:00:10.800,-0.239263,0.34788,10.186533,0.462166,0.205913,-0.031549
2024-01-01 00:00:10.810,-0.239678,-0.383312,11.175329,-0.326911,-0.074213,-0.145088
2024-01-01 00:00:10.820,-0.220722,0.921592,8.954246,0.068415,-0.101653,0.058573
2024-01-01 00:00:10.830,1.425168,-1.049491,9.094226,0.391714,-0.149557,0.161268
2024-01-01 00:00:10.840,0.262103,0.719831,9.470762,0.149772,-0.025057,-0.122492
2024-01-01 00:00:10.850,0.295116,-0.123151,7.499168,0.043918,-0.084401,0.19219
2024-01-01 00:00:10.860,0.707032,0.471912,9.96161,-0.242121,0.241655,0.017028
2024-01-01 00:00:10.870,0.163869,0.043811,7.739031,-0.345442,-0.095065,0.036162
2024-01-01 00:00:10.880,-0.177768,0.625616,9.868259,0.192513,-0.160544,-0.254914
2024-01-01 00:00:10.890,-0.134745,-0.212662,10.760088,0.376537,0.388515,-0.271089
2024-01-01 00:00:10.900,-0.049136,-0.603143,9.28639,-0.109712,-0.090275,0.021617
2024-01-01 00:00:10.910,-0.025544,0.779857,11.651473,-0.284765,0.030706,0.11846
2024-01-01 00:00:10.920,0.499336,-0.062301,8.20637,-0.614542,0.090265,-0.100707
2024-01-01 00:00:10.930,0.035648,0.121636,11.118004,-0.245191,-0.227339,0.250514
2024-01-01 00:00:10.940,0.502774,0.677879,10.5513,-0.028414,0.247097,0.11024
2024-01-01 00:00:10.950,-0.055392,-0.566543,7.925795,0.399781,0.127424,-0.136251
2024-01-01 00:00:10.960,0.053963,0.326925,12.786452,0.168283,0.311677,0.004627
2024-01-01 00:00:10.970,-1.371265,-0.323852,9.740008,0.076271,-0.135844,0.371539
2024-01-01 00:00:10.980,0.62883,-0.072561,8.846523,-0.10003,0.019825,-0.186385
2024-01-01 00:00:10.990,0.237778,0.039681,8.265018,-0.145791,0.007871,0.07924
2024-01-01 00:00:11.000,0.684884,-0.823622,9.56842,0.351412,0.052778,-0.048412
2024-01-01 00:00:11.010,-1.987555,-0.427582,9.670107,0.050185,-0.290923,0.106034
2024-01-01 00:00:11.020,1.433147,0.741739,9.922705,-0.52565,0.022167,0.190091
2024-01-01 00:00:11.030,-0.095793,0.486519,9.48302,-0.168385,-0.285293,-0.057936
2024-01-01 00:00:11.040,0.76049,-0.034389,10.505281,-0.214554,0.071667,0.167837
2024-01-01 00:00:11.050,-0.713635,0.133475,9.384382,-0.136566,-0.42573,0.333181
2024-01-01 00:00:11.060,0.420516,-0.161539,7.685409,0.140728,-0.370317,0.009941
2024-01-01 00:00:11.070,-0.722906,0.744764,9.646001,-0.026861,0.16371,0.117733
2024-01-01 00:00:11.080,-0.428061,-0.109994,7.21051,-0.019216,-0.109368,-0.088566
2024-01-01 00:00:11.090,1.313504,0.127281,10.19844,0.328368,-0.197572,0.002889
2024-01-01 00:00:11.100,-0.130856,0.629171,8.734728,-0.174115,0.254169,-0.026501
2024-01-01 00:00:11.110,0.149213,-0.426777,9.98937,0.46605,0.065525,0.11954
2024-01-01 00:00:11.120,0.597084,0.855775,11.252854,-0.167827,0.174418,0.180701
2024-01-01 00:00:11.130,0.340162,-0.840223,8.768274,0.0223,-0.033248,-0.016448
2024-01-01 00:00:11.140,0.103225,0.894674,10.975259,-0.070301,0.535926,0.230043
2024-01-01 00:00:11.150,0.250454,-0.204599,9.334138,0.030855,-0.120903,0.229507
2024-01-01 00:00:11.160,1.649344,-0.133242,11.735008,0.111148,0.348899,0.127028
2024-01-01 00:00:11.170,-0.039541,-1.037616,9.409062,0.108459,-0.012273,-0.077404
2024-01-01 00:00:11.180,0.138004,-0.249682,8.887139,-0.188279,-0.330902,-0.091774
2024-01-01 00:00:11.190,0.721012,-0.570854,10.564588,-0.280729,0.09657,-0.121857
2024-01-01 00:00:11.200,0.758667,-0.333598,9.331503,0.625793,0.062953,0.142375
2024-01-01 00:00:11.210,0.8146,-0.075384,8.886088,-0.120996,-0.210264,-0.181765
2024-01-01 00:00:11.220,0.438329,0.525828,9.285332,0.174803,-0.184444,0.101526
2024-01-01 00:00:11.230,-0.784387,0.113974,9.761022,-0.40191,-0.00494,-0.162166
2024-01-01 00:00:11.240,3.560942,0.168914,17.993714,-0.069903,0.06995,0.123532
2024-01-01 00:00:11.250,1.65332,-0.60144,14.396372,-0.0318,-0.494133,0.002583
2024-01-01 00:00:11.260,2.647684,-0.483534,16.545343,0.118204,0.210624,0.200046
2024-01-01 00:00:11.270,1.922378,0.9875,17.206144,-0.680614,-0.0989,0.171218
2024-01-01 00:00:11.280,2.395985,-0.403625,16.732407,0.041535,-0.266349,0.21526
2024-01-01 00:00:11.290,0.225613,0.909258,11.248232,-0.287435,0.188213,0.219123
2024-01-01 00:00:11.300,0.220531,-0.133441,9.728369,0.081086,-0.004724,0.021545
2024-01-01 00:00:11.310,0.289543,0.001256,9.607363,-0.259082,0.243233,-0.173819
2024-01-01 00:00:11.320,1.107409,0.58763,10.460378,-0.213871,0.08759,-0.157878
2024-01-01 00:00:11.330,0.311238,0.698269,9.919047,-0.068407,-0.000303,-0.313027
2024-01-01 00:00:11.340,-0.167552,-0.060836,9.381331,-0.263082,-0.030546,-0.16255
2024-01-01 00:00:11.350,0.661605,-0.213145,10.376726,-0.118884,0.096543,0.010324
2024-01-01 00:00:11.360,0.816274,-0.0307,9.093524,-0.298344,-0.082706,-0.083948
2024-01-01 00:00:11.370,-0.842446,0.185539,9.138927,-0.458293,-0.170515,-0.02702
2024-01-01 00:00:11.380,0.409966,0.489326,9.230263,0.254489,0.121982,0.073907
2024-01-01 00:00:11.390,0.48118,0.002322,11.29567,-0.324012,-0.028898,-0.04561
2024-01-01 00:00:11.400,-0.204203,0.339769,6.273324,-0.04467,0.006714,-0.168274
2024-01-01 00:00:11.410,0.944079,0.899459,10.244368,0.188223,0.217876,-0.007985
2024-01-01 00:00:11.420,-0.102976,0.209339,9.84763,-0.153736,-0.022775,-0.134774
2024-01-01 00:00:11.430,0.086177,0.171097,7.964404,-0.206291,0.003007,-0.040618
2024-01-01 00:00:11.440,-0.118771,-0.833882,10.15008,0.05656,-0.11993,0.201417
2024-01-01 00:00:11.450,0.010691,-1.444271,10.332376,0.279483,0.086148,-0.040576
2024-01-01 00:00:11.460,-0.752319,0.213218,10.457424,-0.292329,0.069966,0.265644
2024-01-01 00:00:11.470,-0.988235,-0.052059,6.898293,-0.037537,0.180155,0.214745
2024-01-01 00:00:11.480,1.094229,-0.282616,11.310296,-0.433124,-0.115826,-0.086896
2024-01-01 00:00:11.490,-0.581227,0.133698,8.999965,-0.0983,-0.091563,-0.166669
2024-01-01 00:00:11.500,-0.680343,-0.033162,10.563851,0.008551,0.158427,-0.007883
2024-01-01 00:00:11.510,-1.477764,0.619151,10.623699,-0.213656,0.050443,0.172999
2024-01-01 00:00:11.520,-0.438487,0.047275,8.847387,-0.114248,-0.181244,-0.073529
2024-01-01 00:00:11.530,-0.90797,-0.410061,10.535185,-0.352057,0.261311,0.136214
2024-01-01 00:00:11.540,1.126833,0.543601,9.386728,0.01927,-0.33969,0.181266
2024-01-01 00:00:11.550,3.132987,-0.119205,14.245628,0.263924,0.156857,-0.116104
2024-01-01 00:00:11.560,1.967757,0.289069,17.802181,-0.274286,-0.253042,-0.101408
2024-01-01 00:00:11.570,3.985734,-0.262098,15.669001,-0.155668,0.377158,0.106899
2024-01-01 00:00:11.580,3.113737,-0.356755,15.581766,0.125637,-0.30892,0.022777
2024-01-01 00:00:11.590,2.217084,0.046208,16.077434,0.303023,0.23045,-0.102909
2024-01-01 00:00:11.600,-1.715217,0.007043,10.108916,-0.373297,-0.016327,-0.052827
2024-01-01 00:00:11.610,1.572159,0.263425,9.747117,-0.042196,-0.073321,-0.010578
2024-01-01 00:00:11.620,-0.953594,-0.147487,10.411777,0.070783,0.037079,-0.234728
2024-01-01 00:00:11.630,-1.129155,-1.008162,8.339241,-0.025514,0.12638,0.114846
2024-01-01 00:00:11.640,0.701739,-0.237593,8.99486,-0.619198,-0.18088,-0.071804
2024-01-01 00:00:11.650,1.67428,0.435806,9.682635,0.125273,-0.163158,-0.417557
2024-01-01 00:00:11.660,0.949957,-0.163259,11.89388,0.379834,0.129921,-0.003581
2024-01-01 00:00:11.670,0.386983,-0.135264,9.685034,0.029165,-0.341469,-0.111236
2024-01-01 00:00:11.680,0.40815,0.541521,11.001574,-0.257777,-0.116846,0.253323
2024-01-01 00:00:11.690,0.585656,-0.390873,9.852334,-0.128282,0.608137,-0.087817
2024-01-01 00:00:11.700,0.520815,-0.846999,9.278943,0.442478,-0.193603,-0.164647
2024-01-01 00:00:11.710,0.192968,-0.088186,9.539097,0.227491,0.229561,0.07619
2024-01-01 00:00:11.720,0.071508,-0.265811,9.625075,0.160007,-0.11719,-0.099067
2024-01-01 00:00:11.730,-0.042955,-0.530469,10.472803,0.089103,0.101809,-0.116918
2024-01-01 00:00:11.740,-0.517408,-0.096283,11.319323,-0.165284,0.130871,0.076425
2024-01-01 00:00:11.750,-0.192613,0.269837,10.20493,-0.050143,0.225791,-0.15607
2024-01-01 00:00:11.760,-1.161792,-0.005099,11.113411,-0.019481,-0.040051,-0.218591
2024-01-01 00:00:11.770,-0.067486,0.168533,8.750661,0.137394,0.397777,0.2589
2024-01-01 00:00:11.780,-0.678421,0.995561,9.354736,0.37723,-0.117867,0.086925
2024-01-01 00:00:11.790,-0.757338,-0.18824,9.014716,0.279585,0.046844,-0.039631
2024-01-01 00:00:11.800,0.123452,0.152813,10.15526,-0.354846,0.049055,-0.000522
2024-01-01 00:00:11.810,0.955262,-0.279558,9.415864,0.055999,-0.224394,0.07588
2024-01-01 00:00:11.820,0.630195,-0.464651,10.611291,0.184191,-0.057174,0.146001
2024-01-01 00:00:11.830,-1.077756,-0.321114,8.78776,0.154715,0.032303,-0.113396
2024-01-01 00:00:11.840,-0.679132,-0.262838,9.857248,-0.157308,-0.086424,0.054922
2024-01-01 00:00:11.850,0.645604,0.197352,10.56417,0.728527,0.488185,-0.076006
2024-01-01 00:00:11.860,-0.674232,1.289643,7.542298,-0.319271,-0.167725,-0.028347
2024-01-01 00:00:11.870,-0.154154,-0.393108,12.139551,-0.270797,0.235885,0.024104
2024-01-01 00:00:11.880,0.377473,-0.228727,9.499099,0.058399,0.171292,-0.001002
2024-01-01 00:00:11.890,-0.664526,-0.034655,7.586506,0.529201,-0.002772,0.110335
2024-01-01 00:00:11.900,0.072314,0.217294,9.983587,-0.209049,-0.173042,0.073063
2024-01-01 00:00:11.910,-0.915475,0.144689,9.846721,-0.066457,-0.153651,-0.226225
2024-01-01 00:00:11.920,-0.412689,0.704969,9.72008,0.269323,-0.103593,-0.203673
2024-01-01 00:00:11.930,0.21945,-1.332089,10.898328,-0.004466,-0.357148,-0.055458
2024-01-01 00:00:11.940,-1.093192,-1.310424,10.630695,-0.083651,-0.200693,0.274294
2024-01-01 00:00:11.950,0.302276,-0.272237,10.137068,0.141408,-0.296495,-0.127739
2024-01-01 00:00:11.960,-0.013476,0.602418,10.304271,0.068129,0.269175,-0.031233
2024-01-01 00:00:11.970,0.379146,-0.859541,9.695414,0.25761,0.123692,-0.080452
2024-01-01 00:00:11.980,0.153661,-1.65119,11.759489,0.322867,0.157195,-0.083107
2024-01-01 00:00:11.990,0.936141,0.313577,8.185843,0.076751,0.117766,0.026736
2024-01-01 00:00:12.000,0.085935,0.133768,9.963338,0.072933,0.033394,0.210117
2024-01-01 00:00:12.010,-0.29468,-0.598524,9.881397,0.053528,0.292136,0.068395
2024-01-01 00:00:12.020,0.083927,-0.541061,10.702982,0.122283,-0.122153,-0.12053
2024-01-01 00:00:12.030,0.372838,-0.532389,8.883448,0.013793,0.021334,0.412984
2024-01-01 00:00:12.040,0.03353,0.060684,7.895447,-0.000152,0.149412,0.011786
2024-01-01 00:00:12.050,0.027856,-0.343847,9.982192,0.299157,-0.264242,-0.086583
2024-01-01 00:00:12.060,-0.481742,0.271241,10.118791,0.379029,0.619318,0.211814
2024-01-01 00:00:12.070,-0.454916,-1.56719,11.44558,-0.376888,0.005713,-0.070361
2024-01-01 00:00:12.080,-0.962538,-0.470412,8.415142,0.002505,0.028398,0.249437
2024-01-01 00:00:12.090,1.200647,-0.618204,11.077854,-0.172174,0.251376,-0.130596
2024-01-01 00:00:12.100,-0.853601,-0.140731,12.409421,-0.077743,0.182991,0.214505
2024-01-01 00:00:12.110,-0.475506,-0.295388,9.395214,0.100629,0.007616,0.030157
2024-01-01 00:00:12.120,-0.493007,0.438016,8.392545,0.16736,0.026026,0.193658
2024-01-01 00:00:12.130,0.614142,-1.020776,9.363142,-0.028032,-0.30083,0.285265
2024-01-01 00:00:12.140,-0.202409,0.024975,9.825377,-0.478335,-0.111293,-0.169891
2024-01-01 00:00:12.150,0.856263,0.306527,10.429039,-0.241261,0.103442,0.191366
2024-01-01 00:00:12.160,-0.462183,1.019299,9.160649,0.224125,0.088779,-0.211336
2024-01-01 00:00:12.170,0.19146,-0.26449,11.517608,-0.685107,0.244233,-0.157078
2024-01-01 00:00:12.180,-0.573257,0.178128,8.586244,0.296857,-0.0241,-0.120511
2024-01-01 00:00:12.190,1.472109,-0.990321,7.900353,0.130307,-0.277457,0.075545
2024-01-01 00:00:12.200,-0.814989,-1.313184,11.025168,0.329044,0.211346,0.004952
2024-01-01 00:00:12.210,0.212614,0.463781,7.312466,-0.049642,0.287218,-0.02507
2024-01-01 00:00:12.220,0.434929,-0.003053,9.585866,-0.515351,0.179649,0.021935
2024-01-01 00:00:12.230,0.28397,0.647003,13.233214,0.107591,-0.032727,0.088693
2024-01-01 00:00:12.240,-0.127154,-0.753998,9.796776,0.318663,0.208877,0.100237
2024-01-01 00:00:12.250,-0.089089,0.285426,8.579397,0.23118,0.685782,0.164125
2024-01-01 00:00:12.260,0.030066,1.025981,9.746978,-0.165673,0.02303,0.273005
2024-01-01 00:00:12.270,-0.10088,0.230418,9.754221,0.02169,-0.262347,-0.003204
2024-01-01 00:00:12.280,0.661462,0.151843,9.986394,-0.133209,-0.117257,-0.078163
2024-01-01 00:00:12.290,1.516971,0.004697,10.537165,-0.204817,0.125095,0.09203
2024-01-01 00:00:12.300,-0.382579,-0.862414,8.669056,0.238847,-0.320961,-0.171638
2024-01-01 00:00:12.310,-0.940027,0.74421,11.662928,-0.299383,0.033881,-0.101806
2024-01-01 00:00:12.320,-0.060584,-0.335361,10.079135,-0.223454,0.076067,0.149907
2024-01-01 00:00:12.330,1.770326,0.276961,10.60802,-0.276006,0.307024,-0.018619
2024-01-01 00:00:12.340,-0.551522,-0.858106,9.120292,-0.372562,0.262039,-0.181229
2024-01-01 00:00:12.350,1.124844,-0.647523,11.222448,0.036604,0.172917,-0.22347
2024-01-01 00:00:12.360,1.151322,0.787863,9.527756,0.290376,-0.432536,0.007308
2024-01-01 00:00:12.370,-0.3799,-0.190669,10.114753,-0.046219,0.184211,0.171284
2024-01-01 00:00:12.380,0.390465,0.797848,8.78545,-0.376437,0.141103,0.169282
2024-01-01 00:00:12.390,1.117487,-0.042949,8.715369,0.209986,0.051189,0.016632
2024-01-01 00:00:12.400,-0.260176,-1.011202,10.565649,0.421425,-0.346044,0.301336
2024-01-01 00:00:12.410,-0.139707,0.489745,9.32292,-0.161561,-0.155355,-0.015723
2024-01-01 00:00:12.420,-0.399179,-0.323851,8.872502,-0.119639,-0.233365,-0.020785
2024-01-01 00:00:12.430,-0.696377,0.38358,9.103785,0.128915,-0.403002,-0.385115
2024-01-01 00:00:12.440,-0.445567,0.013841,10.57745,0.405468,-0.000583,-0.067104
2024-01-01 00:00:12.450,-0.839929,-0.847172,9.119316,-0.129959,-0.159564,0.127802
2024-01-01 00:00:12.460,0.02339,0.090198,9.680815,-0.333112,0.525061,0.234594
2024-01-01 00:00:12.470,-0.528394,1.205727,9.8265,0.157855,-0.033754,-0.124535
2024-01-01 00:00:12.480,0.160436,0.27065,7.704751,0.199767,0.258751,0.069338
2024-01-01 00:00:12.490,-1.067733,-0.031577,8.194703,0.001533,-0.31382,0.157032
2024-01-01 00:00:12.500,0.227067,0.590364,10.179233,-0.139533,-0.106018,0.001681
2024-01-01 00:00:12.510,0.572009,0.115657,9.000742,0.248595,0.01938,-0.342492
2024-01-01 00:00:12.520,-1.368201,0.115034,10.970284,0.132009,-0.181631,0.037093
2024-01-01 00:00:12.530,0.256696,-0.599302,10.871554,-0.192109,-0.08444,0.114215
2024-01-01 00:00:12.540,0.842488,0.128383,10.599647,0.012274,-0.04359,-0.142113
2024-01-01 00:00:12.550,-0.830116,0.568458,11.808109,-0.337927,-0.046782,-0.038123
2024-01-01 00:00:12.560,1.147803,-0.458998,9.718768,0.171473,0.371024,-0.173324
2024-01-01 00:00:12.570,0.287552,0.782048,10.522472,-0.065558,0.075645,-0.385522
2024-01-01 00:00:12.580,-0.483814,-0.050347,9.168328,-0.108928,0.095902,0.154051
2024-01-01 00:00:12.590,-0.038272,-0.487385,12.502702,-0.008219,0.107931,-0.000562
2024-01-01 00:00:12.600,0.383152,0.5477,11.98803,0.010077,0.122525,0.239651
2024-01-01 00:00:12.610,0.052159,-0.15745,9.823045,0.223733,-0.016577,0.128598
2024-01-01 00:00:12.620,0.369721,0.416974,10.234472,0.147773,-0.064149,-0.053131
2024-01-01 00:00:12.630,-0.631812,-0.160175,11.302509,-0.039102,0.033363,-0.012477
2024-01-01 00:00:12.640,0.116224,-0.032845,9.648441,0.190917,0.231361,0.084927
2024-01-01 00:00:12.650,-0.970162,0.270965,9.089027,0.100184,0.225248,0.145033
2024-01-01 00:00:12.660,-0.076329,0.159702,10.769641,-0.10665,-0.04808,0.048401
2024-01-01 00:00:12.670,-0.620307,-1.095547,9.896126,-0.03118,0.153569,0.165839
2024-01-01 00:00:12.680,-0.504757,-0.615563,10.010928,-0.037056,-0.038917,-0.0445
2024-01-01 00:00:12.690,0.848269,0.510246,8.89397,0.126315,0.006774,-0.149572
2024-01-01 00:00:12.700,0.748912,-0.072543,7.923996,-0.091756,-0.094705,-0.009721
2024-01-01 00:00:12.710,0.418021,-0.287528,10.069284,-0.097602,-0.036329,0.030778
2024-01-01 00:00:12.720,-0.7496,-0.745857,10.803648,0.492189,0.268266,-0.18023
2024-01-01 00:00:12.730,-0.217135,-0.592775,9.562064,0.234934,0.018484,-0.200508
2024-01-01 00:00:12.740,0.832488,-1.109967,11.3872,-0.19015,0.027057,0.067108
2024-01-01 00:00:12.750,0.097253,-0.055603,9.0371,0.142735,-0.289444,-0.060954
2024-01-01 00:00:12.760,1.59164,-0.328542,8.651935,0.029588,-0.061849,-0.024876
2024-01-01 00:00:12.770,0.269914,-0.530657,9.736181,0.097888,-0.048263,-0.053954
2024-01-01 00:00:12.780,0.131794,-0.0374,9.719313,0.034335,-0.165829,0.22809
2024-01-01 00:00:12.790,-0.212131,0.19982,10.655426,0.297411,0.004333,0.189264
2024-01-01 00:00:12.800,0.091642,1.149166,8.959091,0.086405,-0.085836,-0.185603
2024-01-01 00:00:12.810,-0.104632,-0.830024,11.312167,-0.015522,0.015999,-0.079919
2024-01-01 00:00:12.820,0.48594,0.6365,11.969675,0.260548,0.024301,0.127501
2024-01-01 00:00:12.830,0.656537,0.534233,9.76702,0.058321,-0.191151,0.09029
2024-01-01 00:00:12.840,-0.539385,-0.427722,11.182182,0.03037,-0.07974,-0.006219
2024-01-01 00:00:12.850,-0.913559,0.111577,8.649966,0.078506,0.015475,-0.17064
2024-01-01 00:00:12.860,-1.260096,-0.251241,10.990593,-0.023402,0.23686,-0.102381
2024-01-01 00:00:12.870,0.348609,0.101943,10.959909,0.002307,0.051344,-0.077515
2024-01-01 00:00:12.880,-0.757185,0.828513,10.758054,-0.146674,-0.132387,0.041549
2024-01-01 00:00:12.890,-1.477421,0.332478,9.792912,-0.187792,0.079801,0.255559
2024-01-01 00:00:12.900,0.266662,0.279226,6.566235,-0.249643,0.34151,-0.103032
2024-01-01 00:00:12.910,1.710821,-0.23624,9.105384,-0.347996,0.183341,-0.153905
2024-01-01 00:00:12.920,-0.004166,-0.814747,9.122744,-0.219929,0.109505,-0.016288
2024-01-01 00:00:12.930,0.575414,-0.114449,8.735876,-0.043567,0.145118,0.154761
2024-01-01 00:00:12.940,0.056155,0.662428,9.944223,0.025779,0.287991,-0.217032
2024-01-01 00:00:12.950,-0.067863,-0.838415,9.349978,-0.067824,0.215125,0.218045
2024-01-01 00:00:12.960,0.630716,-0.579244,8.904576,-0.588926,0.113352,-0.025805
2024-01-01 00:00:12.970,-0.199201,0.069321,8.647437,0.393647,0.213728,-0.110148
2024-01-01 00:00:12.980,0.183498,-0.540575,9.024367,0.27162,-0.21633,-0.240028
2024-01-01 00:00:12.990,0.220765,-0.435095,11.041406,0.11144,-0.300453,0.105978
2024-01-01 00:00:13.000,-0.458477,-0.232556,9.084194,0.476873,0.03142,-0.025676
2024-01-01 00:00:13.010,0.680789,-0.749724,9.244597,-0.244341,0.013736,0.025606
2024-01-01 00:00:13.020,-0.120066,-0.534793,9.308546,0.471906,-0.108782,-0.135122
2024-01-01 00:00:13.030,-0.51863,0.386182,10.182215,-0.241304,0.165171,-0.047864
2024-01-01 00:00:13.040,0.36818,-0.717746,10.310962,0.059684,-0.372573,-0.072987
2024-01-01 00:00:13.050,-0.616574,-0.877232,6.466967,-0.318459,-0.106954,-0.015089
2024-01-01 00:00:13.060,0.019339,-0.345884,10.931755,0.003674,-0.096991,-0.100433
2024-01-01 00:00:13.070,-0.006258,0.401844,11.387132,0.096542,-0.32726,-0.230127
2024-01-01 00:00:13.080,0.745196,-0.10811,8.656895,-0.038673,0.298946,0.409275
2024-01-01 00:00:13.090,2.765762,-0.255055,15.452417,0.178469,-0.27184,-0.204511
2024-01-01 00:00:13.100,2.422825,0.024353,16.025622,0.024754,-0.117668,0.027219
2024-01-01 00:00:13.110,3.001192,-0.958393,15.689908,-0.130604,0.181596,-0.265804
2024-01-01 00:00:13.120,3.39403,0.271593,16.765872,-0.141703,0.129209,-0.299557
2024-01-01 00:00:13.130,2.822797,0.210506,14.382715,0.202728,-0.221635,0.014674
2024-01-01 00:00:13.140,0.007104,-0.22471,8.582515,-0.163436,0.136498,0.026155
2024-01-01 00:00:13.150,-0.900248,0.552253,11.500039,0.228851,0.057957,0.189225
2024-01-01 00:00:13.160,-0.730934,-0.618995,8.790814,0.305678,0.466607,0.059932
2024-01-01 00:00:13.170,-0.20946,0.619222,11.175284,-0.417178,0.080788,-0.022472
2024-01-01 00:00:13.180,-0.418278,0.084817,10.200161,0.283232,-0.028248,-0.14244
2024-01-01 00:00:13.190,-0.128309,-0.184767,7.823424,0.515106,-0.1713,0.224852
2024-01-01 00:00:13.200,0.038876,-0.010911,10.507591,0.063001,-0.148849,0.139328
2024-01-01 00:00:13.210,0.363502,-0.058888,9.680801,0.149771,-0.165154,-0.186949
2024-01-01 00:00:13.220,-0.04838,0.669935,9.309897,0.259251,0.27422,0.005695
2024-01-01 00:00:13.230,0.333862,-0.591097,10.078963,-0.068871,0.003594,0.021608
2024-01-01 00:00:13.240,0.044246,-0.418623,10.331148,0.04557,0.113049,-0.051848
2024-01-01 00:00:13.250,-1.355664,0.56893,10.586936,-0.32855,0.30285,0.115778
2024-01-01 00:00:13.260,-0.644619,-0.326949,11.103722,0.034659,-0.471693,0.12476
2024-01-01 00:00:13.270,-0.09888,0.494393,10.258133,0.124528,0.255775,-0.028573
2024-01-01 00:00:13.280,-0.830153,0.93299,8.299554,0.129041,0.011079,-0.04213
2024-01-01 00:00:13.290,0.411701,-0.220585,9.289937,0.266356,0.08701,0.224844
2024-01-01 00:00:13.300,1.050478,0.374068,13.041467,-0.193701,-0.165681,0.139926
2024-01-01 00:00:13.310,0.836375,-0.633377,10.605491,-0.133152,-0.151025,0.010854
2024-01-01 00:00:13.320,-0.146475,0.414349,12.411477,0.473877,0.097769,-0.244381
2024-01-01 00:00:13.330,1.023011,0.109484,11.342187,-0.037582,0.47692,0.0516
2024-01-01 00:00:13.340,0.102023,0.259698,10.075499,0.050008,0.200663,0.104713
2024-01-01 00:00:13.350,-0.231325,-0.354419,10.140945,-0.016753,0.253105,-0.413178
2024-01-01 00:00:13.360,-0.420948,-0.911935,9.769835,-0.20542,-0.0384,0.03778
2024-01-01 00:00:13.370,-0.20757,0.276285,7.901891,0.405882,-0.120041,-0.062504
2024-01-01 00:00:13.380,-0.266386,-1.132808,9.829816,-0.131925,-0.156161,-0.033128
2024-01-01 00:00:13.390,0.116948,-0.174225,11.139321,-0.281821,-0.097655,-0.136107
2024-01-01 00:00:13.400,2.550194,0.516709,15.861595,-0.112685,-0.410556,-0.022228
2024-01-01 00:00:13.410,2.44209,0.105352,16.972324,-0.500427,-0.144984,0.208799
2024-01-01 00:00:13.420,2.739849,1.06964,17.455047,-0.162822,-0.112071,-0.06696
2024-01-01 00:00:13.430,3.257081,0.562785,15.521171,-0.242032,-0.035072,0.144836
2024-01-01 00:00:13.440,3.091632,-0.35899,16.024469,0.154357,0.02635,-0.12095
2024-01-01 00:00:13.450,-1.019011,0.014995,8.692333,-0.168354,0.07249,0.113813
2024-01-01 00:00:13.460,-1.752628,-0.026007,8.907262,0.221951,-0.002985,0.000248
2024-01-01 00:00:13.470,0.641177,-0.868615,8.396209,0.349621,-0.116289,0.052804
2024-01-01 00:00:13.480,-0.938021,-0.516279,8.821308,0.195294,-0.392672,0.001073
2024-01-01 00:00:13.490,-0.154245,-0.307858,11.368562,-0.053847,-0.115062,0.096244
2024-01-01 00:00:13.500,-0.80299,-1.117885,8.804806,0.035279,-0.19449,-0.385138
2024-01-01 00:00:13.510,-1.236609,0.026074,9.948852,-0.381246,0.093213,-0.212974
2024-01-01 00:00:13.520,0.371579,-0.13674,9.25785,-0.033445,0.181857,0.062562
2024-01-01 00:00:13.530,0.52097,-0.918419,11.104395,-0.21511,0.187714,-0.306531
2024-01-01 00:00:13.540,-0.39563,0.221913,11.249656,0.173582,0.151391,-0.079587
2024-01-01 00:00:13.550,-1.778103,0.393014,10.758749,0.643188,-0.026705,-0.008151
2024-01-01 00:00:13.560,-0.37486,0.124642,10.146136,0.124955,-0.104391,-0.124221
2024-01-01 00:00:13.570,0.268875,-0.177913,9.556297,-0.497785,-0.149421,-0.103734
2024-01-01 00:00:13.580,-1.014903,0.324702,8.501322,-0.090308,-0.3015,0.040737
2024-01-01 00:00:13.590,0.125831,0.373441,11.943995,0.030623,0.198371,0.151394
2024-01-01 00:00:13.600,-0.010506,0.168765,8.975879,0.021839,-0.034942,-0.143767
2024-01-01 00:00:13.610,0.397539,-0.452712,10.538684,-0.182703,-0.249268,-0.086259
2024-01-01 00:00:13.620,0.082062,0.151854,10.973403,0.061323,-0.165298,-0.109689
2024-01-01 00:00:13.630,-0.667769,0.656319,9.200302,-0.310625,-0.173395,-0.363207
2024-01-01 00:00:13.640,0.821147,-0.327549,10.949738,-0.236227,0.008605,0.021257
2024-01-01 00:00:13.650,-0.108791,1.151769,10.649106,0.161449,0.213494,0.140208
2024-01-01 00:00:13.660,-0.018738,-0.288571,11.707304,-0.253916,-0.069598,0.152496
2024-01-01 00:00:13.670,-0.640455,0.017791,9.294658,0.134553,-0.450507,-0.130615
2024-01-01 00:00:13.680,-0.304202,-0.369195,8.398121,-0.342366,-0.037836,-0.187755
2024-01-01 00:00:13.690,-0.607196,0.122576,9.254972,0.441206,-0.031239,0.003241
2024-01-01 00:00:13.700,-0.118684,-0.95648,10.039321,-0.193567,-0.044984,0.124391
2024-01-01 00:00:13.710,1.17466,-0.299777,9.873918,-0.055917,-0.125492,0.023228
2024-01-01 00:00:13.720,-0.941467,-0.599575,9.378005,0.082653,0.043488,0.043396
2024-01-01 00:00:13.730,-1.107307,0.074301,7.713701,-0.141337,0.013228,0.171275
2024-01-01 00:00:13.740,1.009591,0.545952,10.32659,0.035851,-0.004966,-0.11087
2024-01-01 00:00:13.750,-0.143648,0.354657,11.975634,0.143839,0.082528,-0.032996
2024-01-01 00:00:13.760,-0.459151,-1.302041,10.319748,0.240153,-0.085967,0.245191
2024-01-01 00:00:13.770,0.713635,1.121096,10.478831,0.197874,-0.097317,-0.029522
2024-01-01 00:00:13.780,-0.415604,0.162109,10.438545,-0.042953,0.276025,-0.190101
2024-01-01 00:00:13.790,1.253099,-0.426298,10.245957,-0.036658,0.111871,-0.100403
2024-01-01 00:00:13.800,0.465227,0.086263,10.832969,0.587277,0.165389,-0.140727
2024-01-01 00:00:13.810,-0.334829,0.096728,10.24412,0.237472,0.245221,0.053574
2024-01-01 00:00:13.820,1.480453,-0.3661,9.46668,-0.230456,0.105189,-0.134392
2024-01-01 00:00:13.830,-0.415672,0.108656,8.936004,0.024997,0.185678,0.040655
2024-01-01 00:00:13.840,0.509263,-0.333502,9.536627,-0.083786,-0.315869,-0.11041
2024-01-01 00:00:13.850,0.20539,-0.221995,10.154914,-0.033834,0.040831,-0.318507
2024-01-01 00:00:13.860,0.89332,-0.376767,9.462941,-0.307374,-0.036544,0.045993
2024-01-01 00:00:13.870,1.071587,-0.786537,10.155144,-0.102981,0.335537,0.02227
2024-01-01 00:00:13.880,0.021963,0.080064,10.292187,0.452889,0.185529,0.077664
2024-01-01 00:00:13.890,-0.517033,0.321329,10.724831,0.144769,-0.126089,-0.100948
2024-01-01 00:00:13.900,0.315656,0.282671,11.218509,-0.62279,0.074559,-0.116932
2024-01-01 00:00:13.910,-0.465082,0.450139,9.895652,0.304181,0.033536,0.06022
2024-01-01 00:00:13.920,1.381687,0.178063,8.374061,0.272407,0.090866,0.227853
2024-01-01 00:00:13.930,0.093697,-0.292466,9.431076,-0.089821,-0.203768,0.001675
2024-01-01 00:00:13.940,-0.250702,0.460975,9.858381,0.179316,0.072003,0.063688
2024-01-01 00:00:13.950,0.126737,-0.745277,7.794326,-0.21485,-0.04563,-0.048238
2024-01-01 00:00:13.960,-0.924465,-0.494469,11.334754,-0.117564,0.05649,-0.231545
2024-01-01 00:00:13.970,-0.66677,-0.529346,9.966331,0.374637,-0.144877,0.145114
2024-01-01 00:00:13.980,0.823784,0.592951,10.228725,-0.067933,-0.117013,0.136262
2024-01-01 00:00:13.990,-0.450794,0.517591,11.309348,-0.467433,0.234768,0.106616
2024-01-01 00:00:14.000,-0.718443,0.267531,9.118103,-0.015826,-0.21031,-0.027292
2024-01-01 00:00:14.010,0.368278,0.588489,10.440298,-0.019647,-0.195551,0.089558
2024-01-01 00:00:14.020,0.813689,-0.482726,9.689369,0.299592,-0.010316,0.134064
2024-01-01 00:00:14.030,0.493382,0.191379,9.607873,0.003584,-0.154378,0.243024
2024-01-01 00:00:14.040,0.683538,-0.068721,8.962133,-0.105396,-0.177006,0.148279
2024-01-01 00:00:14.050,-0.519351,0.464938,11.638832,0.261264,0.021015,0.009573
2024-01-01 00:00:14.060,-0.975718,-0.063258,9.397701,0.030198,-0.301013,-0.196238
2024-01-01 00:00:14.070,1.03029,-0.211334,10.578012,-0.187506,-0.201592,0.023349
2024-01-01 00:00:14.080,-0.221439,0.296959,7.751242,0.288749,0.410819,0.038487
2024-01-01 00:00:14.090,-0.172134,0.481017,11.105627,0.048415,0.091895,0.106354
2024-01-01 00:00:14.100,0.911473,-0.366922,10.965328,0.000731,-0.149313,0.203084
2024-01-01 00:00:14.110,0.381713,-0.033531,9.916983,0.044477,0.083643,-0.014273
2024-01-01 00:00:14.120,0.312853,-0.581084,9.560817,-0.267667,0.113466,0.315148
2024-01-01 00:00:14.130,1.485733,-1.371435,10.2492,-0.131913,0.198883,-0.263893
2024-01-01 00:00:14.140,-0.441614,0.110052,12.323092,0.000896,-0.025431,0.062901
2024-01-01 00:00:14.150,0.63673,0.334289,7.873966,-0.048666,0.1953,-0.119778
2024-01-01 00:00:14.160,0.039125,0.143875,10.668666,0.318107,-0.407689,-0.286083
2024-01-01 00:00:14.170,0.184321,-1.070309,8.809044,0.054351,-0.211262,-0.030266
2024-01-01 00:00:14.180,1.048911,-0.192616,9.78813,0.213726,0.032774,-0.218576
2024-01-01 00:00:14.190,0.348502,-1.217873,9.537828,0.002349,0.065927,-0.024214
2024-01-01 00:00:14.200,0.369406,0.751966,9.339707,0.264072,-0.182356,0.005215
2024-01-01 00:00:14.210,0.736008,-0.596244,9.798509,0.099382,0.051884,0.167781
2024-01-01 00:00:14.220,-0.250449,0.689217,8.56468,0.003355,-0.124768,-0.226138
2024-01-01 00:00:14.230,-0.575908,0.519282,10.94004,-0.003321,-0.055392,0.136267
2024-01-01 00:00:14.240,-0.717,-0.494424,7.84003,-0.23861,0.204955,0.014712
2024-01-01 00:00:14.250,-1.349412,-0.621899,10.402661,0.126729,0.181787,0.154327
2024-01-01 00:00:14.260,1.411072,0.192353,9.451464,-0.010051,-0.199412,-0.064763
2024-01-01 00:00:14.270,-0.757077,-0.463534,8.524324,-0.125498,-0.21145,-0.199837
2024-01-01 00:00:14.280,-0.151835,0.056264,10.032217,0.276615,-0.082235,-0.182625
2024-01-01 00:00:14.290,-0.189963,-0.265072,8.100468,-0.312554,-0.005349,-0.193771
2024-01-01 00:00:14.300,0.210958,-0.977856,9.853606,-0.105624,-0.13158,0.071672
2024-01-01 00:00:14.310,0.5598,-1.224527,8.247681,0.25693,0.208128,0.221538
2024-01-01 00:00:14.320,0.5905,0.12445,10.316477,0.078881,0.069478,-0.084743
2024-01-01 00:00:14.330,-0.400137,-0.308295,8.795056,-0.011965,0.081217,0.09437
2024-01-01 00:00:14.340,-0.114687,-0.303646,9.314809,0.062751,-0.253308,-0.228516
2024-01-01 00:00:14.350,0.19392,0.382029,10.132756,0.044854,0.233458,0.027048
2024-01-01 00:00:14.360,-0.170664,0.64422,8.961749,-0.379166,-0.564034,0.100284
2024-01-01 00:00:14.370,1.103041,-0.149627,9.746356,-0.087315,0.166811,-0.217219
2024-01-01 00:00:14.380,0.336932,-0.186989,8.147814,0.40413,0.186862,-0.030583
2024-01-01 00:00:14.390,0.50431,0.274579,10.502701,-0.164831,-0.08648,0.107388
2024-01-01 00:00:14.400,0.454902,-0.744958,11.747875,-0.079575,0.254582,-0.440066
2024-01-01 00:00:14.410,0.805296,0.122511,12.875845,-0.135405,-0.01262,0.200318
2024-01-01 00:00:14.420,0.124226,0.302985,9.910103,-0.021754,0.012486,0.053052
2024-01-01 00:00:14.430,-0.889951,0.373446,10.675448,-0.145781,0.067906,0.107509
2024-01-01 00:00:14.440,0.274286,-1.063277,7.854873,0.121685,0.637315,-0.061908
2024-01-01 00:00:14.450,-0.446994,-0.417984,11.460002,0.049328,0.268887,-0.258408
2024-01-01 00:00:14.460,-0.362763,-0.482167,10.662299,0.193387,0.140226,0.080109
2024-01-01 00:00:14.470,0.402392,0.054838,9.278641,-0.262735,-0.182561,-0.012389
2024-01-01 00:00:14.480,0.849772,0.263929,11.168425,-0.085085,0.028718,0.004817
2024-01-01 00:00:14.490,0.014598,0.821694,9.530585,-0.056431,-0.162625,0.163141
2024-01-01 00:00:14.500,0.211937,-0.271736,9.307088,0.113912,0.164422,0.11431
2024-01-01 00:00:14.510,1.168145,-0.273167,10.331918,-0.198305,0.028093,0.288186
2024-01-01 00:00:14.520,0.165217,0.63117,8.642437,0.228913,-0.224904,0.023078
2024-01-01 00:00:14.530,1.785405,0.162821,10.931744,0.296604,0.016225,-0.103682
2024-01-01 00:00:14.540,0.388081,0.695941,8.650523,-0.247218,-0.169883,-0.028263
2024-01-01 00:00:14.550,-1.208323,0.158512,8.65704,-0.122718,0.030243,0.06235
2024-01-01 00:00:14.560,0.516981,-0.635257,8.811161,-0.132983,-0.171815,0.152378
2024-01-01 00:00:14.570,0.26157,-0.731887,10.643931,0.658097,0.005498,-0.220055
2024-01-01 00:00:14.580,0.885093,-0.85178,9.132781,-0.107475,0.150094,0.001281
2024-01-01 00:00:14.590,0.461971,0.363466,8.329901,0.419406,-0.01061,0.241431
2024-01-01 00:00:14.600,-0.095015,0.65254,9.144963,-0.316658,-0.078178,-0.036031
2024-01-01 00:00:14.610,-0.840175,1.0153,9.774817,-0.247413,0.040655,0.139652
2024-01-01 00:00:14.620,-0.143442,0.462865,8.513292,-0.171651,0.139437,0.073968
2024-01-01 00:00:14.630,-0.58367,0.638398,8.545454,-0.211422,-0.221437,0.143379
2024-01-01 00:00:14.640,-0.398384,-0.318429,12.128203,-0.066975,0.052131,-0.121464
2024-01-01 00:00:14.650,0.403912,-0.634872,8.865099,-0.177195,0.263508,-0.12081
2024-01-01 00:00:14.660,1.145972,0.466694,9.455299,-0.204835,0.114731,0.003041
2024-01-01 00:00:14.670,0.270843,0.229307,9.406774,0.289618,0.011551,-0.229833
2024-01-01 00:00:14.680,-0.820675,0.058987,9.34735,0.305948,0.127948,-0.040461
2024-01-01 00:00:14.690,0.305109,0.212667,10.492239,0.237324,0.090499,0.037931
2024-01-01 00:00:14.700,0.821188,0.177429,10.851061,0.131,0.15072,0.267695
2024-01-01 00:00:14.710,-0.418464,0.704815,9.474062,0.023186,-0.404786,0.060408
2024-01-01 00:00:14.720,-0.091969,0.710947,8.452347,-0.124258,-0.310691,0.093784
2024-01-01 00:00:14.730,0.01008,0.298777,11.209335,-0.238289,0.200966,0.174671
2024-01-01 00:00:14.740,-0.538636,0.464346,9.705315,0.090749,-0.301056,-0.144699
2024-01-01 00:00:14.750,0.444882,0.28222,11.709893,-0.293408,0.080308,-0.024762
2024-01-01 00:00:14.760,-0.083001,-0.253182,7.344347,-0.24848,-0.07041,0.363812
2024-01-01 00:00:14.770,0.287904,0.415354,10.024553,0.288228,-0.199238,-0.011868
2024-01-01 00:00:14.780,-0.609042,-0.765578,11.91663,0.475162,0.06993,0.167465
2024-01-01 00:00:14.790,-0.300206,0.578586,9.422116,0.098324,0.040207,0.144561
2024-01-01 00:00:14.800,0.495734,-0.655793,9.562408,0.276614,0.422069,-0.221717
2024-01-01 00:00:14.810,-0.255857,0.156906,10.134472,-0.061462,-0.124962,0.046572
2024-01-01 00:00:14.820,1.185129,-0.46399,9.196442,-0.334419,0.288022,0.022012
2024-01-01 00:00:14.830,-0.27425,0.303811,9.467345,0.153043,0.070485,0.049494
2024-01-01 00:00:14.840,0.15419,-0.018625,9.439079,0.142322,-0.132204,-0.113117
2024-01-01 00:00:14.850,0.63999,-0.875521,9.121092,0.017917,0.159849,-0.167538
2024-01-01 00:00:14.860,-0.973353,0.230964,11.159284,-0.060594,0.113148,-0.071402
2024-01-01 00:00:14.870,-1.208355,-0.317279,10.316264,0.240553,0.007169,-0.014669
2024-01-01 00:00:14.880,-1.046982,0.48375,10.08519,-0.246433,0.053259,0.177748
2024-01-01 00:00:14.890,0.866448,0.000728,10.697811,-0.193445,-0.119397,0.272597
2024-01-01 00:00:14.900,-0.378713,0.217086,9.519737,-0.252027,-0.165157,0.20949
2024-01-01 00:00:14.910,1.755564,-0.525705,8.959924,0.021243,0.151888,0.129028
2024-01-01 00:00:14.920,-0.387215,-0.323543,9.148319,-0.271973,-0.044788,-0.150651
2024-01-01 00:00:14.930,2.566648,-0.251793,16.521958,-0.171061,-0.016017,-0.061334
2024-01-01 00:00:14.940,3.498273,0.47033,15.356986,-0.176439,0.055964,0.031489
2024-01-01 00:00:14.950,3.816681,0.92088,15.970713,-0.065152,0.053058,-0.094866
2024-01-01 00:00:14.960,3.854707,-0.442039,15.953304,-0.371844,-0.285865,0.086581
2024-01-01 00:00:14.970,3.269241,0.59119,18.852763,0.021801,0.25725,0.108073
2024-01-01 00:00:14.980,0.702763,-1.191153,6.764351,0.311826,0.024236,0.080444
2024-01-01 00:00:14.990,0.406622,-0.65561,9.612778,0.033873,-0.040531,0.15377
2024-01-01 00:00:15.000,0.53415,-0.526369,11.704812,0.38533,0.086169,-0.135689
2024-01-01 00:00:15.010,-0.378251,-0.742527,9.943785,0.3335,0.047308,0.139924
2024-01-01 00:00:15.020,-0.561489,-0.86939,10.637252,0.194434,0.153413,-0.104347
2024-01-01 00:00:15.030,-0.002316,0.226736,9.919609,0.018671,0.107597,-0.14114
2024-01-01 00:00:15.040,-0.116789,-0.117523,9.077268,0.005625,0.143569,0.079817
2024-01-01 00:00:15.050,-0.311028,0.208294,7.348376,0.19095,0.270199,0.182381
2024-01-01 00:00:15.060,0.477896,0.37907,10.03559,-0.097918,0.176725,0.073202
2024-01-01 00:00:15.070,0.655578,0.145824,8.958384,-0.47063,-0.032097,0.003121
2024-01-01 00:00:15.080,0.060669,0.361112,8.931232,0.123001,-0.22458,0.046523
2024-01-01 00:00:15.090,1.013955,-0.038173,9.262112,-0.282767,0.33356,0.020464
2024-01-01 00:00:15.100,-0.783484,-0.651659,11.725858,-0.240535,-0.047545,-0.168893
2024-01-01 00:00:15.110,-0.132899,0.58074,12.450512,5.6e-05,-0.094621,-0.186393
2024-01-01 00:00:15.120,-0.491919,-0.323423,10.048494,-0.023781,-0.347345,-0.011824
2024-01-01 00:00:15.130,-1.280911,-0.513642,9.299686,-0.353019,0.067695,0.011979
2024-01-01 00:00:15.140,-0.05674,-0.097677,8.517405,0.041373,0.029777,0.0017
2024-01-01 00:00:15.150,-0.083549,-0.501133,10.324457,0.241535,-0.303023,0.101415
2024-01-01 00:00:15.160,1.038605,-0.229169,11.76763,-0.282085,0.090655,-0.032322
2024-01-01 00:00:15.170,0.432895,0.188886,9.53842,0.318121,-0.099638,0.084447
2024-01-01 00:00:15.180,-0.702848,0.19124,7.197862,-0.390043,0.538063,-0.021688
2024-01-01 00:00:15.190,1.272371,-0.492909,10.545715,0.529331,-0.113872,0.273504
2024-01-01 00:00:15.200,0.837934,-0.26775,10.891969,-0.102815,-0.087039,0.012107
2024-01-01 00:00:15.210,0.399465,0.589809,8.068741,0.036404,-0.174955,0.351108
2024-01-01 00:00:15.220,-0.155425,0.272524,10.00378,-0.473008,0.255575,0.052802
2024-01-01 00:00:15.230,-0.658415,1.139211,10.305446,-0.015534,-0.074555,-0.032052
2024-01-01 00:00:15.240,2.184573,0.64789,16.439728,0.057121,-0.144983,-0.134917
2024-01-01 00:00:15.250,3.187154,0.628217,15.651734,-0.021541,0.141391,-0.216433
2024-01-01 00:00:15.260,3.733297,-0.76194,17.635499,-0.14077,-0.276071,-0.148716
2024-01-01 00:00:15.270,3.499051,0.419359,16.077089,-0.236641,0.125022,-0.131941
2024-01-01 00:00:15.280,2.104527,-0.029156,14.889266,0.282632,0.35628,0.059223
2024-01-01 00:00:15.290,-0.768337,-0.302489,7.559677,0.007702,0.113322,-0.078925
2024-01-01 00:00:15.300,0.096683,0.09224,11.194413,0.385188,0.12758,0.028039
2024-01-01 00:00:15.310,-1.213592,0.518921,10.487097,-0.131621,0.174012,0.192297
2024-01-01 00:00:15.320,0.221774,0.274957,9.906595,-0.108699,0.341942,-0.013171
2024-01-01 00:00:15.330,-0.101292,-0.482282,9.326578,0.203899,0.241979,0.311874
2024-01-01 00:00:15.340,-0.319818,0.40761,9.22916,-0.405744,0.087934,-0.176372
2024-01-01 00:00:15.350,-1.094365,-0.350036,8.628841,-0.303366,0.180778,-0.022588
2024-01-01 00:00:15.360,0.352458,0.118959,9.336262,0.274371,-0.177187,-0.080897
2024-01-01 00:00:15.370,-0.365566,-0.166539,7.482144,-0.292983,0.155259,0.140476
2024-01-01 00:00:15.380,-0.802855,-0.120158,9.001802,-0.454763,-0.201111,-0.335969
2024-01-01 00:00:15.390,-1.97109,0.420667,9.468591,0.467132,-0.073404,-0.216467
2024-01-01 00:00:15.400,-0.018882,-0.571066,10.479648,-0.348454,-0.616512,-0.016102
2024-01-01 00:00:15.410,1.216208,1.067912,9.766161,0.04603,0.080286,0.232707
2024-01-01 00:00:15.420,1.140039,-0.999776,10.682826,0.017271,-0.128774,0.033876
2024-01-01 00:00:15.430,-0.313682,-0.32812,11.29135,-0.702657,0.222229,-0.202732
2024-01-01 00:00:15.440,-0.413268,0.203246,10.971871,-0.066829,0.078039,-0.179575
2024-01-01 00:00:15.450,0.321696,0.320788,10.32662,0.112103,0.224819,0.250948
2024-01-01 00:00:15.460,-0.685142,-0.055161,9.823025,0.088577,-0.216719,-0.09317
2024-01-01 00:00:15.470,0.207105,-0.031507,8.733095,0.22588,0.207677,-0.141445
2024-01-01 00:00:15.480,0.525723,0.225392,10.622459,-0.096873,0.421171,0.221606
2024-01-01 00:00:15.490,0.841983,-0.126857,11.654363,0.178126,0.152832,0.151665
2024-01-01 00:00:15.500,-0.068731,0.764857,10.185632,-0.172332,0.15807,0.191109
2024-01-01 00:00:15.510,-0.139771,0.460803,11.915151,-0.352617,0.03392,-0.142506
2024-01-01 00:00:15.520,-0.602516,0.479181,8.134922,-0.324432,-0.104934,-0.228766
2024-01-01 00:00:15.530,-0.567447,-0.53042,8.542729,-0.365528,0.152238,0.019975
2024-01-01 00:00:15.540,-0.155421,-0.043584,10.749011,0.252396,-0.301217,0.050269
2024-01-01 00:00:15.550,0.252105,-0.164956,10.100191,-0.378643,-0.083551,0.05469
2024-01-01 00:00:15.560,0.626947,-0.552075,11.252533,0.06851,-0.354211,0.221728
2024-01-01 00:00:15.570,-0.551182,0.19773,9.793012,-0.066481,-0.140731,-0.260065
2024-01-01 00:00:15.580,1.024358,-0.295168,8.856963,-0.025662,0.128409,0.128954
2024-01-01 00:00:15.590,-0.186059,0.359817,9.575475,0.340902,0.101079,-0.164494
2024-01-01 00:00:15.600,-0.014663,-0.587535,8.127113,-0.109607,0.010183,0.12836
2024-01-01 00:00:15.610,-0.512774,0.943753,8.570807,0.1529,0.03408,-0.071244
2024-01-01 00:00:15.620,-1.663635,-0.492087,10.877744,0.009391,-0.377173,-0.122096
2024-01-01 00:00:15.630,0.606676,0.120397,10.768321,-0.038005,-0.074512,-0.091485
2024-01-01 00:00:15.640,0.505659,0.434731,10.208579,0.574992,-0.13627,-0.216842
2024-01-01 00:00:15.650,-0.193061,-0.313282,7.920257,-0.360335,-0.131812,0.006064
2024-01-01 00:00:15.660,0.045972,0.468005,9.416473,0.322283,0.119916,-0.115901
2024-01-01 00:00:15.670,0.354063,-0.674822,8.46495,0.164102,-0.172101,0.117945
2024-01-01 00:00:15.680,-1.072297,0.797213,11.101834,-0.119881,-0.120936,0.096008
2024-01-01 00:00:15.690,-0.363062,0.007768,9.169073,0.40733,-0.417414,0.253224
2024-01-01 00:00:15.700,0.545064,-0.32743,8.617849,-0.462028,-0.058825,0.054949
2024-01-01 00:00:15.710,-0.860756,-0.164251,9.842716,-0.130442,-0.217568,0.078102
2024-01-01 00:00:15.720,0.201454,0.444097,9.10711,-0.302121,0.015841,0.210015
2024-01-01 00:00:15.730,-0.930954,-0.320866,11.439151,0.103021,-0.190222,-0.094149
2024-01-01 00:00:15.740,0.320088,-0.411397,9.003178,-0.278266,0.020908,-0.223239
2024-01-01 00:00:15.750,-0.024459,-0.121624,8.273647,0.108266,-0.028937,0.030014
2024-01-01 00:00:15.760,-1.108384,-0.646152,7.446101,-0.046609,0.334408,-0.213395
2024-01-01 00:00:15.770,0.799302,0.999479,9.776196,-0.119838,0.099444,0.368091
2024-01-01 00:00:15.780,-0.504113,-0.310951,9.193001,0.097162,-0.367928,0.218325
2024-01-01 00:00:15.790,-0.556036,0.456558,8.241063,-0.067155,-0.252978,0.324596
2024-01-01 00:00:15.800,0.137641,0.114999,11.115771,-0.272159,0.011042,0.009367
2024-01-01 00:00:15.810,0.788252,-0.540509,10.542635,0.700343,-0.18597,0.082586
2024-01-01 00:00:15.820,-0.697108,-0.003269,9.779017,-0.121792,-0.593674,-0.068921
2024-01-01 00:00:15.830,0.042328,0.430418,11.30803,-0.554402,0.269909,0.132439
2024-01-01 00:00:15.840,0.294275,-0.103355,10.537465,-0.210525,0.144045,-0.182331
2024-01-01 00:00:15.850,0.475644,0.655019,8.906504,-0.316819,0.104195,-0.381464
2024-01-01 00:00:15.860,0.121083,0.560812,8.668936,0.206536,-0.121465,-0.118607
2024-01-01 00:00:15.870,-0.251873,0.504484,10.708144,0.080413,0.085535,-0.218321
2024-01-01 00:00:15.880,-0.567934,-0.252352,10.245211,0.099678,-0.140872,0.221689
2024-01-01 00:00:15.890,0.059116,-0.592834,9.996383,-0.092506,0.040971,0.272352
2024-01-01 00:00:15.900,-0.735755,-0.33686,8.880545,-0.069838,-0.184117,-0.210439
2024-01-01 00:00:15.910,-2.004777,0.107736,10.477526,-0.092733,0.303258,0.193757
2024-01-01 00:00:15.920,0.299589,0.299637,8.980462,-0.020298,-0.314047,0.142708
2024-01-01 00:00:15.930,0.620325,-1.192193,9.698019,0.208833,0.246457,-0.235467
2024-01-01 00:00:15.940,-1.621562,-0.004454,11.398745,0.084019,0.007783,-0.05854
2024-01-01 00:00:15.950,-0.692928,0.086791,9.084404,0.125028,-0.097893,-0.087025
2024-01-01 00:00:15.960,0.424895,-0.152372,8.082858,0.12489,0.033401,0.112199
2024-01-01 00:00:15.970,1.411956,0.708909,8.654303,0.221111,0.14667,-0.184317
2024-01-01 00:00:15.980,0.01427,0.231557,10.90174,0.072038,0.273349,-0.014831
2024-01-01 00:00:15.990,-0.499592,0.719295,10.089695,0.089712,0.062629,-0.10289
2024-01-01 00:00:16.000,-0.125513,-0.118562,9.668493,0.297202,-0.178139,0.071001
2024-01-01 00:00:16.010,0.943509,0.514675,9.251015,-0.166261,0.011126,-0.032519
2024-01-01 00:00:16.020,-0.443293,0.897651,10.342925,-0.213936,0.363359,-0.080287
2024-01-01 00:00:16.030,-0.548446,0.72012,8.877683,-0.29648,0.269536,-0.031994
2024-01-01 00:00:16.040,-0.331283,-0.599586,10.145621,0.045729,0.181753,0.305406
2024-01-01 00:00:16.050,-0.654222,-0.139268,9.007082,-0.463433,0.159137,-0.062535
2024-01-01 00:00:16.060,0.084183,-0.189495,8.82437,0.115539,0.13989,-0.156151
2024-01-01 00:00:16.070,1.114936,0.268601,9.110039,-0.027298,0.231751,0.087515
2024-01-01 00:00:16.080,0.221713,0.376808,9.397803,0.28366,-0.091326,-0.021529
2024-01-01 00:00:16.090,-0.173178,-0.460552,9.756385,-0.167979,-0.271017,-0.212285
2024-01-01 00:00:16.100,-0.200255,0.037243,10.06853,-0.05083,0.013801,0.334724
2024-01-01 00:00:16.110,-1.07274,-1.10894,5.760175,0.280551,-0.163516,-0.052872
2024-01-01 00:00:16.120,0.606034,0.791628,8.9232,0.345784,-0.211004,-0.05668
2024-01-01 00:00:16.130,-0.053416,-0.281293,9.380056,-0.170038,-0.144056,0.023975
2024-01-01 00:00:16.140,-0.123854,0.030669,11.462558,0.045445,0.497063,0.259518
2024-01-01 00:00:16.150,2.19127,-0.169998,8.624157,0.073605,0.027225,-0.251962
2024-01-01 00:00:16.160,0.205019,0.629169,9.988751,0.093413,0.072382,0.041398
2024-01-01 00:00:16.170,-0.515917,-1.557791,11.451543,-0.065644,-0.244473,0.313091
2024-01-01 00:00:16.180,-0.292588,-0.009119,8.368361,0.320346,-0.368751,0.019309
2024-01-01 00:00:16.190,0.788121,-0.058094,10.242585,-0.472426,-0.163811,-0.1853
2024-01-01 00:00:16.200,0.077732,-0.249046,8.929106,-0.105283,0.287639,-0.09276
2024-01-01 00:00:16.210,-0.987018,0.947698,9.255912,0.111983,0.066855,0.031032
2024-01-01 00:00:16.220,0.630821,-0.487144,8.928184,0.114306,0.119719,0.199621
2024-01-01 00:00:16.230,-0.458514,0.423716,9.006421,0.33819,0.147713,-0.0509
2024-01-01 00:00:16.240,1.285551,0.195583,12.79866,0.299556,-0.11827,0.123998
2024-01-01 00:00:16.250,0.741183,0.692574,10.737213,-0.071385,0.277593,-0.215305
2024-01-01 00:00:16.260,-0.306975,-0.366287,11.019708,0.324968,-0.126562,-0.216558
2024-01-01 00:00:16.270,0.879097,-0.4024,10.350209,-0.17851,0.281246,-0.07242
2024-01-01 00:00:16.280,0.046566,0.601742,8.04633,0.232722,0.08846,0.215704
2024-01-01 00:00:16.290,0.585216,0.233501,10.243664,0.452631,-0.357809,0.010331
2024-01-01 00:00:16.300,0.332648,-0.848171,10.988077,0.303736,-0.149602,0.043472
2024-01-01 00:00:16.310,-0.580812,-0.296078,8.872967,0.026443,-0.356988,0.041712
2024-01-01 00:00:16.320,-0.441636,0.212124,10.869929,-0.082945,0.232656,0.166381
2024-01-01 00:00:16.330,0.706811,0.459933,10.583361,-0.382148,-0.004947,-0.091533
2024-01-01 00:00:16.340,-0.22974,-0.372898,11.84354,0.077635,-0.445668,0.103243
2024-01-01 00:00:16.350,-0.277004,-1.599927,9.351274,-0.278804,0.075149,-0.124632
2024-01-01 00:00:16.360,-0.655453,0.28725,8.604823,-0.198284,-0.107433,0.297491
2024-01-01 00:00:16.370,0.290695,-0.669956,9.412932,-0.297686,-0.296761,-0.120059
2024-01-01 00:00:16.380,1.415408,-1.107519,11.386257,-0.115098,0.335593,-0.132358
2024-01-01 00:00:16.390,-0.732594,-1.554947,7.80241,-0.006992,0.021457,0.08245
2024-01-01 00:00:16.400,0.016621,0.446875,7.538923,0.068404,-0.058686,0.011968
2024-01-01 00:00:16.410,0.969136,0.070611,9.908156,-0.150127,-0.079885,0.049028
2024-01-01 00:00:16.420,-0.054654,-0.123885,9.324037,0.267321,-0.302656,0.034097
2024-01-01 00:00:16.430,0.31044,0.762574,9.818485,-0.052051,-0.26091,-0.163559
2024-01-01 00:00:16.440,-0.729068,0.349891,10.847952,-0.196931,0.256983,0.242004
2024-01-01 00:00:16.450,0.293926,0.887349,9.203279,0.056573,-0.094777,0.134031
2024-01-01 00:00:16.460,-0.128428,-0.764612,7.75344,0.490888,0.004414,0.203842
2024-01-01 00:00:16.470,0.676457,-0.018968,12.054841,0.08379,-0.408866,-0.07925
2024-01-01 00:00:16.480,0.814844,-0.887576,8.715043,-0.090714,-0.263618,0.062479
2024-01-01 00:00:16.490,1.777088,-0.125931,8.647177,-0.381865,0.121963,0.029605
2024-01-01 00:00:16.500,0.397773,-0.13649,11.021885,-0.054853,0.075542,0.1692
2024-01-01 00:00:16.510,0.223578,0.344011,9.387831,0.058732,0.350675,0.174037
2024-01-01 00:00:16.520,0.133396,0.025015,9.740398,-0.096895,0.268591,0.028958
2024-01-01 00:00:16.530,-0.24236,0.342251,10.340104,-0.416346,-0.046142,-0.227693
2024-01-01 00:00:16.540,0.232285,0.386189,10.999774,-0.212641,0.094591,0.266949
2024-01-01 00:00:16.550,-0.202719,1.183056,9.44386,0.363635,-0.063321,0.083398
2024-01-01 00:00:16.560,0.115606,-0.173098,11.478907,0.3585,0.410962,-0.091266
2024-01-01 00:00:16.570,0.904201,-0.516621,7.464892,-0.22166,0.229803,0.060981
2024-01-01 00:00:16.580,-0.69074,0.1351,10.644246,0.168189,0.033937,-0.226664
2024-01-01 00:00:16.590,0.782242,-0.440452,8.888199,-0.294643,0.040079,0.158303
2024-01-01 00:00:16.600,0.90387,0.813596,11.316754,0.351079,0.28897,-0.220682
2024-01-01 00:00:16.610,-0.081025,-0.155487,9.965965,0.061309,0.115916,-0.033125
2024-01-01 00:00:16.620,-1.456123,-0.310501,9.07115,0.23741,0.311726,0.036668
2024-01-01 00:00:16.630,-0.417118,-0.258752,10.5378,-0.428773,-0.43873,0.155826
2024-01-01 00:00:16.640,0.890063,0.394411,10.790721,0.169409,0.092246,0.015982
2024-01-01 00:00:16.650,-0.015693,-0.086603,10.5148,-0.001919,-0.103087,0.095244
2024-01-01 00:00:16.660,-0.685771,-0.352275,8.679394,0.212982,0.351276,-0.004225
2024-01-01 00:00:16.670,-0.346402,0.914278,9.278549,0.228717,0.30928,-0.004828
2024-01-01 00:00:16.680,0.576875,-0.470037,9.805528,0.016446,0.006567,0.012822
2024-01-01 00:00:16.690,0.375196,0.019526,9.764697,-0.150207,0.307126,-0.028359
2024-01-01 00:00:16.700,-0.163967,0.358116,10.633221,0.194924,0.356623,-0.252986
2024-01-01 00:00:16.710,-0.251733,-0.895603,7.597638,-0.015039,0.014881,-0.115249
2024-01-01 00:00:16.720,-0.268844,0.263663,10.177091,-0.218196,0.494387,0.036716
2024-01-01 00:00:16.730,-0.633004,-0.579254,9.4916,-0.230038,-0.006268,-0.037368
2024-01-01 00:00:16.740,1.108552,0.451708,8.889326,-0.369291,-0.042904,-0.023371
2024-01-01 00:00:16.750,-0.221192,-0.528495,8.99475,-0.127573,0.173175,-0.048503
2024-01-01 00:00:16.760,0.835275,0.38033,9.574438,0.275673,-0.070758,-0.12954
2024-01-01 00:00:16.770,1.044003,0.607102,5.856009,0.044457,0.017068,-0.073965
2024-01-01 00:00:16.780,3.125091,0.472929,15.749984,-0.132442,0.281887,-0.046025
2024-01-01 00:00:16.790,2.143801,0.137973,15.558355,0.201214,0.003844,0.000771
2024-01-01 00:00:16.800,2.71706,-0.126984,17.104996,-0.208119,-0.339004,0.059007
2024-01-01 00:00:16.810,2.423396,-0.316454,15.635532,0.023838,0.073464,-0.027083
2024-01-01 00:00:16.820,1.819835,0.807598,16.283805,-0.044908,-0.139259,-0.154448
2024-01-01 00:00:16.830,0.222592,-0.384023,11.50342,0.194783,0.173054,-0.209712
2024-01-01 00:00:16.840,-0.809116,-0.569349,10.901798,-0.394307,0.139238,0.389616
2024-01-01 00:00:16.850,0.815045,0.365288,10.800694,-0.212549,0.29428,-0.169472
2024-01-01 00:00:16.860,-0.318844,-0.437079,9.26114,-0.409561,0.181506,-0.077794
2024-01-01 00:00:16.870,0.138046,-0.521585,10.406249,-0.064899,0.218049,0.07755
2024-01-01 00:00:16.880,0.194406,-0.792539,9.55318,0.302857,-0.133819,0.054129
2024-01-01 00:00:16.890,-0.177674,-0.265118,9.59469,-0.126362,0.160797,0.07813
2024-01-01 00:00:16.900,0.402619,-0.045411,10.259835,-0.127671,0.39369,-0.066408
2024-01-01 00:00:16.910,-0.325903,0.133457,9.154501,0.217931,-0.13773,0.035784
2024-01-01 00:00:16.920,0.597928,0.522267,11.449317,0.267137,0.359948,0.009202
2024-01-01 00:00:16.930,-0.923679,0.289267,9.634177,-0.022143,-0.10987,-0.04682
2024-01-01 00:00:16.940,0.086728,-0.104789,10.48896,0.171179,-0.170394,0.036811
2024-01-01 00:00:16.950,1.33059,-0.108809,11.408249,-0.269239,0.05924,0.158305
2024-01-01 00:00:16.960,-0.686477,0.280076,10.942756,0.344494,0.143182,-0.00333
2024-01-01 00:00:16.970,-0.465102,0.698641,8.263007,0.537177,0.18235,-0.002332
2024-01-01 00:00:16.980,0.352669,0.069346,10.298496,0.130304,-0.192352,0.160224
2024-01-01 00:00:16.990,0.123238,-0.257553,10.74409,-0.521083,0.086908,0.144204
2024-01-01 00:00:17.000,0.24062,-0.545083,10.789266,-0.139558,-0.137111,0.23759
2024-01-01 00:00:17.010,0.335705,-0.793418,8.587602,0.153206,-0.297784,-0.263435
2024-01-01 00:00:17.020,0.435578,0.365782,9.088575,-0.105371,-0.185747,0.135768
2024-01-01 00:00:17.030,0.761532,0.31731,10.902025,0.31805,-0.15018,0.090237
2024-01-01 00:00:17.040,0.281238,0.316973,8.973587,0.147039,0.104319,-0.132848
2024-01-01 00:00:17.050,-0.165563,-0.070634,9.480934,-0.176619,0.230443,0.037738
2024-01-01 00:00:17.060,0.461554,0.772407,11.540312,0.008066,-0.294641,0.157668
2024-01-01 00:00:17.070,1.303794,-0.265781,9.757516,-0.223458,0.070392,-0.124374
2024-01-01 00:00:17.080,-0.09102,0.524443,9.012002,-0.045646,-0.23534,0.066384
2024-01-01 00:00:17.090,1.771229,-0.02127,15.556376,-0.138648,0.125817,0.130703
2024-01-01 00:00:17.100,3.199734,-0.333985,16.885326,0.29369,-0.124546,-0.160653
2024-01-01 00:00:17.110,2.357388,0.325299,15.056203,0.529003,-0.210266,-0.021343
2024-01-01 00:00:17.120,0.949006,0.22489,16.248425,-0.357797,0.159933,0.045145
2024-01-01 00:00:17.130,3.021543,0.195978,16.885887,-0.480804,-0.117385,-0.11942
2024-01-01 00:00:17.140,-0.367369,0.044622,11.236467,-0.061293,-0.063193,-0.131873
2024-01-01 00:00:17.150,-0.062128,-0.020803,10.542968,-0.379604,-0.443998,-0.020257
2024-01-01 00:00:17.160,0.227822,1.311216,9.025957,0.011553,0.18931,0.120246
2024-01-01 00:00:17.170,0.13073,0.650157,11.103904,0.187234,0.164182,0.09656
2024-01-01 00:00:17.180,0.486861,0.396832,9.481132,0.373535,0.001092,-0.129212
2024-01-01 00:00:17.190,-0.298853,0.061378,8.453198,0.050349,-0.305516,0.097825
2024-01-01 00:00:17.200,0.352119,0.552929,9.621099,-0.048289,0.241874,-0.125391
2024-01-01 00:00:17.210,-0.178114,0.284379,11.38911,-0.494596,-0.133253,-0.241525
2024-01-01 00:00:17.220,0.507009,0.014386,9.991434,0.006546,-0.090671,-0.055072
2024-01-01 00:00:17.230,0.422296,-0.166657,9.823749,0.017822,0.462409,0.168445
2024-01-01 00:00:17.240,-0.641945,-0.044424,11.607658,0.159739,-0.140727,0.098394
2024-01-01 00:00:17.250,0.745255,-1.740564,8.238372,-0.177122,0.148442,-0.000236
2024-01-01 00:00:17.260,-0.367805,0.11562,8.398412,-0.108763,0.112418,-0.062506
2024-01-01 00:00:17.270,0.55453,-0.268173,8.035801,-0.369501,0.078034,-0.058464
2024-01-01 00:00:17.280,0.252051,0.874376,10.219168,-0.572823,0.0564,0.016318
2024-01-01 00:00:17.290,1.261454,0.01062,9.992809,-0.277124,0.075278,-0.160266
2024-01-01 00:00:17.300,-0.153354,-0.652741,11.503925,-0.392581,0.054388,-0.052216
2024-01-01 00:00:17.310,-0.239719,-0.027384,10.077336,0.084178,-0.010384,-0.032335
2024-01-01 00:00:17.320,-0.013327,-0.57432,9.366235,-0.129534,0.302257,-0.202661
2024-01-01 00:00:17.330,-0.208057,0.259901,9.811971,-0.134559,-0.262532,-0.125767
2024-01-01 00:00:17.340,0.54896,0.15973,9.939243,-0.246103,0.204292,0.061576
2024-01-01 00:00:17.350,-1.109193,0.525854,7.974406,-0.808141,0.164468,0.001427
2024-01-01 00:00:17.360,-0.72309,-0.434194,12.785944,0.377078,0.13968,-0.046314
2024-01-01 00:00:17.370,-0.73278,0.01867,10.380818,-0.250068,0.223396,-0.136714
2024-01-01 00:00:17.380,0.652149,-0.749397,10.040589,-0.103105,-0.01852,0.236527
2024-01-01 00:00:17.390,1.173908,0.385121,10.48545,-0.363723,-0.373795,-0.125697
2024-01-01 00:00:17.400,-0.071678,0.28486,10.588933,0.242983,-0.014459,0.037739
2024-01-01 00:00:17.410,-0.115854,0.272197,9.655672,0.035857,-0.198239,-0.07318
2024-01-01 00:00:17.420,0.048073,0.000889,9.116897,-0.206591,-0.146372,0.005442
2024-01-01 00:00:17.430,0.797339,0.22771,10.468197,-0.098057,-0.248484,0.068641
2024-01-01 00:00:17.440,-0.636396,0.880782,10.233511,0.419545,-0.095469,-0.205538
2024-01-01 00:00:17.450,0.163581,-0.156517,8.920741,-0.018242,-0.119325,-0.000992
2024-01-01 00:00:17.460,0.669229,0.076116,11.368101,-0.045433,-0.475514,0.178609
2024-01-01 00:00:17.470,0.343876,-0.596283,10.132101,-0.235345,0.140044,0.264225
2024-01-01 00:00:17.480,0.1301,-0.476675,10.611342,-0.473645,0.444064,-0.019502
2024-01-01 00:00:17.490,0.686968,0.053699,11.338329,-0.04001,0.121247,0.006252
2024-01-01 00:00:17.500,-1.855093,0.60606,9.834034,0.081371,-0.040585,0.3317
2024-01-01 00:00:17.510,0.465192,-0.140698,10.158013,0.274896,-0.010949,0.170239
2024-01-01 00:00:17.520,-0.448859,-0.129518,10.69941,-0.562124,-0.084197,-0.092593
2024-01-01 00:00:17.530,-1.256272,-0.22338,9.014103,-0.281274,0.018008,-0.092848
2024-01-01 00:00:17.540,0.350813,-0.293581,9.869349,-0.145185,-0.007402,0.143482
2024-01-01 00:00:17.550,0.942673,0.161939,9.947852,-0.00087,-0.16821,-0.151656
2024-01-01 00:00:17.560,-0.094324,-0.821994,8.760248,-0.036258,0.336578,0.163159
2024-01-01 00:00:17.570,0.65391,0.703236,12.354765,-0.030422,-0.297431,0.050145
2024-01-01 00:00:17.580,1.106426,-0.365317,8.264792,0.102024,0.143666,0.077658
2024-01-01 00:00:17.590,0.90236,0.396325,8.384682,-0.225823,-0.02024,-0.03851
2024-01-01 00:00:17.600,1.125426,-0.697229,11.253021,0.233535,0.380166,-0.094474
2024-01-01 00:00:17.610,0.509285,0.367193,10.593166,0.108363,0.068173,0.219299
2024-01-01 00:00:17.620,0.051766,0.368898,8.683491,-0.079958,-0.071981,-0.037011
2024-01-01 00:00:17.630,-1.099349,0.210927,10.476803,0.400227,-0.049541,-0.06164
2024-01-01 00:00:17.640,-0.16886,-0.545941,11.4217,0.389104,0.007981,-0.012021
2024-01-01 00:00:17.650,-0.578678,0.137002,9.776771,0.233224,-0.228558,0.028953
2024-01-01 00:00:17.660,1.489809,-0.649498,12.663508,-0.754639,-0.153374,-0.154624
2024-01-01 00:00:17.670,-0.120702,-0.138767,7.91698,0.394736,-0.356989,-0.084731
2024-01-01 00:00:17.680,0.084549,0.565148,10.571818,0.19869,-0.184595,-0.092705
2024-01-01 00:00:17.690,0.378457,0.437389,11.090848,0.501602,0.018781,0.126792
2024-01-01 00:00:17.700,0.029922,0.008335,10.788696,0.309366,0.060035,-0.132894
2024-01-01 00:00:17.710,1.163229,-0.535169,9.585617,0.394586,-0.395866,-0.263365
2024-01-01 00:00:17.720,-0.427293,0.354428,9.491095,0.219664,-0.027442,-0.295064
2024-01-01 00:00:17.730,0.133549,0.01064,10.297671,0.337173,0.112682,-0.220557
2024-01-01 00:00:17.740,-0.50952,-1.273853,10.705698,0.498531,-0.032582,0.204231
2024-01-01 00:00:17.750,-0.905865,0.429664,10.471516,0.054139,-0.126758,0.002431
2024-01-01 00:00:17.760,-0.419827,-0.013304,10.951984,-0.393058,-0.082432,0.075187
2024-01-01 00:00:17.770,-0.025417,0.660146,8.691281,-0.076865,-0.108153,0.080473
2024-01-01 00:00:17.780,-0.294609,-0.601304,9.559907,0.097486,-0.127346,0.008428
2024-01-01 00:00:17.790,-0.475174,-1.74401,8.777863,0.018722,0.034765,-0.011217
2024-01-01 00:00:17.800,-0.965085,0.153217,9.386048,-0.31164,0.461538,0.156679
2024-01-01 00:00:17.810,-0.057031,0.160068,10.924713,-0.407767,-0.14874,0.021899
2024-01-01 00:00:17.820,-1.032614,-0.928179,9.928566,-0.185291,-0.063629,0.209865
2024-01-01 00:00:17.830,0.521588,-0.537196,12.672331,0.201935,-0.01034,0.093124
2024-01-01 00:00:17.840,0.056574,1.512615,10.02236,0.395085,-0.137471,-0.092669
2024-01-01 00:00:17.850,-1.000245,-0.16778,9.875542,0.229142,0.219647,-0.07457
2024-01-01 00:00:17.860,-0.212195,0.401296,9.926589,0.264357,-0.474177,-0.10912
2024-01-01 00:00:17.870,-0.516167,-0.357212,9.109686,-0.020204,-0.106212,0.182632
2024-01-01 00:00:17.880,0.219034,-1.147576,9.746495,-0.435521,0.163663,-0.060758
2024-01-01 00:00:17.890,0.919884,-0.093472,11.048311,-0.113805,-0.058819,-0.119771
2024-01-01 00:00:17.900,-1.286837,-0.145817,9.93514,-0.064691,-0.164168,0.047967
2024-01-01 00:00:17.910,0.078937,-0.219533,8.938781,-0.124263,0.088151,-0.014575
2024-01-01 00:00:17.920,-0.109891,-0.062938,8.794257,0.013674,0.181269,0.044185
2024-01-01 00:00:17.930,0.460707,0.145083,9.315678,0.110355,0.042127,0.283472
2024-01-01 00:00:17.940,0.146306,-0.082414,9.891102,0.213254,-0.160244,0.136961
2024-01-01 00:00:17.950,-0.516039,-0.693939,11.120558,-0.06953,0.091241,0.004052
2024-01-01 00:00:17.960,-0.218951,0.266915,8.338143,-0.47594,-0.08041,-0.211264
2024-01-01 00:00:17.970,-0.546273,-1.070205,9.458831,-0.120719,0.149037,-0.074994
2024-01-01 00:00:17.980,0.73841,-1.125646,9.968452,0.010928,0.296652,0.106657
2024-01-01 00:00:17.990,0.014625,0.40581,7.796591,0.305702,-0.521115,-0.175656
2024-01-01 00:00:18.000,1.304692,0.278354,8.894709,-0.141952,0.022213,0.321146
2024-01-01 00:00:18.010,-0.041628,-0.03151,9.063482,0.128136,-0.347147,0.002162
2024-01-01 00:00:18.020,-0.486144,-0.766101,8.936025,0.072522,0.488358,0.007327
2024-01-01 00:00:18.030,-1.038787,-0.388643,10.020695,0.010975,-0.093625,-0.099997
2024-01-01 00:00:18.040,-1.237405,-0.144248,9.633706,0.232633,0.149275,0.074511
2024-01-01 00:00:18.050,-1.087113,-0.876146,9.200296,-0.16521,-0.007063,-0.1737
2024-01-01 00:00:18.060,0.183316,-0.405727,10.279903,-0.143797,-0.160617,0.324734
2024-01-01 00:00:18.070,0.349113,0.358129,11.701936,-0.002975,-0.184411,0.197603
2024-01-01 00:00:18.080,-1.085092,0.783591,11.609904,-0.160037,0.317136,0.147644
2024-01-01 00:00:18.090,0.61422,-0.23027,7.698797,0.127003,0.191188,-0.208564
2024-01-01 00:00:18.100,-0.331501,0.415312,10.443625,-0.178298,0.388717,0.030812
2024-01-01 00:00:18.110,0.100737,-1.050819,9.61453,0.056576,0.011091,0.181363
2024-01-01 00:00:18.120,1.106386,0.362039,9.980361,-0.025043,0.057584,0.088966
2024-01-01 00:00:18.130,0.615456,-0.441368,9.372685,0.053731,-0.053438,-0.150316
2024-01-01 00:00:18.140,-0.184279,0.168733,9.939112,-0.114935,-0.057416,-0.097514
2024-01-01 00:00:18.150,-0.611581,-0.136016,9.976245,-0.084772,-0.208377,-0.06779
2024-01-01 00:00:18.160,-1.476683,0.724907,9.174311,0.024002,0.016802,-0.090516
2024-01-01 00:00:18.170,-0.493519,-0.480065,8.825788,0.050519,-0.157849,0.229317
2024-01-01 00:00:18.180,-0.144888,0.344556,9.317332,-0.00105,0.088382,-0.288152
2024-01-01 00:00:18.190,-0.677452,-0.15345,10.067217,0.426341,0.034002,0.098388
2024-01-01 00:00:18.200,-0.090075,-0.08691,10.467698,-0.247684,0.057536,-0.193846
2024-01-01 00:00:18.210,0.05274,-0.100936,10.746977,-0.016051,0.335026,-0.144188
2024-01-01 00:00:18.220,-0.154307,-0.464275,9.267379,-0.393407,-0.007544,-0.30146
2024-01-01 00:00:18.230,-0.446064,-0.00774,10.121661,0.09302,0.151345,-0.082358
2024-01-01 00:00:18.240,0.115739,-0.034394,10.866828,-0.278812,0.410302,0.22661
2024-01-01 00:00:18.250,0.303282,0.132441,11.089823,-0.069578,0.261323,0.039724
2024-01-01 00:00:18.260,-0.748286,0.046393,9.745402,-0.093016,0.230634,-0.179754
2024-01-01 00:00:18.270,0.968252,0.438099,9.567417,0.070223,-0.061338,0.152572
2024-01-01 00:00:18.280,-0.067656,0.507006,10.019854,-0.138198,0.045929,0.184696
2024-01-01 00:00:18.290,0.012936,-0.576792,8.547621,-0.148826,-0.263655,0.015607
2024-01-01 00:00:18.300,0.486012,0.476956,9.597417,0.358964,0.099783,0.305212
2024-01-01 00:00:18.310,0.160045,-0.651299,10.627556,0.071142,0.054892,0.123235
2024-01-01 00:00:18.320,0.65409,0.322733,10.514858,-0.140263,0.004677,0.102398
2024-01-01 00:00:18.330,0.197039,0.340237,9.513246,-0.062708,0.205439,-0.120507
2024-01-01 00:00:18.340,-0.420285,-1.049313,10.049055,0.411339,-0.241555,0.09411
2024-01-01 00:00:18.350,0.248082,0.051046,8.904534,-0.058791,0.326973,0.032519
2024-01-01 00:00:18.360,-0.784882,-0.257204,10.582434,-0.172319,0.180353,0.077974
2024-01-01 00:00:18.370,0.074499,-0.416562,9.724552,-0.171249,-0.014127,-0.102688
2024-01-01 00:00:18.380,-0.022804,0.741618,9.507005,-0.137282,-0.029746,0.019215
2024-01-01 00:00:18.390,-0.14282,-0.35887,9.412827,-0.148624,0.096122,-0.122529
2024-01-01 00:00:18.400,-0.088209,-0.442701,9.740943,-0.319912,0.30417,-0.32207
2024-01-01 00:00:18.410,-1.291419,0.041557,9.31823,-0.28105,0.020322,0.149746
2024-01-01 00:00:18.420,-0.376562,0.376389,10.532641,-0.20733,0.028806,-0.225358
2024-01-01 00:00:18.430,0.063715,-0.077765,9.375979,0.147893,0.003624,0.016078
2024-01-01 00:00:18.440,0.109701,0.640337,11.559075,-0.095309,0.356405,0.04995
2024-01-01 00:00:18.450,-0.705242,0.291506,11.418801,-0.05179,-0.073777,0.048984
2024-01-01 00:00:18.460,0.868592,-1.195838,8.831085,0.317522,-0.005902,-0.042462
2024-01-01 00:00:18.470,-0.594412,-0.290677,9.886535,0.323752,0.292687,0.040682
2024-01-01 00:00:18.480,0.66529,-0.308451,9.095579,-0.070531,0.029402,0.070645
2024-01-01 00:00:18.490,0.293162,0.263169,9.451341,-0.157716,0.227412,0.110245
2024-01-01 00:00:18.500,-0.443473,-1.441025,12.008665,-0.216108,-0.182256,0.260016
2024-01-01 00:00:18.510,1.218307,1.399406,9.472287,0.173194,-0.041059,0.035129
2024-01-01 00:00:18.520,-0.819133,0.291533,10.205528,-0.051177,0.296887,0.009607
2024-01-01 00:00:18.530,0.63077,0.081733,10.404371,-0.096624,-0.135268,-0.136009
2024-01-01 00:00:18.540,0.68665,0.648681,8.711309,-0.203416,-0.03026,0.065392
2024-01-01 00:00:18.550,-0.460213,1.286666,8.871105,-0.192417,0.051337,0.100107
2024-01-01 00:00:18.560,0.955579,0.47804,8.485787,0.080015,-0.197831,-0.028845
2024-01-01 00:00:18.570,-0.171594,0.520898,8.837204,-0.32886,-0.082762,0.081692
2024-01-01 00:00:18.580,0.198116,0.071749,6.680667,0.248717,0.022527,-0.043877
2024-01-01 00:00:18.590,0.178646,-0.077698,10.407951,-0.133461,0.009336,0.100649
2024-01-01 00:00:18.600,-0.092169,-0.261212,12.065505,-0.037409,0.25607,0.13689
2024-01-01 00:00:18.610,0.556417,-0.453535,9.972307,-0.334244,0.308291,0.134794
2024-01-01 00:00:18.620,0.544532,-0.377171,8.254937,-0.003091,-0.171217,0.017677
2024-01-01 00:00:18.630,1.24007,-0.741455,15.814232,-0.08208,0.022254,-0.155995
2024-01-01 00:00:18.640,3.335103,-0.041653,16.016153,-0.01252,0.13485,-0.091787
2024-01-01 00:00:18.650,1.299115,-0.924882,15.402692,0.367927,0.303269,0.089274
2024-01-01 00:00:18.660,3.148585,0.104813,17.464481,0.044425,0.143698,0.367322
2024-01-01 00:00:18.670,3.213201,-0.019946,17.409666,-0.198665,0.058183,-0.051108
2024-01-01 00:00:18.680,-0.748676,0.080667,8.541314,-0.17783,0.133309,0.068376
2024-01-01 00:00:18.690,-0.281921,-0.28665,10.606139,0.148783,0.134754,-0.083408
2024-01-01 00:00:18.700,-0.75879,1.689196,11.48644,0.324673,-0.185543,-0.146095
2024-01-01 00:00:18.710,-0.14749,0.746704,11.899009,0.07048,0.03856,-0.101447
2024-01-01 00:00:18.720,-0.211389,-0.683254,12.956003,0.172178,0.291832,-0.312371
2024-01-01 00:00:18.730,0.535042,0.127845,8.819612,0.152434,-0.041471,0.203015
2024-01-01 00:00:18.740,0.899199,-0.333795,12.910994,0.354766,0.025889,-0.33452
2024-01-01 00:00:18.750,0.957788,-0.556949,9.421081,-0.487398,-0.048503,-0.039574
2024-01-01 00:00:18.760,-0.385788,-0.7357,9.159473,0.166805,-0.462772,-0.176719
2024-01-01 00:00:18.770,-0.143579,0.237287,10.169125,0.245934,0.004118,-0.132657
2024-01-01 00:00:18.780,-1.155259,-0.374078,9.170897,-0.334681,0.060358,0.206478
2024-01-01 00:00:18.790,-0.553028,0.531336,10.24815,-0.221417,-0.102499,0.03016
2024-01-01 00:00:18.800,0.662129,0.545586,8.360555,-0.212696,-0.230927,-0.144809
2024-01-01 00:00:18.810,1.108694,0.754279,9.54785,-0.182198,-0.176121,-0.088428
2024-01-01 00:00:18.820,-0.847072,-0.46796,11.221569,-0.120429,0.152838,-0.114822
2024-01-01 00:00:18.830,-0.406579,0.260976,9.747347,0.060651,0.394505,-0.006532
2024-01-01 00:00:18.840,-0.018121,0.347217,9.965472,0.216419,0.276487,0.025934
2024-01-01 00:00:18.850,0.192261,-0.260324,10.331834,0.270329,-0.268869,0.284336
2024-01-01 00:00:18.860,-0.55559,-0.423703,11.095386,-0.209456,0.170925,-0.287445
2024-01-01 00:00:18.870,0.291012,0.883627,7.992563,-0.211176,-0.132632,-0.005222
2024-01-01 00:00:18.880,-0.325172,0.124895,10.451807,0.328955,-0.116453,-0.047335
2024-01-01 00:00:18.890,-0.009918,0.349146,9.515583,0.161686,-0.092395,0.141982
2024-01-01 00:00:18.900,0.374888,-0.45132,9.992968,0.020716,0.141213,0.053223
2024-01-01 00:00:18.910,0.004407,-0.669387,10.973825,0.118334,0.191851,0.088554
2024-01-01 00:00:18.920,-0.29947,-0.312628,8.498783,-0.007451,-0.019606,0.051763
2024-01-01 00:00:18.930,-0.07522,-0.068088,8.698116,0.131146,-0.016214,-0.139799
2024-01-01 00:00:18.940,2.379361,-0.584257,14.394898,-0.084017,0.092853,0.18169
2024-01-01 00:00:18.950,2.18608,-0.005405,15.917023,0.067201,0.113599,0.119776
2024-01-01 00:00:18.960,2.262401,-0.926989,17.980815,-0.377637,0.235245,0.137329
2024-01-01 00:00:18.970,3.537072,-0.614906,16.387595,-0.171946,-0.256874,0.189608
2024-01-01 00:00:18.980,2.824931,0.36833,15.048543,-0.169253,0.004005,0.062651
2024-01-01 00:00:18.990,-0.202773,0.331481,9.276725,-0.093598,-0.213605,0.222149
2024-01-01 00:00:19.000,0.478285,-0.21514,8.176328,-0.231628,-0.010188,0.056646
2024-01-01 00:00:19.010,-0.229084,-0.558753,8.574546,-0.133386,-0.045235,-0.032859
2024-01-01 00:00:19.020,0.805057,-0.564045,10.236923,-0.378604,-0.00935,-0.000991
2024-01-01 00:00:19.030,0.253667,-0.204924,8.521087,0.137175,-0.159949,-0.003577
2024-01-01 00:00:19.040,-0.073636,0.353841,11.031672,-0.020628,-0.297458,-0.077909
2024-01-01 00:00:19.050,0.307246,0.509607,9.73191,-0.426302,-0.418888,0.244783
2024-01-01 00:00:19.060,-1.078014,-0.272596,9.903983,-0.208707,-0.026236,0.044444
2024-01-01 00:00:19.070,-0.773244,-0.633267,9.504346,0.08415,-0.0862,0.014211
2024-01-01 00:00:19.080,-0.819331,0.147046,10.658587,-0.135755,-0.135188,0.058241
2024-01-01 00:00:19.090,0.098095,-0.452121,10.66991,-0.174235,0.26451,0.446978
2024-01-01 00:00:19.100,1.188938,-0.284521,10.17789,-0.018648,-0.171888,-0.169759
2024-01-01 00:00:19.110,1.53123,0.727577,10.430138,0.085899,0.283367,-0.126756
2024-01-01 00:00:19.120,0.437863,0.454086,9.577126,-0.359088,0.324769,-0.207086
2024-01-01 00:00:19.130,0.343705,0.086728,10.405339,0.137532,-0.39018,-0.03489
2024-01-01 00:00:19.140,-1.235976,-0.698284,9.43901,-0.200073,0.018476,0.036828
2024-01-01 00:00:19.150,-0.37241,0.116057,9.81245,-0.004482,-0.079939,-0.069798
2024-01-01 00:00:19.160,-0.540617,0.583399,9.508441,-0.008855,-0.582361,-0.080959
2024-01-01 00:00:19.170,-0.426057,-0.206223,9.307974,-0.131767,-0.288928,0.021361
2024-01-01 00:00:19.180,-0.115389,0.741762,9.053355,-0.255915,0.154987,-0.075316
2024-01-01 00:00:19.190,-0.323972,0.709717,10.323524,-0.071422,0.40384,0.046526
2024-01-01 00:00:19.200,-1.358294,0.913389,11.249045,0.406333,0.180536,0.167135
2024-01-01 00:00:19.210,0.513253,0.167578,11.09587,-0.340419,0.064726,0.101555
2024-01-01 00:00:19.220,-0.73617,0.322478,8.430291,0.423078,-0.004266,0.132152
2024-01-01 00:00:19.230,0.164183,0.776389,11.225545,-0.06493,0.336533,0.162888
2024-01-01 00:00:19.240,1.423339,0.245619,9.460662,0.008843,0.429648,0.042424
2024-01-01 00:00:19.250,-0.630928,-0.275178,10.469605,-0.271678,-0.117369,-0.023796
2024-01-01 00:00:19.260,-1.73641,-0.24625,8.814976,-0.192817,-0.399997,-0.115838
2024-01-01 00:00:19.270,-0.19627,0.130967,9.965894,-0.125727,-0.419637,-0.058677
2024-01-01 00:00:19.280,0.755534,-0.708518,10.154468,-0.261424,0.264376,-0.078553
2024-01-01 00:00:19.290,1.343916,-0.078649,8.179904,-0.052229,-0.009412,0.109751
2024-01-01 00:00:19.300,-0.843778,0.602004,10.477877,-0.101754,0.036648,0.052017
2024-01-01 00:00:19.310,0.34086,-1.202998,11.287837,0.462695,-0.35813,0.104514
2024-01-01 00:00:19.320,-0.319319,0.842431,9.618237,-0.291494,-0.150638,-0.174051
2024-01-01 00:00:19.330,-0.072707,0.616183,11.303465,0.025673,-0.059096,0.214762
2024-01-01 00:00:19.340,1.814681,-0.252411,9.601717,0.061962,0.041568,-0.064047
2024-01-01 00:00:19.350,-1.031413,0.298322,10.742844,-0.26758,-0.079718,-0.165002
2024-01-01 00:00:19.360,0.174129,0.001728,7.37401,0.171707,-0.207465,-0.065883
2024-01-01 00:00:19.370,0.320954,0.675265,12.465818,-0.099582,-0.156913,0.372565
2024-01-01 00:00:19.380,0.745121,0.539493,11.452013,-0.623097,0.241665,-0.058158
2024-01-01 00:00:19.390,0.067241,-0.768639,9.497481,0.164962,0.048957,-0.048764
2024-01-01 00:00:19.400,0.2114,0.322407,7.644646,-0.279235,0.122431,-0.028816
2024-01-01 00:00:19.410,-0.268769,-0.11289,10.126255,-0.261944,-0.179775,-0.022293
2024-01-01 00:00:19.420,0.184688,0.045475,8.22457,0.171976,-0.590765,-0.117221
2024-01-01 00:00:19.430,-0.235516,-0.399766,10.298449,-0.08679,-0.104621,0.021482
2024-01-01 00:00:19.440,0.426554,0.959727,10.261899,0.229443,-0.173314,0.161339
2024-01-01 00:00:19.450,-0.253645,0.570994,8.776339,0.302542,0.069802,0.047143
2024-01-01 00:00:19.460,0.258785,-0.406134,11.040822,-0.161232,0.657145,-0.166675
2024-01-01 00:00:19.470,-0.020082,-0.732701,10.694521,0.198316,0.139033,-0.051652
2024-01-01 00:00:19.480,0.772752,-0.211734,10.881454,-0.188865,0.547192,-0.082729
2024-01-01 00:00:19.490,-0.035269,0.238542,9.819726,0.558279,0.113754,0.007941
2024-01-01 00:00:19.500,-1.216744,0.131873,8.255755,-0.173239,-0.125977,0.199568
2024-01-01 00:00:19.510,0.865994,0.68797,10.883704,0.256522,0.069583,-0.022332
2024-01-01 00:00:19.520,-0.621559,0.433666,9.513132,0.210948,0.356128,-0.013223
2024-01-01 00:00:19.530,-0.448647,0.532293,8.284021,0.079022,0.365913,0.266647
2024-01-01 00:00:19.540,-0.408773,0.179444,11.294539,-0.167636,-0.115067,0.131431
2024-01-01 00:00:19.550,0.943208,-0.762725,12.115149,-0.037849,0.050637,0.086112
2024-01-01 00:00:19.560,-1.465606,-0.107438,9.76471,-0.538397,-0.285853,0.29372
2024-01-01 00:00:19.570,2.15328,0.581989,12.180715,0.056105,0.164934,0.073472
2024-01-01 00:00:19.580,0.724719,-0.028286,9.910264,0.087404,0.310671,-0.297979
2024-01-01 00:00:19.590,0.153198,0.276197,9.392259,0.033375,0.00796,0.1249
2024-01-01 00:00:19.600,-0.037671,-0.174993,9.117757,-0.743327,-0.133477,-0.238801
2024-01-01 00:00:19.610,0.195961,-0.565367,11.607516,-0.316409,0.072026,0.067801
2024-01-01 00:00:19.620,0.35762,-0.067716,8.953402,-0.187023,0.083492,-0.257062
2024-01-01 00:00:19.630,0.442779,0.169667,10.617326,0.072915,0.016229,-0.070028
2024-01-01 00:00:19.640,0.381284,-0.359973,9.196038,0.072335,0.035743,-0.054568
2024-01-01 00:00:19.650,0.061475,-0.129405,9.304583,-0.042556,-0.034763,-0.115518
2024-01-01 00:00:19.660,-0.135423,-0.515765,10.941214,0.158811,0.199191,-0.052328
2024-01-01 00:00:19.670,-0.103811,0.614465,9.39272,-0.256561,0.147245,0.154884
2024-01-01 00:00:19.680,-0.133756,-0.161656,9.365535,0.152559,-0.196621,-0.107093
2024-01-01 00:00:19.690,0.77805,0.797563,11.05382,0.118686,-0.202118,0.081771
2024-01-01 00:00:19.700,0.407328,0.839283,11.563942,0.094389,-0.050875,-0.144847
2024-01-01 00:00:19.710,-2.017842,-0.044494,10.517869,-0.04551,0.147367,-0.028425
2024-01-01 00:00:19.720,0.450112,-0.553638,9.091063,0.457686,0.029611,0.048576
2024-01-01 00:00:19.730,0.133638,-1.145158,9.249352,0.123299,-0.12863,-0.149479
2024-01-01 00:00:19.740,-0.012839,-0.808148,9.897747,-0.242084,0.052304,-0.196758
2024-01-01 00:00:19.750,-0.266621,-0.754235,10.162381,0.062076,-0.066162,0.073782
2024-01-01 00:00:19.760,0.771422,0.75678,8.725323,0.188121,0.176097,0.168462
2024-01-01 00:00:19.770,0.65024,0.063588,10.603896,-0.147027,0.066612,-0.01186
2024-01-01 00:00:19.780,-0.530387,0.213893,9.903894,0.272318,-0.063056,-0.068597
2024-01-01 00:00:19.790,0.27934,-1.219011,7.926152,0.095508,0.046304,0.023351
2024-01-01 00:00:19.800,-0.666799,-0.657684,8.790039,-0.58562,0.26301,0.008322
2024-01-01 00:00:19.810,-0.946763,0.487007,9.256467,0.074918,-0.113926,0.036435
2024-01-01 00:00:19.820,-0.430085,0.157439,9.730002,-0.101507,0.080531,-0.379237
2024-01-01 00:00:19.830,0.591818,-0.080816,11.884428,0.134295,-0.014092,-0.160366
2024-01-01 00:00:19.840,0.654082,0.310098,10.071512,0.236054,0.085397,-0.126785
2024-01-01 00:00:19.850,0.352105,0.898053,8.886832,0.048791,-0.130913,0.02263
2024-01-01 00:00:19.860,0.497597,-0.121352,10.052253,0.416313,0.022067,0.027882
2024-01-01 00:00:19.870,0.354227,0.038084,9.423408,-0.044677,0.221565,0.095427
2024-01-01 00:00:19.880,-0.440217,0.105736,10.166585,0.156204,-0.187401,0.038637
2024-01-01 00:00:19.890,0.296407,1.313268,10.447463,0.201236,-0.265881,-0.19511
2024-01-01 00:00:19.900,0.549281,-1.152547,11.137735,-0.024336,-0.258291,0.217051
2024-01-01 00:00:19.910,0.517632,0.375089,9.783333,0.194694,-0.234133,0.190788
2024-01-01 00:00:19.920,0.815892,-0.063026,11.609579,-0.148668,0.119065,-0.18873
2024-01-01 00:00:19.930,0.486074,0.311158,10.807009,-0.105642,-0.281172,0.049906
2024-01-01 00:00:19.940,0.241181,-0.360898,9.033231,-0.328122,-0.059579,-0.089314
2024-01-01 00:00:19.950,0.734391,-0.026882,12.236422,0.060352,0.123658,0.02083
2024-01-01 00:00:19.960,-0.0182,0.390564,10.16904,0.081313,0.083332,0.157997
2024-01-01 00:00:19.970,-0.605186,1.708988,8.893033,0.294816,-0.077112,0.319516
2024-01-01 00:00:19.980,-0.111905,0.443612,11.624899,0.197785,0.038185,0.112692
2024-01-01 00:00:19.990,-0.511189,-0.465588,12.0914,-0.071199,0.021429,0.04424
2024-01-01 00:00:20.000,-0.463341,-0.232644,9.773738,-0.294545,-0.044848,-0.050973
2024-01-01 00:00:20.010,-0.099176,-0.248924,9.256992,0.108213,-0.042167,0.02732
2024-01-01 00:00:20.020,-0.543798,-0.985808,9.620732,0.277688,0.447085,0.203966
2024-01-01 00:00:20.030,-0.211339,-0.18122,10.594775,0.188796,0.161862,-0.006706
2024-01-01 00:00:20.040,-1.299493,0.402323,11.213087,0.271119,0.49613,-0.132917
2024-01-01 00:00:20.050,0.146373,-0.699553,10.436395,-0.052972,-0.099393,-0.242953
2024-01-01 00:00:20.060,0.000827,0.575617,9.921692,-0.116655,-0.016993,0.076957
2024-01-01 00:00:20.070,-0.560727,0.267788,11.454817,-0.184225,-0.266425,0.037093
2024-01-01 00:00:20.080,0.452407,-0.403094,9.466506,-0.013974,-0.161913,-0.096886
2024-01-01 00:00:20.090,0.643408,-0.0777,10.941949,-0.019648,0.380383,0.153902
2024-01-01 00:00:20.100,-1.103188,0.877479,9.493707,0.051669,-0.104407,-0.063267
2024-01-01 00:00:20.110,-0.52342,0.402718,10.283263,-0.032324,0.383856,-0.020197
2024-01-01 00:00:20.120,-0.527824,0.004822,9.685308,-0.033407,-0.248672,-0.0025
2024-01-01 00:00:20.130,-0.645009,-0.130488,9.748674,-0.194174,-0.210694,-0.052643
2024-01-01 00:00:20.140,0.569227,0.042058,9.39563,0.235405,-0.068246,0.03538
2024-01-01 00:00:20.150,-0.133013,-0.280958,11.28665,0.01913,-0.01275,0.172727
2024-01-01 00:00:20.160,-0.181523,-1.155507,9.005247,-0.043611,0.184617,-0.171372
2024-01-01 00:00:20.170,-1.375151,1.121156,8.997225,-0.186857,0.090154,0.073278
2024-01-01 00:00:20.180,0.436056,0.085273,12.138851,-0.332978,-0.083263,0.025824
2024-01-01 00:00:20.190,-0.850441,0.218583,10.883677,0.326991,-0.026663,0.023065
2024-01-01 00:00:20.200,0.041129,-0.031791,7.191145,0.13866,-0.063813,0.130777
2024-01-01 00:00:20.210,0.19035,-0.403579,9.189346,-0.405979,-0.182931,0.007395
2024-01-01 00:00:20.220,0.933752,-0.102073,7.820436,0.190786,-0.177593,0.072034
2024-01-01 00:00:20.230,-0.898178,-0.878068,8.766142,0.23062,0.205577,0.10738
2024-01-01 00:00:20.240,-2.07214,1.25012,6.363911,0.031094,-0.365633,-0.075655
2024-01-01 00:00:20.250,0.126167,-0.677747,9.659585,0.399528,0.323472,0.044878
2024-01-01 00:00:20.260,1.235601,-0.566549,8.556148,0.05418,-0.068599,-0.037618
2024-01-01 00:00:20.270,0.850227,-0.241702,9.875776,-0.354206,-0.154502,-0.019902
2024-01-01 00:00:20.280,0.143879,0.707154,8.025617,0.091292,0.147952,-0.048309
2024-01-01 00:00:20.290,-0.337385,0.007965,9.901037,0.061224,0.297043,0.070662
2024-01-01 00:00:20.300,0.553888,-0.678639,9.354422,-0.150824,0.223526,0.012247
2024-01-01 00:00:20.310,-0.668096,0.688632,11.459144,0.14339,0.10037,0.059182
2024-01-01 00:00:20.320,0.326901,0.401319,11.35967,-0.416916,0.217373,-0.002628
2024-01-01 00:00:20.330,0.346879,0.295601,10.672309,0.247642,-0.3433,-0.240618
2024-01-01 00:00:20.340,0.727569,0.392938,9.451378,-0.21953,-0.104366,0.004705
2024-01-01 00:00:20.350,1.893817,1.314505,11.989948,-0.246237,-0.182234,0.009531
2024-01-01 00:00:20.360,0.269295,1.199617,8.104767,-0.028456,0.244928,0.036389
2024-01-01 00:00:20.370,-0.349276,-0.377007,8.268893,0.108243,-0.076696,-0.089059
2024-01-01 00:00:20.380,-0.01755,0.891513,9.718006,0.040981,0.169081,-0.17932
2024-01-01 00:00:20.390,-1.214028,0.210359,12.284934,-0.185665,0.107171,0.093691
2024-01-01 00:00:20.400,-0.476747,0.274004,9.587832,-0.126522,-0.172461,-0.041041
2024-01-01 00:00:20.410,-0.28087,-0.929057,9.608797,-0.283261,-0.117392,0.025687
2024-01-01 00:00:20.420,-0.359656,-0.093542,8.226782,-0.05617,0.258764,-0.042219
2024-01-01 00:00:20.430,0.104554,-0.44624,10.848631,0.268755,-0.155097,-0.000909
2024-01-01 00:00:20.440,-0.564386,0.454604,10.856588,-0.001066,0.024974,-0.067393
2024-01-01 00:00:20.450,0.769307,0.588023,10.676405,0.214854,-0.156508,-0.145213
2024-01-01 00:00:20.460,0.000142,-1.138893,9.119116,0.36385,-0.06279,0.07106
2024-01-01 00:00:20.470,2.433618,-0.012097,15.744036,-0.147005,-0.009232,-0.090468
2024-01-01 00:00:20.480,2.214982,0.615902,15.100152,-0.046643,-0.156573,0.024593
2024-01-01 00:00:20.490,2.5465,-0.102487,16.612092,0.542798,-0.192089,0.061569
2024-01-01 00:00:20.500,3.006224,0.400256,15.333713,0.361086,0.057255,-0.088022
2024-01-01 00:00:20.510,1.844932,0.19279,15.227197,-0.418101,-0.168947,-0.180583
2024-01-01 00:00:20.520,-0.451632,0.187571,9.344788,0.096787,-0.162132,0.363913
2024-01-01 00:00:20.530,-0.208432,-0.148952,9.272907,0.00014,-0.187811,-0.079166
2024-01-01 00:00:20.540,-0.923604,-0.667903,9.2193,0.206613,-0.015582,0.093513
2024-01-01 00:00:20.550,-0.562216,-0.61572,10.322156,-0.186245,0.18874,0.29092
2024-01-01 00:00:20.560,-0.326807,0.389435,9.896794,-0.209902,0.301306,0.118486
2024-01-01 00:00:20.570,0.60005,0.010683,9.493605,-0.169018,-0.145184,-0.045066
2024-01-01 00:00:20.580,0.180183,-0.076043,10.010948,-0.142982,0.430062,-0.010067
2024-01-01 00:00:20.590,0.132851,-0.232716,8.721303,0.203831,-0.200941,-0.124891
2024-01-01 00:00:20.600,0.583929,-0.167549,9.925596,-0.2953,0.21671,0.132254
2024-01-01 00:00:20.610,-0.094271,0.574755,9.975362,-0.155653,-0.144339,0.084941
2024-01-01 00:00:20.620,0.267957,-0.184049,8.159655,-0.447253,-0.174185,-0.077164
2024-01-01 00:00:20.630,-0.070836,-0.736245,10.903272,0.251779,-0.148951,-0.156326
2024-01-01 00:00:20.640,0.182105,0.408265,8.842186,0.317758,-0.01049,-0.198185
2024-01-01 00:00:20.650,-0.399918,-0.112477,9.90916,-0.081768,0.115994,0.147977
2024-01-01 00:00:20.660,-1.673638,0.017236,11.088524,-0.074487,0.133974,0.018056
2024-01-01 00:00:20.670,-0.092149,0.88256,10.826393,0.113305,-0.188797,0.032248
2024-01-01 00:00:20.680,0.976361,-0.011288,9.847698,0.368621,-0.197932,-0.123442
2024-01-01 00:00:20.690,0.635615,0.158762,9.411976,0.102153,-0.183328,-0.219525
2024-01-01 00:00:20.700,0.662504,-0.647229,10.850368,-0.174385,-0.022271,0.144392
2024-01-01 00:00:20.710,0.848295,-0.120599,10.550815,-0.404706,-0.042031,0.006306
2024-01-01 00:00:20.720,0.060841,0.33463,9.131035,-0.278782,-0.190035,0.136085
2024-01-01 00:00:20.730,0.135408,-0.8539,8.937207,0.018305,0.053921,-0.05789
2024-01-01 00:00:20.740,-0.423864,0.110264,7.534554,-0.163832,0.452514,-0.035523
2024-01-01 00:00:20.750,-0.216905,0.055334,9.979127,0.048742,-0.100943,0.106995
2024-01-01 00:00:20.760,0.422573,0.022667,9.719198,-0.138231,-0.086702,0.109852
2024-01-01 00:00:20.770,0.826166,0.5694,11.057538,-0.264537,0.111932,0.119635
2024-01-01 00:00:20.780,2.344305,0.183607,16.914242,-0.294258,-0.111763,-0.04428
2024-01-01 00:00:20.790,2.131058,0.811461,17.984984,0.390589,0.133793,0.092182
2024-01-01 00:00:20.800,2.440362,-0.545481,15.754294,0.222247,-0.143709,0.166365
2024-01-01 00:00:20.810,2.852578,0.074623,17.769689,0.432629,0.366424,-0.015716
2024-01-01 00:00:20.820,1.449155,0.046372,15.93925,0.134988,0.068955,-0.077023
2024-01-01 00:00:20.830,-1.575754,-0.587021,10.6638,-0.107498,-0.124005,0.201412
2024-01-01 00:00:20.840,-0.377806,0.525006,8.208283,0.330835,-0.117738,-0.098167
2024-01-01 00:00:20.850,-0.837714,1.276246,10.068179,-0.008267,-0.10276,0.094421
2024-01-01 00:00:20.860,-0.348711,-0.009336,7.630813,0.05521,0.27455,-0.008763
2024-01-01 00:00:20.870,-0.101414,0.277257,9.516683,-0.010706,-0.25375,-0.276235
2024-01-01 00:00:20.880,-0.311042,0.046401,10.293509,-0.736726,-0.133588,0.169289
2024-01-01 00:00:20.890,0.996756,-0.391758,9.237977,0.401184,-0.112332,-0.413678
2024-01-01 00:00:20.900,0.224229,-0.999597,8.656619,0.122751,-0.003138,-0.297619
2024-01-01 00:00:20.910,0.206201,-0.38747,10.739038,0.082456,-0.054222,0.0791
2024-01-01 00:00:20.920,0.42699,-0.764185,9.696398,-0.015444,-0.298246,0.079061
2024-01-01 00:00:20.930,-0.781524,0.935552,9.272451,0.040857,-0.079965,-0.095637
2024-01-01 00:00:20.940,0.71309,-0.063195,9.856002,-0.14932,-0.01991,0.022173
2024-01-01 00:00:20.950,-0.051993,-0.18991,12.705063,0.154145,-0.12562,-0.379715
2024-01-01 00:00:20.960,0.460117,0.488145,11.076546,-0.326775,0.137355,0.106046
2024-01-01 00:00:20.970,-0.735562,-0.615841,11.086506,0.046517,0.183882,0.037459
2024-01-01 00:00:20.980,-1.066267,-0.421008,10.28823,0.140393,-0.015677,-0.006846
2024-01-01 00:00:20.990,0.561277,0.037372,9.992801,-0.049667,0.046108,0.003126
2024-01-01 00:00:21.000,0.258311,0.564794,7.179102,0.092717,-0.432211,0.073988
2024-01-01 00:00:21.010,-0.619033,0.275425,9.06448,-0.247834,-0.084221,-0.004335
2024-01-01 00:00:21.020,-0.596806,0.136331,9.282329,-0.241457,0.200964,-0.281108
2024-01-01 00:00:21.030,0.77233,0.042887,7.751369,0.059179,-0.084687,0.32945
2024-01-01 00:00:21.040,-0.816234,0.219729,8.539157,0.169637,-0.147452,0.18012
2024-01-01 00:00:21.050,1.127284,0.110707,7.635042,-0.468716,0.455538,-0.192742
2024-01-01 00:00:21.060,-0.618051,-0.565455,9.76792,0.130505,0.363815,-0.051771
2024-01-01 00:00:21.070,0.438096,0.025297,10.709005,-0.1358,0.093515,-0.035405
2024-01-01 00:00:21.080,-0.225514,-0.589455,11.025238,-0.048202,0.227782,0.161827
2024-01-01 00:00:21.090,0.413937,0.044514,10.265433,-0.334879,-0.445187,-0.32389
2024-01-01 00:00:21.100,-0.373398,-0.263876,8.752191,-0.212904,-0.15751,-0.074851
2024-01-01 00:00:21.110,-0.111717,1.394121,7.688592,0.241531,-0.093992,-0.264095
2024-01-01 00:00:21.120,0.028081,-0.021902,7.880958,0.008216,-0.047196,-0.042764
2024-01-01 00:00:21.130,-0.687751,-0.770928,8.416657,-0.095695,-0.097989,-0.070875
2024-01-01 00:00:21.140,0.508391,-0.073665,8.834032,-0.029122,-0.510005,0.011954
2024-01-01 00:00:21.150,-0.352193,0.285128,9.634596,0.122303,0.077205,-0.090731
2024-01-01 00:00:21.160,-0.156877,0.918677,8.696448,0.110124,0.108731,-0.112654
2024-01-01 00:00:21.170,-0.682372,-0.323609,10.182196,-0.018757,0.32038,0.092949
2024-01-01 00:00:21.180,-1.758401,-0.868753,9.554964,0.27324,-0.157662,0.068201
2024-01-01 00:00:21.190,-0.131093,0.448444,9.821579,0.242616,-0.174033,0.08271
2024-01-01 00:00:21.200,1.655657,-0.757949,11.061995,0.103343,-0.535997,-0.026535
2024-01-01 00:00:21.210,0.538435,-0.239449,8.514106,0.013653,-0.058713,-0.085761
2024-01-01 00:00:21.220,-0.013217,-0.141434,10.269738,0.16433,0.180222,-0.017828
2024-01-01 00:00:21.230,-0.180409,-0.038229,9.794657,0.078567,-0.122354,0.075174
2024-01-01 00:00:21.240,0.015417,0.378351,9.443832,0.2652,0.428689,-0.326517
2024-01-01 00:00:21.250,0.37546,-0.375315,10.782011,0.22489,-0.051319,0.059117
2024-01-01 00:00:21.260,-0.810333,-0.150277,10.775158,-0.254563,0.029398,0.046371
2024-01-01 00:00:21.270,0.764703,-0.007834,8.770753,-0.271491,-0.272621,0.009323
2024-01-01 00:00:21.280,0.49093,0.082129,9.609988,-0.175312,0.057444,-0.022397
2024-01-01 00:00:21.290,0.492855,0.053707,10.11877,0.244035,-0.395864,-0.384918
2024-01-01 00:00:21.300,0.300904,0.239367,9.510239,-0.394077,0.13874,-0.065978
2024-01-01 00:00:21.310,0.013462,0.463268,10.452353,0.098689,0.144886,0.268416
2024-01-01 00:00:21.320,0.461751,0.215556,10.118749,0.090636,0.271858,0.001935
2024-01-01 00:00:21.330,0.406132,0.249018,11.822152,0.290662,-0.203994,-0.046093
2024-01-01 00:00:21.340,-0.24296,-0.868641,8.129754,0.045085,0.032112,0.002536
2024-01-01 00:00:21.350,-0.393634,0.027575,9.675565,-0.335802,0.112763,0.053216
2024-01-01 00:00:21.360,0.069899,0.26325,8.812464,-0.239839,0.088456,0.098823
2024-01-01 00:00:21.370,1.063015,0.400189,10.47331,-0.295499,-0.17306,-0.034332
2024-01-01 00:00:21.380,-0.850337,-0.380101,8.034345,-0.134486,-0.478396,0.063738
2024-01-01 00:00:21.390,-1.007089,-0.361813,10.190251,-0.045725,0.069392,0.251498
2024-01-01 00:00:21.400,0.113067,-0.315181,9.118207,-0.29136,-0.0305,0.150938
2024-01-01 00:00:21.410,0.034922,0.294491,9.00389,0.367665,-0.113334,0.351045
2024-01-01 00:00:21.420,0.118956,0.567601,8.221745,-0.33132,0.152789,-0.098516
2024-01-01 00:00:21.430,0.167413,-0.223696,9.299347,0.336526,-0.008984,0.251428
2024-01-01 00:00:21.440,-0.153173,0.498471,11.000782,0.296291,-0.263839,-0.118601
2024-01-01 00:00:21.450,1.022419,0.06779,9.782343,0.224576,-0.38629,0.053035
2024-01-01 00:00:21.460,-1.09862,-0.068233,10.499193,-0.173442,-0.225793,0.109871
2024-01-01 00:00:21.470,-0.568556,-0.11605,11.637777,0.085613,0.478602,-0.076617
2024-01-01 00:00:21.480,-0.070859,0.40989,10.099604,-0.319343,0.144555,0.013195
2024-01-01 00:00:21.490,-1.127638,0.178742,9.196438,0.227727,0.037722,0.136569
2024-01-01 00:00:21.500,-0.12068,1.249428,10.323043,-0.018496,-0.036332,-0.106541
2024-01-01 00:00:21.510,1.140184,-0.467871,9.212363,-0.10233,-0.049479,0.250408
2024-01-01 00:00:21.520,0.014333,0.284438,9.256144,-0.305936,0.233439,-0.207689
2024-01-01 00:00:21.530,0.158318,-0.290531,8.141158,-0.619377,-0.098119,0.290954
2024-01-01 00:00:21.540,-0.864788,-0.477239,10.827031,-0.259635,0.115384,0.150199
2024-01-01 00:00:21.550,-0.422978,-0.005966,9.386169,0.2782,-0.069686,-0.013459
2024-01-01 00:00:21.560,-0.257479,0.075407,10.009944,-0.100708,0.388031,-0.0604
2024-01-01 00:00:21.570,-0.218032,1.602077,8.672514,-0.042332,0.148458,-0.076054
2024-01-01 00:00:21.580,0.879528,-0.101096,10.28867,0.163889,0.249111,-0.020369
2024-01-01 00:00:21.590,0.382715,-0.620468,8.973389,0.451417,-0.116882,-0.007274
2024-01-01 00:00:21.600,-0.762738,0.149883,9.654404,0.331251,0.211627,0.188284
2024-01-01 00:00:21.610,0.169164,-1.138977,10.773853,-0.243084,-0.062515,0.295298
2024-01-01 00:00:21.620,0.341905,-0.050484,10.678254,-0.485643,0.022007,0.029907
2024-01-01 00:00:21.630,0.782427,0.008798,9.785811,0.589904,0.32701,-0.126844
2024-01-01 00:00:21.640,1.084646,0.436236,7.868592,0.567248,-0.208555,-0.081859
2024-01-01 00:00:21.650,-0.696608,0.534519,13.096106,0.047113,0.04065,-0.027464
2024-01-01 00:00:21.660,-0.556451,-0.27646,11.726953,-0.317622,0.087601,-0.154518
2024-01-01 00:00:21.670,-0.863013,-0.082687,10.603497,0.240807,0.104001,-0.176841
2024-01-01 00:00:21.680,-0.160596,-0.4206,8.982982,-0.026996,-0.090157,0.314569
2024-01-01 00:00:21.690,0.320038,-0.619306,9.685276,-0.028245,0.417253,0.045392
2024-01-01 00:00:21.700,0.677558,0.170132,9.213324,0.223615,-0.258986,-0.12497
2024-01-01 00:00:21.710,-0.052121,-0.699198,11.197714,0.083594,0.291777,0.122491
2024-01-01 00:00:21.720,-0.219495,-0.22763,10.098228,-0.296454,0.243013,-0.176752
2024-01-01 00:00:21.730,0.104144,-0.546351,8.948988,-0.081185,0.380178,-0.164402
2024-01-01 00:00:21.740,-0.573117,0.301776,9.293111,0.165288,-0.317645,-0.120456
2024-01-01 00:00:21.750,1.433946,0.988985,11.041065,0.127563,-0.173766,0.248177
2024-01-01 00:00:21.760,-1.103257,-0.714572,11.566907,0.065504,0.298389,-0.037932
2024-01-01 00:00:21.770,0.126778,-1.017307,11.488108,0.233356,-0.375408,-0.366256
2024-01-01 00:00:21.780,1.3887,-0.068563,10.641221,-0.090429,-0.321292,0.18151
2024-01-01 00:00:21.790,0.004666,0.008618,9.532618,0.044667,-0.097662,-0.045957
2024-01-01 00:00:21.800,-0.130414,0.120044,6.250818,-0.843895,0.038399,-0.277411
2024-01-01 00:00:21.810,-0.245297,-0.24503,10.136282,-0.112413,0.318445,-0.047503
2024-01-01 00:00:21.820,-0.123794,-0.110151,9.807992,0.190976,-0.037053,0.078151
2024-01-01 00:00:21.830,0.942117,0.201763,9.9637,-0.097599,-0.121648,0.060607
2024-01-01 00:00:21.840,-1.51789,0.571197,9.869179,-0.116557,0.062278,0.269762
2024-01-01 00:00:21.850,1.052319,-1.073322,8.353764,-0.260363,0.093919,-0.127915
2024-01-01 00:00:21.860,-0.977191,-0.202548,10.422035,0.250841,0.088248,0.007008
2024-01-01 00:00:21.870,-0.18299,0.117381,10.504174,0.137116,-0.035597,-0.104935
2024-01-01 00:00:21.880,-0.294569,-0.503969,10.559208,0.206354,-0.391017,-0.231329
2024-01-01 00:00:21.890,0.403895,0.950412,10.849342,-0.431553,-0.183523,0.132829
2024-01-01 00:00:21.900,-1.096713,-0.34884,10.473249,-0.040113,0.284054,0.06949
2024-01-01 00:00:21.910,0.317166,-0.02267,9.359788,-0.070028,0.037414,0.042552
2024-01-01 00:00:21.920,1.389182,0.305256,9.732221,-0.070143,-0.064504,0.064019
2024-01-01 00:00:21.930,-0.935478,-0.324615,9.910055,-0.154007,0.223634,-0.102821
2024-01-01 00:00:21.940,0.130186,-1.013769,9.928254,-0.086526,-0.226023,-0.150854
2024-01-01 00:00:21.950,-0.454285,-0.235331,10.906043,0.212411,-0.04507,0.005647
2024-01-01 00:00:21.960,0.292265,0.565163,10.516748,-0.478213,0.027552,0.174182
2024-01-01 00:00:21.970,0.01314,-0.184955,12.090923,0.444324,-0.088276,0.241212
2024-01-01 00:00:21.980,-0.44022,-0.464692,12.232703,0.12096,0.020153,0.119315
2024-01-01 00:00:21.990,0.334802,0.508194,9.897455,-0.010583,-0.037539,0.004376
2024-01-01 00:00:22.000,1.238234,-0.181595,5.597352,0.226709,-0.279869,0.040468
2024-01-01 00:00:22.010,-0.131008,-0.280078,11.168042,-0.362959,0.036296,0.001739
2024-01-01 00:00:22.020,0.493934,0.082051,9.216667,-0.166175,-0.26567,-0.153892
2024-01-01 00:00:22.030,-0.887509,0.423142,8.929971,-0.030269,0.033123,0.003697
2024-01-01 00:00:22.040,-0.656354,1.307561,9.372507,0.34139,0.274827,-0.200224
2024-01-01 00:00:22.050,0.324189,0.454153,9.319586,-0.011624,-0.056205,-0.018612
2024-01-01 00:00:22.060,1.018475,0.636752,10.482272,0.112514,-0.234297,0.245416
2024-01-01 00:00:22.070,0.24404,-0.277775,8.09774,-0.147395,-0.025398,0.123429
2024-01-01 00:00:22.080,-0.214836,-0.563202,8.626663,0.121711,-0.166394,-0.138468
2024-01-01 00:00:22.090,-0.000486,0.03422,10.186788,0.41931,0.118902,-0.010864
2024-01-01 00:00:22.100,-0.858092,0.058836,10.493993,0.248882,-0.029598,-0.125156
2024-01-01 00:00:22.110,0.414849,-0.592103,10.514413,-0.020364,0.341953,-0.009377
2024-01-01 00:00:22.120,0.605501,-0.096237,8.945834,0.168873,0.232598,0.156166
2024-01-01 00:00:22.130,-0.310247,0.219225,8.735864,0.144379,-0.030616,0.097951
2024-01-01 00:00:22.140,-0.322566,0.197856,9.253715,0.126647,0.143122,0.372622
2024-01-01 00:00:22.150,0.182459,0.276854,10.07338,0.277988,-0.078647,0.178872
2024-01-01 00:00:22.160,-0.299699,0.15974,11.441054,0.276119,0.006791,0.0306
2024-01-01 00:00:22.170,-0.045384,-0.278348,7.561914,-0.03179,-0.072287,0.101572
2024-01-01 00:00:22.180,1.440934,-0.282131,9.56764,0.16047,0.153291,-0.030366
2024-01-01 00:00:22.190,-0.169521,-0.658224,8.346719,-0.095774,0.286598,-0.169126
2024-01-01 00:00:22.200,-0.245911,0.979841,7.995838,-0.230768,0.15973,0.195866
2024-01-01 00:00:22.210,-0.444376,0.007384,10.871718,-0.067373,0.184387,0.151349
2024-01-01 00:00:22.220,0.510702,-0.123444,10.407998,-0.01907,0.184607,-0.036158
2024-01-01 00:00:22.230,-0.124365,-0.509907,10.303478,-0.415395,0.110251,0.04109
2024-01-01 00:00:22.240,-0.445632,1.611676,10.821286,0.215083,-0.227857,0.186141
2024-01-01 00:00:22.250,0.906745,-0.589257,9.283269,-0.691831,0.340194,0.126953
2024-01-01 00:00:22.260,0.974203,-0.235438,9.334964,0.678704,0.360882,-0.219465
2024-01-01 00:00:22.270,-0.412041,0.228294,12.209932,0.37547,-0.046776,0.036543
2024-01-01 00:00:22.280,-1.280913,0.329517,9.539265,-0.065252,-0.07414,-0.025145
2024-01-01 00:00:22.290,0.691406,0.525905,10.617175,0.002357,0.122482,0.16695
2024-01-01 00:00:22.300,-0.469827,0.992377,9.817007,0.075743,0.110163,0.154656
2024-01-01 00:00:22.310,0.542567,0.277881,7.780612,-0.14729,-0.040389,0.197791
2024-01-01 00:00:22.320,1.088016,-0.579761,14.274997,0.048155,-0.250005,-0.167684
2024-01-01 00:00:22.330,3.052545,-0.141063,15.884275,-0.036,0.06114,-0.117617
2024-01-01 00:00:22.340,1.608833,0.169,17.679599,-0.023568,0.110287,0.167112
2024-01-01 00:00:22.350,2.941487,1.135456,17.385544,0.045365,0.145164,-0.088747
2024-01-01 00:00:22.360,2.449795,-0.767395,17.523657,-0.328382,0.069859,-0.228215
2024-01-01 00:00:22.370,-0.654641,0.660215,8.726223,0.009892,-0.054223,0.079889
2024-01-01 00:00:22.380,-0.279329,0.098773,11.584228,0.040862,0.1988,-0.082083
2024-01-01 00:00:22.390,0.470986,0.459969,8.750547,0.032212,0.01317,0.268469
2024-01-01 00:00:22.400,0.07267,-0.055995,10.043681,-0.053958,-0.092985,0.044428
2024-01-01 00:00:22.410,0.401053,-0.462496,9.798633,0.284464,-0.036131,0.024039
2024-01-01 00:00:22.420,1.356332,0.412229,9.619087,-0.088413,-0.349194,-0.055387
2024-01-01 00:00:22.430,-1.073461,0.359283,11.279774,0.056831,-0.036448,0.238625
2024-01-01 00:00:22.440,1.109812,0.533659,9.035789,0.324324,0.137687,0.053783
2024-01-01 00:00:22.450,0.071614,-0.007304,8.328133,-0.019844,0.067957,-0.061275
2024-01-01 00:00:22.460,-0.616791,-0.329302,9.831955,0.053616,0.304133,-0.119113
2024-01-01 00:00:22.470,-0.912928,-0.855774,9.37099,-0.024096,-0.052595,-0.011021
2024-01-01 00:00:22.480,-0.129784,0.449836,13.518366,0.309342,0.097463,-0.146647
2024-01-01 00:00:22.490,0.632482,0.232715,10.552805,-0.064431,0.158548,0.154332
2024-01-01 00:00:22.500,-0.087531,-0.530215,9.360544,0.320839,0.468571,-0.271251
2024-01-01 00:00:22.510,1.03703,-0.295677,8.650389,-0.025897,0.028953,-0.020927
2024-01-01 00:00:22.520,-0.995869,-0.256251,7.745443,-0.214865,-0.208837,0.09152
2024-01-01 00:00:22.530,-0.008296,-0.814158,8.684309,0.169843,0.169586,0.051318
2024-01-01 00:00:22.540,-0.859455,-0.448908,9.936206,-0.076167,0.373145,-0.107592
2024-01-01 00:00:22.550,0.249542,-0.622473,11.377207,0.155125,-0.06451,0.099039
2024-01-01 00:00:22.560,0.608626,-0.226451,11.041615,-0.682351,0.168216,-0.132906
2024-01-01 00:00:22.570,-0.288748,-0.405545,10.061546,0.001301,0.245746,-0.003358
2024-01-01 00:00:22.580,-1.787142,-0.893226,9.455162,-0.114901,0.203413,0.097776
2024-01-01 00:00:22.590,0.136528,1.110402,10.105156,-0.265815,0.025112,0.069437
2024-01-01 00:00:22.600,0.299712,0.687645,9.240535,-0.13831,-0.139695,-0.101256
2024-01-01 00:00:22.610,0.277447,-0.427682,11.696764,-0.143426,-0.016256,0.179624
2024-01-01 00:00:22.620,0.848056,0.149559,9.602269,-0.011996,0.09172,0.013004
2024-01-01 00:00:22.630,1.704989,0.229188,16.425201,-0.341832,0.181645,0.111449
2024-01-01 00:00:22.640,2.906798,0.653906,14.087027,0.079068,0.066789,0.229365
2024-01-01 00:00:22.650,3.258358,-0.449414,16.305413,0.341554,-0.075982,0.167628
2024-01-01 00:00:22.660,1.219444,0.599567,17.43846,0.070232,0.111076,0.168019
2024-01-01 00:00:22.670,2.659361,-0.3008,15.347641,0.202247,0.172017,0.028902
2024-01-01 00:00:22.680,-0.345993,-0.733388,8.985709,0.273641,0.075922,0.11909
2024-01-01 00:00:22.690,-0.055945,0.397551,10.680397,0.309122,-0.167237,0.032039
2024-01-01 00:00:22.700,0.238593,0.708626,8.18863,0.467535,-0.036281,-0.181399
2024-01-01 00:00:22.710,-0.334361,1.420762,10.971466,-0.1248,0.189564,0.045412
2024-01-01 00:00:22.720,-0.463705,-0.658649,9.225706,-0.179621,-0.276604,0.038454
2024-01-01 00:00:22.730,0.023437,0.383707,9.383352,0.195866,-0.418636,0.087559
2024-01-01 00:00:22.740,-0.746123,-0.224981,8.575982,0.177067,0.301617,-0.0192
2024-01-01 00:00:22.750,-0.745147,0.430064,10.225095,0.193919,0.102283,-0.114218
2024-01-01 00:00:22.760,0.46622,-0.807299,12.510939,0.472321,0.121346,0.098476
2024-01-01 00:00:22.770,-0.78836,-0.693261,10.668084,0.002842,-0.215363,-0.196991
2024-01-01 00:00:22.780,0.457257,-0.425955,8.861015,0.106539,0.147506,0.218823
2024-01-01 00:00:22.790,0.317453,0.043351,11.056911,-0.245097,0.05505,-0.034713
2024-01-01 00:00:22.800,-1.184335,-0.351954,9.462286,0.53383,-0.316866,0.036829
2024-01-01 00:00:22.810,-0.464979,0.361821,11.319185,-0.084136,0.284857,0.083784
2024-01-01 00:00:22.820,0.819458,0.563765,10.695731,-0.077054,0.031737,0.088603
2024-01-01 00:00:22.830,-0.673325,0.329168,6.578431,-0.086687,-0.079217,-0.211348
2024-01-01 00:00:22.840,-0.318697,0.888714,8.707521,-0.161224,-0.075598,0.123613
2024-01-01 00:00:22.850,0.317089,0.228289,10.846935,-0.182359,-0.403044,0.045473
2024-01-01 00:00:22.860,0.537602,-0.668076,9.97652,-0.130926,0.118667,-0.095289
2024-01-01 00:00:22.870,-0.172619,0.748494,8.685916,-0.341449,0.052371,-0.11245
2024-01-01 00:00:22.880,-0.410041,-0.332231,9.114319,-0.196329,-0.038816,-0.050108
2024-01-01 00:00:22.890,0.976101,0.49982,7.716952,0.487241,0.255697,-0.194811
2024-01-01 00:00:22.900,1.19332,0.86398,9.712966,0.183914,-0.276772,0.25834
2024-01-01 00:00:22.910,0.671741,0.250722,12.237337,0.231476,-0.119354,0.222923
2024-01-01 00:00:22.920,0.05855,-0.821391,10.693817,0.294302,-0.170002,0.067755
2024-01-01 00:00:22.930,-0.554672,-0.504098,12.215078,0.458534,-0.055759,-0.03351
2024-01-01 00:00:22.940,-0.569892,0.726187,10.778872,-0.442856,0.013494,-0.029566
2024-01-01 00:00:22.950,0.358575,-0.092848,10.938172,-0.307471,0.086003,0.11371
2024-01-01 00:00:22.960,0.287126,0.043686,11.977538,-0.200931,-0.069395,0.263674
2024-01-01 00:00:22.970,0.961847,0.416595,10.224235,-0.117432,-0.175471,-0.08556
2024-01-01 00:00:22.980,0.446371,0.382281,9.604424,-0.075142,0.337201,-0.167638
2024-01-01 00:00:22.990,-1.031489,0.153061,10.943858,-0.111744,0.482328,0.232146
2024-01-01 00:00:23.000,0.721899,-0.114559,11.406317,0.054827,0.028657,-0.268071
2024-01-01 00:00:23.010,-0.684919,-0.171655,9.282999,0.008824,-0.151356,-0.15128
2024-01-01 00:00:23.020,-0.2635,0.470986,9.017717,-0.180709,0.295091,-0.037029
2024-01-01 00:00:23.030,0.1717,0.30391,9.962464,-0.543887,-0.289351,-0.234065
2024-01-01 00:00:23.040,1.369527,-0.141258,10.722986,-0.248217,-0.066955,0.166822
2024-01-01 00:00:23.050,2.134182,0.59408,10.686304,-0.13731,-0.139223,0.128536
2024-01-01 00:00:23.060,0.416364,-0.07084,8.246264,-0.06177,-0.231907,-0.086219
2024-01-01 00:00:23.070,-0.125719,-0.467563,11.908943,-0.282417,-0.056005,0.191942
2024-01-01 00:00:23.080,0.366805,-0.416675,9.106001,-0.122702,-0.172834,0.217394
2024-01-01 00:00:23.090,0.609154,-0.537329,9.518959,-0.282747,0.002531,-0.016976
2024-01-01 00:00:23.100,-0.220058,-0.149553,8.818886,-0.031455,0.005435,-0.0676
2024-01-01 00:00:23.110,1.231964,0.677315,12.772765,-0.268273,-0.124266,0.33894
2024-01-01 00:00:23.120,0.157886,-0.441997,10.075794,-0.212226,-0.074103,0.108174
2024-01-01 00:00:23.130,0.341576,0.103473,8.875629,-0.327171,-0.04617,0.038449
2024-01-01 00:00:23.140,0.456991,-0.360522,10.758588,-0.038375,0.161969,0.204532
2024-01-01 00:00:23.150,0.289314,-0.14291,10.654511,-0.216612,-0.029686,0.04529
2024-01-01 00:00:23.160,0.575723,-0.829013,9.603876,0.226696,0.16494,-0.075843
2024-01-01 00:00:23.170,-0.42359,-0.121075,10.732986,0.101463,0.117163,0.012024
2024-01-01 00:00:23.180,-0.383135,-0.106344,8.903829,-0.017463,0.114306,0.155798
2024-01-01 00:00:23.190,-0.754981,0.296618,9.268776,-0.199371,0.277569,-0.298828
2024-01-01 00:00:23.200,0.301608,0.122581,7.602782,0.09513,-0.223878,-0.043205
2024-01-01 00:00:23.210,0.534545,-0.657917,8.356302,0.172675,-0.094637,0.207459
2024-01-01 00:00:23.220,0.314147,0.595225,11.794779,0.035672,0.35266,-0.07678
2024-01-01 00:00:23.230,1.14912,0.115456,11.612289,0.400925,-0.051463,0.231916
2024-01-01 00:00:23.240,-0.00384,0.108918,9.882236,0.114909,-0.563025,0.212212
2024-01-01 00:00:23.250,0.458924,-0.005041,11.635899,0.228402,-0.040594,-0.009829
2024-01-01 00:00:23.260,-0.74918,-0.284249,9.634238,0.033391,0.026988,-0.085281
2024-01-01 00:00:23.270,-0.265647,0.119573,9.542735,0.168916,-0.523423,-0.043104
2024-01-01 00:00:23.280,0.477313,0.261098,9.872049,-0.199195,0.266787,0.399692
2024-01-01 00:00:23.290,0.582696,-0.959046,9.672836,-0.1146,-0.142742,0.281164
2024-01-01 00:00:23.300,-0.201735,-0.29578,9.573714,0.087341,0.065713,0.018809
2024-01-01 00:00:23.310,-0.049135,-0.139966,11.065451,0.085525,-0.045196,-0.091223
2024-01-01 00:00:23.320,-1.041641,0.140638,9.974849,0.126903,-0.25767,0.017556
2024-01-01 00:00:23.330,-0.245011,0.655128,10.592305,0.275098,-0.214102,0.036574
2024-01-01 00:00:23.340,0.611025,-0.423686,10.942456,-0.356243,-0.187017,-0.186504
2024-01-01 00:00:23.350,0.394734,-0.273381,10.236228,-0.243613,0.217134,0.012006
2024-01-01 00:00:23.360,0.343582,-0.281381,8.744642,0.057393,-0.029508,0.198361
2024-01-01 00:00:23.370,0.034157,-0.440039,8.324553,-0.181091,-0.104373,-0.269904
2024-01-01 00:00:23.380,0.004847,-0.190605,9.973361,0.844442,-0.186922,0.123988
2024-01-01 00:00:23.390,-0.453145,0.42317,9.621961,0.12893,0.23923,0.20622
2024-01-01 00:00:23.400,0.479571,-0.578556,9.905956,-0.019583,0.29284,-0.084084
2024-01-01 00:00:23.410,0.288893,0.23487,9.792373,-0.128867,0.236949,0.254126
2024-01-01 00:00:23.420,0.337648,-0.934344,12.646764,-0.120041,0.098487,-0.103551
2024-01-01 00:00:23.430,-0.360991,-0.308175,8.349412,0.007535,0.057966,0.066162
2024-01-01 00:00:23.440,-1.477732,-0.18089,7.625039,0.027995,-0.243188,-0.046016
2024-01-01 00:00:23.450,0.752921,0.919498,10.17495,-0.114175,-0.049164,-0.046049
2024-01-01 00:00:23.460,-0.328602,-0.150866,9.396688,-0.068288,-0.136772,-0.092595
2024-01-01 00:00:23.470,-0.59208,-1.208483,10.157043,0.336071,-0.365102,0.104786
2024-01-01 00:00:23.480,0.4759,-1.09739,10.451104,0.346126,0.211409,0.127321
2024-01-01 00:00:23.490,-0.269019,0.018682,11.219947,0.063008,-0.139166,-0.009663
2024-01-01 00:00:23.500,0.727381,0.33696,8.155066,-0.335315,0.239188,-0.203995
2024-01-01 00:00:23.510,0.42342,0.206125,9.198724,0.134626,0.176349,0.060476
2024-01-01 00:00:23.520,0.469099,0.091996,10.28078,0.388571,0.111344,0.063302
2024-01-01 00:00:23.530,-0.937387,0.638081,10.655969,0.342445,0.122577,-0.032507
2024-01-01 00:00:23.540,0.831697,-0.296236,12.218408,0.183606,-0.123063,0.280085
2024-01-01 00:00:23.550,0.179283,0.491306,10.859363,0.355606,0.37157,-0.234589
2024-01-01 00:00:23.560,-0.253416,-0.895976,9.747646,0.013346,0.008625,-0.332593
2024-01-01 00:00:23.570,0.0984,-0.496816,8.832302,0.157026,0.060386,-0.109625
2024-01-01 00:00:23.580,-1.218941,-0.992066,9.19041,-0.170194,-0.129815,0.106564
2024-01-01 00:00:23.590,0.280438,-0.15089,9.159212,0.073066,-0.186233,-0.158377
2024-01-01 00:00:23.600,-0.706406,-0.025397,10.529447,0.332384,0.095459,-0.147146
2024-01-01 00:00:23.610,-0.92827,0.062642,10.092183,-0.147356,0.043503,0.142653
2024-01-01 00:00:23.620,-1.044719,0.033974,8.356633,-0.215361,-0.15787,0.069382
2024-01-01 00:00:23.630,0.763582,-0.509227,9.33138,0.024372,-0.287685,0.056559
2024-01-01 00:00:23.640,-0.431832,-0.104442,10.773547,-0.056666,-0.253985,0.117214
2024-01-01 00:00:23.650,1.052521,-0.822098,10.196125,0.162287,0.239227,-0.063779
2024-01-01 00:00:23.660,-0.367694,0.748413,10.434372,-0.113315,-0.122651,-0.056848
2024-01-01 00:00:23.670,-1.171674,-0.166691,10.230448,0.42961,-0.067782,0.121467
2024-01-01 00:00:23.680,-0.766215,-0.268398,11.595821,-0.322419,0.290068,-0.201733
2024-01-01 00:00:23.690,0.848076,0.872328,10.069175,0.313434,-0.22443,-0.321408
2024-01-01 00:00:23.700,-0.106985,-0.681993,9.386147,-0.191212,-0.145399,-0.064993
2024-01-01 00:00:23.710,-0.376262,-0.617947,8.804501,-0.448996,-0.153753,0.139631
2024-01-01 00:00:23.720,0.109813,-0.601825,10.084071,0.059469,0.323614,0.038334
2024-01-01 00:00:23.730,0.344348,-0.037261,7.130107,-0.063652,0.398677,0.128594
2024-01-01 00:00:23.740,0.766815,0.236966,9.607651,-0.277402,0.150313,-0.302444
2024-01-01 00:00:23.750,0.994033,0.406082,9.583988,-0.420344,0.156677,0.047325
2024-01-01 00:00:23.760,-0.246891,1.412025,8.311811,-0.00209,-0.116071,0.09808
2024-01-01 00:00:23.770,-0.91,-1.234938,8.790764,0.243959,0.389466,-0.20262
2024-01-01 00:00:23.780,-0.28374,0.334196,10.699004,0.146238,0.053539,0.129309
2024-01-01 00:00:23.790,0.178617,-0.305865,10.063322,0.014177,0.170622,-0.016728
2024-01-01 00:00:23.800,-0.66138,-0.321942,9.921764,0.119712,-0.021105,0.460701
2024-01-01 00:00:23.810,-0.656845,-0.340255,10.14637,-0.006804,-0.053607,-0.326585
2024-01-01 00:00:23.820,0.235924,-0.498915,9.911705,-0.357431,0.332608,0.205367
2024-01-01 00:00:23.830,-0.033388,0.924804,11.174663,-0.355223,0.107945,-0.059124
2024-01-01 00:00:23.840,0.022507,0.462421,9.945525,-0.050792,0.290275,-0.242573
2024-01-01 00:00:23.850,-0.520517,0.012735,8.208882,-0.040163,0.051066,-0.079043
2024-01-01 00:00:23.860,-0.158112,0.741708,11.599883,0.212746,-0.169673,0.041622
2024-01-01 00:00:23.870,-0.634255,-0.830378,10.216634,0.189326,-0.116669,0.15562
2024-01-01 00:00:23.880,0.610899,-0.730557,9.162999,0.151283,0.020593,0.258295
2024-01-01 00:00:23.890,0.71044,-1.195704,8.433765,-0.070071,-0.1253,0.213284
2024-01-01 00:00:23.900,-1.266946,-0.383979,10.244714,-0.345163,-0.221492,-0.144807
2024-01-01 00:00:23.910,-0.637877,0.088772,9.681345,0.103018,0.240283,0.169525
2024-01-01 00:00:23.920,-1.026993,0.056469,11.538413,0.131292,-0.108974,0.058693
2024-01-01 00:00:23.930,-0.446079,0.081989,9.430194,-0.597133,0.027639,-0.09819
2024-01-01 00:00:23.940,-0.057259,-0.77467,8.890556,-0.208585,0.059227,-0.031787
2024-01-01 00:00:23.950,-0.994819,0.440932,10.793584,-0.172764,-0.117631,-0.106476
2024-01-01 00:00:23.960,-0.632626,0.131556,10.82596,0.029588,0.29016,0.005564
2024-01-01 00:00:23.970,-0.688966,0.402447,9.995179,-0.20084,-0.223428,-0.109449
2024-01-01 00:00:23.980,0.142237,-1.039126,10.55264,-0.009534,0.052325,-0.154199
2024-01-01 00:00:23.990,0.047588,0.171008,9.76862,-0.052634,0.049224,0.071868
2024-01-01 00:00:24.000,-0.495292,-0.652083,10.066784,-0.039787,-0.010851,0.09431
2024-01-01 00:00:24.010,0.121343,-0.21813,11.08916,-0.179099,-0.259383,-0.02814
2024-01-01 00:00:24.020,-0.375159,0.293366,10.4966,-0.159746,0.174164,0.205148
2024-01-01 00:00:24.030,-0.186423,0.05001,9.624137,-0.270067,0.148702,-0.039065
2024-01-01 00:00:24.040,1.148406,-0.467495,11.294894,0.095017,-0.135114,-0.045416
2024-01-01 00:00:24.050,0.919891,0.003444,7.213389,0.142776,0.141497,0.099073
2024-01-01 00:00:24.060,-0.891838,-0.840813,12.063176,-0.192654,0.074982,-0.019864
2024-01-01 00:00:24.070,0.569404,0.631497,7.936857,0.38016,-0.256122,0.01272
2024-01-01 00:00:24.080,0.556821,-0.112701,9.121452,-0.07865,-0.170786,-0.378066
2024-01-01 00:00:24.090,-0.787996,0.614084,9.765073,0.382546,0.227656,0.002506
2024-01-01 00:00:24.100,0.561886,-0.289066,9.649164,-0.160532,0.061883,-0.274079
2024-01-01 00:00:24.110,1.055406,-0.287443,10.915039,-0.506644,-0.112861,-0.183143
2024-01-01 00:00:24.120,-0.770346,-0.419539,8.648495,0.100549,-0.171695,-0.200298
2024-01-01 00:00:24.130,-0.629636,0.481019,10.096322,0.062136,-0.103079,-0.156387
2024-01-01 00:00:24.140,0.69837,-0.389478,9.175123,0.008598,-0.088896,-0.082328
2024-01-01 00:00:24.150,0.186314,0.353883,10.134065,-0.160558,-0.169193,-0.072974
2024-01-01 00:00:24.160,0.378451,-0.209966,9.73888,-0.008643,-0.348353,0.099641
2024-01-01 00:00:24.170,2.673729,-1.084804,16.622043,-0.127815,0.228003,0.033358
2024-01-01 00:00:24.180,2.708115,-0.313102,15.916183,-0.075587,0.194127,-0.285161
2024-01-01 00:00:24.190,1.529709,-0.64733,15.95995,0.210408,-0.254651,0.012494
2024-01-01 00:00:24.200,3.158722,0.018613,16.835425,0.046054,0.027262,0.047738
2024-01-01 00:00:24.210,3.242631,-0.653534,17.5562,0.152488,-0.180448,-0.049285
2024-01-01 00:00:24.220,-0.157419,0.50836,9.153089,-0.057967,-0.052313,-0.009133
2024-01-01 00:00:24.230,-0.029836,-0.050001,8.856093,-0.085504,-0.068953,0.028547
2024-01-01 00:00:24.240,-1.050723,-0.0975,10.483579,-0.288371,-0.085567,0.11469
2024-01-01 00:00:24.250,0.352907,0.360085,9.774311,-0.092509,0.400589,-0.236232
2024-01-01 00:00:24.260,0.392574,0.529185,10.721887,-0.830279,-0.088065,-0.036648
2024-01-01 00:00:24.270,-0.042679,-0.011034,8.815435,-0.147555,-0.161653,0.22625
2024-01-01 00:00:24.280,0.771587,-0.423389,7.856176,-0.020469,-0.152516,0.212499
2024-01-01 00:00:24.290,-0.22926,-0.973909,9.224762,0.140918,0.208755,0.127641
2024-01-01 00:00:24.300,0.387461,-0.376641,8.968545,-0.067169,-0.33042,0.080524
2024-01-01 00:00:24.310,-0.699745,-0.33885,9.72349,0.086918,-0.152525,0.248195
2024-01-01 00:00:24.320,-0.016163,0.058775,9.110744,-0.544947,0.289365,0.287677
2024-01-01 00:00:24.330,-0.119651,-0.189486,10.623637,-0.014209,0.048797,-0.019362
2024-01-01 00:00:24.340,0.154618,0.377675,9.493611,-0.419876,0.038384,-0.145415
2024-01-01 00:00:24.350,-0.253588,-0.336528,9.975221,-0.302076,0.426429,-0.040544
2024-01-01 00:00:24.360,-0.090223,-0.031316,9.983083,-0.046791,0.04927,0.464504
2024-01-01 00:00:24.370,0.566875,0.650009,10.024061,0.319066,-0.141637,-0.235403
2024-01-01 00:00:24.380,-0.299729,0.187662,9.783506,0.092802,-0.056415,-0.070581
2024-01-01 00:00:24.390,-1.102514,-0.032961,10.37064,0.004558,-0.227086,-0.211904
2024-01-01 00:00:24.400,1.200652,-0.330467,8.936371,-0.004883,0.251187,0.018715
2024-01-01 00:00:24.410,0.948023,-0.347644,11.346561,-0.178407,0.114912,-0.180404
2024-01-01 00:00:24.420,-0.886815,-0.466987,9.550282,-0.135996,0.224883,-0.016313
2024-01-01 00:00:24.430,0.473312,-0.297013,8.369919,0.106844,0.242597,-0.292514
2024-01-01 00:00:24.440,-0.345166,0.414861,10.016505,-0.34634,-0.082842,0.092643
2024-01-01 00:00:24.450,0.180818,-0.121817,8.875404,0.148264,-0.188951,0.183352
2024-01-01 00:00:24.460,0.201911,-0.741025,10.540537,-0.097127,-0.010343,-0.057592
2024-01-01 00:00:24.470,-0.160862,0.970725,12.236147,0.206389,-0.174552,-0.02027
2024-01-01 00:00:24.480,1.902141,0.175661,15.656344,0.240273,0.032991,-0.024511
2024-01-01 00:00:24.490,1.966116,-0.772412,16.884945,-0.418271,0.226419,0.027137
2024-01-01 00:00:24.500,1.811263,-0.242575,14.592455,-0.145395,-0.033628,-0.005725
2024-01-01 00:00:24.510,1.869162,0.060877,17.018388,-0.213882,0.029999,0.115218
2024-01-01 00:00:24.520,2.393899,0.935821,15.547486,-0.453182,-0.018769,0.184956
2024-01-01 00:00:24.530,-0.49119,-0.608354,9.123932,-0.258133,0.160546,-0.122111
2024-01-01 00:00:24.540,0.468058,0.535846,8.600787,0.610314,-0.133556,-0.046399
2024-01-01 00:00:24.550,1.020623,0.768318,10.613902,0.152377,-0.439289,0.135243
2024-01-01 00:00:24.560,-0.398062,-0.345131,10.91602,0.479322,0.094174,-0.21325
2024-01-01 00:00:24.570,0.164291,-0.152355,9.835677,0.207275,0.197567,-0.295608
2024-01-01 00:00:24.580,0.342909,-0.568934,8.860859,-0.185461,0.089275,0.033947
2024-01-01 00:00:24.590,0.323912,-0.1117,11.555296,-0.095443,-0.128046,0.074452
2024-01-01 00:00:24.600,0.052124,-0.020088,8.98605,0.147109,-0.227002,-0.108345
2024-01-01 00:00:24.610,0.509666,0.362148,7.436089,0.109377,0.0989,-0.086798
2024-01-01 00:00:24.620,0.330943,0.598511,10.313311,-0.144336,0.028296,-0.114029
2024-01-01 00:00:24.630,-0.849346,-0.410705,8.596957,-0.377498,-0.025159,-0.130039
2024-01-01 00:00:24.640,0.596458,-1.080061,10.895492,0.82194,0.364493,0.104024
2024-01-01 00:00:24.650,0.608903,-0.011663,9.391511,-0.035287,-0.18936,-0.177075
2024-01-01 00:00:24.660,-0.523805,0.161152,10.472877,-0.081435,0.355007,-0.039828
2024-01-01 00:00:24.670,0.026035,0.13693,11.348847,0.028334,0.006357,-0.1358
2024-01-01 00:00:24.680,0.468935,-0.179344,8.482673,-0.060682,-0.367114,-0.218293
2024-01-01 00:00:24.690,-0.143642,0.068489,9.188601,0.030682,-0.035841,0.130527
2024-01-01 00:00:24.700,0.736331,0.831979,9.726913,0.321737,0.191899,-0.077974
2024-01-01 00:00:24.710,1.622207,0.209572,11.498231,-0.031137,-0.073011,0.028266
2024-01-01 00:00:24.720,-0.539383,-0.204979,9.087096,-0.290678,-0.294956,-0.226211
2024-01-01 00:00:24.730,-0.947742,-0.274609,9.157235,-0.040411,-0.032903,-0.111291
2024-01-01 00:00:24.740,0.208496,-0.093249,10.334998,-0.1161,-0.171434,0.113413
2024-01-01 00:00:24.750,0.495172,0.89857,9.176203,0.355975,0.098363,0.388091
2024-01-01 00:00:24.760,-0.158432,-0.100632,9.977473,0.29278,0.15468,-0.296432
2024-01-01 00:00:24.770,0.9973,-0.010867,8.106412,0.026881,-0.211254,-0.030166
2024-01-01 00:00:24.780,-0.918618,-0.26479,12.241334,-0.319684,-0.141161,0.061842
2024-01-01 00:00:24.790,0.475515,0.603342,8.330215,-0.306473,0.151328,-0.092415
2024-01-01 00:00:24.800,-0.415772,1.075951,9.456716,0.003781,-0.171769,0.127428
2024-01-01 00:00:24.810,1.179923,0.247387,9.774336,0.084081,-0.216432,-0.13001
2024-01-01 00:00:24.820,1.367364,0.045442,11.910132,-0.093656,-0.235738,0.023077
2024-01-01 00:00:24.830,-0.526118,0.020194,8.355319,-0.120042,0.070408,-0.078311
2024-01-01 00:00:24.840,-0.377134,-1.308984,11.988107,-0.1482,0.061832,0.182915
2024-01-01 00:00:24.850,0.589892,0.409088,10.64138,-0.005848,-0.136809,-0.101455
2024-01-01 00:00:24.860,-0.265668,0.073657,10.267971,-0.595691,0.001017,-0.052781
2024-01-01 00:00:24.870,-0.031163,0.23516,8.728872,-0.275332,0.305426,0.141853
2024-01-01 00:00:24.880,0.017423,-0.390593,10.437113,-0.156763,-0.194812,-0.154206
2024-01-01 00:00:24.890,-1.317376,-0.211067,9.015612,0.301876,-0.390349,0.010313
2024-01-01 00:00:24.900,-0.009496,-0.225653,11.200794,-0.203453,0.091015,-0.27338
2024-01-01 00:00:24.910,-0.473326,0.560871,8.743774,0.045117,-0.02208,-0.16319
2024-01-01 00:00:24.920,-0.338406,-0.207939,9.685752,0.056636,-0.142005,0.05732
2024-01-01 00:00:24.930,0.990692,1.143381,9.20031,0.324479,0.130416,-0.148605
2024-01-01 00:00:24.940,-0.862278,0.236543,8.7257,0.315644,0.167845,-0.081686
2024-01-01 00:00:24.950,0.558062,-0.70035,10.623969,-0.014376,-0.441656,0.073963
2024-01-01 00:00:24.960,-0.191438,-0.070572,10.397934,-0.118871,-0.13052,-0.086878
2024-01-01 00:00:24.970,-0.191985,-0.35777,11.137493,-0.165958,0.463503,0.123426
2024-01-01 00:00:24.980,0.542393,-1.204716,7.855697,-0.060266,0.116681,0.032349
2024-01-01 00:00:24.990,0.23336,0.87811,10.978459,-0.108508,0.135221,0.065352
2024-01-01 00:00:25.000,0.391583,0.386025,12.560983,0.138407,0.234579,0.186145
2024-01-01 00:00:25.010,0.664417,0.292731,9.314098,0.105077,0.003414,0.047973
2024-01-01 00:00:25.020,-0.22736,0.090807,11.890873,0.14795,0.159337,0.230827
2024-01-01 00:00:25.030,-0.420147,-0.758728,9.521049,0.314821,0.143612,0.136689
2024-01-01 00:00:25.040,-0.744685,-0.265506,8.303094,0.465717,0.107808,-0.078518
2024-01-01 00:00:25.050,-0.566438,0.462138,9.474416,0.031166,-0.064402,0.193972
2024-01-01 00:00:25.060,2.023816,-0.57712,10.960928,0.274866,0.034412,0.03958
2024-01-01 00:00:25.070,0.854161,-1.389941,8.889682,-0.087915,-0.117672,-0.059202
2024-01-01 00:00:25.080,-0.927175,-0.124681,9.150828,0.296252,0.002563,0.041758
2024-01-01 00:00:25.090,-0.907537,-0.077825,10.461706,0.265377,-0.233698,0.166849
2024-01-01 00:00:25.100,0.330681,0.074424,9.81336,0.252104,-0.158125,0.068257
2024-01-01 00:00:25.110,0.37556,0.399957,10.451916,0.023517,-0.056462,0.273359
2024-01-01 00:00:25.120,0.376672,0.350046,10.071137,-0.16709,-0.188741,0.16298
2024-01-01 00:00:25.130,-0.174963,0.142065,10.336629,-0.348632,-0.101003,0.078474
2024-01-01 00:00:25.140,-0.086093,0.656347,9.335333,-0.010009,-0.032785,-0.15391
2024-01-01 00:00:25.150,0.225007,-0.833914,10.064441,0.383253,0.080452,-0.02696
2024-01-01 00:00:25.160,0.058944,0.277015,8.791744,-0.077461,0.189851,0.01075
2024-01-01 00:00:25.170,-1.522995,0.34397,11.2247,0.196282,-0.092757,0.104495
2024-01-01 00:00:25.180,-0.1577,-0.68052,9.113566,0.210988,0.267021,0.0956
2024-01-01 00:00:25.190,-0.584278,-0.825076,11.049475,-0.070922,0.187722,0.025431
2024-01-01 00:00:25.200,0.120239,-0.409522,9.5535,0.329086,0.100819,0.018052
2024-01-01 00:00:25.210,2.048634,-0.363186,10.031795,-0.727165,0.03073,0.108069
2024-01-01 00:00:25.220,0.252184,0.413627,9.266529,-0.305688,0.063824,-0.128788
2024-01-01 00:00:25.230,-0.21516,-0.337382,8.694437,-0.228908,0.23741,0.254327
2024-01-01 00:00:25.240,0.632586,-0.470135,7.894253,-0.204929,0.244716,-0.307075
2024-01-01 00:00:25.250,0.331245,-0.335787,8.651254,0.084066,0.266989,0.218311
2024-01-01 00:00:25.260,0.28829,0.614129,9.454348,0.072509,0.008265,-0.006778
2024-01-01 00:00:25.270,0.416451,0.007161,10.042643,0.098498,0.110993,0.150387
2024-01-01 00:00:25.280,1.411303,-0.098409,10.919396,0.14902,0.268709,0.054576
2024-01-01 00:00:25.290,-0.776072,-0.060393,9.320558,-0.237526,-0.124743,0.051905
2024-01-01 00:00:25.300,0.32503,0.709341,8.841607,-0.304544,-0.063683,0.083138
2024-01-01 00:00:25.310,-0.635729,-0.411295,8.225899,0.09908,0.003207,0.121358
2024-01-01 00:00:25.320,0.381221,0.722214,10.33711,-0.157558,0.17992,-0.049325
2024-01-01 00:00:25.330,-0.630449,0.115562,11.328748,-0.392619,0.183034,0.15522
2024-01-01 00:00:25.340,-0.286418,-0.08807,11.200431,0.242836,-0.046173,-0.162671
2024-01-01 00:00:25.350,-0.202505,1.372994,10.589506,0.348775,-0.301722,-0.0008
2024-01-01 00:00:25.360,0.669654,-0.579546,10.511121,0.38929,0.049237,0.125395
2024-01-01 00:00:25.370,0.630289,-0.194173,11.673991,0.046752,-0.183663,0.149253
2024-01-01 00:00:25.380,-0.854874,-0.676605,10.174625,0.156483,-0.297987,0.069118
2024-01-01 00:00:25.390,0.037699,0.522902,10.51945,0.342467,-0.252774,-0.059009
2024-01-01 00:00:25.400,-0.486949,0.927365,9.457779,-0.160354,0.065276,0.134506
2024-01-01 00:00:25.410,-0.863649,0.916788,8.314476,0.277669,0.272207,-0.100405
2024-01-01 00:00:25.420,-0.148928,0.671948,9.059134,0.068849,0.007779,0.262711
2024-01-01 00:00:25.430,-0.211696,-0.108494,9.799943,0.228428,0.042276,-0.012701
2024-01-01 00:00:25.440,1.665334,-0.200517,9.876742,0.046523,0.236579,-0.230944
2024-01-01 00:00:25.450,0.297119,-0.917472,11.925062,0.324064,-0.308891,-0.179203
2024-01-01 00:00:25.460,-0.94539,1.117695,9.899242,0.055881,0.104035,0.006547
2024-01-01 00:00:25.470,-0.387576,0.257469,11.10437,-0.370995,-0.002318,0.020974
2024-01-01 00:00:25.480,0.700924,-0.270084,9.332285,0.362982,0.113211,0.295449
2024-01-01 00:00:25.490,1.433194,0.729103,9.46778,-0.236883,-0.096697,-0.155775
2024-01-01 00:00:25.500,-1.088381,-0.534048,8.35075,0.313265,-0.163587,0.005919
2024-01-01 00:00:25.510,-1.290098,0.223235,8.994924,-0.022561,0.028102,-0.158913
2024-01-01 00:00:25.520,1.28395,-0.094773,10.388626,0.294003,0.329838,-0.073898
2024-01-01 00:00:25.530,0.267373,0.350634,9.818301,0.283692,0.172182,0.252596
2024-01-01 00:00:25.540,-0.595866,-0.034902,10.845347,0.107536,-0.101539,-0.17045
2024-01-01 00:00:25.550,0.366889,-0.796559,10.009017,0.127134,-0.268194,0.088056
2024-01-01 00:00:25.560,-1.808782,0.041491,9.423006,0.105657,-0.336413,0.058936
2024-01-01 00:00:25.570,0.002316,0.575826,12.16883,-0.503456,0.26322,-0.003626
2024-01-01 00:00:25.580,0.224967,-0.01604,9.706894,0.029583,-0.191016,0.077915
2024-01-01 00:00:25.590,0.63428,0.425538,11.086975,-0.279016,-0.065103,-0.174003
2024-01-01 00:00:25.600,-0.695786,-0.573996,9.369472,0.042797,0.264242,0.248448
2024-01-01 00:00:25.610,0.058803,-0.014417,10.58914,-0.285736,-0.32278,0.288727
2024-01-01 00:00:25.620,-0.635073,-0.342856,10.828961,-0.296238,0.298453,0.007066
2024-01-01 00:00:25.630,0.175257,0.410092,10.038924,0.401234,-0.050728,0.363466
2024-01-01 00:00:25.640,-0.614431,0.017289,7.224778,0.267362,-0.229717,-0.059854
2024-01-01 00:00:25.650,-0.280059,0.37885,9.830041,-0.001036,-0.04947,0.060065
2024-01-01 00:00:25.660,-0.683378,0.597153,11.161045,0.046192,-0.144519,0.214783
2024-01-01 00:00:25.670,0.446842,0.379699,10.389174,-0.061979,0.088164,-0.068851
2024-01-01 00:00:25.680,0.589112,0.149942,10.299531,0.142469,-0.129626,-0.207232
2024-01-01 00:00:25.690,-0.161008,-0.548019,7.918962,-0.169014,-0.382328,-0.241758
2024-01-01 00:00:25.700,0.026241,-0.00153,9.01894,0.248435,-0.044113,0.309124
2024-01-01 00:00:25.710,-0.994096,-0.292667,10.261671,-0.063272,-0.271309,-0.079354
2024-01-01 00:00:25.720,-0.205653,-0.188891,10.260601,-0.104962,0.040864,-0.027861
2024-01-01 00:00:25.730,-0.034453,-0.205619,11.143704,0.005428,-0.237426,-0.166915
2024-01-01 00:00:25.740,1.798519,-0.537979,9.650936,-0.147787,-0.097603,0.142251
2024-01-01 00:00:25.750,-0.763087,-1.074579,10.255595,0.082171,0.036518,-0.117234
2024-01-01 00:00:25.760,1.004792,-0.366811,9.827979,-0.134341,-0.042492,-0.073689
2024-01-01 00:00:25.770,0.684094,0.106165,8.726337,0.117131,0.050086,0.044928
2024-01-01 00:00:25.780,0.192587,-0.740149,7.333141,0.304002,0.136057,-0.159607
2024-01-01 00:00:25.790,1.206853,0.00861,10.283249,-0.17983,-0.231587,-0.026787
2024-01-01 00:00:25.800,0.255357,1.043247,10.000994,-0.032644,-0.01288,0.210331
2024-01-01 00:00:25.810,0.26706,0.561658,9.131244,0.115333,-0.665901,0.064238
2024-01-01 00:00:25.820,-0.036454,0.902304,8.032148,-0.108964,0.049467,0.019581
2024-01-01 00:00:25.830,0.839674,0.214729,10.501454,0.11608,-0.060163,0.03223
2024-01-01 00:00:25.840,0.752452,0.640963,9.51802,0.13885,-0.19669,-0.05837
2024-01-01 00:00:25.850,-0.429371,-0.397457,10.421448,0.270815,0.063144,0.299423
2024-01-01 00:00:25.860,-0.905333,-0.353743,11.856725,-0.151498,0.23454,-0.121824
2024-01-01 00:00:25.870,-0.139295,-1.503788,7.458709,-0.235694,-0.095204,0.031639
2024-01-01 00:00:25.880,-0.549026,0.651194,9.041838,-0.076894,-0.188963,0.017254
2024-01-01 00:00:25.890,-0.043594,0.845638,9.580106,-0.241938,0.033005,0.151314
2024-01-01 00:00:25.900,0.849192,-0.303694,11.407399,0.141125,-0.267121,0.165476
2024-01-01 00:00:25.910,-0.313823,-0.139419,8.013229,-0.290438,-0.132076,-0.004803
2024-01-01 00:00:25.920,-0.029388,-0.41387,11.935575,0.583254,0.24448,0.0436
2024-01-01 00:00:25.930,0.039818,0.210077,9.95917,0.323982,0.012436,0.04928
2024-01-01 00:00:25.940,0.582236,0.617588,9.704591,0.003144,-0.375893,-0.340821
2024-01-01 00:00:25.950,-1.541928,-0.956782,9.59253,0.216849,-0.359398,-0.238348
2024-01-01 00:00:25.960,-0.416348,0.224782,9.330983,-0.4092,0.032417,-0.09076
2024-01-01 00:00:25.970,0.144993,-0.151893,10.960832,0.630843,0.172478,-0.08424
2024-01-01 00:00:25.980,0.823554,0.062254,8.636764,-0.147554,-0.323524,-0.179892
2024-01-01 00:00:25.990,-0.337568,0.251988,10.189265,-0.030124,0.089943,0.112437
2024-01-01 00:00:26.000,-1.287784,-0.103323,9.388169,-0.463983,0.266069,0.000318
2024-01-01 00:00:26.010,2.865277,-0.056869,15.683177,0.121572,0.377572,-0.032204
2024-01-01 00:00:26.020,2.003983,-0.117417,19.359401,-0.276586,0.066245,-0.188423
2024-01-01 00:00:26.030,1.623591,0.532704,16.980118,0.025414,0.101361,-0.006682
2024-01-01 00:00:26.040,2.011543,0.229899,17.193366,-0.136069,-0.426637,-0.394003
2024-01-01 00:00:26.050,2.313369,0.1211,17.769279,-0.269436,0.419951,-0.024443
2024-01-01 00:00:26.060,-0.415006,-0.697752,8.249358,-0.20109,-0.115098,0.009478
2024-01-01 00:00:26.070,-1.51357,-0.20784,11.734017,0.056447,-0.186694,0.036287
2024-01-01 00:00:26.080,0.615612,0.493369,7.055165,-0.320373,-0.051041,-0.234615
2024-01-01 00:00:26.090,0.874883,0.020695,8.965894,-0.187203,0.302335,0.033723
2024-01-01 00:00:26.100,0.447107,0.362083,9.305983,0.165818,0.441609,-0.156215
2024-01-01 00:00:26.110,-0.780737,0.969815,10.448732,0.65062,0.025082,-0.12187
2024-01-01 00:00:26.120,-0.138274,0.570195,10.050153,0.119397,0.199617,0.10769
2024-01-01 00:00:26.130,-0.004475,0.051144,9.626837,-0.229315,0.008641,0.302117
2024-01-01 00:00:26.140,0.410923,-0.280533,9.796827,-0.091779,-0.207559,0.007704
2024-01-01 00:00:26.150,0.458649,-1.401899,8.736131,0.007897,0.295349,-0.122564
2024-01-01 00:00:26.160,-0.503827,-0.092443,8.166039,-0.087356,-0.124425,0.028301
2024-01-01 00:00:26.170,0.056269,-0.178981,10.60771,0.225765,0.307106,0.140854
2024-01-01 00:00:26.180,0.313809,0.214311,10.571689,0.054368,0.259708,0.09315
2024-01-01 00:00:26.190,0.999058,-0.084494,11.549775,0.226963,0.122807,0.411467
2024-01-01 00:00:26.200,0.483468,-0.175891,8.942561,-0.078611,0.365795,-0.107301
2024-01-01 00:00:26.210,0.54149,-0.97689,10.570711,0.331375,0.446469,0.037835
2024-01-01 00:00:26.220,0.057526,-0.516042,9.49849,-0.041621,-0.035049,0.232338
2024-01-01 00:00:26.230,0.967928,0.261681,11.117142,-0.242797,-0.161759,0.222924
2024-01-01 00:00:26.240,0.2812,0.942033,10.932115,0.54433,-0.372854,-0.292512
2024-01-01 00:00:26.250,-0.590922,-0.053541,10.041908,-0.456244,0.448936,-0.000504
2024-01-01 00:00:26.260,0.963063,0.179968,9.437196,-0.184685,-0.087936,0.222678
2024-01-01 00:00:26.270,0.478936,0.522911,10.865104,-0.156757,0.227007,0.433596
2024-01-01 00:00:26.280,-0.304039,-0.445181,10.520301,0.627077,-0.148251,0.105569
2024-01-01 00:00:26.290,-0.329052,0.201381,9.058484,0.451715,0.307653,-0.055179
2024-01-01 00:00:26.300,0.203525,-0.406529,8.352077,0.373482,-0.140024,-0.15138
2024-01-01 00:00:26.310,0.317861,0.474789,9.493191,-0.082665,-0.238344,0.332812
2024-01-01 00:00:26.320,2.575392,0.08312,18.183924,0.606545,-0.041701,0.109311
2024-01-01 00:00:26.330,2.653636,0.16385,17.778843,0.092088,-0.106355,-0.12721
2024-01-01 00:00:26.340,3.606596,-0.429647,15.298664,0.244316,0.11926,-0.030473
2024-01-01 00:00:26.350,3.175346,0.388161,15.237802,0.044924,-0.010279,0.046528
2024-01-01 00:00:26.360,2.570824,1.144507,17.919603,-0.012367,0.12554,0.081571
2024-01-01 00:00:26.370,0.645974,-0.553344,8.563072,-0.062945,-0.058204,-0.134943
2024-01-01 00:00:26.380,-0.70857,-0.186528,10.369206,-0.05241,-0.133021,-0.092129
2024-01-01 00:00:26.390,0.273077,0.127153,9.133554,0.152123,-0.116712,-0.24794
2024-01-01 00:00:26.400,1.241636,0.431737,11.585515,0.0918,0.408988,0.155964
2024-01-01 00:00:26.410,-0.149634,-0.307191,8.964074,-0.007868,0.045034,-0.051243
2024-01-01 00:00:26.420,-0.581689,-1.555334,11.065411,0.377381,-0.396752,0.069948
2024-01-01 00:00:26.430,-0.447496,0.746195,10.012975,-0.741688,-0.104042,0.213339
2024-01-01 00:00:26.440,-0.747761,0.417518,10.08691,0.127472,0.019373,0.032981
2024-01-01 00:00:26.450,-0.538543,-0.956878,7.646601,0.179435,0.36908,-0.016946
2024-01-01 00:00:26.460,-0.254261,-0.333555,7.391201,0.286741,0.20574,0.029088
2024-01-01 00:00:26.470,-0.96457,0.860932,9.567819,-0.016218,-0.184344,0.009479
2024-01-01 00:00:26.480,0.010718,0.79484,10.081103,0.05198,0.483671,0.186925
2024-01-01 00:00:26.490,0.619188,0.515313,8.574533,0.246487,-0.006232,0.046626
2024-01-01 00:00:26.500,-0.622948,-0.096686,8.614615,0.372792,0.249266,-0.08166
2024-01-01 00:00:26.510,1.042609,0.04556,10.426497,-0.075134,-0.231002,0.157177
2024-01-01 00:00:26.520,0.350531,-0.071878,10.428014,0.066744,-0.479633,0.184573
2024-01-01 00:00:26.530,0.707236,0.619404,9.65876,0.419643,-0.281686,-0.20075
2024-01-01 00:00:26.540,-0.451439,-0.480837,10.666661,-0.531007,-0.650067,0.229918
2024-01-01 00:00:26.550,0.586418,-0.442384,8.520726,-0.172503,0.422418,0.054707
2024-01-01 00:00:26.560,-0.74934,0.554641,9.419183,0.366459,0.042907,0.04249
2024-01-01 00:00:26.570,0.610932,-0.024354,11.61937,0.273134,-0.184929,0.150994
2024-01-01 00:00:26.580,0.117925,0.756779,9.885018,0.130611,0.090525,-0.085046
2024-01-01 00:00:26.590,0.379669,-0.36866,9.948691,-0.112149,0.037867,0.143125
2024-01-01 00:00:26.600,-0.806752,-0.030073,12.341929,-0.220455,0.124187,-0.056516
2024-01-01 00:00:26.610,-0.614242,-0.506405,8.273522,-0.147804,0.241906,-0.221243
2024-01-01 00:00:26.620,0.409848,0.004042,10.684481,0.387002,-0.057984,-0.149663
2024-01-01 00:00:26.630,-0.650804,-0.811722,11.637057,-0.157111,-0.175968,0.085053
2024-01-01 00:00:26.640,0.317875,-0.267711,9.453306,0.025356,0.165555,-0.14182
2024-01-01 00:00:26.650,-0.938198,-0.788503,10.753875,-0.188427,0.160467,0.241511
2024-01-01 00:00:26.660,0.58206,0.380964,8.731743,0.210694,0.020147,0.178393
2024-01-01 00:00:26.670,-0.845819,0.393408,9.055968,-0.134682,0.435511,0.200016
2024-01-01 00:00:26.680,0.379016,-0.949914,10.232693,-0.024398,-0.087564,0.018717
2024-01-01 00:00:26.690,0.429339,0.732303,10.686826,-0.420846,-0.179972,0.038679
2024-01-01 00:00:26.700,-0.47816,1.371081,11.040788,-0.403342,0.083618,-0.179057
2024-01-01 00:00:26.710,0.399416,0.025258,11.533452,0.001918,-0.134988,0.149368
2024-01-01 00:00:26.720,0.178729,-0.351972,9.735944,-0.331289,0.099103,0.056975
2024-01-01 00:00:26.730,-0.36978,1.550557,11.120586,0.526272,-0.166602,0.085096
2024-01-01 00:00:26.740,-0.692121,-0.724114,9.434149,-0.515381,-0.080048,0.253247
2024-01-01 00:00:26.750,-1.346852,0.011038,10.800496,-0.200044,0.378168,-0.090894
2024-01-01 00:00:26.760,0.239947,0.098613,10.037823,0.004175,-0.081117,-0.018921
2024-01-01 00:00:26.770,-1.073846,0.738486,10.299354,-0.091283,-0.15977,0.049001
2024-01-01 00:00:26.780,0.06543,0.197497,10.275012,-0.276036,0.234136,-0.140315
2024-01-01 00:00:26.790,-0.180791,-0.27375,8.048034,-0.239482,-0.210208,-0.02814
2024-01-01 00:00:26.800,0.466062,-0.5222,8.575714,-0.247664,-0.138589,0.073942
2024-01-01 00:00:26.810,-0.207279,-0.18766,9.922591,-0.07168,0.115312,-0.048813
2024-01-01 00:00:26.820,-0.226084,-0.552803,7.957368,0.487982,0.187682,0.196348
2024-01-01 00:00:26.830,0.502246,0.026256,10.72267,0.019484,0.244095,-0.226639
2024-01-01 00:00:26.840,0.229934,-0.309744,10.766968,0.295725,-0.149444,0.168416
2024-01-01 00:00:26.850,0.216962,-0.820227,10.169233,0.126744,0.119202,0.099178
2024-01-01 00:00:26.860,0.322035,0.689075,8.578995,0.278466,-0.093222,-0.085324
2024-01-01 00:00:26.870,-1.053786,-0.273222,11.325393,-0.699991,-0.121131,-0.138661
2024-01-01 00:00:26.880,0.519346,-0.696207,12.046857,-0.076115,0.240643,-0.312042
2024-01-01 00:00:26.890,0.420307,-0.092374,9.97149,0.326784,-0.109911,-0.119276
2024-01-01 00:00:26.900,-0.697699,0.037536,10.370568,-0.142934,0.055641,0.157076
2024-01-01 00:00:26.910,-0.1675,-0.95881,10.031509,0.440618,0.031116,-0.008413
2024-01-01 00:00:26.920,-0.026975,0.182075,10.392345,0.370973,-0.214151,0.174447
2024-01-01 00:00:26.930,-0.092298,-0.57489,9.678724,-0.117283,0.193219,-0.092981
2024-01-01 00:00:26.940,0.229111,0.939355,9.772048,-0.125791,0.112056,0.106066
2024-01-01 00:00:26.950,0.982275,0.287654,10.804478,-0.253401,-0.397258,-0.107625
2024-01-01 00:00:26.960,0.742362,-0.219545,12.385495,-0.157399,0.055484,-0.144836
2024-01-01 00:00:26.970,-0.90051,-0.409097,8.272722,-0.308147,-0.154595,-0.016069
2024-01-01 00:00:26.980,0.426896,-0.057627,9.696014,0.107203,0.219415,-0.099745
2024-01-01 00:00:26.990,0.91198,0.336422,8.513854,-0.364012,-0.28908,-0.231423
2024-01-01 00:00:27.000,0.265447,-0.013996,11.558043,0.150933,-0.071295,-0.027347
2024-01-01 00:00:27.010,0.748685,-0.11922,9.164664,0.15702,0.072405,0.015965
2024-01-01 00:00:27.020,1.380921,0.032045,8.225366,-0.415301,0.010868,0.190254
2024-01-01 00:00:27.030,0.702521,-0.331519,10.510729,0.387455,0.152592,0.140521
2024-01-01 00:00:27.040,0.171088,-0.18842,11.725254,0.128402,-0.303684,0.182991
2024-01-01 00:00:27.050,0.717192,-1.1451,10.53863,0.187425,0.330383,0.108054
2024-01-01 00:00:27.060,0.099429,0.534576,10.034868,-0.189666,0.105029,0.049892
2024-01-01 00:00:27.070,0.016403,0.16404,10.259237,0.155595,0.271944,-0.184342
2024-01-01 00:00:27.080,-0.241158,-0.424627,11.363495,0.281598,0.174848,0.022481
2024-01-01 00:00:27.090,1.072892,1.042406,8.850129,-0.024652,-0.002322,0.089519
2024-01-01 00:00:27.100,-0.561647,0.047772,9.687192,0.500481,-0.25684,0.218616
2024-01-01 00:00:27.110,1.051587,-0.568843,9.312946,0.011016,-0.112711,0.102943
2024-01-01 00:00:27.120,0.343032,0.470349,8.527684,0.285196,0.317913,0.186058
2024-01-01 00:00:27.130,-0.960274,0.218528,9.449444,0.073252,0.277088,-0.1548
2024-01-01 00:00:27.140,0.252299,0.216624,11.026278,0.14638,-0.12392,-0.048963
2024-01-01 00:00:27.150,-1.441143,-0.23374,10.432129,-0.417833,-0.563661,0.064403
2024-01-01 00:00:27.160,0.429255,0.247322,10.517453,0.092763,-0.042538,0.174143
2024-01-01 00:00:27.170,0.60749,-0.143705,9.97083,-0.183744,-0.057541,-0.021784
2024-01-01 00:00:27.180,-0.406504,0.305212,10.38461,-0.2116,-0.049955,-0.012367
2024-01-01 00:00:27.190,0.084785,-1.045815,8.930952,0.436026,0.105708,0.103071
2024-01-01 00:00:27.200,1.341041,-0.238197,9.470158,-0.053443,0.175243,-0.168881
2024-01-01 00:00:27.210,-0.347069,0.945463,10.020821,-0.250825,0.19806,0.241111
2024-01-01 00:00:27.220,-0.726675,-0.42112,10.114712,-0.089783,0.089142,-0.13187
2024-01-01 00:00:27.230,1.016792,-0.331507,10.161566,-0.325113,-0.360154,-0.287788
2024-01-01 00:00:27.240,1.346825,-0.245931,9.658108,0.358471,-0.06824,0.00151
2024-01-01 00:00:27.250,0.002536,-0.666929,9.395589,-0.17392,0.460818,0.254769
2024-01-01 00:00:27.260,0.694117,-1.212346,13.277233,0.132325,0.074843,0.087968
2024-01-01 00:00:27.270,0.920588,-0.126592,10.805652,0.339027,0.073564,0.112664
2024-01-01 00:00:27.280,-0.50953,0.074587,10.263636,-0.125038,0.071897,0.006208
2024-01-01 00:00:27.290,-0.333041,-0.028825,9.553937,0.133006,0.083076,-0.022857
2024-01-01 00:00:27.300,0.844688,-0.079538,9.314562,-0.257522,-0.476622,-0.231736
2024-01-01 00:00:27.310,1.156341,0.023629,9.666381,0.611442,-0.047905,-0.338908
2024-01-01 00:00:27.320,0.386277,0.56154,10.131526,0.234095,-0.007579,0.029441
2024-01-01 00:00:27.330,-0.603773,-0.104555,7.745282,-0.048152,0.256299,0.196882
2024-01-01 00:00:27.340,1.363621,-0.315171,8.08681,-0.193208,0.009535,0.05162
2024-01-01 00:00:27.350,-0.364379,-0.154338,9.110703,-0.028499,-0.329302,0.09354
2024-01-01 00:00:27.360,-0.229988,0.318061,10.037439,-0.084996,0.086018,0.237558
2024-01-01 00:00:27.370,0.234929,0.775203,9.547278,0.488236,-0.160765,0.049315
2024-01-01 00:00:27.380,1.066543,-0.344851,11.432977,-0.306384,-0.243357,-0.018398
2024-01-01 00:00:27.390,0.586041,0.054315,8.182328,0.0337,-0.166832,-0.122779
2024-01-01 00:00:27.400,0.284701,0.185758,8.985023,-0.004585,0.108501,0.303332
2024-01-01 00:00:27.410,0.317932,-0.544925,11.479061,-0.029353,0.251752,0.078982
2024-01-01 00:00:27.420,0.029862,0.011209,9.953969,-0.027154,0.096586,-0.14154
2024-01-01 00:00:27.430,0.383023,-0.804655,10.781557,-0.029018,0.126405,-0.175675
2024-01-01 00:00:27.440,-1.735911,-0.971209,12.062269,0.218267,0.094609,0.18796
2024-01-01 00:00:27.450,-0.203547,0.201344,9.048203,0.152246,0.020265,-0.155616
2024-01-01 00:00:27.460,0.165607,-0.210747,9.700953,0.104728,0.139386,0.278075
2024-01-01 00:00:27.470,-0.789883,0.111052,9.510875,-0.758497,-0.483755,-0.413469
2024-01-01 00:00:27.480,0.265114,-0.009824,7.663857,0.074949,0.022218,0.213389
2024-01-01 00:00:27.490,-0.140318,-0.536044,9.469184,-0.41391,-0.208985,0.073034
2024-01-01 00:00:27.500,1.204695,-0.024845,10.777406,0.16158,0.232581,0.017789
2024-01-01 00:00:27.510,1.079485,-0.676973,10.403567,0.368624,-0.029431,-0.026319
2024-01-01 00:00:27.520,-0.319659,0.763644,10.489753,-0.23156,0.00619,0.283609
2024-01-01 00:00:27.530,-0.103512,-0.744428,9.397691,-0.065445,-0.301014,0.106059
2024-01-01 00:00:27.540,-0.050747,-0.107486,9.089605,-0.149839,0.203366,-0.135481
2024-01-01 00:00:27.550,-0.309951,-0.572207,11.203643,0.308858,0.125466,-0.257836
2024-01-01 00:00:27.560,0.133836,0.313161,9.263946,0.023757,0.11139,0.026595
2024-01-01 00:00:27.570,-0.520371,-0.181956,10.132902,0.432082,-0.162605,-0.000161
2024-01-01 00:00:27.580,-0.775885,-0.284748,9.989341,0.103439,-0.154728,-0.22798
2024-01-01 00:00:27.590,0.427336,0.468408,11.414965,0.060613,0.04472,-0.008309
2024-01-01 00:00:27.600,0.432015,0.016157,10.876611,0.017052,-0.1389,-0.08609
2024-01-01 00:00:27.610,-0.551962,0.283638,8.387806,0.204498,0.086979,0.001394
2024-01-01 00:00:27.620,0.614438,-0.538748,8.506067,-0.434422,-0.432183,0.108889
2024-01-01 00:00:27.630,-0.43342,-0.771245,10.445643,0.021336,-0.097509,0.223891
2024-01-01 00:00:27.640,0.173735,0.058857,9.739357,-0.017512,0.359351,0.136333
2024-01-01 00:00:27.650,0.562961,-0.175047,9.310221,0.181355,0.087897,-0.108216
2024-01-01 00:00:27.660,-0.023067,0.343913,10.925159,-0.046925,0.033359,0.055337
2024-01-01 00:00:27.670,0.312066,-0.04387,10.01583,-0.259684,0.397045,0.009466
2024-01-01 00:00:27.680,-0.3544,0.112586,9.867598,0.001838,-0.467191,-0.199819
2024-01-01 00:00:27.690,-0.134825,-0.891237,10.666252,-0.27071,-0.163062,0.059735
2024-01-01 00:00:27.700,-0.141271,1.036752,9.39813,-0.481316,-0.080235,0.278501
2024-01-01 00:00:27.710,-0.512339,-0.090169,11.532234,0.181781,0.17167,0.004864
2024-01-01 00:00:27.720,-0.121311,0.382975,8.944724,0.144765,0.175131,-0.239127
2024-01-01 00:00:27.730,-1.062739,-0.459014,10.531308,0.116773,-0.173201,0.00454
2024-01-01 00:00:27.740,-0.337054,0.169097,11.384348,0.325732,0.199591,-0.182057
2024-01-01 00:00:27.750,-0.195496,-0.715262,8.29773,-0.166258,-0.080663,0.129541
2024-01-01 00:00:27.760,-0.175803,0.248185,9.433018,-0.357779,0.242328,0.07873
2024-01-01 00:00:27.770,-0.165728,-0.19543,11.064144,-0.017507,-0.206529,-0.025637
2024-01-01 00:00:27.780,-0.042386,0.016026,11.080655,-0.086875,-0.024662,-0.049675
2024-01-01 00:00:27.790,0.329017,0.383188,9.621698,-0.210574,-0.098033,-0.031835
2024-01-01 00:00:27.800,0.600137,-0.676665,9.003331,-0.019962,0.211206,0.001241
2024-01-01 00:00:27.810,-0.445901,-0.375786,10.859618,-0.152901,-0.104556,-0.115835
2024-01-01 00:00:27.820,-0.825697,0.251071,11.109537,-0.459001,-0.00849,-0.208163
2024-01-01 00:00:27.830,-0.715103,1.151924,8.5312,-0.110294,0.101362,0.170805
2024-01-01 00:00:27.840,-0.334343,-0.075807,8.488103,-0.284094,0.109052,-0.05781
2024-01-01 00:00:27.850,-0.241506,0.324534,10.057332,0.057912,0.177391,0.025056
2024-01-01 00:00:27.860,1.91159,-0.058727,17.211038,-0.164009,0.042225,0.042792
2024-01-01 00:00:27.870,1.55054,1.066293,16.191622,0.277908,-0.08365,0.048303
2024-01-01 00:00:27.880,2.126987,-0.959225,17.265865,0.400967,-0.06994,-0.176073
2024-01-01 00:00:27.890,2.564504,0.051947,15.74027,0.169845,0.005134,-0.251376
2024-01-01 00:00:27.900,2.848339,-0.892424,14.198066,-0.387757,0.049918,-0.088304
2024-01-01 00:00:27.910,-0.382532,-1.376108,9.344557,0.376299,-0.029434,0.059357
2024-01-01 00:00:27.920,-0.28342,0.163307,9.879429,0.39393,0.003841,-0.109192
2024-01-01 00:00:27.930,-0.635947,0.076584,9.507128,0.004698,-0.303451,-0.053238
2024-01-01 00:00:27.940,-0.021575,-0.156375,8.537854,0.330732,0.133471,0.319095
2024-01-01 00:00:27.950,-0.582234,-0.058301,7.816417,-0.137919,0.036222,-0.276814
2024-01-01 00:00:27.960,0.393309,1.700966,9.24553,-0.466561,0.200374,-0.113255
2024-01-01 00:00:27.970,-1.225551,-0.141738,10.795626,-0.190071,3.2e-05,0.284491
2024-01-01 00:00:27.980,-0.246796,0.280058,11.189305,0.432325,-0.34768,-0.00669
2024-01-01 00:00:27.990,0.206635,-0.356501,11.114109,-0.37277,-0.071689,-0.105898
2024-01-01 00:00:28.000,0.126156,0.162083,8.914131,-0.00012,-0.039986,0.175315
2024-01-01 00:00:28.010,1.848094,-0.13079,8.54323,0.008536,0.148581,0.008285
2024-01-01 00:00:28.020,0.24005,-0.225375,10.355305,-0.128244,-0.414055,-0.052246
2024-01-01 00:00:28.030,-0.689032,0.998575,10.50734,-0.11088,0.008236,0.028855
2024-01-01 00:00:28.040,-0.065512,0.646275,10.249386,0.018062,0.102735,-0.098716
2024-01-01 00:00:28.050,-1.218949,0.075074,7.598559,-0.140541,-0.132298,-0.152624
2024-01-01 00:00:28.060,-0.055312,-1.265012,8.858161,-0.355515,0.014926,-0.01704
2024-01-01 00:00:28.070,-0.571685,-0.198194,9.777402,0.053758,-0.125407,-0.15165
2024-01-01 00:00:28.080,0.628187,1.483962,10.344966,0.268342,-0.145915,0.001604
2024-01-01 00:00:28.090,-0.377122,-0.126633,10.652503,0.217393,-0.081684,0.053161
2024-01-01 00:00:28.100,-0.080131,0.605666,9.96839,-0.202434,-0.142138,0.127959
2024-01-01 00:00:28.110,-0.436152,0.791626,10.173201,-0.312807,0.136724,0.169189
2024-01-01 00:00:28.120,1.193287,0.120211,9.903182,-0.071047,-0.14699,-0.06086
2024-01-01 00:00:28.130,-0.220453,-0.46216,10.56281,0.391948,-0.180582,0.074912
2024-01-01 00:00:28.140,1.257592,-1.336986,10.153526,0.1614,0.353586,0.073879
2024-01-01 00:00:28.150,0.558712,0.375606,9.88218,0.175991,0.192148,0.049173
2024-01-01 00:00:28.160,0.330818,-0.447301,9.515331,0.222464,-0.372303,-0.071919
2024-01-01 00:00:28.170,2.693043,0.096707,16.609258,0.105192,-0.152954,-0.15421
2024-01-01 00:00:28.180,2.710243,-0.686151,17.052081,0.030152,0.048493,0.0753
2024-01-01 00:00:28.190,1.117135,-0.145615,16.813688,0.165577,0.064751,-0.256029
2024-01-01 00:00:28.200,2.248616,0.018512,16.938147,-0.136542,-0.298099,-0.040176
2024-01-01 00:00:28.210,3.01999,0.147458,17.994309,-0.353616,0.231713,-0.383045
2024-01-01 00:00:28.220,-0.033556,-0.612037,10.10115,0.180749,0.165045,-0.20046
2024-01-01 00:00:28.230,-0.964312,0.657104,9.0974,0.309435,0.09638,-0.13157
2024-01-01 00:00:28.240,-0.035963,-0.327695,10.7802,-0.279558,0.271346,0.164509
2024-01-01 00:00:28.250,1.169442,-0.919284,8.309914,0.20548,0.090458,0.103216
2024-01-01 00:00:28.260,0.855679,-0.059854,8.622608,0.420191,0.089716,-0.08309
2024-01-01 00:00:28.270,-0.04255,0.018872,10.17876,-0.000562,0.311536,0.109405
2024-01-01 00:00:28.280,0.652932,0.088164,10.377004,-0.204501,0.220244,0.133143
2024-01-01 00:00:28.290,-0.251515,0.747811,8.442934,0.030755,-0.168301,-0.0241
2024-01-01 00:00:28.300,-1.169282,-0.12981,9.389666,-0.137633,0.126639,-0.207657
2024-01-01 00:00:28.310,-0.634415,-0.065671,9.14452,-0.154183,-0.132854,-0.031187
2024-01-01 00:00:28.320,1.072532,-0.605648,9.275629,0.108296,0.100831,-0.014684
2024-01-01 00:00:28.330,-0.188028,0.450484,10.84607,-0.400932,0.095323,-0.184868
2024-01-01 00:00:28.340,-0.167022,0.101186,10.585743,-0.360982,-0.276693,0.055057
2024-01-01 00:00:28.350,-0.205764,-0.230595,9.789004,0.004823,-0.024369,0.041972
2024-01-01 00:00:28.360,1.306714,-1.045666,9.210534,-0.005577,0.053051,0.066756
2024-01-01 00:00:28.370,1.115814,0.792982,8.328085,0.085889,-0.087258,0.041838
2024-01-01 00:00:28.380,1.522638,-0.673996,11.369363,0.468806,0.062942,0.109476
2024-01-01 00:00:28.390,-0.109145,-0.324612,10.460141,0.026129,0.16118,-0.026899
2024-01-01 00:00:28.400,0.202872,0.196731,9.034077,0.149543,-0.006119,0.030268
2024-01-01 00:00:28.410,-1.040796,-0.65691,10.60012,-0.243883,0.04492,-0.059661
2024-01-01 00:00:28.420,1.013546,-0.819937,9.732894,0.191984,0.276685,-0.087675
2024-01-01 00:00:28.430,-0.801389,-1.166047,9.494754,-0.131598,0.094639,0.200737
2024-01-01 00:00:28.440,0.148762,0.395827,10.287862,0.017855,0.040165,-0.306565
2024-01-01 00:00:28.450,-0.753024,-0.299307,8.995835,-0.027212,-0.191616,0.131514
2024-01-01 00:00:28.460,-0.40411,1.607071,9.432555,0.258244,0.134205,-0.093081
2024-01-01 00:00:28.470,-0.574571,-0.545901,9.943364,-0.327494,0.06603,-0.112506
2024-01-01 00:00:28.480,-0.417154,-0.505877,9.261603,-0.57081,0.256748,0.039237
2024-01-01 00:00:28.490,-0.369973,-0.310401,10.544656,-0.053358,0.009376,-0.223441
2024-01-01 00:00:28.500,-0.376249,0.133481,11.862235,0.117133,-0.363253,-0.122403
2024-01-01 00:00:28.510,0.571875,-0.258142,8.981781,0.038067,-0.340024,-0.127371
2024-01-01 00:00:28.520,-0.758212,0.33617,7.981692,0.308051,0.147136,-0.03321
2024-01-01 00:00:28.530,0.151347,-0.537245,7.612089,0.109343,-0.114039,-0.120621
2024-01-01 00:00:28.540,0.835824,-0.758494,9.644786,-0.140962,0.087354,0.240168
2024-01-01 00:00:28.550,-0.352181,-0.98722,9.081845,-0.581355,0.022847,0.269552
2024-01-01 00:00:28.560,-0.492672,-1.220742,10.038231,-0.059328,-0.033368,-0.303299
2024-01-01 00:00:28.570,-0.158198,-0.28442,9.955592,0.25699,-0.019272,0.081648
2024-01-01 00:00:28.580,0.809586,-0.165238,8.049668,-0.098012,-0.173078,0.1288
2024-01-01 00:00:28.590,0.133206,-0.346659,7.817258,0.00708,-0.003156,0.081448
2024-01-01 00:00:28.600,-0.364546,0.68263,10.134935,0.10534,-0.116899,-0.098717
2024-01-01 00:00:28.610,0.33206,0.674189,9.958701,-0.253823,-0.074451,-0.036614
2024-01-01 00:00:28.620,-0.756448,-0.183807,9.342452,0.155809,-0.06473,-0.112241
2024-01-01 00:00:28.630,0.467583,-0.984863,7.990456,0.40928,-0.045339,-0.06304
2024-01-01 00:00:28.640,0.280407,-0.311121,10.327588,-0.043203,0.184435,-0.181495
2024-01-01 00:00:28.650,-0.211234,-0.329302,11.206546,-0.282266,-0.025958,-0.017218
2024-01-01 00:00:28.660,-0.57548,-0.360767,10.115225,-0.01665,0.20474,-0.22542
2024-01-01 00:00:28.670,-0.608485,-0.383048,8.879474,-0.556096,0.307571,-0.03002
2024-01-01 00:00:28.680,0.367018,-0.358751,9.858918,0.084226,0.170989,-0.187287
2024-01-01 00:00:28.690,0.843388,-0.212211,8.310007,0.113069,0.106894,0.031022
2024-01-01 00:00:28.700,-0.437352,-0.348912,10.971641,0.418909,0.065366,-0.101913
2024-01-01 00:00:28.710,0.314568,0.114369,9.899865,-0.048499,0.173072,0.043587
2024-01-01 00:00:28.720,-1.432222,0.197842,7.868564,0.102121,0.017872,0.162237
2024-01-01 00:00:28.730,-0.401194,-0.499944,9.47986,-0.215322,0.196914,0.238417
2024-01-01 00:00:28.740,-0.021314,0.697815,10.318705,-0.089107,0.122821,-0.379201
2024-01-01 00:00:28.750,-0.62427,-0.538054,9.444314,-0.381296,-0.071968,-0.125129
2024-01-01 00:00:28.760,-0.642677,-0.888173,9.507066,-0.048697,0.17917,-0.045463
2024-01-01 00:00:28.770,-0.458264,0.209047,8.465606,-0.076327,0.018296,0.069049
2024-01-01 00:00:28.780,0.200517,-0.448757,10.432062,0.0748,-0.021226,-0.247553
2024-01-01 00:00:28.790,-0.128555,0.176389,9.097981,-0.155899,-0.09524,-0.147314
2024-01-01 00:00:28.800,-1.535986,-1.319614,7.442223,0.020836,0.033204,0.019554
2024-01-01 00:00:28.810,-1.45533,0.764458,9.402359,-0.083345,0.199293,0.012733
2024-01-01 00:00:28.820,-0.416461,0.369089,10.887302,-0.082875,0.177788,0.056643
2024-01-01 00:00:28.830,0.314087,-0.823762,9.385151,0.020091,0.070679,0.066551
2024-01-01 00:00:28.840,-1.885475,-0.811849,11.718308,0.010131,0.119929,0.050789
2024-01-01 00:00:28.850,-0.34294,0.918074,10.281007,0.190294,0.254339,0.029048
2024-01-01 00:00:28.860,-0.361138,-0.404822,10.181956,-0.030161,-0.029993,0.008361
2024-01-01 00:00:28.870,0.952747,-0.457967,9.669019,-0.087471,-0.223084,0.099714
2024-01-01 00:00:28.880,-0.264221,-1.244063,9.735022,-0.045202,0.260226,-0.335898
2024-01-01 00:00:28.890,0.262826,-0.192577,9.520761,-0.178666,-0.105956,0.23165
2024-01-01 00:00:28.900,0.096938,-0.125018,9.478108,-0.089978,-0.138068,-0.330672
2024-01-01 00:00:28.910,-1.462101,0.392806,10.392892,0.50779,-0.35924,-0.161874
2024-01-01 00:00:28.920,0.527182,-0.768094,8.782457,-0.22817,0.114257,-0.034014
2024-01-01 00:00:28.930,0.147816,-0.834637,8.628669,-0.069664,-0.324291,0.100892
2024-01-01 00:00:28.940,0.348799,0.247578,8.576732,-0.096872,-0.150052,-0.44929
2024-01-01 00:00:28.950,2.694381,0.552695,12.056129,-0.061793,0.117647,-0.004219
2024-01-01 00:00:28.960,-1.430223,-0.862563,10.392317,-0.08281,0.144384,0.118859
2024-01-01 00:00:28.970,1.183573,0.593751,10.144332,0.06981,-0.130341,0.149178
2024-01-01 00:00:28.980,-0.197261,0.02061,8.648849,-0.427544,-0.026831,-0.104599
2024-01-01 00:00:28.990,0.197179,0.599401,10.49443,0.259293,-0.174519,-0.045125
2024-01-01 00:00:29.000,-0.031233,-0.038551,9.682005,0.158146,-0.109679,-0.092422
2024-01-01 00:00:29.010,-0.291132,-1.384731,10.045157,-0.310718,0.053243,-0.058901
2024-01-01 00:00:29.020,-0.391048,-0.08343,8.737671,-0.567269,-0.100329,-0.154774
2024-01-01 00:00:29.030,0.226125,0.582019,9.985975,-0.244268,-0.048843,-0.133388
2024-01-01 00:00:29.040,-1.04116,-0.490667,9.344631,-0.060667,-0.292941,0.065157
2024-01-01 00:00:29.050,0.515085,-0.212993,8.969359,0.645073,0.226591,0.019742
2024-01-01 00:00:29.060,-0.285613,-0.096697,10.616049,0.135814,0.102013,0.073738
2024-01-01 00:00:29.070,-0.77551,-1.591833,8.121597,-0.451897,0.158581,0.032102
2024-01-01 00:00:29.080,-0.308821,0.91757,10.430124,-0.172414,0.258085,0.105651
2024-01-01 00:00:29.090,0.862719,-0.494855,10.561566,-0.013303,-0.165043,0.131732
2024-01-01 00:00:29.100,-0.367374,0.277649,8.844151,0.063421,-0.071679,-0.261257
2024-01-01 00:00:29.110,0.245989,-0.047599,8.909279,-0.328687,-0.378967,-0.128146
2024-01-01 00:00:29.120,-0.501619,0.690433,9.565118,-0.033748,0.628085,-0.034706
2024-01-01 00:00:29.130,0.520124,0.222925,10.119676,-0.17941,-0.029917,-0.003402
2024-01-01 00:00:29.140,0.47043,-0.128973,9.642165,-0.27594,0.207746,-0.100514
2024-01-01 00:00:29.150,1.268608,-0.49054,10.286052,0.064899,-0.247632,0.136804
2024-01-01 00:00:29.160,-0.120481,0.43802,11.745752,0.193469,0.199278,0.296992
2024-01-01 00:00:29.170,0.458864,-1.028519,9.252527,0.21026,0.371518,0.027924
2024-01-01 00:00:29.180,0.067299,0.354594,7.926732,0.143597,-0.012056,0.012651
2024-01-01 00:00:29.190,0.889292,-0.603376,10.716864,-0.124342,-0.202176,0.127418
2024-01-01 00:00:29.200,-0.493299,0.687504,11.658279,0.178637,-0.027759,-0.279876
2024-01-01 00:00:29.210,0.51126,0.088553,10.24126,0.077264,-0.445352,0.00427
2024-01-01 00:00:29.220,-0.133611,0.353624,8.615652,0.033485,-0.007577,0.146855
2024-01-01 00:00:29.230,-0.044049,0.045012,9.673966,-0.152923,0.164193,-0.096473
2024-01-01 00:00:29.240,0.062965,-0.962055,8.581861,-0.124219,-0.007152,-0.183984
2024-01-01 00:00:29.250,0.1731,-0.47254,10.515855,0.018472,-0.056828,-0.027871
2024-01-01 00:00:29.260,-0.079762,0.369142,8.326283,0.609969,0.105514,-0.009103
2024-01-01 00:00:29.270,0.147347,0.091494,9.480459,0.075311,0.120805,-0.136298
2024-01-01 00:00:29.280,1.082984,0.648363,8.707237,-0.152797,-0.331981,0.314424
2024-01-01 00:00:29.290,0.676265,0.221398,9.949254,-0.208097,0.017765,-0.071804
2024-01-01 00:00:29.300,0.596457,-0.530719,9.407757,-0.122942,0.487197,-0.173049
2024-01-01 00:00:29.310,-0.312614,-0.437039,10.004085,0.544323,-0.267003,-0.014043
2024-01-01 00:00:29.320,-0.610242,0.056502,9.834541,-0.099814,-0.017084,0.136179
2024-01-01 00:00:29.330,0.655575,-1.27041,8.726648,0.226718,0.388349,0.002612
2024-01-01 00:00:29.340,0.601187,0.91872,10.498311,-0.093982,0.220835,0.072839
2024-01-01 00:00:29.350,1.01062,0.242519,9.756455,0.065296,-0.102679,-0.130727
2024-01-01 00:00:29.360,-0.414482,0.673642,8.724595,0.197936,0.041227,0.223153
2024-01-01 00:00:29.370,-0.157528,-0.867752,12.270537,-0.142976,-0.000422,0.084257
2024-01-01 00:00:29.380,-1.125096,0.683266,10.33312,-0.160278,-0.149614,0.157155
2024-01-01 00:00:29.390,-0.269333,1.225093,9.64172,0.414717,-0.01485,0.054774
2024-01-01 00:00:29.400,0.683897,-0.725162,11.363895,0.246148,-0.055993,0.123733
2024-01-01 00:00:29.410,-0.320132,0.4235,11.832314,0.197668,0.02255,-0.130958
2024-01-01 00:00:29.420,0.439529,0.000609,9.650406,0.196819,-0.149677,-0.073712
2024-01-01 00:00:29.430,-0.130733,-0.847894,10.191442,0.114894,-0.255324,0.201972
2024-01-01 00:00:29.440,0.222384,0.270593,8.725173,0.504444,-0.008256,0.233961
2024-01-01 00:00:29.450,-0.787603,0.457648,9.648382,0.010977,0.343024,-0.17206
2024-01-01 00:00:29.460,0.058475,-0.330018,9.591429,0.144316,0.016441,0.03746
2024-01-01 00:00:29.470,-2.052667,0.640088,10.01294,-0.362728,-0.066319,-0.064642
2024-01-01 00:00:29.480,-0.128257,-0.915053,10.175371,-0.20624,0.150817,-0.104555
2024-01-01 00:00:29.490,-1.118912,-0.820621,10.424692,-0.300205,-0.031664,0.042726
2024-01-01 00:00:29.500,0.827614,0.074992,10.070932,0.318516,0.373607,0.171144
2024-01-01 00:00:29.510,0.533496,0.013937,8.480605,-0.638135,-0.000783,0.067749
2024-01-01 00:00:29.520,0.320253,-0.393399,8.779563,-0.100578,0.140099,-0.047927
2024-01-01 00:00:29.530,1.043791,0.444467,9.210044,-0.748427,-0.150921,0.077229
2024-01-01 00:00:29.540,-0.651194,0.291461,9.5001,-0.207822,0.100618,-0.053996
2024-01-01 00:00:29.550,1.199128,0.471118,10.96375,-0.122737,0.055019,0.061817
2024-01-01 00:00:29.560,0.639716,-0.067602,8.533093,0.346218,-0.011301,0.20947
2024-01-01 00:00:29.570,-0.162336,0.330817,9.417558,0.099157,-0.100352,-0.311574
2024-01-01 00:00:29.580,0.779319,-0.244662,10.856404,-0.208285,-0.127606,0.119588
2024-01-01 00:00:29.590,-0.759194,1.127546,9.480735,0.266491,0.056471,-0.230858
2024-01-01 00:00:29.600,-0.565823,-0.446088,10.315536,0.004458,0.125788,0.184249
2024-01-01 00:00:29.610,-0.417645,1.155808,9.656783,0.009392,-0.025433,-0.095554
2024-01-01 00:00:29.620,-0.363011,0.019153,10.091948,-0.300668,0.057454,-0.182651
2024-01-01 00:00:29.630,-0.725063,-0.755155,9.559137,-0.247503,-0.007583,0.10429
2024-01-01 00:00:29.640,0.839341,0.751076,10.542438,-0.206274,0.019705,0.054626
2024-01-01 00:00:29.650,-0.177639,0.06912,8.113528,0.011615,-0.040089,-0.149878
2024-01-01 00:00:29.660,0.241907,0.467267,9.411083,0.019471,0.003595,-0.18795
2024-01-01 00:00:29.670,-0.391404,0.671897,10.135637,0.386023,0.539608,-0.028122
2024-01-01 00:00:29.680,-1.249389,0.185538,10.395997,0.096264,0.062327,-0.180613
2024-01-01 00:00:29.690,0.185327,-0.32514,11.449262,-0.676891,0.129059,-0.159221
2024-01-01 00:00:29.700,-1.312285,0.535667,9.380655,0.06566,0.087605,0.017343
2024-01-01 00:00:29.710,-0.0471,0.000415,11.434471,-0.362504,-0.052563,-0.144881
2024-01-01 00:00:29.720,-0.939006,0.376536,9.086392,-0.241493,0.258798,0.063981
2024-01-01 00:00:29.730,1.363768,-1.182398,11.268854,-0.203042,-0.058233,0.223522
2024-01-01 00:00:29.740,0.625423,0.245393,10.707579,-0.165835,0.211011,-0.022283
2024-01-01 00:00:29.750,0.072574,-0.350584,8.807022,-0.343787,-0.066841,0.019523
2024-01-01 00:00:29.760,0.867219,0.907667,10.147129,0.050871,-0.191995,0.302715
2024-01-01 00:00:29.770,-0.580784,0.342075,9.753743,-0.352701,0.073079,-0.17814
2024-01-01 00:00:29.780,0.372963,0.131682,10.496892,0.089167,-0.220934,0.178685
2024-01-01 00:00:29.790,0.13712,0.266984,9.564848,0.559243,0.107128,0.160629
2024-01-01 00:00:29.800,0.181184,-0.548144,9.472644,-0.33234,-0.238832,0.128148
2024-01-01 00:00:29.810,0.873153,0.891168,11.313266,-0.071128,-0.063802,0.193762
2024-01-01 00:00:29.820,0.502673,1.093262,9.701604,-0.630864,-0.286346,0.042086
2024-01-01 00:00:29.830,0.198137,0.21571,10.717412,-0.075234,0.564833,-0.087439
2024-01-01 00:00:29.840,-1.135667,0.873132,9.562564,0.160679,-0.330792,0.164186
2024-01-01 00:00:29.850,-0.658832,-0.312462,11.639996,0.18016,0.001963,0.169926
2024-01-01 00:00:29.860,-0.084209,-0.437615,9.065189,0.019341,0.228661,0.165797
2024-01-01 00:00:29.870,0.064077,0.022468,9.13567,0.222316,0.207277,0.006675
2024-01-01 00:00:29.880,-0.775602,0.238783,11.48392,0.636514,0.170268,-0.107429
2024-01-01 00:00:29.890,1.655013,-0.216299,9.321449,0.428076,-0.063446,0.028704
2024-01-01 00:00:29.900,1.040625,0.295235,11.56798,-0.13063,0.270218,0.141335
2024-01-01 00:00:29.910,0.413204,0.168208,10.789241,-0.362776,0.182678,0.153653
2024-01-01 00:00:29.920,0.049435,-0.54807,9.640195,-0.101538,0.04246,-0.064451
2024-01-01 00:00:29.930,-0.145628,0.284817,7.819004,-0.236746,0.048116,0.047306
2024-01-01 00:00:29.940,-0.653254,0.474077,9.788789,0.112837,-0.060785,-0.196317
2024-01-01 00:00:29.950,0.053171,0.094137,9.92159,-0.295298,-0.18193,0.147743
2024-01-01 00:00:29.960,0.176883,0.632804,11.091605,-0.018206,0.24743,-0.117496
2024-01-01 00:00:29.970,-0.852158,-0.668355,11.554115,0.209504,0.262442,0.117788
2024-01-01 00:00:29.980,0.229329,0.256905,9.057884,-0.025174,-0.176822,-0.172396
2024-01-01 00:00:29.990,-0.106547,-0.642484,10.689698,-0.236578,-0.030757,0.154712
