timestamp,acc_x,acc_y,acc_z,gyro_x,gyro_y,gyro_z
2024-01-01 00:00:00.000,0.195581,-0.600959,9.108129,0.191351,0.234963,-0.021513
2024-01-01 00:00:00.010,-0.054442,-0.271021,9.412514,0.268353,-0.375796,-0.004898
2024-01-01 00:00:00.020,0.255027,-0.130286,9.216502,0.124672,-0.065559,0.009644
2024-01-01 00:00:00.030,0.599693,0.594622,9.464763,-0.485624,-0.008332,0.142029
2024-01-01 00:00:00.040,-0.092198,0.175314,9.675085,-0.038856,0.003182,-0.112083
2024-01-01 00:00:00.050,-0.092191,-0.420677,10.337407,-0.288927,0.036099,-0.126952
2024-01-01 00:00:00.060,0.621815,0.153101,9.60767,-0.050651,0.122088,0.185493
2024-01-01 00:00:00.070,0.302177,-0.487401,8.811056,0.245001,-0.007081,-0.069397
2024-01-01 00:00:00.080,-0.184856,0.341048,10.528243,0.076288,-0.073612,-0.189455
2024-01-01 00:00:00.090,0.213633,-0.148404,9.282633,0.287023,-0.081518,-0.072769
2024-01-01 00:00:00.100,-0.182471,-0.029495,9.773006,0.085438,-0.122303,-0.049508
2024-01-01 00:00:00.110,-0.183381,0.417626,10.091318,-0.324581,0.157509,0.233244
2024-01-01 00:00:00.120,0.095273,-0.405457,9.935755,-0.630212,-0.129306,0.138724
2024-01-01 00:00:00.130,-0.753354,-0.440092,10.499333,0.037202,0.169354,0.172128
2024-01-01 00:00:00.140,-0.679186,-0.183834,10.111772,-0.053482,0.0038,0.122996
2024-01-01 00:00:00.150,-0.221401,0.327089,9.267375,-0.244236,-0.104251,0.141937
2024-01-01 00:00:00.160,-0.398802,-0.478594,11.182494,-0.425157,0.123681,-0.103212
2024-01-01 00:00:00.170,0.123735,-0.892129,9.93243,-0.183686,-0.145491,-0.02979
2024-01-01 00:00:00.180,-0.357534,-0.142115,9.717176,-0.048623,0.127637,-0.148487
2024-01-01 00:00:00.190,-0.556095,0.173798,10.417273,0.166469,0.042545,-0.031573
2024-01-01 00:00:00.200,0.577099,0.378082,9.967154,0.047158,-0.119265,0.102616
2024-01-01 00:00:00.210,-0.088899,-0.145896,10.061514,0.402017,0.105727,0.020187
2024-01-01 00:00:00.220,0.026589,-0.129599,11.380076,-0.258901,0.109318,0.196722
2024-01-01 00:00:00.230,-0.560995,0.363479,9.636674,0.220265,0.231504,-0.171212
2024-01-01 00:00:00.240,-0.214351,-0.588969,9.609811,0.011825,0.193229,0.075036
2024-01-01 00:00:00.250,0.043676,-0.122384,9.883444,0.173667,0.098255,-0.187245
2024-01-01 00:00:00.260,-0.453204,0.059984,10.485055,-0.109129,-0.225518,0.014126
2024-01-01 00:00:00.270,0.147931,0.141504,8.860884,0.26792,0.489717,0.11105
2024-01-01 00:00:00.280,-0.236501,-0.160589,8.5717,0.073806,-0.280723,-0.032175
2024-01-01 00:00:00.290,-0.114854,0.010849,9.440117,-0.169861,0.189853,0.082669
2024-01-01 00:00:00.300,-0.236922,-0.783823,8.780629,-0.003006,0.086257,-0.14396
2024-01-01 00:00:00.310,0.729335,-0.207348,9.542356,-0.059889,-0.234828,-0.249553
2024-01-01 00:00:00.320,-0.005315,0.142855,10.126575,0.122295,-0.02486,0.083554
2024-01-01 00:00:00.330,-0.416474,-0.309423,9.248828,-0.294944,-0.015751,0.261602
2024-01-01 00:00:00.340,0.323877,0.01858,8.911099,-0.007338,0.261117,-0.149407
2024-01-01 00:00:00.350,-0.480707,0.140765,9.853682,0.098827,-0.142662,0.183329
2024-01-01 00:00:00.360,0.08224,-0.107903,10.353402,0.008256,-0.052389,0.006514
2024-01-01 00:00:00.370,-0.77162,0.053696,8.742167,0.336735,-0.467214,-0.200354
2024-01-01 00:00:00.380,-0.522973,-0.303261,10.326746,0.193506,0.346953,-0.169726
2024-01-01 00:00:00.390,0.077514,-0.065083,10.324903,-0.00187,-0.214094,0.002368
2024-01-01 00:00:00.400,0.290771,0.192218,10.411074,0.054172,0.065382,-0.060669
2024-01-01 00:00:00.410,0.067476,0.049446,10.577643,0.073916,-0.020282,-0.196937
2024-01-01 00:00:00.420,-0.045537,-0.184757,11.197269,0.100825,-0.0196,-0.254106
2024-01-01 00:00:00.430,-0.11856,0.070628,9.585662,-0.456414,0.161972,-0.127008
2024-01-01 00:00:00.440,-0.582168,0.225102,9.87903,-0.075382,0.334252,0.029071
2024-01-01 00:00:00.450,-0.283439,-0.645732,9.547644,-0.37111,0.050299,-0.00096
2024-01-01 00:00:00.460,-0.181377,0.365108,9.811245,0.31957,0.131016,-0.075186
2024-01-01 00:00:00.470,0.416242,-0.10592,10.77571,-0.015212,0.065778,0.030283
2024-01-01 00:00:00.480,1.5353,0.134029,12.812641,-0.048335,0.203506,0.156004
2024-01-01 00:00:00.490,0.705803,0.377133,13.117539,0.224199,-0.092583,0.059119
2024-01-01 00:00:00.500,1.527608,-0.432077,14.527624,0.105581,0.215078,-0.018196
2024-01-01 00:00:00.510,1.248374,-0.223474,14.302623,-0.282159,0.2221,0.139211
2024-01-01 00:00:00.520,1.133462,-0.090893,13.431227,-0.017726,0.216507,-0.143978
2024-01-01 00:00:00.530,0.240848,-0.246882,10.348273,-0.083792,-0.13203,-0.033738
2024-01-01 00:00:00.540,0.405956,0.546505,10.024966,-0.436133,-0.033668,-0.030163
2024-01-01 00:00:00.550,0.366692,-0.269883,10.755173,-0.172569,0.047893,-0.185543
2024-01-01 00:00:00.560,-0.330442,-0.174997,9.856941,-0.045885,-0.274168,-0.062981
2024-01-01 00:00:00.570,-0.121752,0.064383,10.456148,-0.028738,0.318984,-0.311244
2024-01-01 00:00:00.580,0.130435,-0.378677,11.474468,-0.370558,-0.002455,0.286827
2024-01-01 00:00:00.590,0.384121,-0.124639,10.186802,0.287916,0.056786,-0.140612
2024-01-01 00:00:00.600,-0.188675,0.099998,9.841077,-0.025526,-0.115401,0.237917
2024-01-01 00:00:00.610,-0.073103,-0.104851,10.265142,0.009388,-0.265376,0.005713
2024-01-01 00:00:00.620,-0.435619,-0.029417,9.579873,0.10016,-0.120806,0.08473
2024-01-01 00:00:00.630,-0.471006,-0.16674,11.31442,-0.197019,0.043841,-0.07332
2024-01-01 00:00:00.640,0.319932,-0.477058,9.923445,0.114089,0.134686,0.031189
2024-01-01 00:00:00.650,0.53402,0.101302,9.638052,-0.091769,0.032358,0.097573
2024-01-01 00:00:00.660,-0.028354,0.552804,9.283516,-0.224146,0.069345,0.099683
2024-01-01 00:00:00.670,0.395141,0.005797,10.501249,0.143362,-0.067405,0.116216
2024-01-01 00:00:00.680,0.142394,0.070958,10.356328,0.372918,0.09925,-0.05525
2024-01-01 00:00:00.690,-0.254016,0.218208,9.496667,0.181207,0.296567,-0.072054
2024-01-01 00:00:00.700,0.1423,-0.399839,10.173164,0.230744,0.140958,-0.239126
2024-01-01 00:00:00.710,0.605602,0.536292,8.85961,-0.130158,0.161908,0.078483
2024-01-01 00:00:00.720,-0.014107,0.063734,9.926531,-0.399405,0.058803,0.162357
2024-01-01 00:00:00.730,0.616078,0.514035,10.095237,0.372534,-0.300631,0.242397
2024-01-01 00:00:00.740,-1.031525,-0.230905,10.885618,0.513629,-0.208933,0.045776
2024-01-01 00:00:00.750,0.323624,0.57269,9.324384,0.385702,0.090975,-0.114972
2024-01-01 00:00:00.760,0.034275,0.244174,9.004638,-0.083946,-0.002188,-0.254564
2024-01-01 00:00:00.770,-0.117734,0.174208,9.24588,-0.288659,0.087969,0.15625
2024-01-01 00:00:00.780,0.036131,0.073718,8.967962,-0.266421,0.335285,-0.269441
2024-01-01 00:00:00.790,-0.782605,-0.078287,10.652094,-0.420933,0.145207,-0.051091
2024-01-01 00:00:00.800,-0.086496,0.378167,10.785643,-0.026845,0.251777,-0.033646
2024-01-01 00:00:00.810,0.140613,0.044213,10.011736,0.401419,0.018936,-0.010418
2024-01-01 00:00:00.820,0.581921,-0.619627,10.579416,-0.035416,-0.161443,0.00537
2024-01-01 00:00:00.830,-0.204069,-0.351914,9.894394,0.075581,-0.011573,0.020722
2024-01-01 00:00:00.840,-0.318344,-0.058541,9.75008,0.343899,-0.16095,-0.362304
2024-01-01 00:00:00.850,-0.197567,0.09765,9.600186,-0.101024,0.311659,0.002198
2024-01-01 00:00:00.860,0.36044,-0.017825,9.614454,0.508883,0.158078,-0.334436
2024-01-01 00:00:00.870,0.129446,0.383976,8.834885,0.498024,0.104102,0.109833
2024-01-01 00:00:00.880,-0.208593,-0.614597,9.976481,-0.032778,0.247189,-0.083269
2024-01-01 00:00:00.890,0.202099,0.04523,9.78459,-0.144384,-0.404011,-0.323556
2024-01-01 00:00:00.900,0.038224,-0.572663,10.279577,0.17431,0.117628,-0.122131
2024-01-01 00:00:00.910,0.381404,0.239309,9.86892,-0.086881,-0.262129,-0.085511
2024-01-01 00:00:00.920,-0.276433,-0.029754,9.707497,-0.289139,-0.001451,0.178605
2024-01-01 00:00:00.930,-0.129017,0.132177,9.261148,0.32031,-0.062342,0.029496
2024-01-01 00:00:00.940,-0.154393,-0.272123,9.855457,0.304112,0.132347,0.051667
2024-01-01 00:00:00.950,-0.576259,0.403031,10.275089,0.038878,0.045637,0.177183
2024-01-01 00:00:00.960,0.116597,0.328143,9.089696,-0.315716,0.269023,-0.014422
2024-01-01 00:00:00.970,0.102791,0.183816,9.865108,-0.307382,-0.120379,0.113128
2024-01-01 00:00:00.980,0.002013,-0.040798,9.956817,0.026807,0.141823,0.102579
2024-01-01 00:00:00.990,-0.092369,0.182655,9.357619,-0.124968,0.032445,-0.19297
2024-01-01 00:00:01.000,-0.557302,-0.222671,9.439651,-0.085273,-0.327058,0.220948
2024-01-01 00:00:01.010,-0.165629,0.2695,9.955285,0.255491,-0.183723,-0.213045
2024-01-01 00:00:01.020,-0.134944,0.519586,9.095945,0.183295,-0.029976,0.137605
2024-01-01 00:00:01.030,-0.315897,0.337242,10.030452,0.344536,0.222458,-0.227561
2024-01-01 00:00:01.040,-0.063506,-0.229825,9.245927,-0.247656,0.092745,0.090186
2024-01-01 00:00:01.050,0.159095,0.113846,10.479598,-0.085798,-0.2335,0.279287
2024-01-01 00:00:01.060,0.742686,-0.40734,11.282831,0.189745,-0.028063,-0.031947
2024-01-01 00:00:01.070,0.06874,0.180303,9.267723,0.11202,0.403561,-0.038453
2024-01-01 00:00:01.080,0.10141,0.14194,10.146551,0.383095,0.022245,0.091566
2024-01-01 00:00:01.090,-0.029313,-0.588992,9.352153,0.105134,-0.065465,-0.049409
2024-01-01 00:00:01.100,-0.755516,-0.365962,10.465801,0.462027,0.098348,0.272742
2024-01-01 00:00:01.110,-0.01044,-0.089189,9.012887,0.135004,0.152679,0.028829
2024-01-01 00:00:01.120,0.023716,-0.094771,10.11277,0.265542,-0.091234,-0.048025
2024-01-01 00:00:01.130,0.969902,-0.380985,9.260017,-0.080879,0.100515,-0.081043
2024-01-01 00:00:01.140,-0.075742,0.122528,9.6796,0.003572,-0.065778,-0.139942
2024-01-01 00:00:01.150,0.118734,0.079214,9.160454,0.227736,0.143866,-0.094163
2024-01-01 00:00:01.160,-0.013668,-0.061195,10.328081,0.403245,0.033939,-0.052601
2024-01-01 00:00:01.170,-0.460167,-0.238074,9.282702,0.182309,0.096394,-0.073146
2024-01-01 00:00:01.180,0.449986,0.330343,10.157737,-0.020793,-0.151837,-0.098726
2024-01-01 00:00:01.190,0.296074,0.521453,9.593218,0.344334,-0.164257,0.314826
2024-01-01 00:00:01.200,0.311469,-0.152322,9.737882,-0.547995,0.189099,-0.154514
2024-01-01 00:00:01.210,-0.358071,-0.192833,9.903086,-0.355559,-0.015879,0.021995
2024-01-01 00:00:01.220,0.55235,0.15473,9.33005,0.170409,0.057007,0.088878
2024-01-01 00:00:01.230,-0.551979,-0.112779,9.942531,0.003527,-0.061279,0.094516
2024-01-01 00:00:01.240,0.231075,-0.04391,10.774111,0.151378,0.179745,-0.008791
2024-01-01 00:00:01.250,0.862492,0.232991,9.3198,0.016102,-0.121562,-0.036105
2024-01-01 00:00:01.260,-0.390024,-0.601447,10.54824,0.142736,-0.02712,0.067732
2024-01-01 00:00:01.270,-0.22298,0.415265,10.753802,-0.203601,0.157199,0.039978
2024-01-01 00:00:01.280,0.039238,0.022894,9.295822,0.142622,0.234594,-0.038844
2024-01-01 00:00:01.290,-0.198244,-0.12962,8.893316,0.248604,-0.104752,-0.234282
2024-01-01 00:00:01.300,-0.610574,-0.028109,10.000235,0.305138,0.391937,-0.070189
2024-01-01 00:00:01.310,0.026997,-0.011835,9.465133,0.503389,0.062648,-0.171983
2024-01-01 00:00:01.320,-0.418282,-0.545328,10.98722,0.061025,-0.208586,-0.100074
2024-01-01 00:00:01.330,0.186477,0.470906,9.831929,0.068478,0.07381,0.004983
2024-01-01 00:00:01.340,-0.362023,0.013018,9.304614,-0.380793,-0.0766,0.05381
2024-01-01 00:00:01.350,0.610287,0.139546,9.08729,-0.132853,0.086814,0.267068
2024-01-01 00:00:01.360,-0.308406,0.299738,10.49664,-0.048271,-0.008571,-0.080611
2024-01-01 00:00:01.370,-0.126812,-0.321666,9.450154,0.26258,0.014855,0.116194
2024-01-01 00:00:01.380,0.320322,0.149144,9.837612,-0.15275,-0.182319,0.045894
2024-01-01 00:00:01.390,-0.484653,-0.084307,10.412156,0.199085,0.198012,0.1944
2024-01-01 00:00:01.400,0.089562,0.266733,9.504917,-0.000405,-0.231225,0.086434
2024-01-01 00:00:01.410,0.514687,-0.670077,9.781065,-0.044292,-0.221753,-0.151272
2024-01-01 00:00:01.420,-0.632947,-0.031215,9.799562,0.062223,0.073472,-0.258457
2024-01-01 00:00:01.430,0.0727,-0.189889,10.240494,-0.097789,0.320569,0.046689
2024-01-01 00:00:01.440,0.102329,0.136163,10.182169,-0.107259,-0.070519,-0.079268
2024-01-01 00:00:01.450,0.307843,0.148064,9.671328,-0.426196,0.140194,-0.147047
2024-01-01 00:00:01.460,-0.487049,-0.222902,9.850099,-0.061989,0.214668,-0.190137
2024-01-01 00:00:01.470,-0.51993,-0.224335,9.575779,-0.119992,0.162937,0.024146
2024-01-01 00:00:01.480,1.605514,-0.03486,12.729104,-0.128995,-0.062242,0.226156
2024-01-01 00:00:01.490,1.516938,-0.282442,13.822289,0.104218,-0.218209,-0.061301
2024-01-01 00:00:01.500,1.498632,0.265225,14.852081,0.164658,-0.44151,0.088541
2024-01-01 00:00:01.510,1.536414,-0.1163,13.103257,0.058049,-0.052568,-0.01534
2024-01-01 00:00:01.520,1.13224,-0.915701,13.172991,0.248854,0.235617,-0.193407
2024-01-01 00:00:01.530,0.09145,-0.118069,9.261442,0.14389,-0.224833,0.110222
2024-01-01 00:00:01.540,0.115397,-0.327141,10.266493,-0.073764,0.140042,-0.164204
2024-01-01 00:00:01.550,-0.281276,-0.513852,10.092546,-0.115714,-0.190031,0.003244
2024-01-01 00:00:01.560,0.734649,-0.389789,9.710121,0.078206,0.021215,-0.051228
2024-01-01 00:00:01.570,0.186572,0.034464,9.231648,0.143442,0.141558,0.133962
2024-01-01 00:00:01.580,-0.469076,0.418522,9.868197,0.349461,-0.131899,-0.158723
2024-01-01 00:00:01.590,0.258518,0.098653,8.824288,0.297793,0.034097,0.05863
2024-01-01 00:00:01.600,-0.383781,-0.191049,9.900359,-0.135368,-0.083018,-0.12597
2024-01-01 00:00:01.610,0.309915,0.14361,10.35906,-0.025502,0.14103,-0.076666
2024-01-01 00:00:01.620,0.456197,-0.144613,9.021745,0.167754,0.047063,-0.54528
2024-01-01 00:00:01.630,-0.323144,-0.218799,8.844513,0.266999,0.011302,0.313815
2024-01-01 00:00:01.640,0.379329,-0.363624,10.805046,0.234742,0.31167,0.082584
2024-01-01 00:00:01.650,0.162532,-0.551826,9.424591,-0.015969,0.132461,-0.115102
2024-01-01 00:00:01.660,0.323686,-0.122826,10.525647,-0.313506,-0.13807,-0.168698
2024-01-01 00:00:01.670,0.746862,0.049787,9.712981,-0.249734,-0.017173,-0.074347
2024-01-01 00:00:01.680,-0.096622,-0.030436,9.707968,0.068158,-0.01518,0.107532
2024-01-01 00:00:01.690,-0.296784,-0.13103,10.0862,0.085556,0.016064,-0.283813
2024-01-01 00:00:01.700,-0.350246,-0.29791,9.253081,-0.27467,0.504902,-0.021238
2024-01-01 00:00:01.710,-0.321225,0.191598,9.893473,0.011142,0.07417,0.265596
2024-01-01 00:00:01.720,-0.030359,-0.414897,9.569662,0.157806,-0.407181,-0.170092
2024-01-01 00:00:01.730,0.134329,0.244449,8.978089,-0.287807,-0.10856,0.012058
2024-01-01 00:00:01.740,0.108947,-0.315698,10.022614,0.276249,-0.386474,0.330496
2024-01-01 00:00:01.750,0.325703,-0.237017,9.644116,-0.094383,-0.06596,0.094823
2024-01-01 00:00:01.760,0.005119,-0.462037,9.711074,0.314403,-0.397462,0.018889
2024-01-01 00:00:01.770,0.572329,-0.157942,9.047599,-0.133363,-0.174318,0.075995
2024-01-01 00:00:01.780,-0.104209,0.307223,10.812582,-0.256656,-0.304144,-0.06013
2024-01-01 00:00:01.790,1.071067,0.162423,10.36233,-0.114534,0.076832,0.194945
2024-01-01 00:00:01.800,0.246357,0.308203,10.417418,-0.023787,0.000108,-0.0599
2024-01-01 00:00:01.810,-0.337506,0.164475,9.61757,-0.09712,0.060592,-0.293877
2024-01-01 00:00:01.820,-0.421664,-0.347656,8.720615,-0.054,-0.02091,-0.058695
2024-01-01 00:00:01.830,0.189974,-0.104199,11.040338,0.083491,-0.27886,-0.14501
2024-01-01 00:00:01.840,-0.087988,-0.245763,9.771509,-0.042795,0.102704,-0.042179
2024-01-01 00:00:01.850,0.281138,0.419131,9.338256,-0.016528,0.384445,-0.038863
2024-01-01 00:00:01.860,0.186337,-0.376988,10.072585,-0.427307,0.081843,0.179613
2024-01-01 00:00:01.870,-0.028676,0.281515,10.545286,0.097925,-0.085185,0.104294
2024-01-01 00:00:01.880,-0.333425,0.28128,9.795478,-0.022301,-0.285613,0.03949
2024-01-01 00:00:01.890,-0.596471,0.57633,10.615502,0.402573,-0.181613,-0.000442
2024-01-01 00:00:01.900,-0.175815,-0.129051,10.49229,-0.234891,0.090608,-0.158829
2024-01-01 00:00:01.910,1.737207,0.224381,12.98188,-0.452074,0.214624,-0.327176
2024-01-01 00:00:01.920,1.484299,0.71872,13.235512,0.154517,0.052173,0.016974
2024-01-01 00:00:01.930,0.90949,-0.194557,14.263248,0.086632,0.159977,0.119196
2024-01-01 00:00:01.940,1.46819,-0.483538,11.951054,-0.252108,0.141536,-0.01625
2024-01-01 00:00:01.950,1.551719,-0.592203,13.565843,-0.382437,0.101307,-0.080228
2024-01-01 00:00:01.960,-0.348019,0.224504,8.908576,0.384349,-0.131695,0.069675
2024-01-01 00:00:01.970,0.060529,-0.593192,9.509771,0.353528,0.034785,-0.0125
2024-01-01 00:00:01.980,0.02292,-0.117281,9.621743,-0.621864,-0.169676,0.252862
2024-01-01 00:00:01.990,-0.450045,0.137754,9.584306,-0.114556,0.003486,0.184909
2024-01-01 00:00:02.000,0.140879,0.05833,9.462075,0.416048,0.066173,0.143926
2024-01-01 00:00:02.010,0.220809,0.134015,9.1188,-0.119016,0.335757,0.11366
2024-01-01 00:00:02.020,0.426451,0.070021,11.253904,-0.122653,-0.261946,-0.193525
2024-01-01 00:00:02.030,0.414935,0.402843,10.986501,-0.07069,0.096302,0.099449
2024-01-01 00:00:02.040,-0.542457,-0.29998,9.077899,-0.280224,0.296247,0.056449
2024-01-01 00:00:02.050,-0.369269,-0.213253,10.806734,-0.426194,0.15177,0.090964
2024-01-01 00:00:02.060,0.202795,-0.243388,9.558337,0.263137,0.166589,0.073891
2024-01-01 00:00:02.070,0.202303,0.26151,9.891388,-0.460734,0.117539,0.067914
2024-01-01 00:00:02.080,0.2028,0.283626,9.770137,0.061818,0.259667,0.40513
2024-01-01 00:00:02.090,1.517013,0.142136,9.394358,0.221645,-0.217496,-0.011428
2024-01-01 00:00:02.100,0.224788,0.372801,10.429827,-0.362807,-0.277185,0.140451
2024-01-01 00:00:02.110,0.447129,-0.371083,9.889309,-0.231067,-0.001267,-0.070648
2024-01-01 00:00:02.120,0.375638,0.525176,9.509773,0.303295,-0.432232,0.118596
2024-01-01 00:00:02.130,0.256485,0.47982,8.988109,0.133223,0.246129,0.140898
2024-01-01 00:00:02.140,-0.124137,0.231721,9.247035,-0.154321,0.244143,0.054664
2024-01-01 00:00:02.150,0.298844,0.561267,8.775931,0.300562,-0.08667,0.250387
2024-01-01 00:00:02.160,-0.3043,-0.521836,9.817701,0.301634,-0.074154,-0.132641
2024-01-01 00:00:02.170,-0.093247,-0.165201,9.056101,0.067263,-0.014469,-0.073083
2024-01-01 00:00:02.180,-0.191112,-0.231621,9.642697,-0.22504,0.010404,0.031857
2024-01-01 00:00:02.190,0.032238,0.227266,10.673164,-0.103362,0.025435,0.132121
2024-01-01 00:00:02.200,0.911397,-0.330794,10.565559,0.071597,0.111646,0.026914
2024-01-01 00:00:02.210,-0.735236,0.238611,9.789666,-0.047149,-0.034525,0.192864
2024-01-01 00:00:02.220,0.270215,0.431719,9.755137,0.234739,0.188639,-0.099253
2024-01-01 00:00:02.230,-0.635007,0.218989,10.994321,-0.382444,0.08919,-0.171087
2024-01-01 00:00:02.240,-0.185823,0.089382,10.138076,-0.373566,-0.121393,0.046219
2024-01-01 00:00:02.250,0.428774,-0.31118,9.603482,0.045218,0.267023,-0.011577
2024-01-01 00:00:02.260,0.02531,-0.266758,8.911609,-0.122886,-0.271651,0.08143
2024-01-01 00:00:02.270,-0.424362,0.39363,10.05814,-0.156762,-0.018433,-0.00411
2024-01-01 00:00:02.280,-0.281651,0.245495,10.332474,-0.442014,0.193383,-0.051003
2024-01-01 00:00:02.290,0.267592,-0.012291,9.41206,0.004886,-0.144615,-0.011241
2024-01-01 00:00:02.300,-0.287582,-0.131642,9.993458,-0.013189,0.061911,0.004327
2024-01-01 00:00:02.310,0.085231,-0.638129,9.580949,0.16337,0.108668,-0.045747
2024-01-01 00:00:02.320,0.017944,-0.337319,9.69406,0.017227,-0.172105,-0.03047
2024-01-01 00:00:02.330,-0.256568,0.602097,8.242672,-0.033151,-0.014496,-0.060539
2024-01-01 00:00:02.340,0.844178,-0.403344,9.670278,0.29425,-0.031301,0.1285
2024-01-01 00:00:02.350,0.249606,0.059686,10.420703,-0.328117,-0.110348,0.029103
2024-01-01 00:00:02.360,-0.7974,0.317345,9.412216,0.134097,0.460335,0.338513
2024-01-01 00:00:02.370,0.073416,-0.395301,9.843092,-0.417787,-0.152621,0.024106
2024-01-01 00:00:02.380,-0.260578,0.058184,9.333751,-0.20959,0.200986,-0.082629
2024-01-01 00:00:02.390,0.335646,0.295443,10.037078,-0.303164,-0.07856,0.400601
2024-01-01 00:00:02.400,-0.312055,0.003937,9.67359,0.195486,-0.217327,0.062044
2024-01-01 00:00:02.410,-0.045177,0.903547,9.218278,-0.016353,0.020563,0.148519
2024-01-01 00:00:02.420,0.198839,-0.525609,10.649507,-0.003376,0.129819,0.088815
2024-01-01 00:00:02.430,0.340891,0.333499,10.395227,-0.276683,0.184102,0.093452
2024-01-01 00:00:02.440,-0.472617,-0.054433,9.428909,-0.074923,0.312453,0.080348
2024-01-01 00:00:02.450,-0.13171,0.243155,10.123607,-0.190866,0.589049,-0.165313
2024-01-01 00:00:02.460,-0.18701,0.139012,10.14857,0.095864,0.050103,0.055129
2024-01-01 00:00:02.470,-0.257248,-0.230944,10.21465,-0.247773,-0.132618,-0.198729
2024-01-01 00:00:02.480,0.695148,0.072134,8.742619,0.332449,0.090575,-0.026154
2024-01-01 00:00:02.490,0.159462,-0.585239,10.444162,-0.418895,-0.053243,-0.108843
2024-01-01 00:00:02.500,-0.496473,0.190023,9.45109,-0.20163,0.185193,0.053621
2024-01-01 00:00:02.510,0.361408,0.09392,9.584568,0.4193,-0.259433,0.050119
2024-01-01 00:00:02.520,0.835599,0.201178,11.471866,-0.108785,0.473667,0.072172
2024-01-01 00:00:02.530,0.406533,0.333307,10.00018,-0.32872,0.17121,0.043094
2024-01-01 00:00:02.540,-0.598252,0.1158,9.566617,0.054768,-0.336801,-0.091024
2024-01-01 00:00:02.550,-0.190667,0.046648,8.420665,-0.118848,-0.141806,-0.039151
2024-01-01 00:00:02.560,0.498846,-0.277537,10.685551,-0.208968,0.163216,0.138059
2024-01-01 00:00:02.570,-0.278645,-0.22435,8.962518,-0.273968,0.235269,0.160179
2024-01-01 00:00:02.580,0.174754,0.373821,9.177833,0.692093,-0.254448,-0.172017
2024-01-01 00:00:02.590,0.305012,0.452446,9.601248,-0.062888,0.142605,-0.229639
2024-01-01 00:00:02.600,-0.364979,-0.075005,10.702339,-0.481392,-0.389468,-0.109033
2024-01-01 00:00:02.610,-0.023438,0.014491,10.297141,0.373427,-0.017867,0.156781
2024-01-01 00:00:02.620,-1.276249,-0.284954,9.710562,0.152768,0.222409,0.182233
2024-01-01 00:00:02.630,-0.403353,0.369418,10.004224,-0.191617,-0.110303,-0.138707
2024-01-01 00:00:02.640,-0.099449,0.209606,9.431757,-0.23328,-0.301384,0.046096
2024-01-01 00:00:02.650,-0.491315,0.611483,9.897982,0.168368,0.029243,0.275165
2024-01-01 00:00:02.660,0.642762,-0.276672,9.856202,-0.06173,-0.120944,0.062297
2024-01-01 00:00:02.670,-0.563118,-0.119072,10.420325,-0.481494,0.125912,0.213225
2024-01-01 00:00:02.680,-0.173268,0.072905,10.419322,0.44681,-0.177065,0.149809
2024-01-01 00:00:02.690,0.051479,0.203644,10.121206,-0.108498,-0.154527,-0.13653
2024-01-01 00:00:02.700,0.567501,-0.067935,9.581721,0.373893,-0.4042,-0.028497
2024-01-01 00:00:02.710,-0.565371,-0.274983,10.277348,0.319609,0.033989,0.005213
2024-01-01 00:00:02.720,0.457996,0.277643,9.75206,-0.250252,-0.032181,0.01562
2024-01-01 00:00:02.730,0.004029,0.227158,9.128394,0.258297,-0.237677,0.137449
2024-01-01 00:00:02.740,-0.386469,-0.288626,9.555929,-0.162861,0.03876,0.061303
2024-01-01 00:00:02.750,0.181953,0.426964,9.863252,-0.466675,0.205414,-0.44043
2024-01-01 00:00:02.760,0.07838,0.368613,10.383436,-0.10615,-0.043114,-0.196926
2024-01-01 00:00:02.770,-0.236335,0.042303,9.694377,0.099409,0.053633,-0.328107
2024-01-01 00:00:02.780,0.027485,0.025073,9.048205,-0.115684,0.054662,0.026305
2024-01-01 00:00:02.790,-0.151717,0.174528,9.845747,-0.076762,-0.240866,0.036073
2024-01-01 00:00:02.800,0.044697,-0.271436,9.881477,0.285892,0.411317,0.042484
2024-01-01 00:00:02.810,0.260714,0.00946,9.927078,0.026623,-0.09417,-0.143839
2024-01-01 00:00:02.820,0.624494,-0.678001,10.389519,-0.210825,0.131223,0.101122
2024-01-01 00:00:02.830,-0.48739,0.276084,10.451922,0.175508,0.153843,0.107439
2024-01-01 00:00:02.840,0.839882,-0.49187,9.435647,0.049419,-0.027919,-0.188272
2024-01-01 00:00:02.850,-0.768635,0.473577,9.42183,-0.630401,0.121359,-0.219906
2024-01-01 00:00:02.860,-0.059765,-0.103988,9.154675,0.107088,0.049164,-2e-05
2024-01-01 00:00:02.870,0.23165,-0.066675,10.250254,0.097957,-0.283528,0.268767
2024-01-01 00:00:02.880,0.110641,-0.197736,10.722757,0.00503,-0.066455,0.254961
2024-01-01 00:00:02.890,-0.245188,-0.090732,9.611498,0.222925,-0.12251,0.084511
2024-01-01 00:00:02.900,-0.081948,0.446837,9.657899,-0.168098,-0.092349,-0.1095
2024-01-01 00:00:02.910,-0.194119,-0.78366,10.734073,0.084125,-0.260801,0.133026
2024-01-01 00:00:02.920,1.167938,0.402244,13.978501,-0.39174,0.225287,-0.067864
2024-01-01 00:00:02.930,1.734531,0.106477,13.934828,0.101773,0.320399,-0.115126
2024-01-01 00:00:02.940,1.540575,-0.380212,12.909723,0.488265,0.195601,-0.321595
2024-01-01 00:00:02.950,1.127167,-0.338723,14.087599,-0.248714,0.254106,0.015357
2024-01-01 00:00:02.960,1.754217,0.528064,13.074644,-0.189951,-0.068927,-0.09448
2024-01-01 00:00:02.970,0.120999,-0.297835,9.095567,-0.177504,-0.127251,0.014465
2024-01-01 00:00:02.980,0.320064,-0.363305,9.591534,0.0325,-0.155717,-0.344904
2024-01-01 00:00:02.990,0.247916,0.358254,9.440951,-0.265759,0.128813,0.025474
2024-01-01 00:00:03.000,-0.326417,0.106644,9.670392,0.105312,0.045413,-0.364668
2024-01-01 00:00:03.010,-0.220571,-0.295447,8.902182,0.21171,-0.015444,0.163191
2024-01-01 00:00:03.020,0.294247,0.068237,10.414054,0.133587,0.25903,0.078284
2024-01-01 00:00:03.030,0.240333,-0.323112,10.520442,-0.442104,0.080988,-0.0418
2024-01-01 00:00:03.040,-0.00823,0.346759,8.583174,0.248792,-0.167732,0.084408
2024-01-01 00:00:03.050,0.046198,0.334332,10.426428,0.234342,-0.136182,-0.146711
2024-01-01 00:00:03.060,0.503081,0.167582,9.299367,0.20754,0.136399,0.010856
2024-01-01 00:00:03.070,-0.232931,0.113923,10.349895,0.093211,0.208347,0.119216
2024-01-01 00:00:03.080,0.21542,0.554774,9.766879,0.055047,0.110336,-0.464143
2024-01-01 00:00:03.090,-0.079613,-9.9e-05,9.828129,0.258097,0.379378,-0.067084
2024-01-01 00:00:03.100,-0.085712,-0.37229,9.693388,0.480878,0.327001,-0.003397
2024-01-01 00:00:03.110,0.432643,0.141584,10.573641,-0.23826,0.088207,-0.029444
2024-01-01 00:00:03.120,0.325008,0.657105,9.02906,0.269531,-0.167716,0.218565
2024-01-01 00:00:03.130,0.320319,-0.319649,10.192939,-0.021554,-0.261998,-0.168585
2024-01-01 00:00:03.140,0.514032,-0.113861,10.503838,-0.032418,-0.077476,-0.093174
2024-01-01 00:00:03.150,0.00827,0.131181,10.261294,-0.384133,0.150643,-0.28738
2024-01-01 00:00:03.160,0.268519,-0.01698,11.27456,-0.071197,0.365329,0.226543
2024-01-01 00:00:03.170,-0.122168,-0.309426,9.476764,-0.249316,0.083489,-0.036944
2024-01-01 00:00:03.180,0.127641,0.353385,10.413102,-0.115964,0.233745,-0.065761
2024-01-01 00:00:03.190,-0.051244,0.730813,9.743163,-0.274547,-0.049061,-0.007872
2024-01-01 00:00:03.200,0.038192,0.061781,10.587046,-0.112227,0.124554,0.095435
2024-01-01 00:00:03.210,0.234343,-0.284782,9.805156,-0.101528,0.164671,0.052105
2024-01-01 00:00:03.220,-0.322174,-0.487923,9.565638,0.024189,-0.395919,0.397183
2024-01-01 00:00:03.230,0.823877,0.081262,10.632825,-0.403687,-0.082688,0.06809
2024-01-01 00:00:03.240,-0.396119,0.347721,9.500316,-0.36138,0.18994,-0.069787
2024-01-01 00:00:03.250,-0.478087,0.149678,8.919983,0.090479,0.054894,-0.084204
2024-01-01 00:00:03.260,0.456006,-0.000757,9.484386,-0.19936,-0.239303,-0.058914
2024-01-01 00:00:03.270,0.311717,-0.185621,10.199991,0.268632,-0.486024,-0.225276
2024-01-01 00:00:03.280,0.245747,-0.344032,10.686984,0.056317,-0.073156,0.00598
2024-01-01 00:00:03.290,0.247411,0.262947,9.880012,0.151691,-0.014317,0.11752
2024-01-01 00:00:03.300,-0.004822,0.287838,10.640464,0.352673,-0.176785,-0.092005
2024-01-01 00:00:03.310,-0.353294,-0.486905,8.95435,-0.077428,0.028617,-0.121107
2024-01-01 00:00:03.320,0.029848,0.500799,9.530744,-0.143622,0.101277,0.227392
2024-01-01 00:00:03.330,-0.266632,0.180832,9.628198,0.217926,0.134137,-0.213972
2024-01-01 00:00:03.340,0.383953,0.440872,9.737828,0.127378,-0.471184,-0.310173
2024-01-01 00:00:03.350,1.342096,-0.42277,13.712979,-0.046833,-0.262857,-0.172935
2024-01-01 00:00:03.360,1.07496,-0.430235,14.095274,0.347864,-0.060925,-0.231065
2024-01-01 00:00:03.370,1.273454,-0.046925,13.379772,-0.053061,0.114435,0.057934
2024-01-01 00:00:03.380,1.562592,0.158377,13.747588,0.008193,0.097847,-0.054106
2024-01-01 00:00:03.390,1.178033,0.565854,13.631573,0.005306,0.094374,-0.032953
2024-01-01 00:00:03.400,-0.323749,0.222415,9.226689,-0.233648,-0.076684,0.17294
2024-01-01 00:00:03.410,0.095952,-0.076445,9.73839,0.019396,-0.065527,-0.1037
2024-01-01 00:00:03.420,0.096456,-0.323306,9.719494,0.34919,-0.145666,0.116263
2024-01-01 00:00:03.430,-0.199609,0.38745,9.705999,0.111242,0.153639,0.226698
2024-01-01 00:00:03.440,-0.185471,-0.303882,9.830008,0.007766,-0.184098,-0.068349
2024-01-01 00:00:03.450,0.09137,0.512968,9.857674,-0.040442,0.170007,0.110553
2024-01-01 00:00:03.460,-0.570183,-0.089581,9.537654,0.082717,0.041571,-0.036273
2024-01-01 00:00:03.470,-0.554189,0.501033,10.61181,0.187442,-0.009009,0.138615
2024-01-01 00:00:03.480,-0.282887,0.213863,9.073227,0.15231,-0.131342,-0.235723
2024-01-01 00:00:03.490,-0.084045,-0.043154,9.355789,-0.082966,-0.271108,-0.246827
2024-01-01 00:00:03.500,0.12242,-0.16361,11.561377,0.081195,-0.129531,-0.05869
2024-01-01 00:00:03.510,0.580922,-0.107386,9.156065,0.119985,-0.066001,-0.133339
2024-01-01 00:00:03.520,0.337703,0.13492,8.957135,-0.251799,-0.473805,-0.077506
2024-01-01 00:00:03.530,-0.062976,0.024304,10.27272,0.042058,-0.039471,-0.032929
2024-01-01 00:00:03.540,-0.007488,-0.187051,8.501414,-0.540326,0.184871,0.108002
2024-01-01 00:00:03.550,-0.394746,-0.052174,9.661777,0.120633,0.113444,-0.061149
2024-01-01 00:00:03.560,-0.00729,0.024752,11.16187,0.165086,-0.099241,-0.123579
2024-01-01 00:00:03.570,-0.113659,-0.670551,8.83669,0.186887,0.009387,-0.052727
2024-01-01 00:00:03.580,0.12707,0.144323,8.561362,-0.098762,-0.111233,-0.115372
2024-01-01 00:00:03.590,-0.325722,-0.308612,8.865516,0.077262,0.029752,-0.140101
2024-01-01 00:00:03.600,0.204493,-0.3633,10.375967,0.355988,0.308022,-0.241953
2024-01-01 00:00:03.610,0.603516,-0.531513,10.518609,0.353442,0.1937,0.010422
2024-01-01 00:00:03.620,-0.042824,-0.565076,9.487069,-0.007293,0.104159,-0.085306
2024-01-01 00:00:03.630,0.158174,-0.426966,10.240424,0.03483,-0.098577,0.144942
2024-01-01 00:00:03.640,0.271744,-0.223342,10.685861,0.277728,0.149988,-0.217109
2024-01-01 00:00:03.650,-0.157981,0.615277,10.936028,-0.375201,-0.337375,-0.081313
2024-01-01 00:00:03.660,0.088236,-0.165652,9.654809,-0.080769,-0.050471,0.271936
2024-01-01 00:00:03.670,0.004958,0.055991,8.360073,0.333893,0.116742,-0.140941
2024-01-01 00:00:03.680,0.03846,0.126152,9.292846,0.2438,0.148084,-0.03548
2024-01-01 00:00:03.690,-0.304373,0.041286,9.541113,0.092316,0.133977,-0.182377
2024-01-01 00:00:03.700,0.009651,-0.024395,9.646869,-0.376458,0.058966,-0.202264
2024-01-01 00:00:03.710,0.196087,-0.376518,9.691649,-0.012478,-0.039145,0.232097
2024-01-01 00:00:03.720,0.571388,0.457042,10.514904,-0.147479,0.107595,0.025656
2024-01-01 00:00:03.730,0.377713,0.569267,10.61289,0.08276,-0.190572,0.020052
2024-01-01 00:00:03.740,0.847816,-0.530037,9.701846,-0.202337,-0.168935,-0.254447
2024-01-01 00:00:03.750,-0.302143,-0.322569,10.502045,-0.256431,0.012347,0.053811
2024-01-01 00:00:03.760,0.343476,-0.08814,10.035327,-0.516216,0.03464,0.173613
2024-01-01 00:00:03.770,0.072191,-0.303829,9.850639,0.305451,-0.365123,0.172422
2024-01-01 00:00:03.780,0.862235,0.159379,10.381123,-0.099943,0.091029,0.10025
2024-01-01 00:00:03.790,-0.318267,-0.229406,9.855519,0.039286,0.154546,-0.169423
2024-01-01 00:00:03.800,-0.33064,0.681993,11.106421,-0.00056,-0.015457,0.046969
2024-01-01 00:00:03.810,-0.236011,0.375023,8.903801,-0.266858,0.474893,0.100138
2024-01-01 00:00:03.820,-0.836284,0.066961,9.485442,-0.314766,-0.136587,-0.269167
2024-01-01 00:00:03.830,-0.207016,0.323501,9.730293,-0.251329,-0.072217,-0.168192
2024-01-01 00:00:03.840,-0.298908,0.348359,10.086855,-0.180792,-0.079013,0.133224
2024-01-01 00:00:03.850,0.059218,-0.177643,10.608815,0.091652,-0.015238,0.131407
2024-01-01 00:00:03.860,0.134566,-0.257108,9.794629,-0.198929,-0.065745,-0.232287
2024-01-01 00:00:03.870,0.738742,0.024615,8.913995,0.436623,-0.281362,0.119253
2024-01-01 00:00:03.880,0.374229,0.271415,10.340784,0.256788,-0.10931,0.014296
2024-01-01 00:00:03.890,-0.227156,0.043804,10.285624,0.20209,-0.019524,0.117151
2024-01-01 00:00:03.900,-0.353751,-0.496754,8.586629,-0.029915,0.245714,-0.095178
2024-01-01 00:00:03.910,0.193693,-0.25289,9.807603,0.37857,0.440449,0.096778
2024-01-01 00:00:03.920,-0.519842,-0.023301,8.808211,-0.054501,0.267095,0.126574
2024-01-01 00:00:03.930,0.721137,-0.023835,9.39127,-0.007815,-0.155076,-0.0527
2024-01-01 00:00:03.940,0.464405,0.621351,9.24123,0.042494,-0.139162,0.002663
2024-01-01 00:00:03.950,-0.184738,-0.436586,10.319837,0.175456,-0.031866,-0.097278
2024-01-01 00:00:03.960,-0.674547,0.159261,9.883603,0.159227,0.356912,0.247746
2024-01-01 00:00:03.970,0.533087,0.469071,9.000078,-0.118781,-0.033085,-0.018041
2024-01-01 00:00:03.980,-0.0451,0.715507,10.364442,-0.133248,-0.265501,-0.138304
2024-01-01 00:00:03.990,0.48739,-0.127385,8.906702,0.159976,-0.100235,-0.107374
2024-01-01 00:00:04.000,-0.627806,0.1548,10.017972,0.178809,0.151411,0.019016
2024-01-01 00:00:04.010,-0.236004,0.179475,9.297173,-0.098338,0.137988,0.113
2024-01-01 00:00:04.020,0.002065,0.061577,9.579623,-0.396797,-0.040043,-0.200374
2024-01-01 00:00:04.030,0.018499,-0.031136,10.127691,-0.051829,0.136683,0.277149
2024-01-01 00:00:04.040,-0.177213,0.137332,10.138513,0.155881,-0.454634,0.046301
2024-01-01 00:00:04.050,0.245247,-0.797658,10.652291,0.451354,0.020766,0.069968
2024-01-01 00:00:04.060,-0.420376,0.214852,9.75818,-0.299489,0.172137,-0.014578
2024-01-01 00:00:04.070,-0.056062,0.039746,10.003064,-0.106643,-0.166573,0.002889
2024-01-01 00:00:04.080,0.047366,-0.07008,9.534225,-0.097351,-0.167268,-0.022242
2024-01-01 00:00:04.090,0.20256,0.644762,9.924654,0.338951,-0.37329,0.152669
2024-01-01 00:00:04.100,0.280198,-0.212604,10.086876,-0.008735,0.317979,-0.001189
2024-01-01 00:00:04.110,-0.442828,-0.126969,9.748065,-0.226832,-0.144031,0.115058
2024-01-01 00:00:04.120,-0.604057,0.627339,8.673637,0.139674,0.048209,-0.065077
2024-01-01 00:00:04.130,0.503085,-0.262099,10.018827,-0.10116,0.120783,0.029346
2024-01-01 00:00:04.140,0.130849,-0.173286,10.039674,-0.306097,0.302414,-0.120588
2024-01-01 00:00:04.150,-0.294717,-0.046313,9.381491,-0.223193,-0.03078,0.182479
2024-01-01 00:00:04.160,0.610766,0.264831,9.000836,0.43351,-0.107886,-0.125062
2024-01-01 00:00:04.170,0.045547,0.065458,10.739804,0.096052,0.034614,-0.048747
2024-01-01 00:00:04.180,0.464348,-0.407177,10.119611,0.02694,0.256816,-0.047244
2024-01-01 00:00:04.190,0.026585,-0.167633,9.665679,-0.062473,-0.034035,-0.053093
2024-01-01 00:00:04.200,0.811419,-0.191317,9.093669,0.073037,-0.190974,0.108374
2024-01-01 00:00:04.210,0.691165,-0.024325,9.292257,0.070059,-0.308152,-0.047499
2024-01-01 00:00:04.220,-0.09803,0.134141,10.630632,0.073042,-0.244259,0.209089
2024-01-01 00:00:04.230,0.382556,0.131735,9.896727,0.028711,0.172878,-0.122771
2024-01-01 00:00:04.240,0.254117,-0.559444,9.46313,0.2172,-0.064125,0.025407
2024-01-01 00:00:04.250,0.538899,0.335141,10.131104,0.005776,-0.121504,-0.116368
2024-01-01 00:00:04.260,-0.379939,0.079559,9.296929,-0.244485,-0.143193,0.063146
2024-01-01 00:00:04.270,0.270133,0.436128,10.755531,-0.153106,0.017009,-0.002392
2024-01-01 00:00:04.280,0.416755,0.139922,10.662264,-0.494755,-0.047891,-0.023259
2024-01-01 00:00:04.290,-0.692504,0.346917,9.516058,0.506704,-0.054626,0.178271
2024-01-01 00:00:04.300,-0.465908,0.146962,9.413938,0.215689,0.269865,-0.098151
2024-01-01 00:00:04.310,-0.802948,0.424061,8.160576,-0.207518,0.307603,0.087977
2024-01-01 00:00:04.320,-0.106079,0.164509,8.876604,-0.070461,-0.322004,-0.115344
2024-01-01 00:00:04.330,0.282532,-0.030843,8.966134,-0.159219,0.065519,0.016903
2024-01-01 00:00:04.340,0.591553,0.715817,9.89517,0.385637,-0.155372,-0.179336
2024-01-01 00:00:04.350,1.429175,0.280047,13.454473,-0.354969,-0.04965,-0.099378
2024-01-01 00:00:04.360,2.041267,0.180729,12.812439,0.028619,0.061856,-0.012321
2024-01-01 00:00:04.370,0.856585,-0.402036,13.482867,-0.027132,-0.042544,0.272197
2024-01-01 00:00:04.380,0.729293,-0.405817,13.978362,0.20671,0.046092,0.015121
2024-01-01 00:00:04.390,1.378128,0.092205,13.992539,-0.026002,0.134594,0.2482
2024-01-01 00:00:04.400,0.151226,0.045839,8.613208,-0.439552,0.058915,0.033048
2024-01-01 00:00:04.410,-0.012874,-0.193449,9.729194,-0.062779,-0.129367,-0.058063
2024-01-01 00:00:04.420,-0.814055,0.04441,8.938495,-0.243041,-0.12584,0.230903
2024-01-01 00:00:04.430,-0.035091,0.500417,10.378089,0.019895,-0.287941,0.065553
2024-01-01 00:00:04.440,-0.513635,0.219052,10.304012,0.358544,-0.170784,-0.096408
2024-01-01 00:00:04.450,0.263684,-0.359418,9.244243,-0.434856,0.392414,0.070586
2024-01-01 00:00:04.460,0.144348,-0.035125,9.327392,-0.200056,-0.158401,-0.043889
2024-01-01 00:00:04.470,-0.370078,-0.253564,9.519402,-0.138173,-0.238676,-0.298355
2024-01-01 00:00:04.480,-0.202335,-0.122125,8.39074,-0.095408,0.063986,0.140396
2024-01-01 00:00:04.490,-0.417065,-0.130289,10.02166,0.185031,-0.022073,0.16424
2024-01-01 00:00:04.500,-0.02468,-0.150458,9.638108,-0.043386,-0.039119,0.275691
2024-01-01 00:00:04.510,0.376087,-0.395368,10.42121,0.103951,0.281809,0.063322
2024-01-01 00:00:04.520,-0.38813,-0.040211,9.118002,-0.156443,0.109825,-0.037309
2024-01-01 00:00:04.530,0.198468,-0.176591,9.419953,0.057481,-0.105999,0.125248
2024-01-01 00:00:04.540,-0.208789,-0.922776,8.860889,0.194449,-0.084895,0.127473
2024-01-01 00:00:04.550,-0.312194,0.646686,9.177297,-0.183075,-0.100517,0.245742
2024-01-01 00:00:04.560,-0.042143,0.342962,9.065351,0.19534,0.174948,-0.006694
2024-01-01 00:00:04.570,-0.407627,-0.118535,10.437463,0.013093,-0.06163,-0.024837
2024-01-01 00:00:04.580,-0.217999,0.005928,9.370095,0.261365,-0.358631,-0.107332
2024-01-01 00:00:04.590,-0.471664,-0.369071,9.888231,-0.050355,-0.009664,0.080619
2024-01-01 00:00:04.600,0.773611,0.534153,9.570119,0.095311,-0.307405,-0.232239
2024-01-01 00:00:04.610,0.013885,0.597646,9.010237,-0.010152,0.436846,0.116413
2024-01-01 00:00:04.620,-0.275517,0.049359,9.703971,-0.024053,-0.193134,0.088175
2024-01-01 00:00:04.630,0.084255,0.322412,10.187435,0.064733,-0.032373,0.087761
2024-01-01 00:00:04.640,-0.044229,0.055215,9.049112,0.134202,0.051641,0.020734
2024-01-01 00:00:04.650,-0.087007,-0.421069,10.319741,-0.312391,-0.057732,0.229947
2024-01-01 00:00:04.660,0.241828,-0.129724,9.274676,0.358408,-0.058006,0.130799
2024-01-01 00:00:04.670,0.298269,0.041557,9.50572,-0.464916,0.084365,-0.091062
2024-01-01 00:00:04.680,-0.208885,-0.143183,10.14433,-0.171203,0.305243,-0.088377
2024-01-01 00:00:04.690,-0.226728,-0.068876,9.392035,-0.023567,0.153502,-0.131951
2024-01-01 00:00:04.700,-0.108302,-0.028791,9.833672,0.103089,0.295703,0.082692
2024-01-01 00:00:04.710,-0.906381,-0.025477,9.611745,0.394043,-0.209324,-0.150021
2024-01-01 00:00:04.720,-0.596606,0.016461,9.891502,-0.464573,0.063473,0.162509
2024-01-01 00:00:04.730,0.538207,-0.334091,8.310134,-0.126924,0.031049,0.198446
2024-01-01 00:00:04.740,0.647706,-0.22586,8.6573,-0.531708,0.070218,-0.131852
2024-01-01 00:00:04.750,-0.098058,-0.404644,10.198059,0.007905,0.275246,-0.027832
2024-01-01 00:00:04.760,0.227019,0.308012,10.463424,0.067921,-0.044158,0.002493
2024-01-01 00:00:04.770,0.122555,-0.663279,9.236393,0.397699,-0.081101,0.132597
2024-01-01 00:00:04.780,1.212309,0.363381,9.656262,0.030159,0.106796,0.241402
2024-01-01 00:00:04.790,1.840833,0.4367,13.845673,0.261006,-0.355641,-0.252824
2024-01-01 00:00:04.800,1.349632,-0.095187,14.096727,0.145959,-0.04737,-0.047727
2024-01-01 00:00:04.810,1.023756,-0.819988,12.382563,-0.108812,-0.02684,-0.039903
2024-01-01 00:00:04.820,0.767462,-0.113813,13.101795,-0.35224,-0.184072,-0.2101
2024-01-01 00:00:04.830,1.480114,-0.020218,13.450475,0.068751,0.211412,-0.072767
2024-01-01 00:00:04.840,-0.297813,-0.318338,10.252978,-0.373026,-0.212448,0.064165
2024-01-01 00:00:04.850,-0.560012,-0.162294,11.384011,0.323802,-0.027175,-0.041802
2024-01-01 00:00:04.860,-0.254588,0.482011,9.666356,-0.040516,0.058631,-0.231693
2024-01-01 00:00:04.870,-0.42586,0.209452,8.923604,0.298794,0.27069,0.431112
2024-01-01 00:00:04.880,0.664312,-0.291238,10.063429,-0.120054,-0.002111,0.039927
2024-01-01 00:00:04.890,0.347146,-0.503244,10.642227,0.067213,0.187231,0.016754
2024-01-01 00:00:04.900,-0.003139,-0.10301,9.878049,0.052337,0.140119,-0.164689
2024-01-01 00:00:04.910,0.582728,-0.067239,9.238811,-0.011261,0.024692,0.039106
2024-01-01 00:00:04.920,0.030464,0.156303,10.413536,-0.108165,-0.217903,-0.024632
2024-01-01 00:00:04.930,-0.339131,-0.168625,10.228034,0.098114,-0.286916,-0.283279
2024-01-01 00:00:04.940,0.59973,0.161122,9.163569,-0.231541,0.021301,-0.160538
2024-01-01 00:00:04.950,0.212196,0.609574,10.050298,-0.302359,-0.108539,0.119239
2024-01-01 00:00:04.960,-0.408416,0.256883,10.438277,0.310707,0.183852,0.291603
2024-01-01 00:00:04.970,-0.074946,-0.015148,10.554591,0.181792,0.149171,0.055075
2024-01-01 00:00:04.980,-0.344775,-0.057692,9.768137,0.016473,-0.036922,0.165462
2024-01-01 00:00:04.990,-0.544477,-0.112352,9.58441,0.416286,-0.231543,-0.023363
2024-01-01 00:00:05.000,0.364682,0.371902,10.583183,-0.066941,0.102147,-0.012982
2024-01-01 00:00:05.010,0.751833,-0.197604,9.047599,0.330676,-0.20359,0.163647
2024-01-01 00:00:05.020,-0.550686,0.014245,10.086305,0.043894,-0.151693,0.249417
2024-01-01 00:00:05.030,0.221669,0.016127,8.946883,-0.256188,-0.195883,0.195165
2024-01-01 00:00:05.040,-0.256191,-0.158062,10.481187,0.46201,-0.0277,-0.159954
2024-01-01 00:00:05.050,-0.191806,-0.432327,9.647431,0.247678,0.234038,-0.010044
2024-01-01 00:00:05.060,-0.233255,0.101737,10.609207,-0.030255,-0.001008,0.041629
2024-01-01 00:00:05.070,-0.340196,-0.019216,10.11959,0.181793,-0.088644,-0.038952
2024-01-01 00:00:05.080,0.019105,0.157576,9.039371,-0.100926,-0.305123,0.058179
2024-01-01 00:00:05.090,-0.327187,-0.168084,10.707515,0.207287,0.110425,0.123087
2024-01-01 00:00:05.100,0.106492,0.384559,10.787285,-0.59777,-0.156081,0.150421
2024-01-01 00:00:05.110,-0.019781,-0.276184,10.36584,-0.25495,0.023504,0.252881
2024-01-01 00:00:05.120,-0.094086,0.539293,9.3302,0.244815,-0.070844,-0.049416
2024-01-01 00:00:05.130,-0.357353,-0.550506,9.617211,-0.062414,0.167635,-0.204605
2024-01-01 00:00:05.140,-0.227104,0.136953,9.901619,0.051886,-0.031447,0.053735
2024-01-01 00:00:05.150,0.297435,0.149761,9.366662,-0.336696,-0.011785,0.282572
2024-01-01 00:00:05.160,0.197236,-0.2506,10.876178,0.461967,0.097149,-0.071546
2024-01-01 00:00:05.170,-0.384912,0.133684,9.900926,0.297632,0.421388,0.103027
2024-01-01 00:00:05.180,0.039112,0.403048,8.106891,-0.050171,0.177689,0.104362
2024-01-01 00:00:05.190,0.295859,-0.698298,10.023794,-0.101174,-0.017721,0.028716
2024-01-01 00:00:05.200,-0.657328,0.158365,9.590661,0.257401,0.00064,0.001039
2024-01-01 00:00:05.210,0.213948,-0.78538,9.762796,0.495618,-0.104972,-0.138514
2024-01-01 00:00:05.220,-0.260908,-0.304184,9.57777,0.23844,-0.189999,-0.342249
2024-01-01 00:00:05.230,0.224673,0.513187,10.318439,0.542951,-0.11055,-0.166778
2024-01-01 00:00:05.240,-0.300533,-0.183261,10.515403,-0.230588,-0.15443,-0.058546
2024-01-01 00:00:05.250,-0.710672,-0.369772,9.988323,-0.204847,0.130674,0.164613
2024-01-01 00:00:05.260,-0.640845,-0.06235,9.596234,-0.297235,-0.214239,-0.015469
2024-01-01 00:00:05.270,0.018933,0.65139,9.783958,0.11044,0.266642,-0.077854
2024-01-01 00:00:05.280,0.102266,-0.57698,9.822348,0.043901,0.150409,-0.133648
2024-01-01 00:00:05.290,-0.356075,-0.331163,9.304469,-0.037988,0.0041,0.098521
2024-01-01 00:00:05.300,0.251446,0.471691,10.174725,0.202315,6.4e-05,0.203754
2024-01-01 00:00:05.310,-0.654224,0.585176,10.099827,0.308082,-0.111456,0.159515
2024-01-01 00:00:05.320,-0.026019,-0.032581,10.780478,-0.381416,0.054017,0.090922
2024-01-01 00:00:05.330,-0.476838,-0.390302,10.60087,-0.149243,0.217618,-0.221342
2024-01-01 00:00:05.340,-0.25666,0.660191,9.378025,0.205036,-0.140631,-0.052751
2024-01-01 00:00:05.350,0.018663,0.502249,10.326788,-0.116935,-0.306678,0.292096
2024-01-01 00:00:05.360,-0.338788,0.213868,9.210899,-0.199552,0.140644,0.168293
2024-01-01 00:00:05.370,-0.151419,-0.255907,10.248437,0.254634,0.064873,-0.230625
2024-01-01 00:00:05.380,0.396228,-0.015444,9.484533,-0.322375,-0.22404,-0.008339
2024-01-01 00:00:05.390,-0.227151,-0.050513,9.16535,-0.075395,-0.146678,0.054465
2024-01-01 00:00:05.400,0.329054,0.104218,9.986429,0.082161,-0.171821,-0.114324
2024-01-01 00:00:05.410,-0.444822,0.457065,8.125023,-0.143455,-0.144906,-0.346381
2024-01-01 00:00:05.420,0.20861,0.277016,8.706885,0.195789,-0.064737,0.014824
2024-01-01 00:00:05.430,0.567618,-0.339373,9.69818,-0.142219,-0.053309,-0.118164
2024-01-01 00:00:05.440,-0.97321,0.433596,9.861938,0.352155,-0.130159,-0.117576
2024-01-01 00:00:05.450,-0.313778,0.098637,9.577329,-0.031437,-0.151633,-0.053202
2024-01-01 00:00:05.460,0.227222,0.216426,8.814955,0.167818,-0.045757,-0.020051
2024-01-01 00:00:05.470,-0.079949,0.46196,9.294728,0.186506,0.033538,-0.001362
2024-01-01 00:00:05.480,0.146139,-0.350148,10.056462,-0.156885,-0.063259,-0.132598
2024-01-01 00:00:05.490,-0.237819,-0.011285,10.176523,-0.513372,0.231733,-0.033031
2024-01-01 00:00:05.500,0.034095,-0.167408,9.799779,0.090189,0.101618,-0.263614
2024-01-01 00:00:05.510,-0.061298,-0.493876,10.538805,0.018072,-0.318169,0.046656
2024-01-01 00:00:05.520,0.459814,0.109214,10.06036,0.138957,0.104746,-0.428441
2024-01-01 00:00:05.530,0.100178,0.79114,9.339103,-0.056632,0.121109,-0.043424
2024-01-01 00:00:05.540,0.132931,-0.579624,9.633284,-0.107607,-0.086947,0.137878
2024-01-01 00:00:05.550,-0.162177,-0.010168,8.926194,0.502118,-0.29904,-0.158901
2024-01-01 00:00:05.560,-0.191995,0.201771,9.741872,-0.368089,0.001613,0.107465
2024-01-01 00:00:05.570,-0.17032,0.03877,10.510623,0.183488,-0.001542,0.17336
2024-01-01 00:00:05.580,0.155316,-0.035635,10.241733,-0.14365,-0.224329,-0.496185
2024-01-01 00:00:05.590,-0.165763,-0.409253,10.693266,-0.083945,-0.290244,-0.022704
2024-01-01 00:00:05.600,0.114099,0.073328,9.619182,-0.079276,-0.017511,-0.431366
2024-01-01 00:00:05.610,0.817189,-0.238381,10.658043,-0.200859,-0.046615,-0.017731
2024-01-01 00:00:05.620,0.343005,-0.689825,9.688218,0.142806,-0.083453,-0.001076
2024-01-01 00:00:05.630,-0.128372,0.376297,10.737099,0.347661,-0.016682,-0.372382
2024-01-01 00:00:05.640,0.472978,0.301892,9.79623,0.117503,-0.220555,0.288726
2024-01-01 00:00:05.650,-0.16068,0.016273,10.255556,0.025845,-0.086964,0.042902
2024-01-01 00:00:05.660,-0.802512,0.072159,10.739321,-0.24661,0.106665,-0.127354
2024-01-01 00:00:05.670,-0.396934,0.33841,9.688141,0.129206,-0.069994,0.219807
2024-01-01 00:00:05.680,-0.736624,0.070667,9.947585,0.539087,-0.334394,-0.269342
2024-01-01 00:00:05.690,-0.138408,0.284766,10.621984,-0.095174,-0.094538,-0.184376
2024-01-01 00:00:05.700,0.007252,-0.093707,9.726208,-0.093996,-0.214032,-0.344918
2024-01-01 00:00:05.710,0.660097,0.413275,8.977838,-0.140272,0.053427,0.270157
2024-01-01 00:00:05.720,0.128728,0.101048,11.160094,-0.122354,0.063767,0.049852
2024-01-01 00:00:05.730,-0.086271,0.061126,9.514048,-0.686325,-0.331755,0.09891
2024-01-01 00:00:05.740,0.326578,-0.400069,9.910016,0.101259,0.151803,0.04515
2024-01-01 00:00:05.750,-0.870635,0.090391,10.538284,-0.211388,-0.222437,0.086065
2024-01-01 00:00:05.760,0.092773,-0.262066,9.426649,-0.402566,0.311836,0.011712
2024-01-01 00:00:05.770,0.303528,-0.201059,9.175043,0.188297,-0.009755,0.040638
2024-01-01 00:00:05.780,-0.582193,-0.256843,9.969854,-0.270504,-0.249279,0.016141
2024-01-01 00:00:05.790,1.850353,-0.335864,12.530362,-0.084667,-0.228397,-0.091289
2024-01-01 00:00:05.800,1.533283,0.669303,13.478619,0.366611,0.069619,-0.006994
2024-01-01 00:00:05.810,1.23648,0.419372,13.814374,-0.352304,-0.07826,0.041039
2024-01-01 00:00:05.820,1.649158,0.604916,13.48993,-0.38315,-0.019331,0.016582
2024-01-01 00:00:05.830,2.294085,-0.385212,12.687626,0.067327,0.322556,-0.221666
2024-01-01 00:00:05.840,0.07161,0.022445,10.814332,0.287372,-0.139849,-0.201748
2024-01-01 00:00:05.850,0.097737,-0.407455,9.875229,-0.393585,0.011993,0.162426
2024-01-01 00:00:05.860,-0.180873,-0.219144,10.711626,0.101922,0.283969,-0.046049
2024-01-01 00:00:05.870,-0.334626,-0.28921,9.646177,0.14525,0.054103,0.087709
2024-01-01 00:00:05.880,0.326945,0.390469,9.255592,-0.51479,-0.321321,-0.163818
2024-01-01 00:00:05.890,-0.337083,-0.124812,9.979584,0.199625,0.101078,-0.220972
2024-01-01 00:00:05.900,0.028179,0.336539,9.674054,0.219151,-0.232601,-0.126539
2024-01-01 00:00:05.910,-0.188078,0.190298,9.06801,-0.077946,0.281362,-0.033385
2024-01-01 00:00:05.920,0.188598,0.725646,10.735964,0.313087,-0.164574,-0.099771
2024-01-01 00:00:05.930,0.131379,-0.466025,9.41797,0.284114,0.593902,0.19409
2024-01-01 00:00:05.940,0.408531,0.396658,8.650632,0.025779,0.293475,0.026928
2024-01-01 00:00:05.950,-0.200819,0.361129,10.646745,-0.112861,-0.159323,0.277341
2024-01-01 00:00:05.960,-0.106263,-0.306614,9.492292,-0.243207,0.004003,0.060661
2024-01-01 00:00:05.970,-0.385388,0.317247,9.427071,-0.009391,0.150729,-0.361883
2024-01-01 00:00:05.980,-0.17494,0.105886,8.697806,0.14244,0.156732,0.158406
2024-01-01 00:00:05.990,0.148562,-0.071655,10.906793,-0.081044,0.088467,-0.226433
2024-01-01 00:00:06.000,0.298064,-0.25954,8.997627,-0.549375,0.250432,0.03458
2024-01-01 00:00:06.010,-0.363103,-0.226519,9.846823,0.317178,-0.024594,-0.116203
2024-01-01 00:00:06.020,0.342407,0.645691,10.384951,0.047556,-0.073344,0.321407
2024-01-01 00:00:06.030,0.533782,0.000215,10.075682,-0.094906,-0.069373,0.21594
2024-01-01 00:00:06.040,0.16279,0.246371,9.772418,0.21429,0.171675,-0.111273
2024-01-01 00:00:06.050,0.738988,-0.249133,8.737951,0.38116,0.073036,-0.019104
2024-01-01 00:00:06.060,-0.304679,-0.245654,9.299873,-0.700478,0.058257,0.03669
2024-01-01 00:00:06.070,-0.490083,0.340825,9.928314,0.108566,0.159047,0.129512
2024-01-01 00:00:06.080,-0.700371,-0.425117,9.31408,-0.356662,-0.41021,0.004373
2024-01-01 00:00:06.090,0.589067,-0.130792,9.938116,0.124778,0.062014,-0.153734
2024-01-01 00:00:06.100,0.257656,0.010719,10.239498,0.031982,0.043714,-0.107634
2024-01-01 00:00:06.110,-0.021886,0.035082,10.416377,0.158932,0.333762,-0.000672
2024-01-01 00:00:06.120,0.110238,-0.056414,9.037507,-0.124812,-0.305718,0.185169
2024-01-01 00:00:06.130,-0.443161,0.124683,11.193887,-0.46831,0.311437,0.064176
2024-01-01 00:00:06.140,0.963015,0.21825,10.293512,-0.112592,0.015082,-0.116012
2024-01-01 00:00:06.150,0.050881,0.231411,9.80892,0.101712,0.097798,0.097256
2024-01-01 00:00:06.160,0.043074,-0.310528,10.496408,0.253848,0.335184,-0.058048
2024-01-01 00:00:06.170,0.285771,-0.089509,11.300207,-0.292958,0.112152,0.133561
2024-01-01 00:00:06.180,0.189397,0.37635,8.903606,0.256765,0.080074,0.379052
2024-01-01 00:00:06.190,0.088154,0.281814,9.668085,-0.161968,0.048458,-0.053824
2024-01-01 00:00:06.200,-0.311249,-0.432451,8.311588,0.090612,-0.096696,0.120241
2024-01-01 00:00:06.210,0.185641,0.110716,9.93137,-0.127473,-0.005698,-0.111809
2024-01-01 00:00:06.220,2.141047,-0.623141,13.890198,0.045543,-0.143103,-0.01684
2024-01-01 00:00:06.230,1.929759,0.014784,13.635328,0.222969,-0.008913,0.004434
2024-01-01 00:00:06.240,2.027317,0.597797,13.247644,-0.306754,-0.467186,-0.029053
2024-01-01 00:00:06.250,1.198709,-0.298586,12.368806,-0.169976,0.085808,0.369452
2024-01-01 00:00:06.260,1.010343,-0.262812,13.895326,0.046241,-0.024347,-0.045989
2024-01-01 00:00:06.270,-0.049529,0.240669,10.726924,0.600396,-0.067241,0.088028
2024-01-01 00:00:06.280,0.021942,-0.485982,9.437658,-0.215797,0.043952,-0.289513
2024-01-01 00:00:06.290,0.430838,-0.199318,10.087238,0.510033,-0.286713,0.064799
2024-01-01 00:00:06.300,-0.666408,0.187879,8.822069,0.501106,0.385854,0.171308
2024-01-01 00:00:06.310,0.60226,-0.1998,10.098044,-0.024328,-0.020553,-0.07914
2024-01-01 00:00:06.320,-0.062216,-0.074331,9.562169,-0.074538,-0.029169,-0.376533
2024-01-01 00:00:06.330,-0.168084,0.234418,9.329677,-0.173016,-0.193079,-0.005798
2024-01-01 00:00:06.340,-0.398516,0.132787,9.330971,-0.017051,0.004789,0.002578
2024-01-01 00:00:06.350,-0.6516,0.084048,9.562025,-0.35168,0.277392,0.108611
2024-01-01 00:00:06.360,0.324123,-0.106824,10.050933,-0.01906,0.207183,0.301635
2024-01-01 00:00:06.370,0.028869,0.116569,8.983337,0.37422,0.170888,-0.057008
2024-01-01 00:00:06.380,-0.507922,-0.038976,9.559817,-0.152771,0.10928,-0.128443
2024-01-01 00:00:06.390,-0.509937,0.144209,9.783873,-0.060181,-0.071709,-0.175038
2024-01-01 00:00:06.400,-0.132215,-0.156534,9.117605,-0.425285,-0.290033,0.029712
2024-01-01 00:00:06.410,0.657177,-0.057509,10.941899,0.093516,-0.040208,0.071903
2024-01-01 00:00:06.420,-0.102214,-0.311837,9.272298,0.06612,-0.047174,-0.081848
2024-01-01 00:00:06.430,-0.591863,-0.011027,9.388255,0.015926,0.209759,0.116802
2024-01-01 00:00:06.440,-0.096761,-0.255465,9.193666,-0.054207,0.061878,0.069808
2024-01-01 00:00:06.450,-0.107385,-0.350925,10.943042,-0.073189,0.322462,0.006485
2024-01-01 00:00:06.460,-1.061899,0.081478,10.15833,0.125475,0.239498,-0.135362
2024-01-01 00:00:06.470,-0.021379,0.067013,9.219947,-0.007204,-0.091299,-0.07228
2024-01-01 00:00:06.480,-0.09093,0.246605,10.506926,0.078743,-0.359026,-0.364463
2024-01-01 00:00:06.490,0.274131,-0.135805,9.93644,0.053746,0.277115,0.035368
2024-01-01 00:00:06.500,0.728026,0.128537,9.97207,0.280857,0.271877,0.003951
2024-01-01 00:00:06.510,0.443585,0.173501,9.592979,0.169249,-0.273242,0.028272
2024-01-01 00:00:06.520,-0.105875,0.140104,9.337868,0.048215,0.301848,0.075648
2024-01-01 00:00:06.530,-0.435695,-0.260081,10.022793,0.379606,0.076423,0.057873
2024-01-01 00:00:06.540,1.01326,0.047049,9.466595,0.105067,0.032137,-0.016557
2024-01-01 00:00:06.550,0.023317,0.114704,10.954556,0.326241,0.322957,0.0073
2024-01-01 00:00:06.560,0.005485,0.002261,9.010347,0.151736,0.268937,-0.210647
2024-01-01 00:00:06.570,-0.009499,-0.65724,10.777779,-0.46048,0.130266,-0.087558
2024-01-01 00:00:06.580,0.077996,0.050554,9.739869,0.326209,0.094643,0.007571
2024-01-01 00:00:06.590,-0.056842,0.696947,9.998424,0.033794,0.123279,-0.110378
2024-01-01 00:00:06.600,-0.225879,-0.113412,10.334889,-0.012989,-0.080011,0.129023
2024-01-01 00:00:06.610,-0.215326,-0.229344,9.412943,0.070337,-0.01102,-0.098795
2024-01-01 00:00:06.620,-0.012897,0.117605,10.354476,-0.086246,-0.180463,0.032446
2024-01-01 00:00:06.630,-0.213974,0.098399,8.104247,0.056757,-0.066608,0.017485
2024-01-01 00:00:06.640,-0.280683,0.375712,9.356407,-0.147969,-0.073327,0.111942
2024-01-01 00:00:06.650,0.041907,-0.396228,9.22784,0.318568,-0.127061,0.135119
2024-01-01 00:00:06.660,-0.100397,0.230385,9.020291,-0.028397,0.027349,0.104105
2024-01-01 00:00:06.670,0.592197,0.185983,9.674578,-0.095646,-0.064796,-0.315901
2024-01-01 00:00:06.680,-1.043819,-0.044776,10.053022,-0.231231,0.100447,0.179122
2024-01-01 00:00:06.690,0.429781,0.106687,10.252676,0.067194,-0.324464,0.229096
2024-01-01 00:00:06.700,0.490646,0.324279,9.961752,0.046777,-0.022671,-0.072319
2024-01-01 00:00:06.710,-0.816397,0.274779,9.390613,0.097106,0.02631,0.035497
2024-01-01 00:00:06.720,-0.134933,-0.360051,10.04248,-0.256813,-0.062126,-0.133625
2024-01-01 00:00:06.730,-0.146255,0.25835,9.8883,-0.400295,-0.034479,-0.292257
2024-01-01 00:00:06.740,-0.554208,-0.020377,10.399715,0.156398,-0.317049,-0.110807
2024-01-01 00:00:06.750,-0.306265,0.022955,10.29947,0.37116,0.071295,-0.081021
2024-01-01 00:00:06.760,-0.437289,0.023057,9.8292,-0.256588,0.129521,-0.053228
2024-01-01 00:00:06.770,0.689956,-0.047327,9.244731,0.39736,0.098707,-0.143837
2024-01-01 00:00:06.780,0.368423,0.375388,9.398641,0.070978,0.207745,-0.110014
2024-01-01 00:00:06.790,0.500675,-0.026371,9.463633,-0.001766,0.040306,-0.001651
2024-01-01 00:00:06.800,0.284158,-0.352657,9.611382,-0.099387,0.095736,-0.115534
2024-01-01 00:00:06.810,-0.444564,-0.123962,9.978872,-0.34613,0.031218,0.081529
2024-01-01 00:00:06.820,-0.20653,0.056289,10.26056,0.246932,0.13751,0.102249
2024-01-01 00:00:06.830,0.192691,0.387203,9.777795,-0.193902,-0.315446,0.357058
2024-01-01 00:00:06.840,-0.481213,0.189975,9.820159,-0.194952,-0.178716,0.168852
2024-01-01 00:00:06.850,0.280743,-0.267919,9.900283,0.247982,0.31738,0.036465
2024-01-01 00:00:06.860,-0.094628,0.782835,9.48498,-0.470746,-0.492087,-0.09304
2024-01-01 00:00:06.870,-0.147586,0.083404,9.227003,-0.380899,-0.028036,0.044062
2024-01-01 00:00:06.880,0.27994,0.401748,8.704074,-0.004534,0.234455,0.048989
2024-01-01 00:00:06.890,0.174929,-0.04779,9.372056,0.073321,-0.018652,-0.076997
2024-01-01 00:00:06.900,-0.14213,0.168008,10.108082,0.121184,-0.081002,0.11756
2024-01-01 00:00:06.910,0.456486,0.264433,9.367166,-0.07545,0.025884,-0.209715
2024-01-01 00:00:06.920,-0.425669,0.383731,9.660182,0.632592,-0.070624,-0.03666
2024-01-01 00:00:06.930,0.242525,0.333071,10.103852,-0.056973,0.00617,0.083379
2024-01-01 00:00:06.940,0.233534,0.274742,10.138034,-0.057697,-0.136676,-0.043138
2024-01-01 00:00:06.950,-0.121884,-0.099252,9.129894,-0.199247,0.221735,-0.031013
2024-01-01 00:00:06.960,0.128415,-0.1801,10.438147,0.030977,0.284653,-0.020668
2024-01-01 00:00:06.970,-0.492626,0.104771,10.520231,0.15374,-0.026678,-0.12534
2024-01-01 00:00:06.980,0.363836,0.293935,9.098195,0.300895,-0.277298,0.176085
2024-01-01 00:00:06.990,-0.072805,-0.070157,9.290983,-0.372321,-0.104769,-0.152706
2024-01-01 00:00:07.000,-0.205822,0.335529,10.560387,-0.061499,-0.036798,0.047724
2024-01-01 00:00:07.010,0.413047,0.457574,9.717482,0.111676,0.101108,0.062047
2024-01-01 00:00:07.020,-0.277335,-0.288641,8.41154,0.146764,-0.201603,-0.142293
2024-01-01 00:00:07.030,-0.554582,-0.26363,8.928201,0.001637,-0.153832,0.010966
2024-01-01 00:00:07.040,-0.612923,-0.044218,9.652897,0.135606,0.102135,-0.136445
2024-01-01 00:00:07.050,0.238616,0.096898,9.077283,-0.202241,0.187782,0.208656
2024-01-01 00:00:07.060,-0.504169,-0.165239,9.549543,0.389476,-0.124319,-0.170817
2024-01-01 00:00:07.070,0.69095,0.425944,9.83041,0.248157,-0.266643,-0.098085
2024-01-01 00:00:07.080,-0.81976,0.133581,10.73122,-0.336232,0.656824,-0.183634
2024-01-01 00:00:07.090,0.66798,0.012426,9.627014,-0.268776,0.156661,-0.203655
2024-01-01 00:00:07.100,0.083088,-0.452312,10.485701,-0.26173,-0.053401,0.238682
2024-01-01 00:00:07.110,-0.038081,-0.414482,10.710119,0.169492,0.173806,0.081416
2024-01-01 00:00:07.120,-0.214562,0.088518,10.713615,-0.321182,-0.024891,0.021044
2024-01-01 00:00:07.130,0.15716,-0.671768,9.989395,-0.082756,0.173431,-0.098487
2024-01-01 00:00:07.140,-0.014819,0.318981,8.573128,0.113676,0.031879,0.136142
2024-01-01 00:00:07.150,0.434425,-0.049818,10.10032,-0.016541,0.018254,-0.123633
2024-01-01 00:00:07.160,0.044977,1.021574,10.470492,0.064722,-0.022716,0.119046
2024-01-01 00:00:07.170,0.059181,0.726994,9.758928,-0.266451,-0.289476,-0.130877
2024-01-01 00:00:07.180,-0.143172,-0.057156,10.909088,0.148714,0.387619,-0.096676
2024-01-01 00:00:07.190,-0.022422,-0.033496,10.351695,-0.153303,-0.188307,0.113742
2024-01-01 00:00:07.200,0.121197,0.313608,10.168012,-0.081155,-0.272005,0.129574
2024-01-01 00:00:07.210,-0.673379,0.536499,10.49442,0.059433,-0.042572,0.089621
2024-01-01 00:00:07.220,-0.530848,-0.515979,10.020023,0.02577,-0.192294,-0.157451
2024-01-01 00:00:07.230,1.69266,-0.562708,12.089529,0.005995,-0.010343,-0.067009
2024-01-01 00:00:07.240,1.467278,-0.195941,13.345542,-0.187657,0.137553,0.023535
2024-01-01 00:00:07.250,1.327557,0.183562,14.414216,-0.074887,0.199061,-0.127392
2024-01-01 00:00:07.260,1.407258,0.156515,13.151217,0.000546,0.162946,0.205644
2024-01-01 00:00:07.270,1.53686,0.336978,13.519212,-0.343771,-0.061126,-0.360292
2024-01-01 00:00:07.280,-0.21253,-0.377905,9.151753,-0.115633,0.009918,-0.116811
2024-01-01 00:00:07.290,-0.306457,-0.729585,10.933871,0.09692,0.081576,-0.076435
2024-01-01 00:00:07.300,0.077114,0.270274,10.86934,-0.319359,-0.351557,-0.426592
2024-01-01 00:00:07.310,-0.385234,-0.260882,9.253163,0.289145,0.114117,-0.209434
2024-01-01 00:00:07.320,0.16075,-0.635824,9.902798,0.317403,-0.29146,0.093793
2024-01-01 00:00:07.330,-0.670392,0.045695,9.381289,-0.311288,0.408069,0.004543
2024-01-01 00:00:07.340,0.40523,0.24985,10.197415,0.339405,-0.080903,0.23597
2024-01-01 00:00:07.350,0.186085,-0.038448,10.1311,-0.035895,-0.036975,0.231784
2024-01-01 00:00:07.360,0.100812,-0.144222,10.321375,0.104629,-0.153941,0.064957
2024-01-01 00:00:07.370,0.386935,-0.050199,10.019109,-0.124163,-0.125994,0.046986
2024-01-01 00:00:07.380,0.655781,-0.116734,11.659306,0.230761,0.454819,0.00989
2024-01-01 00:00:07.390,0.399408,-0.424635,9.162408,0.101524,0.188074,-0.398262
2024-01-01 00:00:07.400,-0.724844,-0.225124,8.73232,-0.203538,-0.30984,-0.209184
2024-01-01 00:00:07.410,-0.503833,0.164203,9.562353,-0.2913,0.300843,0.015101
2024-01-01 00:00:07.420,-0.246022,0.101329,8.822167,-0.365076,0.238648,0.092404
2024-01-01 00:00:07.430,0.010273,0.052939,8.869749,0.046985,-0.056242,0.04345
2024-01-01 00:00:07.440,0.203828,-0.313472,9.179172,0.143118,0.061339,-0.13387
2024-01-01 00:00:07.450,-0.285762,-0.057173,9.229021,0.162741,-0.002989,0.140611
2024-01-01 00:00:07.460,0.073539,-0.685775,9.208591,-0.029495,0.394516,0.222367
2024-01-01 00:00:07.470,-0.297432,0.05622,10.136478,-0.289249,-0.159258,0.140698
2024-01-01 00:00:07.480,-0.240785,0.45009,9.491101,-0.170519,0.029202,0.14844
2024-01-01 00:00:07.490,-0.553873,-0.464352,9.696906,0.288087,-0.085629,-0.083884
2024-01-01 00:00:07.500,-0.363523,-0.184567,10.373367,-0.121157,-0.286608,0.16139
2024-01-01 00:00:07.510,-0.532226,0.103669,9.327217,0.035854,0.438328,0.021864
2024-01-01 00:00:07.520,-0.38425,0.394645,9.643336,-0.268913,-0.236313,0.076733
2024-01-01 00:00:07.530,0.414871,-0.141191,10.040429,0.084146,0.044026,0.054815
2024-01-01 00:00:07.540,-0.373826,-0.218059,8.586812,-0.114421,-0.34814,-0.018223
2024-01-01 00:00:07.550,1.0365,-0.620211,8.30751,0.261678,-0.079814,-0.129
2024-01-01 00:00:07.560,0.194244,0.032583,10.028054,0.193389,0.084394,-0.01232
2024-01-01 00:00:07.570,0.072779,0.643254,10.119969,-0.123926,-0.164947,0.148014
2024-01-01 00:00:07.580,-0.337978,0.087368,11.110459,-0.031666,0.11736,-0.066221
2024-01-01 00:00:07.590,0.275747,-0.007018,9.9096,-0.137779,-0.053808,0.134002
2024-01-01 00:00:07.600,-0.226657,0.101456,10.326436,-0.354858,0.232017,0.110561
2024-01-01 00:00:07.610,0.048041,-0.003494,9.686852,-0.214361,0.272352,-0.044841
2024-01-01 00:00:07.620,1.008033,-0.2561,9.997253,0.049554,-0.117349,0.20832
2024-01-01 00:00:07.630,-0.037824,0.259333,10.860372,0.081315,0.015347,-0.053332
2024-01-01 00:00:07.640,0.452526,0.071115,8.471885,0.037137,0.036691,0.226432
2024-01-01 00:00:07.650,-0.276876,0.005548,10.070578,-0.075433,0.12387,0.065119
2024-01-01 00:00:07.660,1.386223,-0.30724,15.00542,0.233267,0.002876,-0.00238
2024-01-01 00:00:07.670,2.097253,0.410605,13.837682,0.015885,0.038042,-0.13317
2024-01-01 00:00:07.680,1.153132,0.209381,14.699861,0.175813,-0.048681,-0.013239
2024-01-01 00:00:07.690,2.113652,-0.17417,13.263596,-0.443444,0.023048,-0.030564
2024-01-01 00:00:07.700,1.678677,0.315575,13.63981,-0.9806,0.259588,-0.188744
2024-01-01 00:00:07.710,-0.221471,-0.156735,9.831121,0.070947,0.129217,-0.032642
2024-01-01 00:00:07.720,0.249011,-0.246331,8.412918,-0.356191,0.140251,-0.12057
2024-01-01 00:00:07.730,0.382943,-0.239306,9.074048,-0.053113,0.144614,0.087899
2024-01-01 00:00:07.740,0.244838,-0.557887,9.118969,-0.075524,-0.030762,0.195942
2024-01-01 00:00:07.750,-0.618276,0.148536,10.327902,0.39685,0.063765,-0.184037
2024-01-01 00:00:07.760,-0.28631,-0.576811,10.359456,0.099999,-0.217035,0.256846
2024-01-01 00:00:07.770,-0.09746,-0.38696,10.014143,0.041465,0.253762,-0.019283
2024-01-01 00:00:07.780,-0.029308,-0.65381,10.329185,0.209248,-0.556592,-0.146253
2024-01-01 00:00:07.790,0.24439,-0.027112,9.706586,0.092124,-0.01743,0.113663
2024-01-01 00:00:07.800,0.06997,-0.047351,10.567217,-0.114419,0.228179,-0.066968
2024-01-01 00:00:07.810,-0.525792,-0.102909,9.815537,0.267869,-0.272774,-0.012261
2024-01-01 00:00:07.820,0.149703,-0.328412,9.846454,-0.277438,0.079956,-0.060642
2024-01-01 00:00:07.830,0.240418,-0.369254,9.642677,0.080812,-0.136153,-0.122511
2024-01-01 00:00:07.840,0.220417,0.146277,10.241204,-0.386892,-0.073761,0.1086
2024-01-01 00:00:07.850,0.425557,-0.173424,9.544645,0.050986,0.189188,-0.042945
2024-01-01 00:00:07.860,0.328357,0.099653,10.425152,0.048247,0.039611,-0.215498
2024-01-01 00:00:07.870,0.180802,-0.278853,9.096746,0.419114,-0.406871,0.082659
2024-01-01 00:00:07.880,-0.027628,0.057035,9.117683,-0.391243,-0.195285,-0.180837
2024-01-01 00:00:07.890,-0.654003,0.410533,10.243079,-0.150222,0.195067,-0.172989
2024-01-01 00:00:07.900,0.169162,0.184642,9.754217,0.205671,0.089789,0.178891
2024-01-01 00:00:07.910,0.081777,-0.12991,9.524048,0.083829,0.349627,-0.179451
2024-01-01 00:00:07.920,0.106934,0.081018,10.370736,0.045076,0.33653,-0.347467
2024-01-01 00:00:07.930,-0.50272,-0.07581,9.427425,-0.239034,-0.068449,0.093429
2024-01-01 00:00:07.940,-0.425666,0.002482,9.683873,-0.147705,0.500648,-0.04558
2024-01-01 00:00:07.950,0.414679,-0.102567,10.691514,0.31126,0.004896,-0.032648
2024-01-01 00:00:07.960,-0.015575,-0.051766,10.77966,-0.012877,-0.192534,-0.047175
2024-01-01 00:00:07.970,0.268341,0.066809,10.800611,0.09384,-0.126728,0.03475
2024-01-01 00:00:07.980,0.01115,-0.312908,9.632261,-0.028797,-0.451345,-0.112908
2024-01-01 00:00:07.990,0.011716,-0.320002,10.585343,-0.295771,0.321404,0.221417
2024-01-01 00:00:08.000,0.369449,-0.437391,9.21216,0.233453,0.318952,-0.221435
2024-01-01 00:00:08.010,-0.203193,-0.504085,9.238651,0.125808,-0.203101,0.066731
2024-01-01 00:00:08.020,0.037848,-0.383444,8.329213,0.576409,-0.045577,0.096318
2024-01-01 00:00:08.030,-0.182021,0.050231,10.863907,-0.253895,0.019122,-0.113948
2024-01-01 00:00:08.040,-0.171083,-0.281228,9.265693,0.205643,-0.192071,-0.15356
2024-01-01 00:00:08.050,-0.121737,0.161789,9.730284,-0.327886,-0.35102,0.152576
2024-01-01 00:00:08.060,0.087465,0.010935,9.236496,0.039337,-0.042072,-0.148629
2024-01-01 00:00:08.070,-0.188507,-0.620079,10.247954,0.244127,-0.064216,-0.091
2024-01-01 00:00:08.080,0.494454,0.206317,9.573351,-0.518034,-0.077682,0.133096
2024-01-01 00:00:08.090,-0.352252,0.255402,8.987965,-0.051233,0.044543,0.005211
2024-01-01 00:00:08.100,-0.073581,-0.313067,10.088247,-0.140802,0.285904,-0.269572
2024-01-01 00:00:08.110,-0.173144,0.13236,8.90675,-0.175489,-0.060619,0.262059
2024-01-01 00:00:08.120,0.569748,-0.269797,9.282434,0.096303,0.034089,-0.079502
2024-01-01 00:00:08.130,0.077393,0.030766,8.48266,0.280171,0.145374,-0.060414
2024-01-01 00:00:08.140,0.406289,-0.398317,8.912906,-0.03332,0.110829,0.038368
2024-01-01 00:00:08.150,-0.584939,-0.564829,9.922473,0.051372,-0.122885,0.093762
2024-01-01 00:00:08.160,0.105151,-0.120587,8.572342,0.028577,0.019275,0.294166
2024-01-01 00:00:08.170,0.350292,-0.038975,8.876878,0.000451,0.109508,-0.24901
2024-01-01 00:00:08.180,0.032399,-0.125269,9.808508,-0.272336,-0.22567,0.123893
2024-01-01 00:00:08.190,0.419533,-0.37297,9.467528,0.277111,0.252708,0.111451
2024-01-01 00:00:08.200,-0.203682,-0.125968,11.064983,0.073799,0.286318,-0.020575
2024-01-01 00:00:08.210,0.554931,0.084828,10.965355,0.09872,-0.144556,0.118091
2024-01-01 00:00:08.220,0.905191,-0.014141,9.263209,-0.201627,0.038734,0.140141
2024-01-01 00:00:08.230,-0.142868,0.057488,10.160997,-0.114805,0.128456,-0.207294
2024-01-01 00:00:08.240,-0.175417,-0.211086,10.282048,-0.044034,-0.109123,0.262465
2024-01-01 00:00:08.250,0.57227,0.369091,9.433588,-0.383531,0.096323,-0.233814
2024-01-01 00:00:08.260,0.621957,-0.370495,8.867809,-0.422009,0.032651,-0.170297
2024-01-01 00:00:08.270,-0.205876,0.153581,9.802252,-0.150187,-0.293584,-0.039268
2024-01-01 00:00:08.280,-0.165449,0.372296,9.701107,0.13063,0.091832,0.288741
2024-01-01 00:00:08.290,-0.110953,0.151486,9.535468,-0.163284,-0.220028,-0.046238
2024-01-01 00:00:08.300,-0.529377,-0.063795,10.08866,-0.254701,0.187841,-0.00479
2024-01-01 00:00:08.310,-0.361719,-0.166414,9.33704,-0.203671,-0.134242,0.214812
2024-01-01 00:00:08.320,-0.39538,0.326368,9.084242,-0.113836,-0.032257,-0.045048
2024-01-01 00:00:08.330,-0.30232,-0.448237,9.878722,-0.088465,0.274456,-0.176766
2024-01-01 00:00:08.340,-0.013657,-0.305589,10.053161,0.54138,0.099276,-0.062585
2024-01-01 00:00:08.350,0.092222,-0.125231,9.068714,0.263655,-0.215895,0.205619
2024-01-01 00:00:08.360,0.61051,0.389861,10.394697,0.256194,-0.202983,0.01063
2024-01-01 00:00:08.370,-0.393102,0.119627,8.694597,0.292145,-0.119861,0.289599
2024-01-01 00:00:08.380,0.387577,-0.304934,9.445789,-0.249705,0.078929,0.11069
2024-01-01 00:00:08.390,-0.084258,-0.097747,9.647455,-0.305591,0.07166,-0.096721
2024-01-01 00:00:08.400,-0.019476,-0.193512,9.409179,-0.276718,-0.16862,0.007661
2024-01-01 00:00:08.410,0.26571,-0.223584,9.454012,0.333627,-0.233442,-0.127983
2024-01-01 00:00:08.420,-0.442072,0.30835,10.988777,-0.136798,0.056317,-0.100265
2024-01-01 00:00:08.430,0.150574,-0.432099,9.273943,-0.312839,-0.036372,0.671863
2024-01-01 00:00:08.440,0.065541,0.506766,11.34797,-0.107749,0.431443,0.152794
2024-01-01 00:00:08.450,0.193903,0.260892,10.08539,-0.059651,0.007321,0.129165
2024-01-01 00:00:08.460,0.11386,0.343621,9.867995,0.067103,0.362851,-0.093477
2024-01-01 00:00:08.470,0.966774,-0.145826,10.110031,0.062738,-0.234077,0.235438
2024-01-01 00:00:08.480,-0.25111,-0.047231,11.403854,-0.207045,-0.314643,0.164912
2024-01-01 00:00:08.490,-0.20908,-0.451443,9.184036,0.171414,-0.224017,0.282243
2024-01-01 00:00:08.500,-0.245362,-0.165269,9.104137,-0.159798,0.237826,0.274967
2024-01-01 00:00:08.510,-0.218719,0.155501,9.334434,-0.039069,0.35122,-0.221863
2024-01-01 00:00:08.520,-0.250971,0.40826,9.83025,0.171694,-0.156436,-0.166476
2024-01-01 00:00:08.530,0.468175,-0.348754,8.722764,-0.160455,-0.092113,-0.150568
2024-01-01 00:00:08.540,0.559324,-0.115134,9.824074,-0.142338,-0.233796,-0.141591
2024-01-01 00:00:08.550,-0.224731,-0.047659,10.876935,0.147917,-0.362328,0.048518
2024-01-01 00:00:08.560,-0.32774,-0.439674,9.905387,-0.214433,0.143682,-0.085021
2024-01-01 00:00:08.570,0.18562,0.186275,9.625608,-0.096198,0.044604,0.31089
2024-01-01 00:00:08.580,-0.217438,-0.228057,9.420559,0.138936,0.002098,0.285702
2024-01-01 00:00:08.590,0.249217,-0.061548,10.376062,0.513523,-0.280011,-0.000969
2024-01-01 00:00:08.600,0.079901,-0.142364,9.289725,0.151351,0.327991,0.293299
2024-01-01 00:00:08.610,-0.596824,-0.248642,10.973229,0.11816,-0.100671,0.22322
2024-01-01 00:00:08.620,0.60933,-0.002219,11.028017,0.1327,0.106725,-0.067606
2024-01-01 00:00:08.630,0.707127,-0.067917,9.971753,-0.268298,-0.290912,-0.301382
2024-01-01 00:00:08.640,-0.241286,-0.117135,9.802745,0.028899,-0.038105,-0.032695
2024-01-01 00:00:08.650,-0.152657,-0.229465,10.459316,-0.007442,0.058275,-0.096693
2024-01-01 00:00:08.660,1.512559,0.10065,14.349723,0.080396,0.065415,0.030976
2024-01-01 00:00:08.670,1.531692,0.520889,13.152225,0.029127,0.03093,0.013384
2024-01-01 00:00:08.680,1.659302,0.044064,13.32827,0.094925,0.098904,0.009453
2024-01-01 00:00:08.690,2.191518,0.313777,12.826921,-0.077867,-0.226104,0.078553
2024-01-01 00:00:08.700,1.330327,-0.43792,13.917711,0.014652,0.039475,-0.181878
2024-01-01 00:00:08.710,-0.31433,0.049695,10.229976,-0.306957,0.022752,0.061704
2024-01-01 00:00:08.720,-0.543107,-0.345671,8.959547,-0.079977,0.046335,-0.065942
2024-01-01 00:00:08.730,-0.287804,-0.465231,9.523225,0.347708,0.014469,0.029997
2024-01-01 00:00:08.740,-0.013044,-0.232902,8.96123,0.079702,-0.254643,0.143611
2024-01-01 00:00:08.750,0.706607,0.375448,9.243756,-0.00523,-0.26356,-0.18366
2024-01-01 00:00:08.760,-0.203809,0.299255,10.157141,0.474031,-0.442854,-0.042194
2024-01-01 00:00:08.770,0.088117,0.076546,9.347906,-0.340209,0.163507,-0.01778
2024-01-01 00:00:08.780,-0.006467,-0.482801,9.62048,-0.277364,0.165532,-0.07714
2024-01-01 00:00:08.790,0.46793,-0.061828,8.784794,0.428178,0.16871,0.134974
2024-01-01 00:00:08.800,0.99498,0.095036,9.927804,0.01149,0.061358,-0.108058
2024-01-01 00:00:08.810,-0.20903,0.055294,9.782108,-0.060646,-0.426624,-0.08331
2024-01-01 00:00:08.820,-0.192717,-0.580795,9.350756,-0.299801,-0.205342,-0.106488
2024-01-01 00:00:08.830,0.411138,-0.28045,9.690921,0.111924,0.034083,0.163808
2024-01-01 00:00:08.840,0.268495,-0.020184,9.923586,0.136115,0.027104,-0.073867
2024-01-01 00:00:08.850,0.727141,0.168932,9.296633,-0.273624,-0.04455,0.069007
2024-01-01 00:00:08.860,0.229922,-0.69178,8.879955,-0.035069,0.073783,0.296356
2024-01-01 00:00:08.870,-0.141471,-0.051069,10.947512,-0.083879,0.00233,-0.011223
2024-01-01 00:00:08.880,0.23257,0.04506,9.411038,0.063994,0.024154,0.166809
2024-01-01 00:00:08.890,0.436552,0.267628,9.749041,-0.279813,-0.127813,0.250703
2024-01-01 00:00:08.900,0.323065,0.21825,10.446829,0.312987,0.196402,0.154079
2024-01-01 00:00:08.910,0.199739,0.18351,12.033305,0.228956,-0.086154,-0.00252
2024-01-01 00:00:08.920,0.420003,-0.251981,9.025974,-0.090794,-0.26613,0.096316
2024-01-01 00:00:08.930,0.46041,-0.601021,10.093391,-0.054105,-0.1542,-0.193107
2024-01-01 00:00:08.940,0.544225,-0.123812,9.364242,-0.034106,-0.069693,-0.117006
2024-01-01 00:00:08.950,0.25543,0.315514,9.470562,-0.194577,0.198801,-0.090701
2024-01-01 00:00:08.960,-0.065803,0.438938,9.356266,-0.110857,-0.008454,0.336092
2024-01-01 00:00:08.970,0.057769,0.223823,9.100837,-0.067568,-0.03723,-0.121888
2024-01-01 00:00:08.980,0.475063,0.135242,9.783986,0.403217,-0.249733,-0.124122
2024-01-01 00:00:08.990,-0.321668,0.119586,8.881063,0.236655,0.157097,-0.156588
2024-01-01 00:00:09.000,0.145165,-0.175177,10.406489,0.233664,-0.13039,0.083972
2024-01-01 00:00:09.010,-0.154877,-0.040969,9.844652,0.092481,-0.020006,0.021393
2024-01-01 00:00:09.020,0.011318,0.525757,10.076134,-0.279332,0.296037,0.163014
2024-01-01 00:00:09.030,0.50339,-0.296906,9.516301,-0.010373,0.101753,0.100689
2024-01-01 00:00:09.040,0.075245,0.508655,9.578662,0.242622,-0.325651,-0.207058
2024-01-01 00:00:09.050,0.018284,-0.101439,9.991165,-0.314566,-0.353902,-0.121092
2024-01-01 00:00:09.060,-0.535443,0.417511,9.076648,0.159138,-0.012862,0.204799
2024-01-01 00:00:09.070,0.293837,-0.443147,9.584466,0.580652,-0.242548,-0.030495
2024-01-01 00:00:09.080,0.254159,0.18456,9.268443,0.265454,0.129709,0.178139
2024-01-01 00:00:09.090,0.851782,-0.232083,9.248942,0.353507,0.008453,-0.022452
2024-01-01 00:00:09.100,1.278812,-0.445809,12.330802,0.054585,0.033077,-0.145148
2024-01-01 00:00:09.110,1.48629,0.068838,14.503776,0.241983,-0.141349,-0.045489
2024-01-01 00:00:09.120,1.498195,0.317984,13.227481,-0.179463,0.348277,-0.145207
2024-01-01 00:00:09.130,2.021122,-0.266157,14.392927,0.198966,0.568519,-0.084833
2024-01-01 00:00:09.140,1.362477,-0.47219,14.333339,0.163597,-0.055717,0.030139
2024-01-01 00:00:09.150,0.109865,-0.028931,8.99982,0.072478,0.070608,0.076741
2024-01-01 00:00:09.160,0.239359,-0.027542,9.124301,0.329002,0.019483,-0.238529
2024-01-01 00:00:09.170,0.073477,0.172721,11.423117,-0.134696,-0.051937,-0.002605
2024-01-01 00:00:09.180,-0.175783,0.299122,10.913083,-0.046764,-0.166414,-0.087992
2024-01-01 00:00:09.190,0.076423,-0.018716,9.790143,0.023866,-0.216994,-0.097262
2024-01-01 00:00:09.200,0.422743,0.584484,9.972145,-0.257403,-0.227119,0.019903
2024-01-01 00:00:09.210,-0.40419,0.070634,9.412567,0.056733,0.081048,-0.082568
2024-01-01 00:00:09.220,0.052357,-0.109124,10.082382,-0.429733,-0.103935,0.207321
2024-01-01 00:00:09.230,-0.275673,-0.507644,9.358175,0.261739,-0.515659,0.178209
2024-01-01 00:00:09.240,0.47055,-0.082738,8.529617,0.011659,0.088972,0.177274
2024-01-01 00:00:09.250,-0.599755,-0.105962,8.97742,-0.130223,-0.007652,-0.074237
2024-01-01 00:00:09.260,-0.220075,0.302496,9.823288,-0.208593,0.269335,-0.144375
2024-01-01 00:00:09.270,0.148527,0.145682,9.097428,-0.058645,0.074624,0.012304
2024-01-01 00:00:09.280,0.616425,-0.371501,9.767615,0.172065,-0.295735,-0.022552
2024-01-01 00:00:09.290,-0.025889,0.05426,9.132964,0.136935,-0.445935,-0.091323
2024-01-01 00:00:09.300,-0.21861,0.211532,9.317117,-0.176384,-0.143894,-0.17636
2024-01-01 00:00:09.310,0.740706,0.48133,10.347494,-0.21151,-0.125021,-0.006228
2024-01-01 00:00:09.320,-0.570155,0.279564,9.965913,0.164225,0.188632,-0.06061
2024-01-01 00:00:09.330,-0.86578,0.239667,9.803911,-0.180587,-0.001774,0.103252
2024-01-01 00:00:09.340,0.173256,0.018927,10.363747,0.014977,0.226738,0.099766
2024-01-01 00:00:09.350,-0.197684,0.122318,10.112783,0.030939,-0.264967,0.16512
2024-01-01 00:00:09.360,-0.40211,0.393594,10.721335,0.078016,0.193053,-0.188894
2024-01-01 00:00:09.370,0.278915,-0.419825,9.520289,0.214568,0.144198,0.060159
2024-01-01 00:00:09.380,0.095997,-0.110073,9.53933,-0.315741,-0.403647,-0.10912
2024-01-01 00:00:09.390,-0.222106,-0.243359,8.990301,-0.47779,0.264524,-0.183062
2024-01-01 00:00:09.400,-0.50412,0.119433,9.539742,-0.141862,0.018692,-0.06429
2024-01-01 00:00:09.410,0.34353,0.38752,10.417805,0.450382,0.078409,0.160306
2024-01-01 00:00:09.420,0.256017,-0.188047,10.628992,0.505544,-0.172979,-0.055848
2024-01-01 00:00:09.430,-0.03905,-0.752946,10.414992,0.457794,0.255049,0.234818
2024-01-01 00:00:09.440,0.727113,-0.12985,8.679659,-0.048245,-0.23717,0.082332
2024-01-01 00:00:09.450,-0.421346,0.287744,10.492381,-0.445529,0.166418,-0.059114
2024-01-01 00:00:09.460,-0.600676,0.169353,8.651733,-0.58576,0.164121,0.174007
2024-01-01 00:00:09.470,-0.272439,0.134879,10.375814,-0.15351,-0.194833,0.06681
2024-01-01 00:00:09.480,-0.017949,-0.088198,9.578296,-0.049518,0.396675,-0.139884
2024-01-01 00:00:09.490,0.095815,-0.402895,10.252596,0.325156,0.046306,0.27882
2024-01-01 00:00:09.500,-0.094987,0.162318,8.970558,0.216951,0.130779,0.038922
2024-01-01 00:00:09.510,0.138622,-0.262799,10.547836,0.056851,-0.305424,0.002819
2024-01-01 00:00:09.520,-0.492794,0.68799,8.887066,-0.222461,0.423546,-0.12833
2024-01-01 00:00:09.530,0.568482,0.17971,9.388873,-0.240195,-0.244911,0.176931
2024-01-01 00:00:09.540,-0.032347,-0.182904,9.1812,0.063532,0.204977,0.077591
2024-01-01 00:00:09.550,0.439935,-0.192586,8.704801,0.174263,-0.198954,0.094386
2024-01-01 00:00:09.560,0.134948,-0.029277,9.869552,0.09797,-0.123798,-0.07613
2024-01-01 00:00:09.570,0.179847,-0.075443,10.947836,-0.258649,0.157751,0.125115
2024-01-01 00:00:09.580,0.224346,0.351803,11.49015,0.162667,0.205511,0.136772
2024-01-01 00:00:09.590,0.176285,0.058721,9.871208,0.106478,-0.254257,-0.100317
2024-01-01 00:00:09.600,0.253072,-0.230464,10.513509,-0.267667,0.218094,-0.212549
2024-01-01 00:00:09.610,0.523354,0.595489,9.95622,-0.19608,0.208996,0.087206
2024-01-01 00:00:09.620,0.07738,0.015532,10.124296,0.172124,-0.187591,-0.236002
2024-01-01 00:00:09.630,0.27917,0.242184,9.594446,-0.058627,0.31973,0.022802
2024-01-01 00:00:09.640,-0.035333,-0.191591,9.932898,0.397287,-0.291372,-0.067087
2024-01-01 00:00:09.650,0.567046,0.114381,10.148612,0.125282,-0.124955,0.1828
2024-01-01 00:00:09.660,-0.266329,0.098,9.44557,-0.121658,0.095801,-0.058927
2024-01-01 00:00:09.670,0.70912,-0.59524,9.761179,-0.002551,-0.170713,0.166091
2024-01-01 00:00:09.680,-0.015812,0.634812,9.773189,0.015846,0.052764,-0.077131
2024-01-01 00:00:09.690,-0.563368,0.406553,10.330634,-0.182098,0.048215,0.149999
2024-01-01 00:00:09.700,0.050441,-0.125117,9.1384,-0.228147,-0.037415,0.309051
2024-01-01 00:00:09.710,-0.268164,-0.347215,9.777528,0.175347,0.16648,-0.160207
2024-01-01 00:00:09.720,0.331003,0.109482,11.014563,0.211318,-0.045672,0.043805
2024-01-01 00:00:09.730,-0.256971,0.02731,10.543358,0.150945,0.046308,0.412317
2024-01-01 00:00:09.740,-0.175685,0.112036,10.659983,0.37883,0.229294,0.009988
2024-01-01 00:00:09.750,-0.744007,0.060347,9.825392,-0.135443,0.158137,0.009268
2024-01-01 00:00:09.760,-0.178096,0.159466,10.012228,0.418568,0.157203,0.118275
2024-01-01 00:00:09.770,-0.954402,0.455901,10.441409,-0.22523,-0.229836,0.006162
2024-01-01 00:00:09.780,-0.623662,0.178953,10.792961,-0.253171,0.104959,-0.256084
2024-01-01 00:00:09.790,0.299413,-0.330641,8.58049,-0.43999,-0.1757,0.169843
2024-01-01 00:00:09.800,0.309409,0.429207,8.981272,-0.111449,-0.256283,-0.300442
2024-01-01 00:00:09.810,0.167524,0.516794,10.63495,-0.125931,-0.014341,-0.062519
2024-01-01 00:00:09.820,-0.380747,0.992898,9.63556,0.131484,-0.180859,0.181114
2024-01-01 00:00:09.830,-0.018786,-0.353901,9.386816,0.060973,0.158124,-0.053481
2024-01-01 00:00:09.840,-0.001418,0.076508,9.019879,-0.298243,0.162907,-0.104054
2024-01-01 00:00:09.850,-0.456106,-0.655861,9.460339,-0.098182,-0.380525,0.13189
2024-01-01 00:00:09.860,0.591963,0.174242,8.926507,-0.092866,-0.165661,-0.127667
2024-01-01 00:00:09.870,0.345461,-0.172683,11.127389,-0.443996,-0.291957,-0.183334
2024-01-01 00:00:09.880,-0.087005,0.605885,9.795865,-0.245237,-0.092526,0.041177
2024-01-01 00:00:09.890,0.010586,-0.244004,9.773491,-0.192703,0.091035,-0.027438
2024-01-01 00:00:09.900,0.082051,-0.532093,10.180488,0.358406,-0.048458,-0.186551
2024-01-01 00:00:09.910,-0.803933,-0.148448,10.416277,0.047863,-0.117952,0.095543
2024-01-01 00:00:09.920,-0.097326,-0.622279,10.40591,0.165542,0.260035,0.069673
2024-01-01 00:00:09.930,-0.268531,0.236596,10.486382,-0.374659,-0.460971,-0.053963
2024-01-01 00:00:09.940,-0.394388,-0.650501,9.412567,0.298554,0.247374,-0.0437
2024-01-01 00:00:09.950,-0.110683,0.008964,9.622344,0.325276,-0.108858,0.070559
2024-01-01 00:00:09.960,0.707839,-0.654511,10.29449,-0.499586,-0.015622,0.178554
2024-01-01 00:00:09.970,0.252332,-0.100894,9.477745,-0.176329,-0.105473,-0.042419
2024-01-01 00:00:09.980,-0.224902,0.517664,9.806783,0.123941,0.308578,0.098203
2024-01-01 00:00:09.990,0.225454,0.113604,10.061221,0.161097,-0.246196,0.08478
2024-01-01 00:00:10.000,0.550996,-0.272,10.304667,-0.169624,0.002347,0.131896
2024-01-01 00:00:10.010,0.364075,-0.009829,8.690061,-0.076375,0.105488,0.005896
2024-01-01 00:00:10.020,0.023479,0.005675,10.26029,-0.149345,-0.322201,-0.136849
2024-01-01 00:00:10.030,-0.254731,0.148879,9.662754,0.027605,-0.18398,-0.069375
2024-01-01 00:00:10.040,0.274925,-0.43056,10.255698,0.299295,-0.029636,0.051428
2024-01-01 00:00:10.050,0.154935,0.186659,10.299467,-0.192761,-0.177333,0.27277
2024-01-01 00:00:10.060,0.352482,-0.851883,10.822986,0.250205,-0.163118,-0.072603
2024-01-01 00:00:10.070,0.250099,-0.198414,10.662676,-0.195418,-0.069973,0.120718
2024-01-01 00:00:10.080,0.413261,-0.153806,10.65834,-0.211907,0.129916,-0.049208
2024-01-01 00:00:10.090,-0.210749,0.199498,10.719512,0.204649,-0.068544,0.01657
2024-01-01 00:00:10.100,1.918724,0.007129,13.843569,0.230484,0.215685,0.22731
2024-01-01 00:00:10.110,1.477805,-0.442752,13.680277,0.212852,-0.199552,0.114644
2024-01-01 00:00:10.120,2.217134,-0.310273,14.209875,-0.328949,-0.250384,-0.186195
2024-01-01 00:00:10.130,1.128632,0.062584,14.121211,-0.116488,0.385269,-0.085871
2024-01-01 00:00:10.140,2.083536,-0.024906,13.465288,0.205747,-0.131592,0.188433
2024-01-01 00:00:10.150,0.077927,-0.182424,10.065039,0.010385,-0.262182,0.021282
2024-01-01 00:00:10.160,-0.256496,-0.151463,9.787889,-0.268423,-0.348411,-0.172326
2024-01-01 00:00:10.170,-0.19053,0.219293,9.272022,0.114579,0.215021,-0.122843
2024-01-01 00:00:10.180,-0.126137,-0.163073,10.62299,-0.178702,-0.068261,0.105524
2024-01-01 00:00:10.190,0.167015,-0.027749,9.844776,0.448631,-0.050742,0.149162
2024-01-01 00:00:10.200,0.205866,0.68353,11.100686,0.38621,-0.03184,0.002678
2024-01-01 00:00:10.210,-0.225894,-0.44846,8.78594,0.151024,0.202589,0.371297
2024-01-01 00:00:10.220,-0.00959,-0.58333,9.459229,0.340252,-0.035906,0.123623
2024-01-01 00:00:10.230,0.843519,0.246831,9.830562,0.016198,0.468811,-0.036522
2024-01-01 00:00:10.240,0.68022,-0.213773,10.52655,0.191359,0.026752,-0.122356
2024-01-01 00:00:10.250,0.171802,-0.100245,10.061666,0.36943,0.212357,-0.146233
2024-01-01 00:00:10.260,0.014964,-0.246064,10.005598,0.061375,0.161048,0.050313
2024-01-01 00:00:10.270,0.047262,-0.081837,9.099824,-0.063797,-0.007289,-0.073317
2024-01-01 00:00:10.280,0.241573,0.50354,9.081127,-0.426155,-0.117394,0.251062
2024-01-01 00:00:10.290,-0.402725,0.25267,10.013178,-0.020783,0.066393,0.219947
2024-01-01 00:00:10.300,-0.101342,0.2716,8.950613,0.205856,0.10202,0.09496
2024-01-01 00:00:10.310,-0.657005,-0.446112,9.474917,0.236408,-0.114517,-0.176849
2024-01-01 00:00:10.320,0.157194,-0.362613,10.125578,0.126091,0.033268,-0.100833
2024-01-01 00:00:10.330,0.254833,-0.89431,9.191136,-0.135325,0.247241,0.188352
2024-01-01 00:00:10.340,-0.190255,-0.254955,10.821374,-0.494205,0.41399,-0.08446
2024-01-01 00:00:10.350,0.619757,0.301362,10.58108,-0.123804,0.170874,0.168321
2024-01-01 00:00:10.360,-0.482645,0.162838,8.820005,-0.076086,0.372552,0.071191
2024-01-01 00:00:10.370,-0.576598,-0.069777,9.222606,-0.078232,-0.125875,0.007758
2024-01-01 00:00:10.380,0.088378,-0.007025,8.36996,0.154639,0.140376,-0.105425
2024-01-01 00:00:10.390,0.412295,-0.216999,9.316967,0.496419,0.267704,-0.014137
2024-01-01 00:00:10.400,0.663047,0.064499,10.292825,0.030882,-0.179267,0.028447
2024-01-01 00:00:10.410,-0.180686,0.241252,9.549246,-0.054183,-0.097118,0.154881
2024-01-01 00:00:10.420,0.424731,-0.509004,10.100302,-0.064805,0.347581,-0.13286
2024-01-01 00:00:10.430,-0.015163,0.094389,8.850929,0.031096,-0.19502,-0.039423
2024-01-01 00:00:10.440,-0.067972,0.293717,10.312724,-0.207073,-0.268226,0.006723
2024-01-01 00:00:10.450,0.347941,-0.130757,9.460281,0.03005,0.305596,0.099402
2024-01-01 00:00:10.460,0.256852,0.220721,9.817667,0.112703,0.239353,-0.13627
2024-01-01 00:00:10.470,-0.620704,0.886616,9.751489,0.052422,0.086424,-0.197485
2024-01-01 00:00:10.480,0.581388,-0.032868,9.008924,0.114385,-0.009142,0.101095
2024-01-01 00:00:10.490,0.543411,0.123892,9.083557,0.108437,-0.087705,-0.227692
2024-01-01 00:00:10.500,-0.246315,-0.232488,10.419711,-0.442974,0.05639,0.192747
2024-01-01 00:00:10.510,0.155848,0.057094,10.061365,0.159218,0.315961,-0.023389
2024-01-01 00:00:10.520,0.194524,0.144986,10.471531,-0.167754,0.047713,-0.23213
2024-01-01 00:00:10.530,1.50264,0.061375,13.864535,-0.27396,0.433392,-0.072063
2024-01-01 00:00:10.540,1.183317,-0.321204,13.750084,-0.276113,-0.179588,0.056869
2024-01-01 00:00:10.550,1.135548,0.065004,12.572613,0.108385,-0.003936,-0.079905
2024-01-01 00:00:10.560,1.389938,0.460592,13.489669,-0.055644,-0.074612,0.003004
2024-01-01 00:00:10.570,1.861762,0.14132,13.642748,-0.420492,-0.217028,0.111012
2024-01-01 00:00:10.580,0.214043,0.303026,11.040458,0.119509,-0.030617,-0.030329
2024-01-01 00:00:10.590,-0.145929,-0.074659,10.242783,-0.359902,0.083466,-0.140559
2024-01-01 00:00:10.600,0.303856,0.236219,10.777719,0.034955,0.104846,-0.044848
2024-01-01 00:00:10.610,-1.121614,0.087969,10.186449,0.059625,0.43409,0.212226
2024-01-01 00:00:10.620,0.452326,-0.299537,9.361879,0.221394,0.092893,0.25276
2024-01-01 00:00:10.630,-0.685012,0.100334,9.883788,0.445421,0.230027,-0.302989
2024-01-01 00:00:10.640,-0.142711,-0.312384,9.958821,-0.341169,0.013219,0.163654
2024-01-01 00:00:10.650,-0.44087,-0.199357,9.218332,-0.013118,0.335611,0.037522
2024-01-01 00:00:10.660,-0.509781,0.059638,9.567836,-0.069084,0.47969,0.138597
2024-01-01 00:00:10.670,0.457076,0.093632,9.680367,0.108437,0.106217,-0.082573
2024-01-01 00:00:10.680,-0.184157,-0.374608,10.82154,0.053917,-0.198532,-0.26524
2024-01-01 00:00:10.690,0.136436,0.332006,8.499133,-0.088137,-0.109761,0.087673
2024-01-01 00:00:10.700,-0.018475,0.180182,10.569666,-0.110226,0.056387,-0.141147
2024-01-01 00:00:10.710,0.187835,-0.221989,9.219819,-0.279113,0.0913,-0.208244
2024-01-01 00:00:10.720,0.030249,-0.484339,8.94559,0.246965,0.139685,-0.19776
2024-01-01 00:00:10.730,-0.505178,-0.045645,10.553364,0.114801,0.09204,0.090137
2024-01-01 00:00:10.740,0.39228,-0.140472,10.271096,0.229442,0.001397,0.020918
2024-01-01 00:00:10.750,-0.194417,0.035639,10.600347,-0.077599,-0.12724,0.11737
2024-01-01 00:00:10.760,-0.612904,-0.114382,10.314442,-0.164209,0.080228,0.100361
2024-01-01 00:00:10.770,-0.16857,-0.632349,11.107702,-0.269579,0.370997,-0.06314
2024-01-01 00:00:10.780,0.590924,-0.122329,10.161996,0.089729,0.203986,-0.010571
2024-01-01 00:00:10.790,0.334775,-0.09627,9.711419,-0.259948,0.106941,-0.076716
2024-01-01 00:00:10.800,-0.137282,0.199603,10.026044,0.462166,0.205913,-0.031549
2024-01-01 00:00:10.810,-0.13752,-0.219933,10.593386,-0.326911,-0.074213,-0.145088
2024-01-01 00:00:10.820,-0.126644,0.528783,9.318994,0.068415,-0.101653,0.058573
2024-01-01 00:00:10.830,0.81772,-0.602167,9.39931,0.391714,-0.149557,0.161268
2024-01-01 00:00:10.840,0.150387,0.413018,9.615355,0.149772,-0.025057,-0.122492
2024-01-01 00:00:10.850,0.169329,-0.07066,8.484113,0.043918,-0.084401,0.19219
2024-01-01 00:00:10.860,0.405674,0.270769,9.896989,-0.242121,0.241655,0.017028
2024-01-01 00:00:10.870,0.094023,0.025137,8.621739,-0.345442,-0.095065,0.036162
2024-01-01 00:00:10.880,-0.101998,0.35896,9.843427,0.192513,-0.160544,-0.254914
2024-01-01 00:00:10.890,-0.077313,-0.122019,10.355133,0.376537,0.388515,-0.271089
2024-01-01 00:00:10.900,-0.028193,-0.346065,9.509568,-0.109712,-0.090275,0.021617
2024-01-01 00:00:10.910,-0.014656,0.447459,10.866583,-0.284765,0.030706,0.11846
2024-01-01 00:00:10.920,0.286504,-0.035746,8.889884,-0.614542,0.090265,-0.100707
2024-01-01 00:00:10.930,0.020454,0.069791,10.560494,-0.245191,-0.227339,0.250514
2024-01-01 00:00:10.940,0.288477,0.388947,10.235336,-0.028414,0.247097,0.11024
2024-01-01 00:00:10.950,-0.031782,-0.325066,8.728899,0.399781,0.127424,-0.136251
2024-01-01 00:00:10.960,0.030963,0.18758,11.5178,0.168283,0.311677,0.004627
2024-01-01 00:00:10.970,-0.786792,-0.185817,9.76984,0.076271,-0.135844,0.371539
2024-01-01 00:00:10.980,0.360804,-0.041633,9.257185,-0.10003,0.019825,-0.186385
2024-01-01 00:00:10.990,0.13643,0.022768,8.923535,-0.145791,0.007871,0.07924
2024-01-01 00:00:11.000,0.392966,-0.47257,9.671389,0.351412,0.052778,-0.048412
2024-01-01 00:00:11.010,-1.140401,-0.245334,9.729734,0.050185,-0.290923,0.106034
2024-01-01 00:00:11.020,0.822298,0.425588,9.874667,-0.52565,0.022167,0.190091
2024-01-01 00:00:11.030,-0.054963,0.27915,9.622388,-0.168385,-0.285293,-0.057936
2024-01-01 00:00:11.040,0.436347,-0.019731,10.208932,-0.214554,0.071667,0.167837
2024-01-01 00:00:11.050,-0.409463,0.076584,9.565793,-0.136566,-0.42573,0.333181
2024-01-01 00:00:11.060,0.24128,-0.092686,8.590973,0.140728,-0.370317,0.009941
2024-01-01 00:00:11.070,-0.414782,0.427324,9.715902,-0.026861,0.16371,0.117733
2024-01-01 00:00:11.080,-0.245609,-0.063111,8.318489,-0.019216,-0.109368,-0.088566
2024-01-01 00:00:11.090,0.75365,0.07303,10.032875,0.328368,-0.197572,0.002889
2024-01-01 00:00:11.100,-0.075081,0.360999,9.193041,-0.174115,0.254169,-0.026501
2024-01-01 00:00:11.110,0.085614,-0.244872,9.912917,0.46605,0.065525,0.11954
2024-01-01 00:00:11.120,0.342589,0.491019,10.637867,-0.167827,0.174418,0.180701
2024-01-01 00:00:11.130,0.195175,-0.482095,9.212288,0.0223,-0.033248,-0.016448
2024-01-01 00:00:11.140,0.059227,0.513337,10.478591,-0.070301,0.535926,0.230043
2024-01-01 00:00:11.150,0.143703,-0.117393,9.536965,0.030855,-0.120903,0.229507
2024-01-01 00:00:11.160,0.946345,-0.07645,10.914513,0.111148,0.348899,0.127028
2024-01-01 00:00:11.170,-0.022687,-0.595353,9.579954,0.108459,-0.012273,-0.077404
2024-01-01 00:00:11.180,0.079183,-0.14326,9.280489,-0.188279,-0.330902,-0.091774
2024-01-01 00:00:11.190,0.413695,-0.327539,10.24296,-0.280729,0.09657,-0.121857
2024-01-01 00:00:11.200,0.435301,-0.191409,9.535452,0.625793,0.062953,0.142375
2024-01-01 00:00:11.210,0.467393,-0.043253,9.279887,-0.120996,-0.210264,-0.181765
2024-01-01 00:00:11.220,0.2515,0.301704,9.508961,0.174803,-0.184444,0.101526
2024-01-01 00:00:11.230,-0.450058,0.065395,9.781898,-0.40191,-0.00494,-0.162166
2024-01-01 00:00:11.240,0.643164,0.096918,10.655573,-0.069903,0.06995,0.123532
2024-01-01 00:00:11.250,-0.451373,-0.345089,8.591525,-0.0318,-0.494133,0.002583
2024-01-01 00:00:11.260,0.119163,-0.277438,9.824541,0.118204,0.210624,0.200046
2024-01-01 00:00:11.270,-0.296996,0.566598,10.203689,-0.680614,-0.0989,0.171218
2024-01-01 00:00:11.280,-0.025254,-0.231588,9.931873,0.041535,-0.266349,0.21526
2024-01-01 00:00:11.290,0.12945,0.521706,10.635215,-0.287435,0.188213,0.219123
2024-01-01 00:00:11.300,0.126534,-0.076564,9.763162,0.081086,-0.004724,0.021545
2024-01-01 00:00:11.310,0.166131,0.000721,9.693733,-0.259082,0.243233,-0.173819
2024-01-01 00:00:11.320,0.635399,0.337165,10.183168,-0.213871,0.08759,-0.157878
2024-01-01 00:00:11.330,0.178579,0.400646,9.872568,-0.068407,-0.000303,-0.313027
2024-01-01 00:00:11.340,-0.096137,-0.034906,9.564042,-0.263082,-0.030546,-0.16255
2024-01-01 00:00:11.350,0.379609,-0.122297,10.135171,-0.118884,0.096543,0.010324
2024-01-01 00:00:11.360,0.468354,-0.017615,9.398907,-0.298344,-0.082706,-0.083948
2024-01-01 00:00:11.370,-0.483371,0.106457,9.424958,-0.458293,-0.170515,-0.02702
2024-01-01 00:00:11.380,0.235226,0.280761,9.477364,0.254489,0.121982,0.073907
2024-01-01 00:00:11.390,0.276087,0.001332,10.662434,-0.324012,-0.028898,-0.04561
2024-01-01 00:00:11.400,-0.117166,0.194949,7.78076,-0.04467,0.006714,-0.168274
2024-01-01 00:00:11.410,0.541685,0.516083,10.059227,0.188223,0.217876,-0.007985
2024-01-01 00:00:11.420,-0.059084,0.120113,9.831591,-0.153736,-0.022775,-0.134774
2024-01-01 00:00:11.430,0.049446,0.098171,8.751052,-0.206291,0.003007,-0.040618
2024-01-01 00:00:11.440,-0.068147,-0.478457,10.005128,0.05656,-0.11993,0.201417
2024-01-01 00:00:11.450,0.006134,-0.82868,10.109724,0.279483,0.086148,-0.040576
2024-01-01 00:00:11.460,-0.431658,0.122338,10.181473,-0.292329,0.069966,0.265644
2024-01-01 00:00:11.470,-0.56702,-0.02987,8.139348,-0.037537,0.180155,0.214745
2024-01-01 00:00:11.480,0.627836,-0.162157,10.670825,-0.433124,-0.115826,-0.086896
2024-01-01 00:00:11.490,-0.333491,0.076712,9.345226,-0.0983,-0.091563,-0.166669
2024-01-01 00:00:11.500,-0.390361,-0.019027,10.242538,0.008551,0.158427,-0.007883
2024-01-01 00:00:11.510,-0.847897,0.355251,10.276876,-0.213656,0.050443,0.172999
2024-01-01 00:00:11.520,-0.251591,0.027125,9.257681,-0.114248,-0.181244,-0.073529
2024-01-01 00:00:11.530,-0.520967,-0.235281,10.22609,-0.352057,0.261311,0.136214
2024-01-01 00:00:11.540,2.046543,0.311902,13.417139,0.01927,-0.33969,0.181266
2024-01-01 00:00:11.550,1.797615,-0.068396,12.355032,0.263924,0.156857,-0.116104
2024-01-01 00:00:11.560,1.129041,0.165859,14.395677,-0.274286,-0.253042,-0.101408
2024-01-01 00:00:11.570,2.286897,-0.150384,13.171722,-0.155668,0.377158,0.106899
2024-01-01 00:00:11.580,1.78657,-0.204695,13.121669,0.125637,-0.30892,0.022777
2024-01-01 00:00:11.590,-0.127902,0.026513,9.556069,0.303023,0.23045,-0.102909
2024-01-01 00:00:11.600,-0.984141,0.004041,9.981509,-0.373297,-0.016327,-0.052827
2024-01-01 00:00:11.610,0.902059,0.151146,9.77392,-0.042196,-0.073321,-0.010578
2024-01-01 00:00:11.620,-0.547144,-0.084623,10.155282,0.070783,0.037079,-0.234728
2024-01-01 00:00:11.630,-0.647876,-0.578453,8.966122,-0.025514,0.12638,0.114846
2024-01-01 00:00:11.640,0.402637,-0.136324,9.342297,-0.619198,-0.18088,-0.071804
2024-01-01 00:00:11.650,0.960653,0.250053,9.736922,0.125273,-0.163158,-0.417557
2024-01-01 00:00:11.660,0.545057,-0.093673,11.005669,0.379834,0.129921,-0.003581
2024-01-01 00:00:11.670,0.222039,-0.077611,9.738298,0.029165,-0.341469,-0.111236
2024-01-01 00:00:11.680,0.234185,0.310709,10.49369,-0.257777,-0.116846,0.253323
2024-01-01 00:00:11.690,0.336032,-0.224272,9.83429,-0.128282,0.608137,-0.087817
2024-01-01 00:00:11.700,0.298828,-0.485983,9.505295,0.442478,-0.193603,-0.164647
2024-01-01 00:00:11.710,0.110719,-0.050599,9.654564,0.227491,0.229561,0.07619
2024-01-01 00:00:11.720,0.041029,-0.152515,9.703896,0.160007,-0.11719,-0.099067
2024-01-01 00:00:11.730,-0.024646,-0.304368,10.190297,0.089103,0.101809,-0.116918
2024-01-01 00:00:11.740,-0.296874,-0.055244,10.676005,-0.165284,0.130871,0.076425
2024-01-01 00:00:11.750,-0.110516,0.154824,10.036599,-0.050143,0.225791,-0.15607
2024-01-01 00:00:11.760,-0.666602,-0.002926,10.557859,-0.019481,-0.040051,-0.218591
2024-01-01 00:00:11.770,-0.038721,0.096699,9.202182,0.137394,0.397777,0.2589
2024-01-01 00:00:11.780,-0.389258,0.571223,9.548783,0.37723,-0.117867,0.086925
2024-01-01 00:00:11.790,-0.434538,-0.108007,9.353689,0.279585,0.046844,-0.039631
2024-01-01 00:00:11.800,0.070833,0.08768,10.0081,-0.354846,0.049055,-0.000522
2024-01-01 00:00:11.810,0.548101,-0.160402,9.583856,0.055999,-0.224394,0.07588
2024-01-01 00:00:11.820,0.361587,-0.266603,10.269757,0.184191,-0.057174,0.146001
2024-01-01 00:00:11.830,-0.618385,-0.184246,9.223469,0.154715,0.032303,-0.113396
2024-01-01 00:00:11.840,-0.389666,-0.150809,9.83711,-0.157308,-0.086424,0.054922
2024-01-01 00:00:11.850,0.370429,0.113235,10.24272,0.728527,0.488185,-0.076006
2024-01-01 00:00:11.860,-0.386854,0.739959,8.508859,-0.319271,-0.167725,-0.028347
2024-01-01 00:00:11.870,-0.088449,-0.225554,11.146628,-0.270797,0.235885,0.024104
2024-01-01 00:00:11.880,0.216583,-0.131237,9.631614,0.058399,0.171292,-0.001002
2024-01-01 00:00:11.890,-0.381286,-0.019884,8.534225,0.529201,-0.002772,0.110335
2024-01-01 00:00:11.900,0.041492,0.124677,9.909599,-0.209049,-0.173042,0.073063
2024-01-01 00:00:11.910,-0.525273,0.083019,9.831069,-0.066457,-0.153651,-0.226225
2024-01-01 00:00:11.920,-0.236789,0.40449,9.758407,0.269323,-0.103593,-0.203673
2024-01-01 00:00:11.930,0.125914,-0.764314,10.43445,-0.004466,-0.357148,-0.055458
2024-01-01 00:00:11.940,-0.627241,-0.751883,10.28089,-0.083651,-0.200693,0.274294
2024-01-01 00:00:11.950,0.173437,-0.156202,9.997662,0.141408,-0.296495,-0.127739
2024-01-01 00:00:11.960,-0.007732,0.34565,10.093598,0.068129,0.269175,-0.031233
2024-01-01 00:00:11.970,1.617543,-0.493179,13.594254,0.25761,0.123692,-0.080452
2024-01-01 00:00:11.980,1.488166,-0.947404,14.778559,0.322867,0.157195,-0.083107
2024-01-01 00:00:11.990,1.93713,0.179922,12.728107,0.076751,0.117766,0.026736
2024-01-01 00:00:12.000,1.449307,0.076752,13.747981,0.072933,0.033394,0.210117
2024-01-01 00:00:12.010,1.230922,-0.343416,13.700966,0.053528,0.292136,0.068395
2024-01-01 00:00:12.020,0.048155,-0.310445,10.322367,0.122283,-0.122153,-0.12053
2024-01-01 00:00:12.030,0.213924,-0.305469,9.278372,0.013793,0.021334,0.412984
2024-01-01 00:00:12.040,0.019239,0.034819,8.711486,-0.000152,0.149412,0.011786
2024-01-01 00:00:12.050,0.015983,-0.197289,9.908799,0.299157,-0.264242,-0.086583
2024-01-01 00:00:12.060,-0.276409,0.15563,9.987175,0.379029,0.619318,0.211814
2024-01-01 00:00:12.070,-0.261017,-0.899207,10.748448,-0.376888,0.005713,-0.070361
2024-01-01 00:00:12.080,-0.552276,-0.269908,9.009672,0.002505,0.028398,0.249437
2024-01-01 00:00:12.090,0.688896,-0.354707,10.537457,-0.172174,0.251376,-0.130596
2024-01-01 00:00:12.100,-0.489771,-0.080747,11.301471,-0.077743,0.182991,0.214505
2024-01-01 00:00:12.110,-0.272831,-0.169485,9.572008,0.100629,0.007616,0.030157
2024-01-01 00:00:12.120,-0.282873,0.251321,8.996706,0.16736,0.026026,0.193658
2024-01-01 00:00:12.130,0.352376,-0.585691,9.553606,-0.028032,-0.30083,0.285265
2024-01-01 00:00:12.140,-0.116136,0.01433,9.818823,-0.478335,-0.111293,-0.169891
2024-01-01 00:00:12.150,0.491298,0.175876,10.165186,-0.241261,0.103442,0.191366
2024-01-01 00:00:12.160,-0.265187,0.584844,9.437421,0.224125,0.088779,-0.211336
2024-01-01 00:00:12.170,0.109854,-0.151756,10.789775,-0.685107,0.244233,-0.157078
2024-01-01 00:00:12.180,-0.328918,0.102204,9.107845,0.296857,-0.0241,-0.120511
2024-01-01 00:00:12.190,0.844652,-0.568217,8.714301,0.130307,-0.277457,0.075545
2024-01-01 00:00:12.200,-0.467617,-0.753466,10.507228,0.329044,0.211346,0.004952
2024-01-01 00:00:12.210,0.121992,0.266104,8.376989,-0.049642,0.287218,-0.02507
2024-01-01 00:00:12.220,0.24955,-0.001751,9.681398,-0.515351,0.179649,0.021935
2024-01-01 00:00:12.230,0.162933,0.371231,11.774139,0.107591,-0.032727,0.088693
2024-01-01 00:00:12.240,-0.072957,-0.432622,9.802413,0.318663,0.208877,0.100237
2024-01-01 00:00:12.250,-0.051117,0.163769,9.103916,0.23118,0.685782,0.164125
2024-01-01 00:00:12.260,0.017251,0.588678,9.77384,-0.165673,0.02303,0.273005
2024-01-01 00:00:12.270,-0.057882,0.132207,9.777996,0.02169,-0.262347,-0.003204
2024-01-01 00:00:12.280,0.379527,0.087123,9.911209,-0.133209,-0.117257,-0.078163
2024-01-01 00:00:12.290,0.870393,0.002695,10.227226,-0.204817,0.125095,0.09203
2024-01-01 00:00:12.300,-0.219512,-0.494828,9.15536,0.238847,-0.320961,-0.171638
2024-01-01 00:00:12.310,-0.53936,0.427005,10.873155,-0.299383,0.033881,-0.101806
2024-01-01 00:00:12.320,-0.034761,-0.19242,9.964422,-0.223454,0.076067,0.149907
2024-01-01 00:00:12.330,1.015761,0.158912,10.26788,-0.276006,0.307024,-0.018619
2024-01-01 00:00:12.340,-0.316447,-0.492356,9.414266,-0.372562,0.262039,-0.181229
2024-01-01 00:00:12.350,0.645402,-0.37153,10.620421,0.036604,0.172917,-0.22347
2024-01-01 00:00:12.360,0.660595,0.452053,9.648057,0.290376,-0.432536,0.007308
2024-01-01 00:00:12.370,-0.217975,-0.1094,9.984858,-0.046219,0.184211,0.171284
2024-01-01 00:00:12.380,0.224037,0.457782,9.222143,-0.376437,0.141103,0.169282
2024-01-01 00:00:12.390,0.641181,-0.024643,9.181933,0.209986,0.051189,0.016632
2024-01-01 00:00:12.400,-0.149282,-0.580198,10.243569,0.421425,-0.346044,0.301336
2024-01-01 00:00:12.410,-0.08016,0.281001,9.530528,-0.161561,-0.155355,-0.015723
2024-01-01 00:00:12.420,-0.229037,-0.185816,9.272091,-0.119639,-0.233365,-0.020785
2024-01-01 00:00:12.430,-0.39956,0.220087,9.404794,0.128915,-0.403002,-0.385115
2024-01-01 00:00:12.440,-0.255653,0.007941,10.25034,0.405468,-0.000583,-0.067104
2024-01-01 00:00:12.450,-0.481926,-0.486082,9.413706,-0.129959,-0.159564,0.127802
2024-01-01 00:00:12.460,0.01342,0.051753,9.735877,-0.333112,0.525061,0.234594
2024-01-01 00:00:12.470,-0.303177,0.69181,9.819467,0.157855,-0.033754,-0.124535
2024-01-01 00:00:12.480,0.092053,0.155291,8.60207,0.199767,0.258751,0.069338
2024-01-01 00:00:12.490,-0.612634,-0.018118,8.88319,0.001533,-0.31382,0.157032
2024-01-01 00:00:12.500,0.130284,0.338733,10.021855,-0.139533,-0.106018,0.001681
2024-01-01 00:00:12.510,0.328202,0.066361,9.345672,0.248595,0.01938,-0.342492
2024-01-01 00:00:12.520,-0.785033,0.066003,10.475737,0.132009,-0.181631,0.037093
2024-01-01 00:00:12.530,0.147285,-0.343862,10.419088,-0.192109,-0.08444,0.114215
2024-01-01 00:00:12.540,0.483395,0.073662,10.263076,0.012274,-0.04359,-0.142113
2024-01-01 00:00:12.550,-0.476296,0.326165,10.956456,-0.337927,-0.046782,-0.038123
2024-01-01 00:00:12.560,0.658575,-0.26336,9.757654,0.171473,0.371024,-0.173324
2024-01-01 00:00:12.570,0.164989,0.448716,10.218796,-0.065558,0.075645,-0.385522
2024-01-01 00:00:12.580,-0.277598,-0.028887,9.441827,-0.108928,0.095902,0.154051
2024-01-01 00:00:12.590,-0.021959,-0.279647,11.354993,-0.008219,0.107931,-0.000562
2024-01-01 00:00:12.600,0.219841,0.314254,11.059689,0.010077,0.122525,0.239651
2024-01-01 00:00:12.610,0.029927,-0.09034,9.817485,0.223733,-0.016577,0.128598
2024-01-01 00:00:12.620,0.212135,0.239247,10.053549,0.147773,-0.064149,-0.053131
2024-01-01 00:00:12.630,-0.362515,-0.091904,10.666357,-0.039102,0.033363,-0.012477
2024-01-01 00:00:12.640,0.066686,-0.018845,9.717302,0.190917,0.231361,0.084927
2024-01-01 00:00:12.650,-0.55665,0.155471,9.396327,0.100184,0.225248,0.145033
2024-01-01 00:00:12.660,-0.043795,0.091633,10.360614,-0.10665,-0.04808,0.048401
2024-01-01 00:00:12.670,-0.355914,-0.628593,9.859417,-0.03118,0.153569,0.165839
2024-01-01 00:00:12.680,-0.289615,-0.353192,9.925287,-0.037056,-0.038917,-0.0445
2024-01-01 00:00:12.690,0.486712,0.292764,9.284409,0.126315,0.006774,-0.149572
2024-01-01 00:00:12.700,0.429703,-0.041623,8.727867,-0.091756,-0.094705,-0.009721
2024-01-01 00:00:12.710,0.239848,-0.164975,9.95877,-0.097602,-0.036329,0.030778
2024-01-01 00:00:12.720,-0.430098,-0.427951,10.380126,0.492189,0.268266,-0.18023
2024-01-01 00:00:12.730,-0.124586,-0.340117,9.667742,0.234934,0.018484,-0.200508
2024-01-01 00:00:12.740,0.477657,-0.636867,10.714951,-0.19015,0.027057,0.067108
2024-01-01 00:00:12.750,0.055801,-0.031903,9.366533,0.142735,-0.289444,-0.060954
2024-01-01 00:00:12.760,0.913236,-0.188508,9.145536,0.029588,-0.061849,-0.024876
2024-01-01 00:00:12.770,0.154869,-0.304475,9.767645,0.097888,-0.048263,-0.053954
2024-01-01 00:00:12.780,0.075619,-0.021459,9.757967,0.034335,-0.165829,0.22809
2024-01-01 00:00:12.790,-0.121715,0.114651,10.29508,0.297411,0.004333,0.189264
2024-01-01 00:00:12.800,0.052582,0.659357,9.321773,0.086405,-0.085836,-0.185603
2024-01-01 00:00:12.810,-0.060035,-0.476243,10.671899,-0.015522,0.015999,-0.079919
2024-01-01 00:00:12.820,0.278818,0.365205,11.049158,0.260548,0.024301,0.127501
2024-01-01 00:00:12.830,0.376702,0.306527,9.785339,0.058321,-0.191151,0.09029
2024-01-01 00:00:12.840,-0.309483,-0.245414,10.597318,0.03037,-0.07974,-0.006219
2024-01-01 00:00:12.850,-0.524173,0.064019,9.144407,0.078506,0.015475,-0.17064
2024-01-01 00:00:12.860,-0.723006,-0.144154,10.48739,-0.023402,0.23686,-0.102381
2024-01-01 00:00:12.870,0.200022,0.058492,10.469784,0.002307,0.051344,-0.077515
2024-01-01 00:00:12.880,-0.434451,0.475376,10.353965,-0.146674,-0.132387,0.041549
2024-01-01 00:00:12.890,-0.847701,0.190766,9.800195,-0.187792,0.079801,0.255559
2024-01-01 00:00:12.900,0.153003,0.160212,7.948823,-0.249643,0.34151,-0.103032
2024-01-01 00:00:12.910,0.981619,-0.135547,9.405712,-0.347996,0.183341,-0.153905
2024-01-01 00:00:12.920,-0.00239,-0.467478,9.415673,-0.219929,0.109505,-0.016288
2024-01-01 00:00:12.930,0.330156,-0.065667,9.193699,-0.043567,0.145118,0.154761
2024-01-01 00:00:12.940,0.03222,0.380082,9.887013,0.025779,0.287991,-0.217032
2024-01-01 00:00:12.950,-0.038938,-0.481058,9.546053,-0.067824,0.215125,0.218045
2024-01-01 00:00:12.960,0.361886,-0.332353,9.290494,-0.588926,0.113352,-0.025805
2024-01-01 00:00:12.970,-0.114296,0.039774,9.142956,0.393647,0.213728,-0.110148
2024-01-01 00:00:12.980,1.505286,-0.310166,13.209227,0.27162,-0.21633,-0.240028
2024-01-01 00:00:12.990,1.526669,-0.249645,14.366545,0.11144,-0.300453,0.105978
2024-01-01 00:00:13.000,1.136939,-0.133434,13.243554,0.476873,0.03142,-0.025676
2024-01-01 00:00:13.010,1.790617,-0.430169,13.335589,-0.244341,0.013736,0.025606
2024-01-01 00:00:13.020,1.33111,-0.306848,13.372281,0.471906,-0.108782,-0.135122
2024-01-01 00:00:13.030,-0.297575,0.22158,10.023566,-0.241304,0.165171,-0.047864
2024-01-01 00:00:13.040,0.211251,-0.411821,10.097437,0.059684,-0.372573,-0.072987
2024-01-01 00:00:13.050,-0.353772,-0.50333,7.891866,-0.318459,-0.106954,-0.015089
2024-01-01 00:00:13.060,0.011096,-0.198458,10.45363,0.003674,-0.096991,-0.100433
2024-01-01 00:00:13.070,-0.003591,0.230566,10.714912,0.096542,-0.32726,-0.230127
2024-01-01 00:00:13.080,0.427571,-0.06203,9.148382,-0.038673,0.298946,0.409275
2024-01-01 00:00:13.090,0.186912,-0.146343,9.197452,0.178469,-0.27184,-0.204511
2024-01-01 00:00:13.100,-0.009854,0.013973,9.52634,0.024754,-0.117668,0.027219
2024-01-01 00:00:13.110,0.321995,-0.549898,9.333717,-0.130604,0.181596,-0.265804
2024-01-01 00:00:13.120,0.547394,0.155832,9.951074,-0.141703,0.129209,-0.299557
2024-01-01 00:00:13.130,0.219638,0.120782,8.583689,0.202728,-0.221635,0.014674
2024-01-01 00:00:13.140,0.004076,-0.128932,9.105706,-0.163436,0.136498,0.026155
2024-01-01 00:00:13.150,-0.516536,0.316866,10.779694,0.228851,0.057957,0.189225
2024-01-01 00:00:13.160,-0.419389,-0.355161,9.225221,0.305678,0.466607,0.059932
2024-01-01 00:00:13.170,-0.120182,0.355291,10.59336,-0.417178,0.080788,-0.022472
2024-01-01 00:00:13.180,-0.239995,0.048666,10.033863,0.283232,-0.028248,-0.14244
2024-01-01 00:00:13.190,-0.07362,-0.106014,8.670161,0.515106,-0.1713,0.224852
2024-01-01 00:00:13.200,0.022306,-0.00626,10.210257,0.063001,-0.148849,0.139328
2024-01-01 00:00:13.210,0.208567,-0.033788,9.73587,0.149771,-0.165154,-0.186949
2024-01-01 00:00:13.220,-0.027759,0.384389,9.523056,0.259251,0.27422,0.005695
2024-01-01 00:00:13.230,0.19156,-0.339154,9.964323,-0.068871,0.003594,0.021608
2024-01-01 00:00:13.240,0.025387,-0.240194,10.109019,0.04557,0.113049,-0.051848
2024-01-01 00:00:13.250,-0.77784,0.326435,10.255783,-0.32855,0.30285,0.115778
2024-01-01 00:00:13.260,-0.369863,-0.187594,10.552299,0.034659,-0.471693,0.12476
2024-01-01 00:00:13.270,-0.056734,0.283668,10.067126,0.124528,0.255775,-0.028573
2024-01-01 00:00:13.280,-0.476317,0.535322,8.943351,0.129041,0.011079,-0.04213
2024-01-01 00:00:13.290,0.236222,-0.126565,9.511603,0.266356,0.08701,0.224844
2024-01-01 00:00:13.300,0.602733,0.214629,11.66412,-0.193701,-0.165681,0.139926
2024-01-01 00:00:13.310,0.479887,-0.363413,10.266429,-0.133152,-0.151025,0.010854
2024-01-01 00:00:13.320,-0.084043,0.237741,11.302651,0.473877,0.097769,-0.244381
2024-01-01 00:00:13.330,0.586973,0.062819,10.689123,-0.037582,0.47692,0.0516
2024-01-01 00:00:13.340,0.058538,0.149007,9.962335,0.050008,0.200663,0.104713
2024-01-01 00:00:13.350,-0.132728,-0.203355,9.999886,-0.016753,0.253105,-0.413178
2024-01-01 00:00:13.360,-0.241527,-0.523241,9.786955,-0.20542,-0.0384,0.03778
2024-01-01 00:00:13.370,-0.119097,0.158524,8.715183,0.405882,-0.120041,-0.062504
2024-01-01 00:00:13.380,-0.152845,-0.649972,9.82137,-0.131925,-0.156161,-0.033128
2024-01-01 00:00:13.390,0.067101,-0.099965,10.572725,-0.281821,-0.097655,-0.136107
2024-01-01 00:00:13.400,0.063226,0.296472,9.432227,-0.112685,-0.410556,-0.022228
2024-01-01 00:00:13.410,1.401199,0.060448,13.91953,-0.500427,-0.144984,0.208799
2024-01-01 00:00:13.420,1.572044,0.613728,14.196502,-0.162822,-0.112071,-0.06696
2024-01-01 00:00:13.430,1.868817,0.322909,13.086901,-0.242032,-0.035072,0.144836
2024-01-01 00:00:13.440,1.773887,-0.205978,13.375679,0.154357,0.02635,-0.12095
2024-01-01 00:00:13.450,0.815321,0.008604,13.018716,-0.168354,0.07249,0.113813
2024-01-01 00:00:13.460,-1.005606,-0.014922,9.292036,0.221951,-0.002985,0.000248
2024-01-01 00:00:13.470,0.367888,-0.498386,8.998809,0.349621,-0.116289,0.052804
2024-01-01 00:00:13.480,-0.538208,-0.296226,9.242717,0.195294,-0.392672,0.001073
2024-01-01 00:00:13.490,-0.088501,-0.17664,10.704257,-0.053847,-0.115062,0.096244
2024-01-01 00:00:13.500,-0.460732,-0.641409,9.233249,0.035279,-0.19449,-0.385138
2024-01-01 00:00:13.510,-0.70953,0.01496,9.889669,-0.381246,0.093213,-0.212974
2024-01-01 00:00:13.520,0.213201,-0.078458,9.493193,-0.033445,0.181857,0.062562
2024-01-01 00:00:13.530,0.298917,-0.526962,10.552686,-0.21511,0.187714,-0.306531
2024-01-01 00:00:13.540,-0.227001,0.127327,10.636032,0.173582,0.151391,-0.079587
2024-01-01 00:00:13.550,-1.020223,0.2255,10.354364,0.643188,-0.026705,-0.008151
2024-01-01 00:00:13.560,-0.215084,0.071516,10.002865,0.124955,-0.104391,-0.124221
2024-01-01 00:00:13.570,0.154273,-0.102081,9.664432,-0.497785,-0.149421,-0.103734
2024-01-01 00:00:13.580,-0.582321,0.186304,9.059119,-0.090308,-0.3015,0.040737
2024-01-01 00:00:13.590,0.072198,0.214269,11.034423,0.030623,0.198371,0.151394
2024-01-01 00:00:13.600,-0.006028,0.096832,9.331406,0.021839,-0.034942,-0.143767
2024-01-01 00:00:13.610,0.228096,-0.259753,10.228097,-0.182703,-0.249268,-0.086259
2024-01-01 00:00:13.620,0.047085,0.087129,10.477526,0.061323,-0.165298,-0.109689
2024-01-01 00:00:13.630,-0.383146,0.376576,9.460173,-0.310625,-0.173395,-0.363207
2024-01-01 00:00:13.640,0.47115,-0.187938,10.463948,-0.236227,0.008605,0.021257
2024-01-01 00:00:13.650,-0.062421,0.660851,10.291454,0.161449,0.213494,0.140208
2024-01-01 00:00:13.660,-0.010751,-0.165574,10.898617,-0.253916,-0.069598,0.152496
2024-01-01 00:00:13.670,-0.367474,0.010208,9.514312,0.134553,-0.450507,-0.130615
2024-01-01 00:00:13.680,-0.174542,-0.211833,8.999906,-0.342366,-0.037836,-0.187755
2024-01-01 00:00:13.690,-0.348391,0.07033,9.491541,0.441206,-0.031239,0.003241
2024-01-01 00:00:13.700,-0.068098,-0.5488,9.941578,-0.193567,-0.044984,0.124391
2024-01-01 00:00:13.710,0.673985,-0.172003,9.846674,-0.055917,-0.125492,0.023228
2024-01-01 00:00:13.720,-0.540186,-0.344018,9.562134,0.082653,0.043488,0.043396
2024-01-01 00:00:13.730,-0.63534,0.042632,8.607206,-0.141337,0.013228,0.171275
2024-01-01 00:00:13.740,0.579273,0.313251,10.106404,0.035851,-0.004966,-0.11087
2024-01-01 00:00:13.750,-0.082421,0.203492,11.052577,0.143839,0.082528,-0.032996
2024-01-01 00:00:13.760,-0.263447,-0.747073,10.102478,0.240153,-0.085967,0.245191
2024-01-01 00:00:13.770,0.409462,0.643252,10.193755,0.197874,-0.097317,-0.029522
2024-01-01 00:00:13.780,-0.238461,0.093013,10.170641,-0.042953,0.276025,-0.190101
2024-01-01 00:00:13.790,0.718991,-0.244597,10.060139,-0.036658,0.111871,-0.100403
2024-01-01 00:00:13.800,0.266933,0.049495,10.39695,0.587277,0.165389,-0.140727
2024-01-01 00:00:13.810,-0.192115,0.0555,10.059085,0.237472,0.245221,0.053574
2024-01-01 00:00:13.820,0.84944,-0.210057,9.613013,-0.230456,0.105189,-0.134392
2024-01-01 00:00:13.830,-0.2385,0.062344,9.308527,0.024997,0.185678,0.040655
2024-01-01 00:00:13.840,0.2922,-0.191354,9.653147,-0.083786,-0.315869,-0.11041
2024-01-01 00:00:13.850,0.117846,-0.127374,10.007902,-0.033834,0.040831,-0.318507
2024-01-01 00:00:13.860,0.512561,-0.216178,9.610868,-0.307374,-0.036544,0.045993
2024-01-01 00:00:13.870,0.614845,-0.451291,10.008033,-0.102981,0.335537,0.02227
2024-01-01 00:00:13.880,0.012602,0.045938,10.086665,0.452889,0.185529,0.077664
2024-01-01 00:00:13.890,-0.296658,0.184369,10.334903,0.144769,-0.126089,-0.100948
2024-01-01 00:00:13.900,0.181114,0.162188,10.618161,-0.62279,0.074559,-0.116932
2024-01-01 00:00:13.910,-0.26685,0.258276,9.859145,0.304181,0.033536,0.06022
2024-01-01 00:00:13.920,0.792771,0.102167,8.986101,0.272407,0.090866,0.227853
2024-01-01 00:00:13.930,0.053761,-0.167809,9.592584,-0.089821,-0.203768,0.001675
2024-01-01 00:00:13.940,-0.143845,0.264494,9.837759,0.179316,0.072003,0.063688
2024-01-01 00:00:13.950,0.072718,-0.427618,8.653466,-0.21485,-0.04563,-0.048238
2024-01-01 00:00:13.960,-0.530431,-0.283711,10.684859,-0.117564,0.05649,-0.231545
2024-01-01 00:00:13.970,-0.382573,-0.303723,9.899698,0.374637,-0.144877,0.145114
2024-01-01 00:00:13.980,0.472663,0.340218,10.050252,-0.067933,-0.117013,0.136262
2024-01-01 00:00:13.990,-0.258652,0.296978,10.670282,-0.467433,0.234768,0.106616
2024-01-01 00:00:14.000,-0.412221,0.153501,9.41301,-0.015826,-0.21031,-0.027292
2024-01-01 00:00:14.010,0.211307,0.337658,10.171646,-0.019647,-0.195551,0.089558
2024-01-01 00:00:14.020,0.466871,-0.276974,9.740786,0.299592,-0.010316,0.134064
2024-01-01 00:00:14.030,0.283088,0.109807,9.694025,0.003584,-0.154378,0.243024
2024-01-01 00:00:14.040,0.392194,-0.03943,9.323519,-0.105396,-0.177006,0.148279
2024-01-01 00:00:14.050,-0.297988,0.266768,10.85933,0.261264,0.021015,0.009573
2024-01-01 00:00:14.060,-0.559838,-0.036296,9.573435,0.030198,-0.301013,-0.196238
2024-01-01 00:00:14.070,0.59115,-0.121257,10.250662,-0.187506,-0.201592,0.023349
2024-01-01 00:00:14.080,-0.127055,0.170386,8.628745,0.288749,0.410819,0.038487
2024-01-01 00:00:14.090,-0.098766,0.275993,10.553393,0.048415,0.091895,0.106354
2024-01-01 00:00:14.100,0.522976,-0.210529,10.472893,0.000731,-0.149313,0.203084
2024-01-01 00:00:14.110,0.219016,-0.019239,9.871383,0.044477,0.083643,-0.014273
2024-01-01 00:00:14.120,0.179506,-0.333409,9.667026,-0.267667,0.113466,0.315148
2024-01-01 00:00:14.130,0.85247,-0.786889,10.062,-0.131913,0.198883,-0.263893
2024-01-01 00:00:14.140,-0.253385,0.063145,11.251938,0.000896,-0.025431,0.062901
2024-01-01 00:00:14.150,0.365337,0.191805,8.699161,-0.048666,0.1953,-0.119778
2024-01-01 00:00:14.160,0.022449,0.082551,10.302677,0.318107,-0.407689,-0.286083
2024-01-01 00:00:14.170,0.105758,-0.614112,9.235681,0.054351,-0.211262,-0.030266
2024-01-01 00:00:14.180,0.601834,-0.110518,9.797451,0.213726,0.032774,-0.218576
2024-01-01 00:00:14.190,0.19996,-0.69878,9.653836,0.002349,0.065927,-0.024214
2024-01-01 00:00:14.200,0.211954,0.431456,9.540159,0.264072,-0.182356,0.005215
2024-01-01 00:00:14.210,0.4223,-0.342107,9.803407,0.099382,0.051884,0.167781
2024-01-01 00:00:14.220,-0.1437,0.395452,9.095472,0.003355,-0.124768,-0.226138
2024-01-01 00:00:14.230,-0.330439,0.297949,10.458384,-0.003321,-0.055392,0.136267
2024-01-01 00:00:14.240,-0.411394,-0.283686,8.67969,-0.23861,0.204955,0.014712
2024-01-01 00:00:14.250,-0.774253,-0.356827,10.150052,0.126729,0.181787,0.154327
2024-01-01 00:00:14.260,0.809632,0.110367,9.604282,-0.010051,-0.199412,-0.064763
2024-01-01 00:00:14.270,-0.434388,-0.265962,9.072317,-0.125498,-0.21145,-0.199837
2024-01-01 00:00:14.280,-0.087119,0.032283,9.937502,0.276615,-0.082235,-0.182625
2024-01-01 00:00:14.290,-0.108995,-0.152091,8.829121,-0.312554,-0.005349,-0.193771
2024-01-01 00:00:14.300,0.121041,-0.561065,9.83502,-0.105624,-0.13158,0.071672
2024-01-01 00:00:14.310,0.321197,-0.702597,8.913588,0.25693,0.208128,0.221538
2024-01-01 00:00:14.320,0.338811,0.071406,10.100601,0.078881,0.069478,-0.084743
2024-01-01 00:00:14.330,-0.229587,-0.176891,9.227655,-0.011965,0.081217,0.09437
2024-01-01 00:00:14.340,-0.065804,-0.174223,9.525874,0.062751,-0.253308,-0.228516
2024-01-01 00:00:14.350,0.111266,0.219197,9.995188,0.044854,0.233458,0.027048
2024-01-01 00:00:14.360,-0.097922,0.369634,9.323298,-0.379166,-0.564034,0.100284
2024-01-01 00:00:14.370,0.632892,-0.085852,9.773483,-0.087315,0.166811,-0.217219
2024-01-01 00:00:14.380,0.193321,-0.107289,8.856287,0.40413,0.186862,-0.030583
2024-01-01 00:00:14.390,0.289358,0.157545,10.207452,-0.164831,-0.08648,0.107388
2024-01-01 00:00:14.400,0.261009,-0.427435,10.921896,-0.079575,0.254582,-0.440066
2024-01-01 00:00:14.410,1.862055,0.070293,15.419092,-0.135405,-0.01262,0.200318
2024-01-01 00:00:14.420,1.471277,0.173844,13.717436,-0.021754,0.012486,0.053052
2024-01-01 00:00:14.430,0.889372,0.214273,14.156569,-0.145781,0.067906,0.107509
2024-01-01 00:00:14.440,1.557377,-0.610077,12.538206,0.121685,0.637315,-0.061908
2024-01-01 00:00:14.450,1.143528,-0.239827,14.606723,0.049328,0.268887,-0.258408
2024-01-01 00:00:14.460,-0.208143,-0.276653,10.299024,0.193387,0.140226,0.080109
2024-01-01 00:00:14.470,0.230881,0.031464,9.505122,-0.262735,-0.182561,-0.012389
2024-01-01 00:00:14.480,0.487574,0.151435,10.589424,-0.085085,0.028718,0.004817
2024-01-01 00:00:14.490,0.008376,0.471464,9.64968,-0.056431,-0.162625,0.163141
2024-01-01 00:00:14.500,0.121603,-0.155914,9.521444,0.113912,0.164422,0.11431
2024-01-01 00:00:14.510,0.670247,-0.156735,10.109461,-0.198305,0.028093,0.288186
2024-01-01 00:00:14.520,0.094797,0.362147,9.140087,0.228913,-0.224904,0.023078
2024-01-01 00:00:14.530,1.024413,0.093422,10.453624,0.296604,0.016225,-0.103682
2024-01-01 00:00:14.540,0.222669,0.39931,9.144726,-0.247218,-0.169883,-0.028263
2024-01-01 00:00:14.550,-0.6933,0.090949,9.148465,-0.122718,0.030243,0.06235
2024-01-01 00:00:14.560,0.296628,-0.364492,9.236895,-0.132983,-0.171815,0.152378
2024-01-01 00:00:14.570,0.150081,-0.419935,10.288485,0.658097,0.005498,-0.220055
2024-01-01 00:00:14.580,0.50784,-0.488726,9.421432,-0.107475,0.150094,0.001281
2024-01-01 00:00:14.590,0.265065,0.208546,8.960763,0.419406,-0.01061,0.241431
2024-01-01 00:00:14.600,-0.054517,0.374408,9.428422,-0.316658,-0.078178,-0.036031
2024-01-01 00:00:14.610,-0.482067,0.582549,9.789813,-0.247413,0.040655,0.139652
2024-01-01 00:00:14.620,-0.082303,0.265578,9.065987,-0.171651,0.139437,0.073968
2024-01-01 00:00:14.630,-0.334892,0.366294,9.084441,-0.211422,-0.221437,0.143379
2024-01-01 00:00:14.640,-0.228581,-0.182705,11.140117,-0.066975,0.052131,-0.121464
2024-01-01 00:00:14.650,0.231753,-0.364271,9.267844,-0.177195,0.263508,-0.12081
2024-01-01 00:00:14.660,0.657525,0.267775,9.606483,-0.204835,0.114731,0.003041
2024-01-01 00:00:14.670,0.155402,0.131569,9.578641,0.289618,0.011551,-0.229833
2024-01-01 00:00:14.680,-0.470879,0.033845,9.544545,0.305948,0.127948,-0.040461
2024-01-01 00:00:14.690,0.175062,0.122022,10.201448,0.237324,0.090499,0.037931
2024-01-01 00:00:14.700,0.471174,0.101803,10.40733,0.131,0.15072,0.267695
2024-01-01 00:00:14.710,-0.240102,0.404402,9.617249,0.023186,-0.404786,0.060408
2024-01-01 00:00:14.720,-0.052769,0.40792,9.031019,-0.124258,-0.310691,0.093784
2024-01-01 00:00:14.730,0.005783,0.171429,10.612897,-0.238289,0.200966,0.174671
2024-01-01 00:00:14.740,-0.309054,0.266428,9.749935,0.090749,-0.301056,-0.144699
2024-01-01 00:00:14.750,0.25526,0.16193,10.900103,-0.293408,0.080308,-0.024762
2024-01-01 00:00:14.760,-0.047623,-0.145268,8.395281,-0.24848,-0.07041,0.363812
2024-01-01 00:00:14.770,0.165191,0.238318,9.933104,0.288228,-0.199238,-0.011868
2024-01-01 00:00:14.780,-0.34945,-0.439266,11.018722,0.475162,0.06993,0.167465
2024-01-01 00:00:14.790,-0.172249,0.331976,9.587444,0.098324,0.040207,0.144561
2024-01-01 00:00:14.800,0.284438,-0.376275,9.667939,0.276614,0.422069,-0.221717
2024-01-01 00:00:14.810,-0.146803,0.090028,9.996172,-0.061462,-0.124962,0.046572
2024-01-01 00:00:14.820,0.679992,-0.266223,9.457959,-0.334419,0.288022,0.022012
2024-01-01 00:00:14.830,-0.157357,0.174318,9.613395,0.153043,0.070485,0.049494
2024-01-01 00:00:14.840,0.08847,-0.010686,9.597176,0.142322,-0.132204,-0.113117
2024-01-01 00:00:14.850,1.767208,-0.502348,13.264725,0.017917,0.159849,-0.167538
2024-01-01 00:00:14.860,0.841518,0.13252,14.43418,-0.060594,0.113148,-0.071402
2024-01-01 00:00:14.870,0.706682,-0.182045,13.950479,0.240553,0.007169,-0.014669
2024-01-01 00:00:14.880,0.799273,0.277561,13.817896,-0.246433,0.053259,0.177748
2024-01-01 00:00:14.890,1.897142,0.000418,14.1694,-0.193445,-0.119397,0.272597
2024-01-01 00:00:14.900,-0.217294,0.124558,9.643456,-0.252027,-0.165157,0.20949
2024-01-01 00:00:14.910,1.007291,-0.301634,9.322252,0.021243,0.151888,0.129028
2024-01-01 00:00:14.920,-0.222172,-0.18564,9.430347,-0.271973,-0.044788,-0.150651
2024-01-01 00:00:14.930,0.072667,-0.144471,9.811123,-0.171061,-0.016017,-0.061334
2024-01-01 00:00:14.940,0.607206,0.269861,9.142697,-0.176439,0.055964,0.031489
2024-01-01 00:00:14.950,0.789899,0.528374,9.494836,-0.065152,0.053058,-0.094866
2024-01-01 00:00:14.960,0.811717,-0.253629,9.484847,-0.371844,-0.285865,0.086581
2024-01-01 00:00:14.970,0.475794,0.339207,11.14847,0.021801,0.25725,0.108073
2024-01-01 00:00:14.980,0.403225,-0.683448,8.062497,0.311826,0.024236,0.080444
2024-01-01 00:00:14.990,0.233307,-0.37617,9.69684,0.033873,-0.040531,0.15377
2024-01-01 00:00:15.000,0.30648,-0.302015,10.897187,0.38533,0.086169,-0.135689
2024-01-01 00:00:15.010,-0.217029,-0.42604,9.886762,0.3335,0.047308,0.139924
2024-01-01 00:00:15.020,-0.322166,-0.49883,10.284653,0.194434,0.153413,-0.104347
2024-01-01 00:00:15.030,-0.001329,0.130095,9.872891,0.018671,0.107597,-0.14114
2024-01-01 00:00:15.040,-0.06701,-0.067431,9.38958,0.005625,0.143569,0.079817
2024-01-01 00:00:15.050,-0.178459,0.119513,8.397593,0.19095,0.270199,0.182381
2024-01-01 00:00:15.060,0.274203,0.217499,9.939437,-0.097918,0.176725,0.073202
2024-01-01 00:00:15.070,0.376151,0.083669,9.321368,-0.47063,-0.032097,0.003121
2024-01-01 00:00:15.080,0.03481,0.207195,9.305789,0.123001,-0.22458,0.046523
2024-01-01 00:00:15.090,0.581777,-0.021903,9.495638,-0.282767,0.33356,0.020464
2024-01-01 00:00:15.100,-0.44954,-0.373903,10.909263,-0.240535,-0.047545,-0.168893
2024-01-01 00:00:15.110,-0.076253,0.333211,11.325048,5.6e-05,-0.094621,-0.186393
2024-01-01 00:00:15.120,-0.282249,-0.18557,9.946841,-0.023781,-0.347345,-0.011824
2024-01-01 00:00:15.130,-0.734949,-0.294713,9.517197,-0.353019,0.067695,0.011979
2024-01-01 00:00:15.140,-0.032556,-0.056044,9.068347,0.041373,0.029777,0.0017
2024-01-01 00:00:15.150,-0.047938,-0.287535,10.10518,0.241535,-0.303023,0.101415
2024-01-01 00:00:15.160,0.595921,-0.131491,10.933231,-0.282085,0.090655,-0.032322
2024-01-01 00:00:15.170,0.248382,0.108377,9.654176,0.318121,-0.099638,0.084447
2024-01-01 00:00:15.180,-0.403274,0.109728,8.311232,-0.390043,0.538063,-0.021688
2024-01-01 00:00:15.190,0.730049,-0.282816,10.232131,0.529331,-0.113872,0.273504
2024-01-01 00:00:15.200,0.480782,-0.153627,10.430802,-0.102815,-0.087039,0.012107
2024-01-01 00:00:15.210,0.229201,0.338415,8.810917,0.036404,-0.174955,0.351108
2024-01-01 00:00:15.220,-0.089178,0.156366,9.921185,-0.473008,0.255575,0.052802
2024-01-01 00:00:15.230,-0.377779,0.653645,10.094272,-0.015534,-0.074555,-0.032052
2024-01-01 00:00:15.240,-0.146556,0.37174,9.763942,0.057121,-0.144983,-0.134917
2024-01-01 00:00:15.250,0.428695,0.360452,9.311814,-0.021541,0.141391,-0.216433
2024-01-01 00:00:15.260,0.742056,-0.437179,10.45004,-0.14077,-0.276071,-0.148716
2024-01-01 00:00:15.270,0.607652,0.240616,9.555871,-0.236641,0.125022,-0.131941
2024-01-01 00:00:15.280,-0.192484,-0.016729,8.874333,0.282632,0.35628,0.059223
2024-01-01 00:00:15.290,-0.440849,-0.173559,8.518831,0.007702,0.113322,-0.078925
2024-01-01 00:00:15.300,0.055474,0.052925,10.604335,0.385188,0.12758,0.028039
2024-01-01 00:00:15.310,-0.696323,0.297742,10.198498,-0.131621,0.174012,0.192297
2024-01-01 00:00:15.320,0.127247,0.157762,9.865423,-0.108699,0.341942,-0.013171
2024-01-01 00:00:15.330,-0.058119,-0.276719,9.532627,0.203899,0.241979,0.311874
2024-01-01 00:00:15.340,-0.183502,0.233875,9.476731,-0.405744,0.087934,-0.176372
2024-01-01 00:00:15.350,-0.627914,-0.20084,9.132286,-0.303366,0.180778,-0.022588
2024-01-01 00:00:15.360,0.20223,0.068255,9.538183,0.274371,-0.177187,-0.080897
2024-01-01 00:00:15.370,-0.209751,-0.095555,8.474345,-0.292983,0.155259,0.140476
2024-01-01 00:00:15.380,-0.460655,-0.068943,9.34628,-0.454763,-0.201111,-0.335969
2024-01-01 00:00:15.390,-1.130953,0.241367,9.614109,0.467132,-0.073404,-0.216467
2024-01-01 00:00:15.400,-0.010834,-0.327661,10.194224,-0.348454,-0.616512,-0.016102
2024-01-01 00:00:15.410,0.697824,0.612736,9.784846,0.04603,0.080286,0.232707
2024-01-01 00:00:15.420,0.654121,-0.573642,10.310802,0.017271,-0.128774,0.033876
2024-01-01 00:00:15.430,-0.179982,-0.188265,10.659955,-0.702657,0.222229,-0.202732
2024-01-01 00:00:15.440,-0.237121,0.116617,10.476647,-0.066829,0.078039,-0.179575
2024-01-01 00:00:15.450,0.18458,0.184059,10.106421,0.112103,0.224819,0.250948
2024-01-01 00:00:15.460,-0.393114,-0.03165,9.817473,0.088577,-0.216719,-0.09317
2024-01-01 00:00:15.470,0.118831,-0.018078,9.192104,0.22588,0.207677,-0.141445
2024-01-01 00:00:15.480,0.301644,0.129323,10.276165,-0.096873,0.421171,0.221606
2024-01-01 00:00:15.490,0.483105,-0.072787,10.868241,0.178126,0.152832,0.151665
2024-01-01 00:00:15.500,-0.039436,0.438852,10.025527,-0.172332,0.15807,0.191109
2024-01-01 00:00:15.510,-0.080197,0.264395,11.017873,-0.352617,0.03392,-0.142506
2024-01-01 00:00:15.520,-0.345706,0.27494,8.84889,-0.324432,-0.104934,-0.228766
2024-01-01 00:00:15.530,-0.325584,-0.304339,9.082877,-0.365528,0.152238,0.019975
2024-01-01 00:00:15.540,-0.089176,-0.025007,10.348777,0.252396,-0.301217,0.050269
2024-01-01 00:00:15.550,0.14465,-0.094647,9.976503,-0.378643,-0.083551,0.05469
2024-01-01 00:00:15.560,0.359724,-0.316764,10.637683,0.06851,-0.354211,0.221728
2024-01-01 00:00:15.570,-0.316252,0.113452,9.800253,-0.066481,-0.140731,-0.260065
2024-01-01 00:00:15.580,0.587746,-0.169358,9.263175,-0.025662,0.128409,0.128954
2024-01-01 00:00:15.590,-0.106755,0.206452,9.675436,0.340902,0.101079,-0.164494
2024-01-01 00:00:15.600,-0.008413,-0.33711,8.844409,-0.109607,0.010183,0.12836
2024-01-01 00:00:15.610,-0.294215,0.541498,9.098988,0.1529,0.03408,-0.071244
2024-01-01 00:00:15.620,-0.954545,-0.282345,10.42264,0.009391,-0.377173,-0.122096
2024-01-01 00:00:15.630,0.348093,0.06908,10.359856,-0.038005,-0.074512,-0.091485
2024-01-01 00:00:15.640,0.290132,0.249436,10.038693,0.574992,-0.13627,-0.216842
2024-01-01 00:00:15.650,-0.110773,-0.179752,8.725721,-0.360335,-0.131812,0.006064
2024-01-01 00:00:15.660,0.026378,0.268528,9.584206,0.322283,0.119916,-0.115901
2024-01-01 00:00:15.670,0.203151,-0.387193,9.03825,0.164102,-0.172101,0.117945
2024-01-01 00:00:15.680,-0.615252,0.457417,10.551216,-0.119881,-0.120936,0.096008
2024-01-01 00:00:15.690,-0.208314,0.004457,9.442255,0.40733,-0.417414,0.253224
2024-01-01 00:00:15.700,0.312742,-0.18787,9.125979,-0.462028,-0.058825,0.054949
2024-01-01 00:00:15.710,-0.493876,-0.094242,9.828772,-0.130442,-0.217568,0.078102
2024-01-01 00:00:15.720,0.115588,0.25481,9.406703,-0.302121,0.015841,0.210015
2024-01-01 00:00:15.730,-0.534154,-0.184103,10.744759,0.103021,-0.190222,-0.094149
2024-01-01 00:00:15.740,0.183657,-0.236048,9.347069,-0.278266,0.020908,-0.223239
2024-01-01 00:00:15.750,-0.014034,-0.069784,8.928486,0.108266,-0.028937,0.030014
2024-01-01 00:00:15.760,-0.635958,-0.370743,8.453664,-0.046609,0.334408,-0.213395
2024-01-01 00:00:15.770,0.458616,0.573471,9.790605,-0.119838,0.099444,0.368091
2024-01-01 00:00:15.780,-0.289245,-0.178414,9.455984,0.097162,-0.367928,0.218325
2024-01-01 00:00:15.790,-0.319037,0.261959,8.90979,-0.067155,-0.252978,0.324596
2024-01-01 00:00:15.800,0.078974,0.065983,10.559213,-0.272159,0.011042,0.009367
2024-01-01 00:00:15.810,0.452276,-0.310128,10.230364,0.700343,-0.18597,0.082586
2024-01-01 00:00:15.820,-0.39998,-0.001876,9.792223,-0.121792,-0.593674,-0.068921
2024-01-01 00:00:15.830,0.024286,0.246961,10.669526,-0.554402,0.269909,0.132439
2024-01-01 00:00:15.840,0.168846,-0.059302,10.227398,-0.210525,0.144045,-0.182331
2024-01-01 00:00:15.850,1.67291,0.375831,13.141601,-0.316819,0.104195,-0.381464
2024-01-01 00:00:15.860,1.469474,0.321777,13.005291,0.206536,-0.121465,-0.118607
2024-01-01 00:00:15.870,1.255483,0.289458,14.175328,0.080413,0.085535,-0.218321
2024-01-01 00:00:15.880,1.074136,-0.144792,13.909711,0.099678,-0.140872,0.221689
2024-01-01 00:00:15.890,1.433919,-0.34015,13.766941,-0.092506,0.040971,0.272352
2024-01-01 00:00:15.900,-0.422155,-0.19328,9.276706,-0.069838,-0.184117,-0.210439
2024-01-01 00:00:15.910,-1.150282,0.061816,10.193007,-0.092733,0.303258,0.193757
2024-01-01 00:00:15.920,0.171895,0.171923,9.334036,-0.020298,-0.314047,0.142708
2024-01-01 00:00:15.930,0.355924,-0.684045,9.745748,0.208833,0.246457,-0.235467
2024-01-01 00:00:15.940,-0.930405,-0.002556,10.721575,0.084019,0.007783,-0.05854
2024-01-01 00:00:15.950,-0.397581,0.049798,9.393674,0.125028,-0.097893,-0.087025
2024-01-01 00:00:15.960,0.243792,-0.087426,8.819017,0.12489,0.033401,0.112199
2024-01-01 00:00:15.970,0.810139,0.406751,9.146895,0.221111,0.14667,-0.184317
2024-01-01 00:00:15.980,0.008188,0.132861,10.436408,0.072038,0.273349,-0.014831
2024-01-01 00:00:15.990,-0.286651,0.41271,9.970481,0.089712,0.062629,-0.10289
2024-01-01 00:00:16.000,-0.072015,-0.068028,9.728807,0.297202,-0.178139,0.071001
2024-01-01 00:00:16.010,0.541358,0.295305,9.489271,-0.166261,0.011126,-0.032519
2024-01-01 00:00:16.020,-0.254348,0.515046,10.115777,-0.213936,0.363359,-0.080287
2024-01-01 00:00:16.030,-0.314682,0.413183,9.275064,-0.29648,0.269536,-0.031994
2024-01-01 00:00:16.040,-0.19008,-0.344025,10.002569,0.045729,0.181753,0.305406
2024-01-01 00:00:16.050,-0.375373,-0.079908,9.34931,-0.463433,0.159137,-0.062535
2024-01-01 00:00:16.060,0.048301,-0.108727,9.244475,0.115539,0.13989,-0.156151
2024-01-01 00:00:16.070,0.639717,0.154115,9.408383,-0.027298,0.231751,0.087515
2024-01-01 00:00:16.080,0.127212,0.216201,9.573493,0.28366,-0.091326,-0.021529
2024-01-01 00:00:16.090,-0.099364,-0.264251,9.779237,-0.167979,-0.271017,-0.212285
2024-01-01 00:00:16.100,-0.114901,0.021369,9.958337,-0.05083,0.013801,0.334724
2024-01-01 00:00:16.110,-0.615506,-0.636277,7.48633,0.280551,-0.163516,-0.052872
2024-01-01 00:00:16.120,0.347724,0.454213,9.30118,0.345784,-0.211004,-0.05668
2024-01-01 00:00:16.130,-0.030648,-0.161398,9.563311,-0.170038,-0.144056,0.023975
2024-01-01 00:00:16.140,-0.071064,0.017597,10.758189,0.045445,0.497063,0.259518
2024-01-01 00:00:16.150,1.257286,-0.09754,9.129598,0.073605,0.027225,-0.251962
2024-01-01 00:00:16.160,0.117634,0.360999,9.912562,0.093413,0.072382,0.041398
2024-01-01 00:00:16.170,-0.296018,-0.893815,10.751869,-0.065644,-0.244473,0.313091
2024-01-01 00:00:16.180,-0.167878,-0.005232,8.98283,0.320346,-0.368751,0.019309
2024-01-01 00:00:16.190,0.4522,-0.033333,10.058204,-0.472426,-0.163811,-0.1853
2024-01-01 00:00:16.200,0.0446,-0.142895,9.304569,-0.105283,0.287639,-0.09276
2024-01-01 00:00:16.210,-0.566322,0.543761,9.492081,0.111983,0.066855,0.031032
2024-01-01 00:00:16.220,0.361946,-0.279509,9.30404,0.114306,0.119719,0.199621
2024-01-01 00:00:16.230,-0.263082,0.243116,9.34893,0.33819,0.147713,-0.0509
2024-01-01 00:00:16.240,0.737611,0.11222,11.524805,0.299556,-0.11827,0.123998
2024-01-01 00:00:16.250,0.425269,0.397379,10.342007,-0.071385,0.277593,-0.215305
2024-01-01 00:00:16.260,-0.176133,-0.210165,10.504095,0.324968,-0.126562,-0.216558
2024-01-01 00:00:16.270,0.5044,-0.230885,10.119956,-0.17851,0.281246,-0.07242
2024-01-01 00:00:16.280,1.426718,0.345262,12.648058,0.232722,0.08846,0.215704
2024-01-01 00:00:16.290,1.73578,0.133976,13.908824,0.452631,-0.357809,0.010331
2024-01-01 00:00:16.300,1.590864,-0.486655,14.335946,0.303736,-0.149602,0.043472
2024-01-01 00:00:16.310,1.066747,-0.169881,13.122358,0.026443,-0.356988,0.041712
2024-01-01 00:00:16.320,1.146602,0.121711,14.268156,-0.082945,0.232656,0.166381
2024-01-01 00:00:16.330,0.405547,0.263896,10.253732,-0.382148,-0.004947,-0.091533
2024-01-01 00:00:16.340,-0.131818,-0.213958,10.976785,0.077635,-0.445668,0.103243
2024-01-01 00:00:16.350,-0.158937,-0.917991,9.546797,-0.278804,0.075149,-0.124632
2024-01-01 00:00:16.360,-0.37608,0.164815,9.118505,-0.198284,-0.107433,0.297491
2024-01-01 00:00:16.370,0.166792,-0.384401,9.582174,-0.297686,-0.296761,-0.120059
2024-01-01 00:00:16.380,0.812119,-0.635462,10.71441,-0.115098,0.335593,-0.132358
2024-01-01 00:00:16.390,-0.420341,-0.892183,8.658104,-0.006992,0.021457,0.08245
2024-01-01 00:00:16.400,0.009536,0.256404,8.506923,0.068404,-0.058686,0.011968
2024-01-01 00:00:16.410,0.556062,0.040514,9.866319,-0.150127,-0.079885,0.049028
2024-01-01 00:00:16.420,-0.031359,-0.071082,9.531169,0.267321,-0.302656,0.034097
2024-01-01 00:00:16.430,0.178121,0.437543,9.814869,-0.052051,-0.26091,-0.163559
2024-01-01 00:00:16.440,-0.418317,0.200757,10.405546,-0.196931,0.256983,0.242004
2024-01-01 00:00:16.450,0.168646,0.509135,9.461881,0.056573,-0.094777,0.134031
2024-01-01 00:00:16.460,-0.073688,-0.438712,8.630006,0.490888,0.004414,0.203842
2024-01-01 00:00:16.470,0.388131,-0.010883,11.098023,0.08379,-0.408866,-0.07925
2024-01-01 00:00:16.480,0.467533,-0.509265,9.181746,-0.090714,-0.263618,0.062479
2024-01-01 00:00:16.490,1.019641,-0.072255,9.142807,-0.381865,0.121963,0.029605
2024-01-01 00:00:16.500,0.228231,-0.078314,10.505344,-0.054853,0.075542,0.1692
2024-01-01 00:00:16.510,0.128282,0.197383,9.567772,0.058732,0.350675,0.174037
2024-01-01 00:00:16.520,0.076539,0.014353,9.770064,-0.096895,0.268591,0.028958
2024-01-01 00:00:16.530,-0.139059,0.196373,10.114158,-0.416346,-0.046142,-0.227693
2024-01-01 00:00:16.540,0.133278,0.221584,10.492657,-0.212641,0.094591,0.266949
2024-01-01 00:00:16.550,-0.116314,0.678803,9.59992,0.363635,-0.063321,0.083398
2024-01-01 00:00:16.560,0.066332,-0.099318,10.76757,0.3585,0.410962,-0.091266
2024-01-01 00:00:16.570,0.518804,-0.296422,8.464446,-0.22166,0.229803,0.060981
2024-01-01 00:00:16.580,-0.396326,0.077516,10.288666,0.168189,0.033937,-0.226664
2024-01-01 00:00:16.590,0.448827,-0.252718,9.281098,-0.294643,0.040079,0.158303
2024-01-01 00:00:16.600,0.518614,0.466818,10.674531,0.351079,0.28897,-0.220682
2024-01-01 00:00:16.610,-0.046489,-0.089214,9.899488,0.061309,0.115916,-0.033125
2024-01-01 00:00:16.620,-0.83548,-0.178157,9.38607,0.23741,0.311726,0.036668
2024-01-01 00:00:16.630,-0.23933,-0.148464,10.22759,-0.428773,-0.43873,0.155826
2024-01-01 00:00:16.640,0.510692,0.226301,10.372709,0.169409,0.092246,0.015982
2024-01-01 00:00:16.650,-0.009004,-0.04969,10.214393,-0.001919,-0.103087,0.095244
2024-01-01 00:00:16.660,-0.393475,-0.202125,9.161291,0.212982,0.351276,-0.004225
2024-01-01 00:00:16.670,-0.198755,0.524586,9.505069,0.228717,0.30928,-0.004828
2024-01-01 00:00:16.680,0.330994,-0.269693,9.807434,0.016446,0.006567,0.012822
2024-01-01 00:00:16.690,0.215276,0.011203,9.784006,-0.150207,0.307126,-0.028359
2024-01-01 00:00:16.700,-0.09408,0.205476,10.28234,0.194924,0.356623,-0.252986
2024-01-01 00:00:16.710,-0.144437,-0.513871,8.540612,-0.015039,0.014881,-0.115249
2024-01-01 00:00:16.720,-0.154255,0.151282,10.020626,-0.218196,0.494387,0.036716
2024-01-01 00:00:16.730,-0.363199,-0.332359,9.627312,-0.230038,-0.006268,-0.037368
2024-01-01 00:00:16.740,0.636054,0.259177,9.281745,-0.369291,-0.042904,-0.023371
2024-01-01 00:00:16.750,-0.126914,-0.303235,9.342233,-0.127573,0.173175,-0.048503
2024-01-01 00:00:16.760,0.479256,0.218222,9.674841,0.275673,-0.070758,-0.12954
2024-01-01 00:00:16.770,0.599018,0.348337,7.541316,0.044457,0.017068,-0.073965
2024-01-01 00:00:16.780,0.393085,0.271353,9.368188,-0.132442,0.281887,-0.046025
2024-01-01 00:00:16.790,-0.16995,0.079165,9.258237,0.201214,0.003844,0.000771
2024-01-01 00:00:16.800,0.158969,-0.07286,10.145653,-0.208119,-0.339004,0.059007
2024-01-01 00:00:16.810,-0.009527,-0.181572,9.302518,0.023838,0.073464,-0.027083
2024-01-01 00:00:16.820,-0.355833,0.463376,9.674478,-0.044908,-0.139259,-0.154448
2024-01-01 00:00:16.830,0.127716,-0.220341,10.781634,0.194783,0.173054,-0.209712
2024-01-01 00:00:16.840,-0.464247,-0.326676,10.436441,-0.394307,0.139238,0.389616
2024-01-01 00:00:16.850,0.467649,0.209591,10.378431,-0.212549,0.29428,-0.169472
2024-01-01 00:00:16.860,-0.182943,-0.250783,9.49508,-0.409561,0.181506,-0.077794
2024-01-01 00:00:16.870,0.079207,-0.29927,10.15211,-0.064899,0.218049,0.07755
2024-01-01 00:00:16.880,0.111545,-0.454735,9.662644,0.302857,-0.133819,0.054129
2024-01-01 00:00:16.890,-0.101944,-0.152117,9.686461,-0.126362,0.160797,0.07813
2024-01-01 00:00:16.900,0.231011,-0.026055,10.068102,-0.127671,0.39369,-0.066408
2024-01-01 00:00:16.910,-0.186993,0.076574,9.433894,0.217931,-0.13773,0.035784
2024-01-01 00:00:16.920,0.343073,0.299661,10.750592,0.267137,0.359948,0.009202
2024-01-01 00:00:16.930,-0.529979,0.165973,9.709118,-0.022143,-0.10987,-0.04682
2024-01-01 00:00:16.940,0.049762,-0.060125,10.199567,0.171179,-0.170394,0.036811
2024-01-01 00:00:16.950,0.763453,-0.062432,10.727028,-0.269239,0.05924,0.158305
2024-01-01 00:00:16.960,-0.39388,0.1607,10.459942,0.344494,0.143182,-0.00333
2024-01-01 00:00:16.970,-0.266862,0.40086,8.922381,0.537177,0.18235,-0.002332
2024-01-01 00:00:16.980,0.202351,0.039789,10.090284,0.130304,-0.192352,0.160224
2024-01-01 00:00:16.990,0.07071,-0.147776,10.345953,-0.521083,0.086908,0.144204
2024-01-01 00:00:17.000,0.138061,-0.312753,10.371874,-0.139558,-0.137111,0.23759
2024-01-01 00:00:17.010,0.192617,-0.45524,9.108624,0.153206,-0.297784,-0.263435
2024-01-01 00:00:17.020,0.249922,0.209875,9.396068,-0.105371,-0.185747,0.135768
2024-01-01 00:00:17.030,0.436944,0.182063,10.436572,0.31805,-0.15018,0.090237
2024-01-01 00:00:17.040,0.161366,0.18187,9.330091,0.147039,0.104319,-0.132848
2024-01-01 00:00:17.050,-0.094995,-0.040528,9.621191,-0.176619,0.230443,0.037738
2024-01-01 00:00:17.060,0.264826,0.443184,10.802802,0.008066,-0.294641,0.157668
2024-01-01 00:00:17.070,0.748079,-0.152497,9.779886,-0.223458,0.070392,-0.124374
2024-01-01 00:00:17.080,-0.052225,0.30091,9.352132,-0.045646,-0.23534,0.066384
2024-01-01 00:00:17.090,-0.383721,-0.012204,9.257101,-0.138648,0.125817,0.130703
2024-01-01 00:00:17.100,0.435913,-0.19163,10.019613,0.29369,-0.124546,-0.160653
2024-01-01 00:00:17.110,-0.0474,0.186647,8.970117,0.529003,-0.210266,-0.021343
2024-01-01 00:00:17.120,-0.855489,0.129035,9.654178,-0.357797,0.159933,0.045145
2024-01-01 00:00:17.130,0.333672,0.112446,10.019935,-0.480804,-0.117385,-0.11942
2024-01-01 00:00:17.140,-0.210785,0.025603,10.628464,-0.061293,-0.063193,-0.131873
2024-01-01 00:00:17.150,-0.035647,-0.011936,10.230555,-0.379604,-0.443998,-0.020257
2024-01-01 00:00:17.160,0.130717,0.752337,9.360139,0.011553,0.18931,0.120246
2024-01-01 00:00:17.170,0.075009,0.373041,10.552404,0.187234,0.164182,0.09656
2024-01-01 00:00:17.180,0.279347,0.22769,9.621306,0.373535,0.001092,-0.129212
2024-01-01 00:00:17.190,-0.171473,0.035217,9.031507,0.050349,-0.305516,0.097825
2024-01-01 00:00:17.200,0.202035,0.317255,9.701614,-0.048289,0.241874,-0.125391
2024-01-01 00:00:17.210,-0.102197,0.163168,10.716047,-0.494596,-0.133253,-0.241525
2024-01-01 00:00:17.220,0.290907,0.008254,9.914101,0.006546,-0.090671,-0.055072
2024-01-01 00:00:17.230,0.242301,-0.095623,9.817889,0.017822,0.462409,0.168445
2024-01-01 00:00:17.240,-0.368329,-0.025489,10.841443,0.159739,-0.140727,0.098394
2024-01-01 00:00:17.250,0.427605,-0.998684,8.908246,-0.177122,0.148442,-0.000236
2024-01-01 00:00:17.260,-0.211036,0.066339,9.000073,-0.108763,0.112418,-0.062506
2024-01-01 00:00:17.270,0.318173,-0.15387,8.792017,-0.369501,0.078034,-0.058464
2024-01-01 00:00:17.280,0.144619,0.501691,10.044768,-0.572823,0.0564,0.016318
2024-01-01 00:00:17.290,2.123785,0.006093,13.764891,-0.277124,0.075278,-0.160266
2024-01-01 00:00:17.300,1.31201,-0.374523,14.631924,-0.392581,0.054388,-0.052216
2024-01-01 00:00:17.310,1.262457,-0.015712,13.813389,0.084178,-0.010384,-0.032335
2024-01-01 00:00:17.320,1.392354,-0.329528,13.405381,-0.129534,0.302257,-0.202661
2024-01-01 00:00:17.330,1.280623,0.149123,13.661131,-0.134559,-0.262532,-0.125767
2024-01-01 00:00:17.340,0.314977,0.091648,9.884156,-0.246103,0.204292,0.061576
2024-01-01 00:00:17.350,-0.636422,0.301719,8.75679,-0.808141,0.164468,0.001427
2024-01-01 00:00:17.360,-0.414887,-0.249128,11.517509,0.377078,0.13968,-0.046314
2024-01-01 00:00:17.370,-0.420447,0.010713,10.137519,-0.250068,0.223396,-0.136714
2024-01-01 00:00:17.380,0.374184,-0.429982,9.942305,-0.103105,-0.01852,0.236527
2024-01-01 00:00:17.390,0.673554,0.220971,10.197553,-0.363723,-0.373795,-0.125697
2024-01-01 00:00:17.400,-0.041127,0.163444,10.256929,0.242983,-0.014459,0.037739
2024-01-01 00:00:17.410,-0.066474,0.156179,9.721451,0.035857,-0.198239,-0.07318
2024-01-01 00:00:17.420,0.027583,0.00051,9.412318,-0.206591,-0.146372,0.005442
2024-01-01 00:00:17.430,0.45749,0.130653,10.187654,-0.098057,-0.248484,0.068641
2024-01-01 00:00:17.440,-0.365145,0.505367,10.052998,0.419545,-0.095469,-0.205538
2024-01-01 00:00:17.450,0.093858,-0.089805,9.299769,-0.018242,-0.119325,-0.000992
2024-01-01 00:00:17.460,0.383984,0.043673,10.703992,-0.045433,-0.475514,0.178609
2024-01-01 00:00:17.470,0.197306,-0.34213,9.994812,-0.235345,0.140044,0.264225
2024-01-01 00:00:17.480,0.074648,-0.273502,10.269786,-0.473645,0.444064,-0.019502
2024-01-01 00:00:17.490,0.394162,0.030811,10.68691,-0.04001,0.121247,0.006252
2024-01-01 00:00:17.500,-1.064398,0.347739,9.82379,0.081371,-0.040585,0.3317
2024-01-01 00:00:17.510,0.266913,-0.080728,10.00968,0.274896,-0.010949,0.170239
2024-01-01 00:00:17.520,-0.257542,-0.074314,10.320317,-0.562124,-0.084197,-0.092593
2024-01-01 00:00:17.530,-0.720812,-0.128169,9.353338,-0.281274,0.018008,-0.092848
2024-01-01 00:00:17.540,0.201286,-0.168448,9.844053,-0.145185,-0.007402,0.143482
2024-01-01 00:00:17.550,0.540878,0.092916,9.889096,-0.00087,-0.16821,-0.151656
2024-01-01 00:00:17.560,-0.05412,-0.471636,9.207683,-0.036258,0.336578,0.163159
2024-01-01 00:00:17.570,0.375194,0.403496,11.270111,-0.030422,-0.297431,0.050145
2024-01-01 00:00:17.580,0.634835,-0.209608,8.923405,0.102024,0.143666,0.077658
2024-01-01 00:00:17.590,0.517748,0.2274,8.992195,-0.225823,-0.02024,-0.03851
2024-01-01 00:00:17.600,0.645736,-0.40005,10.637963,0.233535,0.380166,-0.094474
2024-01-01 00:00:17.610,0.292213,0.210685,10.259358,0.108363,0.068173,0.219299
2024-01-01 00:00:17.620,0.029702,0.211663,9.163642,-0.079958,-0.071981,-0.037011
2024-01-01 00:00:17.630,-0.630774,0.121024,10.192592,0.400227,-0.049541,-0.06164
2024-01-01 00:00:17.640,-0.096887,-0.313245,10.734746,0.389104,0.007981,-0.012021
2024-01-01 00:00:17.650,-0.332028,0.078608,9.790934,0.233224,-0.228558,0.028953
2024-01-01 00:00:17.660,0.854809,-0.372663,11.447258,-0.754639,-0.153374,-0.154624
2024-01-01 00:00:17.670,-0.069255,-0.07962,8.723841,0.394736,-0.356989,-0.084731
2024-01-01 00:00:17.680,0.048512,0.324265,10.247109,0.19869,-0.184595,-0.092705
2024-01-01 00:00:17.690,0.217147,0.250961,10.544913,0.501602,0.018781,0.126792
2024-01-01 00:00:17.700,0.017168,0.004783,10.371547,0.309366,0.060035,-0.132894
2024-01-01 00:00:17.710,0.667426,-0.307064,9.681256,0.394586,-0.395866,-0.263365
2024-01-01 00:00:17.720,1.154832,0.20336,13.477022,0.219664,-0.027442,-0.295064
2024-01-01 00:00:17.730,1.476627,0.006105,13.939811,0.337173,0.112682,-0.220557
2024-01-01 00:00:17.740,1.107652,-0.730899,14.173925,0.498531,-0.032582,0.204231
2024-01-01 00:00:17.750,0.880241,0.246528,14.039558,0.054139,-0.126758,0.002431
2024-01-01 00:00:17.760,1.159116,-0.007633,14.315236,-0.393058,-0.082432,0.075187
2024-01-01 00:00:17.770,-0.014583,0.378772,9.168112,-0.076865,-0.108153,0.080473
2024-01-01 00:00:17.780,-0.169038,-0.34501,9.666504,0.097486,-0.127346,0.008428
2024-01-01 00:00:17.790,-0.272641,-1.000662,9.21779,0.018722,0.034765,-0.011217
2024-01-01 00:00:17.800,-0.553738,0.087911,9.566749,-0.31164,0.461538,0.156679
2024-01-01 00:00:17.810,-0.032723,0.091843,10.449589,-0.407767,-0.14874,0.021899
2024-01-01 00:00:17.820,-0.592484,-0.532562,9.87803,-0.185291,-0.063629,0.209865
2024-01-01 00:00:17.830,0.299272,-0.308227,11.452321,0.201935,-0.01034,0.093124
2024-01-01 00:00:17.840,0.032461,0.867894,9.931846,0.395085,-0.137471,-0.092669
2024-01-01 00:00:17.850,-0.573911,-0.096267,9.847606,0.229142,0.219647,-0.07457
2024-01-01 00:00:17.860,-0.121751,0.230252,9.876895,0.264357,-0.474177,-0.10912
2024-01-01 00:00:17.870,-0.296162,-0.204958,9.408181,-0.020204,-0.106212,0.182632
2024-01-01 00:00:17.880,0.125675,-0.658445,9.773563,-0.435521,0.163663,-0.060758
2024-01-01 00:00:17.890,0.527802,-0.053631,10.520506,-0.113805,-0.058819,-0.119771
2024-01-01 00:00:17.900,-0.738349,-0.083665,9.881802,-0.064691,-0.164168,0.047967
2024-01-01 00:00:17.910,0.045292,-0.125962,9.31012,-0.124263,0.088151,-0.014575
2024-01-01 00:00:17.920,-0.063052,-0.036112,9.227197,0.013674,0.181269,0.044185
2024-01-01 00:00:17.930,0.26434,0.083245,9.526373,0.110355,0.042127,0.283472
2024-01-01 00:00:17.940,0.083946,-0.047287,9.856534,0.213254,-0.160244,0.136961
2024-01-01 00:00:17.950,-0.296088,-0.398162,10.56196,-0.06953,0.091241,0.004052
2024-01-01 00:00:17.960,-0.125627,0.153148,8.965492,-0.47594,-0.08041,-0.211264
2024-01-01 00:00:17.970,-0.313435,-0.614052,9.608509,-0.120719,0.149037,-0.074994
2024-01-01 00:00:17.980,0.423678,-0.645863,9.900915,0.010928,0.296652,0.106657
2024-01-01 00:00:17.990,0.008391,0.232842,8.654765,0.305702,-0.521115,-0.175656
2024-01-01 00:00:18.000,0.748594,0.159711,9.284833,-0.141952,0.022213,0.321146
2024-01-01 00:00:18.010,-0.023885,-0.01808,9.38167,0.128136,-0.347147,0.002162
2024-01-01 00:00:18.020,-0.278935,-0.439566,9.308539,0.072522,0.488358,0.007327
2024-01-01 00:00:18.030,-0.596025,-0.222992,9.93089,0.010975,-0.093625,-0.099997
2024-01-01 00:00:18.040,-0.709986,-0.082765,9.708847,0.232633,0.149275,0.074511
2024-01-01 00:00:18.050,-0.623754,-0.502707,9.46017,-0.16521,-0.007063,-0.1737
2024-01-01 00:00:18.060,0.105181,-0.232794,10.079616,-0.143797,-0.160617,0.324734
2024-01-01 00:00:18.070,0.20031,0.205484,10.895537,-0.002975,-0.184411,0.197603
2024-01-01 00:00:18.080,-0.622594,0.449601,10.842732,-0.160037,0.317136,0.147644
2024-01-01 00:00:18.090,0.352421,-0.132122,8.598654,0.127003,0.191188,-0.208564
2024-01-01 00:00:18.100,-0.190205,0.238294,10.173555,-0.178298,0.388717,0.030812
2024-01-01 00:00:18.110,0.0578,-0.602929,9.697845,0.056576,0.011091,0.181363
2024-01-01 00:00:18.120,0.634812,0.207727,9.907748,-0.025043,0.057584,0.088966
2024-01-01 00:00:18.130,0.35313,-0.253244,9.559082,0.053731,-0.053438,-0.150316
2024-01-01 00:00:18.140,-0.105734,0.096814,9.884081,-0.114935,-0.057416,-0.097514
2024-01-01 00:00:18.150,-0.350907,-0.078042,9.905387,-0.084772,-0.208377,-0.06779
2024-01-01 00:00:18.160,-0.847277,0.41593,9.44526,0.024002,0.016802,-0.090516
2024-01-01 00:00:18.170,-0.283167,-0.275447,9.245288,0.050519,-0.157849,0.229317
2024-01-01 00:00:18.180,-0.083133,0.197696,9.527322,-0.00105,0.088382,-0.288152
2024-01-01 00:00:18.190,-0.388702,-0.088045,9.957583,0.426341,0.034002,0.098388
2024-01-01 00:00:18.200,-0.051682,-0.049866,10.187368,-0.247684,0.057536,-0.193846
2024-01-01 00:00:18.210,0.03026,-0.057914,10.34761,-0.016051,0.335026,-0.144188
2024-01-01 00:00:18.220,-0.088537,-0.266387,9.49866,-0.393407,-0.007544,-0.30146
2024-01-01 00:00:18.230,-0.255939,-0.004441,9.988822,0.09302,0.151345,-0.082358
2024-01-01 00:00:18.240,0.066408,-0.019734,10.416377,-0.278812,0.410302,0.22661
2024-01-01 00:00:18.250,0.174014,0.075991,10.544325,-0.069578,0.261323,0.039724
2024-01-01 00:00:18.260,-0.429345,0.026619,9.772935,-0.093016,0.230634,-0.179754
2024-01-01 00:00:18.270,0.555555,0.251368,9.670813,0.070223,-0.061338,0.152572
2024-01-01 00:00:18.280,-0.038819,0.290905,9.930408,-0.138198,0.045929,0.184696
2024-01-01 00:00:18.290,0.007422,-0.330946,9.085684,-0.148826,-0.263655,0.015607
2024-01-01 00:00:18.300,0.278859,0.273663,9.688026,0.358964,0.099783,0.305212
2024-01-01 00:00:18.310,0.091829,-0.373696,10.279089,0.071142,0.054892,0.123235
2024-01-01 00:00:18.320,0.375298,0.185175,10.214427,-0.140263,0.004677,0.102398
2024-01-01 00:00:18.330,0.113055,0.195218,9.639731,-0.062708,0.205439,-0.120507
2024-01-01 00:00:18.340,-0.241147,-0.602065,9.947162,0.411339,-0.241555,0.09411
2024-01-01 00:00:18.350,0.142342,0.029288,9.29047,-0.058791,0.326973,0.032519
2024-01-01 00:00:18.360,-0.450342,-0.147576,10.2532,-0.172319,0.180353,0.077974
2024-01-01 00:00:18.370,0.042745,-0.239011,9.760972,-0.171249,-0.014127,-0.102688
2024-01-01 00:00:18.380,-0.013084,0.425518,9.636151,-0.137282,-0.029746,0.019215
2024-01-01 00:00:18.390,-0.081946,-0.205909,9.582114,-0.148624,0.096122,-0.122529
2024-01-01 00:00:18.400,-0.050612,-0.254009,9.770377,-0.319912,0.30417,-0.32207
2024-01-01 00:00:18.410,-0.740978,0.023844,9.527837,-0.28105,0.020322,0.149746
2024-01-01 00:00:18.420,-0.21606,0.215961,10.22463,-0.20733,0.028806,-0.225358
2024-01-01 00:00:18.430,0.036558,-0.044619,9.560971,0.147893,0.003624,0.016078
2024-01-01 00:00:18.440,0.062943,0.367407,10.813567,-0.095309,0.356405,0.04995
2024-01-01 00:00:18.450,-0.404647,0.167257,10.733083,-0.05179,-0.073777,0.048984
2024-01-01 00:00:18.460,0.498372,-0.686137,9.248328,0.317522,-0.005902,-0.042462
2024-01-01 00:00:18.470,-0.341056,-0.166782,9.853914,0.323752,0.292687,0.040682
2024-01-01 00:00:18.480,0.381724,-0.17698,9.400086,-0.070531,0.029402,0.070645
2024-01-01 00:00:18.490,0.168208,0.150999,9.604212,-0.157716,0.227412,0.110245
2024-01-01 00:00:18.500,-0.254452,-0.826817,11.071529,-0.216108,-0.182256,0.260016
2024-01-01 00:00:18.510,0.699029,0.802938,9.61623,0.173194,-0.041059,0.035129
2024-01-01 00:00:18.520,-0.469995,0.167273,10.036942,-0.051177,0.296887,0.009607
2024-01-01 00:00:18.530,0.361917,0.046896,10.151032,-0.096624,-0.135268,-0.136009
2024-01-01 00:00:18.540,0.393979,0.372194,9.179603,-0.203416,-0.03026,0.065392
2024-01-01 00:00:18.550,-0.264057,0.738251,9.27129,-0.192417,0.051337,0.100107
2024-01-01 00:00:18.560,0.548283,0.274285,9.050206,0.080015,-0.197831,-0.028845
2024-01-01 00:00:18.570,-0.098456,0.298876,9.251838,-0.32886,-0.082762,0.081692
2024-01-01 00:00:18.580,0.113673,0.041167,8.014481,0.248717,0.022527,-0.043877
2024-01-01 00:00:18.590,0.102502,-0.044581,10.153087,-0.133461,0.009336,0.100649
2024-01-01 00:00:18.600,-0.052884,-0.149876,11.104142,-0.037409,0.25607,0.13689
2024-01-01 00:00:18.610,0.319256,-0.260225,9.903127,-0.334244,0.308291,0.134794
2024-01-01 00:00:18.620,0.312436,-0.216409,8.917751,-0.003091,-0.171217,0.017677
2024-01-01 00:00:18.630,-0.688484,-0.425425,9.405051,-0.08208,0.022254,-0.155995
2024-01-01 00:00:18.640,0.513584,-0.0239,9.520908,-0.01252,0.13485,-0.091787
2024-01-01 00:00:18.650,-0.654606,-0.53067,9.168922,0.367927,0.303269,0.089274
2024-01-01 00:00:18.660,0.406565,0.060139,10.351915,0.044425,0.143698,0.367322
2024-01-01 00:00:18.670,0.44364,-0.011444,10.320464,-0.198665,0.058183,-0.051108
2024-01-01 00:00:18.680,-0.429568,0.046285,9.082065,-0.17783,0.133309,0.068376
2024-01-01 00:00:18.690,-0.161758,-0.164471,10.266801,0.148783,0.134754,-0.083408
2024-01-01 00:00:18.700,-0.435371,0.969211,10.771892,0.324673,-0.185543,-0.146095
2024-01-01 00:00:18.710,-0.084625,0.428437,11.008612,0.07048,0.03856,-0.101447
2024-01-01 00:00:18.720,1.278712,-0.392031,15.465084,0.172178,0.291832,-0.312371
2024-01-01 00:00:18.730,1.706991,0.073353,13.091745,0.152434,-0.041471,0.203015
2024-01-01 00:00:18.740,1.915934,-0.191522,15.439259,0.354766,0.025889,-0.33452
2024-01-01 00:00:18.750,1.949551,-0.319561,13.43685,-0.487398,-0.048503,-0.039574
2024-01-01 00:00:18.760,1.178646,-0.422123,13.286747,0.166805,-0.462772,-0.176719
2024-01-01 00:00:18.770,-0.082381,0.136148,10.016056,0.245934,0.004118,-0.132657
2024-01-01 00:00:18.780,-0.662854,-0.214635,9.443301,-0.334681,0.060358,0.206478
2024-01-01 00:00:18.790,-0.317311,0.304865,10.061398,-0.221417,-0.102499,0.03016
2024-01-01 00:00:18.800,0.37991,0.313041,8.978351,-0.212696,-0.230927,-0.144809
2024-01-01 00:00:18.810,0.636136,0.432783,9.659586,-0.182198,-0.176121,-0.088428
2024-01-01 00:00:18.820,-0.486025,-0.268502,10.619917,-0.120429,0.152838,-0.114822
2024-01-01 00:00:18.830,-0.233283,0.14974,9.774051,0.060651,0.394505,-0.006532
2024-01-01 00:00:18.840,-0.010397,0.199223,9.899205,0.216419,0.276487,0.025934
2024-01-01 00:00:18.850,0.110313,-0.149366,10.109413,0.270329,-0.268869,0.284336
2024-01-01 00:00:18.860,-0.318781,-0.243108,10.547517,-0.209456,0.170925,-0.287445
2024-01-01 00:00:18.870,0.166974,0.506999,8.767208,-0.211176,-0.132632,-0.005222
2024-01-01 00:00:18.880,-0.186574,0.071661,10.17825,0.328955,-0.116453,-0.047335
2024-01-01 00:00:18.890,-0.005691,0.20033,9.641072,0.161686,-0.092395,0.141982
2024-01-01 00:00:18.900,0.215099,-0.258954,9.914982,0.020716,0.141213,0.053223
2024-01-01 00:00:18.910,0.002529,-0.384075,10.477769,0.118334,0.191851,0.088554
2024-01-01 00:00:18.920,-0.171827,-0.179377,9.057662,-0.007451,-0.019606,0.051763
2024-01-01 00:00:18.930,-0.043159,-0.039067,9.172034,0.131146,-0.016214,-0.139799
2024-01-01 00:00:18.940,-0.034793,-0.335229,8.590679,-0.084017,0.092853,0.18169
2024-01-01 00:00:18.950,-0.145692,-0.003101,9.46403,0.067201,0.113599,0.119776
2024-01-01 00:00:18.960,-0.101901,-0.531879,10.648172,-0.377637,0.235245,0.137329
2024-01-01 00:00:18.970,0.629467,-0.352815,9.73403,-0.171946,-0.256874,0.189608
2024-01-01 00:00:18.980,0.220862,0.211337,8.965721,-0.169253,0.004005,0.062651
2024-01-01 00:00:18.990,-0.116345,0.190194,9.504022,-0.093598,-0.213605,0.222149
2024-01-01 00:00:19.000,0.274426,-0.123441,8.872647,-0.231628,-0.010188,0.056646
2024-01-01 00:00:19.010,-0.131441,-0.320596,9.101133,-0.133386,-0.045235,-0.032859
2024-01-01 00:00:19.020,0.461918,-0.323632,10.054956,-0.378604,-0.00935,-0.000991
2024-01-01 00:00:19.030,0.145547,-0.117579,9.07046,0.137175,-0.159949,-0.003577
2024-01-01 00:00:19.040,-0.04225,0.203023,10.51096,-0.020628,-0.297458,-0.077909
2024-01-01 00:00:19.050,0.176289,0.292397,9.765194,-0.426302,-0.418888,0.244783
2024-01-01 00:00:19.060,-0.618532,-0.156407,9.863925,-0.208707,-0.026236,0.044444
2024-01-01 00:00:19.070,-0.443665,-0.36335,9.634625,0.08415,-0.0862,0.014211
2024-01-01 00:00:19.080,-0.470108,0.084371,10.296894,-0.135755,-0.135188,0.058241
2024-01-01 00:00:19.090,0.056284,-0.259414,10.303391,-0.174235,0.26451,0.446978
2024-01-01 00:00:19.100,0.682178,-0.16325,10.021084,-0.018648,-0.171888,-0.169759
2024-01-01 00:00:19.110,0.878574,0.417462,10.165817,0.085899,0.283367,-0.126756
2024-01-01 00:00:19.120,0.251233,0.260541,9.676384,-0.359088,0.324769,-0.207086
2024-01-01 00:00:19.130,0.197208,0.049762,10.151588,0.137532,-0.39018,-0.03489
2024-01-01 00:00:19.140,-0.709166,-0.400654,9.597137,-0.200073,0.018476,0.036828
2024-01-01 00:00:19.150,-0.213678,0.06659,9.811406,-0.004482,-0.079939,-0.069798
2024-01-01 00:00:19.160,1.08981,0.334737,13.486974,-0.008855,-0.582361,-0.080959
2024-01-01 00:00:19.170,1.155541,-0.118325,13.371952,-0.131767,-0.288928,0.021361
2024-01-01 00:00:19.180,1.333793,0.425601,13.22586,-0.255915,0.154987,-0.075316
2024-01-01 00:00:19.190,1.214114,0.407215,13.954645,-0.071422,0.40384,0.046526
2024-01-01 00:00:19.200,0.620651,0.524076,14.485682,0.406333,0.180536,0.167135
2024-01-01 00:00:19.210,0.29449,0.096152,10.547794,-0.340419,0.064726,0.101555
2024-01-01 00:00:19.220,-0.422393,0.185028,9.018364,0.423078,-0.004266,0.132152
2024-01-01 00:00:19.230,0.094203,0.445469,10.622198,-0.06493,0.336533,0.162888
2024-01-01 00:00:19.240,0.81667,0.140929,9.60956,0.008843,0.429648,0.042424
2024-01-01 00:00:19.250,-0.362008,-0.157889,10.188462,-0.271678,-0.117369,-0.023796
2024-01-01 00:00:19.260,-0.996301,-0.141291,9.239084,-0.192817,-0.399997,-0.115838
2024-01-01 00:00:19.270,-0.112614,0.075145,9.899447,-0.125727,-0.419637,-0.058677
2024-01-01 00:00:19.280,0.433503,-0.406527,10.007646,-0.261424,0.264376,-0.078553
2024-01-01 00:00:19.290,0.771099,-0.045127,8.874699,-0.052229,-0.009412,0.109751
2024-01-01 00:00:19.300,-0.484135,0.345412,10.193208,-0.101754,0.036648,0.052017
2024-01-01 00:00:19.310,0.195575,-0.690245,10.657939,0.462695,-0.35813,0.104514
2024-01-01 00:00:19.320,-0.183216,0.483362,9.699972,-0.291494,-0.150638,-0.174051
2024-01-01 00:00:19.330,-0.041717,0.353548,10.666906,0.025673,-0.059096,0.214762
2024-01-01 00:00:19.340,1.04121,-0.144826,9.690493,0.061962,0.041568,-0.064047
2024-01-01 00:00:19.350,-0.591795,0.171168,10.345238,-0.26758,-0.079718,-0.165002
2024-01-01 00:00:19.360,0.09991,0.000992,8.412301,0.171707,-0.207465,-0.065883
2024-01-01 00:00:19.370,0.184154,0.387447,11.33383,-0.099582,-0.156913,0.372565
2024-01-01 00:00:19.380,0.427528,0.309545,10.752139,-0.623097,0.241665,-0.058158
2024-01-01 00:00:19.390,0.038581,-0.441022,9.630686,0.164962,0.048957,-0.048764
2024-01-01 00:00:19.400,0.121295,0.184988,8.567584,-0.279235,0.122431,-0.028816
2024-01-01 00:00:19.410,-0.154212,-0.064773,9.991458,-0.261944,-0.179775,-0.022293
2024-01-01 00:00:19.420,0.105969,0.026092,8.900327,0.171976,-0.590765,-0.117221
2024-01-01 00:00:19.430,-0.135132,-0.229374,10.090258,-0.08679,-0.104621,0.021482
2024-01-01 00:00:19.440,0.244744,0.550663,10.069286,0.229443,-0.173314,0.161339
2024-01-01 00:00:19.450,-0.145534,0.327619,9.216916,0.302542,0.069802,0.047143
2024-01-01 00:00:19.460,0.148483,-0.233028,10.516209,-0.161232,0.657145,-0.166675
2024-01-01 00:00:19.470,-0.011522,-0.420402,10.317512,0.198316,0.139033,-0.051652
2024-01-01 00:00:19.480,0.443382,-0.121487,10.424769,-0.188865,0.547192,-0.082729
2024-01-01 00:00:19.490,-0.020236,0.136868,9.81558,0.558279,0.113754,0.007941
2024-01-01 00:00:19.500,-0.698132,0.075665,8.91822,-0.173239,-0.125977,0.199568
2024-01-01 00:00:19.510,0.496882,0.394737,10.42606,0.256522,0.069583,-0.022332
2024-01-01 00:00:19.520,-0.356632,0.248825,9.639666,0.210948,0.356128,-0.013223
2024-01-01 00:00:19.530,-0.25742,0.305414,8.934439,0.079022,0.365913,0.266647
2024-01-01 00:00:19.540,-0.234542,0.102959,10.661785,-0.167636,-0.115067,0.131431
2024-01-01 00:00:19.550,0.541185,-0.437629,11.132627,-0.037849,0.050637,0.086112
2024-01-01 00:00:19.560,-0.840922,-0.061645,9.784014,-0.538397,-0.285853,0.29372
2024-01-01 00:00:19.570,1.235488,0.333928,11.170246,0.056105,0.164934,0.073472
2024-01-01 00:00:19.580,0.415822,-0.01623,9.867528,0.087404,0.310671,-0.297979
2024-01-01 00:00:19.590,0.0879,0.158473,9.570313,0.033375,0.00796,0.1249
2024-01-01 00:00:19.600,-0.021615,-0.100406,9.412811,-0.743327,-0.133477,-0.238801
2024-01-01 00:00:19.610,0.112437,-0.324391,10.841362,-0.316409,0.072026,0.067801
2024-01-01 00:00:19.620,0.205192,-0.038853,9.318509,-0.187023,0.083492,-0.257062
2024-01-01 00:00:19.630,0.254054,0.09735,10.27322,0.072915,0.016229,-0.070028
2024-01-01 00:00:19.640,0.218769,-0.206542,9.457727,0.072335,0.035743,-0.054568
2024-01-01 00:00:19.650,0.035272,-0.074249,9.520007,-0.042556,-0.034763,-0.115518
2024-01-01 00:00:19.660,-0.077702,-0.295931,10.459057,0.158811,0.199191,-0.052328
2024-01-01 00:00:19.670,-0.059564,0.352562,9.570577,-0.256561,0.147245,0.154884
2024-01-01 00:00:19.680,-0.076745,-0.092754,9.554979,0.152559,-0.196621,-0.107093
2024-01-01 00:00:19.690,0.446422,0.457618,10.523667,0.118686,-0.202118,0.081771
2024-01-01 00:00:19.700,0.233713,0.481556,10.81636,0.094389,-0.050875,-0.144847
2024-01-01 00:00:19.710,-1.157778,-0.025529,10.216155,-0.04551,0.147367,-0.028425
2024-01-01 00:00:19.720,0.258261,-0.317661,9.397495,0.457686,0.029611,0.048576
2024-01-01 00:00:19.730,0.076677,-0.657058,9.488317,0.123299,-0.12863,-0.149479
2024-01-01 00:00:19.740,-0.007367,-0.463692,9.860347,-0.242084,0.052304,-0.196758
2024-01-01 00:00:19.750,-0.152979,-0.432758,10.012186,0.062076,-0.066162,0.073782
2024-01-01 00:00:19.760,0.442619,0.434218,9.187644,0.188121,0.176097,0.168462
2024-01-01 00:00:19.770,0.373089,0.036485,10.265514,-0.147027,0.066612,-0.01186
2024-01-01 00:00:19.780,-0.304321,0.122725,9.863873,0.272318,-0.063056,-0.068597
2024-01-01 00:00:19.790,0.160277,-0.699433,8.729104,0.095508,0.046304,0.023351
2024-01-01 00:00:19.800,-0.38259,-0.377359,9.224776,-0.58562,0.26301,0.008322
2024-01-01 00:00:19.810,-0.543225,0.27943,9.492399,0.074918,-0.113926,0.036435
2024-01-01 00:00:19.820,-0.24677,0.090334,9.7641,-0.101507,0.080531,-0.379237
2024-01-01 00:00:19.830,0.339567,-0.04637,11.000246,0.134295,-0.014092,-0.160366
2024-01-01 00:00:19.840,0.375293,0.177925,9.960048,0.236054,0.085397,-0.126785
2024-01-01 00:00:19.850,0.202027,0.515276,9.280314,0.048791,-0.130913,0.02263
2024-01-01 00:00:19.860,0.285506,-0.069628,9.948997,0.416313,0.022067,0.027882
2024-01-01 00:00:19.870,0.203245,0.021851,9.588185,-0.044677,0.221565,0.095427
2024-01-01 00:00:19.880,-0.252583,0.060668,10.014598,0.156204,-0.187401,0.038637
2024-01-01 00:00:19.890,0.17007,0.753515,10.175758,0.201236,-0.265881,-0.19511
2024-01-01 00:00:19.900,0.315161,-0.661297,10.571815,-0.024336,-0.258291,0.217051
2024-01-01 00:00:19.910,0.297002,0.215215,9.7947,0.194694,-0.234133,0.190788
2024-01-01 00:00:19.920,0.468135,-0.036163,10.842545,-0.148668,0.119065,-0.18873
2024-01-01 00:00:19.930,0.278895,0.178533,10.382054,-0.105642,-0.281172,0.049906
2024-01-01 00:00:19.940,0.138383,-0.207072,9.364313,-0.328122,-0.059579,-0.089314
2024-01-01 00:00:19.950,0.421372,-0.015424,11.202209,0.060352,0.123658,0.02083
2024-01-01 00:00:19.960,-0.010443,0.224094,10.016007,0.081313,0.083332,0.157997
2024-01-01 00:00:19.970,-0.347238,0.980567,9.283872,0.294816,-0.077112,0.319516
2024-01-01 00:00:19.980,-0.064208,0.254531,10.851335,0.197785,0.038185,0.112692
2024-01-01 00:00:19.990,-0.293305,-0.267141,11.119,-0.071199,0.021429,0.04424
2024-01-01 00:00:20.000,-0.265851,-0.133484,9.789194,-0.294545,-0.044848,-0.050973
2024-01-01 00:00:20.010,-0.056904,-0.142825,9.4927,0.108213,-0.042167,0.02732
2024-01-01 00:00:20.020,-0.312015,-0.565628,9.701404,0.277688,0.447085,0.203966
2024-01-01 00:00:20.030,-0.12126,-0.103978,10.260281,0.188796,0.161862,-0.006706
2024-01-01 00:00:20.040,-0.745611,0.230841,10.61505,0.271119,0.49613,-0.132917
2024-01-01 00:00:20.050,0.083984,-0.401383,10.169407,-0.052972,-0.099393,-0.242953
2024-01-01 00:00:20.060,0.000475,0.330272,9.874086,-0.116655,-0.016993,0.076957
2024-01-01 00:00:20.070,-0.321729,0.153649,10.753747,-0.184225,-0.266425,0.037093
2024-01-01 00:00:20.080,0.259578,-0.231283,9.612913,-0.013974,-0.161913,-0.096886
2024-01-01 00:00:20.090,0.369168,-0.044582,10.459479,-0.019648,0.380383,0.153902
2024-01-01 00:00:20.100,-0.632977,0.503471,9.62852,0.051669,-0.104407,-0.063267
2024-01-01 00:00:20.110,-0.300323,0.231068,10.081544,-0.032324,0.383856,-0.020197
2024-01-01 00:00:20.120,-0.30285,0.002767,9.738456,-0.033407,-0.248672,-0.0025
2024-01-01 00:00:20.130,-0.370087,-0.07487,9.774813,-0.194174,-0.210694,-0.052643
2024-01-01 00:00:20.140,0.326606,0.024132,9.572246,0.235405,-0.068246,0.03538
2024-01-01 00:00:20.150,-0.076319,-0.161206,10.657258,0.01913,-0.01275,0.172727
2024-01-01 00:00:20.160,1.295847,-0.662996,13.198257,-0.043611,0.184617,-0.171372
2024-01-01 00:00:20.170,0.610979,0.643286,13.193654,-0.186857,0.090154,0.073278
2024-01-01 00:00:20.180,1.650196,0.048927,14.996226,-0.332978,-0.083263,0.025824
2024-01-01 00:00:20.190,0.912042,0.125416,14.276044,0.326991,-0.026663,0.023065
2024-01-01 00:00:20.200,1.423598,-0.018241,12.157378,0.13866,-0.063813,0.130777
2024-01-01 00:00:20.210,0.109217,-0.231562,9.453887,-0.405979,-0.182931,0.007395
2024-01-01 00:00:20.220,0.535759,-0.058566,8.668447,0.190786,-0.177593,0.072034
2024-01-01 00:00:20.230,-0.515348,-0.503809,9.211065,0.23062,0.205577,0.10738
2024-01-01 00:00:20.240,-1.188933,0.717282,7.832736,0.031094,-0.365633,-0.075655
2024-01-01 00:00:20.250,0.072391,-0.388871,9.723697,0.399528,0.323472,0.044878
2024-01-01 00:00:20.260,0.708951,-0.325069,9.090577,0.05418,-0.068599,-0.037618
2024-01-01 00:00:20.270,0.487835,-0.138682,9.84774,-0.354206,-0.154502,-0.019902
2024-01-01 00:00:20.280,0.082553,0.405744,8.786174,0.091292,0.147952,-0.048309
2024-01-01 00:00:20.290,-0.193582,0.00457,9.862234,0.061224,0.297043,0.070662
2024-01-01 00:00:20.300,0.317805,-0.389383,9.548603,-0.150824,0.223526,0.012247
2024-01-01 00:00:20.310,-0.383334,0.395117,10.75623,0.14339,0.10037,0.059182
2024-01-01 00:00:20.320,0.187566,0.230265,10.699155,-0.416916,0.217373,-0.002628
2024-01-01 00:00:20.330,0.199029,0.169607,10.304768,0.247642,-0.3433,-0.240618
2024-01-01 00:00:20.340,0.417458,0.225456,9.604233,-0.21953,-0.104366,0.004705
2024-01-01 00:00:20.350,1.086616,0.754224,11.06079,-0.246237,-0.182234,0.009531
2024-01-01 00:00:20.360,0.154514,0.688305,8.831588,-0.028456,0.244928,0.036389
2024-01-01 00:00:20.370,-0.200404,-0.216315,8.925758,0.108243,-0.076696,-0.089059
2024-01-01 00:00:20.380,-0.01007,0.511524,9.757217,0.040981,0.169081,-0.17932
2024-01-01 00:00:20.390,-0.696574,0.120698,11.230044,-0.185665,0.107171,0.093691
2024-01-01 00:00:20.400,-0.273543,0.157215,9.682526,-0.126522,-0.172461,-0.041041
2024-01-01 00:00:20.410,-0.161155,-0.533065,9.694555,-0.283261,-0.117392,0.025687
2024-01-01 00:00:20.420,-0.20636,-0.053672,8.901596,-0.05617,0.258764,-0.042219
2024-01-01 00:00:20.430,0.05999,-0.256039,10.405936,0.268755,-0.155097,-0.000909
2024-01-01 00:00:20.440,-0.323828,0.260839,10.410501,-0.001066,0.024974,-0.067393
2024-01-01 00:00:20.450,0.441406,0.33739,10.307117,0.214854,-0.156508,-0.145213
2024-01-01 00:00:20.460,8.2e-05,-0.653463,9.413591,0.36385,-0.06279,0.07106
2024-01-01 00:00:20.470,-0.003662,-0.006941,9.364775,-0.147005,-0.009232,-0.090468
2024-01-01 00:00:20.480,-0.129109,0.353386,8.995333,-0.046643,-0.156573,0.024593
2024-01-01 00:00:20.490,0.061106,-0.058804,9.86284,0.542798,-0.192089,0.061569
2024-01-01 00:00:20.500,0.324882,0.229655,9.129343,0.361086,0.057255,-0.088022
2024-01-01 00:00:20.510,-0.341433,0.110617,9.068228,-0.418101,-0.168947,-0.180583
2024-01-01 00:00:20.520,-0.259133,0.107623,9.543075,0.096787,-0.162132,0.363913
2024-01-01 00:00:20.530,-0.119592,-0.085464,9.501832,0.00014,-0.187811,-0.079166
2024-01-01 00:00:20.540,-0.529937,-0.383223,9.471074,0.206613,-0.015582,0.093513
2024-01-01 00:00:20.550,-0.322583,-0.353282,10.10386,-0.186245,0.18874,0.29092
2024-01-01 00:00:20.560,-0.187512,0.223446,9.8598,-0.209902,0.301306,0.118486
2024-01-01 00:00:20.570,0.344291,0.006129,9.628462,-0.169018,-0.145184,-0.045066
2024-01-01 00:00:20.580,0.103384,-0.043631,9.925298,-0.142982,0.430062,-0.010067
2024-01-01 00:00:20.590,1.476226,-0.133525,13.035338,0.203831,-0.200941,-0.124891
2024-01-01 00:00:20.600,1.735041,-0.096134,13.726326,-0.2953,0.21671,0.132254
2024-01-01 00:00:20.610,1.34591,0.329777,13.75488,-0.155653,-0.144339,0.084941
2024-01-01 00:00:20.620,1.553746,-0.105602,12.71308,-0.447253,-0.174185,-0.077164
2024-01-01 00:00:20.630,1.359356,-0.422435,14.287287,0.251779,-0.148951,-0.156326
2024-01-01 00:00:20.640,0.104486,0.23425,9.254697,0.317758,-0.01049,-0.198185
2024-01-01 00:00:20.650,-0.229461,-0.064536,9.866895,-0.081768,0.115994,0.147977
2024-01-01 00:00:20.660,-0.960284,0.00989,10.543579,-0.074487,0.133974,0.018056
2024-01-01 00:00:20.670,-0.052872,0.506387,10.393176,0.113305,-0.188797,0.032248
2024-01-01 00:00:20.680,0.560207,-0.006477,9.83163,0.368621,-0.197932,-0.123442
2024-01-01 00:00:20.690,0.364697,0.091093,9.581626,0.102153,-0.183328,-0.219525
2024-01-01 00:00:20.700,0.380125,-0.371361,10.406933,-0.174385,-0.022271,0.144392
2024-01-01 00:00:20.710,0.486726,-0.069196,10.235058,-0.404706,-0.042031,0.006306
2024-01-01 00:00:20.720,0.034909,0.192001,9.42043,-0.278782,-0.190035,0.136085
2024-01-01 00:00:20.730,0.077693,-0.489943,9.309217,0.018305,0.053921,-0.05789
2024-01-01 00:00:20.740,-0.2432,0.063266,8.504416,-0.163832,0.452514,-0.035523
2024-01-01 00:00:20.750,-0.124454,0.031749,9.90704,0.048742,-0.100943,0.106995
2024-01-01 00:00:20.760,0.24246,0.013006,9.7579,-0.138231,-0.086702,0.109852
2024-01-01 00:00:20.770,0.474029,0.326705,10.525801,-0.264537,0.111932,0.119635
2024-01-01 00:00:20.780,-0.054907,0.105348,10.036205,-0.294258,-0.111763,-0.04428
2024-01-01 00:00:20.790,-0.177262,0.465593,10.650564,0.390589,0.133793,0.092182
2024-01-01 00:00:20.800,0.000208,-0.312981,9.370661,0.222247,-0.143709,0.166365
2024-01-01 00:00:20.810,0.236725,0.042816,10.527035,0.432629,0.366424,-0.015716
2024-01-01 00:00:20.820,-0.568518,0.026607,9.476783,0.134988,0.068955,-0.077023
2024-01-01 00:00:20.830,-0.904121,-0.336815,10.299886,-0.107498,-0.124005,0.201412
2024-01-01 00:00:20.840,-0.216774,0.301233,8.890982,0.330835,-0.117738,-0.098167
2024-01-01 00:00:20.850,-0.480656,0.732272,9.958135,-0.008267,-0.10276,0.094421
2024-01-01 00:00:20.860,-0.20008,-0.005357,8.559647,0.05521,0.27455,-0.008763
2024-01-01 00:00:20.870,-0.058189,0.159082,9.641703,-0.010706,-0.25375,-0.276235
2024-01-01 00:00:20.880,-0.178467,0.026623,10.087423,-0.736726,-0.133588,0.169289
2024-01-01 00:00:20.890,0.571909,-0.224779,9.48179,0.401184,-0.112332,-0.413678
2024-01-01 00:00:20.900,0.128656,-0.573539,9.148224,0.122751,-0.003138,-0.297619
2024-01-01 00:00:20.910,0.118312,-0.222319,10.343055,0.082456,-0.054222,0.0791
2024-01-01 00:00:20.920,0.244994,-0.438467,9.744818,-0.015444,-0.298246,0.079061
2024-01-01 00:00:20.930,-0.448416,0.536792,9.50157,0.040857,-0.079965,-0.095637
2024-01-01 00:00:20.940,0.40915,-0.03626,9.836394,-0.14932,-0.01991,0.022173
2024-01-01 00:00:20.950,-0.029832,-0.108965,11.471102,0.154145,-0.12562,-0.379715
2024-01-01 00:00:20.960,0.264002,0.280083,10.536707,-0.326775,0.137355,0.106046
2024-01-01 00:00:20.970,-0.422044,-0.353352,10.542421,0.046517,0.183882,0.037459
2024-01-01 00:00:20.980,-0.611793,-0.241562,10.084394,0.140393,-0.015677,-0.006846
2024-01-01 00:00:20.990,0.322044,0.021443,9.914886,-0.049667,0.046108,0.003126
2024-01-01 00:00:21.000,0.148211,0.324062,8.300468,0.092717,-0.432211,0.073988
2024-01-01 00:00:21.010,-0.355183,0.158031,9.382242,-0.247834,-0.084221,-0.004335
2024-01-01 00:00:21.020,-0.34243,0.078222,9.507238,-0.241457,0.200964,-0.281108
2024-01-01 00:00:21.030,0.44314,0.024607,8.628818,0.059179,-0.084687,0.32945
2024-01-01 00:00:21.040,-0.468331,0.126074,9.080828,0.169637,-0.147452,0.18012
2024-01-01 00:00:21.050,0.646802,0.063521,8.562073,-0.468716,0.455538,-0.192742
2024-01-01 00:00:21.060,-0.354619,-0.324441,9.785856,0.130505,0.363815,-0.051771
2024-01-01 00:00:21.070,0.251367,0.014515,10.325823,-0.1358,0.093515,-0.035405
2024-01-01 00:00:21.080,-0.129394,-0.338212,10.507268,-0.048202,0.227782,0.161827
2024-01-01 00:00:21.090,0.237505,0.025541,10.071314,-0.334879,-0.445187,-0.32389
2024-01-01 00:00:21.100,-0.214245,-0.151404,9.20306,-0.212904,-0.15751,-0.074851
2024-01-01 00:00:21.110,-0.0641,0.799905,8.592799,0.241531,-0.093992,-0.264095
2024-01-01 00:00:21.120,0.016112,-0.012567,8.703173,0.008216,-0.047196,-0.042764
2024-01-01 00:00:21.130,-0.394611,-0.442335,9.010541,-0.095695,-0.097989,-0.070875
2024-01-01 00:00:21.140,0.2917,-0.042267,9.250018,-0.029122,-0.510005,0.011954
2024-01-01 00:00:21.150,-0.202078,0.163598,9.709358,0.122303,0.077205,-0.090731
2024-01-01 00:00:21.160,-0.090011,0.52711,9.171077,0.110124,0.108731,-0.112654
2024-01-01 00:00:21.170,-0.391525,-0.185678,10.023555,-0.018757,0.32038,0.092949
2024-01-01 00:00:21.180,-1.008919,-0.498465,9.663668,0.27324,-0.157662,0.068201
2024-01-01 00:00:21.190,-0.075217,0.257304,9.816644,0.242616,-0.174033,0.08271
2024-01-01 00:00:21.200,0.949967,-0.434889,10.528358,0.103343,-0.535997,-0.026535
2024-01-01 00:00:21.210,0.308938,-0.137389,9.066454,0.013653,-0.058713,-0.085761
2024-01-01 00:00:21.220,-0.007584,-0.08115,10.073784,0.16433,0.180222,-0.017828
2024-01-01 00:00:21.230,-0.103513,-0.021935,9.801197,0.078567,-0.122354,0.075174
2024-01-01 00:00:21.240,0.008846,0.217087,9.599904,0.2652,0.428689,-0.326517
2024-01-01 00:00:21.250,0.215428,-0.215345,10.367711,0.22489,-0.051319,0.059117
2024-01-01 00:00:21.260,-0.464945,-0.086225,10.363779,-0.254563,0.029398,0.046371
2024-01-01 00:00:21.270,0.438764,-0.004495,9.213711,-0.271491,-0.272621,0.009323
2024-01-01 00:00:21.280,0.281681,0.047123,9.695239,-0.175312,0.057444,-0.022397
2024-01-01 00:00:21.290,0.282786,0.030816,9.987163,0.244035,-0.395864,-0.384918
2024-01-01 00:00:21.300,0.17265,0.137342,9.638006,-0.394077,0.13874,-0.065978
2024-01-01 00:00:21.310,0.007724,0.265809,10.178563,0.098689,0.144886,0.268416
2024-01-01 00:00:21.320,0.264939,0.12368,9.987151,0.090636,0.271858,0.001935
2024-01-01 00:00:21.330,0.233027,0.142879,10.964514,0.290662,-0.203994,-0.046093
2024-01-01 00:00:21.340,-0.139404,-0.4984,8.845924,0.045085,0.032112,0.002536
2024-01-01 00:00:21.350,-0.225856,0.015822,9.732865,-0.335802,0.112763,0.053216
2024-01-01 00:00:21.360,0.040106,0.151045,9.237643,-0.239839,0.088456,0.098823
2024-01-01 00:00:21.370,0.609927,0.229616,10.190588,-0.295499,-0.17306,-0.034332
2024-01-01 00:00:21.380,-0.487898,-0.21809,8.791182,-0.134486,-0.478396,0.063738
2024-01-01 00:00:21.390,-0.577838,-0.207597,10.028177,-0.045725,0.069392,0.251498
2024-01-01 00:00:21.400,0.064875,-0.180842,9.413069,-0.29136,-0.0305,0.150938
2024-01-01 00:00:21.410,0.020037,0.16897,9.347478,0.367665,-0.113334,0.351045
2024-01-01 00:00:21.420,0.068253,0.325673,8.898706,-0.33132,0.152789,-0.098516
2024-01-01 00:00:21.430,0.096057,-0.12835,9.517002,0.336526,-0.008984,0.251428
2024-01-01 00:00:21.440,-0.087886,0.286008,10.493235,0.296291,-0.263839,-0.118601
2024-01-01 00:00:21.450,0.586634,0.038896,9.794131,0.224576,-0.38629,0.053035
2024-01-01 00:00:21.460,-0.630356,-0.03915,10.205439,-0.173442,-0.225793,0.109871
2024-01-01 00:00:21.470,-0.326221,-0.066586,10.858724,0.085613,0.478602,-0.076617
2024-01-01 00:00:21.480,-0.040657,0.235183,9.976166,-0.319343,0.144555,0.013195
2024-01-01 00:00:21.490,-0.647006,0.102557,9.457956,0.227727,0.037722,0.136569
2024-01-01 00:00:21.500,-0.069243,0.716885,10.104369,-0.018496,-0.036332,-0.106541
2024-01-01 00:00:21.510,0.654204,-0.268451,9.467093,-0.10233,-0.049479,0.250408
2024-01-01 00:00:21.520,0.008224,0.163202,9.492214,-0.305936,0.233439,-0.207689
2024-01-01 00:00:21.530,0.090838,-0.166698,8.852468,-0.619377,-0.098119,0.290954
2024-01-01 00:00:21.540,-0.49619,-0.273825,10.393542,-0.259635,0.115384,0.150199
2024-01-01 00:00:21.550,-0.242692,-0.003423,9.566818,0.2782,-0.069686,-0.013459
2024-01-01 00:00:21.560,-0.147734,0.043266,9.924722,-0.100708,0.388031,-0.0604
2024-01-01 00:00:21.570,-0.1251,0.919225,9.157344,-0.042332,0.148458,-0.076054
2024-01-01 00:00:21.580,0.504647,-0.058006,10.084647,0.163889,0.249111,-0.020369
2024-01-01 00:00:21.590,0.219591,-0.356006,9.329977,0.451417,-0.116882,-0.007274
2024-01-01 00:00:21.600,0.962363,0.085998,13.570724,0.331251,0.211627,0.188284
2024-01-01 00:00:21.610,1.497061,-0.653512,14.21303,-0.243084,-0.062515,0.295298
2024-01-01 00:00:21.620,1.596175,-0.028966,14.158178,-0.485643,0.022007,0.029907
2024-01-01 00:00:21.630,1.848934,0.005048,13.646121,0.589904,0.32701,-0.126844
2024-01-01 00:00:21.640,2.022338,0.250299,12.546077,0.567248,-0.208555,-0.081859
2024-01-01 00:00:21.650,-0.399693,0.306691,11.695471,0.047113,0.04065,-0.027464
2024-01-01 00:00:21.660,-0.319275,-0.158624,10.909891,-0.317622,0.087601,-0.154518
2024-01-01 00:00:21.670,-0.495171,-0.047443,10.265285,0.240807,0.104001,-0.176841
2024-01-01 00:00:21.680,-0.092145,-0.241328,9.335482,-0.026996,-0.090157,0.314569
2024-01-01 00:00:21.690,0.183629,-0.35534,9.738437,-0.028245,0.417253,0.045392
2024-01-01 00:00:21.700,0.388763,0.097617,9.467645,0.223615,-0.258986,-0.12497
2024-01-01 00:00:21.710,-0.029906,-0.401179,10.606229,0.083594,0.291777,0.122491
2024-01-01 00:00:21.720,-0.12594,-0.130607,9.975377,-0.296454,0.243013,-0.176752
2024-01-01 00:00:21.730,0.059755,-0.31348,9.315977,-0.081185,0.380178,-0.164402
2024-01-01 00:00:21.740,-0.328838,0.17315,9.513424,0.165288,-0.317645,-0.120456
2024-01-01 00:00:21.750,0.822756,0.56745,10.516349,0.127563,-0.173766,0.248177
2024-01-01 00:00:21.760,-0.633017,-0.41,10.818062,0.065504,0.298389,-0.037932
2024-01-01 00:00:21.770,0.072742,-0.583701,10.772849,0.233356,-0.375408,-0.366256
2024-01-01 00:00:21.780,0.796795,-0.039339,10.28693,-0.090429,-0.321292,0.18151
2024-01-01 00:00:21.790,0.002677,0.004945,9.650846,0.044667,-0.097662,-0.045957
2024-01-01 00:00:21.800,-0.074828,0.068878,7.767846,-0.843895,0.038399,-0.277411
2024-01-01 00:00:21.810,-0.140744,-0.140591,9.997211,-0.112413,0.318445,-0.047503
2024-01-01 00:00:21.820,-0.071029,-0.063201,9.808848,0.190976,-0.037053,0.078151
2024-01-01 00:00:21.830,0.540559,0.115766,9.898189,-0.097599,-0.121648,0.060607
2024-01-01 00:00:21.840,-0.870921,0.327736,9.843955,-0.116557,0.062278,0.269762
2024-01-01 00:00:21.850,0.60379,-0.61584,8.974455,-0.260363,0.093919,-0.127915
2024-01-01 00:00:21.860,-0.560683,-0.116216,10.161167,0.250841,0.088248,0.007008
2024-01-01 00:00:21.870,-0.104994,0.06735,10.208296,0.137116,-0.035597,-0.104935
2024-01-01 00:00:21.880,-0.169015,-0.289162,10.239873,0.206354,-0.391017,-0.231329
2024-01-01 00:00:21.890,0.231743,0.545318,10.406344,-0.431553,-0.183523,0.132829
2024-01-01 00:00:21.900,-0.629261,-0.200154,10.190553,-0.040113,0.284054,0.06949
2024-01-01 00:00:21.910,0.18198,-0.013007,9.551681,-0.070028,0.037414,0.042552
2024-01-01 00:00:21.920,0.797072,0.175147,9.765373,-0.070143,-0.064504,0.064019
2024-01-01 00:00:21.930,-0.53675,-0.186255,9.867409,-0.154007,0.223634,-0.102821
2024-01-01 00:00:21.940,0.074697,-0.581671,9.877851,-0.086526,-0.226023,-0.150854
2024-01-01 00:00:21.950,-0.260655,-0.135026,10.438877,0.212411,-0.04507,0.005647
2024-01-01 00:00:21.960,0.167693,0.324274,10.215511,-0.478213,0.027552,0.174182
2024-01-01 00:00:21.970,0.007539,-0.106122,11.118726,0.444324,-0.088276,0.241212
2024-01-01 00:00:21.980,-0.252585,-0.266627,11.200075,0.12096,0.020153,0.119315
2024-01-01 00:00:21.990,0.1921,0.291587,9.860179,-0.010583,-0.037539,0.004376
2024-01-01 00:00:22.000,0.710462,-0.104194,7.392907,0.226709,-0.279869,0.040468
2024-01-01 00:00:22.010,-0.075168,-0.160701,10.589204,-0.362959,0.036296,0.001739
2024-01-01 00:00:22.020,0.283405,0.047079,9.469563,-0.166175,-0.26567,-0.153892
2024-01-01 00:00:22.030,0.890774,0.242786,13.155065,-0.030269,0.033123,0.003697
2024-01-01 00:00:22.040,1.023403,0.75024,13.408979,0.34139,0.274827,-0.200224
2024-01-01 00:00:22.050,1.58601,0.260579,13.378615,-0.011624,-0.056205,-0.018612
2024-01-01 00:00:22.060,1.984371,0.36535,14.04573,0.112514,-0.234297,0.245416
2024-01-01 00:00:22.070,1.540023,-0.159379,12.677555,-0.147395,-0.025398,0.123429
2024-01-01 00:00:22.080,-0.123267,-0.323148,9.131036,0.121711,-0.166394,-0.138468
2024-01-01 00:00:22.090,-0.000279,0.019634,10.02619,0.41931,0.118902,-0.010864
2024-01-01 00:00:22.100,-0.492348,0.033759,10.202455,0.248882,-0.029598,-0.125156
2024-01-01 00:00:22.110,0.238028,-0.339732,10.214171,-0.020364,0.341953,-0.009377
2024-01-01 00:00:22.120,0.347419,-0.055218,9.314167,0.168873,0.232598,0.156166
2024-01-01 00:00:22.130,-0.178011,0.125785,9.193693,0.144379,-0.030616,0.097951
2024-01-01 00:00:22.140,-0.185079,0.113524,9.49082,0.126647,0.143122,0.372622
2024-01-01 00:00:22.150,0.10469,0.158851,9.96112,0.277988,-0.078647,0.178872
2024-01-01 00:00:22.160,-0.171958,0.091654,10.745851,0.276119,0.006791,0.0306
2024-01-01 00:00:22.170,-0.02604,-0.159708,8.520115,-0.03179,-0.072287,0.101572
2024-01-01 00:00:22.180,0.826765,-0.161879,9.670941,0.16047,0.153291,-0.030366
2024-01-01 00:00:22.190,-0.097266,-0.37767,8.970413,-0.095774,0.286598,-0.169126
2024-01-01 00:00:22.200,-0.141096,0.562204,8.769087,-0.230768,0.15973,0.195866
2024-01-01 00:00:22.210,-0.25497,0.004237,10.419183,-0.067373,0.184387,0.151349
2024-01-01 00:00:22.220,0.293026,-0.070829,10.153113,-0.01907,0.184607,-0.036158
2024-01-01 00:00:22.230,-0.071357,-0.29257,10.093143,-0.415395,0.110251,0.04109
2024-01-01 00:00:22.240,-0.255691,0.924732,10.390246,0.215083,-0.227857,0.186141
2024-01-01 00:00:22.250,0.520263,-0.338098,9.507777,-0.691831,0.340194,0.126953
2024-01-01 00:00:22.260,0.558969,-0.135087,9.537438,0.678704,0.360882,-0.219465
2024-01-01 00:00:22.270,-0.236417,0.130989,11.18701,0.37547,-0.046776,0.036543
2024-01-01 00:00:22.280,-0.73495,0.189067,9.65466,-0.065252,-0.07414,-0.025145
2024-01-01 00:00:22.290,0.396709,0.301749,10.273133,0.002357,0.122482,0.16695
2024-01-01 00:00:22.300,-0.269573,0.569397,9.81402,0.075743,0.110163,0.154656
2024-01-01 00:00:22.310,0.311309,0.15944,8.645597,-0.14729,-0.040389,0.197791
2024-01-01 00:00:22.320,-0.775728,-0.33265,8.521884,0.048155,-0.250005,-0.167684
2024-01-01 00:00:22.330,0.35146,-0.080938,9.44524,-0.036,0.06114,-0.117617
2024-01-01 00:00:22.340,-0.476899,0.096967,10.475344,-0.023568,0.110287,0.167112
2024-01-01 00:00:22.350,0.287738,0.651491,10.306624,0.045365,0.145164,-0.088747
2024-01-01 00:00:22.360,0.00562,-0.440309,10.385869,-0.328382,0.069859,-0.228215
2024-01-01 00:00:22.370,-0.375614,0.378812,9.188161,0.009892,-0.054223,0.079889
2024-01-01 00:00:22.380,-0.160271,0.056673,10.828,0.040862,0.1988,-0.082083
2024-01-01 00:00:22.390,0.270238,0.263917,9.202117,0.032212,0.01317,0.268469
2024-01-01 00:00:22.400,0.041696,-0.032128,9.944079,-0.053958,-0.092985,0.044428
2024-01-01 00:00:22.410,0.230113,-0.265366,9.803478,0.284464,-0.036131,0.024039
2024-01-01 00:00:22.420,0.778223,0.236525,9.700459,-0.088413,-0.349194,-0.055387
2024-01-01 00:00:22.430,-0.61592,0.206146,10.653313,0.056831,-0.036448,0.238625
2024-01-01 00:00:22.440,0.636777,0.306198,9.36578,0.324324,0.137687,0.053783
2024-01-01 00:00:22.450,0.04109,-0.004191,8.959749,-0.019844,0.067957,-0.061275
2024-01-01 00:00:22.460,-0.353896,-0.188944,9.822597,0.053616,0.304133,-0.119113
2024-01-01 00:00:22.470,-0.523811,-0.491018,9.558109,-0.024096,-0.052595,-0.011021
2024-01-01 00:00:22.480,-0.074466,0.258103,11.937751,0.309342,0.097463,-0.146647
2024-01-01 00:00:22.490,0.3629,0.133525,10.2362,-0.064431,0.158548,0.154332
2024-01-01 00:00:22.500,-0.050222,-0.304222,9.552115,0.320839,0.468571,-0.271251
2024-01-01 00:00:22.510,0.595017,-0.169651,9.14465,-0.025897,0.028953,-0.020927
2024-01-01 00:00:22.520,-0.5714,-0.147029,8.625418,-0.214865,-0.208837,0.09152
2024-01-01 00:00:22.530,-0.00476,-0.46714,9.164112,0.169843,0.169586,0.051318
2024-01-01 00:00:22.540,-0.49313,-0.25757,9.882413,-0.076167,0.373145,-0.107592
2024-01-01 00:00:22.550,0.14318,-0.357157,10.709217,0.155125,-0.06451,0.099039
2024-01-01 00:00:22.560,0.349212,-0.129931,10.516664,-0.682351,0.168216,-0.132906
2024-01-01 00:00:22.570,-0.165675,-0.23269,9.95433,0.001301,0.245746,-0.003358
2024-01-01 00:00:22.580,-1.025409,-0.512507,9.606404,-0.114901,0.203413,0.097776
2024-01-01 00:00:22.590,0.078336,0.637116,9.979352,-0.265815,0.025112,0.069437
2024-01-01 00:00:22.600,0.171966,0.39455,9.483258,-0.13831,-0.139695,-0.101256
2024-01-01 00:00:22.610,0.159191,-0.245391,10.892569,-0.143426,-0.016256,0.179624
2024-01-01 00:00:22.620,0.486589,0.085813,9.69081,-0.011996,0.09172,0.013004
2024-01-01 00:00:22.630,-0.421727,0.131502,9.755607,-0.341832,0.181645,0.111449
2024-01-01 00:00:22.640,0.267835,0.375192,8.414032,0.079068,0.066789,0.229365
2024-01-01 00:00:22.650,0.46955,-0.257861,9.686876,0.341554,-0.075982,0.167628
2024-01-01 00:00:22.660,-0.700319,0.344014,10.336985,0.070232,0.111076,0.168019
2024-01-01 00:00:22.670,0.125863,-0.17259,9.137335,0.202247,0.172017,0.028902
2024-01-01 00:00:22.680,-0.198521,-0.420797,9.337046,0.273641,0.075922,0.11909
2024-01-01 00:00:22.690,-0.0321,0.228103,10.309408,0.309122,-0.167237,0.032039
2024-01-01 00:00:22.700,0.136898,0.406589,8.879706,0.467535,-0.036281,-0.181399
2024-01-01 00:00:22.710,-0.191846,0.815191,10.476415,-0.1248,0.189564,0.045412
2024-01-01 00:00:22.720,-0.26606,-0.377913,9.474749,-0.179621,-0.276604,0.038454
2024-01-01 00:00:22.730,0.013448,0.22016,9.565202,0.195866,-0.418636,0.087559
2024-01-01 00:00:22.740,-0.428103,-0.129087,9.101957,0.177067,0.301617,-0.0192
2024-01-01 00:00:22.750,-0.427544,0.246758,10.048169,0.193919,0.102283,-0.114218
2024-01-01 00:00:22.760,0.267503,-0.463204,11.359719,0.472321,0.121346,0.098476
2024-01-01 00:00:22.770,-0.452338,-0.397772,10.302343,0.002842,-0.215363,-0.196991
2024-01-01 00:00:22.780,0.262361,-0.244401,9.2655,0.106539,0.147506,0.218823
2024-01-01 00:00:22.790,0.182145,0.024874,10.525441,-0.245097,0.05505,-0.034713
2024-01-01 00:00:22.800,-0.679536,-0.201941,9.610492,0.53383,-0.316866,0.036829
2024-01-01 00:00:22.810,-0.266791,0.207602,10.675926,-0.084136,0.284857,0.083784
2024-01-01 00:00:22.820,0.470181,0.323472,10.318206,-0.077054,0.031737,0.088603
2024-01-01 00:00:22.830,-0.386334,0.188867,7.955821,-0.086687,-0.079217,-0.211348
2024-01-01 00:00:22.840,-0.182859,0.509918,9.17743,-0.161224,-0.075598,0.123613
2024-01-01 00:00:22.850,0.181936,0.130985,10.404963,-0.182359,-0.403044,0.045473
2024-01-01 00:00:22.860,0.30846,-0.383322,9.905544,-0.130926,0.118667,-0.095289
2024-01-01 00:00:22.870,-0.099043,0.429464,9.165034,-0.341449,0.052371,-0.11245
2024-01-01 00:00:22.880,-0.23527,-0.190624,9.410839,-0.196329,-0.038816,-0.050108
2024-01-01 00:00:22.890,0.560058,0.286782,8.609071,0.487241,0.255697,-0.194811
2024-01-01 00:00:22.900,0.684692,0.495726,9.754325,0.183914,-0.276772,0.25834
2024-01-01 00:00:22.910,0.385425,0.143857,11.202735,0.231476,-0.119354,0.222923
2024-01-01 00:00:22.920,0.033594,-0.47129,10.317108,0.294302,-0.170002,0.067755
2024-01-01 00:00:22.930,-0.318255,-0.289237,11.189963,0.458534,-0.055759,-0.03351
2024-01-01 00:00:22.940,-0.326987,0.416665,10.36591,-0.442856,0.013494,-0.029566
2024-01-01 00:00:22.950,0.20574,-0.053274,10.457312,-0.307471,0.086003,0.11371
2024-01-01 00:00:22.960,0.164744,0.025066,11.05367,-0.200931,-0.069395,0.263674
2024-01-01 00:00:22.970,0.551879,0.23903,10.047676,-0.117432,-0.175471,-0.08556
2024-01-01 00:00:22.980,0.256115,0.219342,9.692047,-0.075142,0.337201,-0.167638
2024-01-01 00:00:22.990,-0.591838,0.087822,10.460574,-0.111744,0.482328,0.232146
2024-01-01 00:00:23.000,0.414204,-0.065731,10.725919,0.054827,0.028657,-0.268071
2024-01-01 00:00:23.010,-0.392986,-0.098491,9.507622,0.008824,-0.151356,-0.15128
2024-01-01 00:00:23.020,-0.151189,0.270238,9.355411,-0.180709,0.295091,-0.037029
2024-01-01 00:00:23.030,1.498516,0.174374,13.747479,-0.543887,-0.289351,-0.234065
2024-01-01 00:00:23.040,2.185794,-0.08105,14.183844,-0.248217,-0.066955,0.166822
2024-01-01 00:00:23.050,2.62453,0.340865,14.162797,-0.13731,-0.139223,0.128536
2024-01-01 00:00:23.060,1.638897,-0.040646,12.762774,-0.06177,-0.231907,-0.086219
2024-01-01 00:00:23.070,1.327866,-0.268274,14.864312,-0.282417,-0.056005,0.191942
2024-01-01 00:00:23.080,0.210462,-0.239076,9.406066,-0.122702,-0.172834,0.217394
2024-01-01 00:00:23.090,0.349514,-0.308303,9.643009,-0.282747,0.002531,-0.016976
2024-01-01 00:00:23.100,-0.126263,-0.085809,9.241328,-0.031455,0.005435,-0.0676
2024-01-01 00:00:23.110,0.706864,0.388623,11.509947,-0.268273,-0.124266,0.33894
2024-01-01 00:00:23.120,0.09059,-0.253605,9.962505,-0.212226,-0.074103,0.108174
2024-01-01 00:00:23.130,0.195986,0.05937,9.273886,-0.327171,-0.04617,0.038449
2024-01-01 00:00:23.140,0.262208,-0.206857,10.354272,-0.038375,0.161969,0.204532
2024-01-01 00:00:23.150,0.166,-0.081997,10.294556,-0.216612,-0.029686,0.04529
2024-01-01 00:00:23.160,0.330333,-0.475663,9.691732,0.226696,0.16494,-0.075843
2024-01-01 00:00:23.170,-0.243043,-0.06947,10.339582,0.101463,0.117163,0.012024
2024-01-01 00:00:23.180,-0.219831,-0.061017,9.290066,-0.017463,0.114306,0.155798
2024-01-01 00:00:23.190,-0.433186,0.170191,9.499461,-0.199371,0.277569,-0.298828
2024-01-01 00:00:23.200,0.173054,0.070333,8.543564,0.09513,-0.223878,-0.043205
2024-01-01 00:00:23.210,0.306706,-0.377494,8.975911,0.172675,-0.094637,0.207459
2024-01-01 00:00:23.220,0.180248,0.341522,10.948807,0.035672,0.35266,-0.07678
2024-01-01 00:00:23.230,0.659331,0.066245,10.8441,0.400925,-0.051463,0.231916
2024-01-01 00:00:23.240,-0.002203,0.062494,9.851447,0.114909,-0.563025,0.212212
2024-01-01 00:00:23.250,0.263317,-0.002892,10.857647,0.228402,-0.040594,-0.009829
2024-01-01 00:00:23.260,-0.429857,-0.163094,9.709153,0.033391,0.026988,-0.085281
2024-01-01 00:00:23.270,-0.152421,0.068608,9.656652,0.168916,-0.523423,-0.043104
2024-01-01 00:00:23.280,0.273868,0.14981,9.845602,-0.199195,0.266787,0.399692
2024-01-01 00:00:23.290,0.334334,-0.550272,9.731299,-0.1146,-0.142742,0.281164
2024-01-01 00:00:23.300,-0.115749,-0.16971,9.674426,0.087341,0.065713,0.018809
2024-01-01 00:00:23.310,-0.028192,-0.080308,10.530341,0.085525,-0.045196,-0.091223
2024-01-01 00:00:23.320,-0.597663,0.080694,9.904585,0.126903,-0.25767,0.017556
2024-01-01 00:00:23.330,-0.14058,0.375893,10.258864,0.275098,-0.214102,0.036574
2024-01-01 00:00:23.340,0.350588,-0.243098,10.45977,-0.356243,-0.187017,-0.186504
2024-01-01 00:00:23.350,0.226487,-0.156858,10.054557,-0.243613,0.217134,0.012006
2024-01-01 00:00:23.360,0.197137,-0.161448,9.198729,0.057393,-0.029508,0.198361
2024-01-01 00:00:23.370,0.019598,-0.252481,8.957694,-0.181091,-0.104373,-0.269904
2024-01-01 00:00:23.380,0.002781,-0.109364,9.903732,0.844442,-0.186922,0.123988
2024-01-01 00:00:23.390,-0.260001,0.242803,9.702109,0.12893,0.23923,0.20622
2024-01-01 00:00:23.400,0.275164,-0.331958,9.865057,-0.019583,0.29284,-0.084084
2024-01-01 00:00:23.410,0.165758,0.134762,9.799886,-0.128867,0.236949,0.254126
2024-01-01 00:00:23.420,0.193732,-0.536099,11.437651,-0.120041,0.098487,-0.103551
2024-01-01 00:00:23.430,-0.207126,-0.176821,8.971957,0.007535,0.057966,0.066162
2024-01-01 00:00:23.440,-0.847879,-0.103789,8.556334,0.027995,-0.243188,-0.046016
2024-01-01 00:00:23.450,0.432004,0.527581,10.019397,-0.114175,-0.049164,-0.046049
2024-01-01 00:00:23.460,-0.188542,-0.086563,9.572854,-0.068288,-0.136772,-0.092595
2024-01-01 00:00:23.470,1.060282,-0.693392,13.859123,0.336071,-0.365102,0.104786
2024-01-01 00:00:23.480,1.673057,-0.62965,14.027846,0.346126,0.211409,0.127321
2024-01-01 00:00:23.490,1.245645,0.010719,14.468986,0.063008,-0.139166,-0.009663
2024-01-01 00:00:23.500,1.81735,0.193338,12.710448,-0.335315,0.239188,-0.203995
2024-01-01 00:00:23.510,1.642946,0.118269,13.309268,0.134626,0.176349,0.060476
2024-01-01 00:00:23.520,0.269155,0.052785,10.08012,0.388571,0.111344,0.063302
2024-01-01 00:00:23.530,-0.537845,0.366112,10.295392,0.342445,0.122577,-0.032507
2024-01-01 00:00:23.540,0.477203,-0.169971,11.191873,0.183606,-0.123063,0.280085
2024-01-01 00:00:23.550,0.102867,0.281897,10.412094,0.355606,0.37157,-0.234589
2024-01-01 00:00:23.560,-0.145403,-0.514085,9.774223,0.013346,0.008625,-0.332593
2024-01-01 00:00:23.570,0.056459,-0.285059,9.249025,0.157026,0.060386,-0.109625
2024-01-01 00:00:23.580,-0.699393,-0.569218,9.454497,-0.170194,-0.129815,0.106564
2024-01-01 00:00:23.590,0.160907,-0.086576,9.436597,0.073066,-0.186233,-0.158377
2024-01-01 00:00:23.600,-0.405315,-0.014572,10.222797,0.332384,0.095459,-0.147146
2024-01-01 00:00:23.610,-0.532614,0.035942,9.971908,-0.147356,0.043503,0.142653
2024-01-01 00:00:23.620,-0.599429,0.019493,8.976101,-0.215361,-0.15787,0.069382
2024-01-01 00:00:23.630,0.438121,-0.292179,9.535382,0.024372,-0.287685,0.056559
2024-01-01 00:00:23.640,-0.247772,-0.059926,10.362855,-0.056666,-0.253985,0.117214
2024-01-01 00:00:23.650,0.603905,-0.471696,10.031547,0.162287,0.239227,-0.063779
2024-01-01 00:00:23.660,-0.210972,0.429417,10.168246,-0.113315,-0.122651,-0.056848
2024-01-01 00:00:23.670,-0.672272,-0.095642,10.051241,0.42961,-0.067782,0.121467
2024-01-01 00:00:23.680,-0.439631,-0.153999,10.834651,-0.322419,0.290068,-0.201733
2024-01-01 00:00:23.690,0.486601,0.500516,9.958707,0.313434,-0.22443,-0.321408
2024-01-01 00:00:23.700,-0.061385,-0.391308,9.566806,-0.191212,-0.145399,-0.064993
2024-01-01 00:00:23.710,-0.215888,-0.35456,9.233074,-0.448996,-0.153753,0.139631
2024-01-01 00:00:23.720,0.063007,-0.345309,9.967254,0.059469,0.323614,0.038334
2024-01-01 00:00:23.730,0.197577,-0.021379,8.272356,-0.063652,0.398677,0.128594
2024-01-01 00:00:23.740,0.439976,0.135964,9.693898,-0.277402,0.150313,-0.302444
2024-01-01 00:00:23.750,0.570347,0.232998,9.680321,-0.420344,0.156677,0.047325
2024-01-01 00:00:23.760,-0.141659,0.810179,8.950383,-0.00209,-0.116071,0.09808
2024-01-01 00:00:23.770,-0.522131,-0.708571,9.225193,0.243959,0.389466,-0.20262
2024-01-01 00:00:23.780,-0.162802,0.191752,10.320084,0.146238,0.053539,0.129309
2024-01-01 00:00:23.790,0.102485,-0.175496,9.955348,0.014177,0.170622,-0.016728
2024-01-01 00:00:23.800,-0.37948,-0.184721,9.874127,0.119712,-0.021105,0.460701
2024-01-01 00:00:23.810,-0.376878,-0.195228,10.002999,-0.006804,-0.053607,-0.326585
2024-01-01 00:00:23.820,0.135366,-0.286262,9.868355,-0.357431,0.332608,0.205367
2024-01-01 00:00:23.830,-0.019157,0.530625,10.593003,-0.355223,0.107945,-0.059124
2024-01-01 00:00:23.840,0.012914,0.265324,9.88776,-0.050792,0.290275,-0.242573
2024-01-01 00:00:23.850,-0.298658,0.007307,8.891326,-0.040163,0.051066,-0.079043
2024-01-01 00:00:23.860,-0.09072,0.42557,10.836982,0.212746,-0.169673,0.041622
2024-01-01 00:00:23.870,-0.363917,-0.476447,10.043314,0.189326,-0.116669,0.15562
2024-01-01 00:00:23.880,0.350516,-0.419172,9.43877,0.151283,0.020593,0.258295
2024-01-01 00:00:23.890,0.407629,-0.68606,9.020357,-0.070071,-0.1253,0.213284
2024-01-01 00:00:23.900,-0.726936,-0.220316,10.059426,-0.345163,-0.221492,-0.144807
2024-01-01 00:00:23.910,-0.365995,0.050935,9.736182,0.103018,0.240283,0.169525
2024-01-01 00:00:23.920,-0.589258,0.0324,10.801712,0.131292,-0.108974,0.058693
2024-01-01 00:00:23.930,-0.255947,0.047043,9.592078,-0.597133,0.027639,-0.09819
2024-01-01 00:00:23.940,-0.032854,-0.444483,9.28245,-0.208585,0.059227,-0.031787
2024-01-01 00:00:23.950,-0.570798,0.252994,10.374352,-0.172764,-0.117631,-0.106476
2024-01-01 00:00:23.960,-0.362982,0.075483,10.392928,0.029588,0.29016,0.005564
2024-01-01 00:00:23.970,-0.395308,0.230912,9.91625,-0.20084,-0.223428,-0.109449
2024-01-01 00:00:23.980,0.081612,-0.59622,10.236105,-0.009534,0.052325,-0.154199
2024-01-01 00:00:23.990,0.027304,0.09812,9.786257,-0.052634,0.049224,0.071868
2024-01-01 00:00:24.000,-0.284184,-0.374146,9.957335,-0.039787,-0.010851,0.09431
2024-01-01 00:00:24.010,0.069623,-0.125157,10.543944,-0.179099,-0.259383,-0.02814
2024-01-01 00:00:24.020,-0.215255,0.168325,10.203951,-0.159746,0.174164,0.205148
2024-01-01 00:00:24.030,-0.106964,0.028694,9.703357,-0.270067,0.148702,-0.039065
2024-01-01 00:00:24.040,0.658922,-0.268235,10.661988,0.095017,-0.135114,-0.045416
2024-01-01 00:00:24.050,0.527807,0.001976,8.320141,0.142776,0.141497,0.099073
2024-01-01 00:00:24.060,-0.51171,-0.482434,11.102806,-0.192654,0.074982,-0.019864
2024-01-01 00:00:24.070,0.326707,0.362334,8.735246,0.38016,-0.256122,0.01272
2024-01-01 00:00:24.080,0.319487,-0.064664,9.414932,-0.07865,-0.170786,-0.378066
2024-01-01 00:00:24.090,-0.452129,0.352343,9.784222,0.382546,0.227656,0.002506
2024-01-01 00:00:24.100,0.322394,-0.165857,9.717717,-0.160532,0.061883,-0.274079
2024-01-01 00:00:24.110,0.605561,-0.164926,10.444039,-0.506644,-0.112861,-0.183143
2024-01-01 00:00:24.120,-0.442002,-0.240719,9.143563,0.100549,-0.171695,-0.200298
2024-01-01 00:00:24.130,-0.361267,0.275995,9.974283,0.062136,-0.103079,-0.156387
2024-01-01 00:00:24.140,0.400704,-0.223471,9.445726,0.008598,-0.088896,-0.082328
2024-01-01 00:00:24.150,0.106901,0.203048,9.995939,-0.160558,-0.169193,-0.072974
2024-01-01 00:00:24.160,0.217144,-0.120473,9.769193,-0.008643,-0.348353,0.099641
2024-01-01 00:00:24.170,0.134107,-0.622428,9.868549,-0.127815,0.228003,0.033358
2024-01-01 00:00:24.180,0.153837,-0.179649,9.463547,-0.075587,0.194127,-0.285161
2024-01-01 00:00:24.190,-0.522298,-0.371419,9.48866,0.210408,-0.254651,0.012494
2024-01-01 00:00:24.200,0.412381,0.010679,9.990982,0.046054,0.027262,0.047738
2024-01-01 00:00:24.210,0.460526,-0.374978,10.404541,0.152488,-0.180448,-0.049285
2024-01-01 00:00:24.220,-0.090323,0.291682,9.433084,-0.057967,-0.052313,-0.009133
2024-01-01 00:00:24.230,-0.017119,-0.028689,9.262676,-0.085504,-0.068953,0.028547
2024-01-01 00:00:24.240,-0.602874,-0.055943,10.19648,-0.288371,-0.085567,0.11469
2024-01-01 00:00:24.250,0.202488,0.206606,9.789523,-0.092509,0.400589,-0.236232
2024-01-01 00:00:24.260,0.225248,0.303631,10.333214,-0.830279,-0.088065,-0.036648
2024-01-01 00:00:24.270,-0.024488,-0.006331,9.239348,-0.147555,-0.161653,0.22625
2024-01-01 00:00:24.280,0.442714,-0.242928,8.688953,-0.020469,-0.152516,0.212499
2024-01-01 00:00:24.290,-0.131543,-0.5588,9.474207,0.140918,0.208755,0.127641
2024-01-01 00:00:24.300,0.222314,-0.216106,9.327198,-0.067169,-0.33042,0.080524
2024-01-01 00:00:24.310,-0.401493,-0.194422,9.760363,0.086918,-0.152525,0.248195
2024-01-01 00:00:24.320,-0.009274,0.033723,9.408788,-0.544947,0.289365,0.287677
2024-01-01 00:00:24.330,-0.068652,-0.108721,10.276841,-0.014209,0.048797,-0.019362
2024-01-01 00:00:24.340,0.088715,0.216699,9.628465,-0.419876,0.038384,-0.145415
2024-01-01 00:00:24.350,-0.145501,-0.19309,9.904799,-0.302076,0.426429,-0.040544
2024-01-01 00:00:24.360,-0.051767,-0.017968,9.90931,-0.046791,0.04927,0.464504
2024-01-01 00:00:24.370,0.325256,0.372956,9.932822,0.319066,-0.141637,-0.235403
2024-01-01 00:00:24.380,-0.171976,0.107675,9.794799,0.092802,-0.056415,-0.070581
2024-01-01 00:00:24.390,-0.63259,-0.018912,10.131678,0.004558,-0.227086,-0.211904
2024-01-01 00:00:24.400,0.688899,-0.189612,9.308737,-0.004883,0.251187,0.018715
2024-01-01 00:00:24.410,0.543948,-0.199468,10.691633,-0.178407,0.114912,-0.180404
2024-01-01 00:00:24.420,-0.508828,-0.267943,9.660981,-0.135996,0.224883,-0.016313
2024-01-01 00:00:24.430,0.271572,-0.170417,8.983724,0.106844,0.242597,-0.292514
2024-01-01 00:00:24.440,-0.198046,0.238035,9.928486,-0.34634,-0.082842,0.092643
2024-01-01 00:00:24.450,0.103748,-0.069895,9.273756,0.148264,-0.188951,0.183352
2024-01-01 00:00:24.460,0.115851,-0.425179,10.229161,-0.097127,-0.010343,-0.057592
2024-01-01 00:00:24.470,1.307702,0.556973,15.052052,0.206389,-0.174552,-0.02027
2024-01-01 00:00:24.480,1.091392,0.100789,13.16446,0.240273,0.032991,-0.024511
2024-01-01 00:00:24.490,1.128099,-0.443187,13.869395,-0.418271,0.226419,0.027137
2024-01-01 00:00:24.500,1.039249,-0.139182,12.554031,-0.145395,-0.033628,-0.005725
2024-01-01 00:00:24.510,1.07247,0.034929,13.94596,-0.213882,0.029999,0.115218
2024-01-01 00:00:24.520,-0.026451,0.536947,9.252,-0.453182,-0.018769,0.184956
2024-01-01 00:00:24.530,-0.28183,-0.349055,9.416354,-0.258133,0.160546,-0.122111
2024-01-01 00:00:24.540,0.268558,0.307453,9.11619,0.610314,-0.133556,-0.046399
2024-01-01 00:00:24.550,0.585603,0.440838,10.271255,0.152377,-0.439289,0.135243
2024-01-01 00:00:24.560,-0.228396,-0.198026,10.444602,0.479322,0.094174,-0.21325
2024-01-01 00:00:24.570,0.094266,-0.087417,9.824733,0.207275,0.197567,-0.295608
2024-01-01 00:00:24.580,0.196751,-0.326437,9.265411,-0.185461,0.089275,0.033947
2024-01-01 00:00:24.590,0.185851,-0.06409,10.8114,-0.095443,-0.128046,0.074452
2024-01-01 00:00:24.600,0.029907,-0.011526,9.337242,0.147109,-0.227002,-0.108345
2024-01-01 00:00:24.610,0.292431,0.20779,8.44792,0.109377,0.0989,-0.086798
2024-01-01 00:00:24.620,0.189886,0.343408,10.098785,-0.144336,0.028296,-0.114029
2024-01-01 00:00:24.630,-0.48733,-0.23565,9.113992,-0.377498,-0.025159,-0.130039
2024-01-01 00:00:24.640,0.34223,-0.619707,10.432824,0.82194,0.364493,0.104024
2024-01-01 00:00:24.650,0.349371,-0.006692,9.569883,-0.035287,-0.18936,-0.177075
2024-01-01 00:00:24.660,-0.300544,0.092464,10.190339,-0.081435,0.355007,-0.039828
2024-01-01 00:00:24.670,0.014938,0.078567,10.692945,0.028334,0.006357,-0.1358
2024-01-01 00:00:24.680,0.269061,-0.102902,9.048419,-0.060682,-0.367114,-0.218293
2024-01-01 00:00:24.690,-0.082417,0.039297,9.45346,0.030682,-0.035841,0.130527
2024-01-01 00:00:24.700,0.422485,0.477365,9.762327,0.321737,0.191899,-0.077974
2024-01-01 00:00:24.710,0.930775,0.120246,10.778657,-0.031137,-0.073011,0.028266
2024-01-01 00:00:24.720,-0.309482,-0.117611,9.395219,-0.290678,-0.294956,-0.226211
2024-01-01 00:00:24.730,-0.543786,-0.157562,9.435463,-0.040411,-0.032903,-0.111291
2024-01-01 00:00:24.740,0.119629,-0.053503,10.111229,-0.1161,-0.171434,0.113413
2024-01-01 00:00:24.750,0.284115,0.515573,9.446346,0.355975,0.098363,0.388091
2024-01-01 00:00:24.760,-0.090904,-0.05774,9.906091,0.29278,0.15468,-0.296432
2024-01-01 00:00:24.770,0.572221,-0.006235,8.832531,0.026881,-0.211254,-0.030166
2024-01-01 00:00:24.780,-0.527076,-0.151929,11.205028,-0.319684,-0.141161,0.061842
2024-01-01 00:00:24.790,0.272837,0.34618,8.960943,-0.306473,0.151328,-0.092415
2024-01-01 00:00:24.800,-0.238558,0.617349,9.607296,0.003781,-0.171769,0.127428
2024-01-01 00:00:24.810,0.677005,0.141943,9.789537,0.084081,-0.216432,-0.13001
2024-01-01 00:00:24.820,0.784553,0.026073,11.014994,-0.093656,-0.235738,0.023077
2024-01-01 00:00:24.830,-0.301871,0.011587,8.975347,-0.120042,0.070408,-0.078311
2024-01-01 00:00:24.840,-0.216388,-0.751057,11.059734,-0.1482,0.061832,0.182915
2024-01-01 00:00:24.850,0.338463,0.234723,10.287021,-0.005848,-0.136809,-0.101455
2024-01-01 00:00:24.860,-0.152433,0.042262,10.07277,-0.595691,0.001017,-0.052781
2024-01-01 00:00:24.870,-0.017881,0.134928,9.189681,-0.275332,0.305426,0.141853
2024-01-01 00:00:24.880,0.009997,-0.224111,10.169819,-0.156763,-0.194812,-0.154206
2024-01-01 00:00:24.890,-0.755871,-0.121104,9.354203,0.301876,-0.390349,0.010313
2024-01-01 00:00:24.900,-0.005449,-0.129473,10.607997,-0.203453,0.091015,-0.27338
2024-01-01 00:00:24.910,1.12842,0.321811,13.048231,0.045117,-0.02208,-0.16319
2024-01-01 00:00:24.920,1.205833,-0.119309,13.58871,0.056636,-0.142005,0.05732
2024-01-01 00:00:24.930,1.96843,0.656038,13.310178,0.324479,0.130416,-0.148605
2024-01-01 00:00:24.940,0.90525,0.135722,13.037861,0.315644,0.167845,-0.081686
2024-01-01 00:00:24.950,1.7202,-0.40184,14.127031,-0.014376,-0.441656,0.073963
2024-01-01 00:00:24.960,-0.109842,-0.040492,10.147339,-0.118871,-0.13052,-0.086878
2024-01-01 00:00:24.970,-0.110156,-0.205278,10.571676,-0.165958,0.463503,0.123426
2024-01-01 00:00:24.980,0.311209,-0.69123,8.688679,-0.060266,0.116681,0.032349
2024-01-01 00:00:24.990,0.133895,0.503833,10.480428,-0.108508,0.135221,0.065352
2024-01-01 00:00:25.000,0.224679,0.22149,11.388433,0.138407,0.234579,0.186145
2024-01-01 00:00:25.010,0.381223,0.16796,9.525466,0.105077,0.003414,0.047973
2024-01-01 00:00:25.020,-0.130453,0.052102,11.003944,0.14795,0.159337,0.230827
2024-01-01 00:00:25.030,-0.241068,-0.435336,9.644208,0.314821,0.143612,0.136689
2024-01-01 00:00:25.040,-0.427278,-0.152339,8.945382,0.465717,0.107808,-0.078518
2024-01-01 00:00:25.050,-0.325005,0.265161,9.617452,0.031166,-0.064402,0.193972
2024-01-01 00:00:25.060,1.161206,-0.331134,10.470368,0.274866,0.034412,0.03958
2024-01-01 00:00:25.070,0.490093,-0.797507,9.281949,-0.087915,-0.117672,-0.059202
2024-01-01 00:00:25.080,-0.531986,-0.071538,9.431787,0.296252,0.002563,0.041758
2024-01-01 00:00:25.090,-0.520718,-0.044654,10.18393,0.265377,-0.233698,0.166849
2024-01-01 00:00:25.100,0.189735,0.042702,9.811928,0.252104,-0.158125,0.068257
2024-01-01 00:00:25.110,0.215486,0.229483,10.178312,0.023517,-0.056462,0.273359
2024-01-01 00:00:25.120,0.216123,0.200846,9.959833,-0.16709,-0.188741,0.16298
2024-01-01 00:00:25.130,-0.100389,0.081512,10.112164,-0.348632,-0.101003,0.078474
2024-01-01 00:00:25.140,-0.049398,0.376592,9.53765,-0.010009,-0.032785,-0.15391
2024-01-01 00:00:25.150,0.129103,-0.478475,9.95599,0.383253,0.080452,-0.02696
2024-01-01 00:00:25.160,0.03382,0.158943,9.225755,-0.077461,0.189851,0.01075
2024-01-01 00:00:25.170,-0.87385,0.19736,10.621713,0.196282,-0.092757,0.104495
2024-01-01 00:00:25.180,-0.090484,-0.390462,9.410407,0.210988,0.267021,0.0956
2024-01-01 00:00:25.190,-0.335241,-0.473404,10.521174,-0.070922,0.187722,0.025431
2024-01-01 00:00:25.200,0.068989,-0.234972,9.662828,0.329086,0.100819,0.018052
2024-01-01 00:00:25.210,1.175446,-0.208386,9.937259,-0.727165,0.03073,0.108069
2024-01-01 00:00:25.220,0.144696,0.237327,9.498172,-0.305688,0.063824,-0.128788
2024-01-01 00:00:25.230,-0.123452,-0.19358,9.169923,-0.228908,0.23741,0.254327
2024-01-01 00:00:25.240,0.362959,-0.26975,8.710801,-0.204929,0.244716,-0.307075
2024-01-01 00:00:25.250,0.190058,-0.192665,9.145146,0.084066,0.266989,0.218311
2024-01-01 00:00:25.260,0.165412,0.352369,9.605937,0.072509,0.008265,-0.006778
2024-01-01 00:00:25.270,0.238947,0.004109,9.943484,0.098498,0.110993,0.150387
2024-01-01 00:00:25.280,0.809764,-0.056464,10.446539,0.14902,0.268709,0.054576
2024-01-01 00:00:25.290,-0.445287,-0.034652,9.529173,-0.237526,-0.124743,0.051905
2024-01-01 00:00:25.300,0.186493,0.406999,9.254365,-0.304544,-0.063683,0.083138
2024-01-01 00:00:25.310,-0.364763,-0.235989,8.90109,0.09908,0.003207,0.121358
2024-01-01 00:00:25.320,0.218733,0.414385,10.11244,-0.157558,0.17992,-0.049325
2024-01-01 00:00:25.330,-0.361733,0.066306,10.681413,-0.392619,0.183034,0.15522
2024-01-01 00:00:25.340,-0.164338,-0.050532,10.607788,0.242836,-0.046173,-0.162671
2024-01-01 00:00:25.350,-0.116192,0.787784,10.257258,0.348775,-0.301722,-0.0008
2024-01-01 00:00:25.360,0.384228,-0.332526,10.212282,0.38929,0.049237,0.125395
2024-01-01 00:00:25.370,0.361641,-0.111411,10.879503,0.046752,-0.183663,0.149253
2024-01-01 00:00:25.380,-0.490501,-0.388216,10.019211,0.156483,-0.297987,0.069118
2024-01-01 00:00:25.390,0.02163,0.300026,10.217062,0.342467,-0.252774,-0.059009
2024-01-01 00:00:25.400,-0.279397,0.532095,9.607906,-0.160354,0.065276,0.134506
2024-01-01 00:00:25.410,-0.495536,0.526026,8.951913,0.277669,0.272207,-0.100405
2024-01-01 00:00:25.420,-0.08545,0.385544,9.379175,0.068849,0.007779,0.262711
2024-01-01 00:00:25.430,-0.121465,-0.06225,9.80423,0.228428,0.042276,-0.012701
2024-01-01 00:00:25.440,0.95552,-0.115051,9.848295,0.046523,0.236579,-0.230944
2024-01-01 00:00:25.450,0.170478,-0.526418,11.02356,0.324064,-0.308891,-0.179203
2024-01-01 00:00:25.460,-0.542437,0.6413,9.861205,0.055881,0.104035,0.006547
2024-01-01 00:00:25.470,-0.22238,0.147728,10.552671,-0.370995,-0.002318,0.020974
2024-01-01 00:00:25.480,0.40217,-0.154966,9.535901,0.362982,0.113211,0.295449
2024-01-01 00:00:25.490,0.822324,0.418338,9.613644,-0.236883,-0.096697,-0.155775
2024-01-01 00:00:25.500,-0.624481,-0.306421,8.972725,0.313265,-0.163587,0.005919
2024-01-01 00:00:25.510,-0.74022,0.128086,9.342333,-0.022561,0.028102,-0.158913
2024-01-01 00:00:25.520,0.736693,-0.054378,10.141998,0.294003,0.329838,-0.073898
2024-01-01 00:00:25.530,0.153411,0.201183,9.814763,0.283692,0.172182,0.252596
2024-01-01 00:00:25.540,-0.34189,-0.020026,10.404051,0.107536,-0.101539,-0.17045
2024-01-01 00:00:25.550,0.21051,-0.457042,9.92419,0.127134,-0.268194,0.088056
2024-01-01 00:00:25.560,-1.037826,0.023807,9.587954,0.105657,-0.336413,0.058936
2024-01-01 00:00:25.570,0.001329,0.330392,11.163427,-0.503456,0.26322,-0.003626
2024-01-01 00:00:25.580,0.12908,-0.009203,9.750841,0.029583,-0.191016,0.077915
2024-01-01 00:00:25.590,0.363931,0.244161,10.542691,-0.279016,-0.065103,-0.174003
2024-01-01 00:00:25.600,-0.399222,-0.329342,9.557238,0.042797,0.264242,0.248448
2024-01-01 00:00:25.610,0.033739,-0.008272,10.257048,-0.285736,-0.32278,0.288727
2024-01-01 00:00:25.620,-0.364386,-0.196721,10.39465,-0.296238,0.298453,0.007066
2024-01-01 00:00:25.630,0.100557,0.235299,9.94135,0.401234,-0.050728,0.363466
2024-01-01 00:00:25.640,-0.352543,0.00992,8.326676,0.267362,-0.229717,-0.059854
2024-01-01 00:00:25.650,-0.16069,0.217373,9.821499,-0.001036,-0.04947,0.060065
2024-01-01 00:00:25.660,-0.392102,0.342629,10.58519,0.046192,-0.144519,0.214783
2024-01-01 00:00:25.670,0.256385,0.21786,10.142313,-0.061979,0.088164,-0.068851
2024-01-01 00:00:25.680,0.338015,0.086032,10.090878,0.142469,-0.129626,-0.207232
2024-01-01 00:00:25.690,-0.092382,-0.314437,8.724978,-0.169014,-0.382328,-0.241758
2024-01-01 00:00:25.700,0.015056,-0.000878,9.356113,0.248435,-0.044113,0.309124
2024-01-01 00:00:25.710,-0.570383,-0.167923,10.069155,-0.063272,-0.271309,-0.079354
2024-01-01 00:00:25.720,-0.117998,-0.10838,10.068541,-0.104962,0.040864,-0.027861
2024-01-01 00:00:25.730,-0.019768,-0.117978,10.57524,0.005428,-0.237426,-0.166915
2024-01-01 00:00:25.740,1.031937,-0.308677,9.718734,-0.147787,-0.097603,0.142251
2024-01-01 00:00:25.750,-0.437837,-0.616562,10.065669,0.082171,0.036518,-0.117234
2024-01-01 00:00:25.760,0.57652,-0.210465,9.820316,-0.134341,-0.042492,-0.073689
2024-01-01 00:00:25.770,0.392513,0.060915,9.188226,0.117131,0.050086,0.044928
2024-01-01 00:00:25.780,0.110501,-0.424676,8.388851,0.304002,0.136057,-0.159607
2024-01-01 00:00:25.790,0.692457,0.00494,10.081536,-0.17983,-0.231587,-0.026787
2024-01-01 00:00:25.800,0.146517,0.598585,9.919587,-0.032644,-0.01288,0.210331
2024-01-01 00:00:25.810,0.153231,0.322263,9.42055,0.115333,-0.665901,0.064238
2024-01-01 00:00:25.820,-0.020916,0.517716,8.789921,-0.108964,0.049467,0.019581
2024-01-01 00:00:25.830,0.48178,0.123205,10.206736,0.11608,-0.060163,0.03223
2024-01-01 00:00:25.840,0.431735,0.367766,9.64247,0.13885,-0.19669,-0.05837
2024-01-01 00:00:25.850,-0.24636,-0.228049,10.160831,0.270815,0.063144,0.299423
2024-01-01 00:00:25.860,-0.519454,-0.202967,10.984351,-0.151498,0.23454,-0.121824
2024-01-01 00:00:25.870,-0.079924,-0.862829,8.460899,-0.235694,-0.095204,0.031639
2024-01-01 00:00:25.880,-0.315015,0.373636,9.369251,-0.076894,-0.188963,0.017254
2024-01-01 00:00:25.890,-0.025013,0.485202,9.678093,-0.241938,0.033005,0.151314
2024-01-01 00:00:25.900,0.487241,-0.174251,10.72654,0.141125,-0.267121,0.165476
2024-01-01 00:00:25.910,1.219937,-0.079995,12.629066,-0.290438,-0.132076,-0.004803
2024-01-01 00:00:25.920,1.383138,-0.237467,14.879592,0.583254,0.24448,0.0436
2024-01-01 00:00:25.930,1.422846,0.120536,13.745589,0.323982,0.012436,0.04928
2024-01-01 00:00:25.940,1.73407,0.354354,13.59952,0.003144,-0.375893,-0.340821
2024-01-01 00:00:25.950,0.515287,-0.548973,13.535222,0.216849,-0.359398,-0.238348
2024-01-01 00:00:25.960,-0.238888,0.128973,9.535154,-0.4092,0.032417,-0.09076
2024-01-01 00:00:25.970,0.083193,-0.087152,10.470314,0.630843,0.172478,-0.08424
2024-01-01 00:00:25.980,0.472531,0.035719,9.136832,-0.147554,-0.323524,-0.179892
2024-01-01 00:00:25.990,-0.193687,0.144583,10.027611,-0.030124,0.089943,0.112437
2024-01-01 00:00:26.000,-0.738893,-0.059284,9.567966,-0.463983,0.266069,0.000318
2024-01-01 00:00:26.010,0.244011,-0.03263,9.329856,0.121572,0.377572,-0.032204
2024-01-01 00:00:26.020,-0.250174,-0.067371,11.439164,-0.276586,0.066245,-0.188423
2024-01-01 00:00:26.030,-0.468431,0.30565,10.074002,0.025414,0.101361,-0.006682
2024-01-01 00:00:26.040,-0.245836,0.131909,10.196357,-0.136069,-0.426637,-0.394003
2024-01-01 00:00:26.050,-0.072657,0.069484,10.526799,-0.269436,0.419951,-0.024443
2024-01-01 00:00:26.060,-0.238118,-0.40035,8.91455,-0.20109,-0.115098,0.009478
2024-01-01 00:00:26.070,-0.868442,-0.119253,10.913944,0.056447,-0.186694,0.036287
2024-01-01 00:00:26.080,0.35322,0.283081,8.229357,-0.320373,-0.051041,-0.234615
2024-01-01 00:00:26.090,0.501982,0.011874,9.325677,-0.187203,0.302335,0.033723
2024-01-01 00:00:26.100,0.256537,0.207752,9.52081,0.165818,0.441609,-0.156215
2024-01-01 00:00:26.110,-0.447964,0.556451,10.176486,0.65062,0.025082,-0.12187
2024-01-01 00:00:26.120,-0.079337,0.327161,9.947793,0.119397,0.199617,0.10769
2024-01-01 00:00:26.130,-0.002568,0.029345,9.704907,-0.229315,0.008641,0.302117
2024-01-01 00:00:26.140,0.235775,-0.160962,9.802442,-0.091779,-0.207559,0.007704
2024-01-01 00:00:26.150,0.263159,-0.804368,9.193845,0.007897,0.295349,-0.122564
2024-01-01 00:00:26.160,-0.289081,-0.053041,8.866744,-0.087356,-0.124425,0.028301
2024-01-01 00:00:26.170,0.032286,-0.102694,10.267702,0.225765,0.307106,0.140854
2024-01-01 00:00:26.180,0.180054,0.122965,10.247035,0.054368,0.259708,0.09315
2024-01-01 00:00:26.190,0.57323,-0.04848,10.808231,0.226963,0.122807,0.411467
2024-01-01 00:00:26.200,0.277399,-0.100921,9.312289,-0.078611,0.365795,-0.107301
2024-01-01 00:00:26.210,0.310691,-0.560511,10.246474,0.331375,0.446469,0.037835
2024-01-01 00:00:26.220,0.033007,-0.29609,9.631265,-0.041621,-0.035049,0.232338
2024-01-01 00:00:26.230,0.555368,0.150145,10.559999,-0.242797,-0.161759,0.222924
2024-01-01 00:00:26.240,0.161344,0.540511,10.453837,0.54433,-0.372854,-0.292512
2024-01-01 00:00:26.250,-0.339053,-0.03072,9.943062,-0.456244,0.448936,-0.000504
2024-01-01 00:00:26.260,0.552577,0.10326,9.596096,-0.184685,-0.087936,0.222678
2024-01-01 00:00:26.270,0.274799,0.300031,10.415387,-0.156757,0.227007,0.433596
2024-01-01 00:00:26.280,-0.174449,-0.255432,10.21755,0.627077,-0.148251,0.105569
2024-01-01 00:00:26.290,-0.1888,0.115546,9.378803,0.451715,0.307653,-0.055179
2024-01-01 00:00:26.300,0.116777,-0.233254,8.973487,0.373482,-0.140024,-0.15138
2024-01-01 00:00:26.310,0.182379,0.27242,9.628224,-0.082665,-0.238344,0.332812
2024-01-01 00:00:26.320,0.077684,0.047692,10.764711,0.606545,-0.041701,0.109311
2024-01-01 00:00:26.330,0.122578,0.094012,10.532287,0.092088,-0.106355,-0.12721
2024-01-01 00:00:26.340,2.069358,-0.246519,12.959234,0.244316,0.11926,-0.030473
2024-01-01 00:00:26.350,1.82192,0.222715,12.924313,0.044924,-0.010279,0.046528
2024-01-01 00:00:26.360,1.475063,0.656685,14.463051,-0.012367,0.12554,0.081571
2024-01-01 00:00:26.370,1.770641,-0.317492,12.944549,-0.062945,-0.058204,-0.134943
2024-01-01 00:00:26.380,0.993444,-0.107024,13.980856,-0.05241,-0.133021,-0.092129
2024-01-01 00:00:26.390,0.156684,0.072956,9.421875,0.152123,-0.116712,-0.24794
2024-01-01 00:00:26.400,0.712414,0.247718,10.828738,0.0918,0.408988,0.155964
2024-01-01 00:00:26.410,-0.085856,-0.176257,9.324632,-0.007868,0.045034,-0.051243
2024-01-01 00:00:26.420,-0.333756,-0.892405,10.530318,0.377381,-0.396752,0.069948
2024-01-01 00:00:26.430,-0.25676,0.428145,9.926461,-0.741688,-0.104042,0.213339
2024-01-01 00:00:26.440,-0.429043,0.239559,9.968883,0.127472,0.019373,0.032981
2024-01-01 00:00:26.450,-0.309,-0.549028,8.568706,0.179435,0.36908,-0.016946
2024-01-01 00:00:26.460,-0.145888,-0.191384,8.422165,0.286741,0.20574,0.029088
2024-01-01 00:00:26.470,-0.553442,0.493977,9.671043,-0.016218,-0.184344,0.009479
2024-01-01 00:00:26.480,0.00615,0.456056,9.965551,0.05198,0.483671,0.186925
2024-01-01 00:00:26.490,0.355272,0.295672,9.101125,0.246487,-0.006232,0.046626
2024-01-01 00:00:26.500,-0.357429,-0.055475,9.124123,0.372792,0.249266,-0.08166
2024-01-01 00:00:26.510,0.598218,0.026141,10.163728,-0.075134,-0.231002,0.157177
2024-01-01 00:00:26.520,0.201124,-0.041242,10.164598,0.066744,-0.479633,0.184573
2024-01-01 00:00:26.530,0.405791,0.355396,9.723223,0.419643,-0.281686,-0.20075
2024-01-01 00:00:26.540,-0.259022,-0.27589,10.301527,-0.531007,-0.650067,0.229918
2024-01-01 00:00:26.550,0.336469,-0.253827,9.070253,-0.172503,0.422418,0.054707
2024-01-01 00:00:26.560,-0.429949,0.318236,9.585761,0.366459,0.042907,0.04249
2024-01-01 00:00:26.570,0.350535,-0.013974,10.848163,0.273134,-0.184929,0.150994
2024-01-01 00:00:26.580,0.067662,0.434217,9.853043,0.130611,0.090525,-0.085046
2024-01-01 00:00:26.590,0.217843,-0.211526,9.889577,-0.112149,0.037867,0.143125
2024-01-01 00:00:26.600,-0.46289,-0.017255,11.262746,-0.220455,0.124187,-0.056516
2024-01-01 00:00:26.610,-0.352434,-0.29056,8.928414,-0.147804,0.241906,-0.221243
2024-01-01 00:00:26.620,0.235159,0.002319,10.311751,0.387002,-0.057984,-0.149663
2024-01-01 00:00:26.630,-0.373412,-0.465742,10.858311,-0.157111,-0.175968,0.085053
2024-01-01 00:00:26.640,0.182387,-0.153605,9.60534,0.025356,0.165555,-0.14182
2024-01-01 00:00:26.650,-0.538311,-0.45242,10.351567,-0.188427,0.160467,0.241511
2024-01-01 00:00:26.660,0.333969,0.218586,9.191328,0.210694,0.020147,0.178393
2024-01-01 00:00:26.670,-0.485306,0.225726,9.377359,-0.134682,0.435511,0.200016
2024-01-01 00:00:26.680,0.217468,-0.545033,10.052529,-0.024398,-0.087564,0.018717
2024-01-01 00:00:26.690,0.246342,0.420174,10.313097,-0.420846,-0.179972,0.038679
2024-01-01 00:00:26.700,-0.274354,0.786686,10.51619,-0.403342,0.083618,-0.179057
2024-01-01 00:00:26.710,0.229173,0.014492,10.798866,0.001918,-0.134988,0.149368
2024-01-01 00:00:26.720,0.102549,-0.201951,9.767509,-0.331289,0.099103,0.056975
2024-01-01 00:00:26.730,-0.212169,0.889664,10.561975,0.526272,-0.166602,0.085096
2024-01-01 00:00:26.740,-0.397118,-0.415475,9.594348,-0.515381,-0.080048,0.253247
2024-01-01 00:00:26.750,-0.772784,0.006334,10.378318,-0.200044,0.378168,-0.090894
2024-01-01 00:00:26.760,0.137675,0.056581,9.940718,0.004175,-0.081117,-0.018921
2024-01-01 00:00:26.770,-0.616141,0.423722,10.090777,-0.091283,-0.15977,0.049001
2024-01-01 00:00:26.780,0.037542,0.113318,10.07681,-0.276036,0.234136,-0.140315
2024-01-01 00:00:26.790,-0.103733,-0.15707,8.799036,-0.239482,-0.210208,-0.02814
2024-01-01 00:00:26.800,0.267412,-0.299623,9.101803,-0.247664,-0.138589,0.073942
2024-01-01 00:00:26.810,-0.11893,-0.107674,9.874601,-0.07168,0.115312,-0.048813
2024-01-01 00:00:26.820,-0.12972,-0.317182,8.747014,0.487982,0.187682,0.196348
2024-01-01 00:00:26.830,0.288174,0.015065,10.333663,0.019484,0.244095,-0.226639
2024-01-01 00:00:26.840,0.131929,-0.177722,10.35908,0.295725,-0.149444,0.168416
2024-01-01 00:00:26.850,0.124486,-0.470622,10.016117,0.126744,0.119202,0.099178
2024-01-01 00:00:26.860,0.184774,0.395371,9.103686,0.278466,-0.093222,-0.085324
2024-01-01 00:00:26.870,-0.604632,-0.156767,10.679488,-0.699991,-0.121131,-0.138661
2024-01-01 00:00:26.880,0.297986,-0.399463,11.093443,-0.076115,0.240643,-0.312042
2024-01-01 00:00:26.890,0.24116,-0.053002,9.902658,0.326784,-0.109911,-0.119276
2024-01-01 00:00:26.900,-0.400319,0.021537,10.131637,-0.142934,0.055641,0.157076
2024-01-01 00:00:26.910,-0.096107,-0.550137,9.937095,0.440618,0.031116,-0.008413
2024-01-01 00:00:26.920,-0.015477,0.104469,10.144133,0.370973,-0.214151,0.174447
2024-01-01 00:00:26.930,-0.052958,-0.329855,9.734678,-0.117283,0.193219,-0.092981
2024-01-01 00:00:26.940,0.131457,0.538974,9.788225,-0.125791,0.112056,0.106066
2024-01-01 00:00:26.950,0.563601,0.165048,10.380602,-0.253401,-0.397258,-0.107625
2024-01-01 00:00:26.960,0.425946,-0.125968,11.287743,-0.157399,0.055484,-0.144836
2024-01-01 00:00:26.970,-0.516686,-0.234728,8.927955,-0.308147,-0.154595,-0.016069
2024-01-01 00:00:26.980,0.24494,-0.033065,9.744598,0.107203,0.219415,-0.099745
2024-01-01 00:00:26.990,0.523267,0.193029,9.06631,-0.364012,-0.28908,-0.231423
2024-01-01 00:00:27.000,0.152306,-0.008031,10.812976,0.150933,-0.071295,-0.027347
2024-01-01 00:00:27.010,0.429574,-0.068405,9.439725,0.15702,0.072405,0.015965
2024-01-01 00:00:27.020,0.792331,0.018387,8.900783,-0.415301,0.010868,0.190254
2024-01-01 00:00:27.030,0.403086,-0.190216,10.212058,0.387455,0.152592,0.140521
2024-01-01 00:00:27.040,0.098165,-0.10811,10.908916,0.128402,-0.303684,0.182991
2024-01-01 00:00:27.050,0.411504,-0.657025,10.228067,0.187425,0.330383,0.108054
2024-01-01 00:00:27.060,0.05705,0.306724,9.939023,-0.189666,0.105029,0.049892
2024-01-01 00:00:27.070,0.009412,0.094121,10.067759,0.155595,0.271944,-0.184342
2024-01-01 00:00:27.080,-0.138369,-0.243639,10.70135,0.281598,0.174848,0.022481
2024-01-01 00:00:27.090,0.615594,0.598102,9.259254,-0.024652,-0.002322,0.089519
2024-01-01 00:00:27.100,-0.322256,0.02741,9.739536,0.500481,-0.25684,0.218616
2024-01-01 00:00:27.110,0.60337,-0.326385,9.524805,0.011016,-0.112711,0.102943
2024-01-01 00:00:27.120,0.196821,0.269872,9.074245,0.285196,0.317913,0.186058
2024-01-01 00:00:27.130,-0.550977,0.125385,9.603124,0.073252,0.277088,-0.1548
2024-01-01 00:00:27.140,0.144762,0.124293,10.507864,0.14638,-0.12392,-0.048963
2024-01-01 00:00:27.150,-0.826885,-0.134113,10.166959,-0.417833,-0.563661,0.064403
2024-01-01 00:00:27.160,0.246294,0.141906,10.215916,0.092763,-0.042538,0.174143
2024-01-01 00:00:27.170,0.34856,-0.082454,9.90228,-0.183744,-0.057541,-0.021784
2024-01-01 00:00:27.180,-0.23324,0.175122,10.139694,-0.2116,-0.049955,-0.012367
2024-01-01 00:00:27.190,0.048647,-0.600058,9.305628,0.436026,0.105708,0.103071
2024-01-01 00:00:27.200,0.769449,-0.13667,9.615009,-0.053443,0.175243,-0.168881
2024-01-01 00:00:27.210,-0.199138,0.542479,9.930963,-0.250825,0.19806,0.241111
2024-01-01 00:00:27.220,-0.416945,-0.241626,9.984835,-0.089783,0.089142,-0.13187
2024-01-01 00:00:27.230,0.583405,-0.190209,10.011718,-0.325113,-0.360154,-0.287788
2024-01-01 00:00:27.240,0.772769,-0.141108,9.722849,0.358471,-0.06824,0.00151
2024-01-01 00:00:27.250,0.001455,-0.382664,9.572223,-0.17392,0.460818,0.254769
2024-01-01 00:00:27.260,0.398264,-0.695608,11.799396,0.132325,0.074843,0.087968
2024-01-01 00:00:27.270,0.528206,-0.072635,10.381276,0.339027,0.073564,0.112664
2024-01-01 00:00:27.280,-0.292353,0.042796,10.070283,-0.125038,0.071897,0.006208
2024-01-01 00:00:27.290,-0.191089,-0.016539,9.663079,0.133006,0.083076,-0.022857
2024-01-01 00:00:27.300,0.484657,-0.045637,9.525732,-0.257522,-0.476622,-0.231736
2024-01-01 00:00:27.310,0.663474,0.013558,9.727596,0.611442,-0.047905,-0.338908
2024-01-01 00:00:27.320,0.221634,0.322195,9.994482,0.234095,-0.007579,0.029441
2024-01-01 00:00:27.330,-0.346427,-0.059991,8.625326,-0.048152,0.256299,0.196882
2024-01-01 00:00:27.340,0.782405,-0.180836,8.821285,-0.193208,0.009535,0.05162
2024-01-01 00:00:27.350,1.19093,-0.088555,13.258764,-0.028499,-0.329302,0.09354
2024-01-01 00:00:27.360,1.268039,0.182494,13.790498,-0.084996,0.086018,0.237558
2024-01-01 00:00:27.370,1.534796,0.444788,13.509258,0.488236,-0.160765,0.049315
2024-01-01 00:00:27.380,2.011951,-0.197865,14.591216,-0.306384,-0.243357,-0.018398
2024-01-01 00:00:27.390,1.736253,0.031164,12.72609,0.0337,-0.166832,-0.122779
2024-01-01 00:00:27.400,0.163353,0.106583,9.336652,-0.004585,0.108501,0.303332
2024-01-01 00:00:27.410,0.18242,-0.312662,10.767658,-0.029353,0.251752,0.078982
2024-01-01 00:00:27.420,0.017134,0.006431,9.892605,-0.027154,0.096586,-0.14154
2024-01-01 00:00:27.430,0.219767,-0.461687,10.367451,-0.029018,0.126405,-0.175675
2024-01-01 00:00:27.440,-0.996014,-0.557251,11.102286,0.218267,0.094609,0.18796
2024-01-01 00:00:27.450,-0.116789,0.115525,9.372903,0.152246,0.020265,-0.155616
2024-01-01 00:00:27.460,0.095021,-0.120921,9.747432,0.104728,0.139386,0.278075
2024-01-01 00:00:27.470,-0.453212,0.063718,9.638371,-0.758497,-0.483755,-0.413469
2024-01-01 00:00:27.480,0.152115,-0.005637,8.578606,0.074949,0.022218,0.213389
2024-01-01 00:00:27.490,-0.080511,-0.307566,9.61445,-0.41391,-0.208985,0.073034
2024-01-01 00:00:27.500,0.691219,-0.014255,10.365069,0.16158,0.232581,0.017789
2024-01-01 00:00:27.510,0.619377,-0.388427,10.150571,0.368624,-0.029431,-0.026319
2024-01-01 00:00:27.520,-0.183411,0.438156,10.200022,-0.23156,0.00619,0.283609
2024-01-01 00:00:27.530,-0.059392,-0.427131,9.573429,-0.065445,-0.301014,0.106059
2024-01-01 00:00:27.540,-0.029117,-0.061672,9.396659,-0.149839,0.203366,-0.135481
2024-01-01 00:00:27.550,-0.177841,-0.328316,10.609631,0.308858,0.125466,-0.257836
2024-01-01 00:00:27.560,0.076791,0.179683,9.49669,0.023757,0.11139,0.026595
2024-01-01 00:00:27.570,-0.298574,-0.104401,9.995272,0.432082,-0.162605,-0.000161
2024-01-01 00:00:27.580,-0.44518,-0.16338,9.912901,0.103439,-0.154728,-0.22798
2024-01-01 00:00:27.590,0.245193,0.268758,10.730882,0.060613,0.04472,-0.008309
2024-01-01 00:00:27.600,0.247877,0.009271,10.42199,0.017052,-0.1389,-0.08609
2024-01-01 00:00:27.610,-0.316699,0.162743,8.993987,0.204498,0.086979,0.001394
2024-01-01 00:00:27.620,0.352546,-0.309118,9.061842,-0.434422,-0.432183,0.108889
2024-01-01 00:00:27.630,-0.248684,-0.442517,10.174713,0.021336,-0.097509,0.223891
2024-01-01 00:00:27.640,0.099684,0.033771,9.769467,-0.017512,0.359351,0.136333
2024-01-01 00:00:27.650,0.32301,-0.100437,9.523242,0.181355,0.087897,-0.108216
2024-01-01 00:00:27.660,-0.013235,0.197327,10.449846,-0.046925,0.033359,0.055337
2024-01-01 00:00:27.670,0.179054,-0.025171,9.928099,-0.259684,0.397045,0.009466
2024-01-01 00:00:27.680,-0.203344,0.064599,9.843048,0.001838,-0.467191,-0.199819
2024-01-01 00:00:27.690,-0.077359,-0.511365,10.301292,-0.27071,-0.163062,0.059735
2024-01-01 00:00:27.700,-0.081057,0.594858,9.573681,-0.481316,-0.080235,0.278501
2024-01-01 00:00:27.710,-0.293965,-0.051736,10.798167,0.181781,0.17167,0.004864
2024-01-01 00:00:27.720,-0.069605,0.21974,9.31353,0.144765,0.175131,-0.239127
2024-01-01 00:00:27.730,-0.609768,-0.263369,10.223865,0.116773,-0.173201,0.00454
2024-01-01 00:00:27.740,-0.193392,0.097023,10.713315,0.325732,0.199591,-0.182057
2024-01-01 00:00:27.750,-0.11217,-0.410396,8.942304,-0.166258,-0.080663,0.129541
2024-01-01 00:00:27.760,-0.100871,0.142401,9.593699,-0.357779,0.242328,0.07873
2024-01-01 00:00:27.770,-0.09509,-0.112132,10.529591,-0.017507,-0.206529,-0.025637
2024-01-01 00:00:27.780,1.37568,0.009195,14.389064,-0.086875,-0.024662,-0.049675
2024-01-01 00:00:27.790,1.58878,0.219862,13.551958,-0.210574,-0.098033,-0.031835
2024-01-01 00:00:27.800,1.744341,-0.38825,13.197157,-0.019962,0.211206,0.001241
2024-01-01 00:00:27.810,1.144155,-0.215615,14.26224,-0.152901,-0.104556,-0.115835
2024-01-01 00:00:27.820,0.92624,0.144057,14.405636,-0.459001,-0.00849,-0.208163
2024-01-01 00:00:27.830,-0.410305,0.66094,9.076262,-0.110294,0.101362,0.170805
2024-01-01 00:00:27.840,-0.191836,-0.043496,9.051534,-0.284094,0.109052,-0.05781
2024-01-01 00:00:27.850,-0.138569,0.186208,9.951912,0.057912,0.177391,0.025056
2024-01-01 00:00:27.860,-0.303186,-0.033696,10.206497,-0.164009,0.042225,0.042792
2024-01-01 00:00:27.870,-0.510346,0.611807,9.621586,0.277908,-0.08365,0.048303
2024-01-01 00:00:27.880,-0.179598,-0.550375,10.237955,0.400967,-0.06994,-0.176073
2024-01-01 00:00:27.890,0.071437,0.029806,9.362614,0.169845,0.005134,-0.251376
2024-01-01 00:00:27.900,0.234293,-0.512046,8.477743,-0.387757,0.049918,-0.088304
2024-01-01 00:00:27.910,-0.219485,-0.78957,9.542942,0.376299,-0.029434,0.059357
2024-01-01 00:00:27.920,-0.162618,0.093701,9.849836,0.39393,0.003841,-0.109192
2024-01-01 00:00:27.930,-0.364887,0.043942,9.636221,0.004698,-0.303451,-0.053238
2024-01-01 00:00:27.940,-0.012379,-0.089724,9.08008,0.330732,0.133471,0.319095
2024-01-01 00:00:27.950,-0.334069,-0.033451,8.666141,-0.137919,0.036222,-0.276814
2024-01-01 00:00:27.960,0.225669,0.975964,9.486124,-0.466561,0.200374,-0.113255
2024-01-01 00:00:27.970,-0.703185,-0.081325,10.375523,-0.190071,3.2e-05,0.284491
2024-01-01 00:00:27.980,-0.141604,0.160689,10.601404,0.432325,-0.34768,-0.00669
2024-01-01 00:00:27.990,0.118561,-0.20455,10.558259,-0.37277,-0.071689,-0.105898
2024-01-01 00:00:28.000,0.072385,0.092998,9.295977,-0.00012,-0.039986,0.175315
2024-01-01 00:00:28.010,1.060382,-0.075044,9.083165,0.008536,0.148581,0.008285
2024-01-01 00:00:28.020,0.137734,-0.129313,10.12288,-0.128244,-0.414055,-0.052246
2024-01-01 00:00:28.030,-0.395346,0.572953,10.210113,-0.11088,0.008236,0.028855
2024-01-01 00:00:28.040,-0.037589,0.370813,10.062107,0.018062,0.102735,-0.098716
2024-01-01 00:00:28.050,-0.699397,0.043075,8.54114,-0.140541,-0.132298,-0.152624
2024-01-01 00:00:28.060,-0.031736,-0.725827,9.263863,-0.355515,0.014926,-0.01704
2024-01-01 00:00:28.070,-0.328016,-0.113718,9.791296,0.053758,-0.125407,-0.15165
2024-01-01 00:00:28.080,0.360435,0.851454,10.116947,0.268342,-0.145915,0.001604
2024-01-01 00:00:28.090,-0.216381,-0.072658,10.293404,0.217393,-0.081684,0.053161
2024-01-01 00:00:28.100,-0.045977,0.347514,9.90088,-0.202434,-0.142138,0.127959
2024-01-01 00:00:28.110,-0.250251,0.454212,10.018394,-0.312807,0.136724,0.169189
2024-01-01 00:00:28.120,0.684673,0.068974,9.863465,-0.071047,-0.14699,-0.06086
2024-01-01 00:00:28.130,-0.126489,-0.265174,10.24194,0.391948,-0.180582,0.074912
2024-01-01 00:00:28.140,0.721569,-0.767123,10.007105,0.1614,0.353586,0.073879
2024-01-01 00:00:28.150,0.320572,0.215511,9.851415,0.175991,0.192148,0.049173
2024-01-01 00:00:28.160,0.189814,-0.256648,9.640928,0.222464,-0.372303,-0.071919
2024-01-01 00:00:28.170,0.145189,0.055487,9.861214,0.105192,-0.152954,-0.15421
2024-01-01 00:00:28.180,0.155058,-0.393693,10.115293,0.030152,0.048493,0.0753
2024-01-01 00:00:28.190,-0.759021,-0.08355,9.978509,0.165577,0.064751,-0.256029
2024-01-01 00:00:28.200,-0.10981,0.010622,10.049921,-0.136542,-0.298099,-0.040176
2024-01-01 00:00:28.210,0.332781,0.084607,10.655915,-0.353616,0.231713,-0.383045
2024-01-01 00:00:28.220,-0.019253,-0.351169,9.977053,0.180749,0.165045,-0.20046
2024-01-01 00:00:28.230,-0.553294,0.377027,9.401131,0.309435,0.09638,-0.13157
2024-01-01 00:00:28.240,-0.020634,-0.188022,10.366672,-0.279558,0.271346,0.164509
2024-01-01 00:00:28.250,0.670992,-0.527458,8.949295,0.20548,0.090458,0.103216
2024-01-01 00:00:28.260,0.490964,-0.034342,9.12871,0.420191,0.089716,-0.08309
2024-01-01 00:00:28.270,-0.024414,0.010828,10.021584,-0.000562,0.311536,0.109405
2024-01-01 00:00:28.280,0.374633,0.050586,10.13533,-0.204501,0.220244,0.133143
2024-01-01 00:00:28.290,-0.144312,0.429072,9.025618,0.030755,-0.168301,-0.0241
2024-01-01 00:00:28.300,-0.670899,-0.074481,9.568825,-0.137633,0.126639,-0.207657
2024-01-01 00:00:28.310,-0.364008,-0.03768,9.428167,-0.154183,-0.132854,-0.031187
2024-01-01 00:00:28.320,0.615387,-0.347503,9.503394,0.108296,0.100831,-0.014684
2024-01-01 00:00:28.330,-0.107885,0.258474,10.404467,-0.400932,0.095323,-0.184868
2024-01-01 00:00:28.340,-0.095832,0.058057,10.255098,-0.360982,-0.276693,0.055057
2024-01-01 00:00:28.350,-0.118061,-0.132309,9.797953,0.004823,-0.024369,0.041972
2024-01-01 00:00:28.360,0.749754,-0.599973,9.466044,-0.005577,0.053051,0.066756
2024-01-01 00:00:28.370,0.640221,0.45499,8.959721,0.085889,-0.087258,0.041838
2024-01-01 00:00:28.380,0.873645,-0.386719,10.704717,0.468806,0.062942,0.109476
2024-01-01 00:00:28.390,-0.062624,-0.186253,10.183032,0.026129,0.16118,-0.026899
2024-01-01 00:00:28.400,0.116402,0.112879,9.364798,0.149543,-0.006119,0.030268
2024-01-01 00:00:28.410,-0.597178,-0.376916,10.263348,-0.243883,0.04492,-0.059661
2024-01-01 00:00:28.420,0.581543,-0.470456,9.765759,0.191984,0.276685,-0.087675
2024-01-01 00:00:28.430,-0.459813,-0.669043,9.629121,-0.131598,0.094639,0.200737
2024-01-01 00:00:28.440,0.085355,0.227114,10.084183,0.017855,0.040165,-0.306565
2024-01-01 00:00:28.450,-0.432063,-0.171734,9.342856,-0.027212,-0.191616,0.131514
2024-01-01 00:00:28.460,-0.231866,0.92209,9.593433,0.258244,0.134205,-0.093081
2024-01-01 00:00:28.470,-0.329672,-0.313222,9.88652,-0.327494,0.06603,-0.112506
2024-01-01 00:00:28.480,-0.239351,-0.290257,9.495346,-0.57081,0.256748,0.039237
2024-01-01 00:00:28.490,-0.21228,-0.178099,10.231524,-0.053358,0.009376,-0.223441
2024-01-01 00:00:28.500,-0.215881,0.076587,10.987512,0.117133,-0.363253,-0.122403
2024-01-01 00:00:28.510,0.328125,-0.148114,9.334792,0.038067,-0.340024,-0.127371
2024-01-01 00:00:28.520,-0.43504,0.192885,8.760971,0.308051,0.147136,-0.03321
2024-01-01 00:00:28.530,0.086838,-0.308255,8.548904,0.109343,-0.114039,-0.120621
2024-01-01 00:00:28.540,0.479571,-0.435201,9.715205,-0.140962,0.087354,0.240168
2024-01-01 00:00:28.550,-0.202071,-0.566438,9.392206,-0.581355,0.022847,0.269552
2024-01-01 00:00:28.560,-0.282681,-0.700426,9.940952,-0.059328,-0.033368,-0.303299
2024-01-01 00:00:28.570,-0.090769,-0.163192,9.893537,0.25699,-0.019272,0.081648
2024-01-01 00:00:28.580,0.464517,-0.094809,8.799973,-0.098012,-0.173078,0.1288
2024-01-01 00:00:28.590,0.07643,-0.198903,8.666623,0.00708,-0.003156,0.081448
2024-01-01 00:00:28.600,-0.209166,0.391673,9.996438,0.10534,-0.116899,-0.098717
2024-01-01 00:00:28.610,0.190526,0.38683,9.89532,-0.253823,-0.074451,-0.036614
2024-01-01 00:00:28.620,-0.434028,-0.105463,9.541735,0.155809,-0.06473,-0.112241
2024-01-01 00:00:28.630,0.268285,-0.565085,8.766,0.40928,-0.045339,-0.06304
2024-01-01 00:00:28.640,0.160889,-0.178512,10.106976,-0.043203,0.184435,-0.181495
2024-01-01 00:00:28.650,-0.1212,-0.188944,10.611297,-0.282266,-0.025958,-0.017218
2024-01-01 00:00:28.660,-0.330193,-0.206998,9.985129,-0.01665,0.20474,-0.22542
2024-01-01 00:00:28.670,-0.349131,-0.219781,9.276091,-0.556096,0.307571,-0.03002
2024-01-01 00:00:28.680,0.210584,-0.205841,9.838068,0.084226,0.170989,-0.187287
2024-01-01 00:00:28.690,0.483911,-0.121761,8.949348,0.113069,0.106894,0.031022
2024-01-01 00:00:28.700,-0.25094,-0.200195,10.476515,0.418909,0.065366,-0.101913
2024-01-01 00:00:28.710,0.18049,0.065622,9.861562,-0.048499,0.173072,0.043587
2024-01-01 00:00:28.720,-0.821767,0.113516,8.696061,0.102121,0.017872,0.162237
2024-01-01 00:00:28.730,-0.230193,-0.286853,9.620575,-0.215322,0.196914,0.238417
2024-01-01 00:00:28.740,-0.012229,0.400386,10.10188,-0.089107,0.122821,-0.379201
2024-01-01 00:00:28.750,-0.358188,-0.30872,9.60018,-0.381296,-0.071968,-0.125129
2024-01-01 00:00:28.760,-0.368749,-0.509607,9.636186,-0.048697,0.17917,-0.045463
2024-01-01 00:00:28.770,-0.262938,0.119945,9.038627,-0.076327,0.018296,0.069049
2024-01-01 00:00:28.780,1.515051,-0.257484,14.016921,0.0748,-0.021226,-0.247553
2024-01-01 00:00:28.790,1.326239,0.101207,13.251464,-0.155899,-0.09524,-0.147314
2024-01-01 00:00:28.800,0.518696,-0.757156,12.301439,0.020836,0.033204,0.019554
2024-01-01 00:00:28.810,0.564974,0.438624,13.426108,-0.083345,0.199293,0.012733
2024-01-01 00:00:28.820,1.161047,0.211772,14.278124,-0.082875,0.177788,0.056643
2024-01-01 00:00:28.830,0.180214,-0.47265,9.566234,0.020091,0.070679,0.066551
2024-01-01 00:00:28.840,-1.08183,-0.465815,10.904931,0.010131,0.119929,0.050789
2024-01-01 00:00:28.850,-0.196769,0.526764,10.08025,0.190294,0.254339,0.029048
2024-01-01 00:00:28.860,-0.20721,-0.232275,10.023418,-0.030161,-0.029993,0.008361
2024-01-01 00:00:28.870,0.546658,-0.262768,9.729109,-0.087471,-0.223084,0.099714
2024-01-01 00:00:28.880,-0.151602,-0.713806,9.76698,-0.045202,0.260226,-0.335898
2024-01-01 00:00:28.890,0.150802,-0.110495,9.644043,-0.178666,-0.105956,0.23165
2024-01-01 00:00:28.900,0.05562,-0.071732,9.61957,-0.089978,-0.138068,-0.330672
2024-01-01 00:00:28.910,-0.838911,0.22538,10.144446,0.50779,-0.35924,-0.161874
2024-01-01 00:00:28.920,0.302482,-0.44071,9.220426,-0.22817,0.114257,-0.034014
2024-01-01 00:00:28.930,0.084812,-0.47889,9.132187,-0.069664,-0.324291,0.100892
2024-01-01 00:00:28.940,0.200131,0.142053,9.102387,-0.096872,-0.150052,-0.44929
2024-01-01 00:00:28.950,1.545956,0.31712,11.098762,-0.061793,0.117647,-0.004219
2024-01-01 00:00:28.960,-0.820619,-0.494913,10.144116,-0.08281,0.144384,0.118859
2024-01-01 00:00:28.970,0.679099,0.340677,10.00183,0.06981,-0.130341,0.149178
2024-01-01 00:00:28.980,-0.113182,0.011826,9.143766,-0.427544,-0.026831,-0.104599
2024-01-01 00:00:28.990,0.113136,0.343919,10.202706,0.259293,-0.174519,-0.045125
2024-01-01 00:00:29.000,-0.01792,-0.022119,9.73656,0.158146,-0.109679,-0.092422
2024-01-01 00:00:29.010,-0.167043,-0.794518,9.944926,-0.310718,0.053243,-0.058901
2024-01-01 00:00:29.020,-0.224372,-0.04787,9.194729,-0.567269,-0.100329,-0.154774
2024-01-01 00:00:29.030,0.129744,0.333945,9.910969,-0.244268,-0.048843,-0.133388
2024-01-01 00:00:29.040,-0.597387,-0.28153,9.542985,-0.060667,-0.292941,0.065157
2024-01-01 00:00:29.050,0.295541,-0.122209,9.327665,0.645073,0.226591,0.019742
2024-01-01 00:00:29.060,-0.163877,-0.055482,10.272487,0.135814,0.102013,0.073738
2024-01-01 00:00:29.070,-0.444965,-0.913347,8.841244,-0.451897,0.158581,0.032102
2024-01-01 00:00:29.080,-0.177193,0.526474,10.165809,-0.172414,0.258085,0.105651
2024-01-01 00:00:29.090,0.495003,-0.283933,10.241226,-0.013303,-0.165043,0.131732
2024-01-01 00:00:29.100,-0.210788,0.159307,9.255824,0.063421,-0.071679,-0.261257
2024-01-01 00:00:29.110,0.141141,-0.027311,9.293193,-0.328687,-0.378967,-0.128146
2024-01-01 00:00:29.120,-0.287814,0.39615,9.669494,-0.033748,0.628085,-0.034706
2024-01-01 00:00:29.130,0.298432,0.127908,9.987683,-0.17941,-0.029917,-0.003402
2024-01-01 00:00:29.140,0.269919,-0.074001,9.713701,-0.27594,0.207746,-0.100514
2024-01-01 00:00:29.150,0.72789,-0.281457,10.083144,0.064899,-0.247632,0.136804
2024-01-01 00:00:29.160,-0.069128,0.251323,10.920677,0.193469,0.199278,0.296992
2024-01-01 00:00:29.170,0.263283,-0.590134,9.490138,0.21026,0.371518,0.027924
2024-01-01 00:00:29.180,0.038614,0.203455,8.729437,0.143597,-0.012056,0.012651
2024-01-01 00:00:29.190,0.51025,-0.346199,10.330332,-0.124342,-0.202176,0.127418
2024-01-01 00:00:29.200,-0.28304,0.394469,10.870488,0.178637,-0.027759,-0.279876
2024-01-01 00:00:29.210,0.293346,0.050809,10.057444,0.077264,-0.445352,0.00427
2024-01-01 00:00:29.220,1.323338,0.202899,12.974718,0.033485,-0.007577,0.146855
2024-01-01 00:00:29.230,1.374726,0.025826,13.581948,-0.152923,0.164193,-0.096473
2024-01-01 00:00:29.240,1.436128,-0.551999,12.95533,-0.124219,-0.007152,-0.183984
2024-01-01 00:00:29.250,1.49932,-0.27113,14.064999,0.018472,-0.056828,-0.027871
2024-01-01 00:00:29.260,1.354235,0.211803,12.808687,0.609969,0.105514,-0.009103
2024-01-01 00:00:29.270,0.084543,0.052497,9.620919,0.075311,0.120805,-0.136298
2024-01-01 00:00:29.280,0.621384,0.372012,9.177267,-0.152797,-0.331981,0.314424
2024-01-01 00:00:29.290,0.388021,0.127031,9.8899,-0.208097,0.017765,-0.071804
2024-01-01 00:00:29.300,0.34223,-0.304511,9.579205,-0.122942,0.487197,-0.173049
2024-01-01 00:00:29.310,-0.179369,-0.25076,9.92136,0.544323,-0.267003,-0.014043
2024-01-01 00:00:29.320,-0.350139,0.032419,9.824081,-0.099814,-0.017084,0.136179
2024-01-01 00:00:29.330,0.37615,-0.728924,9.188405,0.226718,0.388349,0.002612
2024-01-01 00:00:29.340,0.344943,0.527134,10.204933,-0.093982,0.220835,0.072839
2024-01-01 00:00:29.350,0.579864,0.13915,9.779278,0.065296,-0.102679,-0.130727
2024-01-01 00:00:29.360,-0.237817,0.386516,9.187227,0.197936,0.041227,0.223153
2024-01-01 00:00:29.370,-0.090385,-0.49789,11.221784,-0.142976,-0.000422,0.084257
2024-01-01 00:00:29.380,-0.645547,0.392038,10.110151,-0.160278,-0.149614,0.157155
2024-01-01 00:00:29.390,-0.154535,0.702922,9.713446,0.414717,-0.01485,0.054774
2024-01-01 00:00:29.400,0.3924,-0.416077,10.701579,0.246148,-0.055993,0.123733
2024-01-01 00:00:29.410,-0.183683,0.242992,10.970344,0.197668,0.02255,-0.130958
2024-01-01 00:00:29.420,0.252189,0.00035,9.71843,0.196819,-0.149677,-0.073712
2024-01-01 00:00:29.430,-0.075011,-0.486497,10.02886,0.114894,-0.255324,0.201972
2024-01-01 00:00:29.440,0.127597,0.155258,9.187558,0.504444,-0.008256,0.233961
2024-01-01 00:00:29.450,-0.451903,0.262585,9.717269,0.010977,0.343024,-0.17206
2024-01-01 00:00:29.460,0.033551,-0.189355,9.684591,0.144316,0.016441,0.03746
2024-01-01 00:00:29.470,-1.17776,0.367264,9.926441,-0.362728,-0.066319,-0.064642
2024-01-01 00:00:29.480,-0.07359,-0.52503,10.019639,-0.20624,0.150817,-0.104555
2024-01-01 00:00:29.490,-0.641999,-0.470848,10.162692,-0.300205,-0.031664,0.042726
2024-01-01 00:00:29.500,0.47486,0.043028,9.959715,0.318516,0.373607,0.171144
2024-01-01 00:00:29.510,0.306104,0.007996,9.047232,-0.638135,-0.000783,0.067749
2024-01-01 00:00:29.520,0.183752,-0.225721,9.218766,-0.100578,0.140099,-0.047927
2024-01-01 00:00:29.530,0.598896,0.255022,9.465763,-0.748427,-0.150921,0.077229
2024-01-01 00:00:29.540,-0.373636,0.167232,9.632188,-0.207822,0.100618,-0.053996
2024-01-01 00:00:29.550,0.688024,0.270314,10.471988,-0.122737,0.055019,0.061817
2024-01-01 00:00:29.560,0.36705,-0.038788,9.077348,0.346218,-0.011301,0.20947
2024-01-01 00:00:29.570,-0.093144,0.189813,9.584829,0.099157,-0.100352,-0.311574
2024-01-01 00:00:29.580,0.44715,-0.14038,10.410396,-0.208285,-0.127606,0.119588
2024-01-01 00:00:29.590,-0.435603,0.646953,9.621077,0.266491,0.056471,-0.230858
2024-01-01 00:00:29.600,-0.324652,-0.255952,10.100062,0.004458,0.125788,0.184249
2024-01-01 00:00:29.610,-0.239632,0.663169,9.722089,0.009392,-0.025433,-0.095554
2024-01-01 00:00:29.620,-0.208285,0.01099,9.971773,-0.300668,0.057454,-0.182651
2024-01-01 00:00:29.630,-0.41602,-0.433286,9.666062,-0.247503,-0.007583,0.10429
2024-01-01 00:00:29.640,0.481589,0.430945,10.230251,-0.206274,0.019705,0.054626
2024-01-01 00:00:29.650,-0.101924,0.039659,8.836614,0.011615,-0.040089,-0.149878
2024-01-01 00:00:29.660,0.138799,0.268104,9.581113,0.019471,0.003595,-0.18795
2024-01-01 00:00:29.670,-0.224576,0.385515,9.996841,0.386023,0.539608,-0.028122
2024-01-01 00:00:29.680,-0.716863,0.106456,10.146228,0.096264,0.062327,-0.180613
2024-01-01 00:00:29.690,0.106335,-0.186556,10.75056,-0.676891,0.129059,-0.159221
2024-01-01 00:00:29.700,-0.75295,0.30735,9.563654,0.06566,0.087605,0.017343
2024-01-01 00:00:29.710,-0.027025,0.000238,10.742074,-0.362504,-0.052563,-0.144881
2024-01-01 00:00:29.720,-0.538774,0.216045,9.394815,-0.241493,0.258798,0.063981
2024-01-01 00:00:29.730,0.78249,-0.678425,10.647047,-0.203042,-0.058233,0.223522
2024-01-01 00:00:29.740,0.358849,0.140799,10.325004,-0.165835,0.211011,-0.022283
2024-01-01 00:00:29.750,0.041641,-0.201155,9.234521,-0.343787,-0.066841,0.019523
2024-01-01 00:00:29.760,0.497585,0.520793,10.003435,0.050871,-0.191995,0.302715
2024-01-01 00:00:29.770,-0.333237,0.196273,9.777721,-0.352701,0.073079,-0.17814
2024-01-01 00:00:29.780,0.213995,0.075555,10.204118,0.089167,-0.220934,0.178685
2024-01-01 00:00:29.790,0.078675,0.153188,9.669339,0.559243,0.107128,0.160629
2024-01-01 00:00:29.800,0.103958,-0.314509,9.616435,-0.33234,-0.238832,0.128148
2024-01-01 00:00:29.810,0.500989,0.511326,10.67253,-0.071128,-0.063802,0.193762
2024-01-01 00:00:29.820,0.288419,0.627282,9.747806,-0.630864,-0.286346,0.042086
2024-01-01 00:00:29.830,0.113685,0.123768,10.330646,-0.075234,0.564833,-0.087439
2024-01-01 00:00:29.840,-0.651612,0.500977,9.668029,0.160679,-0.330792,0.164186
2024-01-01 00:00:29.850,-0.378018,-0.179282,10.859998,0.18016,0.001963,0.169926
2024-01-01 00:00:29.860,-0.048317,-0.251091,9.382649,0.019341,0.228661,0.165797
2024-01-01 00:00:29.870,0.036765,0.012891,9.42309,0.222316,0.207277,0.006675
2024-01-01 00:00:29.880,-0.445018,0.137006,10.770446,0.636514,0.170268,-0.107429
2024-01-01 00:00:29.890,0.949598,-0.124106,9.529684,0.428076,-0.063446,0.028704
2024-01-01 00:00:29.900,0.59708,0.169397,10.818677,-0.13063,0.270218,0.141335
2024-01-01 00:00:29.910,0.237084,0.096513,10.37186,-0.362776,0.182678,0.153653
2024-01-01 00:00:29.920,0.028365,-0.314467,9.712571,-0.101538,0.04246,-0.064451
2024-01-01 00:00:29.930,-0.083557,0.16342,8.667625,-0.236746,0.048116,0.047306
2024-01-01 00:00:29.940,-0.374818,0.272011,9.797829,0.112837,-0.060785,-0.196317
2024-01-01 00:00:29.950,0.030508,0.054013,9.874027,-0.295298,-0.18193,0.147743
2024-01-01 00:00:29.960,0.10149,0.363084,10.545347,-0.018206,0.24743,-0.117496
2024-01-01 00:00:29.970,-0.488943,-0.383482,10.810722,0.209504,0.262442,0.117788
2024-01-01 00:00:29.980,0.131582,0.147404,9.378458,-0.025174,-0.176822,-0.172396
2024-01-01 00:00:29.990,-0.061133,-0.368638,10.314745,-0.236578,-0.030757,0.154712
