timestamp,acc_x,acc_y,acc_z,gyro_x,gyro_y,gyro_z
2024-01-01 00:00:00.000,0.324822,0.096255,10.312968,0.163324,-0.003328,-0.008815
2024-01-01 00:00:00.010,0.106052,0.09911,9.864932,0.254165,0.034941,0.064323
2024-01-01 00:00:00.020,0.169583,0.183205,10.082671,0.048098,0.063724,0.030693
2024-01-01 00:00:00.030,0.149601,0.178624,10.88577,0.06113,0.160489,0.007782
2024-01-01 00:00:00.040,0.193682,0.098473,10.63585,0.080675,0.197789,0.06966
2024-01-01 00:00:00.050,0.100901,-0.068359,10.616093,0.075334,0.219651,0.065662
2024-01-01 00:00:00.060,0.057827,0.177855,10.867345,0.031177,0.206546,0.14369
2024-01-01 00:00:00.070,0.248911,0.023317,10.477875,0.113436,0.146299,0.098952
2024-01-01 00:00:00.080,-0.053555,0.316966,10.210185,0.090184,0.27051,0.071345
2024-01-01 00:00:00.090,0.285406,-0.092593,10.197342,0.045412,0.041577,-0.023038
2024-01-01 00:00:00.100,0.263362,0.053972,10.169802,-0.000837,0.079502,0.068837
2024-01-01 00:00:00.110,0.127807,-0.033979,9.769405,-0.090663,0.211702,0.133903
2024-01-01 00:00:00.120,0.215015,0.026026,9.234055,0.043876,-0.020264,-0.03379
2024-01-01 00:00:00.130,0.09064,-0.110276,9.168703,-0.116034,0.173844,0.005357
2024-01-01 00:00:00.140,0.054748,0.017313,8.953986,-0.119748,0.127607,-0.024216
2024-01-01 00:00:00.150,0.262429,-0.072193,8.625429,-0.207358,0.084518,-0.059027
2024-01-01 00:00:00.160,0.148306,-0.244259,8.744374,-0.129452,0.04367,-0.013927
2024-01-01 00:00:00.170,0.337481,-0.214483,9.142837,-0.175435,0.042029,-0.080767
2024-01-01 00:00:00.180,0.384999,-0.21442,9.490278,-0.045673,0.050273,-0.006939
2024-01-01 00:00:00.190,0.124846,-0.101547,9.686842,-0.240294,0.143055,0.045965
2024-01-01 00:00:00.200,0.048673,-0.107565,9.80489,-0.268693,0.092038,-0.023196
2024-01-01 00:00:00.210,0.184836,-0.085538,10.077832,-0.094781,-0.021303,0.084896
2024-01-01 00:00:00.220,-0.253469,-0.223245,10.066129,-0.19926,0.000374,0.086071
2024-01-01 00:00:00.230,-0.217008,-0.175124,10.693493,-0.249004,0.027478,0.119909
2024-01-01 00:00:00.240,-0.121425,-0.151551,10.723378,-0.112551,-0.097342,-0.026267
2024-01-01 00:00:00.250,-0.083221,-0.144067,10.666659,-0.006145,-0.057569,0.118637
2024-01-01 00:00:00.260,-0.131818,-0.073851,10.63321,-0.085725,0.052889,0.025895
2024-01-01 00:00:00.270,-0.147874,0.047935,10.529573,-0.087444,-0.040253,0.096464
2024-01-01 00:00:00.280,-0.087234,-0.021939,10.436079,0.068999,-0.14752,0.162804
2024-01-01 00:00:00.290,-0.18519,0.118645,10.420506,-0.1031,-0.095453,0.097254
2024-01-01 00:00:00.300,-0.122487,0.012341,10.272079,0.032059,-0.165152,-0.027359
2024-01-01 00:00:00.310,-0.160067,-0.126578,9.709995,0.118548,-0.129043,0.024854
2024-01-01 00:00:00.320,-0.255036,0.104024,9.367747,0.123939,-0.309372,0.018599
2024-01-01 00:00:00.330,-0.277007,0.005581,9.413868,0.173596,-0.180783,-0.095542
2024-01-01 00:00:00.340,-0.286449,-0.085016,9.096171,-0.00538,-0.098449,-0.006803
2024-01-01 00:00:00.350,-0.097691,0.193018,8.583733,0.236563,-0.179926,-0.062565
2024-01-01 00:00:00.360,-0.148807,0.108112,8.876226,0.104411,-0.170011,-0.125657
2024-01-01 00:00:00.370,0.117674,-0.056271,9.408533,0.187319,-0.144203,-0.068971
2024-01-01 00:00:00.380,-0.055088,0.01124,9.027953,0.154165,-0.058599,-0.004514
2024-01-01 00:00:00.390,0.184789,0.18664,9.153899,0.124046,-0.092943,-0.033101
2024-01-01 00:00:00.400,-0.143851,0.05359,9.715023,0.063985,-0.021184,-0.005009
2024-01-01 00:00:00.410,0.029691,0.220696,10.005114,0.331286,0.069219,0.029804
2024-01-01 00:00:00.420,-0.099732,0.225681,9.753405,0.021733,0.062668,0.039165
2024-01-01 00:00:00.430,0.066432,0.12394,10.26518,0.061489,-0.019038,0.101591
2024-01-01 00:00:00.440,0.217657,0.180081,10.256209,0.196958,0.058518,0.035893
2024-01-01 00:00:00.450,0.101661,0.124273,10.93078,-0.02949,0.083791,0.094196
2024-01-01 00:00:00.460,0.139727,0.126811,10.439074,-0.027573,0.084103,0.106461
2024-01-01 00:00:00.470,0.241163,0.337546,10.579017,-0.037693,0.162981,0.064532
2024-01-01 00:00:00.480,0.43757,0.017805,10.712022,0.140822,0.046285,0.075362
2024-01-01 00:00:00.490,0.117327,0.100489,10.324537,0.167298,0.10033,0.044785
2024-01-01 00:00:00.500,0.106978,0.122123,10.197347,-0.04288,0.103953,0.073058
2024-01-01 00:00:00.510,0.15843,0.152312,9.806373,-0.10978,0.169979,-0.001265
2024-01-01 00:00:00.520,0.215293,0.004388,9.479425,-0.199781,0.205874,-0.026781
2024-01-01 00:00:00.530,0.133088,0.043637,9.036495,-0.151575,0.13005,-0.09423
2024-01-01 00:00:00.540,0.246134,0.003814,8.980886,-0.228626,0.168109,-0.101679
2024-01-01 00:00:00.550,0.286282,-0.104141,8.920164,-0.177231,0.124257,-0.054972
2024-01-01 00:00:00.560,0.032558,-0.075053,9.026945,0.013524,0.214284,-0.152821
2024-01-01 00:00:00.570,0.344164,-0.105565,8.50206,-0.164082,-0.056164,-0.055407
2024-01-01 00:00:00.580,-0.041334,-0.14822,9.292308,0.054592,0.102759,-0.152419
2024-01-01 00:00:00.590,0.139843,-0.132306,9.343238,-0.214488,0.019804,-0.114104
2024-01-01 00:00:00.600,0.083195,-0.376729,9.274559,-0.204888,0.069349,-0.033164
2024-01-01 00:00:00.610,0.256366,0.006678,10.067458,0.022481,0.111828,0.02174
2024-01-01 00:00:00.620,-0.069634,-0.157591,10.023548,-0.012578,0.043726,0.094422
2024-01-01 00:00:00.630,-0.026968,-0.177136,10.047428,-0.146458,0.146899,0.037844
2024-01-01 00:00:00.640,-0.001728,-0.082464,10.306789,-0.138295,-0.096481,0.143587
2024-01-01 00:00:00.650,0.013853,-0.180586,10.783273,-0.169142,-0.00429,0.058907
2024-01-01 00:00:00.660,-0.138378,-0.035703,10.764988,-0.081175,-0.036826,0.072397
2024-01-01 00:00:00.670,0.077062,-0.155739,10.754205,-0.101172,-0.059749,0.10594
2024-01-01 00:00:00.680,-0.293758,0.045122,10.409371,-0.060185,-0.12564,0.096923
2024-01-01 00:00:00.690,-0.275458,0.064408,10.257804,-0.129213,-0.080882,0.069585
2024-01-01 00:00:00.700,-0.172884,-0.029596,10.124531,0.035706,-0.119855,0.033213
2024-01-01 00:00:00.710,-0.287553,-0.025177,9.882143,0.043433,-0.113256,-0.022289
2024-01-01 00:00:00.720,-0.365111,-0.060626,9.851167,-0.040402,-0.170402,-0.013745
2024-01-01 00:00:00.730,-0.016096,-0.036207,9.411002,-0.07854,-0.120372,0.077426
2024-01-01 00:00:00.740,-0.068865,0.076053,9.237974,0.103908,0.014894,-0.040714
2024-01-01 00:00:00.750,-0.42707,-0.121481,8.643518,0.139333,-0.110765,0.018751
2024-01-01 00:00:00.760,-0.032874,0.162975,8.884861,0.173516,-0.068957,-0.031371
2024-01-01 00:00:00.770,0.012825,0.22451,8.851288,0.183571,0.017835,0.027984
2024-01-01 00:00:00.780,-0.231036,0.144176,9.242677,0.145186,-0.047801,-0.112314
2024-01-01 00:00:00.790,0.077025,0.166647,8.962872,0.050191,-0.090116,0.005079
2024-01-01 00:00:00.800,-0.225044,0.121335,9.387678,0.155976,-0.097022,0.00333
2024-01-01 00:00:00.810,-0.077911,-0.030637,9.646503,-0.044286,0.026622,-0.137098
2024-01-01 00:00:00.820,-0.00736,0.262445,10.133254,0.187594,-0.105788,0.048091
2024-01-01 00:00:00.830,0.100917,0.063264,10.550989,0.202687,0.028063,0.002611
2024-01-01 00:00:00.840,0.119186,0.015575,10.475986,0.107293,0.022895,0.028968
2024-01-01 00:00:00.850,0.126428,0.20699,10.693903,0.088077,0.01186,0.057515
2024-01-01 00:00:00.860,0.022624,0.050908,10.644231,0.114799,0.034764,0.012169
2024-01-01 00:00:00.870,0.33272,0.053102,10.355485,0.128536,0.239066,0.092635
2024-01-01 00:00:00.880,0.246579,0.083513,10.564596,0.09102,0.05607,0.089527
2024-01-01 00:00:00.890,0.117028,0.057115,10.509698,-0.041457,0.067012,0.097945
2024-01-01 00:00:00.900,0.124085,0.055663,10.412704,0.071282,0.129148,-0.052633
2024-01-01 00:00:00.910,0.367342,0.094437,9.623694,0.058918,0.089037,-0.115742
2024-01-01 00:00:00.920,0.276928,0.058436,9.714271,-0.055453,0.093717,0.009242
2024-01-01 00:00:00.930,0.088018,-0.10757,9.660271,-0.004431,0.013111,-0.062346
2024-01-01 00:00:00.940,0.141756,-0.136463,9.21087,-0.019415,0.142553,-0.03404
2024-01-01 00:00:00.950,0.29969,-0.162364,8.897624,-0.091058,0.0246,-0.141034
2024-01-01 00:00:00.960,-0.07699,-0.280917,9.097945,-0.005502,0.131897,-0.068045
2024-01-01 00:00:00.970,0.035344,-0.158204,9.001025,0.041016,-0.072825,-0.101465
2024-01-01 00:00:00.980,0.202214,-0.250613,8.628117,-0.133859,0.075511,-0.09721
2024-01-01 00:00:00.990,-0.05744,-0.121407,8.683259,-0.140858,0.145744,0.022169
2024-01-01 00:00:01.000,0.25364,-0.180522,9.217135,-0.142221,0.010259,-0.020515
2024-01-01 00:00:01.010,-0.103002,-0.038196,9.685395,-0.046646,0.048709,-0.123324
2024-01-01 00:00:01.020,-0.166036,-0.173691,9.6483,-0.050747,-0.048694,-0.054415
2024-01-01 00:00:01.030,-0.190028,-0.141058,10.227374,-0.216435,0.025769,-0.030488
2024-01-01 00:00:01.040,-0.055452,-0.176648,10.456946,-0.241795,0.025012,0.045897
2024-01-01 00:00:01.050,-0.138281,-0.291193,10.282587,-0.18684,-0.004621,0.059821
2024-01-01 00:00:01.060,-0.207936,-0.210163,10.716939,-0.255798,-0.219454,0.06091
2024-01-01 00:00:01.070,-0.125812,-0.206987,10.520595,-0.196495,-0.113097,-0.01662
2024-01-01 00:00:01.080,-0.256028,-0.111951,10.615461,-0.062139,0.009721,0.076129
2024-01-01 00:00:01.090,-0.145671,-0.096796,10.74535,-0.076642,-0.067752,0.094958
2024-01-01 00:00:01.100,-0.110658,0.038728,10.98506,-0.056877,-0.053329,0.078261
2024-01-01 00:00:01.110,-0.15348,-0.096536,10.241586,0.086384,-0.176424,0.109489
2024-01-01 00:00:01.120,-0.329555,-0.087599,9.294901,-0.076375,0.01382,0.023673
2024-01-01 00:00:01.130,-0.090225,0.046025,9.630177,0.051528,-0.195958,-0.01413
2024-01-01 00:00:01.140,-0.173015,-0.112081,9.371319,0.015821,-0.194665,-0.073944
2024-01-01 00:00:01.150,-0.081828,0.257491,9.126668,0.125384,-0.093557,-0.039717
2024-01-01 00:00:01.160,-0.049766,0.238915,8.752612,0.145668,-0.08524,-0.080671
2024-01-01 00:00:01.170,-0.194552,0.198809,8.954804,0.023042,-0.123011,-0.076486
2024-01-01 00:00:01.180,-0.031576,0.001863,8.654006,0.214916,-0.015297,0.014896
2024-01-01 00:00:01.190,-0.185286,0.176183,8.637584,0.190403,-0.025738,-0.046488
2024-01-01 00:00:01.200,-0.002056,0.145726,9.024448,0.006723,-0.061318,-0.001042
2024-01-01 00:00:01.210,-0.237591,-0.007065,9.381655,-0.007445,-0.16277,-0.107431
2024-01-01 00:00:01.220,0.068742,0.216935,9.651833,0.149406,0.072214,-0.066988
2024-01-01 00:00:01.230,0.021335,0.082678,10.260468,0.145297,-0.060577,-0.014868
2024-01-01 00:00:01.240,-0.152858,0.06635,10.460624,0.148614,-0.050764,-0.010717
2024-01-01 00:00:01.250,0.117797,0.117565,10.356657,0.088813,0.143621,0.023249
2024-01-01 00:00:01.260,0.04117,0.213537,10.797685,0.039842,0.043982,-0.031544
2024-01-01 00:00:01.270,0.384053,0.147028,10.606672,0.029216,0.047727,0.020297
2024-01-01 00:00:01.280,0.175413,0.20348,11.007067,0.059821,0.058586,0.131343
2024-01-01 00:00:01.290,0.446262,-0.13226,10.477857,0.061378,0.202736,0.041306
2024-01-01 00:00:01.300,0.27156,0.009568,10.895955,0.132534,0.131144,-0.000391
2024-01-01 00:00:01.310,0.090323,0.022322,10.458122,0.129429,0.110348,0.142887
2024-01-01 00:00:01.320,0.235797,-0.059432,10.052207,0.05056,0.01446,-0.01959
2024-01-01 00:00:01.330,0.228819,-0.053171,9.656746,0.00112,0.078968,-0.004323
2024-01-01 00:00:01.340,0.299128,-0.150467,9.372115,0.044416,0.113574,-0.04838
2024-01-01 00:00:01.350,-0.000717,0.074148,9.141951,-0.096146,0.204739,-0.086847
2024-01-01 00:00:01.360,0.143117,-0.004032,9.076564,-0.184836,0.043474,-0.029526
2024-01-01 00:00:01.370,0.086618,-0.027412,8.789171,-0.166929,0.120565,-0.121054
2024-01-01 00:00:01.380,0.163388,-0.210577,8.713013,0.007957,0.137705,-0.071153
2024-01-01 00:00:01.390,0.134805,-0.130952,9.207018,-0.128143,-0.060843,-0.173676
2024-01-01 00:00:01.400,0.123195,-0.145258,9.066384,-0.213753,0.047873,0.001234
2024-01-01 00:00:01.410,0.135949,-0.27586,8.902217,-0.190992,0.041836,-0.079658
2024-01-01 00:00:01.420,0.00398,-0.171751,9.252902,-0.174676,-0.077267,-0.032371
2024-01-01 00:00:01.430,0.087751,-0.230026,10.030979,-0.181685,-0.012091,0.020928
2024-01-01 00:00:01.440,-0.08245,-0.24698,10.080469,-0.362863,-0.093772,-0.040828
2024-01-01 00:00:01.450,-0.115308,-0.228521,10.484251,-0.147299,-0.028369,0.121546
2024-01-01 00:00:01.460,-0.05313,-0.189012,10.597521,-0.187398,0.001621,0.004694
2024-01-01 00:00:01.470,-0.096733,-0.065225,10.904854,0.024073,-0.007208,0.070517
2024-01-01 00:00:01.480,-0.261304,0.028228,10.770311,-0.020602,-0.03287,0.015185
2024-01-01 00:00:01.490,0.104724,-0.052936,10.842577,0.017368,-0.069511,0.077684
2024-01-01 00:00:01.500,-0.295462,0.238379,10.26405,-0.058443,-0.100618,0.021118
2024-01-01 00:00:01.510,-0.373174,-0.175374,10.365418,-0.135309,-0.107858,0.01665
2024-01-01 00:00:01.520,-0.061541,-0.114766,9.958188,-0.122587,-0.10412,-0.10757
2024-01-01 00:00:01.530,-0.136617,0.041636,9.506215,-0.2128,-0.037794,-0.025737
2024-01-01 00:00:01.540,-0.150466,0.162798,9.472329,0.145604,-0.097252,-0.031591
2024-01-01 00:00:01.550,-0.266345,-0.125272,9.485836,-0.000294,-0.171425,-0.065011
2024-01-01 00:00:01.560,-0.34697,0.128593,9.237358,0.02314,-0.142488,0.035094
2024-01-01 00:00:01.570,-0.189743,-0.002227,9.037744,0.161843,-0.100844,-0.073442
2024-01-01 00:00:01.580,-0.149289,0.078801,8.694075,0.15836,-0.077571,-0.034524
2024-01-01 00:00:01.590,-0.119297,0.061845,8.933083,-0.043133,-0.035875,-0.037865
2024-01-01 00:00:01.600,-0.083673,0.082229,8.809541,0.187432,-0.037018,-0.114149
2024-01-01 00:00:01.610,0.082115,0.037386,9.095028,0.167613,-0.022388,-0.092351
2024-01-01 00:00:01.620,-0.1688,0.382741,9.864431,0.216863,-0.078325,-0.008827
2024-01-01 00:00:01.630,-0.235455,0.159009,9.517797,0.208882,-0.010645,-0.083934
2024-01-01 00:00:01.640,-0.021369,0.095847,10.089511,0.135092,-0.004824,0.055342
2024-01-01 00:00:01.650,-0.145521,-0.164704,9.924266,0.263094,0.106028,0.087779
2024-01-01 00:00:01.660,-0.245157,0.220795,10.297416,0.23909,0.212707,0.076867
2024-01-01 00:00:01.670,0.292894,0.156249,10.581882,0.182046,0.005771,0.119819
2024-01-01 00:00:01.680,0.155845,-0.069889,10.678136,0.226523,0.058133,0.123469
2024-01-01 00:00:01.690,0.080382,0.042297,10.798975,0.046715,0.051735,0.103968
2024-01-01 00:00:01.700,0.1261,0.057892,10.436986,-0.061531,0.060763,0.108019
2024-01-01 00:00:01.710,0.395585,0.116573,10.541329,0.077535,0.047797,0.076859
2024-01-01 00:00:01.720,0.330896,-0.193023,10.064539,0.13663,0.085326,0.041052
2024-01-01 00:00:01.730,0.307334,-0.014736,10.042817,0.004887,0.1265,0.03544
2024-01-01 00:00:01.740,0.238883,-0.004694,9.271369,-0.102677,0.073855,0.007956
2024-01-01 00:00:01.750,0.066481,-0.21905,9.276108,-0.019903,0.000594,-0.02997
2024-01-01 00:00:01.760,0.169276,-0.021254,9.271162,-0.104775,0.028197,-0.115497
2024-01-01 00:00:01.770,0.056764,-0.085566,8.930357,-0.163061,0.182641,0.114193
2024-01-01 00:00:01.780,0.395664,-0.250887,8.595912,-0.110711,-0.011716,-0.0342
2024-01-01 00:00:01.790,0.00484,-0.149045,9.142282,-0.118957,0.204182,-0.061081
2024-01-01 00:00:01.800,-0.051177,-0.168519,8.843385,0.013194,0.091432,-0.076862
2024-01-01 00:00:01.810,-0.117651,-0.159742,9.339291,-0.202229,0.193554,-0.09754
2024-01-01 00:00:01.820,0.145401,-0.207011,9.598995,-0.251928,0.355124,-0.102352
2024-01-01 00:00:01.830,-0.181276,-0.088455,9.725326,-0.172474,0.038888,0.07779
2024-01-01 00:00:01.840,0.061128,-0.370098,9.980073,-0.215961,-0.003371,-0.044896
2024-01-01 00:00:01.850,-0.008039,-0.193579,10.101128,-0.134174,0.080174,0.024182
2024-01-01 00:00:01.860,-0.096587,-0.073988,10.585209,-0.08307,-0.044503,0.079232
2024-01-01 00:00:01.870,0.199612,-0.082242,10.341473,-0.003121,0.00792,0.125823
2024-01-01 00:00:01.880,-0.190755,-0.126874,10.524528,0.000896,-0.045986,0.070732
2024-01-01 00:00:01.890,-0.087933,-0.158908,10.499611,-0.005492,-0.09984,0.112453
2024-01-01 00:00:01.900,-0.314778,-0.109511,10.537042,-0.166748,-0.197742,0.186592
2024-01-01 00:00:01.910,-0.27734,-0.192534,10.824438,-0.023517,-0.104906,0.091829
2024-01-01 00:00:01.920,-0.101762,0.045751,10.015761,-0.091889,-0.159425,0.017074
2024-01-01 00:00:01.930,-0.29108,0.015066,9.74672,0.048025,-0.120905,0.132028
2024-01-01 00:00:01.940,-0.204049,-0.071785,9.855171,0.09589,-0.033474,0.017839
2024-01-01 00:00:01.950,-0.114059,0.060295,9.48571,0.058182,-0.131597,-0.018405
2024-01-01 00:00:01.960,-0.178982,-0.14063,8.975411,0.223404,1.8e-05,-0.09687
2024-01-01 00:00:01.970,-0.226216,-0.043633,8.865303,0.122991,-0.206087,-0.086929
2024-01-01 00:00:01.980,-0.153409,0.203029,8.805145,0.097111,-0.073499,-0.076886
2024-01-01 00:00:01.990,-0.393334,0.243115,8.945221,0.21498,-0.225356,-0.098851
2024-01-01 00:00:02.000,-0.149431,0.045534,8.859143,0.128358,-0.132657,-0.094331
2024-01-01 00:00:02.010,0.038008,0.072683,9.320339,0.151904,-0.087615,-0.073461
2024-01-01 00:00:02.020,0.149216,0.065091,9.347389,0.091302,0.007552,-0.002812
2024-01-01 00:00:02.030,0.052375,0.107246,9.551503,0.174332,0.049671,0.04931
2024-01-01 00:00:02.040,0.01802,0.127048,9.653202,0.098825,0.012003,-0.007528
2024-01-01 00:00:02.050,0.050379,0.170725,9.775012,0.052036,-0.005199,0.040587
2024-01-01 00:00:02.060,-0.031684,0.246047,10.258622,0.216692,0.016,-0.034824
2024-01-01 00:00:02.070,0.204243,0.106833,10.061338,0.170505,0.026732,-0.075694
2024-01-01 00:00:02.080,0.223545,0.133921,10.578689,0.087774,0.077245,0.071078
2024-01-01 00:00:02.090,0.074369,-0.016065,11.082909,0.225351,0.03049,0.042189
2024-01-01 00:00:02.100,-0.026617,-0.096931,10.939208,0.094138,0.024444,0.092352
2024-01-01 00:00:02.110,0.228227,0.232531,10.704798,0.1461,0.033088,0.067826
2024-01-01 00:00:02.120,0.339674,0.124686,10.361417,0.041218,0.093041,0.078072
2024-01-01 00:00:02.130,0.142766,-0.037471,10.364182,0.116915,0.266701,0.052085
2024-01-01 00:00:02.140,0.231836,-0.014751,9.968676,-0.162484,0.092996,0.068557
2024-01-01 00:00:02.150,0.248048,-0.042064,9.387034,-0.143008,-0.001719,0.037738
2024-01-01 00:00:02.160,0.311139,0.161525,9.480248,-0.148195,0.118272,-0.072969
2024-01-01 00:00:02.170,0.243539,-0.136435,9.108106,0.015997,0.148738,-0.05083
2024-01-01 00:00:02.180,0.055583,-0.022932,8.836503,-0.174375,0.118648,-0.064932
2024-01-01 00:00:02.190,0.249733,-0.143509,8.828053,-0.076753,0.103604,-0.214834
2024-01-01 00:00:02.200,0.089924,-0.02605,8.878618,-0.196559,0.187092,-0.084214
2024-01-01 00:00:02.210,0.10389,0.077131,8.890549,-0.059191,0.05825,-0.080391
2024-01-01 00:00:02.220,0.179357,-0.080726,9.100581,-0.146916,-0.025031,-0.00573
2024-01-01 00:00:02.230,-0.177477,-0.324017,9.290603,-0.059525,0.071425,-0.102977
2024-01-01 00:00:02.240,0.116403,-0.221069,9.535779,0.013273,-0.076429,0.002479
2024-01-01 00:00:02.250,-0.147184,-0.104591,10.061909,0.0351,0.033785,0.071534
2024-01-01 00:00:02.260,-0.117978,-0.053551,10.311891,-0.06097,0.061601,-0.009026
2024-01-01 00:00:02.270,0.067556,-0.170048,10.599683,-0.181955,0.042086,0.066046
2024-01-01 00:00:02.280,0.039321,-0.209863,10.248609,-0.126834,-0.156077,0.144385
2024-01-01 00:00:02.290,-0.228222,-0.280952,10.636289,-0.038855,-0.080751,0.082771
2024-01-01 00:00:02.300,-0.275122,-0.256266,11.175094,-0.113004,-0.02691,0.043851
2024-01-01 00:00:02.310,-0.352776,0.117598,10.494705,-0.100841,-0.040961,0.050017
2024-01-01 00:00:02.320,-0.286578,-0.107817,10.503637,-0.03681,-0.186062,0.039824
2024-01-01 00:00:02.330,-0.001504,-0.100577,10.21318,-0.037444,-0.192409,0.048631
2024-01-01 00:00:02.340,-0.176844,-0.073593,10.083996,0.095268,-0.095107,-0.015359
2024-01-01 00:00:02.350,-0.318932,0.09812,9.742417,-0.153397,-0.116033,0.001371
2024-01-01 00:00:02.360,-0.211302,-0.068291,9.093521,0.131338,0.040617,-0.012921
2024-01-01 00:00:02.370,-0.346881,0.18138,9.299107,0.005111,-0.071373,-0.027395
2024-01-01 00:00:02.380,-0.184165,0.326587,9.273796,0.209577,-0.085096,-0.121892
2024-01-01 00:00:02.390,-0.072295,0.149487,8.746216,0.164546,-0.190012,-0.067359
2024-01-01 00:00:02.400,-0.304198,-0.112904,8.931383,0.01615,-0.10048,-0.154491
2024-01-01 00:00:02.410,-0.006376,0.018423,9.177458,0.100858,-0.208717,-0.058515
2024-01-01 00:00:02.420,0.106254,0.150671,9.370137,0.241811,-0.006961,0.053792
2024-01-01 00:00:02.430,0.056346,0.268698,9.52087,0.235097,-0.047831,-0.071865
2024-01-01 00:00:02.440,-0.09118,0.095916,9.482188,0.140762,0.060197,-0.026579
2024-01-01 00:00:02.450,0.118701,0.18479,10.100824,0.097104,0.05664,-0.010058
2024-01-01 00:00:02.460,-0.080789,0.247725,10.060723,0.170319,0.155685,0.071582
2024-01-01 00:00:02.470,-0.06059,0.027798,10.337908,0.193142,-0.003169,-0.006737
2024-01-01 00:00:02.480,0.35402,0.10375,10.581642,-0.020354,-0.037788,0.037612
2024-01-01 00:00:02.490,-0.03195,0.116339,10.891612,0.219769,0.120945,0.004345
2024-01-01 00:00:02.500,0.046883,-0.092805,10.733794,0.025058,0.048983,0.146202
2024-01-01 00:00:02.510,0.132523,-0.090841,10.583698,0.114615,0.12303,0.182631
2024-01-01 00:00:02.520,0.189685,0.111582,10.498613,0.076055,0.090224,0.037326
2024-01-01 00:00:02.530,0.349036,0.219231,10.193069,0.122118,0.169729,-0.014348
2024-01-01 00:00:02.540,0.292848,0.116362,9.864115,-0.119677,0.147747,-0.021981
2024-01-01 00:00:02.550,0.363165,-0.049399,9.875535,0.10194,0.173461,-0.05878
2024-01-01 00:00:02.560,0.290349,0.018708,9.561522,-0.041865,0.012968,-0.079852
2024-01-01 00:00:02.570,0.226054,-0.041695,9.000657,-0.025605,0.165329,-0.008103
2024-01-01 00:00:02.580,0.012286,-0.00636,9.039692,-0.044698,0.118862,-0.085058
2024-01-01 00:00:02.590,0.181245,-0.039646,8.762432,-0.179745,0.184296,-0.093814
2024-01-01 00:00:02.600,0.056418,-0.237109,8.599884,-0.114498,0.090538,-0.060522
2024-01-01 00:00:02.610,0.034541,-0.300921,8.816164,-0.148903,-0.041536,-0.072254
2024-01-01 00:00:02.620,0.060862,-0.064943,9.153081,-0.195656,0.076301,-0.106127
2024-01-01 00:00:02.630,0.317845,-0.045616,9.242685,-0.026308,0.001974,-0.016542
2024-01-01 00:00:02.640,0.15777,-0.198884,10.054252,-0.110491,0.082691,-0.049222
2024-01-01 00:00:02.650,0.130533,-0.17274,9.671527,0.011706,-0.039866,0.023278
2024-01-01 00:00:02.660,-0.15377,-0.097127,10.15148,-0.175934,-0.056417,0.060901
2024-01-01 00:00:02.670,-0.054248,-0.106875,10.386477,-0.11889,0.021564,0.110268
2024-01-01 00:00:02.680,-0.109477,-0.220096,10.051569,-0.088237,0.00521,0.1434
2024-01-01 00:00:02.690,-0.074877,-0.085577,11.075569,-0.234756,-0.071316,0.076475
2024-01-01 00:00:02.700,-0.034206,-0.13009,10.980311,-0.082202,-0.033405,0.12106
2024-01-01 00:00:02.710,-0.172318,-0.191245,10.486904,-0.134922,-0.104872,0.045577
2024-01-01 00:00:02.720,-0.158628,-0.105373,10.376585,-0.229162,-0.102452,0.096227
2024-01-01 00:00:02.730,-0.106405,-0.032249,10.359718,-0.041492,-0.090654,0.001407
2024-01-01 00:00:02.740,-0.146338,0.038436,10.07529,-0.045441,0.026149,-0.066433
2024-01-01 00:00:02.750,-0.102644,0.076728,9.958758,0.104664,-0.079468,0.033727
2024-01-01 00:00:02.760,-0.527574,-0.072371,9.837075,-0.102166,-0.119869,0.008232
2024-01-01 00:00:02.770,-0.312316,0.02867,9.426006,0.065484,-0.115009,-0.008455
2024-01-01 00:00:02.780,-0.203036,-0.017725,9.034387,-0.013933,-0.318508,-0.073572
2024-01-01 00:00:02.790,-0.291932,0.17103,8.861071,0.049488,-0.112453,0.000915
2024-01-01 00:00:02.800,-0.282747,0.144538,8.80877,0.115585,-0.091403,-0.065176
2024-01-01 00:00:02.810,-0.438693,0.121176,8.967814,0.168136,-0.009051,-0.06523
2024-01-01 00:00:02.820,-0.026455,0.012135,8.816987,0.223504,-0.178495,-0.067807
2024-01-01 00:00:02.830,-0.118443,0.277282,8.953729,0.232179,-0.028434,0.028879
2024-01-01 00:00:02.840,-0.160781,0.071393,9.26823,0.080776,-0.064179,-0.045246
2024-01-01 00:00:02.850,0.186878,0.069736,9.822277,0.170414,0.132716,-0.085486
2024-01-01 00:00:02.860,-0.044525,0.15735,9.762677,0.003121,0.112604,-0.122378
2024-01-01 00:00:02.870,0.145422,0.215979,9.696764,0.239518,0.046122,0.072157
2024-01-01 00:00:02.880,0.099307,0.170006,10.074001,0.093095,0.054529,-0.0485
2024-01-01 00:00:02.890,0.173724,0.059606,10.679132,0.102978,0.033521,0.072796
2024-01-01 00:00:02.900,-0.121387,0.053263,10.648726,0.075363,0.126313,0.106166
2024-01-01 00:00:02.910,0.127401,0.125636,10.990288,0.128621,-0.033718,0.132261
2024-01-01 00:00:02.920,0.112884,0.113107,10.28059,-0.018445,0.193867,0.073223
2024-01-01 00:00:02.930,0.263746,0.057217,10.626633,0.103597,0.039968,0.024847
2024-01-01 00:00:02.940,0.5264,-0.032832,10.251877,-0.026,0.049721,0.038171
2024-01-01 00:00:02.950,0.381259,-0.053783,10.178077,-0.036166,0.176797,0.027713
2024-01-01 00:00:02.960,0.354751,-0.104879,9.700317,-0.018098,0.113738,-0.052063
2024-01-01 00:00:02.970,0.019307,0.092248,9.788094,-0.022677,0.190853,-0.082807
2024-01-01 00:00:02.980,0.214542,-0.164097,9.204272,-0.116475,0.148568,-0.093326
2024-01-01 00:00:02.990,0.147631,-0.012715,9.368758,-0.142427,0.111855,-0.11789
2024-01-01 00:00:03.000,-0.01054,-0.127432,9.112623,-0.14229,0.075681,-0.085553
2024-01-01 00:00:03.010,0.178269,-0.272434,8.698274,-0.023491,0.211722,-0.007329
2024-01-01 00:00:03.020,0.236939,-0.011426,8.916895,-0.190886,0.096816,-0.078599
2024-01-01 00:00:03.030,0.129278,-0.223196,8.853832,-0.127663,0.071748,-0.143342
2024-01-01 00:00:03.040,0.171688,-0.09724,9.538505,-0.057093,0.014898,0.04455
2024-01-01 00:00:03.050,0.193194,-0.167629,9.401608,-0.18702,0.008035,-0.049493
2024-01-01 00:00:03.060,-0.044715,-0.085416,9.765543,-0.177399,0.10161,0.007698
2024-01-01 00:00:03.070,0.204595,-0.243375,10.380913,-0.115618,0.036951,0.067587
2024-01-01 00:00:03.080,-0.163024,-0.114528,10.090665,-0.220208,-0.056025,0.103159
2024-01-01 00:00:03.090,-0.115244,0.010433,10.138608,-0.156932,-0.005287,0.151554
2024-01-01 00:00:03.100,-0.121179,-0.181007,10.325134,-0.008945,-0.021381,0.042379
2024-01-01 00:00:03.110,-0.191463,0.095184,11.098135,-0.161907,-0.152233,0.091008
2024-01-01 00:00:03.120,-0.339341,-0.033317,10.967036,-0.103295,-0.19081,0.093821
2024-01-01 00:00:03.130,-0.048895,-0.320341,10.549548,-0.126041,-0.143196,0.101016
2024-01-01 00:00:03.140,0.034181,0.005711,10.03804,-0.064329,-0.109062,0.020179
2024-01-01 00:00:03.150,-0.136205,-0.077514,10.369345,-0.126601,-0.085884,0.000178
2024-01-01 00:00:03.160,-0.186134,0.079022,9.663767,0.103145,-0.121752,-0.037974
2024-01-01 00:00:03.170,-0.242782,0.14448,9.686106,0.094365,-0.061994,-0.002864
2024-01-01 00:00:03.180,-0.137422,0.085137,9.030147,0.018991,0.004643,-0.063538
2024-01-01 00:00:03.190,-0.111704,-0.05397,9.433025,-0.003195,-0.134954,-0.063234
2024-01-01 00:00:03.200,-0.188911,0.025562,8.972941,0.156628,-0.035939,-0.012785
2024-01-01 00:00:03.210,-0.220633,0.237535,9.190952,-0.003833,-0.066227,-0.139985
2024-01-01 00:00:03.220,-0.432219,0.058577,8.845512,0.048791,-0.025774,-0.0877
2024-01-01 00:00:03.230,-0.104405,0.155231,8.780534,0.193733,-0.059995,-0.039313
2024-01-01 00:00:03.240,0.095994,0.116152,9.301292,0.05984,0.140006,-0.054212
2024-01-01 00:00:03.250,-0.036122,-0.086208,9.508453,0.2599,0.031615,-0.004039
2024-01-01 00:00:03.260,-0.198068,0.031551,9.945856,0.061572,0.077455,-0.024339
2024-01-01 00:00:03.270,-0.080748,0.235605,9.821786,0.083957,0.024621,-0.005735
2024-01-01 00:00:03.280,-0.143771,0.131343,10.323383,0.007622,0.128344,0.119588
2024-01-01 00:00:03.290,-0.170926,0.249872,10.261696,0.048818,0.011859,0.036644
2024-01-01 00:00:03.300,0.285879,-0.063354,10.072986,0.056144,0.089843,0.109615
2024-01-01 00:00:03.310,0.150569,0.094394,10.252339,0.160065,0.170068,0.043807
2024-01-01 00:00:03.320,0.207048,0.25712,11.064069,0.102409,0.026541,0.113698
2024-01-01 00:00:03.330,-0.095091,0.2066,10.164523,0.001988,0.043542,0.077596
2024-01-01 00:00:03.340,0.249212,0.096537,10.5309,-0.021872,0.181348,0.077219
2024-01-01 00:00:03.350,0.277586,0.127043,10.232668,0.054249,0.004068,0.047496
2024-01-01 00:00:03.360,0.349435,0.229127,9.932505,-0.022669,0.07591,0.079399
2024-01-01 00:00:03.370,0.07386,-0.025032,9.745804,-0.10628,0.277603,0.04653
2024-01-01 00:00:03.380,0.041759,0.031699,9.439463,-0.01719,0.182541,0.029463
2024-01-01 00:00:03.390,0.339953,-0.153509,9.017191,-0.127671,-0.008669,-0.068102
2024-01-01 00:00:03.400,0.250969,-0.057703,9.029186,-0.006878,0.04918,-0.011326
2024-01-01 00:00:03.410,0.120538,-0.182005,8.998535,-0.018335,0.066504,-0.072174
2024-01-01 00:00:03.420,0.225946,-0.068954,8.737492,-0.144059,0.13626,-0.05887
2024-01-01 00:00:03.430,0.322034,-0.149663,8.785682,-0.069226,-0.072497,-0.067794
2024-01-01 00:00:03.440,0.121079,0.062053,9.033527,-0.148424,0.111792,-0.154599
2024-01-01 00:00:03.450,0.119005,-0.237485,9.175402,-0.268001,-0.012741,-0.020152
2024-01-01 00:00:03.460,0.138097,0.021071,9.31199,-0.290412,0.033566,-0.099853
2024-01-01 00:00:03.470,0.0841,-0.206665,9.497528,-0.069528,-0.051859,0.034751
2024-01-01 00:00:03.480,-0.052999,-0.15984,10.08801,-0.118236,-0.044663,0.111259
2024-01-01 00:00:03.490,-0.055531,-0.059929,10.276467,-0.137161,-0.030533,0.028548
2024-01-01 00:00:03.500,-0.320042,-0.336968,10.880606,-0.170857,-0.081921,0.109866
2024-01-01 00:00:03.510,-0.277648,0.053126,10.595908,-0.147323,-0.062145,0.077977
2024-01-01 00:00:03.520,0.169071,-0.317986,10.545921,-0.254055,-0.007968,-0.019491
2024-01-01 00:00:03.530,-0.236326,-0.005089,10.670929,-0.155616,0.028778,0.118966
2024-01-01 00:00:03.540,-0.384503,-0.055611,10.839868,-0.060173,-0.113248,0.05539
2024-01-01 00:00:03.550,-0.028361,-0.010686,10.097805,-0.009698,-0.088181,0.046033
2024-01-01 00:00:03.560,0.018359,0.056787,10.314561,0.039937,-0.195709,0.108416
2024-01-01 00:00:03.570,-0.357541,0.013903,9.970226,-0.069796,-0.243175,-0.00475
2024-01-01 00:00:03.580,-0.193714,0.098672,9.714322,0.042129,-0.004384,-0.001576
2024-01-01 00:00:03.590,-0.217236,0.122204,9.159314,0.112669,0.011543,0.062195
2024-01-01 00:00:03.600,-0.216378,0.188662,8.950639,0.182423,-0.206311,-0.156952
2024-01-01 00:00:03.610,-0.264715,0.154619,8.6763,0.21428,-0.244025,-0.030664
2024-01-01 00:00:03.620,-0.243838,0.229823,8.97955,0.137718,-0.139852,-0.118705
2024-01-01 00:00:03.630,-0.180394,0.059908,8.729357,-0.013037,-0.008517,0.004873
2024-01-01 00:00:03.640,-0.028941,0.059321,8.955046,0.066509,-0.106805,-0.087742
2024-01-01 00:00:03.650,-0.090039,0.045843,9.032541,0.078191,0.026961,-0.019061
2024-01-01 00:00:03.660,-0.009696,0.055703,9.478363,0.479751,-0.019676,0.035799
2024-01-01 00:00:03.670,0.011737,0.065334,9.798535,0.210215,-0.002437,-0.017152
2024-01-01 00:00:03.680,0.000343,0.12061,10.179472,0.195362,-0.023977,0.047505
2024-01-01 00:00:03.690,-0.024251,-0.101008,10.429766,0.083911,-0.00094,0.084463
2024-01-01 00:00:03.700,-0.020023,0.007198,10.711592,0.181134,-0.048949,0.080084
2024-01-01 00:00:03.710,0.065018,0.130063,10.547871,0.300531,0.049036,0.129421
2024-01-01 00:00:03.720,0.132257,0.180699,10.951226,0.233816,0.19584,0.089857
2024-01-01 00:00:03.730,-0.016641,0.006674,10.624872,-0.056904,0.028736,0.020504
2024-01-01 00:00:03.740,0.078501,0.00316,10.771722,0.09813,0.247944,0.002802
2024-01-01 00:00:03.750,0.303955,0.032088,10.721871,0.034488,0.019549,-0.018806
2024-01-01 00:00:03.760,0.097174,0.042688,10.445403,0.124797,0.077903,-0.043355
2024-01-01 00:00:03.770,0.214246,0.026372,9.855339,0.07016,0.214545,0.051782
2024-01-01 00:00:03.780,0.028006,-0.019607,9.424204,-0.262628,-0.020874,0.046541
2024-01-01 00:00:03.790,0.345405,0.063435,9.366267,-0.113275,0.162437,-0.007361
2024-01-01 00:00:03.800,0.346701,-0.130043,9.464014,-0.170713,0.07823,-0.055372
2024-01-01 00:00:03.810,0.201316,-0.059982,8.841575,0.048674,-0.074871,-0.069305
2024-01-01 00:00:03.820,0.167521,-0.003641,8.833082,-0.048766,0.127295,0.003611
2024-01-01 00:00:03.830,0.186645,0.051055,8.96893,-0.220289,0.064661,-0.088907
2024-01-01 00:00:03.840,0.089659,0.081429,9.142047,-0.218229,0.004916,-0.133841
2024-01-01 00:00:03.850,-0.006595,-0.109938,9.053606,-0.127909,0.097632,-0.060605
2024-01-01 00:00:03.860,0.153189,-0.258198,9.509387,-0.172441,0.051413,-0.014076
2024-01-01 00:00:03.870,-0.067964,0.149386,9.588366,-0.148339,-0.013321,0.017322
2024-01-01 00:00:03.880,0.038573,-0.449234,10.18109,-0.160424,0.016498,-0.021953
2024-01-01 00:00:03.890,0.110787,-0.06758,10.457778,-0.129742,-0.00935,0.038021
2024-01-01 00:00:03.900,-0.214865,-0.092882,10.554091,-0.155615,-0.005339,0.019617
2024-01-01 00:00:03.910,-0.116731,-0.022677,10.552297,-0.274239,-0.094458,0.074282
2024-01-01 00:00:03.920,-0.123134,-0.107398,10.699758,-0.159404,-0.12348,0.147957
2024-01-01 00:00:03.930,-0.406035,-0.04867,10.975085,-0.18063,-0.136283,0.196561
2024-01-01 00:00:03.940,-0.225662,-0.005484,10.610405,-0.094764,-0.120597,0.04462
2024-01-01 00:00:03.950,-0.17274,-0.037686,10.667512,-0.045839,-0.160627,0.046777
2024-01-01 00:00:03.960,-0.347128,-0.004779,10.153908,-0.212405,-0.177738,0.041531
2024-01-01 00:00:03.970,-0.078262,-0.033163,9.790622,-0.119684,-0.144415,-0.0185
2024-01-01 00:00:03.980,0.000353,0.072028,9.52643,-0.063069,-0.161905,-0.062813
2024-01-01 00:00:03.990,-0.019126,0.117278,9.656243,0.067398,-0.179305,0.008165
2024-01-01 00:00:04.000,0.061312,0.080916,9.050761,0.051728,-0.058807,-0.000128
2024-01-01 00:00:04.010,-0.211609,-0.092937,9.052378,-0.009544,-0.198947,-0.063944
2024-01-01 00:00:04.020,-0.017143,0.006305,8.799565,0.031647,-0.139816,-0.119173
2024-01-01 00:00:04.030,-0.098944,0.137111,8.930458,0.102397,-0.04174,-0.14222
2024-01-01 00:00:04.040,-0.264318,0.040189,9.093847,0.119182,-0.174832,-0.055291
2024-01-01 00:00:04.050,-0.203354,0.380715,8.933151,0.101478,-0.053155,-0.08676
2024-01-01 00:00:04.060,-0.109547,0.160605,9.247229,0.048058,-0.07138,-0.095359
2024-01-01 00:00:04.070,-0.245041,0.265599,9.39555,0.103754,-0.071229,-0.040523
2024-01-01 00:00:04.080,-0.003561,0.217797,9.877225,0.125997,-0.122894,-0.055918
2024-01-01 00:00:04.090,0.033625,0.174209,9.979977,0.105254,-0.136241,0.091928
2024-01-01 00:00:04.100,0.406417,0.105598,10.058212,0.319349,-0.046009,0.145441
2024-01-01 00:00:04.110,0.124986,0.136297,10.870986,0.178398,0.070054,0.080686
2024-01-01 00:00:04.120,0.281255,0.119128,10.801894,0.131084,-0.071948,0.125123
2024-01-01 00:00:04.130,0.205694,0.091774,10.829586,0.084225,-0.040222,0.099116
2024-01-01 00:00:04.140,0.076714,0.274606,10.584004,0.286839,-0.022116,0.068773
2024-01-01 00:00:04.150,0.059462,-0.104114,10.561743,0.091535,0.248017,0.050365
2024-01-01 00:00:04.160,0.119574,-0.196619,10.383957,0.150211,0.113561,0.008979
2024-01-01 00:00:04.170,0.156241,-0.094693,9.952116,0.022617,0.099877,0.109587
2024-01-01 00:00:04.180,0.339833,-0.152229,10.020552,0.043781,0.011859,-0.068973
2024-01-01 00:00:04.190,0.348702,0.057561,9.62517,0.153701,0.120013,-0.042275
2024-01-01 00:00:04.200,0.145546,-0.169506,9.524008,-0.032755,0.146973,-0.035326
2024-01-01 00:00:04.210,0.152341,-0.04971,9.210659,-0.011957,0.163856,-0.076676
2024-01-01 00:00:04.220,0.071356,-0.007506,8.988807,-0.103279,0.071669,-0.037829
2024-01-01 00:00:04.230,0.125669,-0.036849,8.543354,-0.085704,0.170105,-0.050983
2024-01-01 00:00:04.240,0.159281,0.002669,8.56624,-0.020729,0.04425,-0.028991
2024-01-01 00:00:04.250,0.034331,-0.128712,8.832529,-0.100563,0.091511,-0.00208
2024-01-01 00:00:04.260,0.090108,-0.10949,9.545723,-0.078465,0.062994,-0.052871
2024-01-01 00:00:04.270,-0.033001,-0.078806,9.332825,-0.199094,-0.052779,-0.060469
2024-01-01 00:00:04.280,0.175352,-0.247912,9.671263,-0.175241,0.050837,0.055821
2024-01-01 00:00:04.290,0.009994,-0.19147,10.350032,-0.279396,0.072856,0.058815
2024-01-01 00:00:04.300,-0.116531,-0.254345,10.196712,-0.196251,-0.037511,0.048333
2024-01-01 00:00:04.310,0.093673,-0.239059,10.505311,-0.161004,0.047288,0.053648
2024-01-01 00:00:04.320,-0.31487,-0.121204,10.73068,-0.119279,0.035802,0.022022
2024-01-01 00:00:04.330,-0.145157,0.034454,10.71522,-0.209852,-0.122481,0.140553
2024-01-01 00:00:04.340,0.034836,0.048731,10.89073,-0.269868,-0.104023,0.118234
2024-01-01 00:00:04.350,-0.020454,-0.163303,10.545536,-0.167473,-0.120921,0.057152
2024-01-01 00:00:04.360,-0.08713,0.075725,11.026085,-0.119083,-0.187509,-0.002053
2024-01-01 00:00:04.370,-0.198144,-0.242402,10.136806,0.039969,-0.151266,0.007537
2024-01-01 00:00:04.380,-0.074596,-0.0099,9.894469,-0.116131,-0.238555,-0.01478
2024-01-01 00:00:04.390,-0.110637,0.11283,9.82386,0.093504,-0.041972,-0.125846
2024-01-01 00:00:04.400,-0.063615,-0.087594,9.563994,0.141906,-0.169314,0.003165
2024-01-01 00:00:04.410,-0.30988,0.167428,8.985027,0.033321,-0.089358,-0.052139
2024-01-01 00:00:04.420,-0.037797,0.133826,9.086215,-0.017159,-0.1428,-0.204884
2024-01-01 00:00:04.430,-0.266572,0.015436,8.813433,-0.030006,-0.075053,-0.155155
2024-01-01 00:00:04.440,-0.290331,0.016786,8.900355,0.190475,-0.067344,-0.166906
2024-01-01 00:00:04.450,-0.112299,0.257561,8.896207,0.192698,-0.031402,-0.054701
2024-01-01 00:00:04.460,-0.093077,0.173363,8.94491,0.175936,0.064407,-0.018694
2024-01-01 00:00:04.470,0.09949,0.290395,9.363973,0.036348,-0.0169,-0.077383
2024-01-01 00:00:04.480,-0.051202,0.216668,9.520789,0.133102,-0.050532,0.04505
2024-01-01 00:00:04.490,0.044237,0.32516,9.747425,0.16331,-0.026728,-0.035284
2024-01-01 00:00:04.500,-0.086484,0.061932,9.917925,0.085822,-0.064739,0.118111
2024-01-01 00:00:04.510,-0.083606,0.145754,10.527553,0.190046,0.126641,0.040389
2024-01-01 00:00:04.520,0.049798,0.050451,10.624112,0.154554,-0.052603,-0.015768
2024-01-01 00:00:04.530,0.190503,0.201669,10.529937,0.163992,0.090424,0.051324
2024-01-01 00:00:04.540,0.457292,0.275379,10.825853,0.119453,0.279846,0.147446
2024-01-01 00:00:04.550,0.034949,0.018666,10.569685,0.058037,0.096018,0.048583
2024-01-01 00:00:04.560,0.397788,0.041805,10.806665,0.051208,0.083272,0.108823
2024-01-01 00:00:04.570,0.155814,0.079432,10.525619,0.096039,0.020603,0.03326
2024-01-01 00:00:04.580,0.369239,-0.142238,10.006016,0.188441,0.064854,-0.0675
2024-01-01 00:00:04.590,0.02157,0.035395,9.810508,-0.02053,0.000776,0.061765
2024-01-01 00:00:04.600,0.229532,-0.032271,9.633303,-0.023437,0.141677,-0.035975
2024-01-01 00:00:04.610,0.210156,0.055388,9.113538,-0.030408,0.1297,-0.092809
2024-01-01 00:00:04.620,0.125153,0.011038,9.042616,-0.018572,0.121679,-0.109158
2024-01-01 00:00:04.630,0.13065,-0.200507,8.989308,0.047438,0.119343,0.001329
2024-01-01 00:00:04.640,0.144129,0.054502,9.01939,-0.005892,0.018671,-0.079707
2024-01-01 00:00:04.650,0.136926,-0.03243,9.178291,0.00087,0.072135,-0.139421
2024-01-01 00:00:04.660,-0.133589,-0.025483,9.155425,-0.042535,0.168278,-0.068807
2024-01-01 00:00:04.670,-0.084624,0.128653,9.308581,-0.190446,-0.015829,-0.089327
2024-01-01 00:00:04.680,-0.069188,-0.105901,9.846975,-0.071607,0.064458,-0.145831
2024-01-01 00:00:04.690,-0.326954,-0.080292,9.527761,-0.173101,-0.054085,0.032557
2024-01-01 00:00:04.700,-0.189936,-0.051545,9.464987,-0.234339,-0.039926,0.009907
2024-01-01 00:00:04.710,0.035699,-0.140654,10.253691,-0.308391,-0.092477,-0.00216
2024-01-01 00:00:04.720,-0.045671,-0.21127,10.571763,-0.298214,-0.114775,0.068784
2024-01-01 00:00:04.730,-0.221942,-0.103591,10.389683,-0.24386,-0.121337,0.020754
2024-01-01 00:00:04.740,-0.021069,-0.148201,10.788356,-0.187804,-0.069107,0.10068
2024-01-01 00:00:04.750,-0.1562,-0.106338,10.586136,-0.104318,-0.226744,0.076682
2024-01-01 00:00:04.760,-0.286141,0.006279,10.715236,0.019829,-0.113749,0.097122
2024-01-01 00:00:04.770,-0.110986,-0.029006,10.208767,0.021765,-0.135525,0.02161
2024-01-01 00:00:04.780,-0.034429,-0.060582,10.170117,-0.058697,-0.017241,0.009603
2024-01-01 00:00:04.790,-0.242368,-0.037044,9.932995,0.036467,0.007072,-0.027968
2024-01-01 00:00:04.800,-0.110616,0.12732,9.867851,0.024334,-0.174143,-0.030744
2024-01-01 00:00:04.810,-0.159058,0.020648,9.513091,0.07742,-0.0476,-0.032641
2024-01-01 00:00:04.820,-0.145473,-0.018314,8.939047,0.050652,-0.210709,0.01173
2024-01-01 00:00:04.830,-0.321873,-0.04695,8.63965,0.259259,-0.190233,-0.115448
2024-01-01 00:00:04.840,-0.317521,0.072245,8.729925,0.122276,-0.05071,-0.085029
2024-01-01 00:00:04.850,-0.265694,0.130403,8.620116,0.210782,-0.134505,-0.071358
2024-01-01 00:00:04.860,-0.068539,0.216595,9.079694,0.163011,0.047597,-0.087572
2024-01-01 00:00:04.870,-0.087101,0.285933,9.021104,0.24634,-0.006669,-0.088253
2024-01-01 00:00:04.880,-0.072396,0.081048,9.374612,0.203918,-0.063175,-0.010578
2024-01-01 00:00:04.890,0.135949,0.252248,9.733089,0.163545,0.01569,-0.026317
2024-01-01 00:00:04.900,0.195709,0.347748,9.616625,0.236274,0.059665,-0.038363
2024-01-01 00:00:04.910,-0.185543,0.189369,9.975937,0.185065,0.258201,-0.005424
2024-01-01 00:00:04.920,-0.186684,0.0604,10.444277,0.143018,-0.034493,0.031256
2024-01-01 00:00:04.930,0.043111,0.105377,10.399677,0.196528,0.096422,0.063895
2024-01-01 00:00:04.940,0.177429,0.198628,10.678409,0.136472,0.019268,0.088221
2024-01-01 00:00:04.950,0.216819,-0.062211,10.83935,0.175686,0.090271,0.071919
2024-01-01 00:00:04.960,0.13367,0.14761,10.921931,0.214589,0.028356,0.12341
2024-01-01 00:00:04.970,-0.07506,0.069892,10.440954,0.03397,0.206451,0.034731
2024-01-01 00:00:04.980,0.419139,-0.042121,10.389084,-0.09049,0.048961,0.053936
2024-01-01 00:00:04.990,0.114612,0.163209,10.421809,0.039335,0.128881,-0.010569
2024-01-01 00:00:05.000,0.242912,-0.076546,9.621853,-0.069296,0.018145,0.010557
2024-01-01 00:00:05.010,0.199289,0.176816,9.383212,0.07481,0.079758,-0.067615
2024-01-01 00:00:05.020,0.149114,-0.037977,9.22966,-0.005431,0.05165,0.024618
2024-01-01 00:00:05.030,0.311047,-0.040944,9.00889,-0.139388,0.09258,-0.064097
2024-01-01 00:00:05.040,0.312631,-0.239452,8.937042,-0.182345,0.055927,-0.129174
2024-01-01 00:00:05.050,-0.024882,-0.231275,8.766299,-0.088482,0.143614,-0.04978
2024-01-01 00:00:05.060,-0.19395,-0.321837,9.176193,-0.185688,0.031978,-0.016222
2024-01-01 00:00:05.070,0.010615,-0.174907,9.022757,-0.130271,0.003014,-0.030734
2024-01-01 00:00:05.080,0.102916,-0.008924,9.119798,-0.245311,0.056714,0.039977
2024-01-01 00:00:05.090,0.06514,-0.211498,9.533181,0.012435,-0.077037,-0.08729
2024-01-01 00:00:05.100,0.0441,-0.121902,9.832862,-0.111494,0.072719,-0.024195
2024-01-01 00:00:05.110,0.106485,-0.070392,9.878793,-0.093748,-0.050545,-0.042829
2024-01-01 00:00:05.120,0.063449,-0.237448,10.405864,-0.0168,-0.089588,0.054753
2024-01-01 00:00:05.130,-0.141288,-0.070338,10.342463,-0.168555,0.088824,-0.007164
2024-01-01 00:00:05.140,-0.281871,-0.094277,10.600288,0.067967,0.011772,0.066384
2024-01-01 00:00:05.150,-0.230624,-0.027913,10.478729,-0.042187,-0.119628,0.034494
2024-01-01 00:00:05.160,-0.015559,-0.136297,10.553243,-0.115054,-0.198747,0.098559
2024-01-01 00:00:05.170,-0.261501,-0.026416,10.517428,-0.120043,-0.124264,0.093094
2024-01-01 00:00:05.180,-0.051142,0.027239,10.04148,0.025038,-0.078418,0.021363
2024-01-01 00:00:05.190,-0.114926,-0.06051,10.256633,-0.029808,-0.145929,0.012563
2024-01-01 00:00:05.200,0.061268,-0.006807,10.005216,0.020199,-0.183521,0.044265
2024-01-01 00:00:05.210,-0.199916,0.102115,9.903175,-0.086416,-0.204581,-0.013284
2024-01-01 00:00:05.220,-0.473123,0.087226,9.446137,0.159391,-0.069261,-0.05788
2024-01-01 00:00:05.230,0.060335,-0.032018,9.175302,-0.040737,-0.163195,-0.05653
2024-01-01 00:00:05.240,-0.163272,0.053273,8.613258,-0.033064,0.029837,0.010482
2024-01-01 00:00:05.250,-0.163505,0.098707,8.948858,0.090475,-0.165167,-0.058689
2024-01-01 00:00:05.260,0.046476,0.015654,8.727789,0.102559,-0.119851,-0.051828
2024-01-01 00:00:05.270,-0.142851,0.036529,8.801695,0.170931,-0.037701,-0.077784
2024-01-01 00:00:05.280,-0.202012,0.100006,9.000744,0.174139,-0.065474,-0.104552
2024-01-01 00:00:05.290,-0.086227,0.019475,9.682526,0.267922,0.012706,-0.105233
2024-01-01 00:00:05.300,0.05633,0.210124,9.692455,0.175483,-0.039028,-0.007315
2024-01-01 00:00:05.310,-0.029817,0.181036,10.090279,0.188842,-0.062761,0.048113
2024-01-01 00:00:05.320,0.266873,0.275372,10.303993,0.061405,0.007596,0.122497
2024-01-01 00:00:05.330,-0.039926,0.222769,10.601239,0.124159,-0.087617,0.005949
2024-01-01 00:00:05.340,0.01032,0.114288,10.727021,0.141426,0.1132,0.111383
2024-01-01 00:00:05.350,-0.036651,0.047675,10.832148,-0.004181,-0.001238,0.061987
2024-01-01 00:00:05.360,0.381587,0.004635,10.908212,0.075602,0.084421,-0.004916
2024-01-01 00:00:05.370,0.377925,-0.043121,10.935618,-0.088697,0.090138,0.088087
2024-01-01 00:00:05.380,0.147381,0.071963,10.546477,-0.018646,0.018779,0.083683
2024-01-01 00:00:05.390,0.086789,-0.002405,10.36669,-0.140341,0.121797,0.001393
2024-01-01 00:00:05.400,-0.016088,0.278801,9.977974,0.071018,0.041511,0.021686
2024-01-01 00:00:05.410,0.374218,0.084606,9.816863,0.144952,-0.030551,0.090152
2024-01-01 00:00:05.420,0.270969,-0.029728,9.503956,0.041767,0.123329,-0.022169
2024-01-01 00:00:05.430,0.264446,0.005798,8.873949,-0.070973,0.098899,0.022671
2024-01-01 00:00:05.440,0.128213,-0.288254,8.99286,-0.116428,0.184095,-0.10722
2024-01-01 00:00:05.450,0.302287,-0.024363,8.745726,-0.1169,0.04851,-0.11717
2024-01-01 00:00:05.460,0.138521,0.028078,8.554933,-0.098973,0.104164,-0.175217
2024-01-01 00:00:05.470,-0.032934,-0.050481,8.905337,-0.029802,0.131958,-0.131116
2024-01-01 00:00:05.480,-0.025503,-0.149536,9.042748,-0.098792,0.108742,-0.038306
2024-01-01 00:00:05.490,0.087442,-0.163303,9.717151,-0.21304,0.037961,-0.076206
2024-01-01 00:00:05.500,-0.140124,-0.064017,9.445704,-0.159693,-0.008238,-0.028366
2024-01-01 00:00:05.510,0.058403,-0.14015,9.799191,-0.119491,0.057086,-0.073317
2024-01-01 00:00:05.520,-0.150679,-0.329162,10.10643,-0.236746,-0.010337,0.018549
2024-01-01 00:00:05.530,-0.123528,0.022911,10.298288,-0.123188,-0.04914,0.041222
2024-01-01 00:00:05.540,-0.158904,-0.075985,10.580744,-0.064332,0.004963,0.058567
2024-01-01 00:00:05.550,-0.159872,-0.143637,10.4604,-0.179757,-0.107995,0.011544
2024-01-01 00:00:05.560,-0.080188,-0.004469,10.985958,-0.270422,-0.158044,0.07705
2024-01-01 00:00:05.570,-0.323621,-0.052131,10.810676,-0.12518,-0.051518,0.124401
2024-01-01 00:00:05.580,-0.260349,0.168039,10.727844,-0.135193,-0.045123,0.09321
2024-01-01 00:00:05.590,-0.358744,0.019487,10.214948,-0.010513,-0.145377,0.088479
2024-01-01 00:00:05.600,-0.261029,-0.229541,10.150979,0.04663,0.007033,0.018303
2024-01-01 00:00:05.610,-0.322966,-0.133768,9.636658,0.015355,-0.18678,0.001593
2024-01-01 00:00:05.620,-0.18221,0.073808,9.523018,0.023249,-0.179622,-0.012183
2024-01-01 00:00:05.630,-0.137759,-0.002681,9.282908,-0.074466,-0.071233,-0.067703
2024-01-01 00:00:05.640,0.052752,-0.050209,8.825205,-0.017375,-0.116869,-0.052751
2024-01-01 00:00:05.650,-0.222983,0.17584,8.505909,0.127167,-0.159273,-0.003954
2024-01-01 00:00:05.660,0.016175,0.145991,8.840157,0.027341,-0.070763,-0.235598
2024-01-01 00:00:05.670,-0.188788,-0.040248,9.063434,0.139641,-0.19341,-0.082021
2024-01-01 00:00:05.680,-0.178686,0.10396,8.99237,0.237417,-0.0649,-0.102169
2024-01-01 00:00:05.690,0.007225,0.194871,9.467452,0.075829,-0.067056,-0.026532
2024-01-01 00:00:05.700,0.083918,0.114251,9.820733,0.166891,0.004885,0.038923
2024-01-01 00:00:05.710,0.123682,0.124002,9.672788,0.11976,0.039539,0.049476
2024-01-01 00:00:05.720,0.084773,0.328147,9.75631,0.307169,0.104881,0.074582
2024-01-01 00:00:05.730,0.070954,0.097734,10.398721,0.281507,0.055436,0.11214
2024-01-01 00:00:05.740,0.294936,0.160578,10.385441,0.08322,0.060161,0.032247
2024-01-01 00:00:05.750,0.050328,0.024411,10.450842,0.007525,0.145557,0.079838
2024-01-01 00:00:05.760,0.029851,0.211184,10.795788,0.282925,0.018608,-0.012667
2024-01-01 00:00:05.770,0.07722,0.079211,10.992072,0.029496,-0.009953,0.020507
2024-01-01 00:00:05.780,0.015611,-0.044605,10.570581,-0.005483,0.052766,0.022849
2024-01-01 00:00:05.790,0.103359,0.259179,10.288273,0.10275,0.021441,0.071316
2024-01-01 00:00:05.800,0.386082,0.140734,10.134613,0.185776,0.026644,0.039285
2024-01-01 00:00:05.810,0.002986,-0.017797,10.015952,-0.125805,0.072595,-0.098895
2024-01-01 00:00:05.820,0.4097,-0.09695,9.879688,-0.006421,0.171781,-0.019213
2024-01-01 00:00:05.830,0.006311,-0.269313,9.452714,-0.035291,0.15727,0.015598
2024-01-01 00:00:05.840,0.312869,-0.00714,8.975928,-0.112928,0.080268,-0.140787
2024-01-01 00:00:05.850,-0.160196,-0.119384,9.047865,-0.059897,0.165698,0.006484
2024-01-01 00:00:05.860,0.362484,-0.20031,9.23268,-0.059637,0.059153,-0.122123
2024-01-01 00:00:05.870,0.046795,-0.181696,9.221948,-0.157903,0.025365,-0.039969
2024-01-01 00:00:05.880,0.129223,-0.226798,8.872546,-0.111424,0.116207,-0.1503
2024-01-01 00:00:05.890,0.068648,-0.095863,9.258352,-0.070942,-0.021167,-0.148806
2024-01-01 00:00:05.900,0.007877,-0.182934,9.310938,-0.284313,0.057844,-0.074981
2024-01-01 00:00:05.910,0.205391,-0.281409,9.480735,-0.080738,0.059082,-0.042199
2024-01-01 00:00:05.920,0.117412,-0.003456,9.71555,-0.166594,0.078987,0.049616
2024-01-01 00:00:05.930,-0.048906,-0.162477,10.487335,-0.17359,-0.027425,0.000596
2024-01-01 00:00:05.940,-0.014523,-0.079873,10.279647,-0.136738,-0.02489,0.101914
2024-01-01 00:00:05.950,0.015119,-0.174204,10.577639,-0.113415,-0.089846,-0.001401
2024-01-01 00:00:05.960,-0.161201,-0.252544,11.0008,-0.071638,-0.036322,0.06712
2024-01-01 00:00:05.970,-0.043562,-0.097436,10.532909,-0.131021,-0.112167,0.101279
2024-01-01 00:00:05.980,-0.038429,-0.132021,10.748597,-0.205339,-0.080071,-0.007266
2024-01-01 00:00:05.990,-0.25318,0.168695,10.325824,0.043121,-0.146699,0.100038
2024-01-01 00:00:06.000,-0.331351,0.128482,10.610514,-0.140229,-0.16195,-0.026303
2024-01-01 00:00:06.010,-0.157616,0.257018,10.133021,-0.051197,-0.155254,0.029346
2024-01-01 00:00:06.020,-0.307587,0.00816,9.727938,-0.092237,-0.143286,-0.004392
2024-01-01 00:00:06.030,-0.144885,-0.074921,9.550438,0.069026,-0.177246,0.006444
2024-01-01 00:00:06.040,-0.222692,-0.042436,8.993789,-0.022278,-0.078082,-0.058867
2024-01-01 00:00:06.050,-0.055043,-0.044896,8.901655,0.173447,-0.129067,-0.105093
2024-01-01 00:00:06.060,-0.050321,0.001746,8.885026,0.064032,-0.001926,-0.041357
2024-01-01 00:00:06.070,0.114131,0.023357,9.056113,0.095509,-0.218511,-0.065702
2024-01-01 00:00:06.080,0.035024,0.193545,8.951907,0.075832,-0.108174,-0.127561
2024-01-01 00:00:06.090,-0.02583,0.302006,9.140228,0.060284,-0.1018,-0.031741
2024-01-01 00:00:06.100,-0.135327,0.068195,9.152418,0.262538,0.040718,-0.017856
2024-01-01 00:00:06.110,-0.154288,0.17193,9.495252,0.163009,0.004654,-0.091879
2024-01-01 00:00:06.120,0.062866,0.005373,9.608655,0.107023,-0.116789,-0.001584
2024-01-01 00:00:06.130,0.18895,0.036792,10.220496,0.164156,0.012077,0.004199
2024-01-01 00:00:06.140,0.166959,0.292245,10.444449,-0.013457,0.0699,0.077895
2024-01-01 00:00:06.150,0.072417,0.143071,10.713851,0.221222,0.060162,-0.060734
2024-01-01 00:00:06.160,0.047591,0.245046,10.997966,0.045689,0.106374,0.115628
2024-01-01 00:00:06.170,0.278416,-0.058087,10.642343,0.041766,0.014729,0.040492
2024-01-01 00:00:06.180,0.190123,0.083754,10.473436,0.124549,0.061758,0.082234
2024-01-01 00:00:06.190,-0.039003,-0.016562,10.69605,0.051309,0.018012,-0.009042
2024-01-01 00:00:06.200,0.374499,-0.109324,10.397627,0.130417,0.066932,0.100378
2024-01-01 00:00:06.210,-0.070789,-0.038587,10.024033,0.025097,0.152907,0.073214
2024-01-01 00:00:06.220,0.10629,-0.055056,9.834219,0.068138,0.08347,0.098648
2024-01-01 00:00:06.230,0.149808,0.005798,9.476513,0.077434,0.051854,-0.082867
2024-01-01 00:00:06.240,0.265886,0.203546,9.469222,-0.087576,0.176367,-0.009367
2024-01-01 00:00:06.250,0.117298,0.19772,8.815765,-0.029784,0.085396,-0.1174
2024-01-01 00:00:06.260,0.084283,-0.077771,8.887535,-0.062897,0.130896,-0.014137
2024-01-01 00:00:06.270,0.144976,-0.125058,8.941066,-0.133761,0.083082,-0.158069
2024-01-01 00:00:06.280,0.264543,-0.254578,8.962881,-0.121527,0.084187,-0.077686
2024-01-01 00:00:06.290,0.061098,-0.099407,9.130519,-0.057425,-0.019068,-0.016129
2024-01-01 00:00:06.300,0.328018,-0.120736,9.095677,-0.24405,0.021365,-0.157245
2024-01-01 00:00:06.310,0.076738,-0.163423,9.198089,-0.131599,0.018519,-0.039629
2024-01-01 00:00:06.320,-0.04615,-0.099122,9.64617,-0.182457,-0.032368,-0.00928
2024-01-01 00:00:06.330,-0.068466,-0.168326,9.955748,-0.179878,0.006404,-0.011835
2024-01-01 00:00:06.340,-0.127552,-0.136844,10.290069,-0.168382,-0.033801,0.053558
2024-01-01 00:00:06.350,0.003459,-0.348186,10.252465,-0.148976,-0.080546,0.094938
2024-01-01 00:00:06.360,-0.138892,-0.158933,10.681141,-0.1462,-0.104896,0.118886
2024-01-01 00:00:06.370,-0.148648,-0.181677,10.625718,-0.07601,0.02234,0.129068
2024-01-01 00:00:06.380,-0.227165,0.07867,10.86014,-0.231001,-0.211476,0.07331
2024-01-01 00:00:06.390,0.049488,-0.027587,10.400908,-0.002283,-0.278256,0.000972
2024-01-01 00:00:06.400,-0.413051,-0.063768,10.365882,-0.094149,-0.117356,0.123369
2024-01-01 00:00:06.410,-0.2342,-0.011393,10.206884,-0.119936,-0.084022,0.044355
2024-01-01 00:00:06.420,-0.152254,0.153833,10.373714,0.0778,-0.139095,0.072451
2024-01-01 00:00:06.430,-0.161082,0.083193,9.770967,0.045218,-0.122286,0.016241
2024-01-01 00:00:06.440,-0.190679,0.10647,9.453881,-0.011713,0.039899,0.033095
2024-01-01 00:00:06.450,-0.095985,0.034304,8.945085,0.054081,-0.036359,-0.081473
2024-01-01 00:00:06.460,-0.14339,-0.031605,9.149248,0.169699,-0.104435,0.059593
2024-01-01 00:00:06.470,-0.180634,0.332225,8.806232,0.16348,-0.065463,-0.088989
2024-01-01 00:00:06.480,-0.260495,0.194916,9.030565,0.017539,-0.108988,-0.087518
2024-01-01 00:00:06.490,-0.070898,0.153323,8.881509,0.128463,-0.122824,0.020383
2024-01-01 00:00:06.500,-0.216201,0.223542,9.204012,0.136214,-0.178524,0.018501
2024-01-01 00:00:06.510,-0.299444,0.106043,9.22752,0.117538,-0.085659,0.038621
2024-01-01 00:00:06.520,0.090205,-0.054416,9.58503,0.224175,-0.100641,-0.077832
2024-01-01 00:00:06.530,-0.027043,0.18173,9.867248,0.147957,0.016952,0.026365
2024-01-01 00:00:06.540,-0.023317,0.176543,9.729017,0.200254,0.027683,0.07189
2024-01-01 00:00:06.550,0.041569,0.163234,10.390506,0.013837,0.108963,0.033137
2024-01-01 00:00:06.560,0.076791,0.241515,10.33011,0.153075,0.064469,0.089302
2024-01-01 00:00:06.570,0.080888,0.060275,10.797724,0.135559,-0.028381,0.034999
2024-01-01 00:00:06.580,0.120401,0.288878,10.793434,0.003076,-0.034284,0.082094
2024-01-01 00:00:06.590,0.191621,0.178102,10.213321,0.046091,0.094115,0.041939
2024-01-01 00:00:06.600,0.162653,0.176406,10.801354,0.120572,0.051304,0.080471
2024-01-01 00:00:06.610,0.254235,0.2225,10.649064,0.035704,0.09841,0.003904
2024-01-01 00:00:06.620,0.497826,0.08434,10.187094,-0.02856,0.141076,0.012742
2024-01-01 00:00:06.630,0.319882,-0.137463,9.578767,0.008243,0.113329,0.010488
2024-01-01 00:00:06.640,0.255965,0.10929,9.634621,-0.065892,0.087306,-0.091177
2024-01-01 00:00:06.650,0.204373,-0.10848,9.188866,-0.151602,0.233068,-0.071731
2024-01-01 00:00:06.660,0.22604,-0.093346,8.911641,-0.115726,-0.027843,-0.107477
2024-01-01 00:00:06.670,0.261174,-0.003772,9.01894,-0.068367,0.078705,0.01009
2024-01-01 00:00:06.680,0.199914,-0.100611,9.409843,-0.076483,0.158288,-0.075768
2024-01-01 00:00:06.690,0.265007,-0.086928,8.532405,0.017542,-0.002476,-0.102855
2024-01-01 00:00:06.700,0.227571,-0.075428,8.68356,-0.255497,0.097483,-0.066837
2024-01-01 00:00:06.710,0.045071,-0.263262,9.054849,-0.123883,0.081412,-0.06673
2024-01-01 00:00:06.720,-0.01766,-0.171886,9.173375,-0.1959,-0.031762,-0.048557
2024-01-01 00:00:06.730,0.068024,-0.158177,9.936433,-0.289825,0.049499,-0.089915
2024-01-01 00:00:06.740,0.179425,0.012744,9.678384,-0.071559,-0.129934,0.039477
2024-01-01 00:00:06.750,-0.182514,-0.204917,10.199015,-0.285002,0.099854,-0.103485
2024-01-01 00:00:06.760,-0.027269,-0.002471,10.594576,-0.066384,0.034441,0.121047
2024-01-01 00:00:06.770,-0.115131,-0.039412,10.721717,-0.047163,-0.091709,0.122007
2024-01-01 00:00:06.780,-0.151129,-0.129698,10.571843,-0.043657,-0.101706,0.125649
2024-01-01 00:00:06.790,-0.181075,-0.144345,10.888541,-0.11507,-0.053151,0.127902
2024-01-01 00:00:06.800,0.016178,-0.11663,10.222771,0.133384,-0.044269,-0.000382
2024-01-01 00:00:06.810,-0.055905,-0.132344,10.801731,-0.028985,-0.147284,0.03386
2024-01-01 00:00:06.820,-0.175615,-0.037889,10.263431,-0.076734,-0.252088,0.009935
2024-01-01 00:00:06.830,-0.260275,0.074608,9.971004,0.003874,-0.047586,0.080132
2024-01-01 00:00:06.840,-0.087284,0.080005,9.803739,0.006484,-0.1384,-0.008397
2024-01-01 00:00:06.850,-0.150492,0.020336,9.256399,0.193766,-0.136778,-0.033563
2024-01-01 00:00:06.860,-0.235725,0.069507,9.072732,0.168815,-0.188692,-0.059303
2024-01-01 00:00:06.870,-0.219516,0.138886,8.998379,-0.039697,-0.071945,-0.108766
2024-01-01 00:00:06.880,-0.12041,-0.016915,8.631724,-0.062771,-0.181027,-0.090519
2024-01-01 00:00:06.890,-0.329851,0.138248,8.963864,0.071625,-0.017436,-0.079683
2024-01-01 00:00:06.900,-0.123906,-0.018384,9.109925,0.192614,-0.089773,-0.102629
2024-01-01 00:00:06.910,-0.112478,0.113214,9.019751,0.114345,-0.254742,-0.027615
2024-01-01 00:00:06.920,-0.117657,-0.004777,9.134836,0.2478,0.033497,-0.135216
2024-01-01 00:00:06.930,0.064554,0.090077,9.458496,0.071413,0.093991,-0.054038
2024-01-01 00:00:06.940,-0.080031,0.097848,10.239117,0.127381,0.032526,-0.033698
2024-01-01 00:00:06.950,0.07015,0.116709,9.616112,0.104407,-0.098027,-0.088275
2024-01-01 00:00:06.960,0.024523,0.245184,10.298197,0.169469,0.069371,0.027642
2024-01-01 00:00:06.970,0.051815,0.089645,10.616898,0.175362,0.202959,0.100495
2024-01-01 00:00:06.980,0.065568,0.216869,10.667659,0.326037,0.142106,0.156111
2024-01-01 00:00:06.990,0.490568,0.179677,11.107874,0.149944,0.125859,0.086042
2024-01-01 00:00:07.000,0.178268,0.017378,10.778694,0.174568,0.097382,0.020792
2024-01-01 00:00:07.010,0.081365,0.072737,10.661206,0.133436,0.10251,0.054362
2024-01-01 00:00:07.020,-0.000896,0.038075,10.414558,-0.005311,0.132643,0.003518
2024-01-01 00:00:07.030,0.02078,-0.04522,10.085868,0.024697,0.180102,0.085857
2024-01-01 00:00:07.040,0.081398,-0.004351,10.271183,-0.050167,0.050522,-0.039718
2024-01-01 00:00:07.050,0.138868,-0.235249,9.428675,0.046245,0.099047,-0.131768
2024-01-01 00:00:07.060,0.165065,-0.015638,9.378487,-0.071713,0.189952,-0.047679
2024-01-01 00:00:07.070,0.303215,0.050465,9.044859,-0.020595,0.129332,-0.158509
2024-01-01 00:00:07.080,0.102745,-0.058409,8.855447,-0.222185,0.325178,-0.115246
2024-01-01 00:00:07.090,0.18547,-0.092132,8.607194,-0.006994,-0.053236,-0.114391
2024-01-01 00:00:07.100,0.113082,-0.267433,8.943289,-0.074055,0.156438,-0.069099
2024-01-01 00:00:07.110,0.163299,-0.05015,9.187208,-0.214573,0.044081,-0.036956
2024-01-01 00:00:07.120,0.122807,-0.081519,9.143947,-0.188895,-0.214368,-0.01155
2024-01-01 00:00:07.130,0.035861,-0.025986,9.665226,-0.13217,-0.034073,-0.003583
2024-01-01 00:00:07.140,-0.010759,-0.018618,9.739523,-0.139461,0.048871,-0.019622
2024-01-01 00:00:07.150,0.206929,-0.202439,9.824551,-0.04627,0.002421,0.021439
2024-01-01 00:00:07.160,-0.046239,-0.160459,10.49366,-0.142276,-0.095284,0.120827
2024-01-01 00:00:07.170,-0.225093,0.006474,10.478849,-0.157065,-0.128819,0.18645
2024-01-01 00:00:07.180,-0.184303,-0.283804,11.143673,-0.072476,-0.03743,0.053182
2024-01-01 00:00:07.190,-0.339123,-0.076254,10.756368,-0.233766,-0.111623,0.116433
2024-01-01 00:00:07.200,-0.236578,-0.180905,11.06007,0.075697,-0.210547,0.097187
2024-01-01 00:00:07.210,-0.351906,-0.152583,10.922429,-0.055659,-0.036353,0.128796
2024-01-01 00:00:07.220,-0.064959,0.029076,10.18246,-0.176217,-0.118235,0.080463
2024-01-01 00:00:07.230,0.07283,-0.037973,10.079365,0.046587,-0.12676,0.056104
2024-01-01 00:00:07.240,-0.166626,0.012091,9.967372,0.083727,-0.222638,-0.031301
2024-01-01 00:00:07.250,-0.290471,0.136466,9.507615,-0.127268,-0.087445,0.014272
2024-01-01 00:00:07.260,-0.282366,0.150086,9.355554,0.004824,-0.146719,-0.080058
2024-01-01 00:00:07.270,-0.336018,0.110015,9.010472,0.095331,-0.189668,-0.01603
2024-01-01 00:00:07.280,-0.334976,0.133395,9.007152,-0.04766,-0.12812,-0.018793
2024-01-01 00:00:07.290,-0.179135,0.191263,8.948814,0.179052,-0.066684,-0.09853
2024-01-01 00:00:07.300,-0.004322,0.02124,8.647276,0.088369,0.141686,-0.118857
2024-01-01 00:00:07.310,-0.149339,-0.014502,9.166888,0.068684,-0.012634,0.066053
2024-01-01 00:00:07.320,-0.286854,0.13674,9.275201,0.167038,-0.177453,-0.032012
2024-01-01 00:00:07.330,0.209764,0.215236,9.700593,0.463028,-0.151461,-0.076
2024-01-01 00:00:07.340,-0.241914,0.27444,9.438975,0.04405,0.0436,-0.060513
2024-01-01 00:00:07.350,0.090169,0.157868,10.25634,0.047959,0.147309,-0.056253
2024-01-01 00:00:07.360,0.277307,0.256777,10.160564,0.231219,-0.072325,0.062347
2024-01-01 00:00:07.370,0.220803,0.178035,10.684673,0.120397,-0.038025,0.090829
2024-01-01 00:00:07.380,0.198999,-0.005499,10.49933,0.107902,0.205102,0.037711
2024-01-01 00:00:07.390,-0.108357,0.148589,10.93604,0.191331,0.022243,0.04188
2024-01-01 00:00:07.400,0.249146,0.216118,11.163625,0.080095,0.093847,0.094778
2024-01-01 00:00:07.410,0.083501,0.019927,10.527955,0.137266,0.189046,0.056604
2024-01-01 00:00:07.420,0.181185,0.102848,10.249811,-0.004182,-0.04124,0.098221
2024-01-01 00:00:07.430,0.019846,-0.002368,10.437401,0.012617,0.22455,0.013374
2024-01-01 00:00:07.440,0.048883,-0.003749,9.935284,0.03156,0.090397,0.06238
2024-01-01 00:00:07.450,0.077619,-0.035282,9.448906,-0.059806,0.2748,-0.061215
2024-01-01 00:00:07.460,0.425885,-0.020961,9.464463,0.088173,0.16772,0.025899
2024-01-01 00:00:07.470,0.078348,-0.175685,9.175263,-0.086067,0.042702,-0.038008
2024-01-01 00:00:07.480,0.007932,0.020653,8.972571,-0.091898,0.166184,0.009752
2024-01-01 00:00:07.490,-0.132586,0.013313,9.074286,-0.184768,0.182328,-0.119932
2024-01-01 00:00:07.500,0.354452,-0.007045,8.824785,-0.055945,0.064868,-0.053625
2024-01-01 00:00:07.510,0.193041,-0.216253,9.264138,-0.096167,0.149244,-0.042316
2024-01-01 00:00:07.520,0.019971,-0.070242,9.019173,-0.09034,0.062439,0.009074
2024-01-01 00:00:07.530,-0.237814,-0.045316,9.549591,-0.090183,0.111645,-0.018201
2024-01-01 00:00:07.540,-0.103481,-0.105332,9.64178,-0.155693,-0.11829,-0.036515
2024-01-01 00:00:07.550,-0.099882,-0.228543,9.601262,-0.175855,-0.024574,0.010121
2024-01-01 00:00:07.560,0.210309,-0.197901,9.914658,-0.12906,-0.078975,-0.055855
2024-01-01 00:00:07.570,-0.171735,-0.000469,10.497808,-0.041071,0.032356,-0.021733
2024-01-01 00:00:07.580,-0.014105,-0.14443,10.715369,-0.040119,0.070666,-0.021999
2024-01-01 00:00:07.590,-0.326274,-0.191291,10.606803,-0.22459,-0.154829,0.033366
2024-01-01 00:00:07.600,-0.18507,-0.182859,10.868852,-0.043155,0.02254,0.015626
2024-01-01 00:00:07.610,-0.039491,-0.149649,10.761761,-0.061652,-0.088359,0.025569
2024-01-01 00:00:07.620,-0.253208,-0.010091,10.709816,-0.07556,-0.210082,0.067844
2024-01-01 00:00:07.630,-0.36126,-0.247152,10.417044,0.011569,-0.085552,-0.0346
2024-01-01 00:00:07.640,-0.106409,-0.161922,9.992976,0.011109,0.016869,0.082121
2024-01-01 00:00:07.650,-0.129028,-0.155639,9.952294,0.027279,-0.196097,-0.023027
2024-01-01 00:00:07.660,-0.161939,0.089526,9.921809,-0.037752,-0.023781,0.024021
2024-01-01 00:00:07.670,-0.055752,-0.059893,9.351502,-0.140134,-0.203991,-0.018268
2024-01-01 00:00:07.680,-0.236387,-0.121151,9.153045,0.227352,-0.054395,-0.060923
2024-01-01 00:00:07.690,-0.118717,0.06254,8.705353,0.043806,-0.16327,-0.117042
2024-01-01 00:00:07.700,-0.279715,0.137216,8.713292,0.083133,-0.062237,-0.04924
2024-01-01 00:00:07.710,-0.153454,0.05483,8.804864,0.297986,-0.09689,-0.067911
2024-01-01 00:00:07.720,-0.087854,0.073358,9.136677,-0.01713,-0.079394,-0.029938
2024-01-01 00:00:07.730,-0.329022,0.263146,9.571921,0.204859,-0.137309,-0.028379
2024-01-01 00:00:07.740,-0.110651,0.292995,9.767422,0.179666,-0.059886,-0.007624
2024-01-01 00:00:07.750,0.077035,0.181815,9.947327,0.084348,-0.120762,0.017622
2024-01-01 00:00:07.760,-0.168689,0.102372,10.083821,0.101776,0.12537,0.053286
2024-01-01 00:00:07.770,-0.032511,0.207836,10.013762,0.065581,0.04662,0.062843
2024-01-01 00:00:07.780,0.095221,0.148684,10.446078,0.011892,-0.015665,0.088582
2024-01-01 00:00:07.790,0.473629,0.121099,10.42101,0.133568,0.132415,0.075538
2024-01-01 00:00:07.800,0.251303,0.22175,11.034873,0.129621,0.036781,0.10545
2024-01-01 00:00:07.810,0.089219,-0.043382,10.414408,0.200939,-0.119494,0.063988
2024-01-01 00:00:07.820,-0.01625,0.08822,10.612036,0.104229,-0.026475,0.041094
2024-01-01 00:00:07.830,0.142659,0.066157,10.77525,0.199817,0.113737,-0.009823
2024-01-01 00:00:07.840,0.19889,0.28573,10.390297,0.041501,0.227311,0.00798
2024-01-01 00:00:07.850,0.331277,-0.041152,9.736686,0.087162,0.103015,-0.030616
2024-01-01 00:00:07.860,0.135469,0.065614,9.621375,0.051405,0.119144,-0.022335
2024-01-01 00:00:07.870,0.295362,-0.016135,9.78348,0.091108,0.152428,-0.025413
2024-01-01 00:00:07.880,0.317876,-0.06725,9.2636,-0.086031,0.005909,-0.050993
2024-01-01 00:00:07.890,0.142205,-0.05954,9.007024,-0.117051,0.111104,-0.131912
2024-01-01 00:00:07.900,0.24686,0.081049,9.174625,-0.195062,0.143615,-0.103564
2024-01-01 00:00:07.910,0.08727,-0.088427,9.017267,-0.159281,0.063416,-0.115226
2024-01-01 00:00:07.920,0.109987,-0.231187,9.052728,-0.121553,0.086272,-0.078425
2024-01-01 00:00:07.930,-0.10298,-0.224054,8.829358,-0.03665,0.064477,-0.06031
2024-01-01 00:00:07.940,0.055904,-0.01105,9.379938,-0.166177,0.03034,0.005728
2024-01-01 00:00:07.950,0.12333,-0.15169,9.715058,-0.160908,-0.022159,0.002834
2024-01-01 00:00:07.960,0.059215,-0.066041,9.963901,-0.223649,0.00553,-0.077929
2024-01-01 00:00:07.970,-0.070203,-0.239106,10.277333,-0.28004,-0.149143,0.041903
2024-01-01 00:00:07.980,0.050587,-0.178871,10.618711,-0.130252,-0.044017,0.070736
2024-01-01 00:00:07.990,-0.169475,-0.289889,10.402212,-0.028721,0.066915,0.071372
2024-01-01 00:00:08.000,-0.151794,0.023131,10.770466,-0.174139,0.06926,0.123903
2024-01-01 00:00:08.010,-0.310538,-0.23651,10.668812,0.084423,-0.012588,0.130683
2024-01-01 00:00:08.020,-0.083994,-0.020392,10.938472,-0.001335,-0.115871,0.108705
2024-01-01 00:00:08.030,-0.232778,-0.142972,10.549513,-0.046998,-0.040363,0.037313
2024-01-01 00:00:08.040,-0.163747,-0.027749,10.600929,0.082202,-0.024361,0.017992
2024-01-01 00:00:08.050,-0.175058,0.001467,9.622307,-0.082963,-0.113357,-0.008411
2024-01-01 00:00:08.060,-0.20051,-0.04076,9.972153,0.066765,-0.238272,0.015889
2024-01-01 00:00:08.070,-0.159852,-0.016234,9.907519,-0.014935,-0.032657,0.056221
2024-01-01 00:00:08.080,-0.099161,0.002327,9.22713,-0.000686,-0.044169,-0.018243
2024-01-01 00:00:08.090,-0.187436,0.160614,9.246212,0.10083,-0.014979,0.00221
2024-01-01 00:00:08.100,-0.093995,0.23756,9.101681,-0.00952,-0.109936,-0.096796
2024-01-01 00:00:08.110,-0.119484,-0.104736,8.948048,0.207448,-0.113501,-0.089689
2024-01-01 00:00:08.120,-0.046861,0.109302,8.640947,0.190075,-0.179753,-0.058452
2024-01-01 00:00:08.130,-0.119963,0.071003,8.831279,0.111854,-0.148727,-0.013981
2024-01-01 00:00:08.140,0.062705,0.191157,9.393904,0.190675,-0.136376,-0.039892
2024-01-01 00:00:08.150,0.043177,0.198777,9.505235,0.224206,0.091173,-0.008842
2024-01-01 00:00:08.160,-0.102902,0.178227,9.645148,0.123532,-0.094061,0.055929
2024-01-01 00:00:08.170,0.009523,0.277132,9.981206,0.184531,0.044444,-0.036372
2024-01-01 00:00:08.180,-0.030731,0.075203,10.210747,0.175182,0.070954,0.121117
2024-01-01 00:00:08.190,-0.127258,0.113553,10.495468,0.151955,0.022979,0.030705
2024-01-01 00:00:08.200,0.08871,0.332152,11.037993,0.200501,0.176429,-0.017424
2024-01-01 00:00:08.210,0.297623,0.011404,10.931079,0.024407,0.143733,0.073051
2024-01-01 00:00:08.220,0.240566,0.271182,10.583426,0.147892,0.017484,0.138458
2024-01-01 00:00:08.230,0.174319,0.176997,10.432608,0.1415,0.140692,0.121246
2024-01-01 00:00:08.240,0.239625,-0.041027,10.477439,-0.08433,0.076782,-0.041234
2024-01-01 00:00:08.250,0.275765,0.005744,10.28787,0.094975,0.106815,0.063031
2024-01-01 00:00:08.260,0.346661,0.035503,9.798828,0.013685,0.002344,0.069679
2024-01-01 00:00:08.270,0.299753,-0.011609,9.601626,0.085705,0.110013,-0.032853
2024-01-01 00:00:08.280,0.4488,0.080022,9.579215,0.038723,0.200271,-0.070707
2024-01-01 00:00:08.290,0.321512,-0.066613,9.284744,-0.101184,0.195658,-0.077848
2024-01-01 00:00:08.300,-0.041012,-0.175564,8.627817,0.050664,-0.008828,-0.085879
2024-01-01 00:00:08.310,0.165029,-0.039301,8.830002,-0.022366,0.096735,-0.108545
2024-01-01 00:00:08.320,0.251517,-0.269765,8.737872,-0.053812,0.054291,-0.052123
2024-01-01 00:00:08.330,0.077441,-0.394285,9.140279,-0.232288,0.154539,-0.062621
2024-01-01 00:00:08.340,-0.113383,-0.133663,9.101659,-0.067935,-0.018678,-0.123097
2024-01-01 00:00:08.350,0.050501,-0.222208,9.237731,-0.071123,0.042136,-0.02177
2024-01-01 00:00:08.360,-0.059326,-0.088146,9.855274,-0.09777,-0.01259,0.085714
2024-01-01 00:00:08.370,-0.284466,-0.203152,10.101736,-0.040762,-0.200832,-0.032214
2024-01-01 00:00:08.380,-0.062166,-0.229453,10.285631,-0.172237,0.055177,-0.039369
2024-01-01 00:00:08.390,0.053623,-0.261838,10.902252,-0.161496,-0.078375,-0.010111
2024-01-01 00:00:08.400,-0.017961,-0.104853,10.868592,-0.055478,0.037436,0.098356
2024-01-01 00:00:08.410,-0.043906,-0.063189,10.800681,-0.072016,-0.121376,0.03317
2024-01-01 00:00:08.420,-0.130056,-0.187924,10.802575,-0.084166,-0.148852,0.157095
2024-01-01 00:00:08.430,-0.296602,-0.176349,10.389299,-0.019628,-0.087906,0.0355
2024-01-01 00:00:08.440,-0.035165,-0.010809,10.284596,-0.026432,-0.105777,0.044469
2024-01-01 00:00:08.450,-0.22037,0.02297,10.38828,0.037762,-0.25322,0.007361
2024-01-01 00:00:08.460,-0.271577,-0.128257,9.956353,-0.002265,-0.041688,-0.045867
2024-01-01 00:00:08.470,-0.177371,0.131842,9.872282,0.025458,-0.240305,-0.133628
2024-01-01 00:00:08.480,0.012831,0.056077,9.111071,0.142402,-0.213371,-0.098744
2024-01-01 00:00:08.490,-0.125549,0.034991,9.183257,-0.039457,-0.179322,-0.110794
2024-01-01 00:00:08.500,-0.131226,0.120412,9.082481,0.032005,-0.091889,-0.126568
2024-01-01 00:00:08.510,-0.265637,-0.004915,8.864868,0.084118,-0.176898,-0.073253
2024-01-01 00:00:08.520,0.099213,0.199054,9.224769,0.111429,0.034875,-0.093801
2024-01-01 00:00:08.530,-0.002922,0.292695,8.744904,0.074972,-0.157904,0.0023
2024-01-01 00:00:08.540,0.112268,0.002091,9.192072,0.120307,0.012095,0.040419
2024-01-01 00:00:08.550,0.165796,0.039192,9.372177,0.017971,0.033038,-0.049466
2024-01-01 00:00:08.560,-0.168506,0.156677,9.382339,0.298461,-0.028002,-0.028222
2024-01-01 00:00:08.570,0.112175,-0.035641,9.845456,0.159751,0.015336,0.077152
2024-01-01 00:00:08.580,0.13101,0.118264,9.877402,0.054002,0.120973,0.021939
2024-01-01 00:00:08.590,-0.152205,0.078258,10.37179,0.115109,0.037157,0.032894
2024-01-01 00:00:08.600,0.136837,0.208936,10.280167,0.097406,0.124059,0.011167
2024-01-01 00:00:08.610,0.064759,0.335612,10.954026,0.162433,0.089701,0.116115
2024-01-01 00:00:08.620,-0.096479,0.276262,10.779093,0.054692,-0.053695,0.157372
2024-01-01 00:00:08.630,0.25818,0.026609,10.421293,0.244012,0.020412,0.083577
2024-01-01 00:00:08.640,0.154632,-0.074081,10.578568,-0.00574,0.169455,-0.014076
2024-01-01 00:00:08.650,0.183129,0.191926,10.248999,0.033851,0.069639,0.046784
2024-01-01 00:00:08.660,0.288555,0.006682,10.102732,0.051879,0.03107,0.16447
2024-01-01 00:00:08.670,0.209872,-0.066453,9.63364,0.0225,0.082283,0.051116
2024-01-01 00:00:08.680,0.252103,-0.14589,9.697866,0.091037,0.11331,0.040073
2024-01-01 00:00:08.690,0.041208,-0.13392,9.415822,-0.076009,0.18966,-0.038582
2024-01-01 00:00:08.700,0.274985,-0.053135,9.058586,0.020087,0.121116,-0.067644
2024-01-01 00:00:08.710,0.120985,-0.053529,9.053423,0.027344,0.123097,-0.016584
2024-01-01 00:00:08.720,0.021861,-0.040226,8.845247,-0.109977,0.108283,-0.107402
2024-01-01 00:00:08.730,0.078521,-0.066172,8.734362,-0.14829,0.105374,-0.167894
2024-01-01 00:00:08.740,0.186766,-0.010552,9.140242,-0.12648,0.075631,-0.078519
2024-01-01 00:00:08.750,-0.107251,-0.081523,9.3667,-0.187764,0.052754,-0.026373
2024-01-01 00:00:08.760,0.120685,-0.201331,9.712909,-0.210962,-0.081487,-0.139842
2024-01-01 00:00:08.770,-0.037731,-0.091927,9.803008,-0.197366,-0.024957,0.089612
2024-01-01 00:00:08.780,0.20219,-0.057959,10.083767,-0.179458,0.025023,-0.034585
2024-01-01 00:00:08.790,0.034499,-0.301018,10.221642,-0.208048,0.063827,0.074706
2024-01-01 00:00:08.800,-0.042471,-0.057021,10.471465,-0.175,-0.092117,0.0616
2024-01-01 00:00:08.810,-0.010535,-0.096232,10.480695,-0.199822,-0.038555,-0.019977
2024-01-01 00:00:08.820,-0.19595,-0.16063,10.729238,-0.169315,-0.136177,0.077812
2024-01-01 00:00:08.830,-0.09728,-0.126188,11.076507,-0.081971,-0.209232,0.134659
2024-01-01 00:00:08.840,-0.195522,-0.074728,10.385255,-0.156985,-0.094659,0.034145
2024-01-01 00:00:08.850,-0.252426,-0.017148,10.334927,-0.145458,-0.159654,0.076885
2024-01-01 00:00:08.860,-0.163967,0.037388,10.405329,0.019411,-0.159396,0.050317
2024-01-01 00:00:08.870,-0.214407,-0.073015,10.013339,0.042281,-0.033619,-0.045892
2024-01-01 00:00:08.880,-0.036881,0.131935,9.587837,-0.005284,-0.242772,-0.044086
2024-01-01 00:00:08.890,-0.15671,0.099592,9.369995,0.060592,-0.123669,-0.027356
2024-01-01 00:00:08.900,-0.143459,0.060596,9.316704,0.049862,-0.149392,-0.079681
2024-01-01 00:00:08.910,-0.191242,0.103802,8.993813,0.0858,-0.105766,-0.117256
2024-01-01 00:00:08.920,0.002083,-0.008914,9.135402,-0.055065,-0.069809,-0.064899
2024-01-01 00:00:08.930,-0.355568,0.21587,9.163482,0.078257,-0.112323,-0.067646
2024-01-01 00:00:08.940,-0.329772,0.251653,9.207297,0.092812,-0.084251,-0.010884
2024-01-01 00:00:08.950,-0.221782,0.03515,9.023309,0.19428,-0.148518,-0.006294
2024-01-01 00:00:08.960,-0.04826,0.213578,9.757016,-0.041205,-0.14582,0.081748
2024-01-01 00:00:08.970,-0.258479,0.28202,9.669802,0.091939,-0.065349,-0.07684
2024-01-01 00:00:08.980,-0.117134,0.044065,10.177981,0.022962,-0.037579,0.054481
2024-01-01 00:00:08.990,0.123267,0.099386,10.452769,0.317526,0.149236,-0.008581
2024-01-01 00:00:09.000,0.134953,0.19045,10.52174,0.028814,0.139089,0.047034
2024-01-01 00:00:09.010,-0.078009,0.234087,10.559821,0.292829,0.091497,0.002904
2024-01-01 00:00:09.020,0.208165,-0.104716,10.6724,0.128558,0.069391,0.076541
2024-01-01 00:00:09.030,0.332573,0.084985,10.970821,0.210895,0.059646,0.123973
2024-01-01 00:00:09.040,0.424402,0.042556,10.747536,0.045996,0.071291,0.061315
2024-01-01 00:00:09.050,0.2022,-0.053199,10.846151,0.188177,0.090632,0.096601
2024-01-01 00:00:09.060,0.227438,0.108531,10.225637,0.051256,0.138639,0.083074
2024-01-01 00:00:09.070,0.186224,-0.008365,10.423357,0.025212,0.123537,0.029326
2024-01-01 00:00:09.080,0.40436,-0.283955,9.627014,-0.009581,0.057959,0.011265
2024-01-01 00:00:09.090,0.26053,-0.000751,9.759125,0.019084,0.05465,-0.063899
2024-01-01 00:00:09.100,0.076401,0.034971,9.488843,-0.035015,0.099943,-0.116506
2024-01-01 00:00:09.110,0.278736,-0.10908,8.785294,-0.117781,0.184458,-0.040108
2024-01-01 00:00:09.120,0.087087,-0.149047,8.937731,-0.185302,0.220742,-0.075343
2024-01-01 00:00:09.130,0.212265,-0.182742,8.403193,-0.099213,0.061665,-0.160699
2024-01-01 00:00:09.140,-0.036103,-0.112119,8.768339,-0.186583,0.120456,-0.101109
2024-01-01 00:00:09.150,0.07717,-0.23722,9.206633,-0.158976,0.054879,-0.051485
2024-01-01 00:00:09.160,0.355975,-0.064272,9.474569,-0.111263,0.145606,-0.077634
2024-01-01 00:00:09.170,-0.111094,-0.151363,9.447151,-0.083364,0.108261,-0.011593
2024-01-01 00:00:09.180,0.030455,-0.181308,9.578106,-0.032335,-0.076676,-0.041796
2024-01-01 00:00:09.190,0.111603,-0.256638,10.167989,-0.124488,0.058616,-0.028026
2024-01-01 00:00:09.200,-0.086796,-0.199528,10.730345,-0.247534,0.000753,0.104909
2024-01-01 00:00:09.210,0.042467,-0.415045,10.247669,-0.235189,0.01598,0.083081
2024-01-01 00:00:09.220,-0.057018,-0.086393,10.847623,-0.03361,-0.028744,-0.004267
2024-01-01 00:00:09.230,-0.211401,-0.040452,10.946321,0.072556,0.029423,0.147354
2024-01-01 00:00:09.240,-0.253231,-0.151933,10.681424,-0.03927,-0.0275,0.067431
2024-01-01 00:00:09.250,-0.150805,0.114891,10.748899,-0.099053,-0.113803,-0.022885
2024-01-01 00:00:09.260,-0.403107,-0.041831,10.186448,-0.184155,-0.160806,0.01483
2024-01-01 00:00:09.270,-0.350126,0.010452,10.234459,-0.050303,-0.222802,0.010076
2024-01-01 00:00:09.280,-0.17609,-0.107965,9.601512,0.029515,-0.039871,-0.046261
2024-01-01 00:00:09.290,-0.345249,-0.058438,9.50609,0.066623,-0.052019,-0.079732
2024-01-01 00:00:09.300,-0.223041,0.018669,9.21334,-0.154386,-0.228364,-0.028362
2024-01-01 00:00:09.310,-0.328637,0.231476,9.090462,0.135355,-0.040708,-0.042158
2024-01-01 00:00:09.320,-0.01742,0.048996,9.073237,0.112386,-0.074777,-0.050328
2024-01-01 00:00:09.330,-0.040774,0.056139,9.02466,0.187123,-0.184939,-0.074649
2024-01-01 00:00:09.340,-0.072625,0.137858,8.835414,0.111404,-0.103094,-0.119157
2024-01-01 00:00:09.350,-0.078762,0.224414,8.847679,0.054023,-0.016617,-0.16365
2024-01-01 00:00:09.360,-0.138237,0.13776,9.082215,0.206156,-0.026346,0.005239
2024-01-01 00:00:09.370,-0.183958,0.068605,9.438414,0.093651,-0.069144,-0.070274
2024-01-01 00:00:09.380,0.241248,0.152267,9.87747,0.175593,-0.033031,-0.015614
2024-01-01 00:00:09.390,0.09082,0.100006,10.402229,0.171908,0.073834,0.01583
2024-01-01 00:00:09.400,0.027426,0.141141,10.103668,0.096575,-0.035262,0.055911
2024-01-01 00:00:09.410,0.129812,0.19663,10.606934,0.253662,-0.017569,0.013371
2024-01-01 00:00:09.420,0.218995,0.134227,10.49277,0.029509,0.216779,-0.006992
2024-01-01 00:00:09.430,0.286347,0.192817,11.165035,0.095733,0.009429,0.096571
2024-01-01 00:00:09.440,0.353491,0.148252,10.802596,0.072421,0.206331,0.095631
2024-01-01 00:00:09.450,0.258285,0.05514,10.644191,0.070661,0.038375,0.13282
2024-01-01 00:00:09.460,0.08456,0.013595,10.534783,-0.090892,-0.024781,0.085776
2024-01-01 00:00:09.470,0.203297,0.148605,9.890951,-0.092543,0.03717,0.070878
2024-01-01 00:00:09.480,0.260124,0.174094,9.968616,-0.073028,0.091659,0.048807
2024-01-01 00:00:09.490,0.190023,-0.09765,10.014961,0.101429,0.044912,0.042481
2024-01-01 00:00:09.500,0.20605,-0.037313,9.385386,-0.068203,0.18501,-0.060814
2024-01-01 00:00:09.510,-0.184465,-0.044751,9.471677,-0.091567,0.022334,0.014825
2024-01-01 00:00:09.520,0.376284,-0.257286,9.228198,0.010169,-0.033273,-0.045496
2024-01-01 00:00:09.530,0.137852,-0.094029,9.03379,0.046,0.053053,-0.116557
2024-01-01 00:00:09.540,0.343525,-0.111058,8.979748,-0.116755,-0.000618,-0.069252
2024-01-01 00:00:09.550,0.226174,-0.015312,8.729739,-0.15063,0.215349,-0.124492
2024-01-01 00:00:09.560,0.135018,-0.058942,9.301293,-0.04562,0.16206,0.006697
2024-01-01 00:00:09.570,0.302404,-0.014778,9.14435,0.020943,0.108199,-0.050605
2024-01-01 00:00:09.580,-0.05675,-0.122018,9.910335,-0.155605,0.065474,-0.003034
2024-01-01 00:00:09.590,0.329144,-0.023424,9.964428,-0.235512,0.055783,0.079683
2024-01-01 00:00:09.600,-0.023205,-0.28556,10.19416,-0.209483,-0.089518,0.020281
2024-01-01 00:00:09.610,-0.288187,-0.111411,10.353431,-0.1336,-0.052025,0.043404
2024-01-01 00:00:09.620,-0.178084,-0.17454,10.103293,-0.118895,-0.066667,0.033875
2024-01-01 00:00:09.630,-0.104258,-0.26568,10.734215,-0.127489,0.10429,0.10604
2024-01-01 00:00:09.640,-0.362001,-0.054613,11.045803,-0.167337,0.055415,0.135359
2024-01-01 00:00:09.650,-0.178802,-0.127218,10.947477,-0.228454,-0.258484,0.060837
2024-01-01 00:00:09.660,-0.233871,-0.077724,10.695232,-0.098129,-0.08255,0.124069
2024-01-01 00:00:09.670,-0.276254,-0.156492,10.888529,-0.107969,-0.073219,0.098923
2024-01-01 00:00:09.680,-0.2646,-0.15533,10.327754,0.024623,-0.036846,0.027544
2024-01-01 00:00:09.690,-0.295559,0.219039,10.079545,-0.04859,-0.026051,-0.080303
2024-01-01 00:00:09.700,-0.17366,0.039532,9.513936,0.108039,-0.074029,-0.149673
2024-01-01 00:00:09.710,-0.157202,-0.033226,9.404009,0.03376,-0.097867,-0.076971
2024-01-01 00:00:09.720,-0.196345,-0.101279,9.326244,0.095393,-0.195698,-0.039517
2024-01-01 00:00:09.730,-0.156607,0.035534,8.900833,0.07437,-0.003668,-0.019356
2024-01-01 00:00:09.740,-0.107884,0.068322,8.710601,0.044144,-0.094674,-0.112947
2024-01-01 00:00:09.750,-0.053739,-0.015941,8.813131,0.152324,-0.086824,-0.074074
2024-01-01 00:00:09.760,-0.069028,0.13431,8.807329,0.182366,-0.052109,-0.077535
2024-01-01 00:00:09.770,0.156715,0.088512,9.167208,0.224085,-0.112715,-0.162164
2024-01-01 00:00:09.780,0.167752,0.209925,9.196668,0.22216,-0.000316,0.000566
2024-01-01 00:00:09.790,-0.134106,0.129407,9.643456,0.149458,0.046011,0.000551
2024-01-01 00:00:09.800,-0.105255,0.179587,9.725329,0.051375,-0.023709,0.061681
2024-01-01 00:00:09.810,-0.071407,0.189126,10.26673,0.141526,0.057189,0.053157
2024-01-01 00:00:09.820,0.174963,0.137323,10.647983,0.113922,-0.013591,0.001523
2024-01-01 00:00:09.830,0.036728,0.126497,10.297023,0.17665,0.14981,0.076192
2024-01-01 00:00:09.840,0.276072,0.287823,10.878243,0.164905,0.142874,0.125483
2024-01-01 00:00:09.850,0.043186,0.16984,10.661899,0.006675,0.058803,0.141862
2024-01-01 00:00:09.860,-0.000679,0.248814,10.575328,0.195529,0.031883,0.024418
2024-01-01 00:00:09.870,-0.022571,-0.038163,10.124866,0.098167,0.05212,0.056361
2024-01-01 00:00:09.880,-0.005407,-0.087304,10.416611,-0.000636,0.071987,0.034643
2024-01-01 00:00:09.890,0.149301,0.047472,9.994604,-0.016477,0.249941,0.085154
2024-01-01 00:00:09.900,0.446164,-0.011623,9.468588,-0.043889,0.041825,0.022702
2024-01-01 00:00:09.910,0.281166,-0.125276,9.594349,-0.107863,0.04809,-0.016025
2024-01-01 00:00:09.920,0.200296,-0.165476,8.561651,-0.064785,0.05062,-0.062162
2024-01-01 00:00:09.930,0.085196,-0.008547,9.37087,-0.033624,0.093674,0.007383
2024-01-01 00:00:09.940,0.112689,-0.051729,8.994417,-0.132511,0.10802,-0.093565
2024-01-01 00:00:09.950,0.03724,-0.261105,8.187692,-0.11658,0.188627,-0.015028
2024-01-01 00:00:09.960,0.058541,0.026341,9.005887,-0.122556,-0.01742,-0.130532
2024-01-01 00:00:09.970,0.103657,-0.019376,9.307945,-0.073291,0.090689,-0.00179
2024-01-01 00:00:09.980,0.128293,-0.095092,9.611032,-0.064231,0.046094,-0.066233
2024-01-01 00:00:09.990,-0.022837,-0.223342,9.533603,-0.138711,-0.044105,-0.057758
2024-01-01 00:00:10.000,0.067934,-0.355133,10.358994,-0.08646,-0.066056,0.010349
2024-01-01 00:00:10.010,-0.04975,-0.001793,10.361132,-0.273722,0.067136,0.069424
2024-01-01 00:00:10.020,-0.116473,0.029733,10.599519,-0.093448,-0.061648,0.060833
2024-01-01 00:00:10.030,-0.0457,-0.18892,10.529088,-0.22565,-0.205716,0.005707
2024-01-01 00:00:10.040,-0.184858,-0.023438,10.508396,-0.112242,-0.042981,0.14745
2024-01-01 00:00:10.050,-0.136397,-0.048563,10.755848,-0.091784,0.019247,0.081353
2024-01-01 00:00:10.060,-0.167989,0.013016,10.637666,-0.051291,-0.072426,0.038799
2024-01-01 00:00:10.070,-0.054916,-0.026688,10.439921,0.015945,-0.084942,0.08879
2024-01-01 00:00:10.080,-0.201347,-0.014988,10.411341,-0.045047,-0.141815,0.020456
2024-01-01 00:00:10.090,-0.155496,-0.036599,9.717262,-0.113166,-0.165165,0.070403
2024-01-01 00:00:10.100,-0.322956,-0.039792,9.893824,-0.034163,-0.058061,-0.054629
2024-01-01 00:00:10.110,-0.224195,-0.117035,9.456512,0.058443,-0.084269,-0.098653
2024-01-01 00:00:10.120,-0.03275,-0.171458,9.417993,-0.016449,-0.144332,-0.021769
2024-01-01 00:00:10.130,-0.014116,0.207008,9.319462,0.219681,-0.069457,-0.06968
2024-01-01 00:00:10.140,-0.078807,0.194538,8.706904,0.19246,-0.172898,-0.069063
2024-01-01 00:00:10.150,-0.205422,0.232335,8.681858,0.088242,0.003993,-0.102276
2024-01-01 00:00:10.160,-0.213809,0.039782,8.987251,0.156863,-0.022398,-0.047495
2024-01-01 00:00:10.170,-0.189915,0.014502,8.827608,0.111569,-0.125753,-0.164047
2024-01-01 00:00:10.180,-0.129037,0.145189,9.187845,0.296321,0.173234,0.000237
2024-01-01 00:00:10.190,0.011503,0.205383,9.578499,-0.003944,-0.021585,-0.033758
2024-01-01 00:00:10.200,-0.088256,-0.021979,10.198345,0.232425,-0.022631,-0.026382
2024-01-01 00:00:10.210,-0.094776,-0.054943,10.026846,0.046925,0.001472,0.022432
2024-01-01 00:00:10.220,-0.08357,0.13554,10.397593,0.157209,0.06473,-0.054295
2024-01-01 00:00:10.230,-5.5e-05,0.078516,10.632658,0.223914,-0.023836,0.062586
2024-01-01 00:00:10.240,-0.13553,0.224423,10.769049,0.084624,0.148692,-0.035826
2024-01-01 00:00:10.250,-0.043539,-0.008117,10.488335,0.047005,0.071473,0.041589
2024-01-01 00:00:10.260,0.040686,0.286678,10.68283,0.033895,0.053819,0.076763
2024-01-01 00:00:10.270,0.134044,0.202718,10.724006,0.073818,0.072344,0.059947
2024-01-01 00:00:10.280,0.382935,0.104861,10.308374,0.045239,0.200521,0.072048
2024-01-01 00:00:10.290,0.290026,0.032259,9.915642,-0.066065,0.153223,0.047197
2024-01-01 00:00:10.300,0.225644,0.020151,10.036588,-0.109008,-0.003495,0.094375
2024-01-01 00:00:10.310,0.007091,-0.034468,9.380216,-0.06434,0.166458,0.037245
2024-01-01 00:00:10.320,0.130763,-0.024525,9.139674,-0.083519,0.071793,-0.106016
2024-01-01 00:00:10.330,0.259109,-0.076176,9.371919,-0.068948,0.183927,-0.138704
2024-01-01 00:00:10.340,0.321245,-0.094422,8.731123,-0.059823,-0.024296,-0.050203
2024-01-01 00:00:10.350,-0.130747,-0.13317,8.754726,-0.160998,0.162302,-0.148159
2024-01-01 00:00:10.360,0.290966,-0.192533,8.793962,0.023558,0.067696,-0.118983
2024-01-01 00:00:10.370,0.080731,-0.062211,8.463278,0.050395,0.15723,-0.058057
2024-01-01 00:00:10.380,0.184201,-0.152227,9.087397,-0.082266,0.03662,-0.013556
2024-01-01 00:00:10.390,-0.023932,-0.164339,9.43327,-0.119743,-0.042285,-0.042578
2024-01-01 00:00:10.400,0.007364,-0.332057,9.863173,-0.234939,-0.137708,-0.033235
2024-01-01 00:00:10.410,-0.161385,-0.241015,9.869371,-0.11046,-0.010833,-0.007098
2024-01-01 00:00:10.420,-0.035983,0.052017,10.295245,-0.167496,-0.016577,0.087619
2024-01-01 00:00:10.430,0.109835,-0.146778,10.474718,-0.108455,-0.064459,0.089302
2024-01-01 00:00:10.440,0.054305,-0.223304,10.311479,-0.193121,0.099561,0.075436
2024-01-01 00:00:10.450,-0.02885,-0.047188,10.690909,-0.131915,-0.042786,0.111244
2024-01-01 00:00:10.460,-0.247406,-0.343752,10.981192,-0.161402,-0.302679,0.111994
2024-01-01 00:00:10.470,-0.198101,-0.191737,11.056412,-0.138349,-0.064874,0.082559
2024-01-01 00:00:10.480,-0.253997,-0.007204,10.501472,-0.152725,-0.034144,0.052856
2024-01-01 00:00:10.490,-0.152021,0.06785,10.214779,-0.007129,-0.16637,0.059947
2024-01-01 00:00:10.500,-0.080786,-0.055692,10.019668,0.04136,-0.04355,0.095197
2024-01-01 00:00:10.510,-0.341813,0.066095,9.846235,-0.127442,-0.09323,0.02834
2024-01-01 00:00:10.520,-0.260268,-0.144126,9.428706,-0.143474,0.007754,-0.003953
2024-01-01 00:00:10.530,-0.075566,-0.091422,9.217595,0.103664,-0.184412,0.061806
2024-01-01 00:00:10.540,-0.04169,0.272522,9.14464,0.113418,-0.060015,-0.195905
2024-01-01 00:00:10.550,-0.302693,-0.085268,9.535253,0.19511,-0.062825,-0.066864
2024-01-01 00:00:10.560,-0.145824,0.283273,8.539713,0.019055,-0.017563,-0.072633
2024-01-01 00:00:10.570,0.036495,0.124412,8.844216,0.244777,0.012102,-0.107218
2024-01-01 00:00:10.580,0.062388,0.172221,8.630803,0.390171,0.050643,-0.174882
2024-01-01 00:00:10.590,-0.10094,0.021446,9.512475,0.107505,0.076758,-0.035917
2024-01-01 00:00:10.600,0.102959,0.028806,9.68618,-0.059188,0.036407,-0.058325
2024-01-01 00:00:10.610,0.04842,0.022607,9.969244,0.031167,-0.008464,-0.053843
2024-01-01 00:00:10.620,-0.080599,0.179618,9.872911,0.230571,-0.042237,0.085819
2024-01-01 00:00:10.630,0.267384,0.090501,10.267148,0.235924,-0.008336,0.042769
2024-01-01 00:00:10.640,0.043364,-0.016576,10.502695,0.071518,-0.026884,-0.026742
2024-01-01 00:00:10.650,0.104498,0.090095,10.556027,-0.027374,0.100469,0.091911
2024-01-01 00:00:10.660,-0.047915,0.141178,10.899531,-0.074605,0.01816,0.042699
2024-01-01 00:00:10.670,0.102216,-0.025873,10.744271,-0.019629,0.083361,0.005922
2024-01-01 00:00:10.680,0.092131,0.063662,10.544662,0.045773,0.137738,0.034503
2024-01-01 00:00:10.690,-0.023771,0.109596,10.395073,0.015185,0.029654,0.095778
2024-01-01 00:00:10.700,0.249487,-0.199272,10.233904,-0.090931,0.16092,-0.034104
2024-01-01 00:00:10.710,0.114074,0.001666,9.641348,-0.050444,0.110413,0.001838
2024-01-01 00:00:10.720,0.309142,0.128878,9.272606,-0.05146,0.190688,-0.022242
2024-01-01 00:00:10.730,0.155261,-0.045834,9.671963,-0.128292,0.146553,-0.041337
2024-01-01 00:00:10.740,0.315654,-0.085239,9.274635,-0.257769,-0.035393,-0.010587
2024-01-01 00:00:10.750,0.171073,-0.110088,8.631407,-0.085276,0.079777,-0.136316
2024-01-01 00:00:10.760,0.122431,-0.218244,8.754044,-0.234994,0.110646,-0.056744
2024-01-01 00:00:10.770,0.098219,-0.132103,8.819203,-0.079808,0.139782,-0.039381
2024-01-01 00:00:10.780,-0.005184,0.02343,8.787884,-0.052731,0.068839,-0.130049
2024-01-01 00:00:10.790,0.008827,-0.131876,9.090988,-0.154201,0.023592,-0.04919
2024-01-01 00:00:10.800,0.137779,-0.08886,9.949405,-0.090967,0.046305,-0.022396
2024-01-01 00:00:10.810,0.106083,-0.194611,9.916902,-0.049089,0.082165,-0.009894
2024-01-01 00:00:10.820,-0.03821,-0.227817,10.181631,-0.080212,-0.082086,0.106086
2024-01-01 00:00:10.830,-0.063279,-0.098929,10.280974,-0.19379,0.055983,0.006088
2024-01-01 00:00:10.840,-0.245869,-0.233736,10.582258,-0.09016,-0.02165,0.024146
2024-01-01 00:00:10.850,-0.168267,-0.249746,10.379666,-0.137548,-0.052086,0.014513
2024-01-01 00:00:10.860,-0.197077,-0.166477,10.987537,-0.117872,-0.18522,0.086998
2024-01-01 00:00:10.870,-0.313659,-0.311728,10.5413,-0.123839,-0.153257,0.065198
2024-01-01 00:00:10.880,-0.028805,-0.141897,10.620578,-0.095205,-0.01089,0.043196
2024-01-01 00:00:10.890,-0.210056,-0.097148,10.389375,-0.004163,-0.045428,0.131276
2024-01-01 00:00:10.900,-0.209784,0.046367,10.346921,-0.190719,-0.074978,0.013849
2024-01-01 00:00:10.910,-0.1062,0.185577,9.733442,-0.018435,-0.212251,-0.009454
2024-01-01 00:00:10.920,-0.309875,-0.001614,9.523741,-0.050192,-0.12163,-0.098597
2024-01-01 00:00:10.930,-0.112611,-0.071891,9.209844,0.045832,-0.192943,-0.001182
2024-01-01 00:00:10.940,-0.456869,0.047138,8.885306,0.00648,-0.03602,-0.0159
2024-01-01 00:00:10.950,-0.240465,0.096132,8.972131,0.1959,0.013763,-0.012405
2024-01-01 00:00:10.960,-0.394741,0.110736,9.174823,0.185213,0.055357,-0.099973
2024-01-01 00:00:10.970,0.016247,0.275958,9.211027,0.194049,-0.01647,-0.145392
2024-01-01 00:00:10.980,-0.018326,0.214561,9.104974,0.1385,-0.062056,-0.046458
2024-01-01 00:00:10.990,-0.157018,0.216066,9.286927,0.15709,-0.047066,-0.083653
2024-01-01 00:00:11.000,-0.050325,0.151229,9.129335,0.178718,0.096077,-0.025003
2024-01-01 00:00:11.010,-0.122989,0.225561,9.750189,0.266253,-0.007031,-0.053309
2024-01-01 00:00:11.020,0.05953,0.065095,9.746804,0.226649,-0.064376,0.023989
2024-01-01 00:00:11.030,0.133358,0.155045,10.124678,0.105154,0.113972,0.041527
2024-01-01 00:00:11.040,-0.003184,0.268179,10.598796,0.25117,0.03984,0.051027
2024-01-01 00:00:11.050,0.144331,0.316878,10.251841,0.311482,0.082087,0.052935
2024-01-01 00:00:11.060,0.020965,0.108241,10.771133,0.02325,0.076687,0.130533
2024-01-01 00:00:11.070,0.106855,0.18307,10.788144,0.16545,0.123916,0.10356
2024-01-01 00:00:11.080,0.191791,-0.074636,10.3983,-0.027701,0.201694,0.065998
2024-01-01 00:00:11.090,0.272539,0.024395,10.576848,0.035664,0.129073,0.179372
2024-01-01 00:00:11.100,0.11262,0.146711,10.493103,0.023267,0.15996,0.07374
2024-01-01 00:00:11.110,0.185242,0.320301,9.864593,-0.002609,0.097706,0.0422
2024-01-01 00:00:11.120,0.254207,-0.022245,10.347239,0.029536,-0.001187,-0.00674
2024-01-01 00:00:11.130,0.28955,0.114981,9.716673,-0.051585,0.104025,-0.051707
2024-01-01 00:00:11.140,0.357807,-0.082193,9.246512,-0.068801,0.140442,-0.097536
2024-01-01 00:00:11.150,0.157656,-0.094464,8.904738,-0.169047,0.09437,-0.019728
2024-01-01 00:00:11.160,0.392783,-0.043289,9.174445,-0.169753,0.007143,-0.108899
2024-01-01 00:00:11.170,0.045618,-0.035421,8.972756,-0.102567,0.174748,-0.113839
2024-01-01 00:00:11.180,0.219673,-0.186046,9.009389,-0.095318,-0.021508,-0.021383
2024-01-01 00:00:11.190,0.284329,-0.088626,9.016792,-0.148642,0.01699,-0.133087
2024-01-01 00:00:11.200,0.286717,-0.069764,9.163845,-0.264244,0.047358,-0.061224
2024-01-01 00:00:11.210,0.020683,-0.148618,9.54777,-0.062726,-0.024639,-0.017435
2024-01-01 00:00:11.220,-0.123337,-0.376884,9.806488,-0.138147,0.073355,-0.064091
2024-01-01 00:00:11.230,-0.210562,-0.18532,10.077337,-0.168868,-0.110833,0.060106
2024-01-01 00:00:11.240,-0.10911,-0.103918,10.186195,-0.072261,-0.081165,0.115383
2024-01-01 00:00:11.250,-0.306724,-0.200199,10.643264,-0.139995,-0.10092,-0.017848
2024-01-01 00:00:11.260,-0.207343,0.110355,11.00858,-0.135259,-0.127019,0.135293
2024-01-01 00:00:11.270,-0.355158,-0.105015,10.512376,-0.074117,-0.054494,0.116473
2024-01-01 00:00:11.280,-0.117275,-0.033495,10.775094,0.030674,-0.053568,0.07019
2024-01-01 00:00:11.290,-0.041014,0.076846,10.58266,-0.081924,-0.152065,0.052896
2024-01-01 00:00:11.300,-0.206216,-0.244202,10.72567,0.085992,-0.150456,0.126542
2024-01-01 00:00:11.310,-0.020382,0.054905,10.200623,0.048155,-0.162379,0.073086
2024-01-01 00:00:11.320,-0.240066,-0.271544,9.801732,-0.085316,-0.108184,0.01773
2024-01-01 00:00:11.330,-0.121534,0.113783,9.719044,0.05117,-0.088769,-0.075673
2024-01-01 00:00:11.340,-0.306935,0.056905,9.066328,-0.039659,-0.13047,0.006855
2024-01-01 00:00:11.350,-0.153875,-0.012474,9.266341,0.067962,0.069725,-0.053288
2024-01-01 00:00:11.360,-0.069449,0.1273,8.977274,0.065011,-0.065387,-0.152382
2024-01-01 00:00:11.370,-0.106108,0.301882,9.146808,0.035422,-0.039785,-0.089806
2024-01-01 00:00:11.380,-0.000296,0.189918,8.555396,0.217721,-0.014445,-0.118975
2024-01-01 00:00:11.390,-0.081372,0.363666,8.998046,0.144363,-0.034656,-0.10445
2024-01-01 00:00:11.400,-0.062054,0.238201,9.001447,0.211188,-0.031942,-0.015914
2024-01-01 00:00:11.410,-0.022672,0.075781,9.693506,0.160521,0.059019,-0.042419
2024-01-01 00:00:11.420,0.132815,0.220935,10.027456,0.127502,0.056378,0.031116
2024-01-01 00:00:11.430,0.065089,0.325507,9.908067,0.134702,0.089632,0.039022
2024-01-01 00:00:11.440,0.104469,0.062145,10.09856,0.080011,0.016803,-0.005788
2024-01-01 00:00:11.450,0.10248,0.334148,10.767755,0.248139,0.07512,0.101608
2024-01-01 00:00:11.460,0.247008,0.094691,10.854973,0.194177,0.09951,0.034941
2024-01-01 00:00:11.470,-0.152499,0.20383,10.833076,-0.011362,0.012728,0.114736
2024-01-01 00:00:11.480,0.076148,0.142769,10.719275,0.097274,-0.025556,0.067407
2024-01-01 00:00:11.490,0.176391,0.01317,10.550701,-0.010771,0.209672,0.115689
2024-01-01 00:00:11.500,0.201035,-0.076533,10.131265,-0.007769,0.097542,0.111798
2024-01-01 00:00:11.510,0.016314,0.053295,10.273757,0.028651,0.239204,-0.005676
2024-01-01 00:00:11.520,0.387517,-0.041311,10.401584,0.016473,0.170007,0.019293
2024-01-01 00:00:11.530,0.222997,-0.078638,9.540539,-0.032537,0.066531,0.111522
2024-01-01 00:00:11.540,0.131637,0.011024,9.470618,0.000849,0.008631,-0.062162
2024-01-01 00:00:11.550,0.357445,0.032278,9.312636,-0.033514,0.059507,-0.052245
2024-01-01 00:00:11.560,0.290567,-0.178714,9.174831,-0.038339,0.110004,-0.074275
2024-01-01 00:00:11.570,-0.01972,-0.138838,8.685908,-0.105238,0.127418,-0.095529
2024-01-01 00:00:11.580,-0.12648,-0.08163,8.649484,-0.136089,0.091636,-0.116633
2024-01-01 00:00:11.590,0.008364,0.023725,8.781774,-0.10661,0.119655,-0.088347
2024-01-01 00:00:11.600,0.191116,-0.214748,9.205267,-0.013194,0.091778,-0.041622
2024-01-01 00:00:11.610,0.158075,-0.239439,9.363665,-0.058883,0.098265,-0.034004
2024-01-01 00:00:11.620,0.069261,-0.074743,9.252824,-0.205185,0.067657,-0.102566
2024-01-01 00:00:11.630,0.097172,-0.120638,9.919932,-0.070215,0.029251,-0.026067
2024-01-01 00:00:11.640,-0.056904,-0.182374,10.210524,-0.14599,-0.094448,0.076175
2024-01-01 00:00:11.650,0.081377,-0.217873,10.406298,-0.291178,0.116473,0.089765
2024-01-01 00:00:11.660,0.011956,0.059128,10.552588,-0.118422,-0.019523,0.054937
2024-01-01 00:00:11.670,-0.22753,-0.113199,10.616706,-0.096637,-0.067363,0.092912
2024-01-01 00:00:11.680,-0.148278,0.070941,10.65267,-0.201117,-0.048368,0.036248
2024-01-01 00:00:11.690,-0.151289,-0.079707,10.816466,-0.060702,-0.217537,-0.00764
2024-01-01 00:00:11.700,-0.073876,-0.04927,10.261577,0.12281,-0.086465,0.035198
2024-01-01 00:00:11.710,-0.303325,0.20394,10.643428,0.095072,-0.301854,0.012199
2024-01-01 00:00:11.720,-0.205062,0.114249,9.530952,-0.0255,-0.108716,0.000162
2024-01-01 00:00:11.730,-0.1299,-0.028927,9.747508,-0.015983,-0.058027,0.046853
2024-01-01 00:00:11.740,-0.25616,-0.123519,9.462929,0.100207,-0.051775,-0.021777
2024-01-01 00:00:11.750,-0.078269,0.066146,9.118116,0.126494,-0.245081,-0.032313
2024-01-01 00:00:11.760,-0.085722,-0.01582,9.129767,0.013636,-0.067563,-0.109406
2024-01-01 00:00:11.770,-0.232645,0.072793,8.766982,0.150813,0.012603,-0.118951
2024-01-01 00:00:11.780,-0.147463,0.022216,9.195617,0.156968,-0.144035,-0.062119
2024-01-01 00:00:11.790,-0.096892,0.199069,8.919167,0.024478,-0.041885,-0.041928
2024-01-01 00:00:11.800,-0.099049,0.242124,8.870605,0.132503,-0.109381,-0.132212
2024-01-01 00:00:11.810,-0.197263,0.198586,9.055356,0.186632,-0.068341,-0.009487
2024-01-01 00:00:11.820,-0.131329,0.406927,9.429296,0.207749,-0.038179,0.064997
2024-01-01 00:00:11.830,0.20534,0.220808,9.650065,0.221159,-0.093793,0.052738
2024-01-01 00:00:11.840,-0.029282,0.131003,9.908369,0.185277,0.039526,0.054141
2024-01-01 00:00:11.850,0.117698,0.097923,10.054361,0.110403,0.043531,0.007195
2024-01-01 00:00:11.860,0.020317,0.22482,10.678796,0.180341,0.144053,0.00736
2024-01-01 00:00:11.870,-0.126401,0.11589,10.733527,0.087491,0.115311,0.059751
2024-01-01 00:00:11.880,0.381757,0.016373,10.863531,0.203207,0.113378,0.070284
2024-01-01 00:00:11.890,0.05334,0.026657,10.562158,0.11993,0.053098,0.163158
2024-01-01 00:00:11.900,0.182898,0.08296,10.620329,0.067178,0.033939,0.08247
2024-01-01 00:00:11.910,0.081595,0.037892,9.978272,0.005119,0.218669,0.119185
2024-01-01 00:00:11.920,0.143629,0.037441,10.264973,-0.056168,0.143381,0.053157
2024-01-01 00:00:11.930,0.186404,0.084312,9.646581,0.14669,0.085327,-0.048717
2024-01-01 00:00:11.940,0.142494,-0.081812,9.744366,0.163603,0.205125,0.009256
2024-01-01 00:00:11.950,0.250107,0.012566,9.565129,0.017228,0.075009,-0.031806
2024-01-01 00:00:11.960,0.390305,0.031975,9.29324,-0.040416,0.185058,-0.017425
2024-01-01 00:00:11.970,0.12943,0.040288,8.972644,-0.151919,-0.000657,-0.123057
2024-01-01 00:00:11.980,0.301804,-0.285123,8.766024,-0.188274,0.132451,-0.148035
2024-01-01 00:00:11.990,0.054793,-0.221358,9.125033,-0.084892,0.131014,-0.094971
2024-01-01 00:00:12.000,0.156903,-0.088237,9.165523,-0.081145,0.01363,-0.045235
2024-01-01 00:00:12.010,0.008315,0.048076,9.285044,-0.10013,-0.063708,-0.106924
2024-01-01 00:00:12.020,0.046029,-0.226729,9.641686,-0.163576,0.148903,-0.003834
2024-01-01 00:00:12.030,0.013546,-0.029391,9.632465,-0.143688,0.025179,-0.046372
2024-01-01 00:00:12.040,0.145103,-0.199326,9.675056,-0.179846,-0.000798,0.028593
2024-01-01 00:00:12.050,0.042691,-0.371787,10.281932,-0.142483,0.038728,-0.005679
2024-01-01 00:00:12.060,-0.012002,-0.144642,10.63882,-0.177198,0.04973,0.077571
2024-01-01 00:00:12.070,-0.13257,-0.098839,10.711817,-0.082827,-0.024012,0.063581
2024-01-01 00:00:12.080,-0.016783,-0.075217,10.678662,-0.16867,-0.031647,0.164783
2024-01-01 00:00:12.090,-0.036652,-0.090156,10.759447,-0.066226,-0.112558,0.096948
2024-01-01 00:00:12.100,-0.141583,-0.114278,10.772798,-0.242448,-0.125337,0.08341
2024-01-01 00:00:12.110,-0.246192,-0.093498,10.542625,-0.077741,-0.199282,0.087238
2024-01-01 00:00:12.120,-0.160919,0.068676,10.439998,-0.102053,-0.061819,-0.016928
2024-01-01 00:00:12.130,-0.365051,-0.148107,10.083675,-0.07149,-0.230615,0.07968
2024-01-01 00:00:12.140,-0.071333,-0.233262,9.962967,0.048635,-0.072614,-0.009069
2024-01-01 00:00:12.150,-0.432189,-0.013657,9.651813,-0.058205,-0.117568,-0.101096
2024-01-01 00:00:12.160,-0.04613,0.025263,9.336761,0.108829,-0.084088,-0.1303
2024-01-01 00:00:12.170,-0.2851,0.105214,9.256721,0.088988,-0.087171,-0.093362
2024-01-01 00:00:12.180,-0.239142,0.034019,9.076929,-0.017236,-0.177743,-0.102124
2024-01-01 00:00:12.190,-0.194492,0.184362,8.785288,0.039515,-0.099463,-0.019672
2024-01-01 00:00:12.200,-0.034734,-0.023934,8.804116,0.127325,0.065684,0.032687
2024-01-01 00:00:12.210,-0.15152,0.197029,8.933423,0.173249,0.023928,0.012466
2024-01-01 00:00:12.220,0.043579,0.095191,9.320253,0.232963,0.043666,-0.057895
2024-01-01 00:00:12.230,0.10015,0.243381,9.179749,0.122045,0.067594,-0.120365
2024-01-01 00:00:12.240,0.115681,0.086979,9.457587,0.052999,-0.072381,0.195625
2024-01-01 00:00:12.250,-0.08976,0.058655,9.996686,0.22799,-0.004176,-0.002352
2024-01-01 00:00:12.260,0.214922,0.154885,10.555501,0.161884,0.023163,0.026954
2024-01-01 00:00:12.270,0.01944,0.057345,10.681521,0.045856,0.109914,0.095564
2024-01-01 00:00:12.280,0.372935,0.193378,10.471187,0.208513,0.123159,0.06643
2024-01-01 00:00:12.290,0.086319,0.214455,10.574881,0.092443,0.00913,0.053467
2024-01-01 00:00:12.300,-0.109937,0.043313,10.670582,0.22295,0.064116,-0.059651
2024-01-01 00:00:12.310,0.299869,0.247316,10.401644,0.046899,0.176954,-0.014149
2024-01-01 00:00:12.320,0.161048,-0.116737,10.250516,-0.062941,-0.054326,0.05071
2024-01-01 00:00:12.330,0.064226,-0.05811,10.296777,-0.009777,0.105547,0.145799
2024-01-01 00:00:12.340,0.077475,0.040765,9.873745,-0.02811,0.000725,-0.009017
2024-01-01 00:00:12.350,0.400895,-0.273245,10.029345,-0.16465,0.10171,0.054137
2024-01-01 00:00:12.360,0.170328,-0.170196,9.294049,0.070449,0.066546,0.023015
2024-01-01 00:00:12.370,0.139034,-0.106452,8.963922,0.004504,0.146737,-0.11714
2024-01-01 00:00:12.380,0.190704,-0.048468,8.939693,-0.1054,-0.055356,-0.063212
2024-01-01 00:00:12.390,0.207438,-0.001003,8.855885,-0.109737,0.082187,-0.130717
2024-01-01 00:00:12.400,-0.01466,-0.148854,8.822584,-0.260837,-0.08455,-0.14434
2024-01-01 00:00:12.410,0.132796,-0.158885,8.988453,-0.106628,0.010704,-0.048248
2024-01-01 00:00:12.420,-0.015403,-0.080684,9.386267,-0.118472,-0.017836,0.004364
2024-01-01 00:00:12.430,0.042842,-0.281674,9.441337,-0.190319,-0.082602,-0.094565
2024-01-01 00:00:12.440,0.026488,-0.197342,9.55874,-0.09383,0.001057,-0.057465
2024-01-01 00:00:12.450,0.376637,-0.088763,9.94118,-0.263433,-0.00164,-0.024453
2024-01-01 00:00:12.460,0.106659,-0.153261,10.197346,-0.065578,-0.006932,0.070296
2024-01-01 00:00:12.470,0.27353,0.092381,9.949892,-0.024882,0.067328,-0.011665
2024-01-01 00:00:12.480,-0.136556,-0.22801,10.696157,-0.113787,-0.024911,0.050411
2024-01-01 00:00:12.490,-0.008022,-0.255294,10.92197,-0.131424,0.006067,0.07838
2024-01-01 00:00:12.500,-0.120289,-0.059341,10.915187,-0.029527,-0.141348,0.023955
2024-01-01 00:00:12.510,0.016168,-0.214035,10.738732,-0.104981,-0.071435,0.078478
2024-01-01 00:00:12.520,-0.428747,-0.029259,10.666713,-0.07297,0.001561,0.153991
2024-01-01 00:00:12.530,-0.356432,-0.149269,10.317021,0.10741,-0.124418,0.00529
2024-01-01 00:00:12.540,-0.405633,-0.004463,9.712534,-0.00074,-0.105326,0.036298
2024-01-01 00:00:12.550,-0.093685,0.074661,9.850583,0.047643,-0.151295,0.033337
2024-01-01 00:00:12.560,-0.296021,0.015744,9.415703,0.025832,-0.075509,-0.073567
2024-01-01 00:00:12.570,-0.147497,0.084678,9.057815,0.119912,-0.208192,-0.026843
2024-01-01 00:00:12.580,-0.133713,-0.068788,9.047278,-0.004053,-0.087761,-0.132936
2024-01-01 00:00:12.590,-0.189672,0.200532,9.081532,0.172209,-0.096003,-0.082394
2024-01-01 00:00:12.600,-0.024541,0.331476,8.967805,0.098781,-0.112273,-0.119979
2024-01-01 00:00:12.610,-0.1379,0.2161,9.029108,0.02792,-0.085452,-0.002597
2024-01-01 00:00:12.620,0.036346,0.320693,8.823059,0.276814,-0.009618,-0.040626
2024-01-01 00:00:12.630,-0.135471,0.136439,9.365062,0.20199,0.076584,0.031405
2024-01-01 00:00:12.640,0.030172,0.196398,9.633089,0.225627,-0.180277,-0.016323
2024-01-01 00:00:12.650,0.083136,0.281338,9.564699,-0.075455,-0.019433,-0.048762
2024-01-01 00:00:12.660,-0.153353,0.04129,10.094117,0.203989,0.044823,-0.020507
2024-01-01 00:00:12.670,0.082199,0.106043,10.559618,0.174451,0.133593,0.040516
2024-01-01 00:00:12.680,0.053603,0.076833,10.791047,0.14773,0.121645,0.116343
2024-01-01 00:00:12.690,0.024768,0.174354,11.027268,0.141838,0.061226,0.053604
2024-01-01 00:00:12.700,0.438528,0.128281,10.493265,0.037705,0.119248,0.055304
2024-01-01 00:00:12.710,0.269057,-0.006468,10.533015,0.022397,-0.047253,0.195925
2024-01-01 00:00:12.720,0.312912,0.038658,10.820507,0.143448,0.036818,0.107722
2024-01-01 00:00:12.730,0.413894,0.015725,10.660296,0.120557,-0.003337,0.056263
2024-01-01 00:00:12.740,0.281971,0.099116,10.122418,0.108456,0.158769,0.048564
2024-01-01 00:00:12.750,0.134051,0.081596,9.954753,0.086021,0.100316,0.020164
2024-01-01 00:00:12.760,0.374751,-0.144952,9.439785,-0.033235,0.076264,0.128162
2024-01-01 00:00:12.770,0.074557,-0.094712,9.320084,-0.188661,0.160089,-0.035406
2024-01-01 00:00:12.780,0.034422,-0.177115,9.006063,-0.085972,0.080398,0.01991
2024-01-01 00:00:12.790,0.207913,0.002433,8.67149,0.03589,0.036192,-0.101013
2024-01-01 00:00:12.800,0.229031,0.100387,8.594452,-0.074218,0.040658,0.031034
2024-01-01 00:00:12.810,0.039646,-0.214948,8.958778,-0.213839,0.049979,-0.058121
2024-01-01 00:00:12.820,0.044943,-0.160846,8.779358,-0.32104,0.114067,0.012526
2024-01-01 00:00:12.830,-0.018179,-0.133981,9.450378,-0.121833,0.026425,0.019206
2024-01-01 00:00:12.840,0.095535,-0.279081,9.183249,-0.163604,-0.057543,-0.057372
2024-01-01 00:00:12.850,0.006521,-0.007503,9.466029,-0.125458,-0.031294,0.022567
2024-01-01 00:00:12.860,-0.072541,-0.204556,10.228504,-0.054206,-0.080561,0.018405
2024-01-01 00:00:12.870,-0.063284,-0.065231,10.154783,-0.225253,0.03018,-0.01554
2024-01-01 00:00:12.880,0.047209,-0.063144,10.709361,-0.050694,-0.043431,0.097694
2024-01-01 00:00:12.890,-0.11951,-0.202706,10.436402,-0.08896,-0.01988,0.034237
2024-01-01 00:00:12.900,-0.149819,0.053994,10.776465,-0.032741,-0.159877,0.174172
2024-01-01 00:00:12.910,-0.194202,-0.037916,10.830292,-0.147917,0.010456,0.097569
2024-01-01 00:00:12.920,0.014168,0.024332,10.500614,-0.021821,-0.184687,0.042802
2024-01-01 00:00:12.930,-0.119028,-0.193885,10.165273,-0.129315,-0.077293,-0.035109
2024-01-01 00:00:12.940,-0.04923,-0.025119,10.414245,0.025178,-0.109554,-0.086697
2024-01-01 00:00:12.950,-0.16098,-0.137622,9.968548,0.051076,-0.114396,0.017805
2024-01-01 00:00:12.960,-0.385691,0.267689,9.876958,0.111606,-0.22646,-0.112039
2024-01-01 00:00:12.970,-0.243167,0.048924,9.600399,-0.043267,-0.177471,-0.099658
2024-01-01 00:00:12.980,-0.164339,-0.013583,9.040988,0.068415,-0.177893,0.038436
2024-01-01 00:00:12.990,-0.023249,-0.098703,8.801451,0.140399,-0.063711,-0.017084
2024-01-01 00:00:13.000,-0.440088,0.305063,8.691972,0.088949,-0.1265,-0.110489
2024-01-01 00:00:13.010,-0.049788,0.237496,9.496105,0.124717,-0.027793,-0.07223
2024-01-01 00:00:13.020,0.031145,-0.002403,8.690642,-0.027211,-0.143358,-0.112848
2024-01-01 00:00:13.030,-0.201982,0.156561,9.055556,0.119206,-0.138549,-0.045069
2024-01-01 00:00:13.040,-0.230808,0.084516,9.45742,0.152592,-0.119747,-0.027
2024-01-01 00:00:13.050,0.355042,0.278083,9.327983,0.177159,-0.001628,-0.076543
2024-01-01 00:00:13.060,0.006549,0.172414,9.992689,0.201237,0.059434,-0.015458
2024-01-01 00:00:13.070,-0.044956,-0.037336,10.047357,0.21847,-0.043997,0.062255
2024-01-01 00:00:13.080,0.085935,0.199677,10.371212,0.246229,0.077468,0.022309
2024-01-01 00:00:13.090,0.216739,0.25879,10.655397,0.071599,0.009889,-0.006028
2024-01-01 00:00:13.100,0.035069,0.151304,10.543949,0.243481,0.018406,0.14697
2024-01-01 00:00:13.110,0.31094,0.235287,10.7079,0.082049,0.080408,0.173293
2024-01-01 00:00:13.120,-0.033338,-0.084833,10.479676,0.218282,0.177362,0.083237
2024-01-01 00:00:13.130,0.166161,0.161232,10.822752,0.163336,0.043971,0.042917
2024-01-01 00:00:13.140,0.195938,-0.13732,10.537712,0.005084,0.165866,0.063644
2024-01-01 00:00:13.150,0.375688,0.096134,10.127368,0.168948,0.15367,-0.021905
2024-01-01 00:00:13.160,0.183487,-0.108855,10.091504,0.005872,0.005567,-0.040399
2024-01-01 00:00:13.170,0.183253,-0.089481,9.290687,-0.068954,0.069527,0.013216
2024-01-01 00:00:13.180,0.15042,-0.065428,9.025172,0.022209,0.0273,-0.120087
2024-01-01 00:00:13.190,-0.113851,0.138894,8.945021,-0.06184,0.103184,-0.05097
2024-01-01 00:00:13.200,0.099783,-0.013579,8.688156,-0.170961,0.024595,-0.08371
2024-01-01 00:00:13.210,0.4107,0.022576,8.61238,-0.027062,0.058497,-0.025586
2024-01-01 00:00:13.220,0.098885,-0.13717,8.68968,-0.230933,0.110164,-0.067181
2024-01-01 00:00:13.230,0.183638,-0.263866,9.333523,-0.29314,0.094741,-0.201261
2024-01-01 00:00:13.240,0.024646,-0.250518,9.287264,-0.149109,-0.047391,0.022859
2024-01-01 00:00:13.250,0.062885,-0.325597,9.449091,-0.165858,0.053018,0.008091
2024-01-01 00:00:13.260,-0.029966,-0.00633,9.729507,-0.116664,0.091396,0.014113
2024-01-01 00:00:13.270,-0.126496,-0.184698,9.904202,-0.142518,-0.020122,-0.061253
2024-01-01 00:00:13.280,-0.006451,-0.026087,10.153078,-0.196246,-0.061295,-0.022538
2024-01-01 00:00:13.290,-0.179478,-0.254275,10.520303,-0.198837,-0.232308,0.110187
2024-01-01 00:00:13.300,0.005705,-0.099409,10.795999,-0.142106,-0.025294,0.076631
2024-01-01 00:00:13.310,-0.055378,-0.24566,10.91245,-0.106443,-0.045285,0.117206
2024-01-01 00:00:13.320,-0.252448,-0.058367,10.977915,-0.135997,-0.191666,0.12084
2024-01-01 00:00:13.330,-0.265303,-0.048066,10.573509,-0.020749,-0.107412,0.035135
2024-01-01 00:00:13.340,-0.039931,-0.136979,10.61798,0.032181,-0.118028,0.082584
2024-01-01 00:00:13.350,-0.066321,0.175631,10.055085,-0.009745,-0.046121,0.04322
2024-01-01 00:00:13.360,-0.24463,0.050037,9.879088,0.029487,-0.168383,0.055626
2024-01-01 00:00:13.370,-0.21998,0.084831,9.619688,-0.016321,-0.124931,-0.04305
2024-01-01 00:00:13.380,-0.229781,0.031507,9.388671,-0.107687,-0.216327,-0.103359
2024-01-01 00:00:13.390,-0.017258,0.074796,8.960002,0.035278,-0.181499,-0.054263
2024-01-01 00:00:13.400,-0.070437,0.206101,8.816993,0.13416,-0.067781,-0.038943
2024-01-01 00:00:13.410,-0.091263,0.205777,8.616653,0.022759,0.057714,-0.101518
2024-01-01 00:00:13.420,-0.236603,0.102236,8.719148,0.06984,-0.118004,-0.112518
2024-01-01 00:00:13.430,-0.228975,0.18049,8.696487,0.154354,-0.087176,-0.022466
2024-01-01 00:00:13.440,0.037901,0.201547,9.067737,0.13619,-0.006708,0.040797
2024-01-01 00:00:13.450,0.154864,0.092106,9.487939,0.225564,-0.10785,-0.040033
2024-01-01 00:00:13.460,-0.34234,0.153723,9.76163,0.10782,0.058835,0.001591
2024-01-01 00:00:13.470,-0.176633,0.228873,10.190376,0.135521,0.044215,0.003892
2024-01-01 00:00:13.480,0.122497,0.134843,10.20619,0.003809,0.102668,0.014496
2024-01-01 00:00:13.490,0.04622,-0.0209,10.725818,0.157131,-0.017188,-0.032495
2024-01-01 00:00:13.500,-0.010553,0.094208,10.787125,0.044037,0.061962,0.041286
2024-01-01 00:00:13.510,0.20941,0.196254,11.359302,0.187613,0.016784,0.061828
2024-01-01 00:00:13.520,-0.009469,0.113044,10.807118,0.122447,0.060409,0.070608
2024-01-01 00:00:13.530,0.277014,-0.026051,10.594448,0.015128,0.062878,0.128035
2024-01-01 00:00:13.540,0.130528,0.106697,10.357971,0.032206,0.147885,-0.036808
2024-01-01 00:00:13.550,0.391963,-0.198274,10.39252,-0.093012,0.12036,-0.018779
2024-01-01 00:00:13.560,0.174301,0.101384,10.175327,-0.037314,0.000945,0.042013
2024-01-01 00:00:13.570,0.316583,-0.118243,9.88471,0.084037,0.111886,0.019817
2024-01-01 00:00:13.580,0.141329,0.025897,9.396803,-0.002433,0.0442,0.022613
2024-01-01 00:00:13.590,0.06989,-0.036308,8.980497,-0.128703,0.144526,-0.031823
2024-01-01 00:00:13.600,0.102741,0.067153,9.137385,-0.138804,-0.023755,-0.124851
2024-01-01 00:00:13.610,0.164834,-0.106638,8.65756,-0.034711,0.094546,-0.126093
2024-01-01 00:00:13.620,-0.047467,-0.115951,8.852498,-0.296397,0.005348,-0.119569
2024-01-01 00:00:13.630,0.245624,-0.05105,8.966421,-0.103564,0.079603,-0.061443
2024-01-01 00:00:13.640,0.082636,-0.095736,9.210538,-0.063124,-0.073505,-0.068367
2024-01-01 00:00:13.650,-0.222789,-0.24355,8.738253,-0.083384,-0.012671,-0.022859
2024-01-01 00:00:13.660,-0.15102,-0.239827,9.734805,-0.185167,0.064689,-0.04086
2024-01-01 00:00:13.670,-0.140371,-0.147121,9.858483,-0.022254,-0.019825,0.049922
2024-01-01 00:00:13.680,-0.167969,-0.158583,9.928741,-0.065159,0.010559,0.01665
2024-01-01 00:00:13.690,-0.041161,0.034622,10.550202,-0.026446,0.03436,-0.021329
2024-01-01 00:00:13.700,-0.115863,-0.049979,10.476411,-0.035765,-0.027158,-0.011569
2024-01-01 00:00:13.710,-0.071028,-0.097828,10.539382,-0.128537,-0.078856,0.131121
2024-01-01 00:00:13.720,-0.228035,-0.161008,10.659824,-0.244279,0.059782,0.14109
2024-01-01 00:00:13.730,-0.045934,-0.18504,10.647633,-0.100343,0.049832,-0.027766
2024-01-01 00:00:13.740,-0.261903,-0.058601,10.5853,-0.189065,-0.037309,0.007932
2024-01-01 00:00:13.750,-0.287863,-0.112216,10.485138,-0.119955,-0.03421,0.097506
2024-01-01 00:00:13.760,-0.141621,-0.031236,9.783903,0.021051,-0.214347,0.087691
2024-01-01 00:00:13.770,-0.321869,-0.018777,9.767518,-0.068261,-0.201751,-0.060879
2024-01-01 00:00:13.780,-0.087912,0.032001,9.511368,0.063861,-0.088248,-0.044475
2024-01-01 00:00:13.790,-0.009745,0.037045,9.239089,0.032247,-0.089726,-0.112722
2024-01-01 00:00:13.800,-0.065136,0.095568,9.233012,0.069157,-0.048149,-0.068674
2024-01-01 00:00:13.810,-0.266995,0.094512,9.100771,0.065374,-0.114199,-0.070456
2024-01-01 00:00:13.820,-0.207465,0.110435,9.01115,0.185313,-0.108067,-0.182092
2024-01-01 00:00:13.830,-0.052921,-0.045618,8.86848,0.179491,-0.056204,-0.109314
2024-01-01 00:00:13.840,-0.121558,0.110212,8.985156,0.149216,0.019588,0.005998
2024-01-01 00:00:13.850,0.096282,0.188399,9.115631,0.096888,-0.07273,-0.117776
2024-01-01 00:00:13.860,0.128242,0.056859,9.474081,0.253156,0.017405,-0.046677
2024-01-01 00:00:13.870,0.126847,0.073232,9.642581,0.119217,-0.041083,0.055502
2024-01-01 00:00:13.880,0.215524,0.171929,9.748238,0.098423,-0.022374,0.077243
2024-01-01 00:00:13.890,-0.047879,-0.163827,10.045139,0.148301,0.009627,0.024798
2024-01-01 00:00:13.900,0.006604,0.243956,10.528646,0.155646,-0.115767,0.060962
2024-01-01 00:00:13.910,0.177714,0.098953,10.519878,0.08353,-0.017956,0.042469
2024-01-01 00:00:13.920,0.349327,-0.060889,10.728562,0.108035,0.067103,0.143397
2024-01-01 00:00:13.930,0.045503,0.129848,10.757107,0.15628,0.178006,0.062231
2024-01-01 00:00:13.940,0.144847,0.066387,10.597873,-0.026418,0.127132,-0.047863
2024-01-01 00:00:13.950,0.24531,-0.043578,10.657765,0.065025,0.215439,0.067847
2024-01-01 00:00:13.960,0.182994,0.034131,10.65432,-0.040091,0.122727,0.055928
2024-01-01 00:00:13.970,-0.063605,0.017185,10.047925,-0.001906,0.051919,0.007754
2024-01-01 00:00:13.980,0.132813,0.049453,10.073064,0.104321,0.116261,0.009027
2024-01-01 00:00:13.990,0.14008,0.028549,9.205947,0.043747,0.110506,0.052175
2024-01-01 00:00:14.000,0.140596,-0.087963,9.189302,0.059017,0.125463,-0.067583
2024-01-01 00:00:14.010,0.050896,-0.199842,8.731985,-0.119136,0.069794,-0.17867
2024-01-01 00:00:14.020,0.123864,-0.085523,8.815802,-0.031046,0.012056,-0.081763
2024-01-01 00:00:14.030,-0.124775,-0.044976,8.837662,-0.060428,0.086888,-0.090026
2024-01-01 00:00:14.040,-0.002556,-0.075403,8.88304,-0.062038,0.206553,-0.083585
2024-01-01 00:00:14.050,0.013889,-0.047495,8.973009,-0.128781,-0.047517,-0.032192
2024-01-01 00:00:14.060,0.044199,-0.054464,9.566891,-0.182776,-0.041947,0.029592
2024-01-01 00:00:14.070,0.113138,-0.071682,9.537777,-0.017579,-0.026461,0.033873
2024-01-01 00:00:14.080,-0.082128,-0.285168,9.592639,-0.156151,0.081684,-0.027776
2024-01-01 00:00:14.090,0.020831,-0.236042,10.327758,-0.027733,-0.00635,0.012487
2024-01-01 00:00:14.100,-0.107051,-0.131397,10.636505,-0.063507,-0.002049,-0.047166
2024-01-01 00:00:14.110,-0.260683,-0.268485,10.77178,-0.129297,-0.054245,0.075709
2024-01-01 00:00:14.120,-0.105447,0.057673,10.823464,-0.200844,-0.066759,0.152811
2024-01-01 00:00:14.130,-0.094368,-0.142529,10.253081,0.004022,-0.038575,-0.01164
2024-01-01 00:00:14.140,0.007817,-0.157123,10.589731,0.020351,-0.101539,0.046098
2024-01-01 00:00:14.150,-0.189418,-0.120424,10.521709,-0.180075,-0.157592,0.018145
2024-01-01 00:00:14.160,-0.154108,-0.120185,10.156332,-0.152593,-0.113327,0.029036
2024-01-01 00:00:14.170,-0.062254,-0.07101,10.312575,-0.025679,-0.076847,-0.02031
2024-01-01 00:00:14.180,-0.178422,-0.070334,9.853217,-0.030939,-0.093291,-0.023173
2024-01-01 00:00:14.190,-0.385119,-0.168011,9.389553,-0.05066,-0.047812,-0.025837
2024-01-01 00:00:14.200,-0.268358,-0.045261,9.171439,0.180402,-0.132274,-0.012652
2024-01-01 00:00:14.210,-0.09059,0.318851,8.948776,-0.006678,-0.16708,-0.061139
2024-01-01 00:00:14.220,-0.171545,0.09335,9.012326,0.035099,-0.154806,-0.145911
2024-01-01 00:00:14.230,-0.083659,0.345218,8.754695,-0.021205,-0.142102,-0.119704
2024-01-01 00:00:14.240,0.017555,0.051247,8.877127,0.297298,-0.080888,-0.069207
2024-01-01 00:00:14.250,-0.059804,-0.021485,8.671896,0.153601,-0.008644,-0.014929
2024-01-01 00:00:14.260,-0.042691,0.076406,9.298519,0.110999,0.017554,-0.125965
2024-01-01 00:00:14.270,-0.047742,0.333818,9.187606,0.22604,0.040196,0.039336
2024-01-01 00:00:14.280,0.030676,0.251126,9.872663,0.168977,-0.017431,-0.003832
2024-01-01 00:00:14.290,0.015177,0.000883,10.35356,0.264406,-0.033939,0.029785
2024-01-01 00:00:14.300,0.12375,0.212867,10.428704,0.132747,0.168519,-0.013472
2024-01-01 00:00:14.310,0.062057,0.18831,10.06989,0.02134,0.087663,0.006991
2024-01-01 00:00:14.320,0.118565,0.218909,10.802064,0.173798,0.017292,0.047987
2024-01-01 00:00:14.330,-0.105671,0.168382,10.504474,0.222277,0.087507,0.097116
2024-01-01 00:00:14.340,0.145482,0.14753,10.514192,0.189546,0.104896,0.159653
2024-01-01 00:00:14.350,0.07277,0.021352,10.777945,0.016435,0.166905,0.060032
2024-01-01 00:00:14.360,0.110569,0.03006,10.507235,-0.104611,0.198739,0.042388
2024-01-01 00:00:14.370,0.166749,-0.132709,10.383757,0.147965,0.061103,0.029987
2024-01-01 00:00:14.380,0.168637,-0.050296,9.873358,-0.122411,0.160948,0.039852
2024-01-01 00:00:14.390,0.313676,-0.035275,9.534627,0.171718,0.115693,-0.078418
2024-01-01 00:00:14.400,0.240004,0.074335,9.127673,-0.113788,0.220117,-0.053183
2024-01-01 00:00:14.410,0.163869,-0.039406,8.944067,-0.050317,0.012004,-0.077371
2024-01-01 00:00:14.420,0.056716,-0.01701,9.046726,-0.046766,0.107321,-0.06457
2024-01-01 00:00:14.430,-0.104696,-0.026937,8.369984,-0.118941,0.067914,0.038002
2024-01-01 00:00:14.440,0.130796,-0.20124,8.763468,-0.181552,0.078905,-0.077972
2024-01-01 00:00:14.450,0.326725,-0.206695,8.984865,-0.074944,-0.023106,-0.111626
2024-01-01 00:00:14.460,-0.074212,-0.333981,9.674448,-0.00116,-0.034378,-0.070017
2024-01-01 00:00:14.470,0.172478,-0.105509,9.353282,-0.183357,0.034418,0.008432
2024-01-01 00:00:14.480,-0.039501,-0.13878,10.101669,-0.150671,-0.069258,-0.02024
2024-01-01 00:00:14.490,-0.102653,-0.180513,10.235139,-0.208933,-0.128064,-0.044173
2024-01-01 00:00:14.500,0.134956,-0.175623,10.594469,-0.215538,-0.087776,0.083118
2024-01-01 00:00:14.510,0.014063,-0.210429,10.498573,-0.176872,-0.112984,0.035774
2024-01-01 00:00:14.520,-0.173162,-0.119274,10.608753,-0.156783,0.016442,0.032709
2024-01-01 00:00:14.530,-0.07712,-0.103367,11.019803,-0.14359,-0.137545,0.144103
2024-01-01 00:00:14.540,-0.257418,-0.13371,10.75666,-0.103532,-0.181826,0.071774
2024-01-01 00:00:14.550,-0.044684,-0.10095,10.997492,-0.015013,-0.134759,0.09131
2024-01-01 00:00:14.560,0.005138,-0.082158,10.674574,-0.033935,-0.237745,0.148563
2024-01-01 00:00:14.570,-0.28574,-0.200215,10.044619,-0.076559,-0.190457,-0.048689
2024-01-01 00:00:14.580,-0.024121,0.134252,9.806709,0.054266,-0.1764,-0.034186
2024-01-01 00:00:14.590,-0.232843,0.082133,9.774221,-0.013259,-0.052492,0.018668
2024-01-01 00:00:14.600,-0.168823,0.181959,9.4057,0.104965,-0.111079,-0.000948
2024-01-01 00:00:14.610,-0.072677,-0.08906,9.521402,0.054641,-0.078906,-0.026706
2024-01-01 00:00:14.620,-0.125601,0.099124,9.075535,-0.015435,-0.042727,-0.103096
2024-01-01 00:00:14.630,-0.321192,0.113466,8.683379,0.210411,-0.137315,0.006613
2024-01-01 00:00:14.640,-0.171688,0.021229,8.499599,0.120836,-0.067162,-0.056281
2024-01-01 00:00:14.650,-0.16267,0.202087,8.78542,0.28098,-0.039141,-0.138769
2024-01-01 00:00:14.660,-0.050284,0.097724,8.945927,0.200542,-0.151929,-0.065886
2024-01-01 00:00:14.670,0.027858,0.043944,9.395431,0.178216,-0.12088,-0.093121
2024-01-01 00:00:14.680,0.201909,0.1057,9.580921,0.053877,-0.003956,-0.097437
2024-01-01 00:00:14.690,0.153563,0.027891,9.729343,0.248622,-0.040289,-0.052707
2024-01-01 00:00:14.700,-0.003532,0.119801,10.237057,0.204408,-0.057286,0.087039
2024-01-01 00:00:14.710,0.070921,0.075528,10.196328,0.192815,0.073906,0.126054
2024-01-01 00:00:14.720,0.234894,0.050559,10.828255,0.033252,0.090201,0.039253
2024-01-01 00:00:14.730,0.094796,0.125196,11.037125,0.067768,0.056379,0.122781
2024-01-01 00:00:14.740,-0.100323,0.228023,10.481913,0.187244,0.190012,0.039166
2024-01-01 00:00:14.750,0.109922,0.205382,10.812057,0.11968,0.064308,0.064805
2024-01-01 00:00:14.760,0.116779,0.105198,10.391941,0.098715,0.131967,0.095716
2024-01-01 00:00:14.770,0.207261,0.189519,10.41009,0.038824,0.048486,0.088236
2024-01-01 00:00:14.780,0.107822,-0.098925,9.90271,0.107002,0.128988,0.002152
2024-01-01 00:00:14.790,0.086293,-0.008731,10.159563,-0.05932,0.093885,0.087933
2024-01-01 00:00:14.800,0.136617,0.012213,9.802523,-0.023833,0.234935,-0.037114
2024-01-01 00:00:14.810,0.054876,-0.031764,9.164057,0.005877,0.095346,-0.074075
2024-01-01 00:00:14.820,0.363514,0.13387,9.109625,-0.104231,-0.002057,-0.0594
2024-01-01 00:00:14.830,0.249368,-0.307276,8.771982,-0.060459,0.092972,-0.070559
2024-01-01 00:00:14.840,-0.069113,-0.191979,8.568194,-0.110773,-0.045591,-0.067198
2024-01-01 00:00:14.850,0.106126,0.073372,8.721976,-0.16603,-0.120081,-0.139893
2024-01-01 00:00:14.860,0.235293,-0.129244,8.98323,-0.207038,0.065202,0.008034
2024-01-01 00:00:14.870,0.149005,-0.176387,9.357026,-0.137781,0.036355,-0.157429
2024-01-01 00:00:14.880,0.066218,-0.190562,9.665673,-0.216682,0.125829,-0.039612
2024-01-01 00:00:14.890,0.005978,-0.044387,9.568409,-0.022684,-0.003008,-0.170727
2024-01-01 00:00:14.900,-0.107754,-0.018794,9.824725,-0.203951,-0.129214,0.040076
2024-01-01 00:00:14.910,-0.200694,-0.08261,10.070453,-0.052385,0.03854,0.044231
2024-01-01 00:00:14.920,-0.070649,-0.169164,10.706716,-0.105128,0.075993,0.05219
2024-01-01 00:00:14.930,-0.074701,-0.140389,10.384768,-0.134119,-0.044483,0.091961
2024-01-01 00:00:14.940,-0.055395,-0.169323,10.821941,-0.010961,0.073504,0.096895
2024-01-01 00:00:14.950,-0.057315,-0.167863,11.136981,-0.120325,-0.117799,0.07176
2024-01-01 00:00:14.960,-0.09256,-0.065191,10.888755,0.027036,-0.135171,0.074276
2024-01-01 00:00:14.970,-0.382742,0.004086,10.4272,-0.120329,-0.1343,-0.005
2024-01-01 00:00:14.980,-0.364646,0.080075,10.276569,-0.01148,-0.093193,0.042867
2024-01-01 00:00:14.990,-0.085631,0.083119,9.540962,0.119621,-0.070945,0.019238
2024-01-01 00:00:15.000,-0.088935,0.04081,9.630837,0.137339,-0.093573,-0.012124
2024-01-01 00:00:15.010,-0.294378,-0.065611,9.5067,-0.120806,-0.172715,-0.049165
2024-01-01 00:00:15.020,-0.285125,0.029059,9.110106,0.053139,-0.133294,-0.019058
2024-01-01 00:00:15.030,-0.158324,-0.011658,8.929605,0.24118,-0.139848,-0.103556
2024-01-01 00:00:15.040,-0.330163,0.118679,8.929878,0.070534,-0.105736,-0.080588
2024-01-01 00:00:15.050,-0.218507,-0.036884,8.849832,0.071888,-0.019787,-0.125658
2024-01-01 00:00:15.060,-0.047712,0.179164,9.024769,-0.113419,0.110802,-0.059778
2024-01-01 00:00:15.070,-0.120602,0.074099,8.935282,0.032398,-0.033977,0.018469
2024-01-01 00:00:15.080,0.015773,-0.006023,9.571184,0.191422,-0.060118,-0.008112
2024-01-01 00:00:15.090,-0.176119,0.306872,9.499567,0.128844,-0.031029,-0.018625
2024-01-01 00:00:15.100,0.109629,0.240048,9.943141,0.208789,0.103656,-0.007803
2024-01-01 00:00:15.110,0.280141,0.161998,10.244548,0.034475,0.054798,0.034744
2024-01-01 00:00:15.120,-0.015352,0.190024,10.26956,0.148755,-0.084315,0.012677
2024-01-01 00:00:15.130,0.181259,0.181815,10.74042,0.142932,0.068438,0.039133
2024-01-01 00:00:15.140,-0.023747,0.030403,10.395255,0.088731,0.104663,0.170771
2024-01-01 00:00:15.150,0.033819,0.189961,10.684822,0.208668,0.037216,0.058975
2024-01-01 00:00:15.160,0.250019,-0.076145,10.569663,0.144267,-0.006845,0.07534
2024-01-01 00:00:15.170,0.175143,-0.06527,10.398015,0.040157,0.202995,0.088372
2024-01-01 00:00:15.180,0.118311,0.1485,10.597435,0.088539,0.081655,-0.018617
2024-01-01 00:00:15.190,0.215515,0.176621,9.542312,0.163902,0.077681,-0.024631
2024-01-01 00:00:15.200,0.037379,-0.097447,9.838856,-0.083642,0.040263,0.002992
2024-01-01 00:00:15.210,0.191202,-0.099084,9.600213,0.092214,0.008354,-0.056527
2024-01-01 00:00:15.220,0.350274,0.027723,9.440216,-0.025568,0.104992,-0.020258
2024-01-01 00:00:15.230,0.270076,-0.044968,9.099136,-0.080181,0.082496,-0.148678
2024-01-01 00:00:15.240,0.261035,-0.212233,9.028191,-0.129654,0.113514,-0.043156
2024-01-01 00:00:15.250,0.178889,0.099752,8.854279,-0.13547,-0.041201,-0.089825
2024-01-01 00:00:15.260,0.306515,-0.124848,8.648048,-0.156607,0.079939,-0.104518
2024-01-01 00:00:15.270,-0.093372,0.103902,9.192204,-0.255863,0.075663,-0.090866
2024-01-01 00:00:15.280,-0.053612,-0.109297,9.562841,-0.199673,0.113913,-0.018442
2024-01-01 00:00:15.290,0.139566,0.032972,9.572455,-0.177727,-0.007309,-0.128403
2024-01-01 00:00:15.300,0.224042,-0.207016,9.722955,-0.213998,-0.075293,0.033345
2024-01-01 00:00:15.310,0.054581,-0.205636,10.255457,-0.123643,0.181525,0.077767
2024-01-01 00:00:15.320,-0.139306,-0.275657,10.312087,-0.126341,0.004503,0.124657
2024-01-01 00:00:15.330,-0.103812,-0.031562,10.772912,-0.038127,-0.08664,0.06235
2024-01-01 00:00:15.340,-0.104243,-0.16193,10.985223,-0.209743,-0.156025,0.054948
2024-01-01 00:00:15.350,0.091458,-0.115216,10.895583,-0.057813,-0.120617,0.103962
2024-01-01 00:00:15.360,0.047337,-0.09506,10.605346,-0.1128,-0.157636,-0.012405
2024-01-01 00:00:15.370,-0.024153,-0.126758,10.640538,-0.055527,-0.007494,0.044656
2024-01-01 00:00:15.380,-0.040487,-0.125603,10.540502,-0.017845,-0.13817,0.027582
2024-01-01 00:00:15.390,-0.418536,0.070389,10.372967,-0.088343,-0.077325,-0.008138
2024-01-01 00:00:15.400,-0.33945,-0.165865,9.86695,0.010663,-0.175548,0.111163
2024-01-01 00:00:15.410,-0.198063,0.002533,9.944742,-0.023762,-0.039344,0.015425
2024-01-01 00:00:15.420,-0.212066,0.197193,9.396815,0.110296,-0.105218,-0.144135
2024-01-01 00:00:15.430,-0.002158,-0.050436,9.070216,0.070033,0.012032,0.002618
2024-01-01 00:00:15.440,-0.057488,-0.05858,8.787614,0.150445,-0.038985,-0.049202
2024-01-01 00:00:15.450,-0.099114,0.06699,9.108903,0.015156,-0.199463,-0.042634
2024-01-01 00:00:15.460,-0.061154,-0.141051,8.723087,0.159175,-0.098825,-0.041001
2024-01-01 00:00:15.470,-0.107259,0.00664,8.759878,0.114525,0.003815,-0.103765
2024-01-01 00:00:15.480,-0.083976,0.087891,9.571275,0.23113,-0.182671,-0.082997
2024-01-01 00:00:15.490,-0.11067,-0.060169,9.667008,0.186484,-0.043516,0.038985
2024-01-01 00:00:15.500,-0.002132,0.205185,9.810429,0.075291,0.117981,-0.013153
2024-01-01 00:00:15.510,-0.124548,0.172692,9.970924,0.177028,-0.072672,0.056059
2024-01-01 00:00:15.520,0.176069,0.151283,10.033866,0.010252,0.002921,0.002894
2024-01-01 00:00:15.530,0.043186,0.085464,10.661348,0.131229,0.095649,0.033337
2024-01-01 00:00:15.540,0.107633,0.205215,10.890229,0.156987,0.043181,0.060616
2024-01-01 00:00:15.550,0.043425,0.050835,10.850281,0.013301,0.160103,0.037997
2024-01-01 00:00:15.560,-0.006578,-0.123755,10.438657,0.161389,0.028148,0.141337
2024-01-01 00:00:15.570,0.144453,0.062323,10.815247,0.119149,0.176059,0.127386
2024-01-01 00:00:15.580,0.172053,0.080913,10.553699,0.008679,0.098194,0.043198
2024-01-01 00:00:15.590,0.161282,-0.161536,10.347782,0.161619,0.017392,0.075049
2024-01-01 00:00:15.600,0.383316,-0.003411,9.846434,-0.074417,0.089996,0.019078
2024-01-01 00:00:15.610,0.178851,-0.01486,9.558365,-0.082649,0.197993,-0.025251
2024-01-01 00:00:15.620,0.113201,-0.020377,9.829722,-0.088085,0.071908,-0.068866
2024-01-01 00:00:15.630,0.270862,-0.057718,9.166278,-0.119103,0.070228,-0.069392
2024-01-01 00:00:15.640,0.184236,-0.073981,8.733274,0.050595,0.125288,-0.139466
2024-01-01 00:00:15.650,0.39837,0.080011,8.9687,-0.02833,-0.01749,-0.118258
2024-01-01 00:00:15.660,0.157798,-0.16934,8.58742,-0.302472,0.158884,-0.032584
2024-01-01 00:00:15.670,0.041314,-0.163694,8.861475,-0.128197,0.028998,-0.029081
2024-01-01 00:00:15.680,0.15445,-0.069254,8.755444,-0.143226,0.03841,-0.009106
2024-01-01 00:00:15.690,0.124738,-0.048093,9.180706,-0.107114,-0.091676,-0.111943
2024-01-01 00:00:15.700,-0.302812,-0.144053,9.496124,-0.19073,0.042191,0.012115
2024-01-01 00:00:15.710,0.047785,-0.025708,9.744865,-0.056848,0.020831,0.037942
2024-01-01 00:00:15.720,-0.179034,-0.099425,10.112067,-0.103454,0.099382,0.04416
2024-01-01 00:00:15.730,-0.044044,-0.213363,10.465428,-0.197641,0.021691,0.056614
2024-01-01 00:00:15.740,-0.04949,-0.042878,10.944494,-0.196782,-0.191206,0.059898
2024-01-01 00:00:15.750,-0.044757,-0.05664,10.969962,-0.133723,-0.044011,0.11653
2024-01-01 00:00:15.760,-0.234369,0.0378,10.964661,-0.25644,-0.06984,0.108849
2024-01-01 00:00:15.770,0.058812,-0.183128,10.890202,0.051723,-0.033034,0.09758
2024-01-01 00:00:15.780,-0.289015,0.020291,10.665124,-0.113911,-0.009257,0.07713
2024-01-01 00:00:15.790,-0.45505,-0.140002,10.366631,-0.014564,-0.187977,0.026495
2024-01-01 00:00:15.800,-0.128776,-0.092455,10.527808,0.088296,-0.217965,0.018891
2024-01-01 00:00:15.810,-0.301043,0.060406,9.899021,-0.06863,-0.105212,-0.112797
2024-01-01 00:00:15.820,-0.343912,0.076496,9.407541,0.072301,-0.116346,0.005636
2024-01-01 00:00:15.830,-0.09996,0.147603,9.244293,-0.016236,-0.095751,-0.033078
2024-01-01 00:00:15.840,-0.291984,0.068792,9.238066,0.159248,-0.0542,-0.05414
2024-01-01 00:00:15.850,-0.117988,0.119622,8.886864,0.213173,-0.072266,-0.104568
2024-01-01 00:00:15.860,-0.172555,-0.039059,8.740986,0.268497,-0.155083,-0.09205
2024-01-01 00:00:15.870,-0.242702,0.003468,8.27839,0.068511,-0.026942,-0.025858
2024-01-01 00:00:15.880,-0.289486,0.153274,8.777068,0.149184,-0.147311,-0.130913
2024-01-01 00:00:15.890,-0.355464,0.211397,9.261934,0.07705,-0.066758,-0.123902
2024-01-01 00:00:15.900,0.165487,0.116143,9.443414,0.181588,-0.077869,-0.040503
2024-01-01 00:00:15.910,0.116942,0.135219,9.517142,0.232884,-0.103171,-0.044299
2024-01-01 00:00:15.920,0.058082,0.075478,10.177948,0.15653,0.028319,0.015975
2024-01-01 00:00:15.930,0.090877,0.058543,10.117069,0.290808,-0.086618,0.034311
2024-01-01 00:00:15.940,0.150765,0.190755,10.834584,-0.019871,0.030584,0.078623
2024-01-01 00:00:15.950,0.141117,0.153551,10.588209,0.196998,0.013309,-0.017469
2024-01-01 00:00:15.960,0.264908,0.153026,10.578732,0.059766,0.053475,0.158873
2024-01-01 00:00:15.970,0.143573,0.016552,10.824568,0.047758,0.169247,0.088401
2024-01-01 00:00:15.980,0.280509,0.207978,10.556239,-0.056178,0.022092,0.056636
2024-01-01 00:00:15.990,-0.005467,-0.011705,10.686571,0.023963,0.087482,0.065017
2024-01-01 00:00:16.000,0.087402,0.012472,10.548845,0.100028,0.028293,0.008412
2024-01-01 00:00:16.010,0.174703,-0.190672,9.928634,0.010738,0.195189,0.060267
2024-01-01 00:00:16.020,0.331732,-0.048369,9.710318,0.124238,0.190514,0.082202
2024-01-01 00:00:16.030,0.309655,-0.030607,9.286456,0.02057,0.199816,-0.000193
2024-01-01 00:00:16.040,0.087785,-0.086338,9.072819,-0.124792,0.216412,0.005717
2024-01-01 00:00:16.050,0.116609,0.059893,8.981674,-0.147252,0.214177,-0.092634
2024-01-01 00:00:16.060,0.068548,-0.110616,8.871519,-0.121317,0.147477,-0.080944
2024-01-01 00:00:16.070,0.092355,-0.406068,9.143237,-0.089559,0.149182,-0.151536
2024-01-01 00:00:16.080,0.123032,-0.205805,9.045511,-0.189258,0.00033,-0.13334
2024-01-01 00:00:16.090,0.110713,-0.042636,8.849684,-0.002717,0.011538,-0.093855
2024-01-01 00:00:16.100,0.051709,-0.129564,9.159112,-0.136603,0.130592,-0.079539
2024-01-01 00:00:16.110,0.240095,-0.052234,9.716965,-0.280265,0.106369,-0.031051
2024-01-01 00:00:16.120,-0.081598,-0.08599,10.180832,-0.15795,0.023854,0.053051
2024-01-01 00:00:16.130,0.182115,-0.159168,10.47888,-0.148759,-0.078481,0.026398
2024-01-01 00:00:16.140,-0.186297,-0.079205,10.056611,-0.14274,-0.006578,0.098002
2024-01-01 00:00:16.150,-0.185938,-0.088879,10.664664,0.000189,-0.0376,-0.006971
2024-01-01 00:00:16.160,-0.101116,-0.149382,11.041472,-0.119323,0.161122,0.248657
2024-01-01 00:00:16.170,0.193346,-0.197293,10.877152,-0.096701,-0.204761,0.069967
2024-01-01 00:00:16.180,-0.207574,-0.101833,10.682152,-0.1889,-0.074988,0.086217
2024-01-01 00:00:16.190,-0.161329,-0.006398,10.81796,-0.21451,-0.159594,0.118588
2024-01-01 00:00:16.200,-0.566756,0.009384,10.620742,0.00413,-0.109403,0.056232
2024-01-01 00:00:16.210,-0.172616,0.151563,10.469381,0.048794,-0.264027,-0.01081
2024-01-01 00:00:16.220,-0.248191,0.00732,9.875192,0.146699,-0.096204,0.020757
2024-01-01 00:00:16.230,-0.118871,0.180037,9.35795,-0.019004,-0.112883,-0.135082
2024-01-01 00:00:16.240,-0.025999,0.244269,9.243644,0.118907,-0.12429,-0.010857
2024-01-01 00:00:16.250,-0.261959,0.160976,8.923587,0.030041,-0.085295,-0.088133
2024-01-01 00:00:16.260,-0.340291,0.069265,8.896511,0.051557,0.002047,-0.000838
2024-01-01 00:00:16.270,0.085432,0.068294,8.764526,0.111629,-0.071412,-0.141389
2024-01-01 00:00:16.280,-0.16238,0.107267,8.397062,0.094818,-0.026535,-0.082817
2024-01-01 00:00:16.290,-0.067008,0.228534,9.287684,0.143361,-0.077307,-0.039202
2024-01-01 00:00:16.300,-0.151991,0.167342,9.661019,0.101519,-0.074331,-0.052844
2024-01-01 00:00:16.310,-0.060654,0.293963,9.175373,-0.030358,0.121206,-0.049617
2024-01-01 00:00:16.320,-0.11895,0.157334,9.409747,0.076449,0.014191,0.00381
2024-01-01 00:00:16.330,0.054437,0.178589,10.111413,-0.085699,0.112886,0.082587
2024-01-01 00:00:16.340,0.038427,0.142959,10.140296,0.0666,0.05426,0.005396
2024-01-01 00:00:16.350,0.229623,0.188812,10.327599,0.12197,-0.038519,-0.005039
2024-01-01 00:00:16.360,-0.07104,0.23564,10.477009,0.062264,0.008763,0.054405
2024-01-01 00:00:16.370,0.196312,-0.088178,10.690158,0.092459,0.035456,0.040274
2024-01-01 00:00:16.380,0.069251,0.109048,10.774583,0.064589,0.079081,0.068279
2024-01-01 00:00:16.390,0.130797,-0.010621,10.390281,-0.007755,0.166263,0.103563
2024-01-01 00:00:16.400,0.117696,-0.029393,10.623238,0.089657,0.109226,0.104677
2024-01-01 00:00:16.410,0.437419,0.231421,10.047309,0.109471,0.167119,-0.002366
2024-01-01 00:00:16.420,0.292154,0.046601,9.952997,-0.01837,0.278223,0.034054
2024-01-01 00:00:16.430,0.28294,-0.16045,9.562479,-0.01031,0.064571,-0.076868
2024-01-01 00:00:16.440,0.320853,-0.126104,8.776285,-0.085588,0.15716,-0.02125
2024-01-01 00:00:16.450,0.16064,-0.011783,9.307683,-0.068137,0.147998,-0.056002
2024-01-01 00:00:16.460,0.074013,-0.084069,8.866883,-0.016484,0.082584,-0.048585
2024-01-01 00:00:16.470,0.128912,-0.056282,9.163821,-0.102139,-0.069042,-0.123969
2024-01-01 00:00:16.480,0.036544,-0.118856,8.835508,-0.149274,0.150452,-0.095522
2024-01-01 00:00:16.490,0.069882,-0.129665,8.831934,-0.102483,-0.073095,-0.004623
2024-01-01 00:00:16.500,0.14442,-0.181423,8.713253,-0.138329,0.01417,-0.068202
2024-01-01 00:00:16.510,0.259856,-0.223587,9.468439,-0.314556,-0.014304,-0.023617
2024-01-01 00:00:16.520,0.072835,-0.142712,9.599321,-0.110977,-0.027713,-0.015847
2024-01-01 00:00:16.530,0.1325,-0.048838,9.88932,-0.12213,0.02542,-0.001532
2024-01-01 00:00:16.540,0.091214,-0.124672,10.031111,-0.03147,-0.01783,0.148183
2024-01-01 00:00:16.550,0.018295,-0.200036,10.380302,-0.160667,-0.178216,0.063836
2024-01-01 00:00:16.560,-0.023948,0.01097,10.82702,-0.127723,-0.174158,0.089712
2024-01-01 00:00:16.570,-0.349943,-0.296619,11.098336,-0.094723,-0.048816,0.129001
2024-01-01 00:00:16.580,-0.157303,-0.181668,10.780961,-0.078781,-0.153542,0.04539
2024-01-01 00:00:16.590,-0.238854,-0.005205,10.674036,-0.147211,-0.094532,0.097685
2024-01-01 00:00:16.600,0.026025,0.104995,10.950402,-0.131261,-0.054614,0.123627
2024-01-01 00:00:16.610,-0.217191,-0.012725,10.513476,0.012483,-0.191799,0.018521
2024-01-01 00:00:16.620,0.017164,-0.138836,9.908388,-0.112409,-0.032422,0.097475
2024-01-01 00:00:16.630,-0.431992,-0.005437,9.544216,0.014173,-0.129174,-0.019999
2024-01-01 00:00:16.640,-0.098803,-0.154736,9.352884,0.075535,-0.274259,-0.078671
2024-01-01 00:00:16.650,-0.085056,0.083413,9.458051,0.022712,-0.202108,-0.0225
2024-01-01 00:00:16.660,-0.154296,0.044587,9.129961,0.086985,-0.099576,-0.098031
2024-01-01 00:00:16.670,-0.185944,-0.002214,8.723242,0.022321,-0.112247,-0.123233
2024-01-01 00:00:16.680,-0.054686,0.184536,8.613363,0.118934,-0.125208,0.003287
2024-01-01 00:00:16.690,0.089643,0.122046,8.836352,0.21399,-0.032222,-0.155055
2024-01-01 00:00:16.700,-0.128855,0.212562,9.482746,0.163051,-0.075553,-0.18576
2024-01-01 00:00:16.710,-0.079723,-0.039107,9.618253,0.173503,-0.069618,-0.058854
2024-01-01 00:00:16.720,0.002148,0.213091,9.563147,0.016838,-0.058346,0.034163
2024-01-01 00:00:16.730,-0.04774,0.234544,9.889009,0.094319,-0.026184,0.009248
2024-01-01 00:00:16.740,0.155599,0.013337,9.943693,0.12508,0.056772,0.076164
2024-01-01 00:00:16.750,0.233476,0.181893,10.200512,0.053362,0.004883,0.097928
2024-01-01 00:00:16.760,0.183886,0.136915,10.689411,0.188632,0.028813,0.111745
2024-01-01 00:00:16.770,0.155914,0.118577,10.495711,0.152745,0.086938,-0.074343
2024-01-01 00:00:16.780,0.200819,0.209201,10.635447,0.167551,0.118283,0.069143
2024-01-01 00:00:16.790,-0.065024,0.144943,10.891909,0.086155,0.071181,0.135747
2024-01-01 00:00:16.800,0.072125,0.025013,10.243581,0.086546,0.155005,0.058402
2024-01-01 00:00:16.810,-0.011203,0.129508,10.3999,-0.034196,0.072426,0.108441
2024-01-01 00:00:16.820,0.333743,-0.195858,10.071698,0.067998,0.129855,0.057778
2024-01-01 00:00:16.830,0.051198,-0.074477,10.137562,-0.057065,0.181646,-0.05013
2024-01-01 00:00:16.840,0.220826,-0.035389,9.701558,-0.060395,0.061923,0.005916
2024-01-01 00:00:16.850,0.396826,0.02844,9.511822,-0.1178,0.16257,-0.030674
2024-01-01 00:00:16.860,0.285281,-0.142546,8.993041,-0.076566,-0.023912,-0.154078
2024-01-01 00:00:16.870,0.179948,-0.048125,8.838179,-0.221503,0.049056,-0.018982
2024-01-01 00:00:16.880,0.060549,0.008282,8.74071,-0.155552,0.167244,-0.14397
2024-01-01 00:00:16.890,0.046594,-0.273304,8.906231,-0.139242,0.122266,0.035012
2024-01-01 00:00:16.900,0.127152,-0.222412,9.524854,-0.112896,0.012611,-0.11595
2024-01-01 00:00:16.910,0.118596,-0.153852,9.066357,-0.238706,0.03474,0.023979
2024-01-01 00:00:16.920,0.021134,-0.062107,9.223037,-0.28501,-0.081354,-0.119035
2024-01-01 00:00:16.930,-0.11298,0.009622,9.586201,-0.298437,0.016482,0.030333
2024-01-01 00:00:16.940,-0.217676,-0.223671,9.884621,-0.094497,0.017424,0.10613
2024-01-01 00:00:16.950,-0.09386,-0.122204,10.141928,-0.209555,-0.038609,0.111834
2024-01-01 00:00:16.960,-0.163358,-0.211326,10.409118,-0.147884,-0.064007,0.060158
2024-01-01 00:00:16.970,0.0416,0.033771,10.896382,-0.126628,-0.198728,0.023684
2024-01-01 00:00:16.980,0.045391,-0.121126,10.741826,-0.148459,-0.034903,0.084124
2024-01-01 00:00:16.990,-0.393081,-0.229723,10.562033,-0.121328,-0.181206,0.007855
2024-01-01 00:00:17.000,-0.152483,-0.109484,10.237,-0.093864,-0.099394,0.076779
2024-01-01 00:00:17.010,0.124122,0.03495,10.350407,-0.112524,-0.178488,0.043455
2024-01-01 00:00:17.020,-0.021146,0.024615,10.269439,-0.098471,-0.099547,0.056225
2024-01-01 00:00:17.030,-0.246634,-0.061289,9.921647,-0.040354,-0.124059,0.042075
2024-01-01 00:00:17.040,-0.078703,-0.129681,9.321855,-0.043678,-0.199844,-0.054032
2024-01-01 00:00:17.050,-0.173726,0.002879,8.71245,0.019138,0.018769,-0.022015
2024-01-01 00:00:17.060,-0.154669,-0.073918,8.996536,0.192276,-0.134735,-0.011244
2024-01-01 00:00:17.070,0.042421,0.196238,9.093328,0.091535,-0.093111,-0.037281
2024-01-01 00:00:17.080,-0.254637,0.242814,8.994192,0.132341,-0.159031,-0.118676
2024-01-01 00:00:17.090,0.004502,0.161146,9.336344,0.188482,-0.010858,-0.059289
2024-01-01 00:00:17.100,-0.192703,0.087604,9.226501,0.105486,0.028012,-0.080643
2024-01-01 00:00:17.110,-0.018742,0.050739,8.922149,0.163175,-0.01335,-0.051258
2024-01-01 00:00:17.120,-0.064378,0.220146,9.59472,0.087204,0.067072,0.01465
2024-01-01 00:00:17.130,-0.013694,0.1792,9.358399,0.05136,-0.003829,-0.022736
2024-01-01 00:00:17.140,0.312805,0.243694,10.187025,0.135098,0.001997,-0.006436
2024-01-01 00:00:17.150,-0.047376,-0.068093,10.277763,0.173356,-0.03517,-0.014496
2024-01-01 00:00:17.160,0.268793,0.182419,10.627554,0.143094,0.065109,0.036166
2024-01-01 00:00:17.170,0.008632,0.294254,10.630198,0.119064,0.10315,0.081528
2024-01-01 00:00:17.180,0.126109,0.169205,10.751977,0.062456,0.048772,0.129047
2024-01-01 00:00:17.190,0.298202,0.043341,10.481908,-0.020304,0.152417,0.049596
2024-01-01 00:00:17.200,0.173299,0.185095,10.452479,0.168701,0.174333,0.016347
2024-01-01 00:00:17.210,0.214486,0.019425,10.484509,0.066711,0.156658,0.01778
2024-01-01 00:00:17.220,0.185615,0.022304,10.258494,0.0077,0.131255,0.045637
2024-01-01 00:00:17.230,0.198912,0.21963,10.109167,0.185321,0.16237,0.02554
2024-01-01 00:00:17.240,0.307888,-0.005961,9.632594,0.019028,0.052395,0.055065
2024-01-01 00:00:17.250,0.284066,-0.070926,9.691198,-0.010097,0.140652,0.024865
2024-01-01 00:00:17.260,0.109896,-0.170387,9.335138,-0.123721,0.152848,-0.025028
2024-01-01 00:00:17.270,0.270476,-0.132361,9.098323,-0.085922,0.072091,-0.091975
2024-01-01 00:00:17.280,0.208774,-0.086499,8.730301,-0.251748,0.084472,-0.1277
2024-01-01 00:00:17.290,0.242721,0.001952,8.744946,-0.00903,0.0438,-0.074041
2024-01-01 00:00:17.300,0.197617,-0.224929,8.860658,-0.167581,0.009545,-0.07228
2024-01-01 00:00:17.310,0.167965,-0.094281,9.079802,-0.113023,0.039271,-0.086928
2024-01-01 00:00:17.320,0.004561,-0.126115,9.251295,-0.138764,0.094226,-0.05794
2024-01-01 00:00:17.330,-0.054458,-0.18743,9.74228,-0.135306,0.102407,-0.05463
2024-01-01 00:00:17.340,0.092688,-0.188989,9.94766,-0.016147,-0.029183,-0.082637
2024-01-01 00:00:17.350,0.002172,-0.060252,10.290145,-0.259826,-0.039784,-0.008836
2024-01-01 00:00:17.360,0.091096,-0.175672,10.038722,-0.120292,0.018982,0.081567
2024-01-01 00:00:17.370,0.034066,-0.218744,10.659827,-0.03872,-0.144882,0.082352
2024-01-01 00:00:17.380,0.080867,-0.107907,10.779633,-0.129339,-0.011288,0.098811
2024-01-01 00:00:17.390,-0.168227,0.050903,11.006027,-0.132909,-0.048488,-0.021875
2024-01-01 00:00:17.400,-0.185994,-0.222075,10.626496,0.064586,-0.109015,-0.021878
2024-01-01 00:00:17.410,-0.162037,-0.243948,10.594599,-0.000251,-0.173071,0.13402
2024-01-01 00:00:17.420,-0.283819,0.026464,10.611758,-0.051276,-0.087497,-0.031866
2024-01-01 00:00:17.430,-0.104743,-0.079626,10.315117,-0.120879,-0.035821,-0.010872
2024-01-01 00:00:17.440,0.067303,-0.042966,9.609432,-0.001495,-0.071544,0.002693
2024-01-01 00:00:17.450,-0.099265,-0.007722,9.831683,0.04867,-0.226359,0.070515
2024-01-01 00:00:17.460,-0.02901,0.026377,9.299839,0.097057,-0.112121,-0.001742
2024-01-01 00:00:17.470,-0.248642,0.11932,9.10348,0.107639,-0.101474,-0.065016
2024-01-01 00:00:17.480,-0.055089,0.095773,9.008464,0.065434,0.014478,-0.134646
2024-01-01 00:00:17.490,-0.108351,0.223307,9.156254,-0.032236,-0.13095,-0.032789
2024-01-01 00:00:17.500,-0.302206,0.069437,9.227517,0.194966,-0.164243,-0.107667
2024-01-01 00:00:17.510,-0.11481,0.255056,8.847275,0.233979,-0.046083,-0.085241
2024-01-01 00:00:17.520,-0.161189,0.038282,8.860003,0.054084,-0.107121,-0.003965
2024-01-01 00:00:17.530,0.138535,-0.020187,9.520077,0.048046,-0.035398,-0.050637
2024-01-01 00:00:17.540,-0.289952,0.06432,9.599317,0.092233,0.033124,-0.006699
2024-01-01 00:00:17.550,-0.054055,0.063634,10.015954,0.176157,0.014108,0.18271
2024-01-01 00:00:17.560,0.068702,-0.001952,10.510176,0.040575,-0.04729,0.030948
2024-01-01 00:00:17.570,-0.031271,0.141242,10.543384,0.162848,0.081743,0.103146
2024-01-01 00:00:17.580,0.263683,0.122079,10.665477,0.156644,-0.023555,0.109107
2024-01-01 00:00:17.590,0.26921,0.226387,11.043794,0.06565,0.049341,0.079072
2024-01-01 00:00:17.600,0.206934,0.050419,10.794639,0.242836,0.060589,0.09152
2024-01-01 00:00:17.610,0.111387,0.046005,10.351204,0.124341,0.19008,0.040094
2024-01-01 00:00:17.620,0.069878,0.209983,10.448381,0.142478,0.188382,0.059708
2024-01-01 00:00:17.630,0.2397,-0.131356,10.429398,-0.039921,0.314258,0.088389
2024-01-01 00:00:17.640,0.26286,0.138198,9.959561,0.168821,0.08343,0.00413
2024-01-01 00:00:17.650,0.243863,-0.049314,9.290919,0.143281,0.114904,0.008383
2024-01-01 00:00:17.660,0.184818,-0.137314,9.220009,0.042606,0.139112,-0.102612
2024-01-01 00:00:17.670,0.243761,0.048143,8.952622,-0.056557,0.170116,-0.071476
2024-01-01 00:00:17.680,0.128916,-0.109998,9.397197,0.026148,0.041858,-0.057739
2024-01-01 00:00:17.690,0.209858,-0.112695,9.04818,-0.182594,0.142604,-0.058993
2024-01-01 00:00:17.700,0.182559,0.033429,9.12328,-0.049477,0.165252,-0.01166
2024-01-01 00:00:17.710,0.09607,0.01985,8.444248,-0.148204,0.152785,-0.057599
2024-01-01 00:00:17.720,-0.022414,-0.072088,8.903438,-0.130523,0.068186,-0.009192
2024-01-01 00:00:17.730,-0.008105,-0.099429,9.556344,-0.216217,-0.073686,-0.031818
2024-01-01 00:00:17.740,0.085876,-0.098561,9.442317,-0.140458,-0.017425,-0.054862
2024-01-01 00:00:17.750,0.061813,-0.045078,9.785807,-0.156766,0.07447,0.065922
2024-01-01 00:00:17.760,0.082871,-0.132374,10.288434,-0.08524,-0.099396,-0.017805
2024-01-01 00:00:17.770,-0.074644,-0.313268,10.214938,-0.106675,-0.08099,0.101196
2024-01-01 00:00:17.780,-0.180306,-0.076064,10.520362,0.073941,-0.064241,0.117582
2024-01-01 00:00:17.790,-0.263202,0.037,10.61517,-0.042059,-0.073457,-0.034118
2024-01-01 00:00:17.800,-0.124604,-0.145326,11.062288,-0.006898,-0.08361,0.129831
2024-01-01 00:00:17.810,0.122743,0.044136,10.858427,-0.12321,-0.118543,0.112521
2024-01-01 00:00:17.820,-0.26547,0.030191,10.827456,-0.007832,-0.128935,0.02523
2024-01-01 00:00:17.830,-0.154231,-0.075115,10.299758,0.055903,-0.092589,0.097932
2024-01-01 00:00:17.840,-0.287785,-0.098857,10.267779,-0.075512,-0.270668,0.023987
2024-01-01 00:00:17.850,-0.049522,-0.025167,9.624971,-0.088435,-0.263127,0.11064
2024-01-01 00:00:17.860,-0.20591,-0.103987,9.447262,0.087651,-0.232549,-0.000834
2024-01-01 00:00:17.870,0.04649,0.076891,9.238574,0.006225,-0.096027,0.010398
2024-01-01 00:00:17.880,-0.146346,0.064124,9.210711,0.128268,-0.152523,-0.082
2024-01-01 00:00:17.890,-0.191969,-0.061424,8.895066,0.116335,-0.137985,-0.061682
2024-01-01 00:00:17.900,-0.1636,0.128101,8.866309,0.04874,-0.128896,-0.030604
2024-01-01 00:00:17.910,-0.359111,0.208021,9.020692,0.227493,-0.115231,-0.111406
2024-01-01 00:00:17.920,-0.105721,0.117502,8.908786,0.162593,-0.118375,-0.072618
2024-01-01 00:00:17.930,0.032833,0.009937,9.642031,0.279164,-0.166431,-0.116004
2024-01-01 00:00:17.940,-0.093602,0.256802,9.408076,0.145624,0.00254,-0.09561
2024-01-01 00:00:17.950,0.00901,0.18777,9.438319,0.11126,0.096671,0.03493
2024-01-01 00:00:17.960,-0.072786,0.145427,10.021935,0.223538,0.008018,0.020672
2024-01-01 00:00:17.970,0.044464,0.254722,10.235255,0.100457,-0.009289,-0.004426
2024-01-01 00:00:17.980,0.007738,0.215736,10.937544,0.284307,0.063863,0.098053
2024-01-01 00:00:17.990,0.229871,0.187316,10.548196,0.159376,0.229701,0.061274
2024-01-01 00:00:18.000,0.020453,0.290544,10.912307,0.133081,0.094995,-0.066722
2024-01-01 00:00:18.010,0.135476,0.118734,10.306468,0.20009,0.080683,0.093441
2024-01-01 00:00:18.020,0.560209,-0.14292,10.774626,0.001712,0.098961,0.089498
2024-01-01 00:00:18.030,0.22744,0.112687,10.668716,-0.02295,0.143326,0.011763
2024-01-01 00:00:18.040,0.191538,0.030409,10.148029,0.037818,0.196978,-0.007148
2024-01-01 00:00:18.050,0.123146,0.035654,10.388287,0.06232,0.154319,0.029179
2024-01-01 00:00:18.060,0.169628,0.116612,9.646967,0.0127,0.165969,-0.077281
2024-01-01 00:00:18.070,0.177026,0.038358,9.473914,-0.063391,0.139444,-0.045352
2024-01-01 00:00:18.080,0.355681,-0.056934,8.94061,-0.072552,-0.023345,-0.034594
2024-01-01 00:00:18.090,0.3295,-0.066692,8.776916,-0.002891,0.058801,-0.073896
2024-01-01 00:00:18.100,0.348543,-0.079801,8.95422,-0.147597,0.189195,-0.028899
2024-01-01 00:00:18.110,-0.032969,-0.009701,8.450944,-0.220988,0.124767,-0.022722
2024-01-01 00:00:18.120,0.085804,0.012271,9.015772,-0.031316,0.112616,-0.042507
2024-01-01 00:00:18.130,-0.122773,-0.284879,9.16571,-0.217959,-0.040692,0.024802
2024-01-01 00:00:18.140,0.409826,-0.24647,9.535859,-0.063039,0.042939,-0.128013
2024-01-01 00:00:18.150,0.078114,-0.169282,9.643866,-0.203616,0.099034,-0.007033
2024-01-01 00:00:18.160,-0.117402,-0.276817,9.901571,-0.172872,-0.005871,0.053295
2024-01-01 00:00:18.170,-0.103222,0.027168,9.786164,-0.200677,0.028061,0.041098
2024-01-01 00:00:18.180,0.067728,-0.033232,10.312751,-0.251633,0.098925,0.037465
2024-01-01 00:00:18.190,-0.567133,-0.012522,10.309487,-0.079695,-0.138955,0.090065
2024-01-01 00:00:18.200,-0.260621,-0.101862,10.664539,-0.102371,-0.049217,0.104008
2024-01-01 00:00:18.210,-0.244504,-0.019216,10.812787,-0.146444,-0.000995,0.096679
2024-01-01 00:00:18.220,-0.403579,-0.283618,10.720308,-0.07498,-0.065839,0.136392
2024-01-01 00:00:18.230,-0.084623,0.108496,10.945255,-0.0202,-0.140534,0.072207
2024-01-01 00:00:18.240,-0.301029,-0.298513,10.154888,-0.12469,0.015986,0.054466
2024-01-01 00:00:18.250,-0.239793,0.02644,10.112664,-0.14584,-0.106167,0.112772
2024-01-01 00:00:18.260,-0.096221,-0.008947,9.655031,-0.041759,-0.136249,0.026014
2024-01-01 00:00:18.270,-0.16658,0.020494,9.523527,0.053444,-0.058681,0.078208
2024-01-01 00:00:18.280,-0.053075,0.120509,9.156549,0.032953,-0.168264,-0.007675
2024-01-01 00:00:18.290,0.071424,0.073062,9.197439,0.045236,-0.025777,-0.077812
2024-01-01 00:00:18.300,-0.127004,0.21063,9.218992,0.073702,-0.18507,-0.07533
2024-01-01 00:00:18.310,-0.132952,0.049272,8.535525,0.132818,-0.096783,-0.066433
2024-01-01 00:00:18.320,0.047275,0.040606,8.866005,0.012509,-0.069013,-0.119506
2024-01-01 00:00:18.330,-0.394727,0.068179,9.155792,-0.107715,0.113392,-0.030205
2024-01-01 00:00:18.340,-0.147683,0.069455,8.53949,0.272612,-0.095737,-0.13044
2024-01-01 00:00:18.350,-0.020098,0.108914,9.01408,0.122082,0.079735,0.065153
2024-01-01 00:00:18.360,-0.223372,0.032032,9.96179,0.064831,-0.071411,0.052585
2024-01-01 00:00:18.370,0.086762,0.279474,10.199406,0.219374,0.118002,0.051673
2024-01-01 00:00:18.380,0.202353,0.201083,10.132501,0.049336,0.064661,0.055248
2024-01-01 00:00:18.390,0.030494,0.161841,10.575069,0.209387,-0.186204,0.077778
2024-01-01 00:00:18.400,-0.042248,0.071072,10.254123,0.035555,0.081249,0.090968
2024-01-01 00:00:18.410,0.112746,0.262206,10.866725,0.145962,0.028052,0.090004
2024-01-01 00:00:18.420,0.150532,0.085254,11.030765,0.027204,0.121131,0.112645
2024-01-01 00:00:18.430,0.018212,-0.049772,10.73482,0.110128,0.116253,0.098187
2024-01-01 00:00:18.440,-0.060591,-0.067624,10.547447,0.127029,0.219377,0.062701
2024-01-01 00:00:18.450,0.054428,0.124345,10.222616,0.05702,0.062161,0.042987
2024-01-01 00:00:18.460,-0.055638,0.15461,9.910667,-0.088021,0.028311,-0.017415
2024-01-01 00:00:18.470,0.125503,-0.097872,9.555725,-0.009087,0.306685,-0.025825
2024-01-01 00:00:18.480,0.25146,0.031019,9.527314,-0.052772,0.125852,-0.0326
2024-01-01 00:00:18.490,0.313728,0.096503,9.423228,-0.182338,0.04629,-0.077296
2024-01-01 00:00:18.500,0.36938,-0.029736,8.990525,-0.030972,0.030495,0.005936
2024-01-01 00:00:18.510,0.074456,0.016706,8.734283,-0.133606,0.233723,-0.033477
2024-01-01 00:00:18.520,-0.027108,-0.227907,8.979732,-0.163498,0.200781,-0.06459
2024-01-01 00:00:18.530,0.102058,-0.07195,8.718471,-0.125473,0.106168,-0.143538
2024-01-01 00:00:18.540,-0.190204,-0.076223,9.707001,-0.044803,0.022765,-0.043265
2024-01-01 00:00:18.550,-0.057959,-0.138311,9.50083,-0.115727,0.064516,-0.091159
2024-01-01 00:00:18.560,0.10044,-0.300739,9.965529,-0.17853,-0.041689,-0.004914
2024-01-01 00:00:18.570,-0.175169,-0.041751,10.168103,-0.257519,-0.015486,0.065783
2024-01-01 00:00:18.580,-0.175542,-0.101138,10.099228,-0.196092,0.03809,0.043015
2024-01-01 00:00:18.590,-0.153055,-0.221991,10.707189,-0.339128,0.041376,0.056537
2024-01-01 00:00:18.600,-0.15916,-0.048962,10.712366,-0.142875,0.035553,0.069252
2024-01-01 00:00:18.610,0.188222,-0.102602,10.535009,-0.005812,-0.057702,0.180217
2024-01-01 00:00:18.620,-0.220269,-0.229861,11.000533,0.03036,-0.128678,0.154154
2024-01-01 00:00:18.630,-0.144187,-0.253341,10.822997,-0.045218,-0.126861,0.08228
2024-01-01 00:00:18.640,-0.171434,0.049658,10.936745,-0.204034,-0.04384,0.059551
2024-01-01 00:00:18.650,-0.237548,0.139436,10.448171,0.030456,-0.208404,0.052918
2024-01-01 00:00:18.660,-0.247573,-0.111055,10.004492,-0.065923,-0.16404,-0.089317
2024-01-01 00:00:18.670,-0.107738,-0.065058,10.078291,-0.12627,-0.170152,-0.027656
2024-01-01 00:00:18.680,-0.129882,0.005479,9.634735,0.072452,-0.16003,-0.07343
2024-01-01 00:00:18.690,-0.21944,0.115903,9.048415,0.138957,0.010647,-0.047046
2024-01-01 00:00:18.700,-0.008343,0.149723,9.233608,0.029186,-0.070681,-0.01912
2024-01-01 00:00:18.710,-0.118847,0.364625,8.893954,0.070675,-0.060552,-0.128049
2024-01-01 00:00:18.720,-0.198508,0.159705,8.798658,0.151,-0.208746,-0.102673
2024-01-01 00:00:18.730,-0.031684,0.210169,9.117189,0.146616,-0.069816,-0.051155
2024-01-01 00:00:18.740,0.018959,-0.021208,8.920885,0.03114,0.009663,-0.05516
2024-01-01 00:00:18.750,-0.170238,-0.115336,9.348909,0.068479,0.079485,0.019585
2024-01-01 00:00:18.760,-0.020467,0.064717,9.615679,0.082519,-0.018951,-0.039272
2024-01-01 00:00:18.770,-0.009719,-0.094344,9.849372,0.060891,-0.032208,0.007025
2024-01-01 00:00:18.780,0.343335,0.223387,10.140091,0.088345,-0.008038,0.117556
2024-01-01 00:00:18.790,0.15436,0.287972,10.420247,0.235074,0.05785,0.079361
2024-01-01 00:00:18.800,0.044416,0.159293,10.751073,0.11239,0.081388,0.028184
2024-01-01 00:00:18.810,0.167891,0.022445,10.87314,0.075479,-0.00025,0.08655
2024-01-01 00:00:18.820,0.38735,0.016145,10.7722,0.303983,0.024769,0.129519
2024-01-01 00:00:18.830,0.01732,0.192221,10.78353,-0.010806,0.230157,0.042312
2024-01-01 00:00:18.840,0.281946,0.200806,10.411805,0.011876,0.164262,0.00134
2024-01-01 00:00:18.850,0.313669,0.164392,10.763794,0.020873,0.090766,0.039754
2024-01-01 00:00:18.860,0.152071,-0.119817,10.305619,0.033563,0.054066,0.010077
2024-01-01 00:00:18.870,0.332025,-0.055357,9.799513,0.016652,0.185853,-0.024502
2024-01-01 00:00:18.880,0.160256,-0.089894,9.556318,-0.019971,0.139385,-0.128931
2024-01-01 00:00:18.890,0.239659,0.101344,9.270775,-0.007303,0.118638,-0.016291
2024-01-01 00:00:18.900,0.280639,0.009161,9.202804,-0.093984,0.069677,-0.092782
2024-01-01 00:00:18.910,0.119582,-0.218887,8.813331,-0.070352,0.070463,-0.115964
2024-01-01 00:00:18.920,0.134688,0.060573,8.519497,-0.304226,0.033621,-0.035004
2024-01-01 00:00:18.930,0.234215,-0.186938,8.741772,-0.138105,0.091525,-0.050488
2024-01-01 00:00:18.940,0.05257,-0.189821,8.780889,-0.21955,0.003535,-0.070452
2024-01-01 00:00:18.950,-0.125521,-0.12257,9.081993,-0.130383,-0.019321,-0.097292
2024-01-01 00:00:18.960,-0.111734,-0.201407,9.674173,-0.115693,0.100567,-0.131881
2024-01-01 00:00:18.970,0.188827,-0.277109,9.627026,-0.179652,-0.020005,0.067922
2024-01-01 00:00:18.980,-0.0125,0.003633,10.009265,-0.201774,-0.040158,0.023831
2024-01-01 00:00:18.990,0.050711,-0.074919,10.168968,-0.09669,-0.001909,0.036571
2024-01-01 00:00:19.000,-0.125303,-0.196642,10.77201,-0.117547,-0.030873,0.101057
2024-01-01 00:00:19.010,-0.363963,0.050429,10.863198,-0.228035,-0.078126,0.097212
2024-01-01 00:00:19.020,-0.203965,-0.086433,10.808202,-0.05151,-0.085547,-0.037474
2024-01-01 00:00:19.030,-0.298138,-0.17553,10.64704,0.083518,-0.155734,0.005396
2024-01-01 00:00:19.040,-0.167044,-0.223008,10.649438,-0.058696,0.030527,0.139181
2024-01-01 00:00:19.050,-0.063913,-0.121377,10.241692,-0.15753,-0.187236,0.004355
2024-01-01 00:00:19.060,-0.205541,-0.111374,10.789774,-0.011483,-0.128618,0.085921
2024-01-01 00:00:19.070,-0.385132,0.04409,9.99185,0.106278,-0.099306,-0.111568
2024-01-01 00:00:19.080,-0.255447,-0.06903,9.597063,-0.060302,-0.159441,-0.032771
2024-01-01 00:00:19.090,-0.171523,-0.081258,9.271086,0.01268,-0.089099,0.034304
2024-01-01 00:00:19.100,-0.17981,0.120117,9.231152,0.108378,-0.241185,-0.0193
2024-01-01 00:00:19.110,-0.233174,-0.028577,9.098371,0.103445,-0.137721,-0.03772
2024-01-01 00:00:19.120,-0.181645,0.004254,8.775755,0.199655,-0.019953,-0.153747
2024-01-01 00:00:19.130,-0.010873,0.190833,9.120429,0.146099,-0.165201,-0.175786
2024-01-01 00:00:19.140,-0.06979,0.025572,8.874964,0.081803,-0.158616,0.005456
2024-01-01 00:00:19.150,-0.223479,0.107858,8.810614,0.172995,0.181229,-0.111
2024-01-01 00:00:19.160,-0.20744,0.244875,8.988884,0.198513,0.109849,0.025166
2024-01-01 00:00:19.170,0.04049,0.327138,9.641646,0.086181,0.126386,0.038602
2024-01-01 00:00:19.180,0.108817,0.08181,9.894454,0.193618,-0.079408,-0.057161
2024-01-01 00:00:19.190,0.189799,0.214994,9.920115,0.161035,-0.034237,0.05746
2024-01-01 00:00:19.200,0.110474,0.101278,10.71158,0.260298,0.000157,0.00034
2024-01-01 00:00:19.210,0.151026,0.108632,10.364755,0.096715,0.09243,0.017406
2024-01-01 00:00:19.220,0.159042,-0.048391,10.720534,0.257336,0.190167,0.095853
2024-01-01 00:00:19.230,0.110807,0.224211,10.560435,0.18769,0.030852,0.029893
2024-01-01 00:00:19.240,0.02079,0.094454,11.077487,0.072133,0.197355,0.033302
2024-01-01 00:00:19.250,0.280877,-0.037197,10.970825,0.012715,0.072686,0.060189
2024-01-01 00:00:19.260,0.136473,0.011593,10.6072,-0.010165,0.139049,0.105736
2024-01-01 00:00:19.270,0.337076,0.278022,9.832702,0.072262,0.236621,-0.016149
2024-01-01 00:00:19.280,0.157606,0.071437,9.887174,-0.026009,0.042685,0.061086
2024-01-01 00:00:19.290,0.071049,-0.08344,9.623748,0.039168,0.164772,0.006865
2024-01-01 00:00:19.300,0.237988,0.057731,9.332339,0.087176,0.111374,-0.042204
2024-01-01 00:00:19.310,0.164134,-0.149286,8.885116,0.080878,0.235643,-0.074179
2024-01-01 00:00:19.320,0.031015,-0.004782,9.292449,-0.002681,0.097337,-0.070478
2024-01-01 00:00:19.330,-0.073132,-0.014005,8.977678,-0.123186,0.292909,-0.129864
2024-01-01 00:00:19.340,0.172747,-0.107514,8.905298,-0.212083,0.167981,-0.016338
2024-01-01 00:00:19.350,0.02669,-0.159799,8.770039,-0.281819,0.008695,-0.101835
2024-01-01 00:00:19.360,0.108707,0.060075,9.290385,-0.029831,0.109519,-0.097582
2024-01-01 00:00:19.370,0.068675,-0.287724,9.819409,-0.129497,0.213015,0.003127
2024-01-01 00:00:19.380,0.078052,0.007073,10.016576,-0.222591,0.031039,0.046416
2024-01-01 00:00:19.390,-0.042757,-0.313989,9.747131,-0.044482,0.040216,-0.03015
2024-01-01 00:00:19.400,-0.023334,-0.140168,10.053252,-0.259513,-0.039172,0.005496
2024-01-01 00:00:19.410,-0.173984,-0.153239,10.641969,-0.244765,-0.07061,0.082816
2024-01-01 00:00:19.420,0.061909,0.001752,10.496261,0.022601,-0.080855,0.090255
2024-01-01 00:00:19.430,-0.185783,-0.241683,10.614918,-0.232132,-0.081697,0.056276
2024-01-01 00:00:19.440,-0.008739,-0.123688,10.651668,-0.074697,-0.077211,0.050282
2024-01-01 00:00:19.450,-0.150017,-0.247125,10.543129,-0.1516,-0.075052,-0.029376
2024-01-01 00:00:19.460,-0.092117,-0.113374,10.218222,0.049841,-0.105534,0.044199
2024-01-01 00:00:19.470,-0.000465,-0.032412,10.007383,-0.024857,-0.036653,0.058263
2024-01-01 00:00:19.480,-0.28059,0.011385,9.61794,-0.026221,-0.207592,-0.000578
2024-01-01 00:00:19.490,-0.078272,0.16583,9.721847,0.00124,-0.16494,0.079845
2024-01-01 00:00:19.500,-0.245157,-0.086587,9.214074,0.121802,-0.140443,-0.07945
2024-01-01 00:00:19.510,-0.128935,0.042417,9.006693,0.143341,-0.103783,-0.020465
2024-01-01 00:00:19.520,-0.191135,0.250926,9.287403,0.077789,-0.109599,-0.051212
2024-01-01 00:00:19.530,-0.112904,-0.04943,9.298098,0.026958,-0.006501,-0.038037
2024-01-01 00:00:19.540,-0.268009,-0.006755,8.597059,0.004488,-0.01214,-0.104821
2024-01-01 00:00:19.550,-0.023077,0.056266,8.736529,0.122573,-0.080909,-0.075523
2024-01-01 00:00:19.560,-0.173607,0.193646,9.072567,0.144528,-0.034392,0.028524
2024-01-01 00:00:19.570,0.010334,0.110049,9.49714,0.244232,-0.221877,0.007599
2024-01-01 00:00:19.580,-0.002033,0.257949,9.493149,0.223808,-0.07341,-0.043391
2024-01-01 00:00:19.590,-0.007216,0.176947,10.029002,0.208633,0.133066,0.051199
2024-01-01 00:00:19.600,0.159957,0.019948,10.26909,0.172379,0.069785,0.124944
2024-01-01 00:00:19.610,0.227626,0.138851,10.104438,0.105819,-0.02785,0.11621
2024-01-01 00:00:19.620,0.294927,0.031636,10.627412,0.125317,0.048898,0.116957
2024-01-01 00:00:19.630,-0.195122,0.00436,10.607667,0.15868,0.077147,0.044511
2024-01-01 00:00:19.640,0.295854,0.191831,10.783782,0.051462,-0.02058,0.015124
2024-01-01 00:00:19.650,0.193131,0.161302,10.511406,0.041609,0.223987,-0.015253
2024-01-01 00:00:19.660,0.1827,0.081274,10.559849,0.099379,0.138038,0.005274
2024-01-01 00:00:19.670,0.434613,0.055198,10.086447,0.065516,0.110692,0.020722
2024-01-01 00:00:19.680,0.398035,0.115269,9.990046,0.108073,0.137086,-0.107583
2024-01-01 00:00:19.690,0.408049,0.035107,9.378534,-0.042126,0.055671,-0.043116
2024-01-01 00:00:19.700,0.152195,0.15448,9.857015,-0.094624,0.034214,-0.029407
2024-01-01 00:00:19.710,0.31036,-0.128089,9.192041,-0.062924,0.088026,-0.111164
2024-01-01 00:00:19.720,-0.051118,-0.031277,8.95104,-0.104653,0.058148,-0.019178
2024-01-01 00:00:19.730,0.058419,-0.058675,9.082876,0.097912,0.297972,-0.111681
2024-01-01 00:00:19.740,0.098295,-0.201742,8.736979,-0.15414,0.085498,-0.064924
2024-01-01 00:00:19.750,0.096518,-0.072873,8.429349,-0.005253,0.092237,-0.072127
2024-01-01 00:00:19.760,-0.022421,-0.1652,9.212601,-0.111938,-0.038818,-0.02403
2024-01-01 00:00:19.770,0.263963,-0.148158,9.263918,-0.171991,-0.119445,-0.099075
2024-01-01 00:00:19.780,0.033586,-0.112755,9.653727,-0.139337,0.071877,-0.071908
2024-01-01 00:00:19.790,-0.124452,-0.165925,9.431803,-0.215394,0.007496,0.004517
2024-01-01 00:00:19.800,-0.168122,-0.145146,9.980093,-0.049922,0.061488,-0.074757
2024-01-01 00:00:19.810,-0.03107,-0.29821,10.1581,-0.161994,0.007409,0.046734
2024-01-01 00:00:19.820,-0.12002,-0.080235,10.192285,-0.137062,-0.151907,-0.028975
2024-01-01 00:00:19.830,-0.045817,-0.2219,10.603889,-0.028556,-0.141811,0.125853
2024-01-01 00:00:19.840,-0.197715,-0.117411,10.880115,-0.088218,-0.044965,0.15053
2024-01-01 00:00:19.850,-0.081777,-0.187576,10.815896,0.02051,-0.076984,0.011079
2024-01-01 00:00:19.860,-0.02722,-0.22865,10.43409,0.013968,-0.244858,0.129861
2024-01-01 00:00:19.870,-0.274045,0.049585,10.303386,0.001062,-0.135901,0.098809
2024-01-01 00:00:19.880,-0.096033,0.308797,9.908939,0.136063,-0.131631,0.049225
2024-01-01 00:00:19.890,-0.156733,-0.018289,9.528663,0.007393,-0.106768,0.013001
2024-01-01 00:00:19.900,-0.142101,0.129568,9.857606,0.051725,-0.153049,0.013332
2024-01-01 00:00:19.910,-0.331738,0.085278,9.564972,-0.05775,-0.2261,-0.083748
2024-01-01 00:00:19.920,-0.03946,0.059382,9.162238,0.015542,-0.206777,-0.032997
2024-01-01 00:00:19.930,-0.010982,0.241153,8.858366,0.243015,-0.100487,-0.058987
2024-01-01 00:00:19.940,-0.329574,0.103193,8.233662,0.195464,0.052392,-0.06702
2024-01-01 00:00:19.950,-0.0286,0.219951,9.019524,-0.011991,-0.021997,-0.029229
2024-01-01 00:00:19.960,0.413064,0.326175,9.166173,0.185865,-0.029219,-0.172437
2024-01-01 00:00:19.970,-0.065053,0.065897,9.115218,0.258464,-0.04578,-0.007884
2024-01-01 00:00:19.980,0.113742,0.297158,9.513302,0.345536,-0.047742,-0.028323
2024-01-01 00:00:19.990,0.01504,0.022602,9.788083,0.198061,0.012995,0.000233
2024-01-01 00:00:20.000,-0.161508,0.018609,9.806385,0.178786,-0.05013,0.056827
2024-01-01 00:00:20.010,0.190856,0.129368,10.20527,0.200056,-0.033105,0.028202
2024-01-01 00:00:20.020,0.189022,0.194312,10.419099,0.221314,0.011871,0.040655
2024-01-01 00:00:20.030,0.099046,0.151686,10.585095,0.104581,0.024159,0.04867
2024-01-01 00:00:20.040,0.106605,0.03199,10.509307,0.17088,-0.044073,0.101051
2024-01-01 00:00:20.050,-0.067373,0.164951,10.699317,0.111562,0.187261,0.016098
2024-01-01 00:00:20.060,0.369947,0.012981,10.459786,0.05778,0.063715,0.109658
2024-01-01 00:00:20.070,0.448301,-0.01912,10.237664,0.075112,0.178789,-0.003429
2024-01-01 00:00:20.080,0.151124,0.040992,10.034991,-0.041697,0.037042,-0.0865
2024-01-01 00:00:20.090,0.252143,0.106894,9.64552,0.109123,0.141219,0.030448
2024-01-01 00:00:20.100,-0.047183,0.021485,9.576558,-0.117088,0.12259,-0.061127
2024-01-01 00:00:20.110,0.149146,0.059431,9.487278,-0.035911,0.083042,-0.008907
2024-01-01 00:00:20.120,0.251874,-0.00797,9.076852,-0.010095,0.153027,0.03081
2024-01-01 00:00:20.130,0.098898,-0.277082,8.954905,0.018021,0.043706,-0.094015
2024-01-01 00:00:20.140,0.083398,-0.128302,8.728518,-0.139357,0.004421,-0.000482
2024-01-01 00:00:20.150,0.055912,-0.208892,8.811769,-0.099856,-0.014413,-0.111662
2024-01-01 00:00:20.160,0.122976,-0.188161,8.954242,-0.182818,-0.07988,-0.13065
2024-01-01 00:00:20.170,0.342271,-0.086574,9.031457,-0.096859,-0.102142,-0.135686
2024-01-01 00:00:20.180,0.174894,-0.185538,9.21403,-0.101798,-0.122834,-0.02517
2024-01-01 00:00:20.190,-0.027906,-0.087548,9.424947,-0.182759,-0.087971,0.020367
2024-01-01 00:00:20.200,0.061051,-0.279788,9.863706,-0.142798,-0.02774,0.022431
2024-01-01 00:00:20.210,0.179036,-0.223852,9.876684,-0.222747,0.041593,0.082393
2024-01-01 00:00:20.220,-0.099741,-0.137287,10.424255,-0.178609,-0.040351,-0.064429
2024-01-01 00:00:20.230,-0.126944,-0.168896,10.955984,-0.060519,0.116115,0.144724
2024-01-01 00:00:20.240,-0.005188,-0.096294,10.848146,-0.151454,-0.166923,0.043956
2024-01-01 00:00:20.250,-0.141347,0.036065,10.640526,-0.082936,-0.096579,0.041053
2024-01-01 00:00:20.260,-0.091682,-0.140891,10.800622,-0.150396,-0.178385,0.09838
2024-01-01 00:00:20.270,-0.170432,-0.241833,10.425326,0.016654,-0.169411,0.018606
2024-01-01 00:00:20.280,-0.211886,-0.103203,10.280908,0.014567,-0.171099,0.126154
2024-01-01 00:00:20.290,0.168365,0.0732,10.375915,-0.024459,-0.03391,0.033005
2024-01-01 00:00:20.300,-0.301042,0.21948,9.469367,0.043679,-0.163112,0.002059
2024-01-01 00:00:20.310,-0.239525,-0.018287,9.580081,0.044156,-0.266453,-0.004849
2024-01-01 00:00:20.320,-0.114546,0.148873,9.008379,-0.086879,-0.157477,-0.04689
2024-01-01 00:00:20.330,-0.072747,0.093144,8.54265,0.097241,-0.099542,-0.074137
2024-01-01 00:00:20.340,-0.168726,0.13268,8.785631,0.219402,-0.107678,0.017015
2024-01-01 00:00:20.350,-0.174976,0.080049,9.121249,-0.027356,0.0528,0.02359
2024-01-01 00:00:20.360,-0.113059,0.078984,8.882348,0.086254,-0.145524,-0.093432
2024-01-01 00:00:20.370,-0.129111,0.243883,9.028875,0.197416,-0.054389,-0.005395
2024-01-01 00:00:20.380,0.00291,0.121147,9.374026,0.166122,0.001391,-0.034012
2024-01-01 00:00:20.390,-0.18383,0.142833,9.373336,0.10776,0.033958,-0.164646
2024-01-01 00:00:20.400,-0.0408,0.12674,9.567559,0.183208,-0.00193,0.087911
2024-01-01 00:00:20.410,0.083469,0.286222,9.909936,0.061254,0.037702,0.003466
2024-01-01 00:00:20.420,0.134414,0.084244,9.890646,0.131807,-0.035238,0.07399
2024-01-01 00:00:20.430,0.082214,0.19034,10.453545,0.167812,-0.014246,0.055966
2024-01-01 00:00:20.440,0.207229,0.132686,10.652848,0.038477,0.209202,0.069925
2024-01-01 00:00:20.450,-0.14633,0.105079,10.715895,0.100653,0.039366,0.068314
2024-01-01 00:00:20.460,0.15557,0.243884,10.92377,0.012803,0.093536,0.162947
2024-01-01 00:00:20.470,0.083339,0.17753,10.916955,0.076743,0.148799,0.045872
2024-01-01 00:00:20.480,0.261915,-0.04824,10.38772,0.007165,0.125422,0.021807
2024-01-01 00:00:20.490,0.257884,0.067898,10.133259,-0.026452,0.137787,0.013789
2024-01-01 00:00:20.500,0.409817,-0.147905,9.761494,0.00143,0.118305,0.065867
2024-01-01 00:00:20.510,0.097755,0.059819,9.571177,0.058227,0.244568,0.053074
2024-01-01 00:00:20.520,-0.021482,-0.110378,9.12384,-0.025368,0.034166,-0.030051
2024-01-01 00:00:20.530,0.352116,-0.14609,9.23738,0.024357,0.115165,-0.12164
2024-01-01 00:00:20.540,0.173675,-0.084478,8.688455,-0.015124,0.101673,-0.147464
2024-01-01 00:00:20.550,0.10864,-0.176767,8.930757,-0.142846,0.003903,-0.008791
2024-01-01 00:00:20.560,0.223167,-0.237904,9.120043,-0.131126,0.044571,0.004224
2024-01-01 00:00:20.570,-0.123375,-0.116736,9.019423,-0.166534,0.038784,-0.091493
2024-01-01 00:00:20.580,0.003875,-0.31505,9.442577,-0.05375,0.080223,-0.021832
2024-01-01 00:00:20.590,0.053403,-0.18171,9.109964,-0.05289,0.054425,-0.035548
2024-01-01 00:00:20.600,0.01037,-0.201094,9.460783,-0.122183,0.062604,0.030181
2024-01-01 00:00:20.610,0.003067,-0.180069,9.856208,-0.197169,0.014646,-0.000983
2024-01-01 00:00:20.620,0.046746,-0.029282,10.128272,-0.26203,-0.004089,0.02527
2024-01-01 00:00:20.630,-0.066102,-0.254765,10.512805,-0.263881,0.028898,0.096983
2024-01-01 00:00:20.640,-0.191347,-0.028703,10.349067,0.013908,-0.192857,0.092855
2024-01-01 00:00:20.650,-0.208774,-0.09022,10.720984,-0.194393,-0.048516,0.047044
2024-01-01 00:00:20.660,-0.098407,-0.139352,10.964603,-0.04956,-0.236341,0.037484
2024-01-01 00:00:20.670,-0.005413,-0.083146,10.800718,-0.116454,-0.05542,0.02032
2024-01-01 00:00:20.680,-0.203924,0.110498,10.66207,-0.064259,-0.159973,-0.016612
2024-01-01 00:00:20.690,0.027015,0.022957,10.134249,0.07022,-0.089276,-0.000793
2024-01-01 00:00:20.700,-0.246815,-0.152936,9.955632,0.029739,-0.205961,-0.000904
2024-01-01 00:00:20.710,-0.24834,0.173524,9.78898,-0.048093,-0.022087,0.032637
2024-01-01 00:00:20.720,-0.192299,-0.132415,9.19876,0.027529,-0.145392,0.029229
2024-01-01 00:00:20.730,0.089169,0.197929,9.04274,0.058352,-0.097639,-0.054997
2024-01-01 00:00:20.740,-0.251689,0.088294,8.93262,0.223371,-0.09981,0.01043
2024-01-01 00:00:20.750,-0.261927,0.185541,8.765935,-0.120009,-0.158908,-0.159018
2024-01-01 00:00:20.760,-0.009718,0.12965,8.962572,0.035374,-0.029219,-0.085387
2024-01-01 00:00:20.770,-0.040873,-0.028254,8.700862,0.130259,-0.170887,-0.059478
2024-01-01 00:00:20.780,-0.206742,0.209963,8.887817,0.064979,-0.104907,-0.07565
2024-01-01 00:00:20.790,-0.003447,0.122542,9.636923,0.155101,-0.01265,-0.036168
2024-01-01 00:00:20.800,0.086381,0.138691,9.556588,0.092737,-0.048881,-0.003279
2024-01-01 00:00:20.810,0.007765,0.253721,9.752441,0.092442,-0.171787,0.013442
2024-01-01 00:00:20.820,0.100593,0.319212,10.067418,0.086762,0.005549,0.006956
2024-01-01 00:00:20.830,0.093069,0.100129,10.351528,0.254985,-0.033647,0.057271
2024-01-01 00:00:20.840,0.067896,-0.009414,10.546565,0.173529,0.261594,-0.040145
2024-01-01 00:00:20.850,0.037338,0.131044,10.901938,0.096748,-0.060029,0.081103
2024-01-01 00:00:20.860,0.181849,-0.099904,10.899811,0.219925,0.127219,0.111059
2024-01-01 00:00:20.870,0.176281,0.030258,10.877917,0.05803,0.068252,0.14375
2024-01-01 00:00:20.880,0.096492,0.184738,10.741145,-0.178385,0.056684,-0.006585
2024-01-01 00:00:20.890,0.255157,0.097013,10.107925,0.107976,0.236623,0.03298
2024-01-01 00:00:20.900,0.138788,0.102447,10.346076,0.119486,0.23751,0.0524
2024-01-01 00:00:20.910,0.232299,0.129781,9.634759,-0.05968,0.14317,-0.062843
2024-01-01 00:00:20.920,0.424415,0.114609,9.590137,-0.021023,0.243909,-0.070107
2024-01-01 00:00:20.930,0.076391,-0.02028,9.316385,0.023237,0.068958,-0.024162
2024-01-01 00:00:20.940,0.156885,0.022572,9.420863,-0.070299,0.198782,-0.151668
2024-01-01 00:00:20.950,0.204213,-0.08044,8.887684,-0.008346,-0.006114,-0.151544
2024-01-01 00:00:20.960,0.102357,-0.121172,8.55843,-0.166495,0.104446,-0.101212
2024-01-01 00:00:20.970,0.208617,-0.068589,8.789923,-0.181709,0.042659,-0.056034
2024-01-01 00:00:20.980,0.0108,-0.18295,9.350813,-0.106535,0.104665,-0.016576
2024-01-01 00:00:20.990,-0.12937,-0.183961,9.247339,-0.334542,0.086899,-0.09254
2024-01-01 00:00:21.000,-0.090182,-0.06428,9.403577,-0.095129,0.07737,-0.083199
2024-01-01 00:00:21.010,-0.049989,0.003474,9.644188,-0.182809,0.032762,0.007716
2024-01-01 00:00:21.020,0.147448,-0.183252,9.81619,-0.185359,0.020281,-0.002316
2024-01-01 00:00:21.030,0.008908,-0.026385,10.196236,-0.145806,0.011296,0.077441
2024-01-01 00:00:21.040,-0.287628,-0.006506,10.422395,-0.16049,-0.054664,0.018887
2024-01-01 00:00:21.050,-0.25336,-0.020738,10.394709,-0.125074,-0.076224,0.077476
2024-01-01 00:00:21.060,-0.121027,-0.076666,10.452663,-0.131899,-0.233424,0.126615
2024-01-01 00:00:21.070,-0.051868,-0.189397,11.191265,-0.26564,-0.092343,0.086069
2024-01-01 00:00:21.080,-0.287711,0.108191,10.641283,-0.205818,-0.068822,0.140572
2024-01-01 00:00:21.090,-0.144072,-0.099103,10.181923,-0.062412,-0.143195,0.039199
2024-01-01 00:00:21.100,-0.266278,0.007427,10.343261,0.047534,-0.124427,0.060733
2024-01-01 00:00:21.110,-0.197246,-0.183398,10.015276,0.122091,-0.131498,-0.026255
2024-01-01 00:00:21.120,-0.212004,-0.030273,9.866031,0.039951,-0.154061,-0.011703
2024-01-01 00:00:21.130,0.003913,-0.06783,9.37708,0.085588,-0.127203,-0.018735
2024-01-01 00:00:21.140,-0.273438,-0.037278,9.165963,0.002356,-0.199713,-0.049002
2024-01-01 00:00:21.150,-0.229859,0.153059,9.076982,0.071271,-0.135265,-0.10932
2024-01-01 00:00:21.160,7.1e-05,0.11462,9.074403,0.039025,-0.055034,-0.077692
2024-01-01 00:00:21.170,-0.171786,0.197245,8.617939,0.004455,-0.070818,-0.088801
2024-01-01 00:00:21.180,-0.001769,0.122001,8.87827,-0.067645,-0.023206,-0.075046
2024-01-01 00:00:21.190,-0.221508,-0.038431,9.033569,0.073641,-0.035793,-0.061502
2024-01-01 00:00:21.200,-0.184351,0.015761,9.267514,0.141441,0.09474,-0.022895
2024-01-01 00:00:21.210,0.026554,0.097561,9.612376,0.084253,-0.039725,-0.010563
2024-01-01 00:00:21.220,0.011523,0.063001,9.91256,0.198371,0.06105,-0.064198
2024-01-01 00:00:21.230,-0.121258,0.197543,10.346714,-0.029703,0.000305,0.058645
2024-01-01 00:00:21.240,0.066888,-0.067813,10.229399,0.266629,-0.046755,0.007083
2024-01-01 00:00:21.250,0.264734,0.018697,10.411745,0.281079,-0.042397,0.02109
2024-01-01 00:00:21.260,0.211056,0.163457,11.153562,0.208769,0.090344,0.062901
2024-01-01 00:00:21.270,0.252862,0.216674,11.114386,0.055336,0.033933,0.065166
2024-01-01 00:00:21.280,0.074466,0.217178,10.81354,0.148098,0.126069,-0.036284
2024-01-01 00:00:21.290,0.222326,-0.023913,10.66371,0.045832,0.230765,0.119302
2024-01-01 00:00:21.300,0.275947,0.072697,10.213679,0.2209,-0.011441,-0.039205
2024-01-01 00:00:21.310,0.111287,-0.034694,10.200452,0.008195,0.113612,0.044065
2024-01-01 00:00:21.320,0.257338,0.016441,10.013154,-0.184393,0.094267,-0.146038
2024-01-01 00:00:21.330,0.055119,0.07378,9.080596,-0.042465,0.01437,0.00382
2024-01-01 00:00:21.340,0.222818,-0.077666,9.39299,-0.155391,0.08669,-0.066362
2024-01-01 00:00:21.350,0.128738,-0.035013,9.126009,-0.009704,0.065147,-0.067095
2024-01-01 00:00:21.360,0.399655,0.128429,8.799296,0.107412,0.029118,-0.128115
2024-01-01 00:00:21.370,0.090937,-0.044835,8.749976,-0.107585,0.092027,-0.05356
2024-01-01 00:00:21.380,0.120274,-0.117957,8.885825,-0.059308,0.014937,-0.060475
2024-01-01 00:00:21.390,-0.013578,-0.067047,8.929177,-0.25984,-0.064282,0.053609
2024-01-01 00:00:21.400,0.229782,-0.056207,9.115688,-0.07717,0.023018,-0.061803
2024-01-01 00:00:21.410,-0.128895,-0.387467,9.36699,-0.110164,-0.050298,0.00141
2024-01-01 00:00:21.420,-0.057575,-0.18879,9.819638,-0.208118,0.026706,0.036877
2024-01-01 00:00:21.430,-0.242439,0.01181,9.954152,-0.194611,-0.127478,0.027415
2024-01-01 00:00:21.440,-0.211326,-0.216721,10.609386,-0.101238,-0.025748,0.028501
2024-01-01 00:00:21.450,-0.001633,-0.120166,10.263945,-0.23766,-0.071384,0.148105
2024-01-01 00:00:21.460,-0.054049,-0.281861,10.922216,-0.219514,-0.073254,0.059944
2024-01-01 00:00:21.470,-0.033765,-0.234289,10.698566,-0.102432,-0.198247,-0.012474
2024-01-01 00:00:21.480,-0.058816,-0.188841,10.534233,-0.066509,-0.051921,0.036413
2024-01-01 00:00:21.490,-0.127785,-0.044046,10.426098,-0.084224,-0.128461,-0.00457
2024-01-01 00:00:21.500,-0.170025,-0.077291,10.387484,0.021381,-0.00115,0.043455
2024-01-01 00:00:21.510,-0.49598,-0.054894,10.382551,-0.047652,-0.138358,0.057233
2024-01-01 00:00:21.520,-0.199814,-0.026761,10.111745,-0.043815,-0.023562,0.02868
2024-01-01 00:00:21.530,-0.289954,-0.04081,9.772833,-0.02785,-0.155247,0.033401
2024-01-01 00:00:21.540,-0.127199,0.031801,9.3942,-0.012744,0.035428,-0.068502
2024-01-01 00:00:21.550,-0.106336,0.113244,9.025992,0.1019,-0.236117,-0.04953
2024-01-01 00:00:21.560,-0.216968,0.171616,8.7332,-0.093494,-0.021299,-0.135892
2024-01-01 00:00:21.570,-0.24668,-0.005246,8.807867,0.040092,-0.262449,-0.098781
2024-01-01 00:00:21.580,-0.001007,0.239869,8.753385,0.103997,-0.039955,-0.026134
2024-01-01 00:00:21.590,-0.112198,0.039155,9.22604,0.006616,0.0212,-0.129554
2024-01-01 00:00:21.600,-0.164952,0.150619,8.850599,0.058427,-0.122734,-0.00592
2024-01-01 00:00:21.610,0.067669,0.000873,8.824803,0.091869,-0.007842,-0.063487
2024-01-01 00:00:21.620,0.04027,0.09447,9.600186,-0.010381,0.05059,0.002791
2024-01-01 00:00:21.630,0.174089,-0.110155,10.084973,0.217381,0.10157,0.029563
2024-01-01 00:00:21.640,-0.013931,0.034322,10.323599,0.07315,0.040654,-0.029399
2024-01-01 00:00:21.650,0.123794,0.018528,10.301393,0.31512,0.075397,-0.008639
2024-01-01 00:00:21.660,0.160725,0.207429,10.632654,0.150011,0.016227,0.083114
2024-01-01 00:00:21.670,0.208618,0.104414,10.76314,-0.021282,0.099104,0.032098
2024-01-01 00:00:21.680,-0.088109,0.225407,11.187023,0.108316,0.162868,0.088467
2024-01-01 00:00:21.690,0.026131,0.019396,10.785233,0.083537,0.038271,0.133758
2024-01-01 00:00:21.700,0.301099,-0.032704,10.249197,-0.046715,0.135925,0.12993
2024-01-01 00:00:21.710,0.367736,0.138036,10.645604,-0.037133,0.078278,0.045433
2024-01-01 00:00:21.720,0.194557,0.033968,9.885963,0.223186,0.176915,-0.057599
2024-01-01 00:00:21.730,0.199476,0.094027,9.502303,-0.142702,0.150043,0.066615
2024-01-01 00:00:21.740,0.362814,-0.071481,9.528187,0.062005,0.148401,-0.026374
2024-01-01 00:00:21.750,0.184124,-0.041209,8.93341,-0.031097,0.198982,-0.021716
2024-01-01 00:00:21.760,0.231076,-0.022102,9.147606,0.013064,0.151088,-0.103361
2024-01-01 00:00:21.770,0.033472,-0.037483,9.026312,-0.020215,0.110647,-0.106583
2024-01-01 00:00:21.780,0.025649,-0.048781,8.981613,-0.14066,0.01991,-0.121354
2024-01-01 00:00:21.790,0.019759,-0.240211,9.232627,0.016753,-0.000704,-0.092316
2024-01-01 00:00:21.800,0.169079,-0.06425,8.984637,-0.02871,0.058256,-0.10524
2024-01-01 00:00:21.810,0.113647,0.072083,9.258337,-0.275259,0.054699,-0.07009
2024-01-01 00:00:21.820,0.261708,-0.094299,9.623035,-0.231084,0.040447,-0.130076
2024-01-01 00:00:21.830,-0.019542,-0.048185,9.813363,-0.115331,0.104078,0.022848
2024-01-01 00:00:21.840,-0.118326,-0.113857,10.050796,-0.096245,-0.05572,0.079791
2024-01-01 00:00:21.850,-0.016537,-0.32426,10.326314,-0.159409,0.008264,0.028606
2024-01-01 00:00:21.860,0.043064,-0.154356,10.54903,-0.091972,0.055188,0.053811
2024-01-01 00:00:21.870,-0.374157,-0.145945,11.078928,-0.117547,-0.06634,0.00081
2024-01-01 00:00:21.880,0.035492,-0.093464,10.708166,0.010481,-0.052494,0.047113
2024-01-01 00:00:21.890,-0.245685,-0.155556,10.882921,-0.007829,-0.18508,0.06273
2024-01-01 00:00:21.900,-0.231886,-0.221839,10.84654,-0.117337,-0.146937,0.042721
2024-01-01 00:00:21.910,-0.208844,-0.076266,10.289086,-0.188472,-0.179003,0.038157
2024-01-01 00:00:21.920,-0.248976,-0.079153,10.032954,-0.00092,-0.136327,0.141616
2024-01-01 00:00:21.930,-0.270651,0.071539,9.720234,-0.026451,-0.101496,0.053509
2024-01-01 00:00:21.940,-0.31516,0.110107,9.41391,-0.153559,-0.095358,-0.034638
2024-01-01 00:00:21.950,-0.051191,0.058913,9.476053,0.042868,-0.083786,-0.069957
2024-01-01 00:00:21.960,-0.161581,0.270037,9.366597,0.130703,-0.083337,-0.070963
2024-01-01 00:00:21.970,-0.131845,0.065257,8.872329,0.146478,-0.030839,-0.003458
2024-01-01 00:00:21.980,-0.139274,0.048787,9.062703,0.131446,-0.070554,0.007978
2024-01-01 00:00:21.990,-0.260585,0.328447,8.76988,0.14055,-0.070771,-0.113968
2024-01-01 00:00:22.000,0.055164,0.174858,9.036934,0.143144,0.010525,-0.129438
2024-01-01 00:00:22.010,-0.059653,0.085579,9.173443,0.06781,-0.076874,-0.050714
2024-01-01 00:00:22.020,-0.052507,0.136416,9.358108,0.207118,-0.042934,0.06568
2024-01-01 00:00:22.030,-0.120527,0.128809,9.479126,-0.04091,-0.03087,-0.088373
2024-01-01 00:00:22.040,0.074007,0.05501,9.964125,0.21335,-0.015711,0.043245
2024-01-01 00:00:22.050,0.108899,0.320781,10.389349,0.074627,0.074205,0.006478
2024-01-01 00:00:22.060,-0.125464,0.11781,10.361205,0.161324,0.031565,0.036041
2024-01-01 00:00:22.070,0.249297,0.21808,10.390358,0.10803,0.194179,0.101894
2024-01-01 00:00:22.080,0.228265,0.03728,10.589227,0.097788,0.102268,0.093341
2024-01-01 00:00:22.090,0.288938,0.158314,10.788373,0.196773,0.015546,0.042723
2024-01-01 00:00:22.100,0.211798,0.215,10.409896,0.115259,0.049053,0.097213
2024-01-01 00:00:22.110,0.05578,0.090598,10.188442,0.035112,0.164071,0.190564
2024-01-01 00:00:22.120,0.207459,0.165316,10.325184,0.032221,0.280123,-0.02889
2024-01-01 00:00:22.130,0.276006,0.029648,9.907719,-0.053554,0.109075,0.037805
2024-01-01 00:00:22.140,0.214531,0.052369,9.536697,0.025555,0.155868,-0.038233
2024-01-01 00:00:22.150,0.248094,-0.043607,9.703974,-0.104324,0.233889,0.001061
2024-01-01 00:00:22.160,0.174505,-0.043961,8.733614,0.049928,0.144996,-0.115806
2024-01-01 00:00:22.170,0.158372,-0.094723,8.910033,-0.003515,0.044502,-0.105918
2024-01-01 00:00:22.180,0.334971,-0.118343,8.709902,0.035132,0.104232,-0.068998
2024-01-01 00:00:22.190,0.389954,-0.038913,9.075569,-0.212923,0.128554,-0.110737
2024-01-01 00:00:22.200,0.045291,-0.079877,8.823695,-0.126722,0.078938,-0.070455
2024-01-01 00:00:22.210,-0.034367,-0.049757,9.515538,-0.101598,0.094119,-0.01129
2024-01-01 00:00:22.220,0.371332,-0.104902,9.409194,-0.11522,0.104069,-0.050246
2024-01-01 00:00:22.230,0.043999,0.003885,9.795117,-0.128144,-0.089913,-0.069138
2024-01-01 00:00:22.240,-0.055598,-0.107595,9.763682,-0.088011,-0.021658,0.074697
2024-01-01 00:00:22.250,-0.242198,-0.1812,9.954625,-0.164237,0.04805,0.004481
2024-01-01 00:00:22.260,0.230534,-0.157142,10.676804,-0.119722,-0.025495,0.106954
2024-01-01 00:00:22.270,-0.077976,-0.205826,10.704063,-0.142329,0.0632,0.061171
2024-01-01 00:00:22.280,-0.02811,-0.204569,10.817707,-0.265813,0.038103,0.040911
2024-01-01 00:00:22.290,-0.012869,0.046729,10.539321,-0.017912,-0.050348,0.162575
2024-01-01 00:00:22.300,-0.134837,0.038713,10.707885,-0.008454,-0.151183,0.067865
2024-01-01 00:00:22.310,-0.119515,0.044373,10.634411,0.051297,0.052348,0.022755
2024-01-01 00:00:22.320,-0.05006,-0.224835,10.006369,-0.011931,-0.094424,0.120922
2024-01-01 00:00:22.330,-0.23981,-0.044179,10.072055,-0.10198,-0.078578,0.205017
2024-01-01 00:00:22.340,-0.184728,-0.012615,10.023171,-0.037041,-0.131528,-0.044232
2024-01-01 00:00:22.350,0.102215,0.090655,9.638157,0.0687,-0.136649,0.012405
2024-01-01 00:00:22.360,-0.225888,-0.015865,9.438514,-0.026102,-0.110375,-0.029406
2024-01-01 00:00:22.370,-0.294457,0.163362,8.99262,0.086061,-0.140314,-0.171358
2024-01-01 00:00:22.380,-0.167109,0.018059,8.657266,0.149779,0.034823,-0.123971
2024-01-01 00:00:22.390,0.004532,0.263679,8.913874,0.215018,-0.247056,0.032117
2024-01-01 00:00:22.400,-0.314125,0.378823,9.024857,0.164813,-0.181888,-0.044601
2024-01-01 00:00:22.410,-0.003714,0.048188,8.887724,0.083502,-0.080806,-0.052749
2024-01-01 00:00:22.420,-0.198007,0.096695,9.142288,0.031359,-0.195041,-0.096459
2024-01-01 00:00:22.430,0.022552,0.181683,9.449693,0.068043,-0.108403,-0.073151
2024-01-01 00:00:22.440,-0.080644,0.187223,9.649245,0.101398,0.016555,0.033506
2024-01-01 00:00:22.450,-0.151565,0.174259,10.483504,0.263738,-0.012544,0.020901
2024-01-01 00:00:22.460,0.034342,0.181765,10.579534,0.01626,0.067172,-0.009876
2024-01-01 00:00:22.470,-0.02194,0.107701,10.61224,0.16972,-0.024571,0.024144
2024-01-01 00:00:22.480,0.007804,0.081038,10.89489,0.113643,0.056245,0.056853
2024-01-01 00:00:22.490,0.175879,0.119657,10.597144,0.118987,0.128013,0.096492
2024-01-01 00:00:22.500,0.236757,0.180447,10.851063,0.176826,0.049477,0.020195
2024-01-01 00:00:22.510,0.19171,-0.035199,10.352077,0.149303,0.037864,0.065232
2024-01-01 00:00:22.520,0.454557,-0.033361,10.150113,0.168412,0.198814,0.023728
2024-01-01 00:00:22.530,0.185666,-0.077259,10.417141,0.028943,0.157395,0.019848
2024-01-01 00:00:22.540,0.078987,-0.045799,10.21112,-0.03913,0.141068,-0.009984
2024-01-01 00:00:22.550,-0.00838,0.040165,9.815246,-0.056362,0.214392,-0.049464
2024-01-01 00:00:22.560,0.183396,-0.024436,9.456153,-0.020411,0.139376,-0.034454
2024-01-01 00:00:22.570,0.325605,-0.12899,8.829415,-0.018505,0.182201,-0.021001
2024-01-01 00:00:22.580,0.218535,-0.062499,9.061456,-0.189766,0.134749,-0.174111
2024-01-01 00:00:22.590,0.020917,-0.049089,8.828485,-0.074066,0.053349,-0.0171
2024-01-01 00:00:22.600,0.118142,-0.16979,8.637636,-0.082795,0.001239,-0.120253
2024-01-01 00:00:22.610,-0.014981,-0.141708,9.025686,-0.014099,0.091115,-0.037081
2024-01-01 00:00:22.620,0.079214,-0.158089,9.050221,-0.201314,0.090567,-0.092265
2024-01-01 00:00:22.630,0.089875,-0.376461,9.441302,-0.033147,-0.045554,-0.121078
2024-01-01 00:00:22.640,0.157086,-0.079862,9.657767,-0.00925,-0.109368,-0.094119
2024-01-01 00:00:22.650,-0.066385,-0.133709,9.722169,-0.169329,-0.021452,0.079191
2024-01-01 00:00:22.660,-0.06729,-0.048208,10.165156,-0.25142,-0.02289,0.116938
2024-01-01 00:00:22.670,-0.070285,-0.124222,10.361247,-0.145775,-0.043163,0.063613
2024-01-01 00:00:22.680,-0.129938,-0.010705,10.64296,-0.184273,-0.097485,0.097694
2024-01-01 00:00:22.690,-0.264434,-0.217323,10.483988,-0.133347,-0.05222,0.085049
2024-01-01 00:00:22.700,-0.213397,-0.033627,10.95406,0.033977,-0.015726,-0.083276
2024-01-01 00:00:22.710,-0.435697,-0.119779,10.661759,-0.204206,-0.099573,0.055491
2024-01-01 00:00:22.720,-0.336315,-0.036737,10.514341,-0.020939,-0.134088,-0.005216
2024-01-01 00:00:22.730,-0.280819,0.006516,10.109353,-0.207577,-0.1831,0.089888
2024-01-01 00:00:22.740,-0.182879,-0.04639,10.102633,0.062049,-0.117371,0.02891
2024-01-01 00:00:22.750,-0.473955,0.074096,9.815238,-0.053984,-0.167712,-0.060983
2024-01-01 00:00:22.760,-0.305518,-0.01939,9.234725,0.005872,-0.046584,-0.117964
2024-01-01 00:00:22.770,-0.313399,0.085532,9.019142,0.110939,-0.104198,-0.087869
2024-01-01 00:00:22.780,0.141645,0.044971,9.43582,0.146121,-0.091218,-0.177083
2024-01-01 00:00:22.790,-0.0971,0.083527,8.832599,0.094871,-0.043807,-0.044519
2024-01-01 00:00:22.800,-0.082558,0.195203,8.515024,0.047896,-0.107531,-0.039201
2024-01-01 00:00:22.810,0.005608,0.008393,9.212991,0.169592,0.070495,-0.070667
2024-01-01 00:00:22.820,-0.176732,0.050339,9.381873,0.07242,0.047644,-0.129443
2024-01-01 00:00:22.830,0.060796,0.187503,9.122039,0.072283,-0.011706,0.005357
2024-01-01 00:00:22.840,0.007441,0.229805,9.499752,0.165555,0.070067,-0.032881
2024-01-01 00:00:22.850,0.021938,0.107123,9.978999,0.160462,-0.000791,0.050007
2024-01-01 00:00:22.860,0.120105,0.227345,9.537594,0.248033,0.070465,0.004254
2024-01-01 00:00:22.870,0.211951,0.286293,10.196221,0.317311,0.006653,-0.01507
2024-01-01 00:00:22.880,-0.134492,0.349034,10.617589,0.161674,0.17853,0.070096
2024-01-01 00:00:22.890,0.109518,0.115644,10.503271,0.316538,-0.015544,0.108068
2024-01-01 00:00:22.900,0.486298,0.213274,10.758863,0.182474,0.1197,0.013786
2024-01-01 00:00:22.910,0.32202,0.156589,10.875736,0.056185,0.135537,0.09713
2024-01-01 00:00:22.920,0.213019,0.129248,10.878982,0.028277,0.134291,0.064711
2024-01-01 00:00:22.930,0.121764,0.017431,10.246841,-0.049759,0.08338,0.048113
2024-01-01 00:00:22.940,0.119469,-0.108739,10.282393,-0.094876,0.216838,0.129478
2024-01-01 00:00:22.950,0.434755,0.033754,9.519515,0.176495,0.190814,-0.033484
2024-01-01 00:00:22.960,0.255502,-0.065693,10.035459,-0.111415,0.118201,-0.078398
2024-01-01 00:00:22.970,0.082867,-0.121413,9.087845,0.006638,0.060977,-0.122371
2024-01-01 00:00:22.980,0.274563,-0.095379,8.981143,-0.058776,0.120717,0.017378
2024-01-01 00:00:22.990,0.110303,0.074248,8.888549,-0.035372,0.330551,-0.086923
2024-01-01 00:00:23.000,0.055957,-0.019496,8.996523,-0.193123,0.003766,-0.043154
2024-01-01 00:00:23.010,0.071017,-0.168571,8.708884,-0.019455,0.163888,-0.115396
2024-01-01 00:00:23.020,0.001466,0.067306,8.886552,-0.158474,0.079128,-0.027043
2024-01-01 00:00:23.030,-0.122705,-0.15624,9.252232,-0.050382,0.105493,-0.110055
2024-01-01 00:00:23.040,0.126959,-0.178231,9.560527,-0.143369,0.015254,-0.037108
2024-01-01 00:00:23.050,0.015439,-0.099633,9.799025,-0.025447,-0.038642,-0.060754
2024-01-01 00:00:23.060,-0.271194,-0.144247,9.875103,0.047068,-0.082303,-0.025643
2024-01-01 00:00:23.070,-0.434676,-0.066095,10.538351,-0.187708,-0.081027,-0.016563
2024-01-01 00:00:23.080,-0.00928,-0.292417,10.702174,-0.118415,-0.040072,0.05825
2024-01-01 00:00:23.090,0.070362,-0.276631,10.572401,-0.020397,-0.064834,0.088766
2024-01-01 00:00:23.100,0.180697,-0.004381,10.548516,-0.181942,-0.124295,0.077342
2024-01-01 00:00:23.110,-0.171233,-0.213417,10.780892,-0.011227,-0.130202,-0.001212
2024-01-01 00:00:23.120,-0.142635,-0.182072,10.327822,-0.136634,-0.147019,0.023462
2024-01-01 00:00:23.130,-0.322015,-0.111968,10.298155,-0.127957,-0.141184,0.05403
2024-01-01 00:00:23.140,-0.410572,-0.014952,10.204948,-0.117702,-0.222014,0.037517
2024-01-01 00:00:23.150,-0.178548,-0.025495,10.127238,0.046644,-0.118123,0.029319
2024-01-01 00:00:23.160,-0.278583,0.113353,9.686202,0.110568,-0.201988,0.033103
2024-01-01 00:00:23.170,-0.17098,-0.00763,9.430618,0.078235,-0.125688,0.068559
2024-01-01 00:00:23.180,-0.138589,-0.255498,9.00794,0.138403,-0.045302,-0.094959
2024-01-01 00:00:23.190,-0.34581,0.071143,8.819656,0.081576,-0.06579,-0.143964
2024-01-01 00:00:23.200,-0.025612,0.032372,8.652603,0.178101,-0.024376,-0.02732
2024-01-01 00:00:23.210,-0.056954,0.059235,8.785502,0.104864,-0.128439,-0.05541
2024-01-01 00:00:23.220,0.100033,0.03262,8.776136,0.070378,-0.088931,-0.018075
2024-01-01 00:00:23.230,0.020218,0.015729,9.073064,0.194577,-0.030095,-0.113812
2024-01-01 00:00:23.240,-0.138079,0.229577,9.358572,0.114058,3.5e-05,-0.117003
2024-01-01 00:00:23.250,-0.086408,0.304154,9.229575,0.233153,-0.095629,-0.033212
2024-01-01 00:00:23.260,-0.000358,0.307956,9.957458,0.129297,0.024153,-0.016924
2024-01-01 00:00:23.270,-0.103389,0.047808,9.95213,0.166485,0.06006,0.058907
2024-01-01 00:00:23.280,0.158457,0.091951,10.703234,0.066357,0.059108,-0.005254
2024-01-01 00:00:23.290,0.114187,0.090631,10.205009,0.071002,0.131119,0.018219
2024-01-01 00:00:23.300,0.368891,0.185679,10.806736,-0.028039,0.064128,0.037709
2024-01-01 00:00:23.310,0.084976,0.215211,10.728257,0.128326,0.116169,0.048261
2024-01-01 00:00:23.320,0.107502,0.146079,10.423956,0.07676,0.189163,0.152229
2024-01-01 00:00:23.330,0.385705,0.266937,10.659563,0.182921,0.075581,0.000988
2024-01-01 00:00:23.340,0.293955,0.044458,10.669814,0.021997,0.280624,0.037604
2024-01-01 00:00:23.350,0.05299,0.065677,9.959213,-0.051317,0.09656,0.082304
2024-01-01 00:00:23.360,0.100276,-0.039161,9.487917,-0.179383,0.162453,0.032687
2024-01-01 00:00:23.370,0.26838,-0.126211,9.720322,-0.147802,0.150469,-0.054561
2024-01-01 00:00:23.380,0.136827,-0.09529,9.479366,-0.09901,0.106435,-0.039832
2024-01-01 00:00:23.390,0.160678,-0.120214,9.106454,-0.119758,0.163581,-0.079189
2024-01-01 00:00:23.400,0.115292,0.062815,8.750032,-0.106721,0.084652,-0.005486
2024-01-01 00:00:23.410,0.435123,-0.261062,8.909494,-0.16579,-0.002915,-0.097284
2024-01-01 00:00:23.420,-0.033744,-0.117741,8.770882,-0.139232,0.102022,-0.067917
2024-01-01 00:00:23.430,-0.055912,-0.252305,9.216883,-0.128949,0.145423,-0.105411
2024-01-01 00:00:23.440,0.050765,-0.099338,9.243656,-0.184465,0.016884,0.015906
2024-01-01 00:00:23.450,0.091406,-0.113098,9.740376,-0.06514,0.067447,-0.053024
2024-01-01 00:00:23.460,-0.042542,-0.23434,9.291377,-0.074007,-0.103489,0.041091
2024-01-01 00:00:23.470,-0.221348,-0.050687,10.18191,-0.260829,-0.06716,-0.061911
2024-01-01 00:00:23.480,-0.086137,-0.136579,10.306461,-0.131451,0.055478,0.088886
2024-01-01 00:00:23.490,-0.197549,-0.158787,10.911563,0.042319,-0.025591,0.050539
2024-01-01 00:00:23.500,0.0351,-0.192328,10.921287,-0.236476,-0.043802,0.193152
2024-01-01 00:00:23.510,-0.005851,-0.086869,11.03632,-0.014725,-0.191319,0.153683
2024-01-01 00:00:23.520,-0.245098,-0.166437,10.84486,0.00277,-0.025193,0.071045
2024-01-01 00:00:23.530,-0.214168,-0.015526,10.611813,-0.094894,-0.242991,0.137418
2024-01-01 00:00:23.540,-0.071816,-0.053441,10.519827,-0.099112,-0.208232,0.037005
2024-01-01 00:00:23.550,-0.05468,-0.101979,10.469961,-0.024794,-0.218301,0.009734
2024-01-01 00:00:23.560,-0.303337,0.045475,9.845669,-0.099783,-0.131421,0.033843
2024-01-01 00:00:23.570,-0.020551,0.01713,9.887541,-0.012784,-0.127746,0.002361
2024-01-01 00:00:23.580,-0.073507,0.261679,9.195976,0.055001,-0.100563,-0.047689
2024-01-01 00:00:23.590,0.068563,-0.011941,8.815958,0.049528,-0.140116,-0.11543
2024-01-01 00:00:23.600,-0.05173,0.079285,9.337577,0.04037,-0.013553,-0.118325
2024-01-01 00:00:23.610,-0.349596,0.145476,8.576444,0.044595,-0.058731,-0.158005
2024-01-01 00:00:23.620,-0.113978,0.058725,9.04563,0.17815,-0.175017,-0.059106
2024-01-01 00:00:23.630,-0.064469,0.217876,8.852074,0.095708,-0.119797,-0.060213
2024-01-01 00:00:23.640,-0.025533,0.116604,9.108107,0.070996,0.073332,-0.093947
2024-01-01 00:00:23.650,0.045861,0.264063,9.100237,0.058133,-0.133494,-0.019443
2024-01-01 00:00:23.660,-0.047353,0.105622,10.260109,0.181217,-0.111393,-0.02307
2024-01-01 00:00:23.670,0.045912,0.186359,10.022606,0.217063,0.044346,-0.01567
2024-01-01 00:00:23.680,0.016037,0.297472,10.040844,0.040064,-0.090279,0.062307
2024-01-01 00:00:23.690,-0.16427,0.068626,10.130167,0.173909,0.043776,0.102577
2024-01-01 00:00:23.700,0.065896,0.265595,11.006353,0.126814,0.072715,0.082506
2024-01-01 00:00:23.710,-0.004627,0.072181,10.837799,0.229738,0.030365,0.130201
2024-01-01 00:00:23.720,0.21517,0.039994,10.475261,0.130142,0.142278,0.030291
2024-01-01 00:00:23.730,0.427911,0.038865,10.648689,0.086672,-0.018571,0.08224
2024-01-01 00:00:23.740,0.19388,-0.067179,10.521827,0.073414,0.094202,0.170982
2024-01-01 00:00:23.750,0.190516,0.21132,10.089729,-0.001376,0.125291,0.068778
2024-01-01 00:00:23.760,0.189282,-0.005247,10.091874,0.00652,0.131055,0.032743
2024-01-01 00:00:23.770,0.175625,-0.105934,9.328951,0.004097,0.146636,0.064553
2024-01-01 00:00:23.780,0.18428,-0.07409,9.405716,-0.013579,0.165476,-0.08365
2024-01-01 00:00:23.790,0.186341,-0.002728,9.389069,-0.096316,0.167817,0.012281
2024-01-01 00:00:23.800,0.291102,-0.027834,9.012074,0.023776,0.070117,-0.082246
2024-01-01 00:00:23.810,0.152213,-0.239913,8.963896,-0.14427,0.057682,-0.086367
2024-01-01 00:00:23.820,0.103752,0.070669,8.619701,-0.251818,0.083198,-0.05982
2024-01-01 00:00:23.830,-0.000504,-0.067293,8.517024,-0.198915,0.071588,-0.031051
2024-01-01 00:00:23.840,0.039199,-0.21673,9.28646,-0.026185,0.13195,-0.028872
2024-01-01 00:00:23.850,0.092567,-0.151262,9.042176,-0.20006,-0.032332,-0.01349
2024-01-01 00:00:23.860,0.166344,-0.16656,9.78585,-0.174926,0.000736,-0.046677
2024-01-01 00:00:23.870,0.024003,-0.219994,9.464437,-0.089935,-0.020199,0.031846
2024-01-01 00:00:23.880,0.018353,-0.22789,9.84,-0.101975,-0.015505,-0.028176
2024-01-01 00:00:23.890,-0.035012,0.033769,10.268893,-0.161293,0.072745,-0.00452
2024-01-01 00:00:23.900,-0.266097,-0.22701,10.986882,-0.067377,-0.125176,0.055382
2024-01-01 00:00:23.910,-0.14913,-0.086107,10.529907,-0.036786,-0.044332,0.006357
2024-01-01 00:00:23.920,-0.057141,-0.159235,10.507322,-0.176944,-0.020075,0.036969
2024-01-01 00:00:23.930,-0.088617,-0.181851,10.869475,-0.053025,-0.032617,0.022323
2024-01-01 00:00:23.940,-0.143929,-0.044605,10.55228,-0.017119,-0.103887,0.120855
2024-01-01 00:00:23.950,-0.222214,-0.028426,10.1934,-0.013359,-0.160652,-0.001991
2024-01-01 00:00:23.960,-0.08644,-0.114513,10.287414,-0.001506,-0.232503,0.031014
2024-01-01 00:00:23.970,-0.252663,0.052518,10.169331,0.050473,-0.119035,-0.064674
2024-01-01 00:00:23.980,0.018247,0.02605,9.702779,-0.011518,-0.090579,-0.045166
2024-01-01 00:00:23.990,-0.183825,0.01716,9.56674,0.027305,-0.182551,-0.020475
2024-01-01 00:00:24.000,-0.058373,-0.042387,9.086448,0.217036,-0.087657,-0.030771
2024-01-01 00:00:24.010,-0.240748,0.052777,8.767606,0.281047,-0.069497,-0.078586
2024-01-01 00:00:24.020,-0.160768,-0.135764,9.006177,0.179004,-0.076677,-0.037732
2024-01-01 00:00:24.030,-0.05584,0.073156,8.970223,0.075409,-0.119069,-0.070063
2024-01-01 00:00:24.040,-0.104849,0.232628,9.089517,0.23996,0.030711,-0.096321
2024-01-01 00:00:24.050,-0.141591,0.103318,8.813084,0.085978,-0.165322,-0.130135
2024-01-01 00:00:24.060,0.216271,0.151663,9.533793,0.170629,0.030739,-0.049152
2024-01-01 00:00:24.070,0.045888,0.203852,9.865551,0.195371,-0.006884,0.019736
2024-01-01 00:00:24.080,0.104364,0.209376,9.815695,0.120987,-0.054593,0.002424
2024-01-01 00:00:24.090,-0.08388,0.153239,10.324446,0.129941,0.048223,0.063565
2024-01-01 00:00:24.100,0.051884,0.101052,10.978361,0.006175,-0.036961,0.007558
2024-01-01 00:00:24.110,0.054597,0.050909,10.750097,0.107314,0.06239,0.015455
2024-01-01 00:00:24.120,0.088102,0.061889,10.52122,0.075265,-0.028242,0.034336
2024-01-01 00:00:24.130,0.073463,0.03394,10.676873,0.075151,0.150629,0.13447
2024-01-01 00:00:24.140,0.293405,-0.039417,11.198037,0.189645,-0.059584,0.059838
2024-01-01 00:00:24.150,0.15264,0.227555,10.219238,0.020348,0.040461,0.030296
2024-01-01 00:00:24.160,0.397033,0.088148,10.137438,0.108499,0.141296,0.021117
2024-01-01 00:00:24.170,0.248839,-0.001728,10.139176,-0.034396,0.103157,0.017282
2024-01-01 00:00:24.180,0.174562,0.118164,9.452304,-0.000801,0.142123,0.023544
2024-01-01 00:00:24.190,0.146012,-0.076968,9.308288,-0.211773,0.070843,0.018311
2024-01-01 00:00:24.200,-0.071504,-0.111361,8.99781,-0.029377,0.000109,-0.110457
2024-01-01 00:00:24.210,0.268175,0.089347,9.044538,-0.006881,0.12067,-0.030661
2024-01-01 00:00:24.220,-0.088638,-0.082961,8.650435,-0.18759,0.167608,-0.049332
2024-01-01 00:00:24.230,0.192491,-0.068487,8.994234,0.138175,0.112855,-0.099352
2024-01-01 00:00:24.240,0.110871,-0.114459,8.986288,-0.167858,0.095395,-0.087468
2024-01-01 00:00:24.250,0.081716,-0.089568,9.332192,-0.245377,0.090956,-0.028938
2024-01-01 00:00:24.260,0.144231,-0.120901,9.134051,-0.181068,-0.019458,-0.040914
2024-01-01 00:00:24.270,0.110699,-0.205296,9.561496,-0.239144,-0.025974,-0.088659
2024-01-01 00:00:24.280,-0.076222,-0.227143,9.732894,-0.149044,0.162039,0.067742
2024-01-01 00:00:24.290,0.106103,-0.001375,9.973112,-0.27253,-0.018083,0.022578
2024-01-01 00:00:24.300,-0.112017,-0.103367,10.588851,-0.111424,-0.087141,0.115978
2024-01-01 00:00:24.310,-0.070302,-0.07189,10.638958,-0.166837,-0.006932,0.06752
2024-01-01 00:00:24.320,-0.073091,-0.091857,10.854783,0.013436,-0.035939,0.029315
2024-01-01 00:00:24.330,-0.039029,-0.005935,10.713306,-0.088658,-0.041511,0.040037
2024-01-01 00:00:24.340,-0.076019,-0.000155,11.064286,-0.097222,-0.021249,0.031313
2024-01-01 00:00:24.350,-0.071768,-0.228362,10.344552,-0.008174,-0.170715,0.028137
2024-01-01 00:00:24.360,-0.134214,-0.04151,10.534986,-0.05165,-0.176658,0.045306
2024-01-01 00:00:24.370,-0.350246,0.033475,10.377198,-0.128838,-0.082671,0.010432
2024-01-01 00:00:24.380,-0.21646,-0.055589,9.76895,0.013145,-0.156713,0.034566
2024-01-01 00:00:24.390,-0.089331,0.086702,9.515874,-0.088797,-0.15432,-0.020662
2024-01-01 00:00:24.400,-0.438341,-0.067718,9.715436,0.113573,-0.087412,-0.042624
2024-01-01 00:00:24.410,-0.239058,0.109966,8.692853,0.089104,-0.203518,-0.117382
2024-01-01 00:00:24.420,-0.300674,0.083533,8.667816,-0.034901,-0.16077,-0.060363
2024-01-01 00:00:24.430,0.024595,0.071228,8.866535,0.116443,-0.222214,-0.056852
2024-01-01 00:00:24.440,-0.036327,0.241414,8.754998,0.122123,-0.08509,-0.103346
2024-01-01 00:00:24.450,-0.140323,-0.03593,8.948764,0.288913,-0.075535,-0.026166
2024-01-01 00:00:24.460,0.129301,0.193141,8.988497,0.118282,-0.03924,-0.113276
2024-01-01 00:00:24.470,-0.0388,0.082531,9.566983,0.046316,0.006214,-0.051828
2024-01-01 00:00:24.480,0.173903,0.101954,9.996973,0.094004,0.015057,-0.050519
2024-01-01 00:00:24.490,0.001074,0.178013,9.951257,0.133104,-0.001804,0.091007
2024-01-01 00:00:24.500,0.038387,0.137364,10.379978,0.187633,-0.016324,-0.007325
2024-01-01 00:00:24.510,0.022072,0.322282,10.417507,0.09957,0.125155,0.056693
2024-01-01 00:00:24.520,0.290293,0.185604,10.366906,0.043952,0.127366,0.033333
2024-01-01 00:00:24.530,0.221087,0.145854,10.910035,-0.034479,0.039745,0.053865
2024-01-01 00:00:24.540,0.162949,0.122332,10.81035,0.056938,0.180039,0.033281
2024-01-01 00:00:24.550,0.20797,0.02654,10.589159,0.105966,-0.088848,0.082324
2024-01-01 00:00:24.560,0.268088,0.279624,10.338242,0.053218,0.019957,0.043691
2024-01-01 00:00:24.570,0.242348,0.171163,9.98349,-0.010103,0.028168,0.057088
2024-01-01 00:00:24.580,0.583703,-0.065095,9.734852,0.000337,0.091585,-0.035699
2024-01-01 00:00:24.590,0.300337,0.008973,9.53514,0.049104,0.201422,0.028349
2024-01-01 00:00:24.600,0.304972,-0.091269,9.326237,-0.004518,0.070995,0.062745
2024-01-01 00:00:24.610,0.155385,-0.194127,9.131418,-0.043921,-0.022489,-0.120259
2024-01-01 00:00:24.620,0.141685,0.092179,9.143002,0.021542,0.104547,-0.092988
2024-01-01 00:00:24.630,0.138004,-0.291657,9.332735,-0.02588,0.077749,-0.071475
2024-01-01 00:00:24.640,-0.044539,-0.017547,8.466524,-0.051124,0.000288,-0.156215
2024-01-01 00:00:24.650,0.14414,-0.091495,8.86046,-0.291941,-0.011227,-0.069742
2024-01-01 00:00:24.660,0.04439,-0.352196,9.070913,-0.146879,0.058825,-0.025721
2024-01-01 00:00:24.670,-0.054395,-0.125803,9.907874,-0.130134,0.059541,-0.060724
2024-01-01 00:00:24.680,0.034572,-0.222534,9.850978,0.026908,-0.022141,-0.101106
2024-01-01 00:00:24.690,0.059426,-0.190084,10.051612,-0.13762,0.063108,0.107493
2024-01-01 00:00:24.700,0.025257,-0.22835,10.093415,-0.006874,-0.037019,0.08399
2024-01-01 00:00:24.710,0.036349,-0.133585,10.242068,-0.154426,0.07559,0.04281
2024-01-01 00:00:24.720,-0.325642,-0.110346,10.799607,-0.064384,-0.141189,0.005157
2024-01-01 00:00:24.730,-0.168538,-0.051803,10.882408,-0.033657,-0.135978,0.056454
2024-01-01 00:00:24.740,-0.179762,-0.040315,10.839048,0.004606,-0.086108,0.084655
2024-01-01 00:00:24.750,-0.199413,0.027183,10.467726,-0.116963,-0.130437,0.107419
2024-01-01 00:00:24.760,-0.079876,0.035489,10.349894,-0.11876,-0.110667,0.14168
2024-01-01 00:00:24.770,-0.431506,-0.059928,10.128844,-0.124377,-0.087432,0.035165
2024-01-01 00:00:24.780,-0.209959,0.051043,10.066015,0.028108,-0.136405,-0.112108
2024-01-01 00:00:24.790,-0.245531,-0.042148,9.638674,0.103728,-0.109247,-0.05681
2024-01-01 00:00:24.800,0.075375,0.086736,9.176963,0.02048,-0.008739,-0.028084
2024-01-01 00:00:24.810,-0.304776,0.165217,9.471337,0.053832,-0.227408,-0.10532
2024-01-01 00:00:24.820,-0.201515,-0.016869,8.950412,0.041856,-0.04594,-0.049088
2024-01-01 00:00:24.830,-0.007421,0.155721,8.721454,-0.008373,-0.115254,-0.080746
2024-01-01 00:00:24.840,-0.322064,0.086578,8.846115,0.070092,0.005196,-0.103943
2024-01-01 00:00:24.850,0.114207,0.15121,8.670726,0.042987,-0.074436,-0.102188
2024-01-01 00:00:24.860,0.002287,0.251669,9.309008,0.038074,-0.047398,-0.048648
2024-01-01 00:00:24.870,-0.0666,0.107916,8.905446,0.20118,0.056789,0.006515
2024-01-01 00:00:24.880,0.135177,0.124171,9.311321,0.134673,0.062428,0.044956
2024-01-01 00:00:24.890,0.017903,0.366152,9.833985,0.137647,0.14603,0.004513
2024-01-01 00:00:24.900,-0.151136,-0.052787,10.112172,0.108546,0.029405,0.082207
2024-01-01 00:00:24.910,-0.00896,0.35407,10.120311,0.093736,0.12337,0.08538
2024-01-01 00:00:24.920,-0.028316,0.352846,10.757383,0.029103,0.144028,0.108515
2024-01-01 00:00:24.930,0.18105,-0.014444,10.765945,0.24357,0.160606,0.076257
2024-01-01 00:00:24.940,0.233153,0.293304,10.378742,0.19221,0.079004,0.059067
2024-01-01 00:00:24.950,0.122612,0.079639,10.818679,-0.033222,0.112847,0.110546
2024-01-01 00:00:24.960,0.169458,-0.004707,10.300163,0.012601,0.168293,0.023961
2024-01-01 00:00:24.970,0.293648,0.085856,10.348906,0.10502,0.120639,0.049531
2024-01-01 00:00:24.980,0.103762,-0.095524,9.84274,-0.039801,0.075884,-0.032125
2024-01-01 00:00:24.990,0.373551,0.032231,9.970629,0.043261,0.101223,0.030463
2024-01-01 00:00:25.000,0.236503,0.09654,9.489615,-0.098746,0.139575,0.104046
2024-01-01 00:00:25.010,0.182001,-0.008331,9.438451,0.021923,0.085888,-0.037232
2024-01-01 00:00:25.020,0.03237,0.129856,8.849025,-0.008455,0.08897,-0.022654
2024-01-01 00:00:25.030,0.203219,-0.061572,8.629784,0.085479,0.199567,-0.062729
2024-01-01 00:00:25.040,0.208874,-0.180218,8.435976,-0.1356,0.008243,-0.037723
2024-01-01 00:00:25.050,0.056301,-0.009012,9.21552,-0.264036,0.123817,-0.092151
2024-01-01 00:00:25.060,0.2263,-0.179276,8.80679,-0.092099,0.097071,-0.044543
2024-01-01 00:00:25.070,0.082302,-0.138766,9.352069,-0.105822,-0.038601,-0.12778
2024-01-01 00:00:25.080,0.114724,-0.114576,9.32931,-0.121407,0.0925,-0.027539
2024-01-01 00:00:25.090,0.125548,-0.054064,9.45675,-0.227711,-0.060465,0.024102
2024-01-01 00:00:25.100,-0.343096,-0.278821,10.375967,-0.187517,0.053349,-0.009687
2024-01-01 00:00:25.110,-0.168851,-0.025637,10.239833,-0.064365,-0.073631,0.011637
2024-01-01 00:00:25.120,-0.022853,-0.21929,10.78876,-0.114077,-0.037382,0.02317
2024-01-01 00:00:25.130,-0.267392,0.022637,10.650829,-0.087858,-0.024354,-0.02884
2024-01-01 00:00:25.140,-0.131725,-0.193498,10.783799,-0.059133,-0.073851,0.069765
2024-01-01 00:00:25.150,0.11833,0.115577,10.807672,-0.00443,-0.101822,0.100731
2024-01-01 00:00:25.160,-0.167319,-0.175617,10.670946,-0.067908,-0.112891,0.089136
2024-01-01 00:00:25.170,-0.13938,-0.093277,10.483644,-0.147778,0.029824,0.042796
2024-01-01 00:00:25.180,-0.181874,0.055325,10.33978,-0.020152,-0.11514,-0.028618
2024-01-01 00:00:25.190,-0.189901,0.101642,9.895186,0.012168,-0.037277,0.004977
2024-01-01 00:00:25.200,-0.361746,0.002935,9.659998,-0.047117,-0.07624,-0.011396
2024-01-01 00:00:25.210,-0.219887,0.169086,9.46979,0.174609,-0.143666,-0.014696
2024-01-01 00:00:25.220,-0.009856,0.071828,9.243943,0.056588,-0.108423,-0.053177
2024-01-01 00:00:25.230,-0.144143,0.165865,9.196937,0.093222,-0.105498,-0.039832
2024-01-01 00:00:25.240,-0.038057,0.095818,8.99842,0.146303,-0.087485,-0.072466
2024-01-01 00:00:25.250,-0.062057,0.145801,8.749341,0.249777,-0.081126,-0.074936
2024-01-01 00:00:25.260,0.083943,0.133784,8.905139,0.090958,-0.008229,-0.035125
2024-01-01 00:00:25.270,-0.080053,-0.049585,9.380794,0.03862,-0.062364,-0.041621
2024-01-01 00:00:25.280,-0.033807,0.140562,9.450636,0.080363,-0.025074,-0.013434
2024-01-01 00:00:25.290,-0.156152,0.08249,9.784643,0.089499,-0.11821,0.005137
2024-01-01 00:00:25.300,-0.044282,0.297991,9.841773,0.069925,0.051767,0.035746
2024-01-01 00:00:25.310,0.290531,0.05262,10.215349,0.139664,0.04007,0.058062
2024-01-01 00:00:25.320,0.114172,0.034191,10.366419,0.021779,0.00201,0.008974
2024-01-01 00:00:25.330,0.096431,0.205049,10.839287,0.067727,0.028836,0.082086
2024-01-01 00:00:25.340,-0.03225,0.065108,10.719974,0.116361,0.269401,0.169251
2024-01-01 00:00:25.350,0.202911,0.064455,10.458166,0.117441,0.104471,0.139328
2024-01-01 00:00:25.360,0.155827,-0.009383,10.848761,0.150604,0.075202,0.088201
2024-01-01 00:00:25.370,0.072226,0.085228,10.423565,0.079534,0.058495,0.088038
2024-01-01 00:00:25.380,0.10743,0.051062,10.263424,-0.031629,0.071069,0.042906
2024-01-01 00:00:25.390,0.267114,-0.017402,10.162148,-0.02823,0.171391,-0.008296
2024-01-01 00:00:25.400,0.270224,0.022459,10.001022,0.06986,0.075932,-0.123473
2024-01-01 00:00:25.410,0.061148,-0.119311,9.469595,0.144243,0.066853,-0.026521
2024-01-01 00:00:25.420,0.344579,-0.216168,9.299438,0.051893,0.201338,-0.086309
2024-01-01 00:00:25.430,0.159703,-0.265129,9.139742,-0.168783,0.185967,-0.086457
2024-01-01 00:00:25.440,0.269463,-0.100449,8.881019,-0.029764,-0.107921,-0.027192
2024-01-01 00:00:25.450,0.040832,-0.157776,8.725472,-0.151193,-0.093226,-0.152441
2024-01-01 00:00:25.460,0.003889,-0.165064,8.641412,-0.182494,-0.007776,0.05263
2024-01-01 00:00:25.470,0.183449,-0.045949,9.041285,-0.188136,0.119179,-0.051285
2024-01-01 00:00:25.480,0.151851,-0.194842,9.423888,-0.052037,0.088351,-0.001685
2024-01-01 00:00:25.490,0.038891,-0.033819,9.177705,-0.198919,0.077814,-0.090018
2024-01-01 00:00:25.500,-0.077636,-0.146164,9.602683,-0.099801,-0.0028,-0.074368
2024-01-01 00:00:25.510,-0.144853,-0.099056,9.852993,-0.199943,-0.038853,0.088376
2024-01-01 00:00:25.520,-0.154008,-0.083604,10.520728,-0.22339,-0.055438,0.016578
2024-01-01 00:00:25.530,-0.254166,-0.176169,10.650402,-0.17631,-0.109958,0.07989
2024-01-01 00:00:25.540,0.018082,-0.234136,10.683292,0.03071,-0.052631,-0.016623
2024-01-01 00:00:25.550,-0.041152,-0.439606,11.035247,-0.212311,-0.172375,0.139486
2024-01-01 00:00:25.560,-0.156956,-0.289633,10.573133,-0.06948,-0.109865,0.040761
2024-01-01 00:00:25.570,-0.065007,-0.043438,10.849939,-0.064122,0.101451,0.188358
2024-01-01 00:00:25.580,-0.339125,0.043453,10.525255,-0.150239,-0.199024,0.050318
2024-01-01 00:00:25.590,-0.20922,-0.190984,10.322488,-0.167204,-0.069965,0.021962
2024-01-01 00:00:25.600,-0.198537,0.007909,9.929849,0.09676,-0.139921,0.005044
2024-01-01 00:00:25.610,-0.01942,-0.025876,9.557913,0.015479,-0.186706,-0.059683
2024-01-01 00:00:25.620,-0.062452,0.098783,9.39129,0.204578,-0.135563,-0.144602
2024-01-01 00:00:25.630,-0.145546,0.121597,9.05509,0.101299,-0.065357,-0.034244
2024-01-01 00:00:25.640,-0.219776,0.040087,9.025882,0.196307,-0.165544,-0.13466
2024-01-01 00:00:25.650,-0.098049,0.111788,8.63486,0.177511,-0.036495,-0.078551
2024-01-01 00:00:25.660,-0.098566,0.149206,9.087737,0.19159,-0.173073,-0.047383
2024-01-01 00:00:25.670,-0.108658,0.10699,8.990416,0.040195,-0.153771,-0.128561
2024-01-01 00:00:25.680,-0.34456,-0.110137,9.177927,0.368864,-0.046486,-0.057079
2024-01-01 00:00:25.690,0.09115,0.146882,9.765651,0.138859,-0.052853,0.004641
2024-01-01 00:00:25.700,0.079217,0.065001,9.833062,0.282788,-0.059795,-0.035066
2024-01-01 00:00:25.710,0.281384,0.062816,9.976795,0.084783,0.012144,-0.056082
2024-01-01 00:00:25.720,-0.081104,0.133286,10.178405,0.162408,0.025743,0.066434
2024-01-01 00:00:25.730,-0.125286,0.178647,10.39399,0.050132,0.17199,0.114673
2024-01-01 00:00:25.740,0.106374,-0.013185,10.821611,0.038091,0.067239,-0.017698
2024-01-01 00:00:25.750,0.166716,0.152293,10.579326,0.222081,0.126115,0.092226
2024-01-01 00:00:25.760,0.299425,0.102147,10.877906,0.083611,0.029763,0.113777
2024-01-01 00:00:25.770,0.233845,0.157191,10.80813,0.168009,0.060688,0.125448
2024-01-01 00:00:25.780,0.155977,-0.001722,10.606335,0.110557,0.007168,0.014985
2024-01-01 00:00:25.790,-0.005941,0.019459,10.195447,0.023008,0.090442,0.059051
2024-01-01 00:00:25.800,0.259277,0.017975,9.923284,-0.097175,0.107486,0.019165
2024-01-01 00:00:25.810,0.271443,-0.106929,9.903937,-0.114532,0.094809,-0.01733
2024-01-01 00:00:25.820,0.13128,-0.026348,9.445513,-0.081378,0.012823,-0.044042
2024-01-01 00:00:25.830,0.064153,-0.12806,9.530771,0.036566,0.148256,-0.03026
2024-01-01 00:00:25.840,0.138471,-0.151036,9.021809,-0.02265,0.128811,0.01164
2024-01-01 00:00:25.850,0.279236,-0.175905,8.96088,0.004873,0.095306,-0.073086
2024-01-01 00:00:25.860,0.006385,-0.132401,8.822091,-0.040748,0.125881,-0.100035
2024-01-01 00:00:25.870,0.221985,-0.128105,8.936217,-0.164939,0.039965,-0.101235
2024-01-01 00:00:25.880,0.159304,0.017049,8.760226,0.025565,0.208321,-0.088191
2024-01-01 00:00:25.890,0.293563,-0.089766,9.424535,-0.138048,-0.017201,-0.019879
2024-01-01 00:00:25.900,0.218488,-0.161791,9.775255,-0.181409,0.027119,-0.076611
2024-01-01 00:00:25.910,-0.108798,-0.23875,9.59287,-0.149377,-0.058241,1e-06
2024-01-01 00:00:25.920,-0.142383,-0.247904,10.139504,0.08612,-0.093058,0.056651
2024-01-01 00:00:25.930,0.016671,-0.061598,10.513704,-0.129012,-0.176571,0.042973
2024-01-01 00:00:25.940,-0.017744,-0.086651,10.130924,-0.116483,-0.000188,0.055285
2024-01-01 00:00:25.950,-0.133589,-0.062566,10.517828,-0.076571,-0.061095,0.081246
2024-01-01 00:00:25.960,-0.395324,-0.035311,10.695809,-0.173546,-0.006757,0.146622
2024-01-01 00:00:25.970,-0.264308,0.099716,10.903042,-0.16069,-0.111264,0.006094
2024-01-01 00:00:25.980,0.002812,0.056165,10.698144,-0.067233,-0.092317,0.068567
2024-01-01 00:00:25.990,-0.162388,0.039398,10.403449,-0.010712,-0.073888,-0.033851
2024-01-01 00:00:26.000,-0.49257,-0.12365,9.972943,0.086097,-0.199335,0.074641
2024-01-01 00:00:26.010,-0.46101,-0.117135,9.471847,0.009282,-0.06496,0.058764
2024-01-01 00:00:26.020,-0.219534,0.121715,8.967611,-0.075199,-0.168044,0.009344
2024-01-01 00:00:26.030,-0.114761,0.032876,9.343248,0.115279,-0.147754,-0.080299
2024-01-01 00:00:26.040,-0.169125,0.298672,8.977691,0.061087,-0.077422,-0.055226
2024-01-01 00:00:26.050,-0.284188,0.01138,8.83818,0.078363,-0.181796,-0.096377
2024-01-01 00:00:26.060,-0.286664,0.15373,8.873537,-0.098679,-0.04347,-0.137222
2024-01-01 00:00:26.070,-0.138049,0.310922,9.118652,0.177079,-0.028358,-0.074453
2024-01-01 00:00:26.080,-0.158861,0.085612,8.939087,0.231771,-0.123495,-0.036008
2024-01-01 00:00:26.090,-0.143404,0.160763,9.228215,0.110855,0.012618,-0.033949
2024-01-01 00:00:26.100,0.000795,0.080114,9.224983,0.118789,-0.000385,0.060965
2024-01-01 00:00:26.110,0.115911,0.185314,9.608726,0.313419,0.016587,-0.082637
2024-01-01 00:00:26.120,-0.134723,0.128115,10.304607,0.164479,0.058954,-0.024881
2024-01-01 00:00:26.130,0.269786,0.161381,10.338576,0.063991,-0.033961,-0.009662
2024-01-01 00:00:26.140,0.062098,0.038117,10.462838,0.119242,-0.008748,0.027301
2024-01-01 00:00:26.150,0.127712,0.212244,10.589729,0.20222,0.01003,-0.054672
2024-01-01 00:00:26.160,0.097258,0.11376,10.570314,-0.003909,0.148515,0.090342
2024-01-01 00:00:26.170,-0.002313,0.061662,10.651982,0.060553,0.022523,0.101698
2024-01-01 00:00:26.180,0.15413,0.012665,10.838712,0.201146,0.094354,0.049643
2024-01-01 00:00:26.190,0.394868,0.145997,10.51593,0.00399,0.113335,0.014908
2024-01-01 00:00:26.200,0.193902,0.063049,10.307032,0.230184,0.064874,-0.032791
2024-01-01 00:00:26.210,0.132183,0.021892,10.504143,-0.111722,0.109894,0.00702
2024-01-01 00:00:26.220,0.203947,0.080586,9.559432,0.088638,0.146881,-0.003029
2024-01-01 00:00:26.230,0.280756,-0.005107,9.700233,-0.025403,0.038684,-0.041764
2024-01-01 00:00:26.240,0.130824,-0.158847,9.055106,-0.035732,0.217659,0.0578
2024-01-01 00:00:26.250,0.309019,-0.183109,8.978694,-0.05911,0.096594,-0.061043
2024-01-01 00:00:26.260,0.208782,-0.088206,8.596089,0.046202,0.02374,-0.066163
2024-01-01 00:00:26.270,0.164176,-0.128544,8.6582,-0.094257,0.185352,-0.030168
2024-01-01 00:00:26.280,0.056197,-0.191905,8.876786,-0.114257,0.052915,-0.095669
2024-01-01 00:00:26.290,0.064389,-0.003497,9.188527,-0.28592,-0.077576,-0.095492
2024-01-01 00:00:26.300,0.053811,-0.051335,9.767218,-0.053569,-0.011753,-0.103103
2024-01-01 00:00:26.310,0.084868,-0.05634,9.53903,-0.33288,0.001902,-0.036553
2024-01-01 00:00:26.320,0.065677,-0.071847,9.973484,-0.214485,0.037719,0.002695
2024-01-01 00:00:26.330,0.03984,-0.097167,10.331664,-0.232656,-0.037824,0.053203
2024-01-01 00:00:26.340,-0.052136,-0.086039,10.463097,-0.197405,0.090196,0.082234
2024-01-01 00:00:26.350,0.012678,-0.029809,10.797167,-0.039807,-0.048061,0.074763
2024-01-01 00:00:26.360,-0.207686,-0.245778,10.358397,-0.324027,0.01787,0.171862
2024-01-01 00:00:26.370,-0.218243,-0.206408,10.578718,-0.316787,-0.00927,0.083672
2024-01-01 00:00:26.380,-0.092624,-0.202559,10.716468,0.028504,-0.091181,0.176496
2024-01-01 00:00:26.390,-0.227389,-0.228609,10.671465,0.092833,0.004531,0.087174
2024-01-01 00:00:26.400,-0.132651,-0.101405,10.344072,0.007069,-0.037421,0.038137
2024-01-01 00:00:26.410,-0.111055,0.14443,9.773111,-0.008619,-0.002341,-0.039332
2024-01-01 00:00:26.420,-0.076574,-0.233742,9.911754,0.096436,-0.1147,-0.017993
2024-01-01 00:00:26.430,-0.235884,-0.083688,9.424326,-0.128137,-0.119387,-0.097924
2024-01-01 00:00:26.440,-0.153074,0.095791,9.150116,0.035187,-0.01115,-0.019015
2024-01-01 00:00:26.450,-0.107904,0.022409,8.965569,0.013847,-0.064157,-0.110179
2024-01-01 00:00:26.460,-0.064449,0.085238,8.618711,0.082521,-0.117718,-0.03575
2024-01-01 00:00:26.470,-0.262322,0.09944,8.847029,0.12671,-0.022999,-0.036383
2024-01-01 00:00:26.480,0.07887,0.148325,8.875384,0.198703,-0.163269,-0.099185
2024-01-01 00:00:26.490,-0.330344,0.093603,9.115407,0.089446,-0.19469,-0.065774
2024-01-01 00:00:26.500,-0.083299,0.064689,9.116946,0.188793,-0.207326,-0.012774
2024-01-01 00:00:26.510,-0.086979,0.063287,9.63289,0.048879,-0.035196,-0.053435
2024-01-01 00:00:26.520,-0.066246,-0.036456,9.440564,0.071006,-0.04558,-0.055418
2024-01-01 00:00:26.530,-0.013641,-0.013571,10.049712,0.131758,0.029389,-0.03457
2024-01-01 00:00:26.540,0.05934,0.417368,10.087238,0.024643,0.022367,0.022043
2024-01-01 00:00:26.550,0.175856,0.126319,10.309858,0.201372,0.048611,-0.012412
2024-01-01 00:00:26.560,0.30291,0.369766,10.725817,0.192987,-0.029654,0.064747
2024-01-01 00:00:26.570,-0.158526,0.022852,10.702606,0.130319,0.091477,0.077969
2024-01-01 00:00:26.580,0.250964,0.091847,10.725142,-0.000993,0.036024,0.085701
2024-01-01 00:00:26.590,0.10278,0.296297,11.029007,0.044933,0.207306,0.09741
2024-01-01 00:00:26.600,0.160028,0.073917,10.181736,0.183399,0.020293,0.056649
2024-01-01 00:00:26.610,0.376796,0.126612,10.492205,-0.069698,0.109988,-0.024276
2024-01-01 00:00:26.620,0.171703,-0.076032,10.006507,-0.075396,0.201343,-0.053932
2024-01-01 00:00:26.630,0.250002,0.139646,9.675547,-0.05519,0.038157,0.06123
2024-01-01 00:00:26.640,0.29162,-0.06536,9.339043,0.056845,0.068306,-0.093373
2024-01-01 00:00:26.650,0.218647,-0.019163,9.080726,-0.144943,0.091309,-0.0734
2024-01-01 00:00:26.660,0.30113,-0.072271,9.086026,0.012342,0.149218,0.010324
2024-01-01 00:00:26.670,0.203675,-0.174548,9.156188,-0.103132,-0.028743,-0.061138
2024-01-01 00:00:26.680,0.112086,-0.053712,8.723372,-0.126394,-0.009439,-0.133712
2024-01-01 00:00:26.690,0.266673,0.032817,8.511096,-0.192963,0.148809,-0.126502
2024-01-01 00:00:26.700,0.123033,-0.135239,9.285706,-0.137103,0.045121,-0.048851
2024-01-01 00:00:26.710,0.02621,-0.216228,9.380176,-0.031508,0.02634,0.008055
2024-01-01 00:00:26.720,-0.028443,-0.251937,9.451649,-0.154875,0.184842,-0.044981
2024-01-01 00:00:26.730,-0.139863,0.008046,9.950062,-0.027329,-0.016543,0.019145
2024-01-01 00:00:26.740,0.080565,0.038223,10.05582,-0.159205,0.042958,0.054367
2024-01-01 00:00:26.750,0.096031,-0.120241,10.327302,-0.203124,0.10042,0.100403
2024-01-01 00:00:26.760,0.079962,-0.21666,10.81419,-0.245534,-0.066945,0.000606
2024-01-01 00:00:26.770,-0.143199,-0.096234,10.623224,-0.001113,-0.190167,0.003659
2024-01-01 00:00:26.780,-0.004912,-0.308493,10.841968,0.028077,-0.134045,0.064156
2024-01-01 00:00:26.790,-0.314428,0.002319,10.414511,0.00497,-0.050652,0.015696
2024-01-01 00:00:26.800,-0.241668,0.046777,10.746455,-0.006118,-0.147484,0.055539
2024-01-01 00:00:26.810,-0.24496,-0.21389,10.238118,0.009362,-0.052096,0.062701
2024-01-01 00:00:26.820,-0.353417,-0.118305,9.898355,-0.077419,0.01083,0.025385
2024-01-01 00:00:26.830,-0.022361,-0.045841,9.677545,0.031961,-0.072291,-0.084768
2024-01-01 00:00:26.840,-0.186116,0.038974,9.195201,0.004901,-0.124994,0.020417
2024-01-01 00:00:26.850,-0.007742,-0.002922,8.969821,0.1104,-0.171497,-0.010186
2024-01-01 00:00:26.860,0.007853,0.134046,9.149868,0.091291,-0.147606,-0.16457
2024-01-01 00:00:26.870,0.078496,-0.033304,9.086461,0.068895,-0.061573,-0.120744
2024-01-01 00:00:26.880,0.038404,0.181309,8.939383,0.057609,-0.221419,-0.086407
2024-01-01 00:00:26.890,-0.053794,0.044718,8.848849,0.134913,-0.03911,-0.122214
2024-01-01 00:00:26.900,-0.298661,-0.002487,8.833362,0.258009,0.036265,0.0212
2024-01-01 00:00:26.910,-0.100837,0.074471,9.032384,0.024317,-0.005419,-0.022891
2024-01-01 00:00:26.920,0.00196,0.208486,9.53295,0.094101,-0.104147,-0.09557
2024-01-01 00:00:26.930,0.161693,0.059317,9.718661,0.149617,-0.024869,-0.036563
2024-01-01 00:00:26.940,-0.029334,0.346672,10.152112,0.111949,0.031185,-0.03244
2024-01-01 00:00:26.950,0.048306,0.119305,10.153506,0.107387,0.081491,0.07847
2024-01-01 00:00:26.960,0.222631,0.074452,10.296138,0.017877,0.055437,0.113772
2024-01-01 00:00:26.970,-0.034885,0.129735,10.727174,0.260833,0.171335,0.127046
2024-01-01 00:00:26.980,0.107315,0.031,10.752935,0.074795,0.064036,0.072116
2024-01-01 00:00:26.990,0.218521,0.141903,10.987283,0.019591,-0.007166,0.069731
2024-01-01 00:00:27.000,0.30642,0.139486,10.942236,0.002981,0.044488,0.011601
2024-01-01 00:00:27.010,0.210445,0.066985,10.443509,-0.031495,0.150502,0.166271
2024-01-01 00:00:27.020,0.371645,-0.056004,10.041834,-0.048508,0.207692,0.0741
2024-01-01 00:00:27.030,0.071964,-0.103129,9.524081,-0.08253,0.161869,-0.07195
2024-01-01 00:00:27.040,-0.030734,-0.18122,9.804615,0.053294,0.038351,-0.116277
2024-01-01 00:00:27.050,0.267949,-0.17707,9.282171,0.006589,0.154523,0.043745
2024-01-01 00:00:27.060,0.250412,0.008758,9.030816,-0.010572,0.189509,0.004583
2024-01-01 00:00:27.070,-0.048944,-0.088685,9.299643,-0.144219,0.193559,-0.080221
2024-01-01 00:00:27.080,0.06227,-0.203342,8.831886,-0.125074,0.057354,-0.15643
2024-01-01 00:00:27.090,0.047597,-0.089947,8.923885,-0.096438,-0.061693,-0.044531
2024-01-01 00:00:27.100,-0.026238,0.086837,8.974891,-0.014468,0.039234,-0.041443
2024-01-01 00:00:27.110,0.234946,-0.043196,9.271968,-0.261969,0.066065,0.036065
2024-01-01 00:00:27.120,-0.204196,-0.14183,9.453226,-0.133502,0.040227,-0.002863
2024-01-01 00:00:27.130,0.108192,-0.27141,9.600128,-0.107823,0.055456,-0.0295
2024-01-01 00:00:27.140,0.153075,-0.168139,9.982659,-0.080333,0.052531,0.085774
2024-01-01 00:00:27.150,-0.065658,0.111712,10.526595,-0.194402,-0.070491,0.069285
2024-01-01 00:00:27.160,0.009526,0.080372,10.311,-0.059854,-0.067528,0.15993
2024-01-01 00:00:27.170,-0.238694,0.008636,10.687906,-0.037553,-0.021456,0.123807
2024-01-01 00:00:27.180,-0.048391,-0.079452,10.996339,0.006647,-0.098279,0.112286
2024-01-01 00:00:27.190,-0.268927,-0.137573,10.948425,-0.200617,-0.221037,0.110188
2024-01-01 00:00:27.200,0.016191,-0.031715,10.782591,-0.071874,-0.099863,0.009069
2024-01-01 00:00:27.210,-0.075777,-0.171151,10.094183,0.096195,-0.002841,0.091271
2024-01-01 00:00:27.220,-0.210474,0.047644,10.179401,-0.031421,-0.116047,0.102967
2024-01-01 00:00:27.230,-0.368017,-0.08134,9.929659,-0.072524,-0.035096,-0.012518
2024-01-01 00:00:27.240,-0.080508,0.095791,9.487695,0.018219,-0.109651,-0.004709
2024-01-01 00:00:27.250,-0.25551,-0.086978,9.281881,0.007561,-0.017978,-0.05356
2024-01-01 00:00:27.260,-0.14927,-0.03062,8.989187,0.186133,-0.119905,0.036429
2024-01-01 00:00:27.270,-0.200309,0.078969,8.959993,0.198168,-0.135438,0.016268
2024-01-01 00:00:27.280,-0.109615,0.178055,8.906732,0.264244,-0.021172,-0.142415
2024-01-01 00:00:27.290,-0.187489,0.077745,8.860497,0.050464,-0.08235,-0.132073
2024-01-01 00:00:27.300,-0.353542,-0.109956,8.953624,0.174831,-0.008052,-0.082745
2024-01-01 00:00:27.310,-0.084903,-0.076373,9.0602,0.186937,-0.118823,-0.153964
2024-01-01 00:00:27.320,0.09893,-0.191245,9.336055,0.012715,-0.014595,-0.06263
2024-01-01 00:00:27.330,0.027325,0.243702,9.467722,0.225542,-0.08698,0.012623
2024-01-01 00:00:27.340,-0.07666,0.331421,9.919699,0.126073,-0.055679,0.038494
2024-01-01 00:00:27.350,-0.079987,0.253537,9.752779,0.158855,-0.049964,0.001325
2024-01-01 00:00:27.360,0.016258,0.213555,10.423128,0.024183,0.096931,0.080963
2024-01-01 00:00:27.370,0.17528,0.265999,10.943315,0.20658,0.094005,0.063105
2024-01-01 00:00:27.380,-0.06201,0.2593,10.215646,0.075897,0.149672,0.084614
2024-01-01 00:00:27.390,0.339733,0.144859,10.868664,0.143949,0.057263,0.008938
2024-01-01 00:00:27.400,0.086259,0.204758,10.737747,0.000327,0.01148,0.089504
2024-01-01 00:00:27.410,0.140792,0.131531,10.833571,-0.048311,0.084485,0.101866
2024-01-01 00:00:27.420,0.395671,0.152154,10.477208,-0.145476,0.098334,0.111669
2024-01-01 00:00:27.430,0.152339,-0.146081,10.202095,0.023521,0.075031,0.114058
2024-01-01 00:00:27.440,0.159884,0.010226,10.022717,-0.049608,0.142762,0.027086
2024-01-01 00:00:27.450,0.050257,0.036582,9.611562,-0.067505,0.215765,-0.080232
2024-01-01 00:00:27.460,0.051419,-0.255661,9.209081,-0.033251,0.189393,-0.018025
2024-01-01 00:00:27.470,0.407663,-0.198907,9.016092,-0.119498,0.05542,-0.048509
2024-01-01 00:00:27.480,0.228351,-0.101221,8.576198,-0.17358,0.0606,-0.09108
2024-01-01 00:00:27.490,0.219516,-0.109685,8.611491,-0.054335,0.243602,-0.060737
2024-01-01 00:00:27.500,0.115992,-0.237601,9.145849,-0.142439,0.05834,-0.092285
2024-01-01 00:00:27.510,-0.273298,-0.180009,9.295167,-0.162107,0.061939,-0.064824
2024-01-01 00:00:27.520,0.345393,-0.114844,9.310505,-0.186197,0.047374,0.013913
2024-01-01 00:00:27.530,-0.168218,-0.095189,9.43654,-0.119583,0.093474,-0.017578
2024-01-01 00:00:27.540,-0.01364,-0.016808,9.749511,-0.006016,-0.00442,-0.010164
2024-01-01 00:00:27.550,-0.106293,-0.293446,9.859434,-0.106551,-0.051149,-0.00159
2024-01-01 00:00:27.560,0.027778,-0.0209,10.031323,-0.132786,-0.032214,0.008968
2024-01-01 00:00:27.570,-0.182194,-0.193297,10.339942,-0.03389,-0.054591,0.03322
2024-01-01 00:00:27.580,-0.182558,-0.335642,10.73832,-0.159991,-0.131116,0.086665
2024-01-01 00:00:27.590,-0.146794,-0.031678,10.903415,-0.278876,0.042888,0.042436
2024-01-01 00:00:27.600,-0.047831,-0.07376,10.441766,-0.089319,-0.168973,0.093125
2024-01-01 00:00:27.610,-0.209771,0.004974,10.566941,0.002538,-0.09083,0.088715
2024-01-01 00:00:27.620,-0.245308,-0.176375,10.201921,-0.018892,0.010935,0.063274
2024-01-01 00:00:27.630,-0.405841,-0.114021,10.189738,-0.003571,-0.180012,0.10375
2024-01-01 00:00:27.640,-0.406972,-0.059774,9.875471,0.047691,-0.119524,-0.016369
2024-01-01 00:00:27.650,-0.371991,0.094206,9.709149,0.053237,-0.036672,-0.030701
2024-01-01 00:00:27.660,-0.247184,-0.121992,8.895661,0.065345,-0.092929,-0.056714
2024-01-01 00:00:27.670,-0.10943,0.117645,9.530914,0.114976,-0.229953,-0.05003
2024-01-01 00:00:27.680,-0.278365,0.044528,9.252501,0.020681,-0.056196,-0.00589
2024-01-01 00:00:27.690,-0.029794,0.115736,8.965258,0.078936,0.065195,-0.080391
2024-01-01 00:00:27.700,0.015895,0.169184,8.984277,0.085245,-0.067454,-0.045538
2024-01-01 00:00:27.710,-0.129815,0.032652,8.576118,0.207877,0.007733,0.054554
2024-01-01 00:00:27.720,0.056361,0.213038,9.135724,0.185095,-0.186847,-0.035745
2024-01-01 00:00:27.730,-0.115218,0.292344,9.543494,0.275355,0.066965,-0.081242
2024-01-01 00:00:27.740,-0.292351,0.182481,9.40346,0.16802,-0.161096,-0.01081
2024-01-01 00:00:27.750,0.181433,0.237643,10.22257,0.109997,-0.019884,0.024308
2024-01-01 00:00:27.760,-0.055477,0.093556,9.998914,0.228626,-0.027349,0.032556
2024-01-01 00:00:27.770,0.255108,-0.042521,10.409836,0.10993,0.018514,0.075091
2024-01-01 00:00:27.780,-0.007713,0.21462,10.827715,-0.070332,0.015548,0.068856
2024-01-01 00:00:27.790,-0.144222,0.018142,10.62478,0.072529,0.086161,0.12574
2024-01-01 00:00:27.800,0.172385,0.070254,11.132786,0.0942,0.118657,0.035804
2024-01-01 00:00:27.810,-0.058769,0.211897,10.630312,0.128753,0.200043,0.083706
2024-01-01 00:00:27.820,0.271303,0.070603,10.024425,0.069544,0.13866,0.004073
2024-01-01 00:00:27.830,0.035621,0.156666,10.655846,0.06593,0.068815,0.078419
2024-01-01 00:00:27.840,0.166696,0.198373,9.96858,0.163207,0.156981,-0.028909
2024-01-01 00:00:27.850,0.372271,0.05669,9.855348,-0.081147,0.101533,0.001155
2024-01-01 00:00:27.860,0.11268,-0.016621,9.504623,-0.08051,0.009392,-0.021228
2024-01-01 00:00:27.870,0.287917,0.166207,9.112837,-0.058245,0.120984,0.039064
2024-01-01 00:00:27.880,0.292895,-0.242521,8.995885,-0.046006,0.222213,-0.023056
2024-01-01 00:00:27.890,0.073249,-0.053199,8.817324,-0.111715,0.137227,-0.157325
2024-01-01 00:00:27.900,0.150788,-0.159178,9.156818,-0.04269,0.11109,-0.131869
2024-01-01 00:00:27.910,0.249194,0.053095,8.928164,-0.139869,-0.01622,0.005519
2024-01-01 00:00:27.920,0.083157,-0.167499,9.086937,-0.172575,0.078357,-0.113209
2024-01-01 00:00:27.930,0.185391,-0.113797,9.357619,-0.043943,-0.036243,-0.086567
2024-01-01 00:00:27.940,0.191667,0.011058,9.716707,-0.305948,-0.022416,-0.036174
2024-01-01 00:00:27.950,0.118697,-0.136682,9.684045,0.030464,-0.014096,0.050843
2024-01-01 00:00:27.960,0.074266,-0.15291,10.084324,-0.1171,-0.010068,-0.035192
2024-01-01 00:00:27.970,0.079702,-0.204521,10.475431,-0.161329,-0.058721,0.070403
2024-01-01 00:00:27.980,-0.175755,-0.248772,10.51462,-0.266544,-0.027811,0.031637
2024-01-01 00:00:27.990,-0.103194,-0.284402,10.608171,-0.028428,0.153973,0.035811
2024-01-01 00:00:28.000,-0.25038,-0.064117,10.931499,-0.169479,-0.119193,0.034636
2024-01-01 00:00:28.010,-0.197884,-0.274633,10.70171,-0.106209,-0.201377,0.084049
2024-01-01 00:00:28.020,-0.227322,-0.202998,10.772714,0.020282,-0.149547,0.040279
2024-01-01 00:00:28.030,-0.09932,-0.052415,10.3836,0.120261,-0.234279,0.091404
2024-01-01 00:00:28.040,-0.235686,-0.049385,9.902789,-0.069433,-0.058327,-0.02138
2024-01-01 00:00:28.050,-0.08776,0.058939,9.874679,0.03386,-0.141461,-0.036333
2024-01-01 00:00:28.060,-0.524789,-0.059972,9.79018,0.177195,-0.091234,-0.061162
2024-01-01 00:00:28.070,0.008718,0.265919,9.375015,0.039386,-0.116836,-0.05903
2024-01-01 00:00:28.080,-0.253796,0.061055,9.241164,0.053164,-0.10262,-0.047088
2024-01-01 00:00:28.090,-0.411866,0.100977,9.085172,0.265153,-0.145705,-0.127846
2024-01-01 00:00:28.100,-0.073828,0.216733,8.883747,0.13954,-0.122929,0.063336
2024-01-01 00:00:28.110,-0.028035,0.090575,8.808402,0.112759,-0.136472,-0.039665
2024-01-01 00:00:28.120,-0.028351,0.136382,8.920143,0.169812,-0.073206,-0.208272
2024-01-01 00:00:28.130,0.163524,0.166561,9.22928,0.264306,-0.156503,-0.020149
2024-01-01 00:00:28.140,-0.061167,0.071996,9.706749,0.123619,-0.002407,0.00289
2024-01-01 00:00:28.150,-0.02304,0.092032,9.821712,0.069912,-0.005901,-0.011591
2024-01-01 00:00:28.160,0.032205,0.149817,9.789996,0.113154,0.054482,0.081185
2024-01-01 00:00:28.170,-0.079458,0.118452,10.193556,0.200182,0.105448,0.040133
2024-01-01 00:00:28.180,-0.039769,0.105798,9.994651,0.181193,0.067917,0.009701
2024-01-01 00:00:28.190,0.254,-0.061625,10.63782,0.251056,0.066785,0.060553
2024-01-01 00:00:28.200,0.174514,0.119302,10.693131,0.249395,0.214711,0.188732
2024-01-01 00:00:28.210,0.079971,-0.120953,10.807204,0.044031,0.093681,0.080143
2024-01-01 00:00:28.220,0.18733,0.102671,10.545253,0.09297,0.095404,0.135652
2024-01-01 00:00:28.230,0.307576,0.058397,10.317819,-0.047288,0.210786,0.047327
2024-01-01 00:00:28.240,0.127445,0.022403,10.237641,-0.053131,0.100572,0.083111
2024-01-01 00:00:28.250,0.187799,0.021603,10.115968,-0.082824,0.160732,0.084511
2024-01-01 00:00:28.260,0.305841,0.037097,9.887654,-0.004486,0.112069,-0.050976
2024-01-01 00:00:28.270,0.322097,-0.117532,9.236506,-0.015867,0.094698,-0.035486
2024-01-01 00:00:28.280,-0.107752,-0.114084,9.209854,-0.103258,0.088619,-0.110403
2024-01-01 00:00:28.290,0.040719,0.064691,9.137267,-0.140222,0.213501,-0.144625
2024-01-01 00:00:28.300,0.292649,-0.194195,8.876119,-0.146714,0.230564,-0.057495
2024-01-01 00:00:28.310,0.011518,-0.165103,8.779261,-0.156914,-0.010679,-0.04854
2024-01-01 00:00:28.320,0.10994,-0.111469,8.976481,-0.118711,-0.034379,-0.074694
2024-01-01 00:00:28.330,0.285458,-0.148895,9.202083,-0.219365,0.161231,-0.07222
2024-01-01 00:00:28.340,0.12093,-0.129727,9.246945,-0.157512,-0.041094,-0.11182
2024-01-01 00:00:28.350,0.055072,-0.130551,9.689071,-0.174926,0.096287,-0.017762
2024-01-01 00:00:28.360,0.023332,-0.203913,9.737789,-0.122046,-0.065983,0.002887
2024-01-01 00:00:28.370,-0.037255,-0.12783,10.004843,-0.223866,-0.119445,0.078025
2024-01-01 00:00:28.380,-0.032667,0.067421,10.686875,-0.168182,-0.040961,0.016112
2024-01-01 00:00:28.390,0.048378,-0.093881,10.602115,-0.107646,-0.034583,0.038589
2024-01-01 00:00:28.400,-0.28234,-0.106193,10.66568,-0.014102,-0.053913,0.102832
2024-01-01 00:00:28.410,-0.158874,-0.107083,11.273181,-0.242323,-0.034783,0.008938
2024-01-01 00:00:28.420,-0.137405,-0.160722,10.69766,-0.059039,-0.039833,0.078204
2024-01-01 00:00:28.430,-0.119537,0.045566,10.390855,-0.09239,-0.09318,0.033969
2024-01-01 00:00:28.440,-0.16894,-0.0249,10.390893,-0.054207,-0.143794,0.072095
2024-01-01 00:00:28.450,-0.253797,-0.165316,9.87465,-0.067257,-0.069868,0.012517
2024-01-01 00:00:28.460,-0.014172,0.009808,9.706503,0.006034,-0.116245,-0.052301
2024-01-01 00:00:28.470,-0.093331,0.075435,9.312143,0.166785,-0.109304,-0.049631
2024-01-01 00:00:28.480,-0.16339,-0.005334,9.249707,0.049036,-0.182259,-0.20496
2024-01-01 00:00:28.490,-0.128944,0.070758,8.853261,0.038418,-0.196041,-0.089722
2024-01-01 00:00:28.500,0.07023,-0.038684,9.035951,0.105325,-0.029943,-0.184155
2024-01-01 00:00:28.510,-0.117969,0.100233,9.143054,0.052289,-0.200007,-0.023078
2024-01-01 00:00:28.520,-0.065925,0.150667,8.89544,0.0571,-0.027692,-0.067023
2024-01-01 00:00:28.530,-0.207285,0.249212,8.951638,0.266903,-0.036886,-0.14071
2024-01-01 00:00:28.540,0.024947,0.161296,9.351047,0.138173,-0.088516,-0.026701
2024-01-01 00:00:28.550,-0.034558,0.072381,9.121881,0.113975,-0.04842,-0.032685
2024-01-01 00:00:28.560,-0.149117,0.072508,9.857341,0.163739,-0.146154,-0.036859
2024-01-01 00:00:28.570,0.307152,0.331285,9.898303,0.260894,0.02944,-0.026584
2024-01-01 00:00:28.580,0.035304,0.148174,10.447564,0.210532,0.001018,0.054341
2024-01-01 00:00:28.590,0.183471,0.112255,10.335044,0.149678,0.172476,0.084471
2024-01-01 00:00:28.600,0.0055,0.276648,10.59775,0.128123,0.028233,0.051691
2024-01-01 00:00:28.610,0.343796,0.259951,10.964343,0.042627,-0.013521,0.073387
2024-01-01 00:00:28.620,0.238336,0.210207,10.53667,0.137434,0.012476,0.091812
2024-01-01 00:00:28.630,0.025953,0.07596,10.59996,0.036747,-0.003338,0.009781
2024-01-01 00:00:28.640,0.103413,0.009252,10.504584,-0.005433,0.053393,0.031763
2024-01-01 00:00:28.650,0.008545,0.050576,9.799303,0.113422,0.126711,-0.028082
2024-01-01 00:00:28.660,0.137955,-0.19756,9.987164,0.106718,0.039034,0.063121
2024-01-01 00:00:28.670,0.466631,-0.057389,9.6357,0.07022,0.03867,-0.009465
2024-01-01 00:00:28.680,-0.098577,0.131787,9.515928,-0.152685,0.128004,-0.022543
2024-01-01 00:00:28.690,-0.08007,-0.089629,9.284409,-0.141418,0.108084,-0.054237
2024-01-01 00:00:28.700,0.059902,-0.025167,8.962995,-0.101801,0.090441,-0.156109
2024-01-01 00:00:28.710,0.106588,-0.023077,9.140958,-0.093493,0.109289,-0.061045
2024-01-01 00:00:28.720,0.134594,-0.337977,8.942032,-0.108789,0.043229,-0.193347
2024-01-01 00:00:28.730,-0.049625,0.030092,9.031962,-0.073482,0.038008,-0.191508
2024-01-01 00:00:28.740,0.157856,-0.295347,9.068385,-0.213039,-0.081054,-0.052747
2024-01-01 00:00:28.750,0.041462,-0.267199,9.292631,-0.102502,0.031013,0.014314
2024-01-01 00:00:28.760,-0.155665,-0.236359,9.862593,-0.112793,0.044512,0.071327
2024-01-01 00:00:28.770,0.040455,-0.046726,9.844723,-0.070949,0.118207,0.055378
2024-01-01 00:00:28.780,-0.019928,-0.020016,10.049916,-0.214597,-0.187585,0.020004
2024-01-01 00:00:28.790,-0.083198,-0.336341,10.547916,-0.057202,0.092378,0.104314
2024-01-01 00:00:28.800,-0.291408,0.004806,11.057599,0.078277,-0.145415,0.137037
2024-01-01 00:00:28.810,-0.116718,-0.061488,10.46896,-0.128416,-0.165733,0.112082
2024-01-01 00:00:28.820,-0.266171,-0.118312,10.924481,-0.109564,-0.043138,-0.028159
2024-01-01 00:00:28.830,-0.328506,-0.014,10.596042,-0.169321,-0.074202,0.137571
2024-01-01 00:00:28.840,-0.197312,-0.170104,10.442704,-0.127451,-0.264178,-0.070912
2024-01-01 00:00:28.850,-0.237947,0.061203,10.26467,0.148589,-0.039811,0.026572
2024-01-01 00:00:28.860,-0.085093,0.172897,10.16298,-0.140695,-0.09863,0.128851
2024-01-01 00:00:28.870,-0.21972,-0.169986,9.687088,0.075645,-0.303278,0.017378
2024-01-01 00:00:28.880,0.164903,0.022795,9.390487,0.141735,-0.07651,-0.039977
2024-01-01 00:00:28.890,0.131101,-0.013972,9.269852,-0.016227,-0.195962,0.024806
2024-01-01 00:00:28.900,-0.285045,0.029429,8.984639,0.030566,-0.009671,-0.048124
2024-01-01 00:00:28.910,-0.29455,0.113344,8.91676,0.063151,0.002274,-0.053919
2024-01-01 00:00:28.920,-0.058914,0.183671,9.042917,0.13563,-0.062009,-0.054581
2024-01-01 00:00:28.930,-0.162482,0.227328,8.735831,0.317868,-0.134803,-0.066234
2024-01-01 00:00:28.940,-0.015227,0.27786,8.97936,0.092207,-0.097674,0.012998
2024-01-01 00:00:28.950,-0.238919,0.050585,9.108128,0.141122,-0.096225,-0.034502
2024-01-01 00:00:28.960,0.05281,0.181003,9.458452,0.250786,-0.016865,-0.078663
2024-01-01 00:00:28.970,0.070768,0.211714,9.818604,0.294827,0.05515,-0.055411
2024-01-01 00:00:28.980,0.010172,0.088002,10.11194,0.149035,-0.013501,-0.02255
2024-01-01 00:00:28.990,0.128693,0.262072,10.168628,0.198959,-0.029923,0.061864
2024-01-01 00:00:29.000,-0.034967,0.231932,10.713367,-0.032702,-0.006708,0.080253
2024-01-01 00:00:29.010,0.075526,0.101402,10.579823,0.212134,0.028601,0.046939
2024-01-01 00:00:29.020,0.047782,-0.05782,10.797853,0.174459,0.025896,0.09173
2024-01-01 00:00:29.030,0.26,0.330939,10.996338,0.120244,0.113863,0.119034
2024-01-01 00:00:29.040,0.03425,-0.077769,10.834826,0.176699,0.106476,0.07445
2024-01-01 00:00:29.050,0.016657,0.223974,10.527439,0.06685,0.047019,0.001862
2024-01-01 00:00:29.060,0.125089,-0.05911,10.242905,0.094576,0.083816,0.028568
2024-01-01 00:00:29.070,0.407855,0.032545,10.226799,-0.056276,0.239391,0.108017
2024-01-01 00:00:29.080,0.128872,0.029594,9.41153,0.04175,0.0521,-0.010552
2024-01-01 00:00:29.090,0.153351,-0.123335,9.269194,-0.005308,0.168961,-0.058323
2024-01-01 00:00:29.100,0.06654,-0.16923,9.157248,0.002039,0.094575,-0.07239
2024-01-01 00:00:29.110,0.271439,-0.046843,9.048479,-0.216349,0.018012,-0.129417
2024-01-01 00:00:29.120,0.07867,-0.087521,8.753841,-0.216162,0.068916,-0.155425
2024-01-01 00:00:29.130,0.011959,-0.172437,8.739214,-0.148346,0.084178,-0.077221
2024-01-01 00:00:29.140,0.152968,-0.141994,9.005097,-0.203714,-0.042467,0.006417
2024-01-01 00:00:29.150,0.028259,-0.26058,9.01695,-0.119337,0.017385,-0.119144
2024-01-01 00:00:29.160,-0.064113,-0.211084,9.329185,-0.027022,-0.123953,0.070993
2024-01-01 00:00:29.170,0.039881,-0.274429,9.627512,-0.009609,0.018057,0.039561
2024-01-01 00:00:29.180,0.047541,-0.126136,10.096012,-0.05859,-0.067247,-0.034652
2024-01-01 00:00:29.190,0.048271,-0.261769,10.578878,-0.002683,-0.109483,0.037295
2024-01-01 00:00:29.200,-0.0664,-0.158774,10.618339,-0.294945,-0.128508,0.010484
2024-01-01 00:00:29.210,0.001259,0.017927,10.757624,-0.214837,-0.032085,0.116523
2024-01-01 00:00:29.220,-0.207907,-0.012504,10.905446,-0.110854,-0.112417,0.094031
2024-01-01 00:00:29.230,-0.104121,-0.073094,10.927149,0.055947,-0.036129,0.04703
2024-01-01 00:00:29.240,-0.319931,0.029751,10.469768,-0.064767,-0.220122,0.074918
2024-01-01 00:00:29.250,-0.384274,-0.202634,10.516155,-0.098588,-0.075935,0.098208
2024-01-01 00:00:29.260,-0.248464,-0.182185,10.027424,-0.056875,-0.213157,0.070184
2024-01-01 00:00:29.270,-0.142252,-0.143703,10.287361,-0.016215,-0.12512,0.080176
2024-01-01 00:00:29.280,-0.191273,0.025815,9.889331,-0.05386,-0.093898,-0.041841
2024-01-01 00:00:29.290,-0.268248,-0.031534,9.326282,0.044418,-0.028704,-0.084982
2024-01-01 00:00:29.300,-0.411426,-0.12375,9.077068,-0.047037,-0.134616,-0.070455
2024-01-01 00:00:29.310,-0.254998,0.167104,9.204519,0.106074,-0.010125,-0.01739
2024-01-01 00:00:29.320,-0.012295,0.170121,9.031283,0.112064,-0.154822,-0.067807
2024-01-01 00:00:29.330,-0.034585,0.104249,8.866262,0.093874,-0.003754,-0.135391
2024-01-01 00:00:29.340,-0.113427,0.295507,8.895742,0.074627,0.005794,-0.123391
2024-01-01 00:00:29.350,-0.060361,0.192218,8.976199,0.123802,-0.021837,-0.079448
2024-01-01 00:00:29.360,-0.131993,0.118498,9.281009,0.253462,-0.073336,-0.046945
2024-01-01 00:00:29.370,0.03961,-0.006417,9.709162,0.084953,-0.050772,-0.095256
2024-01-01 00:00:29.380,0.050868,0.172125,9.897888,0.207298,-0.020286,0.053654
2024-01-01 00:00:29.390,-0.143103,0.157261,10.021098,0.164576,-0.004577,0.020382
2024-01-01 00:00:29.400,-0.028905,-0.017556,10.4404,0.055696,0.042089,0.104338
2024-01-01 00:00:29.410,0.309657,0.195183,10.807381,0.079197,0.003526,-0.017917
2024-01-01 00:00:29.420,0.15289,0.056846,10.627337,0.173439,0.017348,0.131223
2024-01-01 00:00:29.430,0.271958,0.070423,11.097835,0.122437,0.020627,0.08197
2024-01-01 00:00:29.440,0.201831,0.044073,10.716345,0.00192,0.068634,0.083512
2024-01-01 00:00:29.450,0.060642,0.023723,10.33491,0.064946,0.151554,0.110077
2024-01-01 00:00:29.460,0.267314,0.073787,10.596276,0.063046,0.164265,0.064109
2024-01-01 00:00:29.470,0.27071,0.034705,10.039553,-0.084339,0.025211,0.106965
2024-01-01 00:00:29.480,0.324648,0.107785,10.000232,-0.011807,0.13929,0.017667
2024-01-01 00:00:29.490,0.300993,-0.10771,9.556081,0.023117,0.137223,-0.096429
2024-01-01 00:00:29.500,0.069541,-0.026633,9.258174,-0.09397,0.034405,0.024664
2024-01-01 00:00:29.510,0.249033,-0.063303,8.903177,-0.151694,0.128693,0.051378
2024-01-01 00:00:29.520,0.346,-0.196111,9.089848,-0.170476,0.089123,-0.00596
2024-01-01 00:00:29.530,-0.038184,-0.118351,9.5091,-0.102285,0.050719,-0.128582
2024-01-01 00:00:29.540,0.134164,-0.214293,8.89998,-0.267313,0.05047,-0.203529
2024-01-01 00:00:29.550,0.099353,-0.194472,8.980811,-0.089939,0.13191,-0.079462
2024-01-01 00:00:29.560,-0.058553,-0.091997,9.268133,-0.198342,0.025791,0.005038
2024-01-01 00:00:29.570,-0.020452,-0.133062,9.568892,-0.201777,-0.047141,-0.062535
2024-01-01 00:00:29.580,0.061091,0.00275,9.774571,0.012947,0.010799,-0.013003
2024-01-01 00:00:29.590,0.205045,-0.194479,10.005454,-0.122291,-0.085457,-0.004937
2024-01-01 00:00:29.600,-0.068686,-0.114572,10.23965,-0.027314,-0.061974,0.064173
2024-01-01 00:00:29.610,-0.073055,-0.154993,10.931042,-0.112372,0.007993,0.095287
2024-01-01 00:00:29.620,-0.17093,-0.182573,10.438274,-0.064084,-0.146347,0.094136
2024-01-01 00:00:29.630,-0.38601,-0.209749,10.873641,-0.080902,0.075409,0.088708
2024-01-01 00:00:29.640,-0.177405,0.028114,10.698641,-0.027361,-0.048452,0.168799
2024-01-01 00:00:29.650,-0.277336,-0.222604,10.4679,0.031678,-0.149313,0.071443
2024-01-01 00:00:29.660,-0.065796,0.156443,10.605471,-0.208723,-0.105627,0.050195
2024-01-01 00:00:29.670,-0.394501,-0.025912,10.47504,-0.063005,-0.177342,-0.038021
2024-01-01 00:00:29.680,-0.330243,-0.233559,10.073104,0.095759,-0.172954,-0.017647
2024-01-01 00:00:29.690,-0.131277,0.031556,9.9327,0.029527,-0.229764,-0.00595
2024-01-01 00:00:29.700,-0.21856,0.122226,9.61711,-0.034156,-0.128736,-0.064166
2024-01-01 00:00:29.710,-0.152816,0.045024,9.205137,0.123931,-0.2072,-0.105411
2024-01-01 00:00:29.720,-0.09493,0.422743,9.223781,0.132697,-0.027851,-0.10803
2024-01-01 00:00:29.730,-0.236825,0.106225,8.802707,0.121011,-0.09891,-0.044089
2024-01-01 00:00:29.740,-0.0863,0.042168,9.291768,0.201511,-0.118233,-0.089689
2024-01-01 00:00:29.750,-0.130666,-0.032957,8.851855,0.107952,-0.11809,-0.109364
2024-01-01 00:00:29.760,-0.154607,0.072019,8.761436,0.094871,-0.051786,-0.063706
2024-01-01 00:00:29.770,-0.073036,0.216308,9.39059,0.229298,-0.006922,0.027143
2024-01-01 00:00:29.780,0.129247,0.113214,9.772,0.216208,-0.005049,-0.059291
2024-01-01 00:00:29.790,-0.150573,0.043941,9.778439,0.117326,-0.085988,-0.110907
2024-01-01 00:00:29.800,0.445695,0.109611,10.092089,0.166126,0.007941,0.061517
2024-01-01 00:00:29.810,0.245153,0.10785,10.245714,0.216534,0.105705,0.078603
2024-01-01 00:00:29.820,0.029355,0.077401,10.391474,0.105009,0.145259,0.135317
2024-01-01 00:00:29.830,0.106336,0.37043,10.830722,0.026165,0.018505,0.067462
2024-01-01 00:00:29.840,0.106309,0.125211,10.84431,-0.065243,0.111276,0.143302
2024-01-01 00:00:29.850,0.191084,0.299198,10.768983,0.053013,0.041083,0.102116
2024-01-01 00:00:29.860,0.197803,-0.108377,10.538169,0.15447,0.239311,0.120232
2024-01-01 00:00:29.870,0.351827,0.025499,10.03927,0.027237,0.143392,0.020231
2024-01-01 00:00:29.880,0.382031,0.066179,10.060925,0.037579,0.128204,-0.104405
2024-01-01 00:00:29.890,0.332575,0.011451,9.430289,0.019621,0.134252,-0.014868
2024-01-01 00:00:29.900,0.175784,-0.072377,9.644794,-0.046769,0.187707,0.056343
2024-01-01 00:00:29.910,0.20898,-0.142073,9.327364,0.018126,0.073435,0.009772
2024-01-01 00:00:29.920,0.094118,-0.030704,9.026143,-0.020329,0.201731,-0.080405
2024-01-01 00:00:29.930,0.085772,-0.056893,8.884504,-0.202405,0.097874,-0.105006
2024-01-01 00:00:29.940,0.317064,0.049099,9.128338,-0.119012,0.086735,-0.022641
2024-01-01 00:00:29.950,0.18674,-0.032123,8.68025,-0.134004,0.093418,-0.07853
2024-01-01 00:00:29.960,-0.022404,-0.140885,9.030118,-0.052022,0.011461,-0.132381
2024-01-01 00:00:29.970,0.192181,-0.095285,9.005723,-0.088878,0.156262,0.00761
2024-01-01 00:00:29.980,0.052132,-0.174362,9.307073,-0.175117,0.168939,0.018225
2024-01-01 00:00:29.990,0.164679,-0.142296,9.721943,0.032757,-0.026504,0.051339
