timestamp,acc_x,acc_y,acc_z,gyro_x,gyro_y,gyro_z
2024-01-01 00:00:00.000,0.106173,-0.326235,9.428984,0.191351,0.234963,-0.021513
2024-01-01 00:00:00.010,-0.029554,-0.147126,9.594222,0.268353,-0.375796,-0.004898
2024-01-01 00:00:00.020,0.138443,-0.070727,9.487815,0.124672,-0.065559,0.009644
2024-01-01 00:00:00.030,0.325548,0.322795,9.622585,-0.485624,-0.008332,0.142029
2024-01-01 00:00:00.040,-0.05005,0.095171,9.736761,-0.038856,0.003182,-0.112083
2024-01-01 00:00:00.050,-0.050047,-0.228367,10.096307,-0.288927,0.036099,-0.126952
2024-01-01 00:00:00.060,0.337557,0.083112,9.700164,-0.050651,0.122088,0.185493
2024-01-01 00:00:00.070,0.164039,-0.264589,9.267716,0.245001,-0.007081,-0.069397
2024-01-01 00:00:00.080,-0.10035,0.18514,10.199903,0.076288,-0.073612,-0.189455
2024-01-01 00:00:00.090,0.115972,-0.080562,9.523715,0.287023,-0.081518,-0.072769
2024-01-01 00:00:00.100,-0.099056,-0.016012,9.789918,0.085438,-0.122303,-0.049508
2024-01-01 00:00:00.110,-0.09955,0.226711,9.962715,-0.324581,0.157509,0.233244
2024-01-01 00:00:00.120,0.051719,-0.220105,9.878267,-0.630212,-0.129306,0.138724
2024-01-01 00:00:00.130,-0.408964,-0.238907,10.184209,0.037202,0.169354,0.172128
2024-01-01 00:00:00.140,-0.368701,-0.099795,9.973819,-0.053482,0.0038,0.122996
2024-01-01 00:00:00.150,-0.120189,0.177563,9.515432,-0.244236,-0.104251,0.141937
2024-01-01 00:00:00.160,-0.216493,-0.259808,10.555068,-0.425157,0.123681,-0.103212
2024-01-01 00:00:00.170,0.06717,-0.484299,9.876462,-0.183686,-0.145491,-0.02979
2024-01-01 00:00:00.180,-0.19409,-0.077148,9.75961,-0.048623,0.127637,-0.148487
2024-01-01 00:00:00.190,-0.30188,0.094348,10.139662,0.166469,0.042545,-0.031573
2024-01-01 00:00:00.200,0.313282,0.205245,9.895312,0.047158,-0.119265,0.102616
2024-01-01 00:00:00.210,-0.04826,-0.079201,9.946536,0.402017,0.105727,0.020187
2024-01-01 00:00:00.220,0.014434,-0.070354,10.662327,-0.258901,0.109318,0.196722
2024-01-01 00:00:00.230,-0.30454,0.197317,9.715908,0.220265,0.231504,-0.171212
2024-01-01 00:00:00.240,-0.116362,-0.319726,9.701326,0.011825,0.193229,0.075036
2024-01-01 00:00:00.250,0.02371,-0.066437,9.84987,0.173667,0.098255,-0.187245
2024-01-01 00:00:00.260,-0.246025,0.032562,10.176458,-0.109129,-0.225518,0.014126
2024-01-01 00:00:00.270,0.080305,0.076816,9.294765,0.26792,0.489717,0.11105
2024-01-01 00:00:00.280,-0.128387,-0.087177,9.13778,0.073806,-0.280723,-0.032175
2024-01-01 00:00:00.290,-0.06235,0.005889,9.609207,-0.169861,0.189853,0.082669
2024-01-01 00:00:00.300,-0.128615,-0.425504,9.251198,-0.003006,0.086257,-0.14396
2024-01-01 00:00:00.310,0.395924,-0.11256,9.664708,-0.059889,-0.234828,-0.249553
2024-01-01 00:00:00.320,-0.002885,0.07755,9.981855,0.122295,-0.02486,0.083554
2024-01-01 00:00:00.330,-0.226086,-0.167972,9.505364,-0.294944,-0.015751,0.261602
2024-01-01 00:00:00.340,0.175819,0.010086,9.322025,-0.007338,0.261117,-0.149407
2024-01-01 00:00:00.350,-0.260955,0.076415,9.833713,0.098827,-0.142662,0.183329
2024-01-01 00:00:00.360,0.044645,-0.058576,10.10499,0.008256,-0.052389,0.006514
2024-01-01 00:00:00.370,-0.418879,0.029149,9.230319,0.336735,-0.467214,-0.200354
2024-01-01 00:00:00.380,-0.2839,-0.164627,10.090519,0.193506,0.346953,-0.169726
2024-01-01 00:00:00.390,0.042079,-0.035331,10.089519,-0.00187,-0.214094,0.002368
2024-01-01 00:00:00.400,0.157847,0.104347,10.136297,0.054172,0.065382,-0.060669
2024-01-01 00:00:00.410,0.03663,0.026842,10.22672,0.073916,-0.020282,-0.196937
2024-01-01 00:00:00.420,-0.02472,-0.100297,10.563089,0.100825,-0.0196,-0.254106
2024-01-01 00:00:00.430,-0.064361,0.038341,9.688217,-0.456414,0.161972,-0.127008
2024-01-01 00:00:00.440,-0.316034,0.122198,9.847473,-0.075382,0.334252,0.029071
2024-01-01 00:00:00.450,-0.153867,-0.35054,9.667578,-0.37111,0.050299,-0.00096
2024-01-01 00:00:00.460,-0.098462,0.198202,9.810676,0.31957,0.131016,-0.075186
2024-01-01 00:00:00.470,0.22596,-0.0575,10.334243,-0.015212,0.065778,0.030283
2024-01-01 00:00:00.480,0.833448,0.072759,11.440005,-0.048335,0.203506,0.156004
2024-01-01 00:00:00.490,0.38315,0.204729,11.605521,0.224199,-0.092583,0.059119
2024-01-01 00:00:00.500,0.829273,-0.234556,12.370996,0.105581,0.215078,-0.018196
2024-01-01 00:00:00.510,0.677689,-0.121314,12.248852,-0.282159,0.2221,0.139211
2024-01-01 00:00:00.520,0.615308,-0.049342,11.775809,-0.017726,0.216507,-0.143978
2024-01-01 00:00:00.530,0.130746,-0.134022,10.102205,-0.083792,-0.13203,-0.033738
2024-01-01 00:00:00.540,0.220376,0.296674,9.926696,-0.436133,-0.033668,-0.030163
2024-01-01 00:00:00.550,0.199061,-0.146508,10.323094,-0.172569,0.047893,-0.185543
2024-01-01 00:00:00.560,-0.179383,-0.094998,9.835482,-0.045885,-0.274168,-0.062981
2024-01-01 00:00:00.570,-0.066094,0.034951,10.160766,-0.028738,0.318984,-0.311244
2024-01-01 00:00:00.580,0.070808,-0.205568,10.713568,-0.370558,-0.002455,0.286827
2024-01-01 00:00:00.590,0.208523,-0.067661,10.01455,0.287916,0.056786,-0.140612
2024-01-01 00:00:00.600,-0.102423,0.054285,9.82687,-0.025526,-0.115401,0.237917
2024-01-01 00:00:00.610,-0.039685,-0.056919,10.057077,0.009388,-0.265376,0.005713
2024-01-01 00:00:00.620,-0.236479,-0.015969,9.685074,0.10016,-0.120806,0.08473
2024-01-01 00:00:00.630,-0.255689,-0.090516,10.626685,-0.197019,0.043841,-0.07332
2024-01-01 00:00:00.640,0.173677,-0.258974,9.871584,0.114089,0.134686,0.031189
2024-01-01 00:00:00.650,0.289896,0.054992,9.716657,-0.091769,0.032358,0.097573
2024-01-01 00:00:00.660,-0.015392,0.300094,9.524194,-0.224146,0.069345,0.099683
2024-01-01 00:00:00.670,0.214505,0.003147,10.185249,0.143362,-0.067405,0.116216
2024-01-01 00:00:00.680,0.0773,0.03852,10.106578,0.372918,0.09925,-0.05525
2024-01-01 00:00:00.690,-0.137894,0.118456,9.639905,0.181207,0.296567,-0.072054
2024-01-01 00:00:00.700,0.077248,-0.217056,10.007146,0.230744,0.140958,-0.239126
2024-01-01 00:00:00.710,0.328755,0.29113,9.294074,-0.130158,0.161908,0.078483
2024-01-01 00:00:00.720,-0.007658,0.034598,9.87326,-0.399405,0.058803,0.162357
2024-01-01 00:00:00.730,0.334443,0.279048,9.964843,0.372534,-0.300631,0.242397
2024-01-01 00:00:00.740,-0.559971,-0.125349,10.393907,0.513629,-0.208933,0.045776
2024-01-01 00:00:00.750,0.175682,0.310889,9.54638,0.385702,0.090975,-0.114972
2024-01-01 00:00:00.760,0.018606,0.132552,9.372803,-0.083946,-0.002188,-0.254564
2024-01-01 00:00:00.770,-0.063913,0.09457,9.503764,-0.288659,0.087969,0.15625
2024-01-01 00:00:00.780,0.019614,0.040018,9.352894,-0.266421,0.335285,-0.269441
2024-01-01 00:00:00.790,-0.424843,-0.042498,10.267137,-0.420933,0.145207,-0.051091
2024-01-01 00:00:00.800,-0.046955,0.205291,10.339635,-0.026845,0.251777,-0.033646
2024-01-01 00:00:00.810,0.076333,0.024002,9.919514,0.401419,0.018936,-0.010418
2024-01-01 00:00:00.820,0.3159,-0.336369,10.227683,-0.035416,-0.161443,0.00537
2024-01-01 00:00:00.830,-0.11078,-0.191039,9.855814,0.075581,-0.011573,0.020722
2024-01-01 00:00:00.840,-0.172816,-0.03178,9.777472,0.343899,-0.16095,-0.362304
2024-01-01 00:00:00.850,-0.107251,0.05301,9.696101,-0.101024,0.311659,0.002198
2024-01-01 00:00:00.860,0.195667,-0.009677,9.703846,0.508883,0.158078,-0.334436
2024-01-01 00:00:00.870,0.070271,0.208444,9.280652,0.498024,0.104102,0.109833
2024-01-01 00:00:00.880,-0.113236,-0.333638,9.900375,-0.032778,0.247189,-0.083269
2024-01-01 00:00:00.890,0.109711,0.024554,9.796206,-0.144384,-0.404011,-0.323556
2024-01-01 00:00:00.900,0.02075,-0.310874,10.064913,0.17431,0.117628,-0.122131
2024-01-01 00:00:00.910,0.207048,0.129911,9.841985,-0.086881,-0.262129,-0.085511
2024-01-01 00:00:00.920,-0.150064,-0.016152,9.754355,-0.289139,-0.001451,0.178605
2024-01-01 00:00:00.930,-0.070038,0.071753,9.512052,0.32031,-0.062342,0.029496
2024-01-01 00:00:00.940,-0.083813,-0.147724,9.834676,0.304112,0.132347,0.051667
2024-01-01 00:00:00.950,-0.312826,0.218789,10.062477,0.038878,0.045637,0.177183
2024-01-01 00:00:00.960,0.063296,0.178135,9.418978,-0.315716,0.269023,-0.014422
2024-01-01 00:00:00.970,0.055801,0.099786,9.839916,-0.307382,-0.120379,0.113128
2024-01-01 00:00:00.980,0.001093,-0.022147,9.889701,0.026807,0.141823,0.102579
2024-01-01 00:00:00.990,-0.050143,0.099156,9.564422,-0.124968,0.032445,-0.19297
2024-01-01 00:00:01.000,-0.302535,-0.120879,9.608953,-0.085273,-0.327058,0.220948
2024-01-01 00:00:01.010,-0.089913,0.1463,9.888869,0.255491,-0.183723,-0.213045
2024-01-01 00:00:01.020,-0.073255,0.282061,9.42237,0.183295,-0.029976,0.137605
2024-01-01 00:00:01.030,-0.171487,0.183074,9.929674,0.344536,0.222458,-0.227561
2024-01-01 00:00:01.040,0.725525,-0.124762,11.593789,-0.247656,0.092745,0.090186
2024-01-01 00:00:01.050,0.846366,0.061802,12.263496,-0.085798,-0.2335,0.279287
2024-01-01 00:00:01.060,1.163172,-0.221127,12.699537,0.189745,-0.028063,-0.031947
2024-01-01 00:00:01.070,0.797316,0.097879,11.605621,0.11202,0.403561,-0.038453
2024-01-01 00:00:01.080,0.815051,0.077053,12.082699,0.383095,0.022245,0.091566
2024-01-01 00:00:01.090,-0.015913,-0.319739,9.561454,0.105134,-0.065465,-0.049409
2024-01-01 00:00:01.100,-0.410137,-0.198665,10.166006,0.462027,0.098348,0.272742
2024-01-01 00:00:01.110,-0.005667,-0.048417,9.377282,0.135004,0.152679,0.028829
2024-01-01 00:00:01.120,0.012874,-0.051447,9.974361,0.265542,-0.091234,-0.048025
2024-01-01 00:00:01.130,0.526518,-0.206821,9.511438,-0.080879,0.100515,-0.081043
2024-01-01 00:00:01.140,-0.041117,0.066515,9.739211,0.003572,-0.065778,-0.139942
2024-01-01 00:00:01.150,0.064456,0.043002,9.457389,0.227736,0.143866,-0.094163
2024-01-01 00:00:01.160,-0.00742,-0.03322,10.091244,0.403245,0.033939,-0.052601
2024-01-01 00:00:01.170,-0.249805,-0.12924,9.523753,0.182309,0.096394,-0.073146
2024-01-01 00:00:01.180,0.244278,0.179329,9.998772,-0.020793,-0.151837,-0.098726
2024-01-01 00:00:01.190,0.160726,0.283075,9.692318,0.344334,-0.164257,0.314826
2024-01-01 00:00:01.200,0.169083,-0.082689,9.77085,-0.547995,0.189099,-0.154514
2024-01-01 00:00:01.210,-0.194382,-0.104681,9.860533,-0.355559,-0.015879,0.021995
2024-01-01 00:00:01.220,0.299847,0.083997,9.549456,0.170409,0.057007,0.088878
2024-01-01 00:00:01.230,-0.299646,-0.061223,9.881946,0.003527,-0.061279,0.094516
2024-01-01 00:00:01.240,0.125441,-0.023837,10.333374,0.151378,0.179745,-0.008791
2024-01-01 00:00:01.250,0.46821,0.126481,9.543892,0.016102,-0.121562,-0.036105
2024-01-01 00:00:01.260,-0.211727,-0.3265,10.210759,0.142736,-0.02712,0.067732
2024-01-01 00:00:01.270,-0.121046,0.22543,10.322349,-0.203601,0.157199,0.039978
2024-01-01 00:00:01.280,0.0213,0.012428,9.530875,0.142622,0.234594,-0.038844
2024-01-01 00:00:01.290,-0.107618,-0.070365,9.312371,0.248604,-0.104752,-0.234282
2024-01-01 00:00:01.300,-0.331454,-0.015259,9.913271,0.305138,0.391937,-0.070189
2024-01-01 00:00:01.310,0.014655,-0.006425,9.622787,0.503389,0.062648,-0.171983
2024-01-01 00:00:01.320,-0.227067,-0.296035,10.449062,0.061025,-0.208586,-0.100074
2024-01-01 00:00:01.330,0.10123,0.255634,9.821904,0.068478,0.07381,0.004983
2024-01-01 00:00:01.340,-0.196527,0.007067,9.535648,-0.380793,-0.0766,0.05381
2024-01-01 00:00:01.350,0.331298,0.075753,9.417671,-0.132853,0.086814,0.267068
2024-01-01 00:00:01.360,-0.16742,0.162715,10.182747,-0.048271,-0.008571,-0.080611
2024-01-01 00:00:01.370,-0.068841,-0.174619,9.614655,0.26258,0.014855,0.116194
2024-01-01 00:00:01.380,0.173889,0.080964,9.824989,-0.15275,-0.182319,0.045894
2024-01-01 00:00:01.390,-0.263097,-0.045767,10.136885,0.199085,0.198012,0.1944
2024-01-01 00:00:01.400,0.04862,0.144798,9.644384,-0.000405,-0.231225,0.086434
2024-01-01 00:00:01.410,0.279402,-0.363756,9.794292,-0.044292,-0.221753,-0.151272
2024-01-01 00:00:01.420,-0.3436,-0.016945,9.804334,0.062223,0.073472,-0.258457
2024-01-01 00:00:01.430,0.039465,-0.103082,10.043697,-0.097789,0.320569,0.046689
2024-01-01 00:00:01.440,0.05555,0.073917,10.012035,-0.107259,-0.070519,-0.079268
2024-01-01 00:00:01.450,0.167115,0.080378,9.734721,-0.426196,0.140194,-0.147047
2024-01-01 00:00:01.460,-0.264398,-0.121004,9.831768,-0.061989,0.214668,-0.190137
2024-01-01 00:00:01.470,-0.282248,-0.121782,9.682852,-0.119992,0.162937,0.024146
2024-01-01 00:00:01.480,0.111565,-0.018924,9.304657,-0.128995,-0.062242,0.226156
2024-01-01 00:00:01.490,0.06348,-0.153326,9.898099,0.104218,-0.218209,-0.061301
2024-01-01 00:00:01.500,0.053543,0.143979,10.45713,0.164658,-0.44151,0.088541
2024-01-01 00:00:01.510,0.074053,-0.063134,9.507768,0.058049,-0.052568,-0.01534
2024-01-01 00:00:01.520,-0.145355,-0.497095,9.545624,0.248854,0.235617,-0.193407
2024-01-01 00:00:01.530,0.049644,-0.064095,9.512211,0.14389,-0.224833,0.110222
2024-01-01 00:00:01.540,0.822644,-0.177591,12.14781,-0.073764,0.140042,-0.164204
2024-01-01 00:00:01.550,0.607307,-0.278948,12.053382,-0.115714,-0.190031,0.003244
2024-01-01 00:00:01.560,1.158809,-0.2116,11.84578,0.078206,0.021215,-0.051228
2024-01-01 00:00:01.570,0.861282,0.018709,11.586037,0.143442,0.141558,0.133962
2024-01-01 00:00:01.580,0.505359,0.227198,11.931593,0.349461,-0.131899,-0.158723
2024-01-01 00:00:01.590,0.140338,0.053555,9.274899,0.297793,0.034097,0.05863
2024-01-01 00:00:01.600,-0.208338,-0.103712,9.859052,-0.135368,-0.083018,-0.12597
2024-01-01 00:00:01.610,0.168239,0.07796,10.108061,-0.025502,0.14103,-0.076666
2024-01-01 00:00:01.620,0.24765,-0.078504,9.38209,0.167754,0.047063,-0.54528
2024-01-01 00:00:01.630,-0.175421,-0.118777,9.285879,0.266999,0.011302,0.313815
2024-01-01 00:00:01.640,0.205922,-0.197396,10.350168,0.234742,0.31167,0.082584
2024-01-01 00:00:01.650,0.088232,-0.299563,9.600778,-0.015969,0.132461,-0.115102
2024-01-01 00:00:01.660,0.175715,-0.066677,10.198494,-0.313506,-0.13807,-0.168698
2024-01-01 00:00:01.670,0.40544,0.027027,9.757333,-0.249734,-0.017173,-0.074347
2024-01-01 00:00:01.680,-0.052452,-0.016523,9.754611,0.068158,-0.01518,0.107532
2024-01-01 00:00:01.690,-0.161111,-0.07113,9.959937,0.085556,0.016064,-0.283813
2024-01-01 00:00:01.700,-0.190134,-0.161723,9.507672,-0.27467,0.504902,-0.021238
2024-01-01 00:00:01.710,-0.174379,0.10401,9.855314,0.011142,0.07417,0.265596
2024-01-01 00:00:01.720,-0.01648,-0.22523,9.679531,0.157806,-0.407181,-0.170092
2024-01-01 00:00:01.730,0.072921,0.132701,9.358391,-0.287807,-0.10856,0.012058
2024-01-01 00:00:01.740,0.059143,-0.171379,9.925419,0.276249,-0.386474,0.330496
2024-01-01 00:00:01.750,0.17681,-0.128666,9.719949,-0.094383,-0.06596,0.094823
2024-01-01 00:00:01.760,0.002779,-0.25082,9.756298,0.314403,-0.397462,0.018889
2024-01-01 00:00:01.770,0.310693,-0.08574,9.396125,-0.133363,-0.174318,0.075995
2024-01-01 00:00:01.780,-0.05657,0.166778,10.354259,-0.256656,-0.304144,-0.06013
2024-01-01 00:00:01.790,0.581436,0.088172,10.109836,-0.114534,0.076832,0.194945
2024-01-01 00:00:01.800,0.133736,0.16731,10.139741,-0.023787,0.000108,-0.0599
2024-01-01 00:00:01.810,-0.183217,0.089286,9.705538,-0.09712,0.060592,-0.293877
2024-01-01 00:00:01.820,-0.228903,-0.188728,9.218619,-0.054,-0.02091,-0.058695
2024-01-01 00:00:01.830,0.103128,-0.056565,10.477898,0.083491,-0.27886,-0.14501
2024-01-01 00:00:01.840,-0.047765,-0.133414,9.789105,-0.042795,0.102704,-0.042179
2024-01-01 00:00:01.850,0.152618,0.227528,9.55391,-0.016528,0.384445,-0.038863
2024-01-01 00:00:01.860,0.101155,-0.204651,9.952546,-0.427307,0.081843,0.179613
2024-01-01 00:00:01.870,-0.015567,0.152822,10.209155,0.097925,-0.085185,0.104294
2024-01-01 00:00:01.880,-0.181002,0.152695,9.802117,-0.022301,-0.285613,0.03949
2024-01-01 00:00:01.890,-0.323799,0.312865,10.247273,0.402573,-0.181613,-0.000442
2024-01-01 00:00:01.900,-0.095443,-0.070056,10.180386,-0.234891,0.090608,-0.158829
2024-01-01 00:00:01.910,0.183055,0.121807,9.441878,-0.452074,0.214624,-0.327176
2024-01-01 00:00:01.920,0.045763,0.390162,9.579564,0.154517,0.052173,0.016974
2024-01-01 00:00:01.930,-0.266277,-0.105617,10.137478,0.086632,0.159977,0.119196
2024-01-01 00:00:01.940,0.037017,-0.262492,8.882287,-0.252108,0.141536,-0.01625
2024-01-01 00:00:01.950,0.082362,-0.321482,9.758886,-0.382437,0.101307,-0.080228
2024-01-01 00:00:01.960,-0.188925,0.121874,9.320656,0.384349,-0.131695,0.069675
2024-01-01 00:00:01.970,0.032859,-0.322019,9.647019,0.353528,0.034785,-0.0125
2024-01-01 00:00:01.980,0.012442,-0.063667,9.707804,-0.621864,-0.169676,0.252862
2024-01-01 00:00:01.990,-0.24431,0.074781,9.68748,-0.114556,0.003486,0.184909
2024-01-01 00:00:02.000,0.076477,0.031665,9.621127,0.416048,0.066173,0.143926
2024-01-01 00:00:02.010,0.119868,0.072751,9.434777,-0.119016,0.335757,0.11366
2024-01-01 00:00:02.020,0.231502,0.038012,10.593834,-0.122653,-0.261946,-0.193525
2024-01-01 00:00:02.030,0.22525,0.218686,10.448672,-0.07069,0.096302,0.099449
2024-01-01 00:00:02.040,-0.294477,-0.162846,9.412573,-0.280224,0.296247,0.056449
2024-01-01 00:00:02.050,-0.20046,-0.115766,10.351084,-0.426194,0.15177,0.090964
2024-01-01 00:00:02.060,0.110089,-0.132125,9.673383,0.263137,0.166589,0.073891
2024-01-01 00:00:02.070,0.109822,0.141963,9.854182,-0.460734,0.117539,0.067914
2024-01-01 00:00:02.080,0.110091,0.153968,9.78836,0.061818,0.259667,0.40513
2024-01-01 00:00:02.090,0.823521,0.07716,9.584366,0.221645,-0.217496,-0.011428
2024-01-01 00:00:02.100,0.122028,0.202377,10.146478,-0.362807,-0.277185,0.140451
2024-01-01 00:00:02.110,1.002727,-0.201445,11.943053,-0.231067,-0.001267,-0.070648
2024-01-01 00:00:02.120,0.963918,0.285095,11.737019,0.303295,-0.432232,0.118596
2024-01-01 00:00:02.130,0.899235,0.260474,11.45383,0.133223,0.246129,0.140898
2024-01-01 00:00:02.140,0.692611,0.125791,11.594391,-0.154321,0.244143,0.054664
2024-01-01 00:00:02.150,0.92223,0.304688,11.338648,0.300562,-0.08667,0.250387
2024-01-01 00:00:02.160,-0.165191,-0.283283,9.81418,0.301634,-0.074154,-0.132641
2024-01-01 00:00:02.170,-0.05062,-0.089681,9.40074,0.067263,-0.014469,-0.073083
2024-01-01 00:00:02.180,-0.103746,-0.125737,9.719178,-0.22504,0.010404,0.031857
2024-01-01 00:00:02.190,0.017501,0.123373,10.278575,-0.103362,0.025435,0.132121
2024-01-01 00:00:02.200,0.494758,-0.179574,10.22016,0.071597,0.111646,0.026914
2024-01-01 00:00:02.210,-0.399128,0.129532,9.798961,-0.047149,-0.034525,0.192864
2024-01-01 00:00:02.220,0.146688,0.234362,9.780217,0.234739,0.188639,-0.099253
2024-01-01 00:00:02.230,-0.344718,0.11888,10.452917,-0.382444,0.08919,-0.171087
2024-01-01 00:00:02.240,-0.100875,0.048521,9.988099,-0.373566,-0.121393,0.046219
2024-01-01 00:00:02.250,0.232763,-0.168926,9.69789,0.045218,0.267023,-0.011577
2024-01-01 00:00:02.260,0.01374,-0.144812,9.322302,-0.122886,-0.271651,0.08143
2024-01-01 00:00:02.270,-0.230368,0.213685,9.944705,-0.156762,-0.018433,-0.00411
2024-01-01 00:00:02.280,-0.152896,0.133269,10.093629,-0.442014,0.193383,-0.051003
2024-01-01 00:00:02.290,0.145264,-0.006672,9.593975,0.004886,-0.144615,-0.011241
2024-01-01 00:00:02.300,-0.156116,-0.071463,9.909591,-0.013189,0.061911,0.004327
2024-01-01 00:00:02.310,0.046268,-0.346413,9.685658,0.16337,0.108668,-0.045747
2024-01-01 00:00:02.320,0.009741,-0.183116,9.747061,0.017227,-0.172105,-0.03047
2024-01-01 00:00:02.330,-0.13928,0.326853,8.959165,-0.033151,-0.014496,-0.060539
2024-01-01 00:00:02.340,0.458268,-0.218958,9.734151,0.29425,-0.031301,0.1285
2024-01-01 00:00:02.350,0.1355,0.032401,10.141524,-0.328117,-0.110348,0.029103
2024-01-01 00:00:02.360,-0.432874,0.172273,9.59406,0.134097,0.460335,0.338513
2024-01-01 00:00:02.370,0.039855,-0.214592,9.827964,-0.417787,-0.152621,0.024106
2024-01-01 00:00:02.380,-0.141457,0.031585,9.551465,-0.20959,0.200986,-0.082629
2024-01-01 00:00:02.390,0.182208,0.160384,9.933271,-0.303164,-0.07856,0.400601
2024-01-01 00:00:02.400,-0.169401,0.002137,9.735949,0.195486,-0.217327,0.062044
2024-01-01 00:00:02.410,-0.024525,0.490497,9.488779,-0.016353,0.020563,0.148519
2024-01-01 00:00:02.420,0.107941,-0.28533,10.265733,-0.003376,0.129819,0.088815
2024-01-01 00:00:02.430,0.185055,0.181043,10.127695,-0.276683,0.184102,0.093452
2024-01-01 00:00:02.440,-0.256563,-0.029549,9.603122,-0.074923,0.312453,0.080348
2024-01-01 00:00:02.450,-0.0715,0.131998,9.980244,-0.190866,0.589049,-0.165313
2024-01-01 00:00:02.460,-0.10152,0.075464,9.993795,0.095864,0.050103,0.055129
2024-01-01 00:00:02.470,-0.139649,-0.12537,10.029667,-0.247773,-0.132618,-0.198729
2024-01-01 00:00:02.480,0.377366,0.039158,9.230564,0.332449,0.090575,-0.026154
2024-01-01 00:00:02.490,0.086565,-0.317701,10.154259,-0.418895,-0.053243,-0.108843
2024-01-01 00:00:02.500,-0.269514,0.103155,9.615163,-0.20163,0.185193,0.053621
2024-01-01 00:00:02.510,0.196193,0.050985,9.687623,0.4193,-0.259433,0.050119
2024-01-01 00:00:02.520,0.453611,0.109211,10.712156,-0.108785,0.473667,0.072172
2024-01-01 00:00:02.530,0.220689,0.180938,9.913241,-0.32872,0.17121,0.043094
2024-01-01 00:00:02.540,-0.324765,0.062863,9.677878,0.054768,-0.336801,-0.091024
2024-01-01 00:00:02.550,-0.103505,0.025323,9.055789,-0.118848,-0.141806,-0.039151
2024-01-01 00:00:02.560,0.270802,-0.150663,10.285299,-0.208968,0.163216,0.138059
2024-01-01 00:00:02.570,-0.151264,-0.12179,9.349938,-0.273968,0.235269,0.160179
2024-01-01 00:00:02.580,0.094866,0.202932,9.466824,0.692093,-0.254448,-0.172017
2024-01-01 00:00:02.590,0.165578,0.245613,9.696678,-0.062888,0.142605,-0.229639
2024-01-01 00:00:02.600,-0.198131,-0.040717,10.294413,-0.481392,-0.389468,-0.109033
2024-01-01 00:00:02.610,0.747276,0.007866,12.164448,0.373427,-0.017867,0.156781
2024-01-01 00:00:02.620,0.067179,-0.154689,11.84602,0.152768,0.222409,0.182233
2024-01-01 00:00:02.630,0.541037,0.200541,12.005436,-0.191617,-0.110303,-0.138707
2024-01-01 00:00:02.640,0.706014,0.113786,11.694668,-0.23328,-0.301384,0.046096
2024-01-01 00:00:02.650,0.493286,0.331948,11.947762,0.168368,0.029243,0.275165
2024-01-01 00:00:02.660,0.348928,-0.150193,9.835081,-0.06173,-0.120944,0.062297
2024-01-01 00:00:02.670,-0.305693,-0.064639,10.141319,-0.481494,0.125912,0.213225
2024-01-01 00:00:02.680,-0.09406,0.039577,10.140775,0.44681,-0.177065,0.149809
2024-01-01 00:00:02.690,0.027946,0.11055,9.97894,-0.108498,-0.154527,-0.13653
2024-01-01 00:00:02.700,0.308072,-0.036879,9.686077,0.373893,-0.4042,-0.028497
2024-01-01 00:00:02.710,-0.306916,-0.149276,10.063703,0.319609,0.033989,0.005213
2024-01-01 00:00:02.720,0.248626,0.150721,9.778547,-0.250252,-0.032181,0.01562
2024-01-01 00:00:02.730,0.002187,0.123314,9.439985,0.258297,-0.237677,0.137449
2024-01-01 00:00:02.740,-0.209797,-0.156683,9.672076,-0.162861,0.03876,0.061303
2024-01-01 00:00:02.750,0.098775,0.231781,9.838908,-0.466675,0.205414,-0.44043
2024-01-01 00:00:02.760,0.042549,0.200104,10.121294,-0.10615,-0.043114,-0.196926
2024-01-01 00:00:02.770,-0.128296,0.022965,9.747233,0.099409,0.053633,-0.328107
2024-01-01 00:00:02.780,0.01492,0.013611,9.396454,-0.115684,0.054662,0.026305
2024-01-01 00:00:02.790,-0.082361,0.094744,9.829406,-0.076762,-0.240866,0.036073
2024-01-01 00:00:02.800,0.024264,-0.147351,9.848802,0.285892,0.411317,0.042484
2024-01-01 00:00:02.810,0.14153,0.005135,9.873556,0.026623,-0.09417,-0.143839
2024-01-01 00:00:02.820,0.339011,-0.368058,10.124596,-0.210825,0.131223,0.101122
2024-01-01 00:00:02.830,-0.264583,0.149874,10.158472,0.175508,0.153843,0.107439
2024-01-01 00:00:02.840,0.455936,-0.267015,9.60678,0.049419,-0.027919,-0.188272
2024-01-01 00:00:02.850,-0.417259,0.257085,9.599279,-0.630401,0.121359,-0.219906
2024-01-01 00:00:02.860,-0.032444,-0.056451,9.454252,0.107088,0.049164,-2e-05
2024-01-01 00:00:02.870,0.125753,-0.036195,10.048995,0.097957,-0.283528,0.268767
2024-01-01 00:00:02.880,0.060062,-0.107342,10.305496,0.00503,-0.066455,0.254961
2024-01-01 00:00:02.890,-0.133102,-0.049255,9.702242,0.222925,-0.12251,0.084511
2024-01-01 00:00:02.900,-0.044486,0.242569,9.727431,-0.168098,-0.092349,-0.1095
2024-01-01 00:00:02.910,-0.105379,-0.425415,10.31164,0.084125,-0.260801,0.133026
2024-01-01 00:00:02.920,-0.125977,0.218361,9.982901,-0.39174,0.225287,-0.067864
2024-01-01 00:00:02.930,0.181602,0.057802,9.959193,0.101773,0.320399,-0.115126
2024-01-01 00:00:02.940,0.076312,-0.206401,9.402707,0.488265,0.195601,-0.321595
2024-01-01 00:00:02.950,-0.148109,-0.183878,10.042125,-0.248714,0.254106,0.015357
2024-01-01 00:00:02.960,0.192289,0.286663,9.492235,-0.189951,-0.068927,-0.09448
2024-01-01 00:00:02.970,0.065685,-0.161682,9.422165,-0.177504,-0.127251,0.014465
2024-01-01 00:00:02.980,0.173749,-0.197223,9.691404,0.0325,-0.155717,-0.344904
2024-01-01 00:00:02.990,0.134583,0.194481,9.609659,-0.265759,0.128813,0.025474
2024-01-01 00:00:03.000,-0.177198,0.057893,9.734213,0.105312,0.045413,-0.364668
2024-01-01 00:00:03.010,-0.119739,-0.160385,9.317184,0.21171,-0.015444,0.163191
2024-01-01 00:00:03.020,0.159734,0.037043,10.137915,0.133587,0.25903,0.078284
2024-01-01 00:00:03.030,0.130467,-0.175404,10.195669,-0.442104,0.080988,-0.0418
2024-01-01 00:00:03.040,-0.004468,0.18824,9.144009,0.248792,-0.167732,0.084408
2024-01-01 00:00:03.050,0.025079,0.181494,10.144633,0.234342,-0.136182,-0.146711
2024-01-01 00:00:03.060,0.273101,0.090973,9.532799,0.20754,0.136399,0.010856
2024-01-01 00:00:03.070,-0.126448,0.061844,10.103086,0.093211,0.208347,0.119216
2024-01-01 00:00:03.080,0.116942,0.301163,9.786591,0.055047,0.110336,-0.464143
2024-01-01 00:00:03.090,-0.043219,-5.4e-05,9.819841,0.258097,0.379378,-0.067084
2024-01-01 00:00:03.100,-0.046529,-0.2021,9.746697,0.480878,0.327001,-0.003397
2024-01-01 00:00:03.110,0.234864,0.07686,10.224548,-0.23826,0.088207,-0.029444
2024-01-01 00:00:03.120,0.176433,0.356714,9.386061,0.269531,-0.167716,0.218565
2024-01-01 00:00:03.130,0.173888,-0.173524,10.017881,-0.021554,-0.261998,-0.168585
2024-01-01 00:00:03.140,0.279046,-0.06181,10.186655,-0.032418,-0.077476,-0.093174
2024-01-01 00:00:03.150,0.00449,0.071212,10.054988,-0.384133,0.150643,-0.28738
2024-01-01 00:00:03.160,0.145767,-0.009218,10.605047,-0.071197,0.365329,0.226543
2024-01-01 00:00:03.170,0.69368,-0.167974,11.7191,-0.249316,0.083489,-0.036944
2024-01-01 00:00:03.180,0.829291,0.191838,12.227398,-0.115964,0.233745,-0.065761
2024-01-01 00:00:03.190,0.732182,0.396727,11.863717,-0.274547,-0.049061,-0.007872
2024-01-01 00:00:03.200,0.780733,0.033538,12.321825,-0.112227,0.124554,0.095435
2024-01-01 00:00:03.210,0.887215,-0.154596,11.89737,-0.101528,0.164671,0.052105
2024-01-01 00:00:03.220,-0.174895,-0.264872,9.677346,0.024189,-0.395919,0.397183
2024-01-01 00:00:03.230,0.447248,0.044114,10.256677,-0.403687,-0.082688,0.06809
2024-01-01 00:00:03.240,-0.215036,0.188763,9.641886,-0.36138,0.18994,-0.069787
2024-01-01 00:00:03.250,-0.259533,0.081254,9.326848,0.090479,0.054894,-0.084204
2024-01-01 00:00:03.260,0.247546,-0.000411,9.633238,-0.19936,-0.239303,-0.058914
2024-01-01 00:00:03.270,0.169218,-0.100765,10.021709,0.268632,-0.486024,-0.225276
2024-01-01 00:00:03.280,0.133406,-0.18676,10.286077,0.056317,-0.073156,0.00598
2024-01-01 00:00:03.290,0.134309,0.142742,9.848006,0.151691,-0.014317,0.11752
2024-01-01 00:00:03.300,-0.002618,0.156255,10.260823,0.352673,-0.176785,-0.092005
2024-01-01 00:00:03.310,-0.191788,-0.26432,9.345504,-0.077428,0.028617,-0.121107
2024-01-01 00:00:03.320,0.016203,0.271862,9.658404,-0.143622,0.101277,0.227392
2024-01-01 00:00:03.330,-0.144743,0.098166,9.711307,0.217926,0.134137,-0.213972
2024-01-01 00:00:03.340,0.208432,0.239331,9.770821,0.127378,-0.471184,-0.310173
2024-01-01 00:00:03.350,-0.031434,-0.229504,9.83876,-0.046833,-0.262857,-0.172935
2024-01-01 00:00:03.360,-0.17645,-0.233556,10.046292,0.347864,-0.060925,-0.231065
2024-01-01 00:00:03.370,-0.068696,-0.025474,9.657876,-0.053061,0.114435,0.057934
2024-01-01 00:00:03.380,0.088264,0.085976,9.857548,0.008193,0.097847,-0.054106
2024-01-01 00:00:03.390,-0.120496,0.307178,9.794568,0.005306,0.094374,-0.032953
2024-01-01 00:00:03.400,-0.17575,0.120739,9.493346,-0.233648,-0.076684,0.17294
2024-01-01 00:00:03.410,0.052088,-0.041498,9.771126,0.019396,-0.065527,-0.1037
2024-01-01 00:00:03.420,0.052362,-0.175509,9.760868,0.34919,-0.145666,0.116263
2024-01-01 00:00:03.430,-0.108359,0.21033,9.753542,0.111242,0.153639,0.226698
2024-01-01 00:00:03.440,-0.100684,-0.164965,9.820862,0.007766,-0.184098,-0.068349
2024-01-01 00:00:03.450,0.049601,0.278468,9.83588,-0.040442,0.170007,0.110553
2024-01-01 00:00:03.460,-0.309528,-0.04863,9.662155,0.082717,0.041571,-0.036273
2024-01-01 00:00:03.470,-0.300845,0.27199,10.245268,0.187442,-0.009009,0.138615
2024-01-01 00:00:03.480,-0.153567,0.116097,9.410038,0.15231,-0.131342,-0.235723
2024-01-01 00:00:03.490,-0.045624,-0.023426,9.563428,-0.082966,-0.271108,-0.246827
2024-01-01 00:00:03.500,0.066456,-0.088817,10.760748,0.081195,-0.129531,-0.05869
2024-01-01 00:00:03.510,0.315357,-0.058295,9.455007,0.119985,-0.066001,-0.133339
2024-01-01 00:00:03.520,0.183325,0.073242,9.347016,-0.251799,-0.473805,-0.077506
2024-01-01 00:00:03.530,-0.034187,0.013194,10.061191,0.042058,-0.039471,-0.032929
2024-01-01 00:00:03.540,-0.004065,-0.101542,9.099625,-0.540326,0.184871,0.108002
2024-01-01 00:00:03.550,-0.214291,-0.028323,9.729536,0.120633,0.113444,-0.061149
2024-01-01 00:00:03.560,-0.003957,0.013437,10.543872,0.165086,-0.099241,-0.123579
2024-01-01 00:00:03.570,-0.061701,-0.364014,9.281632,0.186887,0.009387,-0.052727
2024-01-01 00:00:03.580,0.068981,0.078347,9.132168,-0.098762,-0.111233,-0.115372
2024-01-01 00:00:03.590,-0.176821,-0.167532,9.29728,0.077262,0.029752,-0.140101
2024-01-01 00:00:03.600,0.11101,-0.19722,10.117239,0.355988,0.308022,-0.241953
2024-01-01 00:00:03.610,0.327623,-0.288536,10.194674,0.353442,0.1937,0.010422
2024-01-01 00:00:03.620,-0.023247,-0.306756,9.634695,-0.007293,0.104159,-0.085306
2024-01-01 00:00:03.630,0.085866,-0.231782,10.043659,0.03483,-0.098577,0.144942
2024-01-01 00:00:03.640,0.147518,-0.121243,10.285467,0.277728,0.149988,-0.217109
2024-01-01 00:00:03.650,-0.085761,0.334007,10.421272,-0.375201,-0.337375,-0.081313
2024-01-01 00:00:03.660,0.0479,-0.089925,9.725753,-0.080769,-0.050471,0.271936
2024-01-01 00:00:03.670,0.002692,0.030395,9.022897,0.333893,0.116742,-0.140941
2024-01-01 00:00:03.680,0.780878,0.068482,11.619259,0.2438,0.148084,-0.03548
2024-01-01 00:00:03.690,0.594769,0.022412,11.754033,0.092316,0.133977,-0.182377
2024-01-01 00:00:03.700,0.765239,-0.013243,11.811443,-0.376458,0.058966,-0.202264
2024-01-01 00:00:03.710,0.866447,-0.204395,11.835752,-0.012478,-0.039145,0.232097
2024-01-01 00:00:03.720,1.070182,0.248109,12.282662,-0.147479,0.107595,0.025656
2024-01-01 00:00:03.730,0.205044,0.309031,10.245855,0.08276,-0.190572,0.020052
2024-01-01 00:00:03.740,0.460243,-0.287735,9.751288,-0.202337,-0.168935,-0.254447
2024-01-01 00:00:03.750,-0.164021,-0.175109,10.185682,-0.256431,0.012347,0.053811
2024-01-01 00:00:03.760,0.186459,-0.047848,9.93232,-0.516216,0.03464,0.173613
2024-01-01 00:00:03.770,0.039189,-0.164936,9.832061,0.305451,-0.365123,0.172422
2024-01-01 00:00:03.780,0.46807,0.08652,10.120038,-0.099943,0.091029,0.10025
2024-01-01 00:00:03.790,-0.172774,-0.124535,9.83471,0.039286,0.154546,-0.169423
2024-01-01 00:00:03.800,-0.179491,0.370225,10.513771,-0.00056,-0.015457,0.046969
2024-01-01 00:00:03.810,-0.12812,0.203584,9.318063,-0.266858,0.474893,0.100138
2024-01-01 00:00:03.820,-0.453983,0.03635,9.633812,-0.314766,-0.136587,-0.269167
2024-01-01 00:00:03.830,-0.11238,0.175615,9.766731,-0.251329,-0.072217,-0.168192
2024-01-01 00:00:03.840,-0.162265,0.189109,9.960293,-0.180792,-0.079013,0.133224
2024-01-01 00:00:03.850,0.032147,-0.096435,10.243642,0.091652,-0.015238,0.131407
2024-01-01 00:00:03.860,0.07305,-0.139573,9.801656,-0.198929,-0.065745,-0.232287
2024-01-01 00:00:03.870,0.401032,0.013362,9.323597,0.436623,-0.281362,0.119253
2024-01-01 00:00:03.880,0.203153,0.14734,10.09814,0.256788,-0.10931,0.014296
2024-01-01 00:00:03.890,-0.123313,0.023779,10.068196,0.20209,-0.019524,0.117151
2024-01-01 00:00:03.900,-0.192036,-0.269666,9.145884,-0.029915,0.245714,-0.095178
2024-01-01 00:00:03.910,0.105148,-0.137283,9.808699,0.37857,0.440449,0.096778
2024-01-01 00:00:03.920,-0.2822,-0.012649,9.266171,-0.054501,0.267095,0.126574
2024-01-01 00:00:03.930,0.391474,-0.012939,9.582689,-0.007815,-0.155076,-0.0527
2024-01-01 00:00:03.940,0.252105,0.337305,9.501239,0.042494,-0.139162,0.002663
2024-01-01 00:00:03.950,-0.100286,-0.237004,10.086769,0.175456,-0.031866,-0.097278
2024-01-01 00:00:03.960,-0.366183,0.086456,9.849956,0.159227,0.356912,0.247746
2024-01-01 00:00:03.970,0.28939,0.254638,9.370328,-0.118781,-0.033085,-0.018041
2024-01-01 00:00:03.980,-0.024483,0.388418,10.110983,-0.133248,-0.265501,-0.138304
2024-01-01 00:00:03.990,0.264583,-0.069152,9.319638,0.159976,-0.100235,-0.107374
2024-01-01 00:00:04.000,-0.340809,0.084034,9.922899,0.178809,0.151411,0.019016
2024-01-01 00:00:04.010,-0.128116,0.097429,9.531608,-0.098338,0.137988,0.113
2024-01-01 00:00:04.020,0.001121,0.033427,9.684938,-0.396797,-0.040043,-0.200374
2024-01-01 00:00:04.030,0.010042,-0.016903,9.982461,-0.051829,0.136683,0.277149
2024-01-01 00:00:04.040,-0.096201,0.074552,9.988336,0.155881,-0.454634,0.046301
2024-01-01 00:00:04.050,0.133134,-0.433014,10.267243,0.451354,0.020766,0.069968
2024-01-01 00:00:04.060,-0.228204,0.116634,9.781869,-0.299489,0.172137,-0.014578
2024-01-01 00:00:04.070,-0.030434,0.021576,9.914806,-0.106643,-0.166573,0.002889
2024-01-01 00:00:04.080,0.025713,-0.038043,9.660294,-0.097351,-0.167268,-0.022242
2024-01-01 00:00:04.090,0.109961,0.350013,9.872241,0.338951,-0.37329,0.152669
2024-01-01 00:00:04.100,0.152108,-0.115414,9.960304,-0.008735,0.317979,-0.001189
2024-01-01 00:00:04.110,-0.240392,-0.068926,9.776378,-0.226832,-0.144031,0.115058
2024-01-01 00:00:04.120,-0.327917,0.340556,9.193117,0.139674,0.048209,-0.065077
2024-01-01 00:00:04.130,0.273103,-0.142282,9.923363,-0.10116,0.120783,0.029346
2024-01-01 00:00:04.140,0.071032,-0.09407,9.93468,-0.306097,0.302414,-0.120588
2024-01-01 00:00:04.150,-0.159989,-0.025141,9.577381,-0.223193,-0.03078,0.182479
2024-01-01 00:00:04.160,0.331559,0.143766,9.37074,0.43351,-0.107886,-0.125062
2024-01-01 00:00:04.170,0.024725,0.035534,10.314751,0.096052,0.034614,-0.048747
2024-01-01 00:00:04.180,0.252075,-0.221039,9.978074,0.02694,0.256816,-0.047244
2024-01-01 00:00:04.190,0.014432,-0.091001,9.731654,-0.062473,-0.034035,-0.053093
2024-01-01 00:00:04.200,0.440485,-0.103858,9.421135,0.073037,-0.190974,0.108374
2024-01-01 00:00:04.210,0.375204,-0.013205,9.528939,0.070059,-0.308152,-0.047499
2024-01-01 00:00:04.220,-0.053216,0.072819,10.255486,0.073042,-0.244259,0.209089
2024-01-01 00:00:04.230,0.207673,0.071513,9.85708,0.028711,0.172878,-0.122771
2024-01-01 00:00:04.240,0.897949,-0.303698,11.711699,0.2172,-0.064125,0.025407
2024-01-01 00:00:04.250,1.052545,0.181934,12.074314,0.005776,-0.121504,-0.116368
2024-01-01 00:00:04.260,0.553748,0.043189,11.621476,-0.244485,-0.143193,0.063146
2024-01-01 00:00:04.270,0.906643,0.236755,12.413288,-0.153106,0.017009,-0.002392
2024-01-01 00:00:04.280,0.986238,0.075958,12.362658,-0.494755,-0.047891,-0.023259
2024-01-01 00:00:04.290,-0.375931,0.188326,9.650432,0.506704,-0.054626,0.178271
2024-01-01 00:00:04.300,-0.252922,0.079779,9.594995,0.215689,0.269865,-0.098151
2024-01-01 00:00:04.310,-0.435886,0.230205,8.914598,-0.207518,0.307603,0.087977
2024-01-01 00:00:04.320,-0.057586,0.089305,9.303299,-0.070461,-0.322004,-0.115344
2024-01-01 00:00:04.330,0.153375,-0.016744,9.351901,-0.159219,0.065519,0.016903
2024-01-01 00:00:04.340,0.321129,0.388586,9.856235,0.385637,-0.155372,-0.179336
2024-01-01 00:00:04.350,0.015838,0.152025,9.698428,-0.354969,-0.04965,-0.099378
2024-01-01 00:00:04.360,0.348117,0.09811,9.349895,0.028619,0.061856,-0.012321
2024-01-01 00:00:04.370,-0.294997,-0.218248,9.713842,-0.027132,-0.042544,0.272197
2024-01-01 00:00:04.380,-0.364098,-0.220301,9.982825,0.20671,0.046092,0.015121
2024-01-01 00:00:04.390,-0.011873,0.050054,9.990521,-0.026002,0.134594,0.2482
2024-01-01 00:00:04.400,0.082094,0.024884,9.160313,-0.439552,0.058915,0.033048
2024-01-01 00:00:04.410,-0.006989,-0.105015,9.766134,-0.062779,-0.129367,-0.058063
2024-01-01 00:00:04.420,-0.441916,0.024108,9.336897,-0.243041,-0.12584,0.230903
2024-01-01 00:00:04.430,-0.019049,0.271655,10.118391,0.019895,-0.287941,0.065553
2024-01-01 00:00:04.440,-0.27883,0.118914,10.078178,0.358544,-0.170784,-0.096408
2024-01-01 00:00:04.450,0.143143,-0.195112,9.502875,-0.434856,0.392414,0.070586
2024-01-01 00:00:04.460,0.07836,-0.019068,9.548013,-0.200056,-0.158401,-0.043889
2024-01-01 00:00:04.470,-0.200899,-0.137649,9.652247,-0.138173,-0.238676,-0.298355
2024-01-01 00:00:04.480,-0.109839,-0.066297,9.039545,-0.095408,0.063986,0.140396
2024-01-01 00:00:04.490,-0.226407,-0.070728,9.924901,0.185031,-0.022073,0.16424
2024-01-01 00:00:04.500,-0.013398,-0.081677,9.716687,-0.043386,-0.039119,0.275691
2024-01-01 00:00:04.510,0.204162,-0.214628,10.1418,0.103951,0.281809,0.063322
2024-01-01 00:00:04.520,-0.210699,-0.021829,9.434344,-0.156443,0.109825,-0.037309
2024-01-01 00:00:04.530,0.10774,-0.095864,9.59826,0.057481,-0.105999,0.125248
2024-01-01 00:00:04.540,-0.113343,-0.500936,9.294768,0.194449,-0.084895,0.127473
2024-01-01 00:00:04.550,-0.169477,0.351058,9.466533,-0.183075,-0.100517,0.245742
2024-01-01 00:00:04.560,-0.022878,0.18618,9.405762,0.19534,0.174948,-0.006694
2024-01-01 00:00:04.570,-0.221283,-0.064347,10.150623,0.013093,-0.06163,-0.024837
2024-01-01 00:00:04.580,-0.118343,0.003218,9.571194,0.261365,-0.358631,-0.107332
2024-01-01 00:00:04.590,-0.256046,-0.200353,9.852468,-0.050355,-0.009664,0.080619
2024-01-01 00:00:04.600,0.41996,0.289969,9.679779,0.095311,-0.307405,-0.232239
2024-01-01 00:00:04.610,0.007538,0.324436,9.375843,-0.010152,0.436846,0.116413
2024-01-01 00:00:04.620,-0.149566,0.026795,9.752441,-0.024053,-0.193134,0.088175
2024-01-01 00:00:04.630,0.045738,0.175024,10.014893,0.064733,-0.032373,0.087761
2024-01-01 00:00:04.640,-0.02401,0.029974,9.396946,0.134202,0.051641,0.020734
2024-01-01 00:00:04.650,-0.047232,-0.22858,10.086717,-0.312391,-0.057732,0.229947
2024-01-01 00:00:04.660,0.131278,-0.070422,9.519395,0.358408,-0.058006,0.130799
2024-01-01 00:00:04.670,0.161917,0.02256,9.644819,-0.464916,0.084365,-0.091062
2024-01-01 00:00:04.680,-0.113395,-0.077728,9.991494,-0.171203,0.305243,-0.088377
2024-01-01 00:00:04.690,-0.123081,-0.03739,9.583105,-0.023567,0.153502,-0.131951
2024-01-01 00:00:04.700,-0.058792,-0.015629,9.822851,0.103089,0.295703,0.082692
2024-01-01 00:00:04.710,-0.492036,-0.01383,9.702376,0.394043,-0.209324,-0.150021
2024-01-01 00:00:04.720,-0.323872,0.008936,9.854244,-0.464573,0.063473,0.162509
2024-01-01 00:00:04.730,0.292169,-0.181363,8.995787,-0.126924,0.031049,0.198446
2024-01-01 00:00:04.740,1.111612,-0.12261,11.274249,-0.531708,0.070218,-0.131852
2024-01-01 00:00:04.750,0.706769,-0.219664,12.110661,0.007905,0.275246,-0.027832
2024-01-01 00:00:04.760,0.883239,0.167206,12.254716,0.067921,-0.044158,0.002493
2024-01-01 00:00:04.770,0.82653,-0.360066,11.588614,0.397699,-0.081101,0.132597
2024-01-01 00:00:04.780,1.418111,0.197264,11.816542,0.030159,0.106796,0.241402
2024-01-01 00:00:04.790,0.239309,0.237066,9.910794,0.261006,-0.355641,-0.252824
2024-01-01 00:00:04.800,-0.027342,-0.051673,10.04708,0.145959,-0.04737,-0.047727
2024-01-01 00:00:04.810,-0.204247,-0.445136,9.116534,-0.108812,-0.02684,-0.039903
2024-01-01 00:00:04.820,-0.343378,-0.061784,9.506974,-0.35224,-0.184072,-0.2101
2024-01-01 00:00:04.830,0.04349,-0.010975,9.696258,0.068751,0.211412,-0.072767
2024-01-01 00:00:04.840,-0.16167,-0.172812,10.050474,-0.373026,-0.212448,0.064165
2024-01-01 00:00:04.850,-0.304007,-0.088102,10.664463,0.323802,-0.027175,-0.041802
2024-01-01 00:00:04.860,-0.138205,0.261663,9.732022,-0.040516,0.058631,-0.231693
2024-01-01 00:00:04.870,-0.231181,0.113703,9.328814,0.298794,0.27069,0.431112
2024-01-01 00:00:04.880,0.360627,-0.1581,9.947576,-0.120054,-0.002111,0.039927
2024-01-01 00:00:04.890,0.18845,-0.273189,10.261781,0.067213,0.187231,0.016754
2024-01-01 00:00:04.900,-0.001704,-0.05592,9.846941,0.052337,0.140119,-0.164689
2024-01-01 00:00:04.910,0.316338,-0.036501,9.499926,-0.011261,0.024692,0.039106
2024-01-01 00:00:04.920,0.016537,0.08485,10.137634,-0.108165,-0.217903,-0.024632
2024-01-01 00:00:04.930,-0.184099,-0.091539,10.036933,0.098114,-0.286916,-0.283279
2024-01-01 00:00:04.940,0.325568,0.087466,9.45908,-0.231541,0.021301,-0.160538
2024-01-01 00:00:04.950,0.115192,0.330911,9.940448,-0.302359,-0.108539,0.119239
2024-01-01 00:00:04.960,-0.221711,0.139451,10.151065,0.310707,0.183852,0.291603
2024-01-01 00:00:04.970,-0.040685,-0.008223,10.214206,0.181792,0.149171,0.055075
2024-01-01 00:00:04.980,-0.187163,-0.031319,9.787274,0.016473,-0.036922,0.165462
2024-01-01 00:00:04.990,-0.295573,-0.060991,9.687537,0.416286,-0.231543,-0.023363
2024-01-01 00:00:05.000,0.19797,0.20189,10.229728,-0.066941,0.102147,-0.012982
2024-01-01 00:00:05.010,0.408138,-0.107271,9.396125,0.330676,-0.20359,0.163647
2024-01-01 00:00:05.020,-0.298944,0.007733,9.959994,0.043894,-0.151693,0.249417
2024-01-01 00:00:05.030,0.120335,0.008755,9.341451,-0.256188,-0.195883,0.195165
2024-01-01 00:00:05.040,-0.139075,-0.085805,10.174359,0.46201,-0.0277,-0.159954
2024-01-01 00:00:05.050,-0.104123,-0.234692,9.721748,0.247678,0.234038,-0.010044
2024-01-01 00:00:05.060,-0.126624,0.055229,10.243855,-0.030255,-0.001008,0.041629
2024-01-01 00:00:05.070,-0.184678,-0.010432,9.978063,0.181793,-0.088644,-0.038952
2024-01-01 00:00:05.080,0.010371,0.085541,9.391659,-0.100926,-0.305123,0.058179
2024-01-01 00:00:05.090,-0.177616,-0.091246,10.297223,0.207287,0.110425,0.123087
2024-01-01 00:00:05.100,0.05781,0.20876,10.340526,-0.59777,-0.156081,0.150421
2024-01-01 00:00:05.110,-0.010738,-0.149928,10.111742,-0.25495,0.023504,0.252881
2024-01-01 00:00:05.120,-0.051075,0.292759,9.549537,0.244815,-0.070844,-0.049416
2024-01-01 00:00:05.130,-0.193992,-0.298846,9.705343,-0.062414,0.167635,-0.204605
2024-01-01 00:00:05.140,-0.123285,0.074346,9.859736,0.051886,-0.031447,0.053735
2024-01-01 00:00:05.150,0.161465,0.081299,9.569331,-0.336696,-0.011785,0.282572
2024-01-01 00:00:05.160,0.107071,-0.13604,10.388783,0.461967,0.097149,-0.071546
2024-01-01 00:00:05.170,-0.208952,0.072571,9.85936,0.297632,0.421388,0.103027
2024-01-01 00:00:05.180,0.021232,0.218798,8.885455,-0.050171,0.177689,0.104362
2024-01-01 00:00:05.190,0.160609,-0.379076,9.92606,-0.101174,-0.017721,0.028716
2024-01-01 00:00:05.200,-0.356835,0.085969,9.69093,0.257401,0.00064,0.001039
2024-01-01 00:00:05.210,0.116143,-0.426349,9.784375,0.495618,-0.104972,-0.138514
2024-01-01 00:00:05.220,-0.141636,-0.165129,9.683932,0.23844,-0.189999,-0.342249
2024-01-01 00:00:05.230,0.121965,0.278587,10.08601,0.542951,-0.11055,-0.166778
2024-01-01 00:00:05.240,-0.163147,-0.099485,10.192933,-0.230588,-0.15443,-0.058546
2024-01-01 00:00:05.250,-0.385794,-0.200733,9.906804,-0.204847,0.130674,0.164613
2024-01-01 00:00:05.260,-0.347887,-0.033847,9.693956,-0.297235,-0.214239,-0.015469
2024-01-01 00:00:05.270,0.010278,0.353612,9.795863,0.11044,0.266642,-0.077854
2024-01-01 00:00:05.280,0.055516,-0.313218,9.816703,0.043901,0.150409,-0.133648
2024-01-01 00:00:05.290,-0.193298,-0.179774,9.535569,-0.037988,0.0041,0.098521
2024-01-01 00:00:05.300,0.136499,0.256061,10.007994,0.202315,6.4e-05,0.203754
2024-01-01 00:00:05.310,0.40485,0.317667,12.057334,0.308082,-0.111456,0.159515
2024-01-01 00:00:05.320,0.745875,-0.017687,12.426831,-0.381416,0.054017,0.090922
2024-01-01 00:00:05.330,0.501145,-0.211878,12.32933,-0.149243,0.217618,-0.221342
2024-01-01 00:00:05.340,0.62067,0.358389,11.665499,0.205036,-0.140631,-0.052751
2024-01-01 00:00:05.350,0.770131,0.27265,12.180542,-0.116935,-0.306678,0.292096
2024-01-01 00:00:05.360,-0.183913,0.1161,9.484774,-0.199552,0.140644,0.168293
2024-01-01 00:00:05.370,-0.082199,-0.138921,10.048009,0.254634,0.064873,-0.230625
2024-01-01 00:00:05.380,0.215095,-0.008384,9.633318,-0.322375,-0.22404,-0.008339
2024-01-01 00:00:05.390,-0.123311,-0.027422,9.460047,-0.075395,-0.146678,0.054465
2024-01-01 00:00:05.400,0.178629,0.056576,9.905776,0.082161,-0.171821,-0.114324
2024-01-01 00:00:05.410,-0.241475,0.248121,8.895298,-0.143455,-0.144906,-0.346381
2024-01-01 00:00:05.420,0.113246,0.15038,9.211166,0.195789,-0.064737,0.014824
2024-01-01 00:00:05.430,0.308135,-0.184231,9.749298,-0.142219,-0.053309,-0.118164
2024-01-01 00:00:05.440,-0.528314,0.235381,9.838195,0.352155,-0.130159,-0.117576
2024-01-01 00:00:05.450,-0.170336,0.053546,9.683693,-0.031437,-0.151633,-0.053202
2024-01-01 00:00:05.460,0.123349,0.117488,9.269833,0.167818,-0.045757,-0.020051
2024-01-01 00:00:05.470,-0.043401,0.250778,9.530281,0.186506,0.033538,-0.001362
2024-01-01 00:00:05.480,0.079332,-0.19008,9.943794,-0.156885,-0.063259,-0.132598
2024-01-01 00:00:05.490,-0.129102,-0.006126,10.008969,-0.513372,0.231733,-0.033031
2024-01-01 00:00:05.500,0.018509,-0.090879,9.804452,0.090189,0.101618,-0.263614
2024-01-01 00:00:05.510,-0.033276,-0.268104,10.205637,0.018072,-0.318169,0.046656
2024-01-01 00:00:05.520,0.249613,0.059287,9.94591,0.138957,0.104746,-0.428441
2024-01-01 00:00:05.530,0.054382,0.429476,9.55437,-0.056632,0.121109,-0.043424
2024-01-01 00:00:05.540,0.072163,-0.314653,9.714068,-0.107607,-0.086947,0.137878
2024-01-01 00:00:05.550,-0.088039,-0.00552,9.33022,0.502118,-0.29904,-0.158901
2024-01-01 00:00:05.560,-0.104226,0.109533,9.773016,-0.368089,0.001613,0.107465
2024-01-01 00:00:05.570,-0.092459,0.021046,10.190338,0.183488,-0.001542,0.17336
2024-01-01 00:00:05.580,0.084314,-0.019345,10.044369,-0.14365,-0.224329,-0.496185
2024-01-01 00:00:05.590,-0.089985,-0.222166,10.289487,-0.083945,-0.290244,-0.022704
2024-01-01 00:00:05.600,0.061939,0.039807,9.706413,-0.079276,-0.017511,-0.431366
2024-01-01 00:00:05.610,0.443617,-0.129407,10.270366,-0.200859,-0.046615,-0.017731
2024-01-01 00:00:05.620,0.186203,-0.374477,9.74389,0.142806,-0.083453,-0.001076
2024-01-01 00:00:05.630,-0.069688,0.204275,10.313282,0.347661,-0.016682,-0.372382
2024-01-01 00:00:05.640,0.256759,0.163884,9.802525,0.117503,-0.220555,0.288726
2024-01-01 00:00:05.650,-0.087226,0.008834,10.051873,0.025845,-0.086964,0.042902
2024-01-01 00:00:05.660,-0.435649,0.039172,10.314488,-0.24661,0.106665,-0.127354
2024-01-01 00:00:05.670,-0.215478,0.183708,9.743848,0.129206,-0.069994,0.219807
2024-01-01 00:00:05.680,-0.399882,0.038362,9.884689,0.539087,-0.334394,-0.269342
2024-01-01 00:00:05.690,-0.075136,0.154587,10.250791,-0.095174,-0.094538,-0.184376
2024-01-01 00:00:05.700,0.003937,-0.050869,9.764513,-0.093996,-0.214032,-0.344918
2024-01-01 00:00:05.710,0.358338,0.224349,9.358255,-0.140272,0.053427,0.270157
2024-01-01 00:00:05.720,0.069881,0.054854,10.542908,-0.122354,0.063767,0.049852
2024-01-01 00:00:05.730,-0.046833,0.033183,9.649341,-0.686325,-0.331755,0.09891
2024-01-01 00:00:05.740,0.177285,-0.21718,9.864295,0.101259,0.151803,0.04515
2024-01-01 00:00:05.750,-0.47263,0.049069,10.205354,-0.211388,-0.222437,0.086065
2024-01-01 00:00:05.760,0.050363,-0.142264,9.601895,-0.402566,0.311836,0.011712
2024-01-01 00:00:05.770,0.164772,-0.109146,9.465309,0.188297,-0.009755,0.040638
2024-01-01 00:00:05.780,-0.316048,-0.139429,9.896778,-0.270504,-0.249279,0.016141
2024-01-01 00:00:05.790,0.244477,-0.182326,9.196768,-0.084667,-0.228397,-0.091289
2024-01-01 00:00:05.800,0.072354,0.363336,9.711536,0.366611,0.069619,-0.006994
2024-01-01 00:00:05.810,0.671232,0.227659,11.983803,-0.352304,-0.07826,0.041039
2024-01-01 00:00:05.820,0.895257,0.328383,11.807676,-0.38315,-0.019331,0.016582
2024-01-01 00:00:05.830,1.245361,-0.209115,11.37214,0.067327,0.322556,-0.221666
2024-01-01 00:00:05.840,0.798874,0.012184,12.445209,0.287372,-0.139849,-0.201748
2024-01-01 00:00:05.850,0.813057,-0.22119,11.93541,-0.393585,0.011993,0.162426
2024-01-01 00:00:05.860,-0.098188,-0.118964,10.299454,0.101922,0.283969,-0.046049
2024-01-01 00:00:05.870,-0.181654,-0.157,9.721068,0.14525,0.054103,0.087709
2024-01-01 00:00:05.880,0.177484,0.211969,9.509036,-0.51479,-0.321321,-0.163818
2024-01-01 00:00:05.890,-0.182988,-0.067755,9.90206,0.199625,0.101078,-0.220972
2024-01-01 00:00:05.900,0.015297,0.182693,9.736201,0.219151,-0.232601,-0.126539
2024-01-01 00:00:05.910,-0.102099,0.103305,9.407206,-0.077946,0.281362,-0.033385
2024-01-01 00:00:05.920,0.102382,0.393922,10.312666,0.313087,-0.164574,-0.099771
2024-01-01 00:00:05.930,0.07132,-0.252985,9.597184,0.284114,0.593902,0.19409
2024-01-01 00:00:05.940,0.221774,0.215329,9.180629,0.025779,0.293475,0.026928
2024-01-01 00:00:05.950,-0.109016,0.196041,10.264233,-0.112861,-0.159323,0.277341
2024-01-01 00:00:05.960,-0.057686,-0.166448,9.63753,-0.243207,0.004003,0.060661
2024-01-01 00:00:05.970,-0.209211,0.17222,9.602124,-0.009391,0.150729,-0.361883
2024-01-01 00:00:05.980,-0.094968,0.057481,9.206237,0.14244,0.156732,0.158406
2024-01-01 00:00:05.990,0.080648,-0.038898,10.405402,-0.081044,0.088467,-0.226433
2024-01-01 00:00:06.000,0.161806,-0.140893,9.368998,-0.549375,0.250432,0.03458
2024-01-01 00:00:06.010,-0.197113,-0.122968,9.82999,0.317178,-0.024594,-0.116203
2024-01-01 00:00:06.020,0.185878,0.350518,10.122116,0.047556,-0.073344,0.321407
2024-01-01 00:00:06.030,0.289768,0.000117,9.954227,-0.094906,-0.069373,0.21594
2024-01-01 00:00:06.040,0.088372,0.133744,9.789598,0.21429,0.171675,-0.111273
2024-01-01 00:00:06.050,0.401165,-0.135244,9.22803,0.38116,0.073036,-0.019104
2024-01-01 00:00:06.060,-0.165397,-0.133355,9.533074,-0.700478,0.058257,0.03669
2024-01-01 00:00:06.070,-0.266045,0.185019,9.874228,0.108566,0.159047,0.129512
2024-01-01 00:00:06.080,-0.380201,-0.230778,9.540786,-0.356662,-0.41021,0.004373
2024-01-01 00:00:06.090,0.319779,-0.071002,9.879549,0.124778,0.062014,-0.153734
2024-01-01 00:00:06.100,0.139871,0.005819,10.043156,0.031982,0.043714,-0.107634
2024-01-01 00:00:06.110,-0.011881,0.019045,10.139176,0.158932,0.333762,-0.000672
2024-01-01 00:00:06.120,0.059843,-0.030625,9.390647,-0.124812,-0.305718,0.185169
2024-01-01 00:00:06.130,-0.240573,0.067685,10.561253,-0.46831,0.311437,0.064176
2024-01-01 00:00:06.140,0.522779,0.118478,10.072478,-0.112592,0.015082,-0.116012
2024-01-01 00:00:06.150,0.027621,0.125623,9.809414,0.101712,0.097798,0.097256
2024-01-01 00:00:06.160,0.023383,-0.168572,10.182622,0.253848,0.335184,-0.058048
2024-01-01 00:00:06.170,0.155133,-0.048591,10.618969,-0.292958,0.112152,0.133561
2024-01-01 00:00:06.180,0.102816,0.204304,9.317958,0.256765,0.080074,0.379052
2024-01-01 00:00:06.190,0.047855,0.152985,9.73296,-0.161968,0.048458,-0.053824
2024-01-01 00:00:06.200,-0.168964,-0.234759,8.996576,0.090612,-0.096696,0.120241
2024-01-01 00:00:06.210,0.100776,0.060103,9.875887,-0.127473,-0.005698,-0.111809
2024-01-01 00:00:06.220,0.402283,-0.338277,9.934965,0.045543,-0.143103,-0.01684
2024-01-01 00:00:06.230,0.287584,0.008026,9.796607,0.222969,-0.008913,0.004434
2024-01-01 00:00:06.240,0.340544,0.324518,9.58615,-0.306754,-0.467186,-0.029053
2024-01-01 00:00:06.250,-0.109272,-0.16209,9.109066,-0.169976,0.085808,0.369452
2024-01-01 00:00:06.260,-0.211528,-0.142669,9.937749,0.046241,-0.024347,-0.045989
2024-01-01 00:00:06.270,-0.026887,0.130649,10.307759,0.600396,-0.067241,0.088028
2024-01-01 00:00:06.280,0.011911,-0.263819,9.607872,-0.215797,0.043952,-0.289513
2024-01-01 00:00:06.290,0.233883,-0.108201,9.9605,0.510033,-0.286713,0.064799
2024-01-01 00:00:06.300,-0.361764,0.101991,9.273695,0.501106,0.385854,0.171308
2024-01-01 00:00:06.310,0.326941,-0.108463,9.966367,-0.024328,-0.020553,-0.07914
2024-01-01 00:00:06.320,-0.033774,-0.040351,9.675463,-0.074538,-0.029169,-0.376533
2024-01-01 00:00:06.330,-0.091246,0.127256,9.549253,-0.173016,-0.193079,-0.005798
2024-01-01 00:00:06.340,-0.216337,0.072084,9.549956,-0.017051,0.004789,0.002578
2024-01-01 00:00:06.350,-0.353726,0.045626,9.675385,-0.35168,0.277392,0.108611
2024-01-01 00:00:06.360,0.175953,-0.05799,9.940792,-0.01906,0.207183,0.301635
2024-01-01 00:00:06.370,0.775672,0.06328,11.45124,0.37422,0.170888,-0.057008
2024-01-01 00:00:06.380,0.484271,-0.021158,11.764187,-0.152771,0.10928,-0.128443
2024-01-01 00:00:06.390,0.483177,0.078285,11.885817,-0.060181,-0.071709,-0.175038
2024-01-01 00:00:06.400,0.688226,-0.084975,11.524129,-0.425285,-0.290033,0.029712
2024-01-01 00:00:06.410,1.116753,-0.031219,12.514459,0.093516,-0.040208,0.071903
2024-01-01 00:00:06.420,-0.055488,-0.169283,9.518105,0.06612,-0.047174,-0.081848
2024-01-01 00:00:06.430,-0.321297,-0.005986,9.581053,0.015926,0.209759,0.116802
2024-01-01 00:00:06.440,-0.052528,-0.138681,9.475419,-0.054207,0.061878,0.069808
2024-01-01 00:00:06.450,-0.058295,-0.190502,10.42508,-0.073189,0.322462,0.006485
2024-01-01 00:00:06.460,-0.57646,0.044231,9.999094,0.125475,0.239498,-0.135362
2024-01-01 00:00:06.470,-0.011606,0.036379,9.489686,-0.007204,-0.091299,-0.07228
2024-01-01 00:00:06.480,-0.049362,0.133871,10.188331,0.078743,-0.359026,-0.364463
2024-01-01 00:00:06.490,0.148814,-0.073722,9.878639,0.053746,0.277115,0.035368
2024-01-01 00:00:06.500,0.395214,0.069777,9.897981,0.280857,0.271877,0.003951
2024-01-01 00:00:06.510,0.240803,0.094186,9.692189,0.169249,-0.273242,0.028272
2024-01-01 00:00:06.520,-0.057475,0.076056,9.5537,0.048215,0.301848,0.075648
2024-01-01 00:00:06.530,-0.23652,-0.141187,9.925516,0.379606,0.076423,0.057873
2024-01-01 00:00:06.540,0.550056,0.025541,9.62358,0.105067,0.032137,-0.016557
2024-01-01 00:00:06.550,0.012658,0.062268,10.43133,0.326241,0.322957,0.0073
2024-01-01 00:00:06.560,0.002977,0.001228,9.375902,0.151736,0.268937,-0.210647
2024-01-01 00:00:06.570,-0.005157,-0.356788,10.335366,-0.46048,0.130266,-0.087558
2024-01-01 00:00:06.580,0.042341,0.027444,9.771929,0.326209,0.094643,0.007571
2024-01-01 00:00:06.590,-0.030857,0.378343,9.912287,0.033794,0.123279,-0.110378
2024-01-01 00:00:06.600,-0.12262,-0.061567,10.09494,-0.012989,-0.080011,0.129023
2024-01-01 00:00:06.610,-0.116891,-0.124501,9.594455,0.070337,-0.01102,-0.098795
2024-01-01 00:00:06.620,-0.007001,0.063843,10.105573,-0.086246,-0.180463,0.032446
2024-01-01 00:00:06.630,-0.116157,0.053417,8.88402,0.056757,-0.066608,0.017485
2024-01-01 00:00:06.640,-0.152371,0.203958,9.563764,-0.147969,-0.073327,0.111942
2024-01-01 00:00:06.650,0.022749,-0.215095,9.493971,0.318568,-0.127061,0.135119
2024-01-01 00:00:06.660,-0.054501,0.125066,9.381301,-0.028397,0.027349,0.104105
2024-01-01 00:00:06.670,0.321479,0.100962,9.736485,-0.095646,-0.064796,-0.315901
2024-01-01 00:00:06.680,-0.566645,-0.024307,9.941926,-0.231231,0.100447,0.179122
2024-01-01 00:00:06.690,0.23331,0.057916,10.05031,0.067194,-0.324464,0.229096
2024-01-01 00:00:06.700,0.266351,0.176037,9.89238,0.046777,-0.022671,-0.072319
2024-01-01 00:00:06.710,-0.443187,0.149166,9.582333,0.097106,0.02631,0.035497
2024-01-01 00:00:06.720,-0.073249,-0.195456,9.936204,-0.256813,-0.062126,-0.133625
2024-01-01 00:00:06.730,-0.079395,0.140247,9.852506,-0.400295,-0.034479,-0.292257
2024-01-01 00:00:06.740,-0.300856,-0.011062,10.130131,0.156398,-0.317049,-0.110807
2024-01-01 00:00:06.750,-0.166258,0.012461,10.075712,0.37116,0.071295,-0.081021
2024-01-01 00:00:06.760,-0.237386,0.012517,9.820423,-0.256588,0.129521,-0.053228
2024-01-01 00:00:06.770,0.374548,-0.025692,9.503139,0.39736,0.098707,-0.143837
2024-01-01 00:00:06.780,0.200001,0.203782,9.586691,0.070978,0.207745,-0.110014
2024-01-01 00:00:06.790,0.271795,-0.014316,9.621972,-0.001766,0.040306,-0.001651
2024-01-01 00:00:06.800,0.154257,-0.191442,9.702179,-0.099387,0.095736,-0.115534
2024-01-01 00:00:06.810,-0.241335,-0.067294,9.901673,-0.34613,0.031218,0.081529
2024-01-01 00:00:06.820,-0.112116,0.030557,10.05459,0.246932,0.13751,0.102249
2024-01-01 00:00:06.830,0.104604,0.210196,9.792517,-0.193902,-0.315446,0.357058
2024-01-01 00:00:06.840,-0.26123,0.103129,9.815515,-0.194952,-0.178716,0.168852
2024-01-01 00:00:06.850,0.152403,-0.145442,9.859011,0.247982,0.31738,0.036465
2024-01-01 00:00:06.860,-0.05137,0.424967,9.63356,-0.470746,-0.492087,-0.09304
2024-01-01 00:00:06.870,-0.080118,0.045277,9.493516,-0.380899,-0.028036,0.044062
2024-01-01 00:00:06.880,0.911968,0.218092,11.29964,-0.004534,0.234455,0.048989
2024-01-01 00:00:06.890,0.854961,-0.025943,11.662259,0.073321,-0.018652,-0.076997
2024-01-01 00:00:06.900,0.682843,0.091204,12.061816,0.121184,-0.081002,0.11756
2024-01-01 00:00:06.910,1.007807,0.143549,11.659604,-0.07545,0.025884,-0.209715
2024-01-01 00:00:06.920,0.528923,0.208311,11.81867,0.632592,-0.070624,-0.03666
2024-01-01 00:00:06.930,0.131656,0.18081,9.96952,-0.056973,0.00617,0.083379
2024-01-01 00:00:06.940,0.126775,0.149146,9.988076,-0.057697,-0.136676,-0.043138
2024-01-01 00:00:06.950,-0.066166,-0.05388,9.4408,-0.199247,0.221735,-0.031013
2024-01-01 00:00:06.960,0.069711,-0.097769,10.150994,0.030977,0.284653,-0.020668
2024-01-01 00:00:06.970,-0.267426,0.056876,10.195554,0.15374,-0.026678,-0.12534
2024-01-01 00:00:06.980,0.197511,0.159565,9.423591,0.300895,-0.277298,0.176085
2024-01-01 00:00:06.990,-0.039523,-0.038085,9.528248,-0.372321,-0.104769,-0.152706
2024-01-01 00:00:07.000,-0.111732,0.182144,10.217353,-0.061499,-0.036798,0.047724
2024-01-01 00:00:07.010,0.224226,0.248397,9.759776,0.111676,0.101108,0.062047
2024-01-01 00:00:07.020,-0.150553,-0.156691,9.050836,0.146764,-0.201603,-0.142293
2024-01-01 00:00:07.030,-0.301059,-0.143113,9.331309,0.001637,-0.153832,0.010966
2024-01-01 00:00:07.040,-0.332729,-0.024004,9.724716,0.135606,0.102135,-0.136445
2024-01-01 00:00:07.050,0.129535,0.052602,9.412239,-0.202241,0.187782,0.208656
2024-01-01 00:00:07.060,-0.273692,-0.089701,9.668609,0.389476,-0.124319,-0.170817
2024-01-01 00:00:07.070,0.375087,0.231227,9.82108,0.248157,-0.266643,-0.098085
2024-01-01 00:00:07.080,-0.445012,0.072515,10.310091,-0.336232,0.656824,-0.183634
2024-01-01 00:00:07.090,0.362618,0.006745,9.710665,-0.268776,0.156661,-0.203655
2024-01-01 00:00:07.100,0.045105,-0.245541,10.176809,-0.26173,-0.053401,0.238682
2024-01-01 00:00:07.110,-0.020672,-0.225005,10.298636,0.169492,0.173806,0.081416
2024-01-01 00:00:07.120,-0.116476,0.048053,10.300534,-0.321182,-0.024891,0.021044
2024-01-01 00:00:07.130,0.085315,-0.364674,9.907386,-0.082756,0.173431,-0.098487
2024-01-01 00:00:07.140,-0.008044,0.173161,9.138555,0.113676,0.031879,0.136142
2024-01-01 00:00:07.150,0.235831,-0.027044,9.967602,-0.016541,0.018254,-0.123633
2024-01-01 00:00:07.160,0.024416,0.554569,10.168553,0.064722,-0.022716,0.119046
2024-01-01 00:00:07.170,0.032127,0.394654,9.782275,-0.266451,-0.289476,-0.130877
2024-01-01 00:00:07.180,-0.077722,-0.031028,10.406648,0.148714,0.387619,-0.096676
2024-01-01 00:00:07.190,-0.012172,-0.018184,10.104063,-0.153303,-0.188307,0.113742
2024-01-01 00:00:07.200,0.065793,0.170244,10.004349,-0.081155,-0.272005,0.129574
2024-01-01 00:00:07.210,-0.365548,0.291243,10.181542,0.059433,-0.042572,0.089621
2024-01-01 00:00:07.220,-0.288175,-0.280103,9.924012,0.02577,-0.192294,-0.157451
2024-01-01 00:00:07.230,0.158873,-0.30547,8.957459,0.005995,-0.010343,-0.067009
2024-01-01 00:00:07.240,0.036522,-0.106368,9.639294,-0.187657,0.137553,0.023535
2024-01-01 00:00:07.250,-0.039326,0.099648,10.219431,-0.074887,0.199061,-0.127392
2024-01-01 00:00:07.260,0.00394,0.084965,9.533804,0.000546,0.162946,0.205644
2024-01-01 00:00:07.270,0.074296,0.182931,9.733572,-0.343771,-0.061126,-0.360292
2024-01-01 00:00:07.280,-0.115374,-0.205148,9.452666,-0.115633,0.009918,-0.116811
2024-01-01 00:00:07.290,-0.166363,-0.396061,10.420102,0.09692,0.081576,-0.076435
2024-01-01 00:00:07.300,0.041862,0.14672,10.38507,-0.319359,-0.351557,-0.426592
2024-01-01 00:00:07.310,-0.209127,-0.141622,9.507717,0.289145,0.114117,-0.209434
2024-01-01 00:00:07.320,0.087264,-0.345161,9.860376,0.317403,-0.29146,0.093793
2024-01-01 00:00:07.330,-0.363927,0.024806,9.577271,-0.311288,0.408069,0.004543
2024-01-01 00:00:07.340,0.219982,0.135633,10.020311,0.339405,-0.080903,0.23597
2024-01-01 00:00:07.350,0.101018,-0.020872,9.984312,-0.035895,-0.036975,0.231784
2024-01-01 00:00:07.360,0.054726,-0.078292,10.087603,0.104629,-0.153941,0.064957
2024-01-01 00:00:07.370,0.21005,-0.027251,9.923516,-0.124163,-0.125994,0.046986
2024-01-01 00:00:07.380,0.355995,-0.06337,10.813909,0.230761,0.454819,0.00989
2024-01-01 00:00:07.390,0.216822,-0.230516,9.45845,0.101524,0.188074,-0.398262
2024-01-01 00:00:07.400,-0.393487,-0.12221,9.224974,-0.203538,-0.30984,-0.209184
2024-01-01 00:00:07.410,-0.27351,0.089139,9.675563,-0.2913,0.300843,0.015101
2024-01-01 00:00:07.420,-0.133555,0.055007,9.273748,-0.365076,0.238648,0.092404
2024-01-01 00:00:07.430,0.005577,0.028738,9.299578,0.046985,-0.056242,0.04345
2024-01-01 00:00:07.440,0.87065,-0.17017,11.55755,0.143118,0.061339,-0.13387
2024-01-01 00:00:07.450,0.604872,-0.031037,11.584611,0.162741,-0.002989,0.140611
2024-01-01 00:00:07.460,0.799921,-0.372278,11.573521,-0.029495,0.394516,0.222367
2024-01-01 00:00:07.470,0.598537,0.03052,12.077231,-0.289249,-0.159258,0.140698
2024-01-01 00:00:07.480,0.629288,0.244335,11.726883,-0.170519,0.029202,0.14844
2024-01-01 00:00:07.490,-0.300674,-0.252077,9.748606,0.288087,-0.085629,-0.083884
2024-01-01 00:00:07.500,-0.197341,-0.100194,10.115828,-0.121157,-0.286608,0.16139
2024-01-01 00:00:07.510,-0.288923,0.056277,9.547918,0.035854,0.438328,0.021864
2024-01-01 00:00:07.520,-0.208593,0.214236,9.719525,-0.268913,-0.236313,0.076733
2024-01-01 00:00:07.530,0.225216,-0.076646,9.93509,0.084146,0.044026,0.054815
2024-01-01 00:00:07.540,-0.202934,-0.118375,9.145984,-0.114421,-0.34814,-0.018223
2024-01-01 00:00:07.550,0.562672,-0.336686,8.994362,0.261678,-0.079814,-0.129
2024-01-01 00:00:07.560,0.105447,0.017688,9.928372,0.193389,0.084394,-0.01232
2024-01-01 00:00:07.570,0.039509,0.349195,9.978269,-0.123926,-0.164947,0.148014
2024-01-01 00:00:07.580,-0.183474,0.047428,10.515963,-0.031666,0.11736,-0.066221
2024-01-01 00:00:07.590,0.149691,-0.00381,9.864068,-0.137779,-0.053808,0.134002
2024-01-01 00:00:07.600,-0.123043,0.055076,10.090351,-0.354858,0.232017,0.110561
2024-01-01 00:00:07.610,0.02608,-0.001897,9.743148,-0.214361,0.272352,-0.044841
2024-01-01 00:00:07.620,0.547218,-0.139025,9.911652,0.049554,-0.117349,0.20832
2024-01-01 00:00:07.630,-0.020533,0.140781,10.380202,0.081315,0.015347,-0.053332
2024-01-01 00:00:07.640,0.245657,0.038605,9.083594,0.037137,0.036691,0.226432
2024-01-01 00:00:07.650,-0.150304,0.003012,9.951457,-0.075433,0.12387,0.065119
2024-01-01 00:00:07.660,-0.007479,-0.166788,10.540371,0.233267,0.002876,-0.00238
2024-01-01 00:00:07.670,0.378509,0.2229,9.906456,0.015885,0.038042,-0.13317
2024-01-01 00:00:07.680,-0.134014,0.113664,10.374496,0.175813,-0.048681,-0.013239
2024-01-01 00:00:07.690,0.387411,-0.094549,9.594809,-0.443444,0.023048,-0.030564
2024-01-01 00:00:07.700,0.151282,0.171312,9.79904,-0.9806,0.259588,-0.188744
2024-01-01 00:00:07.710,-0.120227,-0.085085,9.821465,0.070947,0.129217,-0.032642
2024-01-01 00:00:07.720,0.135177,-0.133723,9.051584,-0.356191,0.140251,-0.12057
2024-01-01 00:00:07.730,0.207884,-0.129909,9.410483,-0.053113,0.144614,0.087899
2024-01-01 00:00:07.740,0.132912,-0.302853,9.434869,-0.075524,-0.030762,0.195942
2024-01-01 00:00:07.750,-0.335636,0.080634,10.091147,0.39685,0.063765,-0.184037
2024-01-01 00:00:07.760,-0.155426,-0.313126,10.108276,0.099999,-0.217035,0.256846
2024-01-01 00:00:07.770,-0.052907,-0.210064,9.92082,0.041465,0.253762,-0.019283
2024-01-01 00:00:07.780,-0.01591,-0.354926,10.091843,0.209248,-0.556592,-0.146253
2024-01-01 00:00:07.790,0.132669,-0.014718,9.753861,0.092124,-0.01743,0.113663
2024-01-01 00:00:07.800,0.037984,-0.025705,10.221061,-0.114419,0.228179,-0.066968
2024-01-01 00:00:07.810,-0.28543,-0.055865,9.813006,0.267869,-0.272774,-0.012261
2024-01-01 00:00:07.820,0.081267,-0.178281,9.82979,-0.277438,0.079956,-0.060642
2024-01-01 00:00:07.830,0.130513,-0.200452,9.719167,0.080812,-0.136153,-0.122511
2024-01-01 00:00:07.840,0.119655,0.079407,10.044082,-0.386892,-0.073761,0.1086
2024-01-01 00:00:07.850,0.231017,-0.094144,9.66595,0.050986,0.189188,-0.042945
2024-01-01 00:00:07.860,0.178251,0.054097,10.14394,0.048247,0.039611,-0.215498
2024-01-01 00:00:07.870,0.09815,-0.151378,9.422805,0.419114,-0.406871,0.082659
2024-01-01 00:00:07.880,-0.014998,0.030962,9.434171,-0.391243,-0.195285,-0.180837
2024-01-01 00:00:07.890,-0.35503,0.222861,10.0451,-0.150222,0.195067,-0.172989
2024-01-01 00:00:07.900,0.091831,0.100234,9.779718,0.205671,0.089789,0.178891
2024-01-01 00:00:07.910,0.044393,-0.070523,9.654769,0.083829,0.349627,-0.179451
2024-01-01 00:00:07.920,0.05805,0.043981,10.1144,0.045076,0.33653,-0.347467
2024-01-01 00:00:07.930,-0.272905,-0.041154,9.602317,-0.239034,-0.068449,0.093429
2024-01-01 00:00:07.940,0.528924,0.001348,11.831531,-0.147705,0.500648,-0.04558
2024-01-01 00:00:07.950,0.985111,-0.055679,12.378536,0.31126,0.004896,-0.032648
2024-01-01 00:00:07.960,0.751545,-0.028101,12.426387,-0.012877,-0.192534,-0.047175
2024-01-01 00:00:07.970,0.905671,0.036268,12.43776,0.09384,-0.126728,0.03475
2024-01-01 00:00:07.980,0.766053,-0.169864,11.803513,-0.028797,-0.451345,-0.112908
2024-01-01 00:00:07.990,0.00636,-0.173715,10.2309,-0.295771,0.321404,0.221417
2024-01-01 00:00:08.000,0.200558,-0.237441,9.485458,0.233453,0.318952,-0.221435
2024-01-01 00:00:08.010,-0.110305,-0.273646,9.499839,0.125808,-0.203101,0.066731
2024-01-01 00:00:08.020,0.020546,-0.208155,9.006144,0.576409,-0.045577,0.096318
2024-01-01 00:00:08.030,-0.098811,0.027268,10.382121,-0.253895,0.019122,-0.113948
2024-01-01 00:00:08.040,-0.092874,-0.152667,9.514519,0.205643,-0.192071,-0.15356
2024-01-01 00:00:08.050,-0.066086,0.087828,9.766726,-0.327886,-0.35102,0.152576
2024-01-01 00:00:08.060,0.047481,0.005936,9.498669,0.039337,-0.042072,-0.148629
2024-01-01 00:00:08.070,-0.102333,-0.336614,10.047747,0.244127,-0.064216,-0.091
2024-01-01 00:00:08.080,0.268418,0.112001,9.681533,-0.518034,-0.077682,0.133096
2024-01-01 00:00:08.090,-0.191222,0.138647,9.363753,-0.051233,0.044543,0.005211
2024-01-01 00:00:08.100,-0.039944,-0.169951,9.961049,-0.140802,0.285904,-0.269572
2024-01-01 00:00:08.110,-0.093993,0.071853,9.319664,-0.175489,-0.060619,0.262059
2024-01-01 00:00:08.120,0.309292,-0.146461,9.523607,0.096303,0.034089,-0.079502
2024-01-01 00:00:08.130,0.042014,0.016702,9.089444,0.280171,0.145374,-0.060414
2024-01-01 00:00:08.140,0.220557,-0.216229,9.323006,-0.03332,0.110829,0.038368
2024-01-01 00:00:08.150,-0.317539,-0.306621,9.871057,0.051372,-0.122885,0.093762
2024-01-01 00:00:08.160,0.057082,-0.065462,9.138129,0.028577,0.019275,0.294166
2024-01-01 00:00:08.170,0.190159,-0.021158,9.303448,0.000451,0.109508,-0.24901
2024-01-01 00:00:08.180,0.017588,-0.068003,9.80919,-0.272336,-0.22567,0.123893
2024-01-01 00:00:08.190,0.227746,-0.202469,9.624086,0.277111,0.252708,0.111451
2024-01-01 00:00:08.200,-0.11057,-0.068383,10.491277,0.073799,0.286318,-0.020575
2024-01-01 00:00:08.210,0.301248,0.046049,10.437193,0.09872,-0.144556,0.118091
2024-01-01 00:00:08.220,0.491389,-0.007677,9.513171,-0.201627,0.038734,0.140141
2024-01-01 00:00:08.230,-0.077557,0.031208,10.000541,-0.114805,0.128456,-0.207294
2024-01-01 00:00:08.240,-0.095226,-0.11459,10.066255,-0.044034,-0.109123,0.262465
2024-01-01 00:00:08.250,0.310661,0.200364,9.605662,-0.383531,0.096323,-0.233814
2024-01-01 00:00:08.260,0.337634,-0.201126,9.298525,-0.422009,0.032651,-0.170297
2024-01-01 00:00:08.270,-0.111761,0.083373,9.805794,-0.150187,-0.293584,-0.039268
2024-01-01 00:00:08.280,-0.089815,0.202103,9.750887,0.13063,0.091832,0.288741
2024-01-01 00:00:08.290,-0.060231,0.082235,9.660969,-0.163284,-0.220028,-0.046238
2024-01-01 00:00:08.300,-0.287376,-0.034632,9.961272,-0.254701,0.187841,-0.00479
2024-01-01 00:00:08.310,-0.196362,-0.090339,9.55325,-0.203671,-0.134242,0.214812
2024-01-01 00:00:08.320,-0.214635,0.177171,9.416017,-0.113836,-0.032257,-0.045048
2024-01-01 00:00:08.330,-0.164117,-0.243329,9.847306,-0.088465,0.274456,-0.176766
2024-01-01 00:00:08.340,-0.007414,-0.165891,9.942002,0.54138,0.099276,-0.062585
2024-01-01 00:00:08.350,0.050063,-0.067982,9.407587,0.263655,-0.215895,0.205619
2024-01-01 00:00:08.360,0.331419,0.211639,10.127407,0.256194,-0.202983,0.01063
2024-01-01 00:00:08.370,-0.213398,0.06494,9.204495,0.292145,-0.119861,0.289599
2024-01-01 00:00:08.380,0.210399,-0.165536,9.612285,-0.249705,0.078929,0.11069
2024-01-01 00:00:08.390,-0.04574,-0.053063,9.721761,-0.305591,0.07166,-0.096721
2024-01-01 00:00:08.400,-0.010573,-0.105049,9.592411,-0.276718,-0.16862,0.007661
2024-01-01 00:00:08.410,0.144243,-0.121374,9.616749,0.333627,-0.233442,-0.127983
2024-01-01 00:00:08.420,-0.239982,0.16739,10.449907,-0.136798,0.056317,-0.100265
2024-01-01 00:00:08.430,0.08174,-0.234568,9.518998,-0.312839,-0.036372,0.671863
2024-01-01 00:00:08.440,0.035579,0.275102,10.644898,-0.107749,0.431443,0.152794
2024-01-01 00:00:08.450,0.105261,0.141627,9.959497,-0.059651,0.007321,0.129165
2024-01-01 00:00:08.460,0.06181,0.186537,9.841483,0.067103,0.362851,-0.093477
2024-01-01 00:00:08.470,0.52482,-0.079163,9.972874,0.062738,-0.234077,0.235438
2024-01-01 00:00:08.480,-0.136317,-0.02564,10.675235,-0.207045,-0.314643,0.164912
2024-01-01 00:00:08.490,-0.113501,-0.245069,9.470191,0.171414,-0.224017,0.282243
2024-01-01 00:00:08.500,-0.133196,-0.089717,9.426817,-0.159798,0.237826,0.274967
2024-01-01 00:00:08.510,0.641267,0.084415,11.641836,-0.039069,0.35122,-0.221863
2024-01-01 00:00:08.520,0.623759,0.221627,11.910993,0.171694,-0.156436,-0.166476
2024-01-01 00:00:08.530,1.014152,-0.189324,11.309786,-0.160455,-0.092113,-0.150568
2024-01-01 00:00:08.540,1.063633,-0.062502,11.90764,-0.142338,-0.233796,-0.141591
2024-01-01 00:00:08.550,0.638003,-0.025872,12.479193,0.147917,-0.362328,0.048518
2024-01-01 00:00:08.560,-0.177916,-0.23868,9.861781,-0.214433,0.143682,-0.085021
2024-01-01 00:00:08.570,0.100765,0.101121,9.709902,-0.096198,0.044604,0.31089
2024-01-01 00:00:08.580,-0.118038,-0.123802,9.598589,0.138936,0.002098,0.285702
2024-01-01 00:00:08.590,0.135289,-0.033412,10.117291,0.513523,-0.280011,-0.000969
2024-01-01 00:00:08.600,0.043375,-0.077283,9.527565,0.151351,0.327991,0.293299
2024-01-01 00:00:08.610,-0.32399,-0.134977,10.441467,0.11816,-0.100671,0.22322
2024-01-01 00:00:08.620,0.330779,-0.001205,10.471209,0.1327,0.106725,-0.067606
2024-01-01 00:00:08.630,0.383869,-0.036869,9.897809,-0.268298,-0.290912,-0.301382
2024-01-01 00:00:08.640,-0.130984,-0.063588,9.806062,0.028899,-0.038105,-0.032695
2024-01-01 00:00:08.650,-0.082871,-0.124567,10.162486,-0.007442,0.058275,-0.096693
2024-01-01 00:00:08.660,0.061104,0.054639,10.184421,0.080396,0.065415,0.030976
2024-01-01 00:00:08.670,0.07149,0.282769,9.534351,0.029127,0.03093,0.013384
2024-01-01 00:00:08.680,0.140764,0.023921,9.629918,0.094925,0.098904,0.009453
2024-01-01 00:00:08.690,0.429681,0.170336,9.357757,-0.077867,-0.226104,0.078553
2024-01-01 00:00:08.700,-0.037822,-0.237728,9.9499,0.014652,0.039475,-0.181878
2024-01-01 00:00:08.710,-0.170636,0.026977,10.037987,-0.306957,0.022752,0.061704
2024-01-01 00:00:08.720,-0.294829,-0.18765,9.348325,-0.079977,0.046335,-0.065942
2024-01-01 00:00:08.730,-0.156236,-0.252554,9.654322,0.347708,0.014469,0.029997
2024-01-01 00:00:08.740,-0.007081,-0.126433,9.349239,0.079702,-0.254643,0.143611
2024-01-01 00:00:08.750,0.383587,0.203815,9.50261,-0.00523,-0.26356,-0.18366
2024-01-01 00:00:08.760,-0.110639,0.162453,9.998448,0.474031,-0.442854,-0.042194
2024-01-01 00:00:08.770,0.047835,0.041554,9.559149,-0.340209,0.163507,-0.01778
2024-01-01 00:00:08.780,-0.00351,-0.262092,9.707118,-0.277364,0.165532,-0.07714
2024-01-01 00:00:08.790,0.254019,-0.033564,9.253459,0.428178,0.16871,0.134974
2024-01-01 00:00:08.800,0.540132,0.051591,9.873951,0.01149,0.061358,-0.108058
2024-01-01 00:00:08.810,-0.113473,0.030017,9.794859,-0.060646,-0.426624,-0.08331
2024-01-01 00:00:08.820,-0.104618,-0.315289,9.560696,-0.299801,-0.205342,-0.106488
2024-01-01 00:00:08.830,0.223189,-0.152244,9.745357,0.111924,0.034083,0.163808
2024-01-01 00:00:08.840,0.145754,-0.010957,9.871661,0.136115,0.027104,-0.073867
2024-01-01 00:00:08.850,0.394734,0.091706,9.531315,-0.273624,-0.04455,0.069007
2024-01-01 00:00:08.860,0.124815,-0.375538,9.305118,-0.035069,0.073783,0.296356
2024-01-01 00:00:08.870,-0.076799,-0.027723,10.427506,-0.083879,0.00233,-0.011223
2024-01-01 00:00:08.880,0.126252,0.024461,9.593421,0.063994,0.024154,0.166809
2024-01-01 00:00:08.890,0.236985,0.145284,9.776908,-0.279813,-0.127813,0.250703
2024-01-01 00:00:08.900,0.175378,0.118479,10.155707,0.312987,0.196402,0.154079
2024-01-01 00:00:08.910,0.10843,0.09962,11.016937,0.228956,-0.086154,-0.00252
2024-01-01 00:00:08.920,0.228002,-0.13679,9.384386,-0.090794,-0.26613,0.096316
2024-01-01 00:00:08.930,0.249937,-0.326268,9.963841,-0.054105,-0.1542,-0.193107
2024-01-01 00:00:08.940,0.295436,-0.067212,9.568017,-0.034106,-0.069693,-0.117006
2024-01-01 00:00:08.950,0.138662,0.171279,9.625734,-0.194577,0.198801,-0.090701
2024-01-01 00:00:08.960,-0.035721,0.238281,9.563687,-0.110857,-0.008454,0.336092
2024-01-01 00:00:08.970,0.03136,0.121504,9.425026,-0.067568,-0.03723,-0.121888
2024-01-01 00:00:08.980,0.257891,0.073417,9.795878,0.403217,-0.249733,-0.124122
2024-01-01 00:00:08.990,-0.17462,0.064918,9.30572,0.236655,0.157097,-0.156588
2024-01-01 00:00:09.000,0.078804,-0.095096,10.133808,0.233664,-0.13039,0.083972
2024-01-01 00:00:09.010,0.675924,-0.02224,11.918811,0.092481,-0.020006,0.021393
2024-01-01 00:00:09.020,0.766144,0.285411,12.044473,-0.279332,0.296037,0.163014
2024-01-01 00:00:09.030,1.033269,-0.161177,11.740563,-0.010373,0.101753,0.100689
2024-01-01 00:00:09.040,0.800847,0.276127,11.774416,0.242622,-0.325651,-0.207058
2024-01-01 00:00:09.050,0.769926,-0.055067,11.998347,-0.314566,-0.353902,-0.121092
2024-01-01 00:00:09.060,-0.290669,0.226649,9.411895,0.159138,-0.012862,0.204799
2024-01-01 00:00:09.070,0.159512,-0.240565,9.687567,0.580652,-0.242548,-0.030495
2024-01-01 00:00:09.080,0.137972,0.10019,9.516012,0.265454,0.129709,0.178139
2024-01-01 00:00:09.090,0.462396,-0.125988,9.505425,0.353507,0.008453,-0.022452
2024-01-01 00:00:09.100,-0.065788,-0.242011,9.088435,0.054585,0.033077,-0.145148
2024-01-01 00:00:09.110,0.046843,0.037369,10.26805,0.241983,-0.141349,-0.045489
2024-01-01 00:00:09.120,0.053306,0.17262,9.575204,-0.179463,0.348277,-0.145207
2024-01-01 00:00:09.130,0.337181,-0.144485,10.207875,0.198966,0.568519,-0.084833
2024-01-01 00:00:09.140,-0.020369,-0.256332,10.175527,0.163597,-0.055717,0.030139
2024-01-01 00:00:09.150,0.059641,-0.015705,9.370188,0.072478,0.070608,0.076741
2024-01-01 00:00:09.160,0.129938,-0.014951,9.437763,0.329002,0.019483,-0.238529
2024-01-01 00:00:09.170,0.039888,0.093763,10.685692,-0.134696,-0.051937,-0.002605
2024-01-01 00:00:09.180,-0.095425,0.162381,10.408817,-0.046764,-0.166414,-0.087992
2024-01-01 00:00:09.190,0.041487,-0.01016,9.799221,0.023866,-0.216994,-0.097262
2024-01-01 00:00:09.200,0.229489,0.317291,9.898022,-0.257403,-0.227119,0.019903
2024-01-01 00:00:09.210,-0.219418,0.038344,9.594251,0.056733,0.081048,-0.082568
2024-01-01 00:00:09.220,0.028422,-0.059239,9.957865,-0.429733,-0.103935,0.207321
2024-01-01 00:00:09.230,-0.149651,-0.275578,9.564724,0.261739,-0.515659,0.178209
2024-01-01 00:00:09.240,0.255441,-0.044915,9.114935,0.011659,0.088972,0.177274
2024-01-01 00:00:09.250,-0.325581,-0.057522,9.358028,-0.130223,-0.007652,-0.074237
2024-01-01 00:00:09.260,-0.11947,0.164212,9.817214,-0.208593,0.269335,-0.144375
2024-01-01 00:00:09.270,0.080629,0.079085,9.423175,-0.058645,0.074624,0.012304
2024-01-01 00:00:09.280,0.334631,-0.201672,9.786991,0.172065,-0.295735,-0.022552
2024-01-01 00:00:09.290,-0.014054,0.029456,9.442466,0.136935,-0.445935,-0.091323
2024-01-01 00:00:09.300,-0.118674,0.114832,9.542435,-0.176384,-0.143894,-0.17636
2024-01-01 00:00:09.310,0.402097,0.261293,10.101783,-0.21151,-0.125021,-0.006228
2024-01-01 00:00:09.320,-0.309513,0.151763,9.894638,0.164225,0.188632,-0.06061
2024-01-01 00:00:09.330,-0.469995,0.130105,9.806695,-0.180587,-0.001774,0.103252
2024-01-01 00:00:09.340,0.094053,0.010275,10.110606,0.014977,0.226738,0.099766
2024-01-01 00:00:09.350,-0.107314,0.066401,9.974368,0.030939,-0.264967,0.16512
2024-01-01 00:00:09.360,-0.218289,0.213665,10.304725,0.078016,0.193053,-0.188894
2024-01-01 00:00:09.370,0.151411,-0.227905,9.652728,0.214568,0.144198,0.060159
2024-01-01 00:00:09.380,0.052112,-0.059754,9.663065,-0.315741,-0.403647,-0.10912
2024-01-01 00:00:09.390,-0.120572,-0.132109,9.365021,-0.47779,0.264524,-0.183062
2024-01-01 00:00:09.400,-0.273665,0.064835,9.663289,-0.141862,0.018692,-0.06429
2024-01-01 00:00:09.410,0.186488,0.210368,10.139951,0.450382,0.078409,0.160306
2024-01-01 00:00:09.420,0.138981,-0.102083,10.254596,0.505544,-0.172979,-0.055848
2024-01-01 00:00:09.430,-0.021199,-0.408742,10.138424,0.457794,0.255049,0.234818
2024-01-01 00:00:09.440,0.394719,-0.07049,9.196386,-0.048245,-0.23717,0.082332
2024-01-01 00:00:09.450,-0.228731,0.156204,10.180436,-0.445529,0.166418,-0.059114
2024-01-01 00:00:09.460,-0.326081,0.091935,9.181227,-0.58576,0.164121,0.174007
2024-01-01 00:00:09.470,-0.147895,0.07322,10.117156,-0.15351,-0.194833,0.06681
2024-01-01 00:00:09.480,-0.009744,-0.047879,9.684218,-0.049518,0.396675,-0.139884
2024-01-01 00:00:09.490,0.052014,-0.218714,10.050266,0.325156,0.046306,0.27882
2024-01-01 00:00:09.500,-0.051564,0.088115,9.354303,0.216951,0.130779,0.038922
2024-01-01 00:00:09.510,0.075252,-0.142662,10.210539,0.056851,-0.305424,0.002819
2024-01-01 00:00:09.520,-0.267517,0.373481,9.308979,-0.222461,0.423546,-0.12833
2024-01-01 00:00:09.530,0.308605,0.097557,9.581388,-0.240195,-0.244911,0.176931
2024-01-01 00:00:09.540,-0.01756,-0.099291,9.468652,0.063532,0.204977,0.077591
2024-01-01 00:00:09.550,0.238822,-0.104547,9.210035,0.174263,-0.198954,0.094386
2024-01-01 00:00:09.560,0.073258,-0.015893,9.842328,0.09797,-0.123798,-0.07613
2024-01-01 00:00:09.570,0.857631,-0.040955,12.517682,-0.258649,0.157751,0.125115
2024-01-01 00:00:09.580,0.881788,0.190979,12.812082,0.162667,0.205511,0.136772
2024-01-01 00:00:09.590,0.855698,0.031877,11.933227,0.106478,-0.254257,-0.100317
2024-01-01 00:00:09.600,0.897382,-0.125109,12.281905,-0.267667,0.218094,-0.212549
2024-01-01 00:00:09.610,1.044106,0.323265,11.979376,-0.19608,0.208996,0.087206
2024-01-01 00:00:09.620,0.042006,0.008432,9.980618,0.172124,-0.187591,-0.236002
2024-01-01 00:00:09.630,0.15155,0.131472,9.692985,-0.058627,0.31973,0.022802
2024-01-01 00:00:09.640,-0.019181,-0.104007,9.876716,0.397287,-0.291372,-0.067087
2024-01-01 00:00:09.650,0.307825,0.062093,9.993818,0.125282,-0.124955,0.1828
2024-01-01 00:00:09.660,-0.144579,0.0532,9.612167,-0.121658,0.095801,-0.058927
2024-01-01 00:00:09.670,0.384951,-0.32313,9.783497,-0.002551,-0.170713,0.166091
2024-01-01 00:00:09.680,-0.008584,0.344612,9.790017,0.015846,0.052764,-0.077131
2024-01-01 00:00:09.690,-0.305828,0.2207,10.09263,-0.182098,0.048215,0.149999
2024-01-01 00:00:09.700,0.027382,-0.06792,9.445417,-0.228147,-0.037415,0.309051
2024-01-01 00:00:09.710,-0.145575,-0.188488,9.792373,0.175347,0.16648,-0.160207
2024-01-01 00:00:09.720,0.179688,0.059433,10.463906,0.211318,-0.045672,0.043805
2024-01-01 00:00:09.730,-0.139498,0.014825,10.208109,0.150945,0.046308,0.412317
2024-01-01 00:00:09.740,-0.095372,0.060819,10.271419,0.37883,0.229294,0.009988
2024-01-01 00:00:09.750,-0.403889,0.03276,9.818356,-0.135443,0.158137,0.009268
2024-01-01 00:00:09.760,-0.09668,0.086567,9.919781,0.418568,0.157203,0.118275
2024-01-01 00:00:09.770,-0.518104,0.247489,10.152765,-0.22523,-0.229836,0.006162
2024-01-01 00:00:09.780,-0.338559,0.097146,10.343607,-0.253171,0.104959,-0.256084
2024-01-01 00:00:09.790,0.162539,-0.179491,9.142552,-0.43999,-0.1757,0.169843
2024-01-01 00:00:09.800,0.167965,0.232998,9.360119,-0.111449,-0.256283,-0.300442
2024-01-01 00:00:09.810,0.090942,0.280545,10.25783,-0.125931,-0.014341,-0.062519
2024-01-01 00:00:09.820,-0.206691,0.539002,9.715304,0.131484,-0.180859,0.181114
2024-01-01 00:00:09.830,-0.010198,-0.192117,9.580271,0.060973,0.158124,-0.053481
2024-01-01 00:00:09.840,-0.00077,0.041533,9.381077,-0.298243,0.162907,-0.104054
2024-01-01 00:00:09.850,-0.2476,-0.356039,9.620184,-0.098182,-0.380525,0.13189
2024-01-01 00:00:09.860,0.321351,0.094589,9.33039,-0.092866,-0.165661,-0.127667
2024-01-01 00:00:09.870,0.187536,-0.093742,10.525154,-0.443996,-0.291957,-0.183334
2024-01-01 00:00:09.880,-0.047231,0.328909,9.802327,-0.245237,-0.092526,0.041177
2024-01-01 00:00:09.890,0.005747,-0.132459,9.790181,-0.192703,0.091035,-0.027438
2024-01-01 00:00:09.900,0.044542,-0.28885,10.011122,0.358406,-0.048458,-0.186551
2024-01-01 00:00:09.910,-0.436421,-0.080586,10.139122,0.047863,-0.117952,0.095543
2024-01-01 00:00:09.920,-0.052834,-0.337808,10.133494,0.165542,0.260035,0.069673
2024-01-01 00:00:09.930,-0.145774,0.128438,10.177179,-0.374659,-0.460971,-0.053963
2024-01-01 00:00:09.940,-0.214096,-0.353129,9.594251,0.298554,0.247374,-0.0437
2024-01-01 00:00:09.950,-0.060085,0.004866,9.70813,0.325276,-0.108858,0.070559
2024-01-01 00:00:09.960,0.384255,-0.355306,10.073009,-0.499586,-0.015622,0.178554
2024-01-01 00:00:09.970,0.13698,-0.054771,9.629633,-0.176329,-0.105473,-0.042419
2024-01-01 00:00:09.980,-0.12209,0.281018,9.808254,0.123941,0.308578,0.098203
2024-01-01 00:00:09.990,0.12239,0.061671,9.946377,0.161097,-0.246196,0.08478
2024-01-01 00:00:10.000,0.299112,-0.147657,10.078533,-0.169624,0.002347,0.131896
2024-01-01 00:00:10.010,0.19764,-0.005336,9.202033,-0.076375,0.105488,0.005896
2024-01-01 00:00:10.020,0.012746,0.003081,10.054443,-0.149345,-0.322201,-0.136849
2024-01-01 00:00:10.030,-0.138283,0.08082,9.730066,0.027605,-0.18398,-0.069375
2024-01-01 00:00:10.040,0.149245,-0.233733,10.051951,0.299295,-0.029636,0.051428
2024-01-01 00:00:10.050,0.084108,0.101329,10.075711,-0.192761,-0.177333,0.27277
2024-01-01 00:00:10.060,0.191348,-0.462451,10.359907,0.250205,-0.163118,-0.072603
2024-01-01 00:00:10.070,0.135768,-0.10771,10.272881,-0.195418,-0.069973,0.120718
2024-01-01 00:00:10.080,0.984342,-0.083495,12.360528,-0.211907,0.129916,-0.049208
2024-01-01 00:00:10.090,0.645593,0.108299,12.393735,0.204649,-0.068544,0.01657
2024-01-01 00:00:10.100,1.041593,0.00387,11.999652,0.230484,0.215685,0.22731
2024-01-01 00:00:10.110,0.802237,-0.240351,11.911007,0.212852,-0.199552,0.114644
2024-01-01 00:00:10.120,1.203587,-0.168434,12.198503,-0.328949,-0.250384,-0.186195
2024-01-01 00:00:10.130,-0.147314,0.033974,10.060372,-0.116488,0.385269,-0.085871
2024-01-01 00:00:10.140,0.371062,-0.013521,9.704299,0.205747,-0.131592,0.188433
2024-01-01 00:00:10.150,0.042303,-0.09903,9.94845,0.010385,-0.262182,0.021282
2024-01-01 00:00:10.160,-0.139241,-0.082223,9.797997,-0.268423,-0.348411,-0.172326
2024-01-01 00:00:10.170,-0.103431,0.119045,9.517955,0.114579,0.215021,-0.122843
2024-01-01 00:00:10.180,-0.068474,-0.088525,10.251338,-0.178702,-0.068261,0.105524
2024-01-01 00:00:10.190,0.090665,-0.015064,9.828878,0.448631,-0.050742,0.149162
2024-01-01 00:00:10.200,0.111756,0.371059,10.510658,0.38621,-0.03184,0.002678
2024-01-01 00:00:10.210,-0.122628,-0.24345,9.254082,0.151024,0.202589,0.371297
2024-01-01 00:00:10.220,-0.005206,-0.316665,9.619582,0.340252,-0.035906,0.123623
2024-01-01 00:00:10.230,0.45791,0.133994,9.821162,0.016198,0.468811,-0.036522
2024-01-01 00:00:10.240,0.369262,-0.116048,10.198984,0.191359,0.026752,-0.122356
2024-01-01 00:00:10.250,0.093264,-0.054419,9.946619,0.36943,0.212357,-0.146233
2024-01-01 00:00:10.260,0.008123,-0.133578,9.916182,0.061375,0.161048,0.050313
2024-01-01 00:00:10.270,0.025657,-0.044426,9.424476,-0.063797,-0.007289,-0.073317
2024-01-01 00:00:10.280,0.131139,0.27335,9.414326,-0.426155,-0.117394,0.251062
2024-01-01 00:00:10.290,-0.218622,0.137164,9.920297,-0.020783,0.066393,0.219947
2024-01-01 00:00:10.300,-0.055014,0.14744,9.343476,0.205856,0.10202,0.09496
2024-01-01 00:00:10.310,-0.35666,-0.242175,9.628098,0.236408,-0.114517,-0.176849
2024-01-01 00:00:10.320,0.085334,-0.196847,9.981314,0.126091,0.033268,-0.100833
2024-01-01 00:00:10.330,0.138338,-0.485482,9.474045,-0.135325,0.247241,0.188352
2024-01-01 00:00:10.340,-0.103281,-0.138404,10.359032,-0.494205,0.41399,-0.08446
2024-01-01 00:00:10.350,0.33644,0.163596,10.228586,-0.123804,0.170874,0.168321
2024-01-01 00:00:10.360,-0.262007,0.088398,9.272574,-0.076086,0.372552,0.071191
2024-01-01 00:00:10.370,-0.31301,-0.037879,9.491129,-0.078232,-0.125875,0.007758
2024-01-01 00:00:10.380,0.047977,-0.003813,9.028264,0.154639,0.140376,-0.105425
2024-01-01 00:00:10.390,0.223817,-0.117799,9.542354,0.496419,0.267704,-0.014137
2024-01-01 00:00:10.400,0.35994,0.035014,10.072105,0.030882,-0.179267,0.028447
2024-01-01 00:00:10.410,-0.098087,0.130965,9.668448,-0.054183,-0.097118,0.154881
2024-01-01 00:00:10.420,0.230568,-0.276317,9.967593,-0.064805,0.347581,-0.13286
2024-01-01 00:00:10.430,-0.008231,0.05124,9.289362,0.031096,-0.19502,-0.039423
2024-01-01 00:00:10.440,-0.036899,0.159446,10.082908,-0.207073,-0.268226,0.006723
2024-01-01 00:00:10.450,0.188882,-0.070982,9.620153,0.03005,0.305596,0.099402
2024-01-01 00:00:10.460,0.139434,0.11982,9.814162,0.112703,0.239353,-0.13627
2024-01-01 00:00:10.470,-0.336954,0.481306,9.778237,0.052422,0.086424,-0.197485
2024-01-01 00:00:10.480,0.31561,-0.017843,9.37513,0.114385,-0.009142,0.101095
2024-01-01 00:00:10.490,0.294995,0.067256,9.415645,0.108437,-0.087705,-0.227692
2024-01-01 00:00:10.500,-0.133714,-0.126208,10.140986,-0.442974,0.05639,0.192747
2024-01-01 00:00:10.510,0.084603,0.030994,9.946455,0.159218,0.315961,-0.023389
2024-01-01 00:00:10.520,0.105599,0.078706,10.169117,-0.167754,0.047713,-0.23213
2024-01-01 00:00:10.530,0.055719,0.033318,9.921033,-0.27396,0.433392,-0.072063
2024-01-01 00:00:10.540,-0.117628,-0.174368,9.858903,-0.276113,-0.179588,0.056869
2024-01-01 00:00:10.550,-0.143559,0.035288,9.219704,0.108385,-0.003936,-0.079905
2024-01-01 00:00:10.560,-0.005462,0.250036,9.717535,-0.055644,-0.074612,0.003004
2024-01-01 00:00:10.570,0.250671,0.076717,9.800635,-0.420492,-0.217028,0.111012
2024-01-01 00:00:10.580,0.116195,0.1645,10.477963,0.119509,-0.030617,-0.030329
2024-01-01 00:00:10.590,-0.079219,-0.040529,10.044939,-0.359902,0.083466,-0.140559
2024-01-01 00:00:10.600,0.164951,0.128233,10.335333,0.034955,0.104846,-0.044848
2024-01-01 00:00:10.610,-0.608876,0.047755,10.014358,0.059625,0.43409,0.212226
2024-01-01 00:00:10.620,0.245549,-0.162606,9.566734,0.221394,0.092893,0.25276
2024-01-01 00:00:10.630,-0.371864,0.054467,9.850056,0.445421,0.230027,-0.302989
2024-01-01 00:00:10.640,0.682528,-0.16958,11.980788,-0.341169,0.013219,0.163654
2024-01-01 00:00:10.650,0.520671,-0.108223,11.578809,-0.013118,0.335611,0.037522
2024-01-01 00:00:10.660,0.483262,0.032375,11.76854,-0.069084,0.47969,0.138597
2024-01-01 00:00:10.670,1.008127,0.050829,11.829628,0.108437,0.106217,-0.082573
2024-01-01 00:00:10.680,0.660029,-0.203359,12.449122,0.053917,-0.198532,-0.26524
2024-01-01 00:00:10.690,0.074065,0.180232,9.098387,-0.088137,-0.109761,0.087673
2024-01-01 00:00:10.700,-0.010029,0.097813,10.22239,-0.110226,0.056387,-0.141147
2024-01-01 00:00:10.710,0.101967,-0.120509,9.489616,-0.279113,0.0913,-0.208244
2024-01-01 00:00:10.720,0.016421,-0.262927,9.340749,0.246965,0.139685,-0.19776
2024-01-01 00:00:10.730,-0.27424,-0.024779,10.21354,0.114801,0.09204,0.090137
2024-01-01 00:00:10.740,0.212952,-0.076256,10.060309,0.229442,0.001397,0.020918
2024-01-01 00:00:10.750,-0.10554,0.019347,10.239045,-0.077599,-0.12724,0.11737
2024-01-01 00:00:10.760,-0.332719,-0.062093,10.08384,-0.164209,0.080228,0.100361
2024-01-01 00:00:10.770,-0.09151,-0.343275,10.514467,-0.269579,0.370997,-0.06314
2024-01-01 00:00:10.780,0.320787,-0.066407,10.001084,0.089729,0.203986,-0.010571
2024-01-01 00:00:10.790,0.181735,-0.052261,9.756485,-0.259948,0.106941,-0.076716
2024-01-01 00:00:10.800,-0.074524,0.108356,9.927281,0.462166,0.205913,-0.031549
2024-01-01 00:00:10.810,-0.074654,-0.119392,10.235266,-0.326911,-0.074213,-0.145088
2024-01-01 00:00:10.820,-0.068749,0.287053,9.543454,0.068415,-0.101653,0.058573
2024-01-01 00:00:10.830,0.443905,-0.326891,9.587054,0.391714,-0.149557,0.161268
2024-01-01 00:00:10.840,0.081639,0.22421,9.704336,0.149772,-0.025057,-0.122492
2024-01-01 00:00:10.850,0.091921,-0.038359,9.090233,0.043918,-0.084401,0.19219
2024-01-01 00:00:10.860,0.220223,0.146989,9.857223,-0.242121,0.241655,0.017028
2024-01-01 00:00:10.870,0.051041,0.013646,9.164944,-0.345442,-0.095065,0.036162
2024-01-01 00:00:10.880,-0.05537,0.194864,9.828146,0.192513,-0.160544,-0.254914
2024-01-01 00:00:10.890,-0.04197,-0.066239,10.105929,0.376537,0.388515,-0.271089
2024-01-01 00:00:10.900,-0.015305,-0.187864,9.646908,-0.109712,-0.090275,0.021617
2024-01-01 00:00:10.910,-0.007956,0.242906,10.383574,-0.284765,0.030706,0.11846
2024-01-01 00:00:10.920,0.155531,-0.019405,9.310509,-0.614542,0.090265,-0.100707
2024-01-01 00:00:10.930,0.011103,0.037886,10.217411,-0.245191,-0.227339,0.250514
2024-01-01 00:00:10.940,0.156602,0.211143,10.040897,-0.028414,0.247097,0.11024
2024-01-01 00:00:10.950,-0.017253,-0.176464,9.223117,0.399781,0.127424,-0.136251
2024-01-01 00:00:10.960,0.016808,0.101829,10.737092,0.168283,0.311677,0.004627
2024-01-01 00:00:10.970,-0.427115,-0.100872,9.788199,0.076271,-0.135844,0.371539
2024-01-01 00:00:10.980,0.195865,-0.022601,9.5099,-0.10003,0.019825,-0.186385
2024-01-01 00:00:10.990,0.074062,0.01236,9.328776,-0.145791,0.007871,0.07924
2024-01-01 00:00:11.000,0.213325,-0.256538,9.734754,0.351412,0.052778,-0.048412
2024-01-01 00:00:11.010,-0.619075,-0.133181,9.766427,0.050185,-0.290923,0.106034
2024-01-01 00:00:11.020,0.44639,0.231033,9.845105,-0.52565,0.022167,0.190091
2024-01-01 00:00:11.030,-0.029837,0.151539,9.708154,-0.168385,-0.285293,-0.057936
2024-01-01 00:00:11.040,0.236874,-0.010711,10.026563,-0.214554,0.071667,0.167837
2024-01-01 00:00:11.050,-0.22228,0.041574,9.677431,-0.136566,-0.42573,0.333181
2024-01-01 00:00:11.060,0.13098,-0.050315,9.148242,0.140728,-0.370317,0.009941
2024-01-01 00:00:11.070,-0.225168,0.231976,9.758918,-0.026861,0.16371,0.117733
2024-01-01 00:00:11.080,-0.133331,-0.03426,9.000323,-0.019216,-0.109368,-0.088566
2024-01-01 00:00:11.090,0.409124,0.039645,9.93099,0.328368,-0.197572,0.002889
2024-01-01 00:00:11.100,-0.040758,0.195971,9.475079,-0.174115,0.254169,-0.026501
2024-01-01 00:00:11.110,0.046476,-0.132931,9.865869,0.46605,0.065525,0.11954
2024-01-01 00:00:11.120,0.185977,0.266553,10.259414,-0.167827,0.174418,0.180701
2024-01-01 00:00:11.130,0.105952,-0.261709,9.485528,0.0223,-0.033248,-0.016448
2024-01-01 00:00:11.140,0.792152,0.278669,12.26295,-0.070301,0.535926,0.230043
2024-01-01 00:00:11.150,0.83801,-0.063728,11.751781,0.030855,-0.120903,0.229507
2024-01-01 00:00:11.160,1.27373,-0.041501,12.499593,0.111148,0.348899,0.127028
2024-01-01 00:00:11.170,0.747684,-0.323192,11.775118,0.108459,-0.012273,-0.077404
2024-01-01 00:00:11.180,0.802985,-0.07777,11.612551,-0.188279,-0.330902,-0.091774
2024-01-01 00:00:11.190,0.224577,-0.177807,10.045036,-0.280729,0.09657,-0.121857
2024-01-01 00:00:11.200,0.236306,-0.103908,9.66096,0.625793,0.062953,0.142375
2024-01-01 00:00:11.210,0.253728,-0.02348,9.522224,-0.120996,-0.210264,-0.181765
2024-01-01 00:00:11.220,0.136529,0.163782,9.646579,0.174803,-0.184444,0.101526
2024-01-01 00:00:11.230,-0.244317,0.0355,9.794745,-0.40191,-0.00494,-0.162166
2024-01-01 00:00:11.240,0.349146,0.052613,10.269026,-0.069903,0.06995,0.123532
2024-01-01 00:00:11.250,-0.245031,-0.187334,9.148542,-0.0318,-0.494133,0.002583
2024-01-01 00:00:11.260,0.064688,-0.150609,9.817894,0.118204,0.210624,0.200046
2024-01-01 00:00:11.270,-0.161226,0.307582,10.023717,-0.680614,-0.0989,0.171218
2024-01-01 00:00:11.280,-0.01371,-0.125719,9.876159,0.041535,-0.266349,0.21526
2024-01-01 00:00:11.290,0.070273,0.283212,10.257974,-0.287435,0.188213,0.219123
2024-01-01 00:00:11.300,0.06869,-0.041563,9.784574,0.081086,-0.004724,0.021545
2024-01-01 00:00:11.310,0.090186,0.000391,9.746883,-0.259082,0.243233,-0.173819
2024-01-01 00:00:11.320,0.344931,0.183032,10.012577,-0.213871,0.08759,-0.157878
2024-01-01 00:00:11.330,0.096943,0.217494,9.843965,-0.068407,-0.000303,-0.313027
2024-01-01 00:00:11.340,-0.052188,-0.018949,9.67648,-0.263082,-0.030546,-0.16255
2024-01-01 00:00:11.350,0.206074,-0.06639,9.986521,-0.118884,0.096543,0.010324
2024-01-01 00:00:11.360,0.254249,-0.009562,9.586835,-0.298344,-0.082706,-0.083948
2024-01-01 00:00:11.370,-0.262401,0.057791,9.600977,-0.458293,-0.170515,-0.02702
2024-01-01 00:00:11.380,0.127694,0.152413,9.629426,0.254489,0.121982,0.073907
2024-01-01 00:00:11.390,0.149876,0.000723,10.27275,-0.324012,-0.028898,-0.04561
2024-01-01 00:00:11.400,-0.063604,0.10583,8.708412,-0.04467,0.006714,-0.168274
2024-01-01 00:00:11.410,0.294057,0.28016,9.945295,0.188223,0.217876,-0.007985
2024-01-01 00:00:11.420,-0.032074,0.065204,9.821721,-0.153736,-0.022775,-0.134774
2024-01-01 00:00:11.430,0.026842,0.053293,9.235142,-0.206291,0.003007,-0.040618
2024-01-01 00:00:11.440,-0.036994,-0.259734,9.915927,0.05656,-0.11993,0.201417
2024-01-01 00:00:11.450,0.00333,-0.449855,9.972707,0.279483,0.086148,-0.040576
2024-01-01 00:00:11.460,-0.234329,0.066412,10.011657,-0.292329,0.069966,0.265644
2024-01-01 00:00:11.470,-0.307811,-0.016215,8.903075,-0.037537,0.180155,0.214745
2024-01-01 00:00:11.480,0.340825,-0.088028,10.277305,-0.433124,-0.115826,-0.086896
2024-01-01 00:00:11.490,-0.181038,0.041644,9.557694,-0.0983,-0.091563,-0.166669
2024-01-01 00:00:11.500,-0.21191,-0.010329,10.044806,0.008551,0.158427,-0.007883
2024-01-01 00:00:11.510,-0.460287,0.19285,10.063447,-0.213656,0.050443,0.172999
2024-01-01 00:00:11.520,-0.136578,0.014725,9.51017,-0.114248,-0.181244,-0.073529
2024-01-01 00:00:11.530,-0.28281,-0.127724,10.035877,-0.352057,0.261311,0.136214
2024-01-01 00:00:11.540,0.350981,0.169318,9.678161,0.01927,-0.33969,0.181266
2024-01-01 00:00:11.550,0.215848,-0.037129,9.101589,0.263924,0.156857,-0.116104
2024-01-01 00:00:11.560,-0.147092,0.090038,10.209368,-0.274286,-0.253042,-0.101408
2024-01-01 00:00:11.570,0.481458,-0.081637,9.544935,-0.155668,0.377158,0.106899
2024-01-01 00:00:11.580,0.209852,-0.11112,9.517763,0.125637,-0.30892,0.022777
2024-01-01 00:00:11.590,-0.069433,0.014393,9.672151,0.303023,0.23045,-0.102909
2024-01-01 00:00:11.600,-0.534248,0.002194,9.903105,-0.373297,-0.016327,-0.052827
2024-01-01 00:00:11.610,0.489689,0.08205,9.790414,-0.042196,-0.073321,-0.010578
2024-01-01 00:00:11.620,-0.297021,-0.045938,9.997439,0.070783,0.037079,-0.234728
2024-01-01 00:00:11.630,-0.351704,-0.314018,9.351895,-0.025514,0.12638,0.114846
2024-01-01 00:00:11.640,0.218574,-0.074004,9.556104,-0.619198,-0.18088,-0.071804
2024-01-01 00:00:11.650,0.521497,0.135743,9.770329,0.125273,-0.163158,-0.417557
2024-01-01 00:00:11.660,0.295888,-0.050851,10.459077,0.379834,0.129921,-0.003581
2024-01-01 00:00:11.670,0.120536,-0.042132,9.771076,0.029165,-0.341469,-0.111236
2024-01-01 00:00:11.680,0.127129,0.16867,10.181146,-0.257777,-0.116846,0.253323
2024-01-01 00:00:11.690,0.182418,-0.121747,9.823186,-0.128282,0.608137,-0.087817
2024-01-01 00:00:11.700,0.162221,-0.263819,9.644589,0.442478,-0.193603,-0.164647
2024-01-01 00:00:11.710,0.820105,-0.027468,11.81562,0.227491,0.229561,0.07619
2024-01-01 00:00:11.720,0.782273,-0.082794,11.8424,0.160007,-0.11719,-0.099067
2024-01-01 00:00:11.730,0.746621,-0.165228,12.106447,0.089103,0.101809,-0.116918
2024-01-01 00:00:11.740,0.59884,-0.02999,12.370117,-0.165284,0.130871,0.076425
2024-01-01 00:00:11.750,0.700006,0.084047,12.023011,-0.050143,0.225791,-0.15607
2024-01-01 00:00:11.760,-0.36187,-0.001588,10.215981,-0.019481,-0.040051,-0.218591
2024-01-01 00:00:11.770,-0.02102,0.052494,9.480042,0.137394,0.397777,0.2589
2024-01-01 00:00:11.780,-0.211311,0.310093,9.668196,0.37723,-0.117867,0.086925
2024-01-01 00:00:11.790,-0.235892,-0.058632,9.562289,0.279585,0.046844,-0.039631
2024-01-01 00:00:11.800,0.038452,0.047598,9.91754,-0.354846,0.049055,-0.000522
2024-01-01 00:00:11.810,0.29754,-0.087075,9.687236,0.055999,-0.224394,0.07588
2024-01-01 00:00:11.820,0.19629,-0.144728,10.059582,0.184191,-0.057174,0.146001
2024-01-01 00:00:11.830,-0.335695,-0.100019,9.491597,0.154715,0.032303,-0.113396
2024-01-01 00:00:11.840,-0.211533,-0.081868,9.824717,-0.157308,-0.086424,0.054922
2024-01-01 00:00:11.850,0.20109,0.06147,10.044905,0.728527,0.488185,-0.076006
2024-01-01 00:00:11.860,-0.210007,0.401692,9.103666,-0.319271,-0.167725,-0.028347
2024-01-01 00:00:11.870,-0.048015,-0.122443,10.535598,-0.270797,0.235885,0.024104
2024-01-01 00:00:11.880,0.117574,-0.071243,9.713162,0.058399,0.171292,-0.001002
2024-01-01 00:00:11.890,-0.206984,-0.010794,9.117436,0.529201,-0.002772,0.110335
2024-01-01 00:00:11.900,0.022524,0.067682,9.864068,-0.209049,-0.173042,0.073063
2024-01-01 00:00:11.910,-0.285148,0.045067,9.821438,-0.066457,-0.153651,-0.226225
2024-01-01 00:00:11.920,-0.128542,0.21958,9.781992,0.269323,-0.103593,-0.203673
2024-01-01 00:00:11.930,0.068353,-0.414913,10.148987,-0.004466,-0.357148,-0.055458
2024-01-01 00:00:11.940,-0.340502,-0.408165,10.065626,-0.083651,-0.200693,0.274294
2024-01-01 00:00:11.950,0.094151,-0.084795,9.911874,0.141408,-0.296495,-0.127739
2024-01-01 00:00:11.960,-0.004198,0.187638,9.963953,0.068129,0.269175,-0.031233
2024-01-01 00:00:11.970,0.118095,-0.267726,9.774309,0.25761,0.123692,-0.080452
2024-01-01 00:00:11.980,0.047862,-0.514305,10.417218,0.322867,0.157195,-0.083107
2024-01-01 00:00:11.990,0.291585,0.097672,9.304115,0.076751,0.117766,0.026736
2024-01-01 00:00:12.000,0.026767,0.041665,9.857761,0.072933,0.033394,0.210117
2024-01-01 00:00:12.010,-0.091785,-0.186426,9.832238,0.053528,0.292136,0.068395
2024-01-01 00:00:12.020,0.026141,-0.168527,10.088142,0.122283,-0.122153,-0.12053
2024-01-01 00:00:12.030,0.11613,-0.165826,9.521402,0.013793,0.021334,0.412984
2024-01-01 00:00:12.040,0.010444,0.018902,9.213664,-0.000152,0.149412,0.011786
2024-01-01 00:00:12.050,0.008676,-0.1071,9.863633,0.299157,-0.264242,-0.086583
2024-01-01 00:00:12.060,-0.150051,0.084485,9.906181,0.379029,0.619318,0.211814
2024-01-01 00:00:12.070,-0.141695,-0.488141,10.319443,-0.376888,0.005713,-0.070361
2024-01-01 00:00:12.080,-0.299807,-0.146522,9.375536,0.002505,0.028398,0.249437
2024-01-01 00:00:12.090,0.373972,-0.192555,10.204905,-0.172174,0.251376,-0.130596
2024-01-01 00:00:12.100,-0.265876,-0.043834,10.619656,-0.077743,0.182991,0.214505
2024-01-01 00:00:12.110,-0.148108,-0.092006,9.680804,0.100629,0.007616,0.030157
2024-01-01 00:00:12.120,-0.15356,0.136431,9.368498,0.16736,0.026026,0.193658
2024-01-01 00:00:12.130,0.19129,-0.317947,9.670815,-0.028032,-0.30083,0.285265
2024-01-01 00:00:12.140,-0.063045,0.007779,9.81479,-0.478335,-0.111293,-0.169891
2024-01-01 00:00:12.150,0.266705,0.095476,10.002815,-0.241261,0.103442,0.191366
2024-01-01 00:00:12.160,-0.143959,0.317487,9.607743,0.224125,0.088779,-0.211336
2024-01-01 00:00:12.170,0.059635,-0.082382,10.341878,-0.685107,0.244233,-0.157078
2024-01-01 00:00:12.180,-0.178555,0.055482,9.42883,0.296857,-0.0241,-0.120511
2024-01-01 00:00:12.190,0.458526,-0.308461,9.215192,0.130307,-0.277457,0.075545
2024-01-01 00:00:12.200,-0.253849,-0.409025,10.188495,0.329044,0.211346,0.004952
2024-01-01 00:00:12.210,0.826224,0.144456,11.12208,-0.049642,0.287218,-0.02507
2024-01-01 00:00:12.220,0.89547,-0.000951,11.830188,-0.515351,0.179649,0.021935
2024-01-01 00:00:12.230,0.84845,0.201526,12.966247,0.107591,-0.032727,0.088693
2024-01-01 00:00:12.240,0.720395,-0.234852,11.895881,0.318663,0.208877,0.100237
2024-01-01 00:00:12.250,0.732251,0.088903,11.516697,0.23118,0.685782,0.164125
2024-01-01 00:00:12.260,0.009365,0.319568,9.79037,-0.165673,0.02303,0.273005
2024-01-01 00:00:12.270,-0.031422,0.07177,9.792626,0.02169,-0.262347,-0.003204
2024-01-01 00:00:12.280,0.206029,0.047295,9.864942,-0.133209,-0.117257,-0.078163
2024-01-01 00:00:12.290,0.472499,0.001463,10.036494,-0.204817,0.125095,0.09203
2024-01-01 00:00:12.300,-0.119164,-0.268621,9.454624,0.238847,-0.320961,-0.171638
2024-01-01 00:00:12.310,-0.292795,0.231803,10.387141,-0.299383,0.033881,-0.101806
2024-01-01 00:00:12.320,-0.01887,-0.104457,9.893829,-0.223454,0.076067,0.149907
2024-01-01 00:00:12.330,0.551413,0.086267,10.058564,-0.276006,0.307024,-0.018619
2024-01-01 00:00:12.340,-0.171785,-0.267279,9.595173,-0.372562,0.262039,-0.181229
2024-01-01 00:00:12.350,0.350361,-0.201688,10.249943,0.036604,0.172917,-0.22347
2024-01-01 00:00:12.360,0.358609,0.2454,9.722088,0.290376,-0.432536,0.007308
2024-01-01 00:00:12.370,-0.118329,-0.059389,9.904923,-0.046219,0.184211,0.171284
2024-01-01 00:00:12.380,0.12162,0.24851,9.490878,-0.376437,0.141103,0.169282
2024-01-01 00:00:12.390,0.34807,-0.013377,9.469049,0.209986,0.051189,0.016632
2024-01-01 00:00:12.400,-0.081039,-0.314965,10.045366,0.421425,-0.346044,0.301336
2024-01-01 00:00:12.410,-0.043515,0.152544,9.658286,-0.161561,-0.155355,-0.015723
2024-01-01 00:00:12.420,-0.124334,-0.100872,9.517993,-0.119639,-0.233365,-0.020785
2024-01-01 00:00:12.430,-0.216904,0.119476,9.590031,0.128915,-0.403002,-0.385115
2024-01-01 00:00:12.440,-0.138783,0.004311,10.049042,0.405468,-0.000583,-0.067104
2024-01-01 00:00:12.450,-0.261617,-0.263873,9.594869,-0.129959,-0.159564,0.127802
2024-01-01 00:00:12.460,0.007285,0.028094,9.769762,-0.333112,0.525061,0.234594
2024-01-01 00:00:12.470,-0.164582,0.375554,9.815139,0.157855,-0.033754,-0.124535
2024-01-01 00:00:12.480,0.049972,0.084301,9.154267,0.199767,0.258751,0.069338
2024-01-01 00:00:12.490,-0.332573,-0.009836,9.306875,0.001533,-0.31382,0.157032
2024-01-01 00:00:12.500,0.070726,0.183884,9.925007,-0.139533,-0.106018,0.001681
2024-01-01 00:00:12.510,0.178167,0.036024,9.557936,0.248595,0.01938,-0.342492
2024-01-01 00:00:12.520,-0.426161,0.03583,10.1714,0.132009,-0.181631,0.037093
2024-01-01 00:00:12.530,0.079955,-0.186668,10.140648,-0.192109,-0.08444,0.114215
2024-01-01 00:00:12.540,0.262414,0.039988,10.055956,0.012274,-0.04359,-0.142113
2024-01-01 00:00:12.550,-0.258561,0.177061,10.432362,-0.337927,-0.046782,-0.038123
2024-01-01 00:00:12.560,0.357512,-0.142967,9.781583,0.171473,0.371024,-0.173324
2024-01-01 00:00:12.570,0.089565,0.243589,10.031918,-0.065558,0.075645,-0.385522
2024-01-01 00:00:12.580,-0.150696,-0.015682,9.610135,-0.108928,0.095902,0.154051
2024-01-01 00:00:12.590,-0.011921,-0.151809,10.648711,-0.008219,0.107931,-0.000562
2024-01-01 00:00:12.600,0.119342,0.170595,10.488403,0.010077,0.122525,0.239651
2024-01-01 00:00:12.610,0.016246,-0.049042,9.814063,0.223733,-0.016577,0.128598
2024-01-01 00:00:12.620,0.115159,0.129877,9.942212,0.147773,-0.064149,-0.053131
2024-01-01 00:00:12.630,-0.196794,-0.049891,10.27488,-0.039102,0.033363,-0.012477
2024-01-01 00:00:12.640,0.036201,-0.01023,9.759678,0.190917,0.231361,0.084927
2024-01-01 00:00:12.650,-0.302181,0.084399,9.585435,0.100184,0.225248,0.145033
2024-01-01 00:00:12.660,-0.023775,0.049743,10.108904,-0.10665,-0.04808,0.048401
2024-01-01 00:00:12.670,-0.19321,-0.341236,9.836826,-0.03118,0.153569,0.165839
2024-01-01 00:00:12.680,-0.15722,-0.191733,9.872584,-0.037056,-0.038917,-0.0445
2024-01-01 00:00:12.690,0.264215,0.158929,9.524679,0.126315,0.006774,-0.149572
2024-01-01 00:00:12.700,0.233268,-0.022595,9.222556,-0.091756,-0.094705,-0.009721
2024-01-01 00:00:12.710,0.130203,-0.089558,9.890761,-0.097602,-0.036329,0.030778
2024-01-01 00:00:12.720,-0.233482,-0.232316,10.119497,0.492189,0.268266,-0.18023
2024-01-01 00:00:12.730,-0.067632,-0.184635,9.732774,0.234934,0.018484,-0.200508
2024-01-01 00:00:12.740,0.2593,-0.345728,10.301259,-0.19015,0.027057,0.067108
2024-01-01 00:00:12.750,0.030292,-0.017319,9.569261,0.142735,-0.289444,-0.060954
2024-01-01 00:00:12.760,0.495757,-0.102333,9.449291,0.029588,-0.061849,-0.024876
2024-01-01 00:00:12.770,0.844072,-0.165287,11.877007,0.097888,-0.048263,-0.053954
2024-01-01 00:00:12.780,0.80105,-0.011649,11.871753,0.034335,-0.165829,0.22809
2024-01-01 00:00:12.790,0.693926,0.062239,12.163329,0.297411,0.004333,0.189264
2024-01-01 00:00:12.800,0.788544,0.357937,11.634963,0.086405,-0.085836,-0.185603
2024-01-01 00:00:12.810,0.72741,-0.258532,12.367888,-0.015522,0.015999,-0.079919
2024-01-01 00:00:12.820,0.151358,0.198254,10.482686,0.260548,0.024301,0.127501
2024-01-01 00:00:12.830,0.204495,0.1664,9.796613,0.058321,-0.191151,0.09029
2024-01-01 00:00:12.840,-0.168005,-0.133225,10.237401,0.03037,-0.07974,-0.006219
2024-01-01 00:00:12.850,-0.284551,0.034753,9.448678,0.078506,0.015475,-0.17064
2024-01-01 00:00:12.860,-0.392489,-0.078255,10.177726,-0.023402,0.23686,-0.102381
2024-01-01 00:00:12.870,0.108583,0.031753,10.168169,0.002307,0.051344,-0.077515
2024-01-01 00:00:12.880,-0.235845,0.258061,10.105296,-0.146674,-0.132387,0.041549
2024-01-01 00:00:12.890,-0.46018,0.103559,9.804677,-0.187792,0.079801,0.255559
2024-01-01 00:00:12.900,0.083059,0.086972,8.799647,-0.249643,0.34151,-0.103032
2024-01-01 00:00:12.910,0.532879,-0.073583,9.590529,-0.347996,0.183341,-0.153905
2024-01-01 00:00:12.920,-0.001298,-0.253774,9.595937,-0.219929,0.109505,-0.016288
2024-01-01 00:00:12.930,0.179227,-0.035648,9.475437,-0.043567,0.145118,0.154761
2024-01-01 00:00:12.940,0.017491,0.20633,9.851807,0.025779,0.287991,-0.217032
2024-01-01 00:00:12.950,-0.021138,-0.261146,9.666715,-0.067824,0.215125,0.218045
2024-01-01 00:00:12.960,0.196453,-0.18042,9.527983,-0.588926,0.113352,-0.025805
2024-01-01 00:00:12.970,-0.062046,0.021592,9.44789,0.393647,0.213728,-0.110148
2024-01-01 00:00:12.980,0.057155,-0.168376,9.565295,0.27162,-0.21633,-0.240028
2024-01-01 00:00:12.990,0.068763,-0.135522,10.193553,0.11144,-0.300453,0.105978
2024-01-01 00:00:13.000,-0.142804,-0.072435,9.583929,0.476873,0.03142,-0.025676
2024-01-01 00:00:13.010,0.212049,-0.233521,9.633891,-0.244341,0.013736,0.025606
2024-01-01 00:00:13.020,-0.037398,-0.166575,9.653809,0.471906,-0.108782,-0.135122
2024-01-01 00:00:13.030,-0.161541,0.120286,9.925936,-0.241304,0.165171,-0.047864
2024-01-01 00:00:13.040,0.114679,-0.22356,9.966037,0.059684,-0.372573,-0.072987
2024-01-01 00:00:13.050,-0.192048,-0.273236,8.768727,-0.318459,-0.106954,-0.015089
2024-01-01 00:00:13.060,0.006024,-0.107734,10.159399,0.003674,-0.096991,-0.100433
2024-01-01 00:00:13.070,-0.001949,0.125164,10.301238,0.096542,-0.32726,-0.230127
2024-01-01 00:00:13.080,0.23211,-0.033674,9.450836,-0.038673,0.298946,0.409275
2024-01-01 00:00:13.090,0.101467,-0.079443,9.477474,0.178469,-0.27184,-0.204511
2024-01-01 00:00:13.100,-0.00535,0.007585,9.656013,0.024754,-0.117668,0.027219
2024-01-01 00:00:13.110,0.174798,-0.298516,9.551447,-0.130604,0.181596,-0.265804
2024-01-01 00:00:13.120,0.297157,0.084595,9.886583,-0.141703,0.129209,-0.299557
2024-01-01 00:00:13.130,0.119232,0.065567,9.144288,0.202728,-0.221635,0.014674
2024-01-01 00:00:13.140,0.002213,-0.069992,9.427669,-0.163436,0.136498,0.026155
2024-01-01 00:00:13.150,-0.280405,0.172013,10.336405,0.228851,0.057957,0.189225
2024-01-01 00:00:13.160,-0.227668,-0.192802,9.492549,0.305678,0.466607,0.059932
2024-01-01 00:00:13.170,-0.065242,0.192872,10.235252,-0.417178,0.080788,-0.022472
2024-01-01 00:00:13.180,-0.130283,0.026418,9.931526,0.283232,-0.028248,-0.14244
2024-01-01 00:00:13.190,-0.039965,-0.05755,9.19123,0.515106,-0.1713,0.224852
2024-01-01 00:00:13.200,0.012109,-0.003398,10.027283,0.063001,-0.148849,0.139328
2024-01-01 00:00:13.210,0.113222,-0.018342,9.769758,0.149771,-0.165154,-0.186949
2024-01-01 00:00:13.220,-0.015069,0.208668,9.65423,0.259251,0.27422,0.005695
2024-01-01 00:00:13.230,0.10399,-0.184112,9.893775,-0.068871,0.003594,0.021608
2024-01-01 00:00:13.240,0.013781,-0.130391,9.972325,0.04557,0.113049,-0.051848
2024-01-01 00:00:13.250,-0.422256,0.177208,10.051996,-0.32855,0.30285,0.115778
2024-01-01 00:00:13.260,-0.200783,-0.101836,10.212962,0.034659,-0.471693,0.12476
2024-01-01 00:00:13.270,-0.030799,0.153991,9.949582,0.124528,0.255775,-0.028573
2024-01-01 00:00:13.280,0.501428,0.290604,11.429533,0.129041,0.011079,-0.04213
2024-01-01 00:00:13.290,0.888235,-0.068707,11.738013,0.266356,0.08701,0.224844
2024-01-01 00:00:13.300,1.087198,0.116513,12.906523,-0.193701,-0.165681,0.139926
2024-01-01 00:00:13.310,1.02051,-0.197281,12.147776,-0.133152,-0.151025,0.010854
2024-01-01 00:00:13.320,0.714377,0.129059,12.710296,0.473877,0.097769,-0.244381
2024-01-01 00:00:13.330,0.318643,0.034102,10.287238,-0.037582,0.47692,0.0516
2024-01-01 00:00:13.340,0.031778,0.08089,9.892696,0.050008,0.200663,0.104713
2024-01-01 00:00:13.350,-0.072052,-0.110393,9.913081,-0.016753,0.253105,-0.413178
2024-01-01 00:00:13.360,-0.131115,-0.284045,9.79749,-0.20542,-0.0384,0.03778
2024-01-01 00:00:13.370,-0.064653,0.086056,9.215671,0.405882,-0.120041,-0.062504
2024-01-01 00:00:13.380,-0.082973,-0.352842,9.816172,-0.131925,-0.156161,-0.033128
2024-01-01 00:00:13.390,0.036426,-0.054267,10.224051,-0.281821,-0.097655,-0.136107
2024-01-01 00:00:13.400,0.034323,0.160942,9.604923,-0.112685,-0.410556,-0.022228
2024-01-01 00:00:13.410,0.000651,0.032815,9.950888,-0.500427,-0.144984,0.208799
2024-01-01 00:00:13.420,0.093396,0.333167,10.101244,-0.162822,-0.112071,-0.06696
2024-01-01 00:00:13.430,0.254501,0.175294,9.498889,-0.242032,-0.035072,0.144836
2024-01-01 00:00:13.440,0.202967,-0.111817,9.655654,0.154357,0.02635,-0.12095
2024-01-01 00:00:13.450,-0.317397,0.004671,9.461874,-0.168354,0.07249,0.113813
2024-01-01 00:00:13.460,-0.545901,-0.0081,9.528819,0.221951,-0.002985,0.000248
2024-01-01 00:00:13.470,0.199711,-0.270552,9.369639,0.349621,-0.116289,0.052804
2024-01-01 00:00:13.480,-0.29217,-0.160808,9.502047,0.195294,-0.392672,0.001073
2024-01-01 00:00:13.490,-0.048044,-0.09589,10.295454,-0.053847,-0.115062,0.096244
2024-01-01 00:00:13.500,-0.250112,-0.348194,9.496907,0.035279,-0.19449,-0.385138
2024-01-01 00:00:13.510,-0.385173,0.008121,9.853249,-0.381246,0.093213,-0.212974
2024-01-01 00:00:13.520,0.115738,-0.042591,9.638019,-0.033445,0.181857,0.062562
2024-01-01 00:00:13.530,0.162269,-0.286065,10.213172,-0.21511,0.187714,-0.306531
2024-01-01 00:00:13.540,-0.123229,0.06912,10.258418,0.173582,0.151391,-0.079587
2024-01-01 00:00:13.550,-0.553835,0.122414,10.105512,0.643188,-0.026705,-0.008151
2024-01-01 00:00:13.560,-0.11676,0.038823,9.914698,0.124955,-0.104391,-0.124221
2024-01-01 00:00:13.570,0.083748,-0.055416,9.730978,-0.497785,-0.149421,-0.103734
2024-01-01 00:00:13.580,-0.316117,0.101137,9.402379,-0.090308,-0.3015,0.040737
2024-01-01 00:00:13.590,0.039193,0.116318,10.474687,0.030623,0.198371,0.151394
2024-01-01 00:00:13.600,-0.003272,0.052566,9.550192,0.021839,-0.034942,-0.143767
2024-01-01 00:00:13.610,0.123824,-0.141009,10.036967,-0.182703,-0.249268,-0.086259
2024-01-01 00:00:13.620,0.02556,0.047299,10.172371,0.061323,-0.165298,-0.109689
2024-01-01 00:00:13.630,-0.207993,0.204427,9.620094,-0.310625,-0.173395,-0.363207
2024-01-01 00:00:13.640,0.255767,-0.102024,10.165,-0.236227,0.008605,0.021257
2024-01-01 00:00:13.650,-0.033886,0.358748,10.071361,0.161449,0.213494,0.140208
2024-01-01 00:00:13.660,-0.005836,-0.089883,10.400964,-0.253916,-0.069598,0.152496
2024-01-01 00:00:13.670,-0.199486,0.005542,9.649484,0.134553,-0.450507,-0.130615
2024-01-01 00:00:13.680,-0.094752,-0.114995,9.370235,-0.342366,-0.037836,-0.187755
2024-01-01 00:00:13.690,-0.189127,0.038179,9.637123,0.441206,-0.031239,0.003241
2024-01-01 00:00:13.700,-0.036967,-0.29792,9.881428,-0.193567,-0.044984,0.124391
2024-01-01 00:00:13.710,0.365878,-0.093373,9.829909,-0.055917,-0.125492,0.023228
2024-01-01 00:00:13.720,-0.293244,-0.186753,9.675444,0.082653,0.043488,0.043396
2024-01-01 00:00:13.730,-0.344899,0.023143,9.157054,-0.141337,0.013228,0.171275
2024-01-01 00:00:13.740,0.314463,0.170051,9.970905,0.035851,-0.004966,-0.11087
2024-01-01 00:00:13.750,-0.044743,0.110467,10.484542,0.143839,0.082528,-0.032996
2024-01-01 00:00:13.760,-0.143014,-0.405554,9.968774,0.240153,-0.085967,0.245191
2024-01-01 00:00:13.770,0.22228,0.349194,10.018324,0.197874,-0.097317,-0.029522
2024-01-01 00:00:13.780,-0.12945,0.050493,10.005776,-0.042953,0.276025,-0.190101
2024-01-01 00:00:13.790,0.39031,-0.132781,9.94579,-0.036658,0.111871,-0.100403
2024-01-01 00:00:13.800,0.144907,0.026869,10.12863,0.587277,0.165389,-0.140727
2024-01-01 00:00:13.810,-0.104291,0.030128,9.945218,0.237472,0.245221,0.053574
2024-01-01 00:00:13.820,0.461125,-0.114031,9.703064,-0.230456,0.105189,-0.134392
2024-01-01 00:00:13.830,-0.129472,0.033844,9.537772,0.024997,0.185678,0.040655
2024-01-01 00:00:13.840,0.918623,-0.103878,11.814851,-0.083786,-0.315869,-0.11041
2024-01-01 00:00:13.850,0.823974,-0.069146,12.007432,-0.033834,0.040831,-0.318507
2024-01-01 00:00:13.860,1.038247,-0.117354,11.7919,-0.307374,-0.036544,0.045993
2024-01-01 00:00:13.870,1.093773,-0.244987,12.007504,-0.102981,0.335537,0.02227
2024-01-01 00:00:13.880,0.766841,0.024938,12.050189,0.452889,0.185529,0.077664
2024-01-01 00:00:13.890,-0.161043,0.100086,10.094947,0.144769,-0.126089,-0.100948
2024-01-01 00:00:13.900,0.098319,0.088045,10.248716,-0.62279,0.074559,-0.116932
2024-01-01 00:00:13.910,-0.144862,0.140207,9.836679,0.304181,0.033536,0.06022
2024-01-01 00:00:13.920,0.430362,0.055462,9.36274,0.272407,0.090866,0.227853
2024-01-01 00:00:13.930,0.029184,-0.091096,9.691974,-0.089821,-0.203768,0.001675
2024-01-01 00:00:13.940,-0.078087,0.143583,9.825069,0.179316,0.072003,0.063688
2024-01-01 00:00:13.950,0.039475,-0.232135,9.182167,-0.21485,-0.04563,-0.048238
2024-01-01 00:00:13.960,-0.287948,-0.154015,10.284923,-0.117564,0.05649,-0.231545
2024-01-01 00:00:13.970,-0.207683,-0.164878,9.858693,0.374637,-0.144877,0.145114
2024-01-01 00:00:13.980,0.256588,0.18469,9.940423,-0.067933,-0.117013,0.136262
2024-01-01 00:00:13.990,-0.140411,0.161217,10.27701,-0.467433,0.234768,0.106616
2024-01-01 00:00:14.000,-0.223777,0.083329,9.594491,-0.015826,-0.21031,-0.027292
2024-01-01 00:00:14.010,0.11471,0.1833,10.006322,-0.019647,-0.195551,0.089558
2024-01-01 00:00:14.020,0.253444,-0.150357,9.772426,0.299592,-0.010316,0.134064
2024-01-01 00:00:14.030,0.153676,0.05961,9.747042,0.003584,-0.154378,0.243024
2024-01-01 00:00:14.040,0.212905,-0.021405,9.54591,-0.105396,-0.177006,0.148279
2024-01-01 00:00:14.050,-0.161765,0.144817,10.379636,0.261264,0.021015,0.009573
2024-01-01 00:00:14.060,-0.303912,-0.019703,9.681579,0.030198,-0.301013,-0.196238
2024-01-01 00:00:14.070,0.32091,-0.065825,10.049217,-0.187506,-0.201592,0.023349
2024-01-01 00:00:14.080,-0.068973,0.092495,9.168747,0.288749,0.410819,0.038487
2024-01-01 00:00:14.090,-0.053616,0.149825,10.213556,0.048415,0.091895,0.106354
2024-01-01 00:00:14.100,0.283901,-0.114287,10.169856,0.000731,-0.149313,0.203084
2024-01-01 00:00:14.110,0.118894,-0.010444,9.843322,0.044477,0.083643,-0.014273
2024-01-01 00:00:14.120,0.097446,-0.180993,9.732386,-0.267667,0.113466,0.315148
2024-01-01 00:00:14.130,0.462769,-0.427168,9.9468,-0.131913,0.198883,-0.263893
2024-01-01 00:00:14.140,-0.137552,0.034279,10.592766,0.000896,-0.025431,0.062901
2024-01-01 00:00:14.150,0.198326,0.104123,9.206973,-0.048666,0.1953,-0.119778
2024-01-01 00:00:14.160,0.012187,0.044813,10.077453,0.318107,-0.407689,-0.286083
2024-01-01 00:00:14.170,0.057412,-0.333375,9.498227,0.054351,-0.211262,-0.030266
2024-01-01 00:00:14.180,0.32671,-0.059995,9.803188,0.213726,0.032774,-0.218576
2024-01-01 00:00:14.190,0.10855,-0.379337,9.725225,0.002349,0.065927,-0.024214
2024-01-01 00:00:14.200,0.115061,0.234219,9.663515,0.264072,-0.182356,0.005215
2024-01-01 00:00:14.210,0.229248,-0.185715,9.806421,0.099382,0.051884,0.167781
2024-01-01 00:00:14.220,-0.078009,0.214674,9.422113,0.003355,-0.124768,-0.226138
2024-01-01 00:00:14.230,-0.179381,0.161744,10.16198,-0.003321,-0.055392,0.136267
2024-01-01 00:00:14.240,-0.223328,-0.154001,9.196403,-0.23861,0.204955,0.014712
2024-01-01 00:00:14.250,-0.420309,-0.193706,9.994599,0.126729,0.181787,0.154327
2024-01-01 00:00:14.260,0.439514,0.059913,9.698325,-0.010051,-0.199412,-0.064763
2024-01-01 00:00:14.270,-0.235811,-0.144379,9.409544,-0.125498,-0.21145,-0.199837
2024-01-01 00:00:14.280,-0.047293,0.017525,9.879215,0.276615,-0.082235,-0.182625
2024-01-01 00:00:14.290,-0.059169,-0.082564,9.277523,-0.312554,-0.005349,-0.193771
2024-01-01 00:00:14.300,0.065708,-0.304578,9.823582,-0.105624,-0.13158,0.071672
2024-01-01 00:00:14.310,0.174364,-0.38141,9.323376,0.25693,0.208128,0.221538
2024-01-01 00:00:14.320,0.183926,0.038763,9.967755,0.078881,0.069478,-0.084743
2024-01-01 00:00:14.330,-0.124633,-0.096026,9.49387,-0.011965,0.081217,0.09437
2024-01-01 00:00:14.340,0.724278,-0.094578,11.74576,0.062751,-0.253308,-0.228516
2024-01-01 00:00:14.350,0.820401,0.118993,12.000531,0.044854,0.233458,0.027048
2024-01-01 00:00:14.360,0.706842,0.200659,11.635791,-0.379166,-0.564034,0.100284
2024-01-01 00:00:14.370,1.10357,-0.046605,11.880176,-0.087315,0.166811,-0.217219
2024-01-01 00:00:14.380,0.864946,-0.058242,11.38227,0.40413,0.186862,-0.030583
2024-01-01 00:00:14.390,0.15708,0.085524,10.025759,-0.164831,-0.08648,0.107388
2024-01-01 00:00:14.400,0.141691,-0.232036,10.413601,-0.079575,0.254582,-0.440066
2024-01-01 00:00:14.410,0.25083,0.038159,10.764935,-0.135405,-0.01262,0.200318
2024-01-01 00:00:14.420,0.038693,0.094373,9.84118,-0.021754,0.012486,0.053052
2024-01-01 00:00:14.430,-0.277198,0.116319,10.079566,-0.145781,0.067906,0.107509
2024-01-01 00:00:14.440,0.085433,-0.331185,9.201026,0.121685,0.637315,-0.061908
2024-01-01 00:00:14.450,-0.139228,-0.130192,10.323935,0.049328,0.268887,-0.258408
2024-01-01 00:00:14.460,-0.112992,-0.150183,10.07547,0.193387,0.140226,0.080109
2024-01-01 00:00:14.470,0.125335,0.017081,9.644495,-0.262735,-0.182561,-0.012389
2024-01-01 00:00:14.480,0.264683,0.082207,10.233116,-0.085085,0.028718,0.004817
2024-01-01 00:00:14.490,0.004547,0.255937,9.722969,-0.056431,-0.162625,0.163141
2024-01-01 00:00:14.500,0.066013,-0.084639,9.653355,0.113912,0.164422,0.11431
2024-01-01 00:00:14.510,0.363848,-0.085085,9.972565,-0.198305,0.028093,0.288186
2024-01-01 00:00:14.520,0.051461,0.196594,9.446333,0.228913,-0.224904,0.023078
2024-01-01 00:00:14.530,0.55611,0.050715,10.159396,0.296604,0.016225,-0.103682
2024-01-01 00:00:14.540,0.120878,0.216768,9.448851,-0.247218,-0.169883,-0.028263
2024-01-01 00:00:14.550,-0.376363,0.049372,9.450881,-0.122718,0.030243,0.06235
2024-01-01 00:00:14.560,0.161027,-0.197867,9.498886,-0.132983,-0.171815,0.152378
2024-01-01 00:00:14.570,0.081473,-0.227965,10.069749,0.658097,0.005498,-0.220055
2024-01-01 00:00:14.580,0.275685,-0.265309,9.599063,-0.107475,0.150094,0.001281
2024-01-01 00:00:14.590,0.143893,0.113211,9.348985,0.419406,-0.01061,0.241431
2024-01-01 00:00:14.600,-0.029595,0.20325,9.602857,-0.316658,-0.078178,-0.036031
2024-01-01 00:00:14.610,-0.261694,0.316241,9.799042,-0.247413,0.040655,0.139652
2024-01-01 00:00:14.620,-0.044679,0.144171,9.406107,-0.171651,0.139437,0.073968
2024-01-01 00:00:14.630,-0.181799,0.198845,9.416125,-0.211422,-0.221437,0.143379
2024-01-01 00:00:14.640,-0.124087,-0.099183,10.532063,-0.066975,0.052131,-0.121464
2024-01-01 00:00:14.650,0.125809,-0.197747,9.515687,-0.177195,0.263508,-0.12081
2024-01-01 00:00:14.660,0.356942,0.145364,9.69952,-0.204835,0.114731,0.003041
2024-01-01 00:00:14.670,0.084361,0.071423,9.684405,0.289618,0.011551,-0.229833
2024-01-01 00:00:14.680,-0.25562,0.018373,9.665896,0.305948,0.127948,-0.040461
2024-01-01 00:00:14.690,0.095034,0.066241,10.022501,0.237324,0.090499,0.037931
2024-01-01 00:00:14.700,0.25578,0.055265,10.134265,0.131,0.15072,0.267695
2024-01-01 00:00:14.710,-0.130341,0.219533,9.705364,0.023186,-0.404786,0.060408
2024-01-01 00:00:14.720,-0.028646,0.221443,9.387124,-0.124258,-0.310691,0.093784
2024-01-01 00:00:14.730,0.00314,0.093062,10.245859,-0.238289,0.200966,0.174671
2024-01-01 00:00:14.740,-0.167772,0.144632,9.777393,0.090749,-0.301056,-0.144699
2024-01-01 00:00:14.750,0.13857,0.087905,10.40177,-0.293408,0.080308,-0.024762
2024-01-01 00:00:14.760,-0.025853,-0.07886,9.04201,-0.24848,-0.07041,0.363812
2024-01-01 00:00:14.770,0.089675,0.129373,9.876828,0.288228,-0.199238,-0.011868
2024-01-01 00:00:14.780,-0.189701,-0.238459,10.466163,0.475162,0.06993,0.167465
2024-01-01 00:00:14.790,-0.093507,0.180215,9.689184,0.098324,0.040207,0.144561
2024-01-01 00:00:14.800,0.154409,-0.204263,9.732881,0.276614,0.422069,-0.221717
2024-01-01 00:00:14.810,-0.079693,0.048872,9.911065,-0.061462,-0.124962,0.046572
2024-01-01 00:00:14.820,0.369139,-0.144521,9.618892,-0.334419,0.288022,0.022012
2024-01-01 00:00:14.830,-0.085422,0.09463,9.703271,0.153043,0.070485,0.049494
2024-01-01 00:00:14.840,0.048026,-0.005801,9.694467,0.142322,-0.132204,-0.113117
2024-01-01 00:00:14.850,0.199341,-0.272703,9.595422,0.017917,0.159849,-0.167538
2024-01-01 00:00:14.860,-0.303176,0.07194,10.230269,-0.060594,0.113148,-0.071402
2024-01-01 00:00:14.870,-0.376373,-0.098824,9.967689,0.240553,0.007169,-0.014669
2024-01-01 00:00:14.880,-0.326109,0.150676,9.895715,-0.246433,0.053259,0.177748
2024-01-01 00:00:14.890,0.269877,0.000227,10.086531,-0.193445,-0.119397,0.272597
2024-01-01 00:00:14.900,-0.11796,0.067617,9.71959,-0.252027,-0.165157,0.20949
2024-01-01 00:00:14.910,1.306815,-0.163744,11.635222,0.021243,0.151888,0.129028
2024-01-01 00:00:14.920,0.639392,-0.100776,11.693902,-0.271973,-0.044788,-0.150651
2024-01-01 00:00:14.930,0.799448,-0.078427,11.90061,-0.171061,-0.016017,-0.061334
2024-01-01 00:00:14.940,1.089626,0.146496,11.53775,-0.176439,0.055964,0.031489
2024-01-01 00:00:14.950,1.188802,0.286831,11.728911,-0.065152,0.053058,-0.094866
2024-01-01 00:00:14.960,0.440646,-0.137684,9.633488,-0.371844,-0.285865,0.086581
2024-01-01 00:00:14.970,0.258288,0.184141,10.536598,0.021801,0.25725,0.108073
2024-01-01 00:00:14.980,0.218893,-0.371015,8.861355,0.311826,0.024236,0.080444
2024-01-01 00:00:14.990,0.126653,-0.204206,9.74857,0.033873,-0.040531,0.15377
2024-01-01 00:00:15.000,0.166375,-0.163951,10.400187,0.38533,0.086169,-0.135689
2024-01-01 00:00:15.010,-0.117816,-0.231279,9.851671,0.3335,0.047308,0.139924
2024-01-01 00:00:15.020,-0.17489,-0.270794,10.067669,0.194434,0.153413,-0.104347
2024-01-01 00:00:15.030,-0.000721,0.070623,9.844141,0.018671,0.107597,-0.14114
2024-01-01 00:00:15.040,-0.036377,-0.036606,9.581772,0.005625,0.143569,0.079817
2024-01-01 00:00:15.050,-0.096877,0.064878,9.043265,0.19095,0.270199,0.182381
2024-01-01 00:00:15.060,0.148853,0.118071,9.880266,-0.097918,0.176725,0.073202
2024-01-01 00:00:15.070,0.204196,0.045421,9.544743,-0.47063,-0.032097,0.003121
2024-01-01 00:00:15.080,0.018897,0.112478,9.536285,0.123001,-0.22458,0.046523
2024-01-01 00:00:15.090,0.315822,-0.01189,9.639346,-0.282767,0.33356,0.020464
2024-01-01 00:00:15.100,-0.244036,-0.202976,10.406743,-0.240535,-0.047545,-0.168893
2024-01-01 00:00:15.110,-0.041395,0.180886,10.632454,5.6e-05,-0.094621,-0.186393
2024-01-01 00:00:15.120,-0.153221,-0.100738,9.884285,-0.023781,-0.347345,-0.011824
2024-01-01 00:00:15.130,-0.398972,-0.159987,9.65105,-0.353019,0.067695,0.011979
2024-01-01 00:00:15.140,-0.017673,-0.030424,9.407389,0.041373,0.029777,0.0017
2024-01-01 00:00:15.150,-0.026024,-0.156091,9.970241,0.241535,-0.303023,0.101415
2024-01-01 00:00:15.160,0.3235,-0.071381,10.419754,-0.282085,0.090655,-0.032322
2024-01-01 00:00:15.170,0.134836,0.058833,9.72541,0.318121,-0.099638,0.084447
2024-01-01 00:00:15.180,-0.21892,0.059566,8.996383,-0.390043,0.538063,-0.021688
2024-01-01 00:00:15.190,0.396312,-0.153529,10.039157,0.529331,-0.113872,0.273504
2024-01-01 00:00:15.200,0.260996,-0.083398,10.147007,-0.102815,-0.087039,0.012107
2024-01-01 00:00:15.210,0.124423,0.183711,9.267641,0.036404,-0.174955,0.351108
2024-01-01 00:00:15.220,-0.048411,0.084884,9.870358,-0.473008,0.255575,0.052802
2024-01-01 00:00:15.230,-0.20508,0.354836,9.964319,-0.015534,-0.074555,-0.032052
2024-01-01 00:00:15.240,-0.079559,0.201802,9.784997,0.057121,-0.144983,-0.134917
2024-01-01 00:00:15.250,0.23272,0.195674,9.539556,-0.021541,0.141391,-0.216433
2024-01-01 00:00:15.260,0.40283,-0.237326,10.157451,-0.14077,-0.276071,-0.148716
2024-01-01 00:00:15.270,0.329868,0.13062,9.672044,-0.236641,0.125022,-0.131941
2024-01-01 00:00:15.280,-0.104492,-0.009081,9.302066,0.282632,0.35628,0.059223
2024-01-01 00:00:15.290,-0.239318,-0.094218,9.10908,0.007702,0.113322,-0.078925
2024-01-01 00:00:15.300,0.030114,0.028731,10.241211,0.385188,0.12758,0.028039
2024-01-01 00:00:15.310,-0.378004,0.161631,10.020899,-0.131621,0.174012,0.192297
2024-01-01 00:00:15.320,0.069077,0.085642,9.840087,-0.108699,0.341942,-0.013171
2024-01-01 00:00:15.330,-0.03155,-0.150219,9.659426,0.203899,0.241979,0.311874
2024-01-01 00:00:15.340,-0.099615,0.12696,9.629083,-0.405744,0.087934,-0.176372
2024-01-01 00:00:15.350,-0.340868,-0.109027,9.442098,-0.303366,0.180778,-0.022588
2024-01-01 00:00:15.360,0.109782,0.037053,9.662442,0.274371,-0.177187,-0.080897
2024-01-01 00:00:15.370,-0.113865,-0.051873,9.08493,-0.292983,0.155259,0.140476
2024-01-01 00:00:15.380,-0.25007,-0.037426,9.558266,-0.454763,-0.201111,-0.335969
2024-01-01 00:00:15.390,-0.613946,0.131028,9.703659,0.467132,-0.073404,-0.216467
2024-01-01 00:00:15.400,-0.005881,-0.177873,10.018579,-0.348454,-0.616512,-0.016102
2024-01-01 00:00:15.410,1.138819,0.332628,11.886345,0.04603,0.080286,0.232707
2024-01-01 00:00:15.420,1.115094,-0.311406,12.171864,0.017271,-0.128774,0.033876
2024-01-01 00:00:15.430,0.662296,-0.102201,12.361404,-0.702657,0.222229,-0.202732
2024-01-01 00:00:15.440,0.631277,0.063306,12.261894,-0.066829,0.078039,-0.179575
2024-01-01 00:00:15.450,0.8602,0.099918,12.060914,0.112103,0.224819,0.250948
2024-01-01 00:00:15.460,-0.213405,-0.017181,9.814057,0.088577,-0.216719,-0.09317
2024-01-01 00:00:15.470,0.064508,-0.009814,9.474571,0.22588,0.207677,-0.141445
2024-01-01 00:00:15.480,0.16375,0.070204,10.063061,-0.096873,0.421171,0.221606
2024-01-01 00:00:15.490,0.262257,-0.039513,10.384474,0.178126,0.152832,0.151665
2024-01-01 00:00:15.500,-0.021408,0.238234,9.927,-0.172332,0.15807,0.191109
2024-01-01 00:00:15.510,-0.043535,0.143529,10.465703,-0.352617,0.03392,-0.142506
2024-01-01 00:00:15.520,-0.187669,0.149253,9.288254,-0.324432,-0.104934,-0.228766
2024-01-01 00:00:15.530,-0.176746,-0.165213,9.415276,-0.365528,0.152238,0.019975
2024-01-01 00:00:15.540,-0.04841,-0.013575,10.102479,0.252396,-0.301217,0.050269
2024-01-01 00:00:15.550,0.078524,-0.05138,9.900387,-0.378643,-0.083551,0.05469
2024-01-01 00:00:15.560,0.195279,-0.171958,10.259314,0.06851,-0.354211,0.221728
2024-01-01 00:00:15.570,-0.17168,0.061588,9.804709,-0.066481,-0.140731,-0.260065
2024-01-01 00:00:15.580,0.319062,-0.091937,9.513152,-0.025662,0.128409,0.128954
2024-01-01 00:00:15.590,-0.057953,0.112074,9.736951,0.340902,0.101079,-0.164494
2024-01-01 00:00:15.600,-0.004567,-0.183003,9.285822,-0.109607,0.010183,0.12836
2024-01-01 00:00:15.610,-0.159716,0.293956,9.424022,0.1529,0.03408,-0.071244
2024-01-01 00:00:15.620,-0.518181,-0.153273,10.142576,0.009391,-0.377173,-0.122096
2024-01-01 00:00:15.630,0.188965,0.037501,10.108493,-0.038005,-0.074512,-0.091485
2024-01-01 00:00:15.640,0.1575,0.135408,9.934147,0.574992,-0.13627,-0.216842
2024-01-01 00:00:15.650,-0.060134,-0.09758,9.221391,-0.360335,-0.131812,0.006064
2024-01-01 00:00:15.660,0.014319,0.145772,9.687426,0.322283,0.119916,-0.115901
2024-01-01 00:00:15.670,0.110282,-0.21019,9.39105,0.164102,-0.172101,0.117945
2024-01-01 00:00:15.680,-0.333994,0.248312,10.212374,-0.119881,-0.120936,0.096008
2024-01-01 00:00:15.690,-0.113085,0.00242,9.610367,0.40733,-0.417414,0.253224
2024-01-01 00:00:15.700,0.169774,-0.101986,9.438674,-0.462028,-0.058825,0.054949
2024-01-01 00:00:15.710,-0.268104,-0.05116,9.82019,-0.130442,-0.217568,0.078102
2024-01-01 00:00:15.720,0.062748,0.138325,9.591067,-0.302121,0.015841,0.210015
2024-01-01 00:00:15.730,-0.289969,-0.099942,10.31744,0.103021,-0.190222,-0.094149
2024-01-01 00:00:15.740,0.099699,-0.12814,9.558695,-0.278266,0.020908,-0.223239
2024-01-01 00:00:15.750,-0.007618,-0.037883,9.331464,0.108266,-0.028937,0.030014
2024-01-01 00:00:15.760,-0.345234,-0.201261,9.073704,-0.046609,0.334408,-0.213395
2024-01-01 00:00:15.770,0.248963,0.311313,9.799471,-0.119838,0.099444,0.368091
2024-01-01 00:00:15.780,-0.157019,-0.096853,9.61782,0.097162,-0.367928,0.218325
2024-01-01 00:00:15.790,-0.173191,0.142206,9.321315,-0.067155,-0.252978,0.324596
2024-01-01 00:00:15.800,0.042872,0.035819,10.216715,-0.272159,0.011042,0.009367
2024-01-01 00:00:15.810,0.245521,-0.168355,10.038198,0.700343,-0.18597,0.082586
2024-01-01 00:00:15.820,-0.217132,-0.001018,9.800349,-0.121792,-0.593674,-0.068921
2024-01-01 00:00:15.830,0.013184,0.134064,10.2766,-0.554402,0.269909,0.132439
2024-01-01 00:00:15.840,0.09166,-0.032193,10.036587,-0.210525,0.144045,-0.182331
2024-01-01 00:00:15.850,0.148151,0.204022,9.528583,-0.316819,0.104195,-0.381464
2024-01-01 00:00:15.860,0.037714,0.174679,9.454587,0.206536,-0.121465,-0.118607
2024-01-01 00:00:15.870,-0.078452,0.157134,10.08975,0.080413,0.085535,-0.218321
2024-01-01 00:00:15.880,-0.176897,-0.078601,9.945557,0.099678,-0.140872,0.221689
2024-01-01 00:00:15.890,0.018413,-0.184653,9.868054,-0.092506,0.040971,0.272352
2024-01-01 00:00:15.900,-0.22917,-0.104923,9.520498,-0.069838,-0.184117,-0.210439
2024-01-01 00:00:15.910,-0.624439,0.033557,10.017918,-0.092733,0.303258,0.193757
2024-01-01 00:00:15.920,0.093315,0.09333,9.551619,-0.020298,-0.314047,0.142708
2024-01-01 00:00:15.930,0.193216,-0.371339,9.775121,0.208833,0.246457,-0.235467
2024-01-01 00:00:15.940,-0.505077,-0.001387,10.304855,0.084019,0.007783,-0.05854
2024-01-01 00:00:15.950,-0.21583,0.027033,9.583995,0.125028,-0.097893,-0.087025
2024-01-01 00:00:15.960,0.132344,-0.04746,9.272038,0.12489,0.033401,0.112199
2024-01-01 00:00:15.970,1.19979,0.220808,11.540029,0.221111,0.14667,-0.184317
2024-01-01 00:00:15.980,0.764445,0.072124,12.24005,0.072038,0.273349,-0.014831
2024-01-01 00:00:15.990,0.604389,0.224043,11.987118,0.089712,0.062629,-0.10289
2024-01-01 00:00:16.000,0.720906,-0.036929,11.855924,0.297202,-0.178139,0.071001
2024-01-01 00:00:16.010,1.05388,0.160309,11.72589,-0.166261,0.011126,-0.032519
2024-01-01 00:00:16.020,-0.138075,0.279596,9.975993,-0.213936,0.363359,-0.080287
2024-01-01 00:00:16.030,-0.170827,0.2243,9.519606,-0.29648,0.269536,-0.031994
2024-01-01 00:00:16.040,-0.103186,-0.186756,9.914538,0.045729,0.181753,0.305406
2024-01-01 00:00:16.050,-0.203774,-0.043379,9.559911,-0.463433,0.159137,-0.062535
2024-01-01 00:00:16.060,0.026221,-0.059023,9.503,0.115539,0.13989,-0.156151
2024-01-01 00:00:16.070,0.347275,0.083663,9.591979,-0.027298,0.231751,0.087515
2024-01-01 00:00:16.080,0.069058,0.117366,9.681611,0.28366,-0.091326,-0.021529
2024-01-01 00:00:16.090,-0.053941,-0.143451,9.7933,-0.167979,-0.271017,-0.212285
2024-01-01 00:00:16.100,-0.062375,0.0116,9.890526,-0.05083,0.013801,0.334724
2024-01-01 00:00:16.110,-0.334132,-0.345408,8.548579,0.280551,-0.163516,-0.052872
2024-01-01 00:00:16.120,0.188765,0.246573,9.533784,0.345784,-0.211004,-0.05668
2024-01-01 00:00:16.130,-0.016638,-0.087616,9.676083,-0.170038,-0.144056,0.023975
2024-01-01 00:00:16.140,-0.038578,0.009553,10.324731,0.045445,0.497063,0.259518
2024-01-01 00:00:16.150,0.682527,-0.05295,9.440639,0.073605,0.027225,-0.251962
2024-01-01 00:00:16.160,0.063858,0.195971,9.865676,0.093413,0.072382,0.041398
2024-01-01 00:00:16.170,-0.160695,-0.485214,10.3213,-0.065644,-0.244473,0.313091
2024-01-01 00:00:16.180,-0.091134,-0.00284,9.360965,0.320346,-0.368751,0.019309
2024-01-01 00:00:16.190,0.24548,-0.018095,9.94474,-0.472426,-0.163811,-0.1853
2024-01-01 00:00:16.200,0.024212,-0.077572,9.535623,-0.105283,0.287639,-0.09276
2024-01-01 00:00:16.210,-0.307432,0.295185,9.637415,0.111983,0.066855,0.031032
2024-01-01 00:00:16.220,0.196485,-0.151733,9.535336,0.114306,0.119719,0.199621
2024-01-01 00:00:16.230,-0.142816,0.131977,9.559705,0.33819,0.147713,-0.0509
2024-01-01 00:00:16.240,0.400417,0.060919,10.740894,0.299556,-0.11827,0.123998
2024-01-01 00:00:16.250,0.23086,0.21572,10.098804,-0.071385,0.277593,-0.215305
2024-01-01 00:00:16.260,-0.095615,-0.114089,10.186794,0.324968,-0.126562,-0.216558
2024-01-01 00:00:16.270,0.273817,-0.125338,9.978262,-0.17851,0.281246,-0.07242
2024-01-01 00:00:16.280,0.014504,0.187428,9.26066,0.232722,0.08846,0.215704
2024-01-01 00:00:16.290,0.18228,0.07273,9.945076,0.452631,-0.357809,0.010331
2024-01-01 00:00:16.300,0.103612,-0.264184,10.176942,0.303736,-0.149602,0.043472
2024-01-01 00:00:16.310,-0.180909,-0.092221,9.518137,0.026443,-0.356988,0.041712
2024-01-01 00:00:16.320,-0.137559,0.066071,10.140142,-0.082945,0.232656,0.166381
2024-01-01 00:00:16.330,0.220154,0.143258,10.050883,-0.382148,-0.004947,-0.091533
2024-01-01 00:00:16.340,-0.071558,-0.116148,10.443398,0.077635,-0.445668,0.103243
2024-01-01 00:00:16.350,-0.08628,-0.498338,9.667118,-0.278804,0.075149,-0.124632
2024-01-01 00:00:16.360,-0.204157,0.089471,9.434617,-0.198284,-0.107433,0.297491
2024-01-01 00:00:16.370,0.090544,-0.208675,9.686323,-0.297686,-0.296761,-0.120059
2024-01-01 00:00:16.380,0.440865,-0.344965,10.300965,-0.115098,0.335593,-0.132358
2024-01-01 00:00:16.390,-0.228185,-0.484328,9.184685,-0.006992,0.021457,0.08245
2024-01-01 00:00:16.400,0.005177,0.139191,9.102616,0.068404,-0.058686,0.011968
2024-01-01 00:00:16.410,0.301862,0.021994,9.840573,-0.150127,-0.079885,0.049028
2024-01-01 00:00:16.420,-0.017023,-0.038587,9.658634,0.267321,-0.302656,0.034097
2024-01-01 00:00:16.430,0.096694,0.237523,9.812643,-0.052051,-0.26091,-0.163559
2024-01-01 00:00:16.440,-0.227087,0.108983,10.133297,-0.196931,0.256983,0.242004
2024-01-01 00:00:16.450,0.091551,0.276387,9.621021,0.056573,-0.094777,0.134031
2024-01-01 00:00:16.460,-0.040002,-0.238158,9.169432,0.490888,0.004414,0.203842
2024-01-01 00:00:16.470,0.9707,-0.005908,12.599213,0.08379,-0.408866,-0.07925
2024-01-01 00:00:16.480,1.013804,-0.276458,11.558948,-0.090714,-0.263618,0.062479
2024-01-01 00:00:16.490,1.313519,-0.039224,11.537809,-0.381865,0.121963,0.029605
2024-01-01 00:00:16.500,0.883897,-0.042513,12.277472,-0.054853,0.075542,0.1692
2024-01-01 00:00:16.510,0.829639,0.107151,11.768505,0.058732,0.350675,0.174037
2024-01-01 00:00:16.520,0.04155,0.007791,9.788321,-0.096895,0.268591,0.028958
2024-01-01 00:00:16.530,-0.075489,0.106603,9.975114,-0.416346,-0.046142,-0.227693
2024-01-01 00:00:16.540,0.072351,0.120288,10.180585,-0.212641,0.094591,0.266949
2024-01-01 00:00:16.550,-0.063142,0.368493,9.695956,0.363635,-0.063321,0.083398
2024-01-01 00:00:16.560,0.036009,-0.053916,10.329824,0.3585,0.410962,-0.091266
2024-01-01 00:00:16.570,0.281636,-0.160915,9.079556,-0.22166,0.229803,0.060981
2024-01-01 00:00:16.580,-0.215148,0.04208,10.069847,0.168189,0.033937,-0.226664
2024-01-01 00:00:16.590,0.243649,-0.13719,9.522882,-0.294643,0.040079,0.158303
2024-01-01 00:00:16.600,0.281533,0.253415,10.279317,0.351079,0.28897,-0.220682
2024-01-01 00:00:16.610,-0.025237,-0.04843,9.858579,0.061309,0.115916,-0.033125
2024-01-01 00:00:16.620,-0.453546,-0.096714,9.579866,0.23741,0.311726,0.036668
2024-01-01 00:00:16.630,-0.129922,-0.080595,10.036692,-0.428773,-0.43873,0.155826
2024-01-01 00:00:16.640,0.277233,0.122849,10.11547,0.169409,0.092246,0.015982
2024-01-01 00:00:16.650,-0.004888,-0.026975,10.029528,-0.001919,-0.103087,0.095244
2024-01-01 00:00:16.660,-0.213601,-0.109725,9.457844,0.212982,0.351276,-0.004225
2024-01-01 00:00:16.670,-0.107896,0.284775,9.644466,0.228717,0.30928,-0.004828
2024-01-01 00:00:16.680,0.179683,-0.146405,9.808607,0.016446,0.006567,0.012822
2024-01-01 00:00:16.690,0.116864,0.006082,9.795889,-0.150207,0.307126,-0.028359
2024-01-01 00:00:16.700,-0.051072,0.111544,10.066413,0.194924,0.356623,-0.252986
2024-01-01 00:00:16.710,-0.078409,-0.278958,9.120904,-0.015039,0.014881,-0.115249
2024-01-01 00:00:16.720,-0.083738,0.082125,9.92434,-0.218196,0.494387,0.036716
2024-01-01 00:00:16.730,-0.197165,-0.180423,9.710826,-0.230038,-0.006268,-0.037368
2024-01-01 00:00:16.740,0.345287,0.140696,9.523233,-0.369291,-0.042904,-0.023371
2024-01-01 00:00:16.750,-0.068896,-0.164613,9.55607,-0.127573,0.173175,-0.048503
2024-01-01 00:00:16.760,0.260168,0.118464,9.736628,0.275673,-0.070758,-0.12954
2024-01-01 00:00:16.770,0.325181,0.189097,8.578429,0.044457,0.017068,-0.073965
2024-01-01 00:00:16.780,0.213389,0.147306,9.570159,-0.132442,0.281887,-0.046025
2024-01-01 00:00:16.790,-0.092259,0.042975,9.510471,0.201214,0.003844,0.000771
2024-01-01 00:00:16.800,0.086297,-0.039552,9.992212,-0.208119,-0.339004,0.059007
2024-01-01 00:00:16.810,-0.005172,-0.098568,9.53451,0.023838,0.073464,-0.027083
2024-01-01 00:00:16.820,-0.193166,0.251547,9.736431,-0.044908,-0.139259,-0.154448
2024-01-01 00:00:16.830,0.069332,-0.119614,10.337459,0.194783,0.173054,-0.209712
2024-01-01 00:00:16.840,-0.25202,-0.177338,10.150068,-0.394307,0.139238,0.389616
2024-01-01 00:00:16.850,0.253866,0.113778,10.118577,-0.212549,0.29428,-0.169472
2024-01-01 00:00:16.860,-0.099312,-0.136139,9.639044,-0.409561,0.181506,-0.077794
2024-01-01 00:00:16.870,0.042998,-0.162461,9.995717,-0.064899,0.218049,0.07755
2024-01-01 00:00:16.880,0.060553,-0.246856,9.730007,0.302857,-0.133819,0.054129
2024-01-01 00:00:16.890,-0.055341,-0.082578,9.742936,-0.126362,0.160797,0.07813
2024-01-01 00:00:16.900,0.125406,-0.014144,9.950112,-0.127671,0.39369,-0.066408
2024-01-01 00:00:16.910,-0.101511,0.041569,9.605828,0.217931,-0.13773,0.035784
2024-01-01 00:00:16.920,0.18624,0.162673,10.320607,0.267137,0.359948,0.009202
2024-01-01 00:00:16.930,-0.287703,0.0901,9.755235,-0.022143,-0.10987,-0.04682
2024-01-01 00:00:16.940,0.027014,-0.032639,10.021479,0.171179,-0.170394,0.036811
2024-01-01 00:00:16.950,0.414446,-0.033891,10.307815,-0.269239,0.05924,0.158305
2024-01-01 00:00:16.960,-0.213821,0.087237,10.162826,0.344494,0.143182,-0.00333
2024-01-01 00:00:16.970,-0.144868,0.217609,9.32815,0.537177,0.18235,-0.002332
2024-01-01 00:00:16.980,0.109848,0.0216,9.962154,0.130304,-0.192352,0.160224
2024-01-01 00:00:16.990,0.038386,-0.080221,10.100946,-0.521083,0.086908,0.144204
2024-01-01 00:00:17.000,0.074947,-0.16978,10.115017,-0.139558,-0.137111,0.23759
2024-01-01 00:00:17.010,0.104564,-0.24713,9.429253,0.153206,-0.297784,-0.263435
2024-01-01 00:00:17.020,0.135672,0.113932,9.585294,-0.105371,-0.185747,0.135768
2024-01-01 00:00:17.030,0.237198,0.098834,10.150139,0.31805,-0.15018,0.090237
2024-01-01 00:00:17.040,0.847599,0.098729,11.639478,0.147039,0.104319,-0.132848
2024-01-01 00:00:17.050,0.708431,-0.022001,11.797504,-0.176619,0.230443,0.037738
2024-01-01 00:00:17.060,0.903763,0.240586,12.43895,0.008066,-0.294641,0.157668
2024-01-01 00:00:17.070,1.1661,-0.082784,11.883653,-0.223458,0.070392,-0.124374
2024-01-01 00:00:17.080,0.73165,0.163351,11.651443,-0.045646,-0.23534,0.066384
2024-01-01 00:00:17.090,-0.208306,-0.006625,9.509855,-0.138648,0.125817,0.130703
2024-01-01 00:00:17.100,0.236638,-0.104028,9.92379,0.29369,-0.124546,-0.160653
2024-01-01 00:00:17.110,-0.025731,0.101323,9.354063,0.529003,-0.210266,-0.021343
2024-01-01 00:00:17.120,-0.464408,0.070048,9.725411,-0.357797,0.159933,0.045145
2024-01-01 00:00:17.130,0.181136,0.061042,9.923965,-0.480804,-0.117385,-0.11942
2024-01-01 00:00:17.140,-0.114426,0.013899,10.254309,-0.061293,-0.063193,-0.131873
2024-01-01 00:00:17.150,-0.019351,-0.00648,10.038301,-0.379604,-0.443998,-0.020257
2024-01-01 00:00:17.160,0.070961,0.408412,9.56579,0.011553,0.18931,0.120246
2024-01-01 00:00:17.170,0.040719,0.202508,10.213019,0.187234,0.164182,0.09656
2024-01-01 00:00:17.180,0.151645,0.123603,9.707566,0.373535,0.001092,-0.129212
2024-01-01 00:00:17.190,-0.093085,0.019118,9.38739,0.050349,-0.305516,0.097825
2024-01-01 00:00:17.200,0.109676,0.172224,9.751162,-0.048289,0.241874,-0.125391
2024-01-01 00:00:17.210,-0.055478,0.088577,10.301854,-0.494596,-0.133253,-0.241525
2024-01-01 00:00:17.220,0.157921,0.004481,9.866512,0.006546,-0.090671,-0.055072
2024-01-01 00:00:17.230,0.131535,-0.051909,9.814282,0.017822,0.462409,0.168445
2024-01-01 00:00:17.240,-0.19995,-0.013837,10.369926,0.159739,-0.140727,0.098394
2024-01-01 00:00:17.250,0.232129,-0.542143,9.320477,-0.177122,0.148442,-0.000236
2024-01-01 00:00:17.260,-0.114562,0.036013,9.370325,-0.108763,0.112418,-0.062506
2024-01-01 00:00:17.270,0.172722,-0.083529,9.257381,-0.369501,0.078034,-0.058464
2024-01-01 00:00:17.280,0.078508,0.272347,9.937446,-0.572823,0.0564,0.016318
2024-01-01 00:00:17.290,0.392912,0.003308,9.866941,-0.277124,0.075278,-0.160266
2024-01-01 00:00:17.300,-0.047766,-0.203313,10.337616,-0.392581,0.054388,-0.052216
2024-01-01 00:00:17.310,-0.074666,-0.00853,9.893268,0.084178,-0.010384,-0.032335
2024-01-01 00:00:17.320,-0.004151,-0.178887,9.671778,-0.129534,0.302257,-0.202661
2024-01-01 00:00:17.330,-0.064805,0.080953,9.810614,-0.134559,-0.262532,-0.125767
2024-01-01 00:00:17.340,0.170988,0.049752,9.850256,-0.246103,0.204292,0.061576
2024-01-01 00:00:17.350,-0.345486,0.163791,9.238258,-0.808141,0.164468,0.001427
2024-01-01 00:00:17.360,-0.225225,-0.135241,10.736933,0.377078,0.13968,-0.046314
2024-01-01 00:00:17.370,-0.228243,0.005815,9.987796,-0.250068,0.223396,-0.136714
2024-01-01 00:00:17.380,0.203128,-0.233419,9.881823,-0.103105,-0.01852,0.236527
2024-01-01 00:00:17.390,0.365644,0.119956,10.020386,-0.363723,-0.373795,-0.125697
2024-01-01 00:00:17.400,-0.022326,0.088727,10.052619,0.242983,-0.014459,0.037739
2024-01-01 00:00:17.410,-0.036086,0.084783,9.761931,0.035857,-0.198239,-0.07318
2024-01-01 00:00:17.420,0.014974,0.000277,9.594116,-0.206591,-0.146372,0.005442
2024-01-01 00:00:17.430,0.248351,0.070926,10.015012,-0.098057,-0.248484,0.068641
2024-01-01 00:00:17.440,-0.198222,0.274342,9.941913,0.419545,-0.095469,-0.205538
2024-01-01 00:00:17.450,0.050951,-0.048751,9.533018,-0.018242,-0.119325,-0.000992
2024-01-01 00:00:17.460,0.208448,0.023708,10.29531,-0.045433,-0.475514,0.178609
2024-01-01 00:00:17.470,0.107109,-0.185728,9.910326,-0.235345,0.140044,0.264225
2024-01-01 00:00:17.480,0.040523,-0.148473,10.059598,-0.473645,0.444064,-0.019502
2024-01-01 00:00:17.490,0.213974,0.016726,10.286037,-0.04001,0.121247,0.006252
2024-01-01 00:00:17.500,-0.577816,0.188773,9.817486,0.081371,-0.040585,0.3317
2024-01-01 00:00:17.510,0.144896,-0.043824,9.918398,0.274896,-0.010949,0.170239
2024-01-01 00:00:17.520,-0.139809,-0.040342,10.087029,-0.562124,-0.084197,-0.092593
2024-01-01 00:00:17.530,-0.391298,-0.069577,9.562098,-0.281274,0.018008,-0.092848
2024-01-01 00:00:17.540,0.86927,-0.091443,11.918486,-0.145185,-0.007402,0.143482
2024-01-01 00:00:17.550,1.05362,0.05044,11.942938,-0.00087,-0.16821,-0.151656
2024-01-01 00:00:17.560,0.73062,-0.256031,11.573028,-0.036258,0.336578,0.163159
2024-01-01 00:00:17.570,0.963677,0.219041,12.692632,-0.030422,-0.297431,0.050145
2024-01-01 00:00:17.580,1.104624,-0.113787,11.418706,0.102024,0.143666,0.077658
2024-01-01 00:00:17.590,0.281063,0.123445,9.366048,-0.225823,-0.02024,-0.03851
2024-01-01 00:00:17.600,0.350542,-0.21717,10.259465,0.233535,0.380166,-0.094474
2024-01-01 00:00:17.610,0.15863,0.114372,10.053937,0.108363,0.068173,0.219299
2024-01-01 00:00:17.620,0.016124,0.114903,9.45912,-0.079958,-0.071981,-0.037011
2024-01-01 00:00:17.630,-0.34242,0.065699,10.017693,0.400227,-0.049541,-0.06164
2024-01-01 00:00:17.640,-0.052596,-0.170047,10.312005,0.389104,0.007981,-0.012021
2024-01-01 00:00:17.650,-0.180244,0.042673,9.79965,0.233224,-0.228558,0.028953
2024-01-01 00:00:17.660,0.464039,-0.202303,10.698797,-0.754639,-0.153374,-0.154624
2024-01-01 00:00:17.670,-0.037596,-0.043223,9.220371,0.394736,-0.356989,-0.084731
2024-01-01 00:00:17.680,0.026335,0.17603,10.047288,0.19869,-0.184595,-0.092705
2024-01-01 00:00:17.690,0.11788,0.136236,10.208953,0.501602,0.018781,0.126792
2024-01-01 00:00:17.700,0.00932,0.002596,10.11484,0.309366,0.060035,-0.132894
2024-01-01 00:00:17.710,0.362317,-0.166692,9.74011,0.394586,-0.395866,-0.263365
2024-01-01 00:00:17.720,-0.133091,0.110395,9.710669,0.219664,-0.027442,-0.295064
2024-01-01 00:00:17.730,0.041597,0.003314,9.961898,0.337173,0.112682,-0.220557
2024-01-01 00:00:17.740,-0.158703,-0.396774,10.088988,0.498531,-0.032582,0.204231
2024-01-01 00:00:17.750,-0.282155,0.13383,10.016046,0.054139,-0.126758,0.002431
2024-01-01 00:00:17.760,-0.130766,-0.004144,10.1657,-0.393058,-0.082432,0.075187
2024-01-01 00:00:17.770,-0.007917,0.205619,9.461546,-0.076865,-0.108153,0.080473
2024-01-01 00:00:17.780,-0.091763,-0.187291,9.732102,0.097486,-0.127346,0.008428
2024-01-01 00:00:17.790,-0.148005,-0.543216,9.488515,0.018722,0.034765,-0.011217
2024-01-01 00:00:17.800,-0.3006,0.047723,9.677949,-0.31164,0.461538,0.156679
2024-01-01 00:00:17.810,-0.017764,0.049857,10.157206,-0.407767,-0.14874,0.021899
2024-01-01 00:00:17.820,-0.321634,-0.289105,9.846931,-0.185291,-0.063629,0.209865
2024-01-01 00:00:17.830,0.162462,-0.167323,10.701546,0.201935,-0.01034,0.093124
2024-01-01 00:00:17.840,0.017621,0.471142,9.876145,0.395085,-0.137471,-0.092669
2024-01-01 00:00:17.850,-0.311552,-0.052259,9.830415,0.229142,0.219647,-0.07457
2024-01-01 00:00:17.860,-0.066093,0.124994,9.846315,0.264357,-0.474177,-0.10912
2024-01-01 00:00:17.870,-0.160773,-0.111263,9.591869,-0.020204,-0.106212,0.182632
2024-01-01 00:00:17.880,0.068224,-0.357442,9.79022,-0.435521,0.163663,-0.060758
2024-01-01 00:00:17.890,0.286521,-0.029114,10.195704,-0.113805,-0.058819,-0.119771
2024-01-01 00:00:17.900,-0.400818,-0.045418,9.848978,-0.064691,-0.164168,0.047967
2024-01-01 00:00:17.910,0.024587,-0.068379,9.538637,-0.124263,0.088151,-0.014575
2024-01-01 00:00:17.920,-0.034228,-0.019604,9.493621,0.013674,0.181269,0.044185
2024-01-01 00:00:17.930,0.143499,0.04519,9.656031,0.110355,0.042127,0.283472
2024-01-01 00:00:17.940,0.045571,-0.02567,9.835261,0.213254,-0.160244,0.136961
2024-01-01 00:00:17.950,-0.160733,-0.216145,10.218207,-0.06953,0.091241,0.004052
2024-01-01 00:00:17.960,-0.068198,0.083138,9.351553,-0.47594,-0.08041,-0.211264
2024-01-01 00:00:17.970,-0.170151,-0.333343,9.700619,-0.120719,0.149037,-0.074994
2024-01-01 00:00:17.980,0.229997,-0.350611,9.859354,0.010928,0.296652,0.106657
2024-01-01 00:00:17.990,0.004555,0.1264,9.182873,0.305702,-0.521115,-0.175656
2024-01-01 00:00:18.000,0.40638,0.0867,9.524909,-0.141952,0.022213,0.321146
2024-01-01 00:00:18.010,-0.012966,-0.009815,9.577478,0.128136,-0.347147,0.002162
2024-01-01 00:00:18.020,-0.151422,-0.238622,9.537778,0.072522,0.488358,0.007327
2024-01-01 00:00:18.030,-0.323556,-0.121053,9.875626,0.010975,-0.093625,-0.099997
2024-01-01 00:00:18.040,-0.385421,-0.04493,9.755089,0.232633,0.149275,0.074511
2024-01-01 00:00:18.050,-0.338609,-0.272898,9.620092,-0.16521,-0.007063,-0.1737
2024-01-01 00:00:18.060,0.057098,-0.126374,9.956363,-0.143797,-0.160617,0.324734
2024-01-01 00:00:18.070,0.10874,0.111548,10.399292,-0.002975,-0.184411,0.197603
2024-01-01 00:00:18.080,-0.33798,0.244069,10.370626,-0.160037,0.317136,0.147644
2024-01-01 00:00:18.090,0.191314,-0.071723,9.152412,0.127003,0.191188,-0.208564
2024-01-01 00:00:18.100,-0.103254,0.12936,10.007359,-0.178298,0.388717,0.030812
2024-01-01 00:00:18.110,0.791377,-0.327304,11.839116,0.056576,0.011091,0.181363
2024-01-01 00:00:18.120,1.104612,0.112766,11.953063,-0.025043,0.057584,0.088966
2024-01-01 00:00:18.130,0.951699,-0.137475,11.763787,0.053731,-0.053438,-0.150316
2024-01-01 00:00:18.140,0.702602,0.052556,11.940215,-0.114935,-0.057416,-0.097514
2024-01-01 00:00:18.150,0.569508,-0.042366,11.951781,-0.084772,-0.208377,-0.06779
2024-01-01 00:00:18.160,-0.459951,0.225791,9.611998,0.024002,0.016802,-0.090516
2024-01-01 00:00:18.170,-0.153719,-0.149528,9.503442,0.050519,-0.157849,0.229317
2024-01-01 00:00:18.180,-0.045129,0.107321,9.656546,-0.00105,0.088382,-0.288152
2024-01-01 00:00:18.190,-0.21101,-0.047796,9.890117,0.426341,0.034002,0.098388
2024-01-01 00:00:18.200,-0.028056,-0.02707,10.014857,-0.247684,0.057536,-0.193846
2024-01-01 00:00:18.210,0.016427,-0.031439,10.101845,-0.016051,0.335026,-0.144188
2024-01-01 00:00:18.220,-0.048063,-0.14461,9.640987,-0.393407,-0.007544,-0.30146
2024-01-01 00:00:18.230,-0.138938,-0.002411,9.907075,0.09302,0.151345,-0.082358
2024-01-01 00:00:18.240,0.03605,-0.010713,10.139176,-0.278812,0.410302,0.22661
2024-01-01 00:00:18.250,0.094465,0.041252,10.208633,-0.069578,0.261323,0.039724
2024-01-01 00:00:18.260,-0.233073,0.01445,9.789879,-0.093016,0.230634,-0.179754
2024-01-01 00:00:18.270,0.301587,0.136457,9.734441,0.070223,-0.061338,0.152572
2024-01-01 00:00:18.280,-0.021073,0.15792,9.875364,-0.138198,0.045929,0.184696
2024-01-01 00:00:18.290,0.004029,-0.179657,9.4168,-0.148826,-0.263655,0.015607
2024-01-01 00:00:18.300,0.151381,0.14856,9.743786,0.358964,0.099783,0.305212
2024-01-01 00:00:18.310,0.04985,-0.202864,10.064649,0.071142,0.054892,0.123235
2024-01-01 00:00:18.320,0.203733,0.100523,10.029546,-0.140263,0.004677,0.102398
2024-01-01 00:00:18.330,0.061373,0.105975,9.717568,-0.062708,0.205439,-0.120507
2024-01-01 00:00:18.340,-0.130908,-0.326835,9.88446,0.411339,-0.241555,0.09411
2024-01-01 00:00:18.350,0.077271,0.015899,9.52797,-0.058791,0.326973,0.032519
2024-01-01 00:00:18.360,-0.244471,-0.080113,10.050594,-0.172319,0.180353,0.077974
2024-01-01 00:00:18.370,0.023205,-0.129749,9.783385,-0.171249,-0.014127,-0.102688
2024-01-01 00:00:18.380,-0.007103,0.230996,9.715625,-0.137282,-0.029746,0.019215
2024-01-01 00:00:18.390,-0.044485,-0.111779,9.68629,-0.148624,0.096122,-0.122529
2024-01-01 00:00:18.400,-0.027475,-0.13789,9.78849,-0.319912,0.30417,-0.32207
2024-01-01 00:00:18.410,-0.402245,0.012944,9.656826,-0.28105,0.020322,0.149746
2024-01-01 00:00:18.420,-0.11729,0.117236,10.035085,-0.20733,0.028806,-0.225358
2024-01-01 00:00:18.430,0.019846,-0.024222,9.674813,0.147893,0.003624,0.016078
2024-01-01 00:00:18.440,0.034169,0.199449,10.354794,-0.095309,0.356405,0.04995
2024-01-01 00:00:18.450,-0.219666,0.090797,10.311102,-0.05179,-0.073777,0.048984
2024-01-01 00:00:18.460,0.270545,-0.372474,9.505092,0.317522,-0.005902,-0.042462
2024-01-01 00:00:18.470,-0.185145,-0.090539,9.833839,0.323752,0.292687,0.040682
2024-01-01 00:00:18.480,0.207221,-0.096075,9.587475,-0.070531,0.029402,0.070645
2024-01-01 00:00:18.490,0.091313,0.081971,9.698287,-0.157716,0.227412,0.110245
2024-01-01 00:00:18.500,-0.138131,-0.448844,10.49483,-0.216108,-0.182256,0.260016
2024-01-01 00:00:18.510,0.379473,0.435881,9.704811,0.173194,-0.041059,0.035129
2024-01-01 00:00:18.520,-0.25514,0.090805,9.933197,-0.051177,0.296887,0.009607
2024-01-01 00:00:18.530,0.196469,0.025458,9.995132,-0.096624,-0.135268,-0.136009
2024-01-01 00:00:18.540,0.213874,0.202048,9.467785,-0.203416,-0.03026,0.065392
2024-01-01 00:00:18.550,-0.143345,0.400765,9.517557,-0.192417,0.051337,0.100107
2024-01-01 00:00:18.560,0.297639,0.148898,9.39754,0.080015,-0.197831,-0.028845
2024-01-01 00:00:18.570,-0.053447,0.162247,9.506998,-0.32886,-0.082762,0.081692
2024-01-01 00:00:18.580,0.061708,0.022348,8.83529,0.248717,0.022527,-0.043877
2024-01-01 00:00:18.590,0.055644,-0.024201,9.996247,-0.133461,0.009336,0.100649
2024-01-01 00:00:18.600,-0.028708,-0.081361,10.512534,-0.037409,0.25607,0.13689
2024-01-01 00:00:18.610,0.93331,-0.141265,11.950555,-0.334244,0.308291,0.134794
2024-01-01 00:00:18.620,0.929608,-0.117479,11.415636,-0.003091,-0.171217,0.017677
2024-01-01 00:00:18.630,0.386251,-0.230945,11.68017,-0.08208,0.022254,-0.155995
2024-01-01 00:00:18.640,1.038803,-0.012974,11.743064,-0.01252,0.13485,-0.091787
2024-01-01 00:00:18.650,0.404642,-0.288078,11.551986,0.367927,0.303269,0.089274
2024-01-01 00:00:18.660,0.220707,0.032647,10.104182,0.044425,0.143698,0.367322
2024-01-01 00:00:18.670,0.240833,-0.006213,10.087109,-0.198665,0.058183,-0.051108
2024-01-01 00:00:18.680,-0.233194,0.025126,9.414835,-0.17783,0.133309,0.068376
2024-01-01 00:00:18.690,-0.087812,-0.089284,10.057978,0.148783,0.134754,-0.083408
2024-01-01 00:00:18.700,-0.236344,0.526143,10.33217,0.324673,-0.185543,-0.146095
2024-01-01 00:00:18.710,-0.045939,0.23258,10.460675,0.07048,0.03856,-0.101447
2024-01-01 00:00:18.720,-0.065842,-0.212817,10.789903,0.172178,0.291832,-0.312371
2024-01-01 00:00:18.730,0.166652,0.03982,9.501519,0.152434,-0.041471,0.203015
2024-01-01 00:00:18.740,0.280078,-0.103969,10.775883,0.354766,0.025889,-0.33452
2024-01-01 00:00:18.750,0.298327,-0.173476,9.688861,-0.487398,-0.048503,-0.039574
2024-01-01 00:00:18.760,-0.120163,-0.229152,9.607377,0.166805,-0.462772,-0.176719
2024-01-01 00:00:18.770,-0.044721,0.073909,9.921859,0.245934,0.004118,-0.132657
2024-01-01 00:00:18.780,-0.359835,-0.116516,9.610935,-0.334681,0.060358,0.206478
2024-01-01 00:00:18.790,-0.172255,0.165498,9.946473,-0.221417,-0.102499,0.03016
2024-01-01 00:00:18.800,0.206237,0.169937,9.358534,-0.212696,-0.230927,-0.144809
2024-01-01 00:00:18.810,0.345331,0.234939,9.728347,-0.182198,-0.176121,-0.088428
2024-01-01 00:00:18.820,-0.263842,-0.145758,10.249669,-0.120429,0.152838,-0.114822
2024-01-01 00:00:18.830,-0.126639,0.081288,9.790485,0.060651,0.394505,-0.006532
2024-01-01 00:00:18.840,-0.005644,0.10815,9.858426,0.216419,0.276487,0.025934
2024-01-01 00:00:18.850,0.059884,-0.081084,9.972538,0.270329,-0.268869,0.284336
2024-01-01 00:00:18.860,-0.173053,-0.131973,10.210366,-0.209456,0.170925,-0.287445
2024-01-01 00:00:18.870,0.090643,0.275228,9.243913,-0.211176,-0.132632,-0.005222
2024-01-01 00:00:18.880,-0.101283,0.038902,10.009907,0.328955,-0.116453,-0.047335
2024-01-01 00:00:18.890,-0.003089,0.10875,9.718296,0.161686,-0.092395,0.141982
2024-01-01 00:00:18.900,0.116768,-0.140575,9.86699,0.020716,0.141213,0.053223
2024-01-01 00:00:18.910,0.001373,-0.208498,10.172503,0.118334,0.191851,0.088554
2024-01-01 00:00:18.920,-0.093277,-0.097376,9.401588,-0.007451,-0.019606,0.051763
2024-01-01 00:00:18.930,-0.023429,-0.021208,9.463676,0.131146,-0.016214,-0.139799
2024-01-01 00:00:18.940,-0.018888,-0.181982,9.148083,-0.084017,0.092853,0.18169
2024-01-01 00:00:18.950,-0.07909,-0.001683,9.622188,0.067201,0.113599,0.119776
2024-01-01 00:00:18.960,-0.055318,-0.288734,10.265008,-0.377637,0.235245,0.137329
2024-01-01 00:00:18.970,0.341711,-0.191528,9.768759,-0.171946,-0.256874,0.189608
2024-01-01 00:00:18.980,0.119897,0.114726,9.351677,-0.169253,0.004005,0.062651
2024-01-01 00:00:18.990,-0.063159,0.103248,9.643898,-0.093598,-0.213605,0.222149
2024-01-01 00:00:19.000,0.148974,-0.067011,9.301151,-0.231628,-0.010188,0.056646
2024-01-01 00:00:19.010,-0.071354,-0.174038,9.425186,-0.133386,-0.045235,-0.032859
2024-01-01 00:00:19.020,0.250755,-0.175686,9.942976,-0.378604,-0.00935,-0.000991
2024-01-01 00:00:19.030,0.079011,-0.063829,9.408535,0.137175,-0.159949,-0.003577
2024-01-01 00:00:19.040,-0.022936,0.110213,10.190521,-0.020628,-0.297458,-0.077909
2024-01-01 00:00:19.050,0.095699,0.15873,9.785677,-0.426302,-0.418888,0.244783
2024-01-01 00:00:19.060,-0.335775,-0.084907,9.839273,-0.208707,-0.026236,0.044444
2024-01-01 00:00:19.070,-0.240847,-0.197247,9.714796,0.08415,-0.0862,0.014211
2024-01-01 00:00:19.080,-0.255201,0.045801,10.074314,-0.135755,-0.135188,0.058241
2024-01-01 00:00:19.090,0.030554,-0.140824,10.077841,-0.174235,0.26451,0.446978
2024-01-01 00:00:19.100,0.370325,-0.088621,9.924589,-0.018648,-0.171888,-0.169759
2024-01-01 00:00:19.110,0.47694,0.226622,10.003158,0.085899,0.283367,-0.126756
2024-01-01 00:00:19.120,0.136383,0.141437,9.737465,-0.359088,0.324769,-0.207086
2024-01-01 00:00:19.130,0.107056,0.027014,9.995433,0.137532,-0.39018,-0.03489
2024-01-01 00:00:19.140,-0.384976,-0.217498,9.694446,-0.200073,0.018476,0.036828
2024-01-01 00:00:19.150,-0.115997,0.036149,9.810763,-0.004482,-0.079939,-0.069798
2024-01-01 00:00:19.160,-0.168389,0.181714,9.716072,-0.008855,-0.582361,-0.080959
2024-01-01 00:00:19.170,0.627294,-0.064233,11.743631,-0.131767,-0.288928,0.021361
2024-01-01 00:00:19.180,0.724059,0.231041,11.664324,-0.255915,0.154987,-0.075316
2024-01-01 00:00:19.190,0.659091,0.221059,12.05995,-0.071422,0.40384,0.046526
2024-01-01 00:00:19.200,0.336925,0.284498,12.348227,0.406333,0.180536,0.167135
2024-01-01 00:00:19.210,0.919866,0.052197,12.300517,-0.340419,0.064726,0.101555
2024-01-01 00:00:19.220,-0.229299,0.100444,9.380255,0.423078,-0.004266,0.132152
2024-01-01 00:00:19.230,0.051139,0.241826,10.250907,-0.06493,0.336533,0.162888
2024-01-01 00:00:19.240,0.443335,0.076504,9.70119,0.008843,0.429648,0.042424
2024-01-01 00:00:19.250,-0.196518,-0.085711,10.015451,-0.271678,-0.117369,-0.023796
2024-01-01 00:00:19.260,-0.540849,-0.076701,9.500074,-0.192817,-0.399997,-0.115838
2024-01-01 00:00:19.270,-0.061133,0.040793,9.858557,-0.125727,-0.419637,-0.058677
2024-01-01 00:00:19.280,0.23533,-0.220686,9.917293,-0.261424,0.264376,-0.078553
2024-01-01 00:00:19.290,0.418597,-0.024497,9.302265,-0.052229,-0.009412,0.109751
2024-01-01 00:00:19.300,-0.262816,0.18751,10.018027,-0.101754,0.036648,0.052017
2024-01-01 00:00:19.310,0.106169,-0.374704,10.27031,0.462695,-0.35813,0.104514
2024-01-01 00:00:19.320,-0.09946,0.262396,9.75027,-0.291494,-0.150638,-0.174051
2024-01-01 00:00:19.330,-0.022646,0.191926,10.275178,0.025673,-0.059096,0.214762
2024-01-01 00:00:19.340,0.565228,-0.07862,9.745125,0.061962,0.041568,-0.064047
2024-01-01 00:00:19.350,-0.32126,0.09292,10.100558,-0.26758,-0.079718,-0.165002
2024-01-01 00:00:19.360,0.054237,0.000538,9.051249,0.171707,-0.207465,-0.065883
2024-01-01 00:00:19.370,0.099969,0.210328,10.637222,-0.099582,-0.156913,0.372565
2024-01-01 00:00:19.380,0.232087,0.168039,10.321447,-0.623097,0.241665,-0.058158
2024-01-01 00:00:19.390,0.020944,-0.239412,9.712658,0.164962,0.048957,-0.048764
2024-01-01 00:00:19.400,0.065846,0.100422,9.135546,-0.279235,0.122431,-0.028816
2024-01-01 00:00:19.410,-0.083715,-0.035162,9.908506,-0.261944,-0.179775,-0.022293
2024-01-01 00:00:19.420,0.057526,0.014164,9.316177,0.171976,-0.590765,-0.117221
2024-01-01 00:00:19.430,-0.073357,-0.124517,9.96214,-0.08679,-0.104621,0.021482
2024-01-01 00:00:19.440,0.132861,0.298931,9.950755,0.229443,-0.173314,0.161339
2024-01-01 00:00:19.450,-0.079004,0.177851,9.48804,0.302542,0.069802,0.047143
2024-01-01 00:00:19.460,0.080605,-0.126501,10.193371,-0.161232,0.657145,-0.166675
2024-01-01 00:00:19.470,-0.006255,-0.228218,10.085507,0.198316,0.139033,-0.051652
2024-01-01 00:00:19.480,0.240693,-0.06595,10.143732,-0.188865,0.547192,-0.082729
2024-01-01 00:00:19.490,-0.010985,0.0743,9.813029,0.558279,0.113754,0.007941
2024-01-01 00:00:19.500,-0.378986,0.041075,9.325891,-0.173239,-0.125977,0.199568
2024-01-01 00:00:19.510,0.269736,0.214286,10.144432,0.256522,0.069583,-0.022332
2024-01-01 00:00:19.520,-0.1936,0.135076,9.717533,0.210948,0.356128,-0.013223
2024-01-01 00:00:19.530,-0.139743,0.165796,9.334695,0.079022,0.365913,0.266647
2024-01-01 00:00:19.540,-0.127323,0.055892,10.272397,-0.167636,-0.115067,0.131431
2024-01-01 00:00:19.550,0.293786,-0.23757,10.527997,-0.037849,0.050637,0.086112
2024-01-01 00:00:19.560,-0.4565,-0.033464,9.795893,-0.538397,-0.285853,0.29372
2024-01-01 00:00:19.570,0.670694,0.181275,10.548419,0.056105,0.164934,0.073472
2024-01-01 00:00:19.580,0.225732,-0.00881,9.84123,0.087404,0.310671,-0.297979
2024-01-01 00:00:19.590,0.047717,0.086028,9.679884,0.033375,0.00796,0.1249
2024-01-01 00:00:19.600,-0.011734,-0.054506,9.594383,-0.743327,-0.133477,-0.238801
2024-01-01 00:00:19.610,0.061037,-0.176098,10.369882,-0.316409,0.072026,0.067801
2024-01-01 00:00:19.620,0.11139,-0.021092,9.543191,-0.187023,0.083492,-0.257062
2024-01-01 00:00:19.630,0.137915,0.052847,10.061462,0.072915,0.016229,-0.070028
2024-01-01 00:00:19.640,0.11876,-0.112123,9.618766,0.072335,0.035743,-0.054568
2024-01-01 00:00:19.650,0.019148,-0.040307,9.652575,-0.042556,-0.034763,-0.115518
2024-01-01 00:00:19.660,-0.042181,-0.160648,10.162345,0.158811,0.199191,-0.052328
2024-01-01 00:00:19.670,0.727665,0.191391,11.770027,-0.256561,0.147245,0.154884
2024-01-01 00:00:19.680,0.718338,-0.050352,11.76156,0.152559,-0.196621,-0.107093
2024-01-01 00:00:19.690,1.002343,0.248421,12.287419,0.118686,-0.202118,0.081771
2024-01-01 00:00:19.700,0.886873,0.261416,12.44631,0.094389,-0.050875,-0.144847
2024-01-01 00:00:19.710,0.131492,-0.013859,12.120484,-0.04551,0.147367,-0.028425
2024-01-01 00:00:19.720,0.140199,-0.172445,9.586069,0.457686,0.029611,0.048576
2024-01-01 00:00:19.730,0.041625,-0.356689,9.635372,0.123299,-0.12863,-0.149479
2024-01-01 00:00:19.740,-0.003999,-0.251718,9.837331,-0.242084,0.052304,-0.196758
2024-01-01 00:00:19.750,-0.083046,-0.234926,9.919758,0.062076,-0.066162,0.073782
2024-01-01 00:00:19.760,0.240279,0.235718,9.47215,0.188121,0.176097,0.168462
2024-01-01 00:00:19.770,0.202534,0.019806,10.057279,-0.147027,0.066612,-0.01186
2024-01-01 00:00:19.780,-0.165203,0.066622,9.839246,0.272318,-0.063056,-0.068597
2024-01-01 00:00:19.790,0.087007,-0.379692,9.223228,0.095508,0.046304,0.023351
2024-01-01 00:00:19.800,-0.207692,-0.204852,9.492307,-0.58562,0.26301,0.008322
2024-01-01 00:00:19.810,-0.294893,0.151691,9.637588,0.074918,-0.113926,0.036435
2024-01-01 00:00:19.820,-0.133961,0.049038,9.785083,-0.101507,0.080531,-0.379237
2024-01-01 00:00:19.830,0.184337,-0.025172,10.456133,0.134295,-0.014092,-0.160366
2024-01-01 00:00:19.840,0.20373,0.096588,9.891455,0.236054,0.085397,-0.126785
2024-01-01 00:00:19.850,0.109672,0.279721,9.522456,0.048791,-0.130913,0.02263
2024-01-01 00:00:19.860,0.154989,-0.037798,9.885456,0.416313,0.022067,0.027882
2024-01-01 00:00:19.870,0.110333,0.011862,9.689586,-0.044677,0.221565,0.095427
2024-01-01 00:00:19.880,-0.137117,0.032934,9.921067,0.156204,-0.187401,0.038637
2024-01-01 00:00:19.890,0.092323,0.409051,10.008554,0.201236,-0.265881,-0.19511
2024-01-01 00:00:19.900,0.171088,-0.35899,10.223557,-0.024336,-0.258291,0.217051
2024-01-01 00:00:19.910,0.16123,0.116831,9.801694,0.194694,-0.234133,0.190788
2024-01-01 00:00:19.920,0.25413,-0.019631,10.370525,-0.148668,0.119065,-0.18873
2024-01-01 00:00:19.930,0.1514,0.096918,10.120544,-0.105642,-0.281172,0.049906
2024-01-01 00:00:19.940,0.075122,-0.112411,9.568056,-0.328122,-0.059579,-0.089314
2024-01-01 00:00:19.950,0.228745,-0.008373,10.565771,0.060352,0.123658,0.02083
2024-01-01 00:00:19.960,-0.005669,0.121651,9.921832,0.081313,0.083332,0.157997
2024-01-01 00:00:19.970,-0.188501,0.532308,9.524387,0.294816,-0.077112,0.319516
2024-01-01 00:00:19.980,-0.034856,0.138174,10.375296,0.197785,0.038185,0.112692
2024-01-01 00:00:19.990,-0.159223,-0.145019,10.5206,-0.071199,0.021429,0.04424
2024-01-01 00:00:20.000,-0.144319,-0.072463,9.798705,-0.294545,-0.044848,-0.050973
2024-01-01 00:00:20.010,-0.030891,-0.077534,9.637752,0.108213,-0.042167,0.02732
2024-01-01 00:00:20.020,-0.16938,-0.307055,9.751048,0.277688,0.447085,0.203966
2024-01-01 00:00:20.030,-0.065827,-0.056445,10.054438,0.188796,0.161862,-0.006706
2024-01-01 00:00:20.040,-0.40476,0.125314,10.247027,0.271119,0.49613,-0.132917
2024-01-01 00:00:20.050,0.045592,-0.217894,10.005107,-0.052972,-0.099393,-0.242953
2024-01-01 00:00:20.060,0.000258,0.179291,9.844789,-0.116655,-0.016993,0.076957
2024-01-01 00:00:20.070,-0.174653,0.083409,10.32232,-0.184225,-0.266425,0.037093
2024-01-01 00:00:20.080,0.140914,-0.125554,9.70301,-0.013974,-0.161913,-0.096886
2024-01-01 00:00:20.090,0.200406,-0.024202,10.162574,-0.019648,0.380383,0.153902
2024-01-01 00:00:20.100,-0.343616,0.273313,9.711483,0.051669,-0.104407,-0.063267
2024-01-01 00:00:20.110,-0.163032,0.125437,9.95741,-0.032324,0.383856,-0.020197
2024-01-01 00:00:20.120,-0.164404,0.001502,9.771162,-0.033407,-0.248672,-0.0025
2024-01-01 00:00:20.130,-0.200904,-0.040644,9.790899,-0.194174,-0.210694,-0.052643
2024-01-01 00:00:20.140,0.1773,0.0131,9.680934,0.235405,-0.068246,0.03538
2024-01-01 00:00:20.150,-0.04143,-0.087512,10.26994,0.01913,-0.01275,0.172727
2024-01-01 00:00:20.160,-0.05654,-0.359912,9.559339,-0.043611,0.184617,-0.171372
2024-01-01 00:00:20.170,-0.428326,0.349212,9.556841,-0.186857,0.090154,0.073278
2024-01-01 00:00:20.180,0.135821,0.026561,10.53538,-0.332978,-0.083263,0.025824
2024-01-01 00:00:20.190,-0.264891,0.068083,10.144424,0.326991,-0.026663,0.023065
2024-01-01 00:00:20.200,0.012811,-0.009902,8.994291,0.13866,-0.063813,0.130777
2024-01-01 00:00:20.210,0.059289,-0.125705,9.616682,-0.405979,-0.182931,0.007395
2024-01-01 00:00:20.220,0.290841,-0.031793,9.1903,0.190786,-0.177593,0.072034
2024-01-01 00:00:20.230,-0.27976,-0.273497,9.484864,0.23062,0.205577,0.10738
2024-01-01 00:00:20.240,0.114579,0.389382,10.826628,0.031094,-0.365633,-0.075655
2024-01-01 00:00:20.250,0.799298,-0.211102,11.85315,0.399528,0.323472,0.044878
2024-01-01 00:00:20.260,1.144859,-0.176466,11.509456,0.05418,-0.068599,-0.037618
2024-01-01 00:00:20.270,1.024825,-0.075284,11.920488,-0.354206,-0.154502,-0.019902
2024-01-01 00:00:20.280,0.804815,0.220261,11.344209,0.091292,0.147952,-0.048309
2024-01-01 00:00:20.290,-0.105087,0.002481,9.838356,0.061224,0.297043,0.070662
2024-01-01 00:00:20.300,0.172522,-0.211379,9.668099,-0.150824,0.223526,0.012247
2024-01-01 00:00:20.310,-0.208096,0.214492,10.323668,0.14339,0.10037,0.059182
2024-01-01 00:00:20.320,0.101821,0.125001,10.292684,-0.416916,0.217373,-0.002628
2024-01-01 00:00:20.330,0.108044,0.092072,10.078588,0.247642,-0.3433,-0.240618
2024-01-01 00:00:20.340,0.22662,0.122391,9.698298,-0.21953,-0.104366,0.004705
2024-01-01 00:00:20.350,0.589877,0.409436,10.489,-0.246237,-0.182234,0.009531
2024-01-01 00:00:20.360,0.083879,0.373651,9.278862,-0.028456,0.244928,0.036389
2024-01-01 00:00:20.370,-0.108791,-0.117428,9.329983,0.108243,-0.076696,-0.089059
2024-01-01 00:00:20.380,-0.005467,0.277684,9.781346,0.040981,0.169081,-0.17932
2024-01-01 00:00:20.390,-0.37814,0.065522,10.580881,-0.185665,0.107171,0.093691
2024-01-01 00:00:20.400,-0.148495,0.085345,9.7408,-0.126522,-0.172461,-0.041041
2024-01-01 00:00:20.410,-0.087484,-0.289378,9.74733,-0.283261,-0.117392,0.025687
2024-01-01 00:00:20.420,-0.112024,-0.029136,9.316867,-0.05617,0.258764,-0.042219
2024-01-01 00:00:20.430,0.032566,-0.138993,10.133508,0.268755,-0.155097,-0.000909
2024-01-01 00:00:20.440,-0.175792,0.141598,10.135986,-0.001066,0.024974,-0.067393
2024-01-01 00:00:20.450,0.23962,0.183155,10.079864,0.214854,-0.156508,-0.145213
2024-01-01 00:00:20.460,4.4e-05,-0.354737,9.594807,0.36385,-0.06279,0.07106
2024-01-01 00:00:20.470,-0.001988,-0.003768,9.568306,-0.147005,-0.009232,-0.090468
2024-01-01 00:00:20.480,-0.070087,0.191838,9.367752,-0.046643,-0.156573,0.024593
2024-01-01 00:00:20.490,0.033172,-0.031922,9.838684,0.542798,-0.192089,0.061569
2024-01-01 00:00:20.500,0.176365,0.12467,9.440501,0.361086,0.057255,-0.088022
2024-01-01 00:00:20.510,-0.185349,0.060049,9.407324,-0.418101,-0.168947,-0.180583
2024-01-01 00:00:20.520,-0.140672,0.058424,9.665098,0.096787,-0.162132,0.363913
2024-01-01 00:00:20.530,-0.064921,-0.046395,9.642709,0.00014,-0.187811,-0.079166
2024-01-01 00:00:20.540,-0.28768,-0.208035,9.626011,0.206613,-0.015582,0.093513
2024-01-01 00:00:20.550,-0.175116,-0.191782,9.969524,-0.186245,0.18874,0.29092
2024-01-01 00:00:20.560,-0.101792,0.121299,9.837034,-0.209902,0.301306,0.118486
2024-01-01 00:00:20.570,0.186901,0.003327,9.711451,-0.169018,-0.145184,-0.045066
2024-01-01 00:00:20.580,0.056122,-0.023686,9.87259,-0.142982,0.430062,-0.010067
2024-01-01 00:00:20.590,0.04138,-0.072485,9.470898,0.203831,-0.200941,-0.124891
2024-01-01 00:00:20.600,0.181879,-0.052187,9.846005,-0.2953,0.21671,0.132254
2024-01-01 00:00:20.610,-0.029363,0.179022,9.861506,-0.155653,-0.144339,0.084941
2024-01-01 00:00:20.620,0.083462,-0.057327,9.295958,-0.447253,-0.174185,-0.077164
2024-01-01 00:00:20.630,-0.022064,-0.229322,10.150527,0.251779,-0.148951,-0.156326
2024-01-01 00:00:20.640,0.056721,0.127164,9.50855,0.317758,-0.01049,-0.198185
2024-01-01 00:00:20.650,-0.124565,-0.035034,9.840886,-0.081768,0.115994,0.147977
2024-01-01 00:00:20.660,-0.521297,0.005369,10.208229,-0.074487,0.133974,0.018056
2024-01-01 00:00:20.670,-0.028702,0.274896,10.126581,0.113305,-0.188797,0.032248
2024-01-01 00:00:20.680,0.304112,-0.003516,9.821742,0.368621,-0.197932,-0.123442
2024-01-01 00:00:20.690,0.197979,0.04945,9.686025,0.102153,-0.183328,-0.219525
2024-01-01 00:00:20.700,0.206354,-0.201596,10.134049,-0.174385,-0.022271,0.144392
2024-01-01 00:00:20.710,0.264223,-0.037563,10.040746,-0.404706,-0.042031,0.006306
2024-01-01 00:00:20.720,0.018951,0.104229,9.598519,-0.278782,-0.190035,0.136085
2024-01-01 00:00:20.730,0.042176,-0.265969,9.538146,0.018305,0.053921,-0.05789
2024-01-01 00:00:20.740,0.627977,0.034345,11.191255,-0.163832,0.452514,-0.035523
2024-01-01 00:00:20.750,0.692439,0.017235,11.952679,0.048742,-0.100943,0.106995
2024-01-01 00:00:20.760,0.891621,0.00706,11.871717,-0.138231,-0.086702,0.109852
2024-01-01 00:00:20.770,1.01733,0.177354,12.288577,-0.264537,0.111932,0.119635
2024-01-01 00:00:20.780,0.730193,0.057189,12.022797,-0.294258,-0.111763,-0.04428
2024-01-01 00:00:20.790,-0.096228,0.25275,10.266306,0.390589,0.133793,0.092182
2024-01-01 00:00:20.800,0.000113,-0.169904,9.571501,0.222247,-0.143709,0.166365
2024-01-01 00:00:20.810,0.128508,0.023243,10.199247,0.432629,0.366424,-0.015716
2024-01-01 00:00:20.820,-0.308624,0.014444,9.629111,0.134988,0.068955,-0.077023
2024-01-01 00:00:20.830,-0.490809,-0.182843,10.075938,-0.107498,-0.124005,0.201412
2024-01-01 00:00:20.840,-0.117677,0.163526,9.311105,0.330835,-0.117738,-0.098167
2024-01-01 00:00:20.850,-0.260927,0.397519,9.890416,-0.008267,-0.10276,0.094421
2024-01-01 00:00:20.860,-0.108615,-0.002908,9.131237,0.05521,0.27455,-0.008763
2024-01-01 00:00:20.870,-0.031588,0.086359,9.718639,-0.010706,-0.25375,-0.276235
2024-01-01 00:00:20.880,-0.096882,0.014453,9.960601,-0.736726,-0.133588,0.169289
2024-01-01 00:00:20.890,0.310465,-0.122023,9.631829,0.401184,-0.112332,-0.413678
2024-01-01 00:00:20.900,0.069842,-0.31135,9.45075,0.122751,-0.003138,-0.297619
2024-01-01 00:00:20.910,0.064226,-0.120687,10.099373,0.082456,-0.054222,0.0791
2024-01-01 00:00:20.920,0.132997,-0.238025,9.774616,-0.015444,-0.298246,0.079061
2024-01-01 00:00:20.930,-0.243426,0.291401,9.642567,0.040857,-0.079965,-0.095637
2024-01-01 00:00:20.940,0.22211,-0.019684,9.824328,-0.14932,-0.01991,0.022173
2024-01-01 00:00:20.950,-0.016195,-0.059152,10.711741,0.154145,-0.12562,-0.379715
2024-01-01 00:00:20.960,0.143315,0.152045,10.204498,-0.326775,0.137355,0.106046
2024-01-01 00:00:20.970,-0.229109,-0.191819,10.2076,0.046517,0.183882,0.037459
2024-01-01 00:00:20.980,-0.332116,-0.131134,9.958957,0.140393,-0.015677,-0.006846
2024-01-01 00:00:20.990,0.174824,0.01164,9.866938,-0.049667,0.046108,0.003126
2024-01-01 00:00:21.000,0.080458,0.175919,8.99054,0.092717,-0.432211,0.073988
2024-01-01 00:00:21.010,-0.192814,0.085788,9.577789,-0.247834,-0.084221,-0.004335
2024-01-01 00:00:21.020,-0.18589,0.042464,9.645644,-0.241457,0.200964,-0.281108
2024-01-01 00:00:21.030,0.240562,0.013358,9.168787,0.059179,-0.084687,0.32945
2024-01-01 00:00:21.040,-0.254237,0.06844,9.414164,0.169637,-0.147452,0.18012
2024-01-01 00:00:21.050,0.351121,0.034483,9.132554,-0.468716,0.455538,-0.192742
2024-01-01 00:00:21.060,-0.192508,-0.176125,9.796893,0.130505,0.363815,-0.051771
2024-01-01 00:00:21.070,0.136456,0.00788,10.090018,-0.1358,0.093515,-0.035405
2024-01-01 00:00:21.080,-0.070242,-0.183601,10.188517,-0.048202,0.227782,0.161827
2024-01-01 00:00:21.090,0.128931,0.013865,9.951856,-0.334879,-0.445187,-0.32389
2024-01-01 00:00:21.100,-0.116304,-0.082191,9.480518,-0.212904,-0.15751,-0.074851
2024-01-01 00:00:21.110,-0.034797,0.434234,9.149234,0.241531,-0.093992,-0.264095
2024-01-01 00:00:21.120,0.008746,-0.006822,9.209151,0.008216,-0.047196,-0.042764
2024-01-01 00:00:21.130,-0.214218,-0.240125,9.376008,-0.095695,-0.097989,-0.070875
2024-01-01 00:00:21.140,0.158351,-0.022945,9.50601,-0.029122,-0.510005,0.011954
2024-01-01 00:00:21.150,-0.109699,0.08881,9.755366,0.122303,0.077205,-0.090731
2024-01-01 00:00:21.160,-0.048863,0.286145,9.463156,0.110124,0.108731,-0.112654
2024-01-01 00:00:21.170,-0.212542,-0.100796,9.92593,-0.018757,0.32038,0.092949
2024-01-01 00:00:21.180,-0.547699,-0.270595,9.730562,0.27324,-0.157662,0.068201
2024-01-01 00:00:21.190,-0.040832,0.139679,9.813607,0.242616,-0.174033,0.08271
2024-01-01 00:00:21.200,0.515697,-0.236082,10.199966,0.103343,-0.535997,-0.026535
2024-01-01 00:00:21.210,0.167709,-0.074583,9.406361,0.013653,-0.058713,-0.085761
2024-01-01 00:00:21.220,-0.004117,-0.044053,9.953197,0.16433,0.180222,-0.017828
2024-01-01 00:00:21.230,-0.056193,-0.011907,9.805221,0.078567,-0.122354,0.075174
2024-01-01 00:00:21.240,0.004802,0.117847,9.695948,0.2652,0.428689,-0.326517
2024-01-01 00:00:21.250,0.116947,-0.116901,10.112758,0.22489,-0.051319,0.059117
2024-01-01 00:00:21.260,-0.252399,-0.046808,10.110623,-0.254563,0.029398,0.046371
2024-01-01 00:00:21.270,0.238186,-0.00244,9.4863,-0.271491,-0.272621,0.009323
2024-01-01 00:00:21.280,0.152913,0.025581,9.747701,-0.175312,0.057444,-0.022397
2024-01-01 00:00:21.290,0.153512,0.016728,9.906174,0.244035,-0.395864,-0.384918
2024-01-01 00:00:21.300,0.093724,0.074557,9.716632,-0.394077,0.13874,-0.065978
2024-01-01 00:00:21.310,0.764193,0.144297,12.100077,0.098689,0.144886,0.268416
2024-01-01 00:00:21.320,0.903824,0.06714,11.996168,0.090636,0.271858,0.001935
2024-01-01 00:00:21.330,0.8865,0.077563,12.526736,0.290662,-0.203994,-0.046093
2024-01-01 00:00:21.340,0.684324,-0.27056,11.376645,0.045085,0.032112,0.002536
2024-01-01 00:00:21.350,0.637393,0.008589,11.858127,-0.335802,0.112763,0.053216
2024-01-01 00:00:21.360,0.021772,0.081996,9.499292,-0.239839,0.088456,0.098823
2024-01-01 00:00:21.370,0.331103,0.124649,10.016605,-0.295499,-0.17306,-0.034332
2024-01-01 00:00:21.380,-0.264859,-0.118392,9.256927,-0.134486,-0.478396,0.063738
2024-01-01 00:00:21.390,-0.313684,-0.112696,9.928439,-0.045725,0.069392,0.251498
2024-01-01 00:00:21.400,0.035218,-0.098171,9.594523,-0.29136,-0.0305,0.150938
2024-01-01 00:00:21.410,0.010877,0.091727,9.558917,0.367665,-0.113334,0.351045
2024-01-01 00:00:21.420,0.037052,0.176794,9.315298,-0.33132,0.152789,-0.098516
2024-01-01 00:00:21.430,0.052145,-0.069676,9.650944,0.336526,-0.008984,0.251428
2024-01-01 00:00:21.440,-0.047709,0.155262,10.180899,0.296291,-0.263839,-0.118601
2024-01-01 00:00:21.450,0.318458,0.021115,9.801385,0.224576,-0.38629,0.053035
2024-01-01 00:00:21.460,-0.342193,-0.021253,10.024667,-0.173442,-0.225793,0.109871
2024-01-01 00:00:21.470,-0.177091,-0.036147,10.379308,0.085613,0.478602,-0.076617
2024-01-01 00:00:21.480,-0.022071,0.127671,9.900204,-0.319343,0.144555,0.013195
2024-01-01 00:00:21.490,-0.351232,0.055674,9.618891,0.227727,0.037722,0.136569
2024-01-01 00:00:21.500,-0.037589,0.389166,9.9698,-0.018496,-0.036332,-0.106541
2024-01-01 00:00:21.510,0.355139,-0.14573,9.623851,-0.10233,-0.049479,0.250408
2024-01-01 00:00:21.520,0.004464,0.088595,9.637487,-0.305936,0.233439,-0.207689
2024-01-01 00:00:21.530,0.049312,-0.090493,9.290197,-0.619377,-0.098119,0.290954
2024-01-01 00:00:21.540,-0.26936,-0.148648,10.12678,-0.259635,0.115384,0.150199
2024-01-01 00:00:21.550,-0.131747,-0.001858,9.677987,0.2782,-0.069686,-0.013459
2024-01-01 00:00:21.560,-0.080198,0.023487,9.872278,-0.100708,0.388031,-0.0604
2024-01-01 00:00:21.570,-0.067912,0.499008,9.455701,-0.042332,0.148458,-0.076054
2024-01-01 00:00:21.580,0.273951,-0.031489,9.959094,0.163889,0.249111,-0.020369
2024-01-01 00:00:21.590,0.119206,-0.193261,9.549416,0.451417,-0.116882,-0.007274
2024-01-01 00:00:21.600,-0.237574,0.046685,9.761536,0.331251,0.211627,0.188284
2024-01-01 00:00:21.610,0.05269,-0.354763,10.110217,-0.243084,-0.062515,0.295298
2024-01-01 00:00:21.620,0.106495,-0.015725,10.08044,-0.485643,0.022007,0.029907
2024-01-01 00:00:21.630,0.243707,0.00274,9.802466,0.589904,0.32701,-0.126844
2024-01-01 00:00:21.640,0.337841,0.135877,9.205299,0.567248,-0.208555,-0.081859
2024-01-01 00:00:21.650,-0.216976,0.166489,10.833541,0.047113,0.04065,-0.027464
2024-01-01 00:00:21.660,-0.173321,-0.08611,10.407084,-0.317622,0.087601,-0.154518
2024-01-01 00:00:21.670,-0.268807,-0.025755,10.057155,0.240807,0.104001,-0.176841
2024-01-01 00:00:21.680,-0.050022,-0.131007,9.552404,-0.026996,-0.090157,0.314569
2024-01-01 00:00:21.690,0.099684,-0.192899,9.771151,-0.028245,0.417253,0.045392
2024-01-01 00:00:21.700,0.211043,0.052992,9.62415,0.223615,-0.258986,-0.12497
2024-01-01 00:00:21.710,-0.016235,-0.217783,10.242239,0.083594,0.291777,0.122491
2024-01-01 00:00:21.720,-0.068367,-0.070901,9.899776,-0.296454,0.243013,-0.176752
2024-01-01 00:00:21.730,0.032438,-0.170175,9.541816,-0.081185,0.380178,-0.164402
2024-01-01 00:00:21.740,-0.178512,0.093996,9.649002,0.165288,-0.317645,-0.120456
2024-01-01 00:00:21.750,0.446639,0.308045,10.193446,0.127563,-0.173766,0.248177
2024-01-01 00:00:21.760,-0.343638,-0.222572,10.357233,0.065504,0.298389,-0.037932
2024-01-01 00:00:21.770,0.039488,-0.316866,10.332689,0.233356,-0.375408,-0.366256
2024-01-01 00:00:21.780,0.432546,-0.021356,10.068905,-0.090429,-0.321292,0.18151
2024-01-01 00:00:21.790,0.001453,0.002684,9.723602,0.044667,-0.097662,-0.045957
2024-01-01 00:00:21.800,-0.040621,0.037391,8.701402,-0.843895,0.038399,-0.277411
2024-01-01 00:00:21.810,0.683596,-0.076321,12.001629,-0.112413,0.318445,-0.047503
2024-01-01 00:00:21.820,0.721441,-0.034309,11.899375,0.190976,-0.037053,0.078151
2024-01-01 00:00:21.830,1.053446,0.062844,11.947874,-0.097599,-0.121648,0.060607
2024-01-01 00:00:21.840,0.287215,0.177914,11.918433,-0.116557,0.062278,0.269762
2024-01-01 00:00:21.850,1.087771,-0.334313,11.446418,-0.260363,0.093919,-0.127915
2024-01-01 00:00:21.860,-0.304371,-0.063089,10.000634,0.250841,0.088248,0.007008
2024-01-01 00:00:21.870,-0.056997,0.036561,10.026218,0.137116,-0.035597,-0.104935
2024-01-01 00:00:21.880,-0.091751,-0.156974,10.04336,0.206354,-0.391017,-0.231329
2024-01-01 00:00:21.890,0.125803,0.29603,10.133729,-0.431553,-0.183523,0.132829
2024-01-01 00:00:21.900,-0.341599,-0.108655,10.016586,-0.040113,0.284054,0.06949
2024-01-01 00:00:21.910,0.098789,-0.007061,9.66977,-0.070028,0.037414,0.042552
2024-01-01 00:00:21.920,0.432696,0.09508,9.785774,-0.070143,-0.064504,0.064019
2024-01-01 00:00:21.930,-0.291378,-0.10111,9.841165,-0.154007,0.223634,-0.102821
2024-01-01 00:00:21.940,0.04055,-0.315764,9.846833,-0.086526,-0.226023,-0.150854
2024-01-01 00:00:21.950,-0.141499,-0.0733,10.15139,0.212411,-0.04507,0.005647
2024-01-01 00:00:21.960,0.091033,0.176034,10.030135,-0.478213,0.027552,0.174182
2024-01-01 00:00:21.970,0.004093,-0.057609,10.520451,0.444324,-0.088276,0.241212
2024-01-01 00:00:21.980,-0.137118,-0.14474,10.564612,0.12096,0.020153,0.119315
2024-01-01 00:00:21.990,0.104283,0.15829,9.83724,-0.010583,-0.037539,0.004376
2024-01-01 00:00:22.000,0.385679,-0.056563,8.497864,0.226709,-0.279869,0.040468
2024-01-01 00:00:22.010,-0.040806,-0.087237,10.232997,-0.362959,0.036296,0.001739
2024-01-01 00:00:22.020,0.153848,0.025557,9.625191,-0.166175,-0.26567,-0.153892
2024-01-01 00:00:22.030,-0.276437,0.131798,9.535892,-0.030269,0.033123,0.003697
2024-01-01 00:00:22.040,-0.204438,0.407273,9.673732,0.34139,0.274827,-0.200224
2024-01-01 00:00:22.050,0.100977,0.141457,9.657248,-0.011624,-0.056205,-0.018612
2024-01-01 00:00:22.060,0.31723,0.198333,10.019396,0.112514,-0.234297,0.245416
2024-01-01 00:00:22.070,0.076012,-0.08652,9.276673,-0.147395,-0.025398,0.123429
2024-01-01 00:00:22.080,-0.066916,-0.175423,9.44142,0.121711,-0.166394,-0.138468
2024-01-01 00:00:22.090,-0.000151,0.010659,9.92736,0.41931,0.118902,-0.010864
2024-01-01 00:00:22.100,-0.267275,0.018326,10.023047,0.248882,-0.029598,-0.125156
2024-01-01 00:00:22.110,0.129215,-0.184426,10.029407,-0.020364,0.341953,-0.009377
2024-01-01 00:00:22.120,0.188599,-0.029975,9.540834,0.168873,0.232598,0.156166
2024-01-01 00:00:22.130,-0.096634,0.068283,9.475433,0.144379,-0.030616,0.097951
2024-01-01 00:00:22.140,-0.100472,0.061627,9.636731,0.126647,0.143122,0.372622
2024-01-01 00:00:22.150,0.056831,0.086233,9.892036,0.277988,-0.078647,0.178872
2024-01-01 00:00:22.160,-0.093349,0.049755,10.318033,0.276119,0.006791,0.0306
2024-01-01 00:00:22.170,-0.014136,-0.086698,9.109776,-0.03179,-0.072287,0.101572
2024-01-01 00:00:22.180,0.448816,-0.087877,9.734511,0.16047,0.153291,-0.030366
2024-01-01 00:00:22.190,-0.052802,-0.205021,9.354224,-0.095774,0.286598,-0.169126
2024-01-01 00:00:22.200,-0.076595,0.305197,9.244933,-0.230768,0.15973,0.195866
2024-01-01 00:00:22.210,-0.138412,0.0023,10.140699,-0.067373,0.184387,0.151349
2024-01-01 00:00:22.220,0.159071,-0.03845,9.996262,-0.01907,0.184607,-0.036158
2024-01-01 00:00:22.230,-0.038737,-0.158823,9.963706,-0.415395,0.110251,0.04109
2024-01-01 00:00:22.240,-0.138803,0.501998,10.124991,0.215083,-0.227857,0.186141
2024-01-01 00:00:22.250,0.282429,-0.183539,9.645936,-0.691831,0.340194,0.126953
2024-01-01 00:00:22.260,0.30344,-0.073333,9.662038,0.678704,0.360882,-0.219465
2024-01-01 00:00:22.270,-0.128341,0.071108,10.55752,0.37547,-0.046776,0.036543
2024-01-01 00:00:22.280,-0.398973,0.102636,9.725673,-0.065252,-0.07414,-0.025145
2024-01-01 00:00:22.290,0.215356,0.163806,10.061415,0.002357,0.122482,0.16695
2024-01-01 00:00:22.300,-0.14634,0.309101,9.812182,0.075743,0.110163,0.154656
2024-01-01 00:00:22.310,0.168996,0.086553,9.177896,-0.14729,-0.040389,0.197791
2024-01-01 00:00:22.320,-0.42111,-0.180581,9.110737,0.048155,-0.250005,-0.167684
2024-01-01 00:00:22.330,0.190793,-0.043938,9.611987,-0.036,0.06114,-0.117617
2024-01-01 00:00:22.340,-0.258888,0.052639,10.171187,-0.023568,0.110287,0.167112
2024-01-01 00:00:22.350,0.156201,0.353667,10.079596,0.045365,0.145164,-0.088747
2024-01-01 00:00:22.360,0.003051,-0.239025,10.122614,-0.328382,0.069859,-0.228215
2024-01-01 00:00:22.370,0.556095,0.205641,11.56243,0.009892,-0.054223,0.079889
2024-01-01 00:00:22.380,0.672996,0.030765,12.452628,0.040862,0.1988,-0.082083
2024-01-01 00:00:22.390,0.906701,0.143269,11.570006,0.032212,0.01317,0.268469
2024-01-01 00:00:22.400,0.782635,-0.017441,11.972786,-0.053958,-0.092985,0.044428
2024-01-01 00:00:22.410,0.884918,-0.144056,11.89646,0.284464,-0.036131,0.024039
2024-01-01 00:00:22.420,0.422464,0.128399,9.750535,-0.088413,-0.349194,-0.055387
2024-01-01 00:00:22.430,-0.334357,0.111908,10.267799,0.056831,-0.036448,0.238625
2024-01-01 00:00:22.440,0.345679,0.166222,9.568852,0.324324,0.137687,0.053783
2024-01-01 00:00:22.450,0.022306,-0.002275,9.348435,-0.019844,0.067957,-0.061275
2024-01-01 00:00:22.460,-0.192115,-0.10257,9.816838,0.053616,0.304133,-0.119113
2024-01-01 00:00:22.470,-0.284355,-0.266553,9.673259,-0.024096,-0.052595,-0.011021
2024-01-01 00:00:22.480,-0.040424,0.140113,10.965065,0.309342,0.097463,-0.146647
2024-01-01 00:00:22.490,0.197003,0.072485,10.041366,-0.064431,0.158548,0.154332
2024-01-01 00:00:22.500,-0.027264,-0.165149,9.670006,0.320839,0.468571,-0.271251
2024-01-01 00:00:22.510,0.323009,-0.092096,9.44881,-0.025897,0.028953,-0.020927
2024-01-01 00:00:22.520,-0.310189,-0.079816,9.166941,-0.214865,-0.208837,0.09152
2024-01-01 00:00:22.530,-0.002584,-0.25359,9.459375,0.169843,0.169586,0.051318
2024-01-01 00:00:22.540,-0.267699,-0.139824,9.84931,-0.076167,0.373145,-0.107592
2024-01-01 00:00:22.550,0.077726,-0.193885,10.298146,0.155125,-0.06451,0.099039
2024-01-01 00:00:22.560,0.189572,-0.070534,10.193618,-0.682351,0.168216,-0.132906
2024-01-01 00:00:22.570,-0.089938,-0.126317,9.88835,0.001301,0.245746,-0.003358
2024-01-01 00:00:22.580,-0.556651,-0.278218,9.699477,-0.114901,0.203413,0.097776
2024-01-01 00:00:22.590,0.042525,0.345863,9.901934,-0.265815,0.025112,0.069437
2024-01-01 00:00:22.600,0.093353,0.214184,9.632626,-0.13831,-0.139695,-0.101256
2024-01-01 00:00:22.610,0.086418,-0.133212,10.39768,-0.143426,-0.016256,0.179624
2024-01-01 00:00:22.620,0.264148,0.046584,9.745297,-0.011996,0.09172,0.013004
2024-01-01 00:00:22.630,-0.228938,0.071387,9.780472,-0.341832,0.181645,0.111449
2024-01-01 00:00:22.640,0.145396,0.203676,9.052189,0.079068,0.066789,0.229365
2024-01-01 00:00:22.650,0.254898,-0.139981,9.743161,0.341554,-0.075982,0.167628
2024-01-01 00:00:22.660,-0.380173,0.18675,10.096078,0.070232,0.111076,0.168019
2024-01-01 00:00:22.670,0.068326,-0.093692,9.444839,0.202247,0.172017,0.028902
2024-01-01 00:00:22.680,-0.107768,-0.228432,9.553254,0.273641,0.075922,0.11909
2024-01-01 00:00:22.690,-0.017425,0.123827,10.081107,0.309122,-0.167237,0.032039
2024-01-01 00:00:22.700,0.074316,0.22072,9.304983,0.467535,-0.036281,-0.181399
2024-01-01 00:00:22.710,-0.104145,0.442532,10.171768,-0.1248,0.189564,0.045412
2024-01-01 00:00:22.720,-0.144433,-0.205153,9.628007,-0.179621,-0.276604,0.038454
2024-01-01 00:00:22.730,0.0073,0.119515,9.67711,0.195866,-0.418636,0.087559
2024-01-01 00:00:22.740,-0.232399,-0.070076,9.425634,0.177067,0.301617,-0.0192
2024-01-01 00:00:22.750,-0.232095,0.133954,9.939292,0.193919,0.102283,-0.114218
2024-01-01 00:00:22.760,0.145216,-0.251454,10.651276,0.472321,0.121346,0.098476
2024-01-01 00:00:22.770,-0.245555,-0.215934,10.077272,0.002842,-0.215363,-0.196991
2024-01-01 00:00:22.780,0.142424,-0.132675,9.514414,0.106539,0.147506,0.218823
2024-01-01 00:00:22.790,0.098879,0.013503,10.198382,-0.245097,0.05505,-0.034713
2024-01-01 00:00:22.800,-0.368891,-0.109625,9.701696,0.53383,-0.316866,0.036829
2024-01-01 00:00:22.810,-0.144829,0.112698,10.280074,-0.084136,0.284857,0.083784
2024-01-01 00:00:22.820,0.255241,0.175599,10.085883,-0.077054,0.031737,0.088603
2024-01-01 00:00:22.830,-0.209724,0.102528,8.803446,-0.086687,-0.079217,-0.211348
2024-01-01 00:00:22.840,-0.099266,0.276813,9.466605,-0.161224,-0.075598,0.123613
2024-01-01 00:00:22.850,0.098766,0.071106,10.13298,-0.182359,-0.403044,0.045473
2024-01-01 00:00:22.860,0.16745,-0.208089,9.861867,-0.130926,0.118667,-0.095289
2024-01-01 00:00:22.870,0.706234,0.233137,11.549875,-0.341449,0.052371,-0.11245
2024-01-01 00:00:22.880,0.632282,-0.103482,11.683312,-0.196329,-0.038816,-0.050108
2024-01-01 00:00:22.890,1.064032,0.155682,11.248067,0.487241,0.255697,-0.194811
2024-01-01 00:00:22.900,1.13169,0.269109,11.869776,0.183914,-0.276772,0.25834
2024-01-01 00:00:22.910,0.969231,0.078094,12.656056,0.231476,-0.119354,0.222923
2024-01-01 00:00:22.920,0.018237,-0.255843,10.085287,0.294302,-0.170002,0.067755
2024-01-01 00:00:22.930,-0.172767,-0.157014,10.559123,0.458534,-0.055759,-0.03351
2024-01-01 00:00:22.940,-0.177507,0.226189,10.11178,-0.442856,0.013494,-0.029566
2024-01-01 00:00:22.950,0.111687,-0.02892,10.161398,-0.307471,0.086003,0.11371
2024-01-01 00:00:22.960,0.089433,0.013607,10.485135,-0.200931,-0.069395,0.263674
2024-01-01 00:00:22.970,0.299592,0.129759,9.939024,-0.117432,-0.175471,-0.08556
2024-01-01 00:00:22.980,0.139034,0.119071,9.745968,-0.075142,0.337201,-0.167638
2024-01-01 00:00:22.990,-0.321283,0.047675,10.163169,-0.111744,0.482328,0.232146
2024-01-01 00:00:23.000,0.224854,-0.035682,10.307213,0.054827,0.028657,-0.268071
2024-01-01 00:00:23.010,-0.213335,-0.053466,9.645852,0.008824,-0.151356,-0.15128
2024-01-01 00:00:23.020,-0.082074,0.146701,9.563223,-0.180709,0.295091,-0.037029
2024-01-01 00:00:23.030,0.05348,0.09466,9.857489,-0.543887,-0.289351,-0.234065
2024-01-01 00:00:23.040,0.426574,-0.043998,10.094373,-0.248217,-0.066955,0.166822
2024-01-01 00:00:23.050,0.664745,0.185041,10.082947,-0.13731,-0.139223,0.128536
2024-01-01 00:00:23.060,0.129687,-0.022065,9.322935,-0.06177,-0.231907,-0.086219
2024-01-01 00:00:23.070,-0.039158,-0.145634,10.463769,-0.282417,-0.056005,0.191942
2024-01-01 00:00:23.080,0.114251,-0.129784,9.590722,-0.122702,-0.172834,0.217394
2024-01-01 00:00:23.090,0.189736,-0.167365,9.719348,-0.282747,0.002531,-0.016976
2024-01-01 00:00:23.100,-0.068543,-0.046582,9.501292,-0.031455,0.005435,-0.0676
2024-01-01 00:00:23.110,0.383726,0.210967,10.732828,-0.268273,-0.124266,0.33894
2024-01-01 00:00:23.120,0.049178,-0.137671,9.892788,-0.212226,-0.074103,0.108174
2024-01-01 00:00:23.130,0.106393,0.032229,9.518967,-0.327171,-0.04617,0.038449
2024-01-01 00:00:23.140,0.142341,-0.112294,10.105462,-0.038375,0.161969,0.204532
2024-01-01 00:00:23.150,0.090114,-0.044513,10.073044,-0.216612,-0.029686,0.04529
2024-01-01 00:00:23.160,0.179324,-0.258217,9.745797,0.226696,0.16494,-0.075843
2024-01-01 00:00:23.170,-0.131938,-0.037712,10.097487,0.101463,0.117163,0.012024
2024-01-01 00:00:23.180,-0.119337,-0.033124,9.52775,-0.017463,0.114306,0.155798
2024-01-01 00:00:23.190,-0.235158,0.092389,9.641422,-0.199371,0.277569,-0.298828
2024-01-01 00:00:23.200,0.093943,0.038181,9.122506,0.09513,-0.223878,-0.043205
2024-01-01 00:00:23.210,0.166498,-0.204925,9.357209,0.172675,-0.094637,0.207459
2024-01-01 00:00:23.220,0.097849,0.185398,10.42821,0.035672,0.35266,-0.07678
2024-01-01 00:00:23.230,0.357923,0.035962,10.371369,0.400925,-0.051463,0.231916
2024-01-01 00:00:23.240,-0.001196,0.033925,9.8325,0.114909,-0.563025,0.212212
2024-01-01 00:00:23.250,0.142944,-0.00157,10.378723,0.228402,-0.040594,-0.009829
2024-01-01 00:00:23.260,-0.233351,-0.088537,9.755255,0.033391,0.026988,-0.085281
2024-01-01 00:00:23.270,-0.082743,0.037244,9.726754,0.168916,-0.523423,-0.043104
2024-01-01 00:00:23.280,0.148671,0.081326,9.829327,-0.199195,0.266787,0.399692
2024-01-01 00:00:23.290,0.181496,-0.298719,9.767277,-0.1146,-0.142742,0.281164
2024-01-01 00:00:23.300,-0.062835,-0.092128,9.736403,0.087341,0.065713,0.018809
2024-01-01 00:00:23.310,-0.015304,-0.043596,10.201042,0.085525,-0.045196,-0.091223
2024-01-01 00:00:23.320,-0.324446,0.043805,9.861346,0.126903,-0.25767,0.017556
2024-01-01 00:00:23.330,-0.076315,0.204056,10.053669,0.275098,-0.214102,0.036574
2024-01-01 00:00:23.340,0.190319,-0.131968,10.162732,-0.356243,-0.187017,-0.186504
2024-01-01 00:00:23.350,0.12295,-0.085151,9.94276,-0.243613,0.217134,0.012006
2024-01-01 00:00:23.360,0.107017,-0.087643,9.478167,0.057393,-0.029508,0.198361
2024-01-01 00:00:23.370,0.010639,-0.137061,9.34732,-0.181091,-0.104373,-0.269904
2024-01-01 00:00:23.380,0.00151,-0.059369,9.860883,0.844442,-0.186922,0.123988
2024-01-01 00:00:23.390,-0.141144,0.131807,9.75143,0.12893,0.23923,0.20622
2024-01-01 00:00:23.400,0.149375,-0.180206,9.839888,-0.019583,0.29284,-0.084084
2024-01-01 00:00:23.410,0.089983,0.073156,9.80451,-0.128867,0.236949,0.254126
2024-01-01 00:00:23.420,0.105169,-0.291025,10.693582,-0.120041,0.098487,-0.103551
2024-01-01 00:00:23.430,-0.11244,-0.095989,9.355063,0.007535,0.057966,0.066162
2024-01-01 00:00:23.440,0.299723,-0.056343,11.219438,0.027995,-0.243188,-0.046016
2024-01-01 00:00:23.450,0.994516,0.286401,12.013673,-0.114175,-0.049164,-0.046049
2024-01-01 00:00:23.460,0.657648,-0.046991,11.771263,-0.068288,-0.136772,-0.092595
2024-01-01 00:00:23.470,0.575582,-0.376413,12.008095,0.336071,-0.365102,0.104786
2024-01-01 00:00:23.480,0.908231,-0.34181,12.099688,0.346126,0.211409,0.127321
2024-01-01 00:00:23.490,-0.083793,0.005819,10.249164,0.063008,-0.139166,-0.009663
2024-01-01 00:00:23.500,0.226561,0.104955,9.294529,-0.335315,0.239188,-0.203995
2024-01-01 00:00:23.510,0.131885,0.064203,9.619602,0.134626,0.176349,0.060476
2024-01-01 00:00:23.520,0.146113,0.028654,9.956636,0.388571,0.111344,0.063302
2024-01-01 00:00:23.530,-0.291973,0.198746,10.073499,0.342445,0.122577,-0.032507
2024-01-01 00:00:23.540,0.259053,-0.09227,10.56016,0.183606,-0.123063,0.280085
2024-01-01 00:00:23.550,0.055842,0.15303,10.136851,0.355606,0.37157,-0.234589
2024-01-01 00:00:23.560,-0.078933,-0.279075,9.790578,0.013346,0.008625,-0.332593
2024-01-01 00:00:23.570,0.030649,-0.154746,9.505471,0.157026,0.060386,-0.109625
2024-01-01 00:00:23.580,-0.37967,-0.309004,9.617013,-0.170194,-0.129815,0.106564
2024-01-01 00:00:23.590,0.08735,-0.046999,9.607296,0.073066,-0.186233,-0.158377
2024-01-01 00:00:23.600,-0.220028,-0.007911,10.03409,0.332384,0.095459,-0.147146
2024-01-01 00:00:23.610,-0.289133,0.019511,9.897893,-0.147356,0.043503,0.142653
2024-01-01 00:00:23.620,-0.325404,0.010582,9.357312,-0.215361,-0.15787,0.069382
2024-01-01 00:00:23.630,0.237837,-0.158612,9.660922,0.024372,-0.287685,0.056559
2024-01-01 00:00:23.640,-0.134505,-0.032531,10.110121,-0.056666,-0.253985,0.117214
2024-01-01 00:00:23.650,0.327834,-0.256063,9.930269,0.162287,0.239227,-0.063779
2024-01-01 00:00:23.660,-0.114528,0.233112,10.004476,-0.113315,-0.122651,-0.056848
2024-01-01 00:00:23.670,-0.364948,-0.05192,9.940959,0.42961,-0.067782,0.121467
2024-01-01 00:00:23.680,-0.238657,-0.0836,10.366239,-0.322419,0.290068,-0.201733
2024-01-01 00:00:23.690,0.264155,0.271709,9.890727,0.313434,-0.22443,-0.321408
2024-01-01 00:00:23.700,-0.033323,-0.212424,9.67798,-0.191212,-0.145399,-0.064993
2024-01-01 00:00:23.710,-0.117196,-0.192475,9.496812,-0.448996,-0.153753,0.139631
2024-01-01 00:00:23.720,0.034204,-0.187454,9.895366,0.059469,0.323614,0.038334
2024-01-01 00:00:23.730,0.107256,-0.011606,8.975279,-0.063652,0.398677,0.128594
2024-01-01 00:00:23.740,0.238844,0.073809,9.746973,-0.277402,0.150313,-0.302444
2024-01-01 00:00:23.750,0.309617,0.126485,9.739603,-0.420344,0.156677,0.047325
2024-01-01 00:00:23.760,-0.076901,0.439811,9.343351,-0.00209,-0.116071,0.09808
2024-01-01 00:00:23.770,-0.283443,-0.384653,9.492533,0.243959,0.389466,-0.20262
2024-01-01 00:00:23.780,-0.088378,0.104094,10.086903,0.146238,0.053539,0.129309
2024-01-01 00:00:23.790,0.055635,-0.095269,9.888903,0.014177,0.170622,-0.016728
2024-01-01 00:00:23.800,-0.206003,-0.100277,9.844812,0.119712,-0.021105,0.460701
2024-01-01 00:00:23.810,-0.204591,-0.105981,9.914771,-0.006804,-0.053607,-0.326585
2024-01-01 00:00:23.820,0.073485,-0.1554,9.841679,-0.357431,0.332608,0.205367
2024-01-01 00:00:23.830,-0.010399,0.288054,10.235059,-0.355223,0.107945,-0.059124
2024-01-01 00:00:23.840,0.00701,0.144033,9.852213,-0.050792,0.290275,-0.242573
2024-01-01 00:00:23.850,-0.162128,0.003967,9.311291,-0.040163,0.051066,-0.079043
2024-01-01 00:00:23.860,-0.049248,0.231024,10.367504,0.212746,-0.169673,0.041622
2024-01-01 00:00:23.870,-0.197555,-0.258642,9.936656,0.189326,-0.116669,0.15562
2024-01-01 00:00:23.880,0.19028,-0.227551,9.608475,0.151283,0.020593,0.258295
2024-01-01 00:00:23.890,0.221285,-0.372432,9.381337,-0.070071,-0.1253,0.213284
2024-01-01 00:00:23.900,-0.394623,-0.1196,9.945403,-0.345163,-0.221492,-0.144807
2024-01-01 00:00:23.910,-0.198683,0.02765,9.769927,0.103018,0.240283,0.169525
2024-01-01 00:00:23.920,-0.319883,0.017589,10.348358,0.131292,-0.108974,0.058693
2024-01-01 00:00:23.930,-0.138943,0.025537,9.6917,-0.597133,0.027639,-0.09819
2024-01-01 00:00:23.940,0.742165,-0.241291,11.613616,-0.208585,0.059227,-0.031787
2024-01-01 00:00:23.950,0.450138,0.137339,12.206362,-0.172764,-0.117631,-0.106476
2024-01-01 00:00:23.960,0.562952,0.040976,12.216446,0.029588,0.29016,0.005564
2024-01-01 00:00:23.970,0.545404,0.125352,11.957679,-0.20084,-0.223428,-0.109449
2024-01-01 00:00:23.980,0.804303,-0.323662,12.131314,-0.009534,0.052325,-0.154199
2024-01-01 00:00:23.990,0.014822,0.053265,9.797111,-0.052634,0.049224,0.071868
2024-01-01 00:00:24.000,-0.154271,-0.203108,9.889982,-0.039787,-0.010851,0.09431
2024-01-01 00:00:24.010,0.037795,-0.067942,10.208427,-0.179099,-0.259383,-0.02814
2024-01-01 00:00:24.020,-0.116853,0.091376,10.023859,-0.159746,0.174164,0.205148
2024-01-01 00:00:24.030,-0.058066,0.015577,9.752108,-0.270067,0.148702,-0.039065
2024-01-01 00:00:24.040,0.3577,-0.145613,10.272508,0.095017,-0.135114,-0.045416
2024-01-01 00:00:24.050,0.286524,0.001073,9.001219,0.142776,0.141497,0.099073
2024-01-01 00:00:24.060,-0.277785,-0.261893,10.511809,-0.192654,0.074982,-0.019864
2024-01-01 00:00:24.070,0.177355,0.196696,9.226562,0.38016,-0.256122,0.01272
2024-01-01 00:00:24.080,0.173436,-0.035104,9.595534,-0.07865,-0.170786,-0.378066
2024-01-01 00:00:24.090,-0.245441,0.191272,9.796006,0.382546,0.227656,0.002506
2024-01-01 00:00:24.100,0.175014,-0.090037,9.759904,-0.160532,0.061883,-0.274079
2024-01-01 00:00:24.110,0.328733,-0.089531,10.154193,-0.506644,-0.112861,-0.183143
2024-01-01 00:00:24.120,-0.239944,-0.130676,9.44822,0.100549,-0.171695,-0.200298
2024-01-01 00:00:24.130,-0.196116,0.149826,9.899182,0.062136,-0.103079,-0.156387
2024-01-01 00:00:24.140,0.217525,-0.121313,9.612251,0.008598,-0.088896,-0.082328
2024-01-01 00:00:24.150,0.058032,0.110226,9.910938,-0.160558,-0.169193,-0.072974
2024-01-01 00:00:24.160,0.117878,-0.065399,9.787848,-0.008643,-0.348353,0.099641
2024-01-01 00:00:24.170,0.072801,-0.33789,9.841784,-0.127815,0.228003,0.033358
2024-01-01 00:00:24.180,0.083511,-0.097524,9.621926,-0.075587,0.194127,-0.285161
2024-01-01 00:00:24.190,-0.283533,-0.201628,9.635558,0.210408,-0.254651,0.012494
2024-01-01 00:00:24.200,0.223864,0.005797,9.908247,0.046054,0.027262,0.047738
2024-01-01 00:00:24.210,0.25,-0.20356,10.132751,0.152488,-0.180448,-0.049285
2024-01-01 00:00:24.220,-0.049032,0.158342,9.605388,-0.057967,-0.052313,-0.009133
2024-01-01 00:00:24.230,-0.009293,-0.015574,9.512881,-0.085504,-0.068953,0.028547
2024-01-01 00:00:24.240,-0.327274,-0.030369,10.019803,-0.288371,-0.085567,0.11469
2024-01-01 00:00:24.250,0.109922,0.112158,9.798884,-0.092509,0.400589,-0.236232
2024-01-01 00:00:24.260,0.122277,0.164828,10.09403,-0.830279,-0.088065,-0.036648
2024-01-01 00:00:24.270,-0.013293,-0.003437,9.500217,-0.147555,-0.161653,0.22625
2024-01-01 00:00:24.280,0.240331,-0.131875,9.201432,-0.020469,-0.152516,0.212499
2024-01-01 00:00:24.290,-0.071409,-0.303349,9.627713,0.140918,0.208755,0.127641
2024-01-01 00:00:24.300,0.120685,-0.117315,9.547907,-0.067169,-0.33042,0.080524
2024-01-01 00:00:24.310,-0.217953,-0.105543,9.783054,0.086918,-0.152525,0.248195
2024-01-01 00:00:24.320,-0.005034,0.018307,9.592199,-0.544947,0.289365,0.287677
2024-01-01 00:00:24.330,-0.037268,-0.05902,10.063428,-0.014209,0.048797,-0.019362
2024-01-01 00:00:24.340,0.04816,0.117637,9.711453,-0.419876,0.038384,-0.145415
2024-01-01 00:00:24.350,-0.078986,-0.10482,9.861462,-0.302076,0.426429,-0.040544
2024-01-01 00:00:24.360,-0.028102,-0.009754,9.863911,-0.046791,0.04927,0.464504
2024-01-01 00:00:24.370,0.176568,0.202462,9.876675,0.319066,-0.141637,-0.235403
2024-01-01 00:00:24.380,-0.093358,0.058452,9.801748,0.092802,-0.056415,-0.070581
2024-01-01 00:00:24.390,-0.343406,-0.010266,9.984625,0.004558,-0.227086,-0.211904
2024-01-01 00:00:24.400,0.373974,-0.102932,9.537886,-0.004883,0.251187,0.018715
2024-01-01 00:00:24.410,0.295286,-0.108283,10.288601,-0.178407,0.114912,-0.180404
2024-01-01 00:00:24.420,-0.276221,-0.145455,9.729104,-0.135996,0.224883,-0.016313
2024-01-01 00:00:24.430,0.147425,-0.092512,9.36145,0.106844,0.242597,-0.292514
2024-01-01 00:00:24.440,-0.107511,0.129219,9.874321,-0.34634,-0.082842,0.092643
2024-01-01 00:00:24.450,0.05632,-0.037943,9.518896,0.148264,-0.188951,0.183352
2024-01-01 00:00:24.460,0.06289,-0.230811,10.037544,-0.097127,-0.010343,-0.057592
2024-01-01 00:00:24.470,-0.050105,0.302357,10.565685,0.206389,-0.174552,-0.02027
2024-01-01 00:00:24.480,-0.16753,0.054714,9.540992,0.240273,0.032991,-0.024511
2024-01-01 00:00:24.490,-0.147603,-0.240587,9.923671,-0.418271,0.226419,0.027137
2024-01-01 00:00:24.500,-0.195836,-0.075556,9.209617,-0.145395,-0.033628,-0.005725
2024-01-01 00:00:24.510,0.582198,0.018962,12.055236,-0.213882,0.029999,0.115218
2024-01-01 00:00:24.520,0.745641,0.291485,11.597086,-0.453182,-0.018769,0.184956
2024-01-01 00:00:24.530,0.607006,-0.189487,11.686307,-0.258133,0.160546,-0.122111
2024-01-01 00:00:24.540,0.905789,0.166903,11.52336,0.610314,-0.133556,-0.046399
2024-01-01 00:00:24.550,1.077899,0.239312,12.150396,0.152377,-0.439289,0.135243
2024-01-01 00:00:24.560,-0.123986,-0.1075,10.154498,0.479322,0.094174,-0.21325
2024-01-01 00:00:24.570,0.051173,-0.047455,9.817998,0.207275,0.197567,-0.295608
2024-01-01 00:00:24.580,0.106808,-0.177209,9.514366,-0.185461,0.089275,0.033947
2024-01-01 00:00:24.590,0.10089,-0.034792,10.353617,-0.095443,-0.128046,0.074452
2024-01-01 00:00:24.600,0.016235,-0.006257,9.55336,0.147109,-0.227002,-0.108345
2024-01-01 00:00:24.610,0.158748,0.1128,9.070585,0.109377,0.0989,-0.086798
2024-01-01 00:00:24.620,0.103081,0.186421,9.966769,-0.144336,0.028296,-0.114029
2024-01-01 00:00:24.630,-0.26455,-0.127924,9.432167,-0.377498,-0.025159,-0.130039
2024-01-01 00:00:24.640,0.185782,-0.336413,10.148104,0.82194,0.364493,0.104024
2024-01-01 00:00:24.650,0.189658,-0.003633,9.679651,-0.035287,-0.18936,-0.177075
2024-01-01 00:00:24.660,-0.163152,0.050195,10.01647,-0.081435,0.355007,-0.039828
2024-01-01 00:00:24.670,0.008109,0.04265,10.289313,0.028334,0.006357,-0.1358
2024-01-01 00:00:24.680,0.146062,-0.055861,9.39657,-0.060682,-0.367114,-0.218293
2024-01-01 00:00:24.690,-0.044741,0.021333,9.61645,0.030682,-0.035841,0.130527
2024-01-01 00:00:24.700,0.229349,0.259141,9.78412,0.321737,0.191899,-0.077974
2024-01-01 00:00:24.710,0.505278,0.065277,10.335843,-0.031137,-0.073011,0.028266
2024-01-01 00:00:24.720,-0.168005,-0.063846,9.584833,-0.290678,-0.294956,-0.226211
2024-01-01 00:00:24.730,-0.295198,-0.085534,9.60668,-0.040411,-0.032903,-0.111291
2024-01-01 00:00:24.740,0.064941,-0.029045,9.973524,-0.1161,-0.171434,0.113413
2024-01-01 00:00:24.750,0.154234,0.279883,9.612588,0.355975,0.098363,0.388091
2024-01-01 00:00:24.760,-0.049348,-0.031344,9.862164,0.29278,0.15468,-0.296432
2024-01-01 00:00:24.770,0.310634,-0.003385,9.279374,0.026881,-0.211254,-0.030166
2024-01-01 00:00:24.780,-0.286127,-0.082476,10.567301,-0.319684,-0.141161,0.061842
2024-01-01 00:00:24.790,0.148111,0.187926,9.349083,-0.306473,0.151328,-0.092415
2024-01-01 00:00:24.800,-0.129503,0.335132,9.699961,0.003781,-0.171769,0.127428
2024-01-01 00:00:24.810,0.367517,0.077055,9.798891,0.084081,-0.216432,-0.13001
2024-01-01 00:00:24.820,0.4259,0.014154,10.464139,-0.093656,-0.235738,0.023077
2024-01-01 00:00:24.830,-0.163873,0.00629,9.356903,-0.120042,0.070408,-0.078311
2024-01-01 00:00:24.840,-0.117468,-0.407716,10.488427,-0.1482,0.061832,0.182915
2024-01-01 00:00:24.850,0.183737,0.127421,10.068954,-0.005848,-0.136809,-0.101455
2024-01-01 00:00:24.860,-0.082749,0.022942,9.952647,-0.595691,0.001017,-0.052781
2024-01-01 00:00:24.870,-0.009707,0.073246,9.473255,-0.275332,0.305426,0.141853
2024-01-01 00:00:24.880,0.005427,-0.12166,10.00533,-0.156763,-0.194812,-0.154206
2024-01-01 00:00:24.890,-0.41033,-0.065742,9.562568,0.301876,-0.390349,0.010313
2024-01-01 00:00:24.900,-0.002958,-0.070285,10.243198,-0.203453,0.091015,-0.27338
2024-01-01 00:00:24.910,-0.147429,0.174698,9.477897,0.045117,-0.02208,-0.16319
2024-01-01 00:00:24.920,-0.105405,-0.064768,9.7713,0.056636,-0.142005,0.05732
2024-01-01 00:00:24.930,0.308576,0.356135,9.620097,0.324479,0.130416,-0.148605
2024-01-01 00:00:24.940,-0.268578,0.073677,9.472267,0.315644,0.167845,-0.081686
2024-01-01 00:00:24.950,0.173823,-0.218142,10.063531,-0.014376,-0.441656,0.073963
2024-01-01 00:00:24.960,-0.059628,-0.021981,9.993127,-0.118871,-0.13052,-0.086878
2024-01-01 00:00:24.970,-0.059799,-0.111436,10.223481,-0.165958,0.463503,0.123426
2024-01-01 00:00:24.980,0.168942,-0.375239,9.201283,-0.060266,0.116681,0.032349
2024-01-01 00:00:24.990,0.072686,0.27351,10.173946,-0.108508,0.135221,0.065352
2024-01-01 00:00:25.000,0.121969,0.120237,10.666864,0.138407,0.234579,0.186145
2024-01-01 00:00:25.010,0.966949,0.091178,11.745539,0.105077,0.003414,0.047973
2024-01-01 00:00:25.020,0.689183,0.028284,12.548141,0.14795,0.159337,0.230827
2024-01-01 00:00:25.030,0.629134,-0.236325,11.809999,0.314821,0.143612,0.136689
2024-01-01 00:00:25.040,0.528049,-0.082699,11.430636,0.465717,0.107808,-0.078518
2024-01-01 00:00:25.050,0.583568,0.143945,11.795474,0.031166,-0.064402,0.193972
2024-01-01 00:00:25.060,0.630369,-0.179759,10.168486,0.274866,0.034412,0.03958
2024-01-01 00:00:25.070,0.26605,-0.432933,9.523344,-0.087915,-0.117672,-0.059202
2024-01-01 00:00:25.080,-0.288792,-0.038835,9.604684,0.296252,0.002563,0.041758
2024-01-01 00:00:25.090,-0.282675,-0.024241,10.01299,0.265377,-0.233698,0.166849
2024-01-01 00:00:25.100,0.102999,0.023181,9.811047,0.252104,-0.158125,0.068257
2024-01-01 00:00:25.110,0.116978,0.124577,10.009941,0.023517,-0.056462,0.273359
2024-01-01 00:00:25.120,0.117324,0.109031,9.891338,-0.16709,-0.188741,0.16298
2024-01-01 00:00:25.130,-0.054497,0.04425,9.974032,-0.348632,-0.101003,0.078474
2024-01-01 00:00:25.140,-0.026816,0.204436,9.662153,-0.010009,-0.032785,-0.15391
2024-01-01 00:00:25.150,0.070084,-0.259744,9.889252,0.383253,0.080452,-0.02696
2024-01-01 00:00:25.160,0.01836,0.086283,9.492838,-0.077461,0.189851,0.01075
2024-01-01 00:00:25.170,-0.474375,0.107138,10.250644,0.196282,-0.092757,0.104495
2024-01-01 00:00:25.180,-0.04912,-0.211965,9.593078,0.210988,0.267021,0.0956
2024-01-01 00:00:25.190,-0.181988,-0.256991,10.196066,-0.070922,0.187722,0.025431
2024-01-01 00:00:25.200,0.037451,-0.127556,9.730106,0.329086,0.100819,0.018052
2024-01-01 00:00:25.210,0.638099,-0.113124,9.879084,-0.727165,0.03073,0.108069
2024-01-01 00:00:25.220,0.078549,0.128835,9.640722,-0.305688,0.063824,-0.128788
2024-01-01 00:00:25.230,-0.067017,-0.105086,9.46253,-0.228908,0.23741,0.254327
2024-01-01 00:00:25.240,0.197035,-0.146436,9.213292,-0.204929,0.244716,-0.307075
2024-01-01 00:00:25.250,0.103175,-0.104589,9.449079,0.084066,0.266989,0.218311
2024-01-01 00:00:25.260,0.089795,0.191286,9.699223,0.072509,0.008265,-0.006778
2024-01-01 00:00:25.270,0.129714,0.00223,9.882463,0.098498,0.110993,0.150387
2024-01-01 00:00:25.280,0.439586,-0.030652,10.15555,0.14902,0.268709,0.054576
2024-01-01 00:00:25.290,-0.241727,-0.018811,9.657551,-0.237526,-0.124743,0.051905
2024-01-01 00:00:25.300,0.101239,0.220942,9.508369,-0.304544,-0.063683,0.083138
2024-01-01 00:00:25.310,-0.198014,-0.128108,9.316592,0.09908,0.003207,0.121358
2024-01-01 00:00:25.320,0.118741,0.224952,9.974182,-0.157558,0.17992,-0.049325
2024-01-01 00:00:25.330,-0.196369,0.035995,10.283053,-0.392619,0.183034,0.15522
2024-01-01 00:00:25.340,-0.089212,-0.027432,10.243085,0.242836,-0.046173,-0.162671
2024-01-01 00:00:25.350,-0.063075,0.427654,10.052797,0.348775,-0.301722,-0.0008
2024-01-01 00:00:25.360,0.208581,-0.180514,10.028382,0.38929,0.049237,0.125395
2024-01-01 00:00:25.370,0.19632,-0.06048,10.390587,0.046752,-0.183663,0.149253
2024-01-01 00:00:25.380,-0.266272,-0.210746,9.923572,0.156483,-0.297987,0.069118
2024-01-01 00:00:25.390,0.011742,0.162871,10.030976,0.342467,-0.252774,-0.059009
2024-01-01 00:00:25.400,-0.151673,0.288851,9.700292,-0.160354,0.065276,0.134506
2024-01-01 00:00:25.410,-0.269005,0.285557,9.344181,0.277669,0.272207,-0.100405
2024-01-01 00:00:25.420,-0.046387,0.209295,9.576124,0.068849,0.007779,0.262711
2024-01-01 00:00:25.430,-0.065938,-0.033793,9.806868,0.228428,0.042276,-0.012701
2024-01-01 00:00:25.440,0.518711,-0.062456,9.830789,0.046523,0.236579,-0.230944
2024-01-01 00:00:25.450,0.092545,-0.28577,10.46879,0.324064,-0.308891,-0.179203
2024-01-01 00:00:25.460,-0.294466,0.348134,9.837797,0.055881,0.104035,0.006547
2024-01-01 00:00:25.470,-0.12072,0.080195,10.213164,-0.370995,-0.002318,0.020974
2024-01-01 00:00:25.480,0.218321,-0.084125,9.661204,0.362982,0.113211,0.295449
2024-01-01 00:00:25.490,0.446405,0.227098,9.703407,-0.236883,-0.096697,-0.155775
2024-01-01 00:00:25.500,-0.339004,-0.166343,9.355479,0.313265,-0.163587,0.005919
2024-01-01 00:00:25.510,-0.401834,0.069532,9.556124,-0.022561,0.028102,-0.158913
2024-01-01 00:00:25.520,0.399919,-0.02952,9.990228,0.294003,0.329838,-0.073898
2024-01-01 00:00:25.530,0.08328,0.109214,9.812586,0.283692,0.172182,0.252596
2024-01-01 00:00:25.540,-0.185598,-0.010871,10.132485,0.107536,-0.101539,-0.17045
2024-01-01 00:00:25.550,0.114277,-0.248109,9.871989,0.127134,-0.268194,0.088056
2024-01-01 00:00:25.560,-0.563391,0.012924,9.689461,0.105657,-0.336413,0.058936
2024-01-01 00:00:25.570,0.760722,0.179356,12.634718,-0.503456,0.26322,-0.003626
2024-01-01 00:00:25.580,0.830072,-0.004996,11.867885,0.029583,-0.191016,0.077915
2024-01-01 00:00:25.590,0.957563,0.132545,12.297746,-0.279016,-0.065103,-0.174003
2024-01-01 00:00:25.600,0.54328,-0.178786,11.762786,0.042797,0.264242,0.248448
2024-01-01 00:00:25.610,0.778316,-0.004491,12.142683,-0.285736,-0.32278,0.288727
2024-01-01 00:00:25.620,-0.19781,-0.106791,10.127381,-0.296238,0.298453,0.007066
2024-01-01 00:00:25.630,0.054588,0.127734,9.881304,0.401234,-0.050728,0.363466
2024-01-01 00:00:25.640,-0.19138,0.005385,9.004767,0.267362,-0.229717,-0.059854
2024-01-01 00:00:25.650,-0.087232,0.118003,9.816242,-0.001036,-0.04947,0.060065
2024-01-01 00:00:25.660,-0.212856,0.185998,10.230817,0.046192,-0.144519,0.214783
2024-01-01 00:00:25.670,0.13918,0.118267,9.990398,-0.061979,0.088164,-0.068851
2024-01-01 00:00:25.680,0.183494,0.046703,9.962477,0.142469,-0.129626,-0.207232
2024-01-01 00:00:25.690,-0.05015,-0.170694,9.220988,-0.169014,-0.382328,-0.241758
2024-01-01 00:00:25.700,0.008173,-0.000476,9.563604,0.248435,-0.044113,0.309124
2024-01-01 00:00:25.710,-0.309636,-0.091158,9.950684,-0.063272,-0.271309,-0.079354
2024-01-01 00:00:25.720,-0.064056,-0.058835,9.950351,-0.104962,0.040864,-0.027861
2024-01-01 00:00:25.730,-0.010731,-0.064045,10.225416,0.005428,-0.237426,-0.166915
2024-01-01 00:00:25.740,0.560195,-0.167567,9.760456,-0.147787,-0.097603,0.142251
2024-01-01 00:00:25.750,-0.237683,-0.334705,9.948792,0.082171,0.036518,-0.117234
2024-01-01 00:00:25.760,0.312968,-0.114252,9.8156,-0.134341,-0.042492,-0.073689
2024-01-01 00:00:25.770,0.213079,0.033068,9.472466,0.117131,0.050086,0.044928
2024-01-01 00:00:25.780,0.059986,-0.230538,9.038519,0.304002,0.136057,-0.159607
2024-01-01 00:00:25.790,0.375905,0.002682,9.957405,-0.17983,-0.231587,-0.026787
2024-01-01 00:00:25.800,0.079538,0.324946,9.86949,-0.032644,-0.01288,0.210331
2024-01-01 00:00:25.810,0.083183,0.174943,9.598584,0.115333,-0.665901,0.064238
2024-01-01 00:00:25.820,-0.011355,0.281046,9.256243,-0.108964,0.049467,0.019581
2024-01-01 00:00:25.830,0.261538,0.066883,10.025371,0.11608,-0.060163,0.03223
2024-01-01 00:00:25.840,0.23437,0.199644,9.719055,0.13885,-0.19669,-0.05837
2024-01-01 00:00:25.850,-0.133739,-0.123798,10.000451,0.270815,0.063144,0.299423
2024-01-01 00:00:25.860,-0.281989,-0.110182,10.447505,-0.151498,0.23454,-0.121824
2024-01-01 00:00:25.870,-0.043387,-0.468393,9.077631,-0.235694,-0.095204,0.031639
2024-01-01 00:00:25.880,-0.171008,0.202831,9.570737,-0.076894,-0.188963,0.017254
2024-01-01 00:00:25.890,-0.013578,0.263395,9.738394,-0.241938,0.033005,0.151314
2024-01-01 00:00:25.900,0.264502,-0.094593,10.307551,0.141125,-0.267121,0.165476
2024-01-01 00:00:25.910,-0.097748,-0.043426,9.25035,-0.290438,-0.132076,-0.004803
2024-01-01 00:00:25.920,-0.009153,-0.12891,10.472064,0.583254,0.24448,0.0436
2024-01-01 00:00:25.930,0.012402,0.065434,9.856463,0.323982,0.012436,0.04928
2024-01-01 00:00:25.940,0.181352,0.192363,9.777168,0.003144,-0.375893,-0.340821
2024-01-01 00:00:25.950,-0.480273,-0.298014,9.742264,0.216849,-0.359398,-0.238348
2024-01-01 00:00:25.960,-0.129682,0.070014,9.660798,-0.4092,0.032417,-0.09076
2024-01-01 00:00:25.970,0.045162,-0.047311,10.168456,0.630843,0.172478,-0.08424
2024-01-01 00:00:25.980,0.256517,0.01939,9.444566,-0.147554,-0.323524,-0.179892
2024-01-01 00:00:25.990,-0.105144,0.078488,9.928132,-0.030124,0.089943,0.112437
2024-01-01 00:00:26.000,-0.401113,-0.032183,9.67861,-0.463983,0.266069,0.000318
2024-01-01 00:00:26.010,0.132463,-0.017713,9.54935,0.121572,0.377572,-0.032204
2024-01-01 00:00:26.020,-0.135809,-0.036573,10.694404,-0.276586,0.066245,-0.188423
2024-01-01 00:00:26.030,-0.254291,0.165924,9.953315,0.025414,0.101361,-0.006682
2024-01-01 00:00:26.040,-0.133454,0.071608,10.019737,-0.136069,-0.426637,-0.394003
2024-01-01 00:00:26.050,-0.039442,0.03772,10.19912,-0.269436,0.419951,-0.024443
2024-01-01 00:00:26.060,-0.129264,-0.217333,9.323898,-0.20109,-0.115098,0.009478
2024-01-01 00:00:26.070,0.28856,-0.064737,12.499284,0.056447,-0.186694,0.036287
2024-01-01 00:00:26.080,0.951748,0.153672,11.041937,-0.320373,-0.051041,-0.234615
2024-01-01 00:00:26.090,1.032505,0.006446,11.637082,-0.187203,0.302335,0.033723
2024-01-01 00:00:26.100,0.899263,0.11278,11.743011,0.165818,0.441609,-0.156215
2024-01-01 00:00:26.110,0.51682,0.302074,12.098949,0.65062,0.025082,-0.12187
2024-01-01 00:00:26.120,-0.043069,0.177602,9.884802,0.119397,0.199617,0.10769
2024-01-01 00:00:26.130,-0.001394,0.01593,9.752949,-0.229315,0.008641,0.302117
2024-01-01 00:00:26.140,0.127992,-0.087379,9.805897,-0.091779,-0.207559,0.007704
2024-01-01 00:00:26.150,0.142858,-0.436657,9.475516,0.007897,0.295349,-0.122564
2024-01-01 00:00:26.160,-0.15693,-0.028794,9.297947,-0.087356,-0.124425,0.028301
2024-01-01 00:00:26.170,0.017527,-0.055748,10.058467,0.225765,0.307106,0.140854
2024-01-01 00:00:26.180,0.097744,0.066753,10.047247,0.054368,0.259708,0.09315
2024-01-01 00:00:26.190,0.311182,-0.026318,10.351897,0.226963,0.122807,0.411467
2024-01-01 00:00:26.200,0.150588,-0.054786,9.539814,-0.078611,0.365795,-0.107301
2024-01-01 00:00:26.210,0.168661,-0.304277,10.046943,0.331375,0.446469,0.037835
2024-01-01 00:00:26.220,0.017918,-0.160734,9.712972,-0.041621,-0.035049,0.232338
2024-01-01 00:00:26.230,0.301486,0.081507,10.217142,-0.242797,-0.161759,0.222924
2024-01-01 00:00:26.240,0.087587,0.29342,10.159511,0.54433,-0.372854,-0.292512
2024-01-01 00:00:26.250,-0.184058,-0.016677,9.882234,-0.456244,0.448936,-0.000504
2024-01-01 00:00:26.260,0.29997,0.056056,9.693881,-0.184685,-0.087936,0.222678
2024-01-01 00:00:26.270,0.149177,0.162874,10.138639,-0.156757,0.227007,0.433596
2024-01-01 00:00:26.280,-0.094701,-0.138663,10.031241,0.627077,-0.148251,0.105569
2024-01-01 00:00:26.290,-0.102492,0.062725,9.575921,0.451715,0.307653,-0.055179
2024-01-01 00:00:26.300,0.063393,-0.126624,9.355893,0.373482,-0.140024,-0.15138
2024-01-01 00:00:26.310,0.099006,0.147885,9.711322,-0.082665,-0.238344,0.332812
2024-01-01 00:00:26.320,0.042171,0.02589,10.328272,0.606545,-0.041701,0.109311
2024-01-01 00:00:26.330,0.066542,0.051035,10.202099,0.092088,-0.106355,-0.12721
2024-01-01 00:00:26.340,0.363366,-0.133824,9.429584,0.244316,0.11926,-0.030473
2024-01-01 00:00:26.350,0.229042,0.120903,9.410627,0.044924,-0.010279,0.046528
2024-01-01 00:00:26.360,0.040748,0.356486,10.245942,-0.012367,0.12554,0.081571
2024-01-01 00:00:26.370,0.201205,-0.172353,9.421613,-0.062945,-0.058204,-0.134943
2024-01-01 00:00:26.380,-0.220702,-0.058099,9.984179,-0.05241,-0.133021,-0.092129
2024-01-01 00:00:26.390,0.085057,0.039605,9.599304,0.152123,-0.116712,-0.24794
2024-01-01 00:00:26.400,0.386739,0.134475,10.363029,0.0918,0.408988,0.155964
2024-01-01 00:00:26.410,-0.046607,-0.095682,9.546515,-0.007868,0.045034,-0.051243
2024-01-01 00:00:26.420,-0.181182,-0.484448,10.20103,0.377381,-0.396752,0.069948
2024-01-01 00:00:26.430,-0.139384,0.232421,9.873222,-0.741688,-0.104042,0.213339
2024-01-01 00:00:26.440,-0.232909,0.130047,9.896251,0.127472,0.019373,0.032981
2024-01-01 00:00:26.450,-0.167743,-0.298044,9.136154,0.179435,0.36908,-0.016946
2024-01-01 00:00:26.460,-0.079196,-0.103894,9.056604,0.286741,0.20574,0.029088
2024-01-01 00:00:26.470,-0.30044,0.268159,9.734566,-0.016218,-0.184344,0.009479
2024-01-01 00:00:26.480,0.003338,0.247573,9.894442,0.05198,0.483671,0.186925
2024-01-01 00:00:26.490,0.192862,0.160507,9.425182,0.246487,-0.006232,0.046626
2024-01-01 00:00:26.500,-0.194033,-0.030115,9.437667,0.372792,0.249266,-0.08166
2024-01-01 00:00:26.510,0.324747,0.014191,10.002024,-0.075134,-0.231002,0.157177
2024-01-01 00:00:26.520,0.109182,-0.022388,10.002496,0.066744,-0.479633,0.184573
2024-01-01 00:00:26.530,0.220287,0.192929,9.762893,0.419643,-0.281686,-0.20075
2024-01-01 00:00:26.540,-0.140612,-0.149769,10.076829,-0.531007,-0.650067,0.229918
2024-01-01 00:00:26.550,0.182655,-0.137792,9.408423,-0.172503,0.422418,0.054707
2024-01-01 00:00:26.560,-0.233401,0.172757,9.68827,0.366459,0.042907,0.04249
2024-01-01 00:00:26.570,0.19029,-0.007586,10.373574,0.273134,-0.184929,0.150994
2024-01-01 00:00:26.580,0.036731,0.235718,9.833366,0.130611,0.090525,-0.085046
2024-01-01 00:00:26.590,0.118257,-0.114829,9.853199,-0.112149,0.037867,0.143125
2024-01-01 00:00:26.600,-0.251283,-0.009367,10.598634,-0.220455,0.124187,-0.056516
2024-01-01 00:00:26.610,-0.191321,-0.157733,9.331425,-0.147804,0.241906,-0.221243
2024-01-01 00:00:26.620,0.127658,0.001259,10.082379,0.387002,-0.057984,-0.149663
2024-01-01 00:00:26.630,-0.202709,-0.252832,10.379083,-0.157111,-0.175968,0.085053
2024-01-01 00:00:26.640,0.85901,-0.083385,11.788899,0.025356,0.165555,-0.14182
2024-01-01 00:00:26.650,0.467774,-0.245599,12.193994,-0.188427,0.160467,0.241511
2024-01-01 00:00:26.660,0.941297,0.118661,11.564149,0.210694,0.020147,0.178393
2024-01-01 00:00:26.670,0.496548,0.122537,11.665138,-0.134682,0.435511,0.200016
2024-01-01 00:00:26.680,0.878054,-0.295875,12.031659,-0.024398,-0.087564,0.018717
2024-01-01 00:00:26.690,0.133729,0.228094,10.08311,-0.420846,-0.179972,0.038679
2024-01-01 00:00:26.700,-0.148935,0.427058,10.19336,-0.403342,0.083618,-0.179057
2024-01-01 00:00:26.710,0.124408,0.007867,10.346813,0.001918,-0.134988,0.149368
2024-01-01 00:00:26.720,0.05567,-0.109631,9.786933,-0.331289,0.099103,0.056975
2024-01-01 00:00:26.730,-0.115177,0.482961,10.218215,0.526272,-0.166602,0.085096
2024-01-01 00:00:26.740,-0.215579,-0.225544,9.692932,-0.515381,-0.080048,0.253247
2024-01-01 00:00:26.750,-0.419511,0.003438,10.118515,-0.200044,0.378168,-0.090894
2024-01-01 00:00:26.760,0.074738,0.030715,9.880961,0.004175,-0.081117,-0.018921
2024-01-01 00:00:26.770,-0.334477,0.23002,9.962422,-0.091283,-0.15977,0.049001
2024-01-01 00:00:26.780,0.02038,0.061515,9.95484,-0.276036,0.234136,-0.140315
2024-01-01 00:00:26.790,-0.056312,-0.085266,9.261191,-0.239482,-0.210208,-0.02814
2024-01-01 00:00:26.800,0.145167,-0.162653,9.42555,-0.247664,-0.138589,0.073942
2024-01-01 00:00:26.810,-0.064562,-0.058452,9.845069,-0.07168,0.115312,-0.048813
2024-01-01 00:00:26.820,-0.070419,-0.172185,9.232951,0.487982,0.187682,0.196348
2024-01-01 00:00:26.830,0.156437,0.008178,10.094274,0.019484,0.244095,-0.226639
2024-01-01 00:00:26.840,0.071619,-0.096478,10.108072,0.295725,-0.149444,0.168416
2024-01-01 00:00:26.850,0.067578,-0.25548,9.921892,0.126744,0.119202,0.099178
2024-01-01 00:00:26.860,0.100306,0.21463,9.426572,0.278466,-0.093222,-0.085324
2024-01-01 00:00:26.870,-0.328229,-0.085102,10.282008,-0.699991,-0.121131,-0.138661
2024-01-01 00:00:26.880,0.161764,-0.216851,10.506726,-0.076115,0.240643,-0.312042
2024-01-01 00:00:26.890,0.130915,-0.028772,9.8603,0.326784,-0.109911,-0.119276
2024-01-01 00:00:26.900,-0.217316,0.011692,9.984603,-0.142934,0.055641,0.157076
2024-01-01 00:00:26.910,-0.052172,-0.298646,9.878995,0.440618,0.031116,-0.008413
2024-01-01 00:00:26.920,-0.008402,0.056712,9.991386,0.370973,-0.214151,0.174447
2024-01-01 00:00:26.930,-0.028749,-0.179064,9.769111,-0.117283,0.193219,-0.092981
2024-01-01 00:00:26.940,0.071363,0.292586,9.798179,-0.125791,0.112056,0.106066
2024-01-01 00:00:26.950,0.305955,0.089597,10.119755,-0.253401,-0.397258,-0.107625
2024-01-01 00:00:26.960,0.231228,-0.068383,10.612203,-0.157399,0.055484,-0.144836
2024-01-01 00:00:26.970,-0.280487,-0.127424,9.331176,-0.308147,-0.154595,-0.016069
2024-01-01 00:00:26.980,0.132967,-0.017949,9.774496,0.107203,0.219415,-0.099745
2024-01-01 00:00:26.990,0.284059,0.104787,9.406283,-0.364012,-0.28908,-0.231423
2024-01-01 00:00:27.000,0.08268,-0.004359,10.354473,0.150933,-0.071295,-0.027347
2024-01-01 00:00:27.010,0.233197,-0.037134,9.608994,0.15702,0.072405,0.015965
2024-01-01 00:00:27.020,0.430123,0.009981,9.316425,-0.415301,0.010868,0.190254
2024-01-01 00:00:27.030,0.218818,-0.10326,10.02826,0.387455,0.152592,0.140521
2024-01-01 00:00:27.040,0.05329,-0.058688,10.406554,0.128402,-0.303684,0.182991
2024-01-01 00:00:27.050,0.223388,-0.356671,10.03695,0.187425,0.330383,0.108054
2024-01-01 00:00:27.060,0.03097,0.166507,9.880041,-0.189666,0.105029,0.049892
2024-01-01 00:00:27.070,0.005109,0.051094,9.949926,0.155595,0.271944,-0.184342
2024-01-01 00:00:27.080,-0.075115,-0.132261,10.293876,0.281598,0.174848,0.022481
2024-01-01 00:00:27.090,0.33418,0.324684,9.511024,-0.024652,-0.002322,0.089519
2024-01-01 00:00:27.100,-0.174939,0.01488,9.771748,0.500481,-0.25684,0.218616
2024-01-01 00:00:27.110,0.327544,-0.177181,9.65518,0.011016,-0.112711,0.102943
2024-01-01 00:00:27.120,0.106846,0.146502,9.41059,0.285196,0.317913,0.186058
2024-01-01 00:00:27.130,-0.299102,0.068066,9.697696,0.073252,0.277088,-0.1548
2024-01-01 00:00:27.140,0.838585,0.067473,12.278841,0.14638,-0.12392,-0.048963
2024-01-01 00:00:27.150,0.311119,-0.072804,12.093778,-0.417833,-0.563661,0.064403
2024-01-01 00:00:27.160,0.893702,0.077035,12.120354,0.092763,-0.042538,0.174143
2024-01-01 00:00:27.170,0.949218,-0.044761,11.950095,-0.183744,-0.057541,-0.021784
2024-01-01 00:00:27.180,0.633384,0.095066,12.078977,-0.2116,-0.049955,-0.012367
2024-01-01 00:00:27.190,0.026408,-0.325746,9.536198,0.436026,0.105708,0.103071
2024-01-01 00:00:27.200,0.417701,-0.074192,9.704148,-0.053443,0.175243,-0.168881
2024-01-01 00:00:27.210,-0.108103,0.294489,9.875665,-0.250825,0.19806,0.241111
2024-01-01 00:00:27.220,-0.226341,-0.131169,9.90491,-0.089783,0.089142,-0.13187
2024-01-01 00:00:27.230,0.316706,-0.103256,9.919504,-0.325113,-0.360154,-0.287788
2024-01-01 00:00:27.240,0.419503,-0.076601,9.762689,0.358471,-0.06824,0.00151
2024-01-01 00:00:27.250,0.00079,-0.207732,9.680921,-0.17392,0.460818,0.254769
2024-01-01 00:00:27.260,0.2162,-0.377616,10.889958,0.132325,0.074843,0.087968
2024-01-01 00:00:27.270,0.28674,-0.03943,10.120121,0.339027,0.073564,0.112664
2024-01-01 00:00:27.280,-0.158706,0.023232,9.951296,-0.125038,0.071897,0.006208
2024-01-01 00:00:27.290,-0.103734,-0.008978,9.730243,0.133006,0.083076,-0.022857
2024-01-01 00:00:27.300,0.263099,-0.024774,9.655683,-0.257522,-0.476622,-0.231736
2024-01-01 00:00:27.310,0.360172,0.00736,9.765266,0.611442,-0.047905,-0.338908
2024-01-01 00:00:27.320,0.120316,0.174906,9.910147,0.234095,-0.007579,0.029441
2024-01-01 00:00:27.330,-0.18806,-0.032566,9.166891,-0.048152,0.256299,0.196882
2024-01-01 00:00:27.340,0.424734,-0.098168,9.273269,-0.193208,0.009535,0.05162
2024-01-01 00:00:27.350,-0.113495,-0.048072,9.592186,-0.028499,-0.329302,0.09354
2024-01-01 00:00:27.360,-0.071636,0.099068,9.880842,-0.084996,0.086018,0.237558
2024-01-01 00:00:27.370,0.073175,0.241457,9.728169,0.488236,-0.160765,0.049315
2024-01-01 00:00:27.380,0.332202,-0.107413,10.315517,-0.306384,-0.243357,-0.018398
2024-01-01 00:00:27.390,0.182537,0.016918,9.30302,0.0337,-0.166832,-0.122779
2024-01-01 00:00:27.400,0.088678,0.057859,9.55304,-0.004585,0.108501,0.303332
2024-01-01 00:00:27.410,0.099028,-0.169731,10.329871,-0.029353,0.251752,0.078982
2024-01-01 00:00:27.420,0.009301,0.003491,9.854843,-0.027154,0.096586,-0.14154
2024-01-01 00:00:27.430,0.119302,-0.25063,10.112616,-0.029018,0.126405,-0.175675
2024-01-01 00:00:27.440,-0.540693,-0.302508,10.511526,0.218267,0.094609,0.18796
2024-01-01 00:00:27.450,-0.0634,0.062714,9.572719,0.152246,0.020265,-0.155616
2024-01-01 00:00:27.460,0.051583,-0.065643,9.776034,0.104728,0.139386,0.278075
2024-01-01 00:00:27.470,-0.246029,0.03459,9.71683,-0.758497,-0.483755,-0.413469
2024-01-01 00:00:27.480,0.082577,-0.00306,9.141529,0.074949,0.022218,0.213389
2024-01-01 00:00:27.490,-0.043706,-0.166964,9.703844,-0.41391,-0.208985,0.073034
2024-01-01 00:00:27.500,0.375233,-0.007738,10.111323,0.16158,0.232581,0.017789
2024-01-01 00:00:27.510,0.336233,-0.21086,9.994882,0.368624,-0.029431,-0.026319
2024-01-01 00:00:27.520,-0.099566,0.237856,10.021726,-0.23156,0.00619,0.283609
2024-01-01 00:00:27.530,-0.032242,-0.231871,9.681576,-0.065445,-0.301014,0.106059
2024-01-01 00:00:27.540,-0.015806,-0.033479,9.585615,-0.149839,0.203366,-0.135481
2024-01-01 00:00:27.550,-0.096542,-0.178228,10.244085,0.308858,0.125466,-0.257836
2024-01-01 00:00:27.560,0.041687,0.097542,9.639918,0.023757,0.11139,0.026595
2024-01-01 00:00:27.570,-0.162083,-0.056675,9.910576,0.432082,-0.162605,-0.000161
2024-01-01 00:00:27.580,-0.241669,-0.088692,9.86586,0.103439,-0.154728,-0.22798
2024-01-01 00:00:27.590,0.133105,0.145897,10.309907,0.060613,0.04472,-0.008309
2024-01-01 00:00:27.600,0.134562,0.005033,10.142223,0.017052,-0.1389,-0.08609
2024-01-01 00:00:27.610,-0.171922,0.088346,9.367022,0.204498,0.086979,0.001394
2024-01-01 00:00:27.620,0.191382,-0.167807,9.403857,-0.434422,-0.432183,0.108889
2024-01-01 00:00:27.630,-0.135,-0.240224,10.007987,0.021336,-0.097509,0.223891
2024-01-01 00:00:27.640,0.054114,0.018333,9.787997,-0.017512,0.359351,0.136333
2024-01-01 00:00:27.650,0.175349,-0.054523,9.654331,0.181355,0.087897,-0.108216
2024-01-01 00:00:27.660,-0.007185,0.10712,10.157345,-0.046925,0.033359,0.055337
2024-01-01 00:00:27.670,0.097201,-0.013664,9.874111,-0.259684,0.397045,0.009466
2024-01-01 00:00:27.680,-0.110387,0.035068,9.82794,0.001838,-0.467191,-0.199819
2024-01-01 00:00:27.690,-0.041995,-0.277598,10.076701,-0.27071,-0.163062,0.059735
2024-01-01 00:00:27.700,-0.044002,0.322923,9.681713,-0.481316,-0.080235,0.278501
2024-01-01 00:00:27.710,0.600419,-0.028085,12.436433,0.181781,0.17167,0.004864
2024-01-01 00:00:27.720,0.722215,0.119287,11.630488,0.144765,0.175131,-0.239127
2024-01-01 00:00:27.730,0.428983,-0.142972,12.12467,0.116773,-0.173201,0.00454
2024-01-01 00:00:27.740,0.655016,0.05267,12.390371,0.325732,0.199591,-0.182057
2024-01-01 00:00:27.750,0.699108,-0.222786,11.428965,-0.166258,-0.080663,0.129541
2024-01-01 00:00:27.760,-0.054758,0.077304,9.692579,-0.357779,0.242328,0.07873
2024-01-01 00:00:27.770,-0.05162,-0.060872,10.200635,-0.017507,-0.206529,-0.025637
2024-01-01 00:00:27.780,-0.013202,0.004992,10.205778,-0.086875,-0.024662,-0.049675
2024-01-01 00:00:27.790,0.102481,0.119354,9.751349,-0.210574,-0.098033,-0.031835
2024-01-01 00:00:27.800,0.186928,-0.210764,9.558742,-0.019962,0.211206,0.001241
2024-01-01 00:00:27.810,-0.138887,-0.117048,10.13693,-0.152901,-0.104556,-0.115835
2024-01-01 00:00:27.820,-0.257184,0.078202,10.214774,-0.459001,-0.00849,-0.208163
2024-01-01 00:00:27.830,-0.222737,0.358796,9.411685,-0.110294,0.101362,0.170805
2024-01-01 00:00:27.840,-0.10414,-0.023612,9.398262,-0.284094,0.109052,-0.05781
2024-01-01 00:00:27.850,-0.075223,0.101084,9.887038,0.057912,0.177391,0.025056
2024-01-01 00:00:27.860,-0.164587,-0.018292,10.025241,-0.164009,0.042225,0.042792
2024-01-01 00:00:27.870,-0.277045,0.332124,9.707718,0.277908,-0.08365,0.048303
2024-01-01 00:00:27.880,-0.097496,-0.298775,10.042318,0.400967,-0.06994,-0.176073
2024-01-01 00:00:27.890,0.03878,0.01618,9.567133,0.169845,0.005134,-0.251376
2024-01-01 00:00:27.900,0.127188,-0.277968,9.086775,-0.387757,0.049918,-0.088304
2024-01-01 00:00:27.910,-0.119149,-0.428624,9.665026,0.376299,-0.029434,0.059357
2024-01-01 00:00:27.920,-0.088278,0.050866,9.831625,0.39393,0.003841,-0.109192
2024-01-01 00:00:27.930,-0.198082,0.023854,9.715663,0.004698,-0.303451,-0.053238
2024-01-01 00:00:27.940,-0.00672,-0.048707,9.413758,0.330732,0.133471,0.319095
2024-01-01 00:00:27.950,-0.181352,-0.018159,9.189048,-0.137919,0.036222,-0.276814
2024-01-01 00:00:27.960,0.122506,0.529809,9.634182,-0.466561,0.200374,-0.113255
2024-01-01 00:00:27.970,-0.381729,-0.044148,10.116998,-0.190071,3.2e-05,0.284491
2024-01-01 00:00:27.980,-0.076871,0.087231,10.23962,0.432325,-0.34768,-0.00669
2024-01-01 00:00:27.990,0.064362,-0.111041,10.216198,-0.37277,-0.071689,-0.105898
2024-01-01 00:00:28.000,0.039295,0.050485,9.530959,-0.00012,-0.039986,0.175315
2024-01-01 00:00:28.010,0.575636,-0.040738,9.415432,0.008536,0.148581,0.008285
2024-01-01 00:00:28.020,0.07477,-0.070199,9.979849,-0.128244,-0.414055,-0.052246
2024-01-01 00:00:28.030,-0.214617,0.311032,10.027204,-0.11088,0.008236,0.028855
2024-01-01 00:00:28.040,-0.020405,0.201299,9.946858,0.018062,0.102735,-0.098716
2024-01-01 00:00:28.050,-0.379673,0.023384,9.12119,-0.140541,-0.132298,-0.152624
2024-01-01 00:00:28.060,-0.017228,-0.39402,9.513525,-0.355515,0.014926,-0.01704
2024-01-01 00:00:28.070,-0.178066,-0.061733,9.799846,0.053758,-0.125407,-0.15165
2024-01-01 00:00:28.080,0.195665,0.462218,9.976629,0.268342,-0.145915,0.001604
2024-01-01 00:00:28.090,-0.117464,-0.039443,10.072419,0.217393,-0.081684,0.053161
2024-01-01 00:00:28.100,-0.024959,0.18865,9.859335,-0.202434,-0.142138,0.127959
2024-01-01 00:00:28.110,-0.13585,0.246572,9.923128,-0.312807,0.136724,0.169189
2024-01-01 00:00:28.120,0.371679,0.037443,9.839024,-0.071047,-0.14699,-0.06086
2024-01-01 00:00:28.130,-0.068666,-0.143951,10.044482,0.391948,-0.180582,0.074912
2024-01-01 00:00:28.140,0.391709,-0.416438,9.917,0.1614,0.353586,0.073879
2024-01-01 00:00:28.150,0.174025,0.116992,9.832482,0.175991,0.192148,0.049173
2024-01-01 00:00:28.160,0.103042,-0.139323,9.718218,0.222464,-0.372303,-0.071919
2024-01-01 00:00:28.170,0.078817,0.030122,9.837802,0.105192,-0.152954,-0.15421
2024-01-01 00:00:28.180,0.084174,-0.213719,9.97573,0.030152,0.048493,0.0753
2024-01-01 00:00:28.190,-0.41204,-0.045356,9.901477,0.165577,0.064751,-0.256029
2024-01-01 00:00:28.200,-0.059611,0.005766,9.940243,-0.136542,-0.298099,-0.040176
2024-01-01 00:00:28.210,0.940653,0.04593,12.359211,-0.353616,0.231713,-0.383045
2024-01-01 00:00:28.220,0.749548,-0.190635,11.990686,0.180749,0.165045,-0.20046
2024-01-01 00:00:28.230,0.459641,0.204672,11.678043,0.309435,0.09638,-0.13157
2024-01-01 00:00:28.240,0.748799,-0.102069,12.202194,-0.279558,0.271346,0.164509
2024-01-01 00:00:28.250,1.124253,-0.286334,11.43276,0.20548,0.090458,0.103216
2024-01-01 00:00:28.260,0.266523,-0.018643,9.440157,0.420191,0.089716,-0.08309
2024-01-01 00:00:28.270,-0.013253,0.005878,9.92486,-0.000562,0.311536,0.109405
2024-01-01 00:00:28.280,0.203372,0.027461,9.986608,-0.204501,0.220244,0.133143
2024-01-01 00:00:28.290,-0.078341,0.232925,9.384192,0.030755,-0.168301,-0.0241
2024-01-01 00:00:28.300,-0.364203,-0.040433,9.679076,-0.137633,0.126639,-0.207657
2024-01-01 00:00:28.310,-0.197605,-0.020455,9.602719,-0.154183,-0.132854,-0.031187
2024-01-01 00:00:28.320,0.334067,-0.188645,9.643557,0.108296,0.100831,-0.014684
2024-01-01 00:00:28.330,-0.058566,0.140315,10.13271,-0.400932,0.095323,-0.184868
2024-01-01 00:00:28.340,-0.052023,0.031517,10.051625,-0.360982,-0.276693,0.055057
2024-01-01 00:00:28.350,-0.06409,-0.071825,9.80346,0.004823,-0.024369,0.041972
2024-01-01 00:00:28.360,0.407009,-0.325699,9.623281,-0.005577,0.053051,0.066756
2024-01-01 00:00:28.370,0.347549,0.246994,9.34842,0.085889,-0.087258,0.041838
2024-01-01 00:00:28.380,0.474264,-0.209933,10.295703,0.468806,0.062942,0.109476
2024-01-01 00:00:28.390,-0.033996,-0.101109,10.012503,0.026129,0.16118,-0.026899
2024-01-01 00:00:28.400,0.06319,0.061277,9.568319,0.149543,-0.006119,0.030268
2024-01-01 00:00:28.410,-0.324182,-0.204611,10.056103,-0.243883,0.04492,-0.059661
2024-01-01 00:00:28.420,0.315695,-0.25539,9.785984,0.191984,0.276685,-0.087675
2024-01-01 00:00:28.430,-0.249613,-0.363195,9.711809,-0.131598,0.094639,0.200737
2024-01-01 00:00:28.440,0.046336,0.12329,9.958842,0.017855,0.040165,-0.306565
2024-01-01 00:00:28.450,-0.234548,-0.093227,9.556408,-0.027212,-0.191616,0.131514
2024-01-01 00:00:28.460,-0.12587,0.500563,9.692435,0.258244,0.134205,-0.093081
2024-01-01 00:00:28.470,-0.178965,-0.170035,9.85154,-0.327494,0.06603,-0.112506
2024-01-01 00:00:28.480,-0.129933,-0.157568,9.639188,-0.57081,0.256748,0.039237
2024-01-01 00:00:28.490,-0.115237,-0.096682,10.038827,-0.053358,0.009376,-0.223441
2024-01-01 00:00:28.500,-0.117192,0.041576,10.449221,0.117133,-0.363253,-0.122403
2024-01-01 00:00:28.510,0.178125,-0.080405,9.55203,0.038067,-0.340024,-0.127371
2024-01-01 00:00:28.520,-0.236164,0.104709,9.240527,0.308051,0.147136,-0.03321
2024-01-01 00:00:28.530,0.047141,-0.167339,9.125405,0.109343,-0.114039,-0.120621
2024-01-01 00:00:28.540,0.260339,-0.236252,9.75854,-0.140962,0.087354,0.240168
2024-01-01 00:00:28.550,-0.109696,-0.307495,9.583198,-0.581355,0.022847,0.269552
2024-01-01 00:00:28.560,-0.153455,-0.380231,9.881088,-0.059328,-0.033368,-0.303299
2024-01-01 00:00:28.570,-0.049275,-0.08859,9.855348,0.25699,-0.019272,0.081648
2024-01-01 00:00:28.580,0.252166,-0.051468,9.2617,-0.098012,-0.173078,0.1288
2024-01-01 00:00:28.590,0.041491,-0.107976,9.18931,0.00708,-0.003156,0.081448
2024-01-01 00:00:28.600,-0.113547,0.212622,9.911209,0.10534,-0.116899,-0.098717
2024-01-01 00:00:28.610,0.103429,0.209993,9.856317,-0.253823,-0.074451,-0.036614
2024-01-01 00:00:28.620,-0.235615,-0.057251,9.66437,0.155809,-0.06473,-0.112241
2024-01-01 00:00:28.630,0.145641,-0.306761,9.243257,0.40928,-0.045339,-0.06304
2024-01-01 00:00:28.640,0.08734,-0.096907,9.971216,-0.043203,0.184435,-0.181495
2024-01-01 00:00:28.650,-0.065794,-0.102569,10.24499,-0.282266,-0.025958,-0.017218
2024-01-01 00:00:28.660,-0.179248,-0.11237,9.90507,-0.01665,0.20474,-0.22542
2024-01-01 00:00:28.670,-0.189528,-0.11931,9.520164,-0.556096,0.307571,-0.03002
2024-01-01 00:00:28.680,0.114317,-0.111742,9.825237,0.084226,0.170989,-0.187287
2024-01-01 00:00:28.690,0.262695,-0.066099,9.342789,0.113069,0.106894,0.031022
2024-01-01 00:00:28.700,-0.136225,-0.108678,10.171823,0.418909,0.065366,-0.101913
2024-01-01 00:00:28.710,0.09798,0.035623,9.837991,-0.048499,0.173072,0.043587
2024-01-01 00:00:28.720,-0.446102,0.061623,9.20529,0.102121,0.017872,0.162237
2024-01-01 00:00:28.730,-0.124962,-0.15572,9.707169,-0.215322,0.196914,0.238417
2024-01-01 00:00:28.740,-0.006639,0.217352,9.968449,-0.089107,0.122821,-0.379201
2024-01-01 00:00:28.750,-0.194445,-0.167591,9.696098,-0.381296,-0.071968,-0.125129
2024-01-01 00:00:28.760,-0.200178,-0.276644,9.715644,-0.048697,0.17917,-0.045463
2024-01-01 00:00:28.770,0.617262,0.065113,11.481254,-0.076327,0.018296,0.069049
2024-01-01 00:00:28.780,0.822456,-0.139777,12.093757,0.0748,-0.021226,-0.247553
2024-01-01 00:00:28.790,0.719958,0.054941,11.678224,-0.155899,-0.09524,-0.147314
2024-01-01 00:00:28.800,0.281578,-0.411027,11.162496,0.020836,0.033204,0.019554
2024-01-01 00:00:28.810,0.3067,0.23811,11.77303,-0.083345,0.199293,0.012733
2024-01-01 00:00:28.820,-0.129717,0.114962,10.145553,-0.082875,0.177788,0.056643
2024-01-01 00:00:28.830,0.097831,-0.256581,9.67767,0.020091,0.070679,0.066551
2024-01-01 00:00:28.840,-0.587279,-0.252871,10.404391,0.010131,0.119929,0.050789
2024-01-01 00:00:28.850,-0.106817,0.285957,9.956707,0.190294,0.254339,0.029048
2024-01-01 00:00:28.860,-0.112485,-0.126092,9.925855,-0.030161,-0.029993,0.008361
2024-01-01 00:00:28.870,0.296757,-0.142646,9.766088,-0.087471,-0.223084,0.099714
2024-01-01 00:00:28.880,-0.082298,-0.387495,9.786646,-0.045202,0.260226,-0.335898
2024-01-01 00:00:28.890,0.081864,-0.059983,9.719909,-0.178666,-0.105956,0.23165
2024-01-01 00:00:28.900,0.030194,-0.03894,9.706624,-0.089978,-0.138068,-0.330672
2024-01-01 00:00:28.910,-0.455409,0.122349,9.991557,0.50779,-0.35924,-0.161874
2024-01-01 00:00:28.920,0.164204,-0.239242,9.489946,-0.22817,0.114257,-0.034014
2024-01-01 00:00:28.930,0.046041,-0.259969,9.442044,-0.069664,-0.324291,0.100892
2024-01-01 00:00:28.940,0.108642,0.077115,9.425867,-0.096872,-0.150052,-0.44929
2024-01-01 00:00:28.950,0.839233,0.172151,10.509614,-0.061793,0.117647,-0.004219
2024-01-01 00:00:28.960,-0.445479,-0.268667,9.991377,-0.08281,0.144384,0.118859
2024-01-01 00:00:28.970,0.368654,0.184939,9.914136,0.06981,-0.130341,0.149178
2024-01-01 00:00:28.980,-0.061442,0.00642,9.44833,-0.427544,-0.026831,-0.104599
2024-01-01 00:00:28.990,0.061417,0.186699,10.023183,0.259293,-0.174519,-0.045125
2024-01-01 00:00:29.000,-0.009728,-0.012008,9.770133,0.158146,-0.109679,-0.092422
2024-01-01 00:00:29.010,-0.090681,-0.43131,9.883246,-0.310718,0.053243,-0.058901
2024-01-01 00:00:29.020,-0.121802,-0.025986,9.475996,-0.567269,-0.100329,-0.154774
2024-01-01 00:00:29.030,0.070432,0.181285,9.864812,-0.244268,-0.048843,-0.133388
2024-01-01 00:00:29.040,-0.324296,-0.152831,9.665049,-0.060667,-0.292941,0.065157
2024-01-01 00:00:29.050,0.160436,-0.066342,9.548161,0.645073,0.226591,0.019742
2024-01-01 00:00:29.060,-0.088962,-0.030119,10.061064,0.135814,0.102013,0.073738
2024-01-01 00:00:29.070,-0.241552,-0.495817,9.284104,-0.451897,0.158581,0.032102
2024-01-01 00:00:29.080,-0.09619,0.2858,10.003153,-0.172414,0.258085,0.105651
2024-01-01 00:00:29.090,0.268716,-0.154135,10.044094,-0.013303,-0.165043,0.131732
2024-01-01 00:00:29.100,-0.114428,0.086481,9.509162,0.063421,-0.071679,-0.261257
2024-01-01 00:00:29.110,0.076619,-0.014826,9.529448,-0.328687,-0.378967,-0.128146
2024-01-01 00:00:29.120,-0.156242,0.215053,9.733725,-0.033748,0.628085,-0.034706
2024-01-01 00:00:29.130,0.162006,0.069436,9.906456,-0.17941,-0.029917,-0.003402
2024-01-01 00:00:29.140,0.146527,-0.040172,9.757724,-0.27594,0.207746,-0.100514
2024-01-01 00:00:29.150,0.39514,-0.152791,9.958278,0.064899,-0.247632,0.136804
2024-01-01 00:00:29.160,-0.037527,0.136432,10.412939,0.193469,0.199278,0.296992
2024-01-01 00:00:29.170,0.142925,-0.320358,9.636361,0.21026,0.371518,0.027924
2024-01-01 00:00:29.180,0.020962,0.110447,9.223408,0.143597,-0.012056,0.012651
2024-01-01 00:00:29.190,0.276993,-0.187937,10.092466,-0.124342,-0.202176,0.127418
2024-01-01 00:00:29.200,-0.15365,0.214141,10.385694,0.178637,-0.027759,-0.279876
2024-01-01 00:00:29.210,0.159245,0.027582,9.944327,0.077264,-0.445352,0.00427
2024-01-01 00:00:29.220,-0.041617,0.110145,9.43799,0.033485,-0.007577,0.146855
2024-01-01 00:00:29.230,-0.01372,0.01402,9.767629,-0.152923,0.164193,-0.096473
2024-01-01 00:00:29.240,0.019612,-0.299656,9.427465,-0.124219,-0.007152,-0.183984
2024-01-01 00:00:29.250,0.053916,-0.147185,10.029857,0.018472,-0.056828,-0.027871
2024-01-01 00:00:29.260,-0.024844,0.114979,9.347859,0.609969,0.105514,-0.009103
2024-01-01 00:00:29.270,0.805895,0.028498,11.797356,0.075311,0.120805,-0.136298
2024-01-01 00:00:29.280,1.097323,0.201949,11.556516,-0.152797,-0.331981,0.314424
2024-01-01 00:00:29.290,0.97064,0.06896,11.943374,-0.208097,0.017765,-0.071804
2024-01-01 00:00:29.300,0.945782,-0.165306,11.774711,-0.122942,0.487197,-0.173049
2024-01-01 00:00:29.310,0.662628,-0.136127,11.960453,0.544323,-0.267003,-0.014043
2024-01-01 00:00:29.320,-0.190075,0.017599,9.817644,-0.099814,-0.017084,0.136179
2024-01-01 00:00:29.330,0.204195,-0.395702,9.472563,0.226718,0.388349,0.002612
2024-01-01 00:00:29.340,0.187255,0.286159,10.024392,-0.093982,0.220835,0.072839
2024-01-01 00:00:29.350,0.314783,0.075539,9.793322,0.065296,-0.102679,-0.130727
2024-01-01 00:00:29.360,-0.129101,0.209823,9.471923,0.197936,0.041227,0.223153
2024-01-01 00:00:29.370,-0.049066,-0.270283,10.576397,-0.142976,-0.000422,0.084257
2024-01-01 00:00:29.380,-0.35044,0.212821,9.972939,-0.160278,-0.149614,0.157155
2024-01-01 00:00:29.390,-0.083891,0.381586,9.757585,0.414717,-0.01485,0.054774
2024-01-01 00:00:29.400,0.213017,-0.22587,10.294,0.246148,-0.055993,0.123733
2024-01-01 00:00:29.410,-0.099713,0.13191,10.439901,0.197668,0.02255,-0.130958
2024-01-01 00:00:29.420,0.136903,0.00019,9.76029,0.196819,-0.149677,-0.073712
2024-01-01 00:00:29.430,-0.04072,-0.264098,9.92881,0.114894,-0.255324,0.201972
2024-01-01 00:00:29.440,0.069267,0.084283,9.472103,0.504444,-0.008256,0.233961
2024-01-01 00:00:29.450,-0.245319,0.142546,9.75966,0.010977,0.343024,-0.17206
2024-01-01 00:00:29.460,0.018214,-0.102793,9.741921,0.144316,0.016441,0.03746
2024-01-01 00:00:29.470,-0.639355,0.199372,9.873211,-0.362728,-0.066319,-0.064642
2024-01-01 00:00:29.480,-0.039949,-0.285017,9.923804,-0.20624,0.150817,-0.104555
2024-01-01 00:00:29.490,-0.348514,-0.255603,10.001461,-0.300205,-0.031664,0.042726
2024-01-01 00:00:29.500,0.257781,0.023358,9.891274,0.318516,0.373607,0.171144
2024-01-01 00:00:29.510,0.166171,0.004341,9.395926,-0.638135,-0.000783,0.067749
2024-01-01 00:00:29.520,0.099751,-0.122534,9.489044,-0.100578,0.140099,-0.047927
2024-01-01 00:00:29.530,0.325115,0.138441,9.623129,-0.748427,-0.150921,0.077229
2024-01-01 00:00:29.540,-0.202831,0.090783,9.713474,-0.207822,0.100618,-0.053996
2024-01-01 00:00:29.550,0.373499,0.146742,10.169365,-0.122737,0.055019,0.061817
2024-01-01 00:00:29.560,0.199256,-0.021056,9.412275,0.346218,-0.011301,0.20947
2024-01-01 00:00:29.570,-0.050564,0.103041,9.687764,0.099157,-0.100352,-0.311574
2024-01-01 00:00:29.580,0.242739,-0.076206,10.135929,-0.208285,-0.127606,0.119588
2024-01-01 00:00:29.590,-0.23647,0.351203,9.707442,0.266491,0.056471,-0.230858
2024-01-01 00:00:29.600,-0.17624,-0.138945,9.967462,0.004458,0.125788,0.184249
2024-01-01 00:00:29.610,-0.130086,0.360006,9.762277,0.009392,-0.025433,-0.095554
2024-01-01 00:00:29.620,-0.113069,0.005966,9.89782,-0.300668,0.057454,-0.182651
2024-01-01 00:00:29.630,-0.225839,-0.235212,9.731862,-0.247503,-0.007583,0.10429
2024-01-01 00:00:29.640,0.261434,0.233942,10.038136,-0.206274,0.019705,0.054626
2024-01-01 00:00:29.650,-0.05533,0.021529,9.281591,0.011615,-0.040089,-0.149878
2024-01-01 00:00:29.660,0.075348,0.145542,9.685747,0.019471,0.003595,-0.18795
2024-01-01 00:00:29.670,-0.121913,0.209279,9.911428,0.386023,0.539608,-0.028122
2024-01-01 00:00:29.680,-0.389154,0.05779,9.992524,0.096264,0.062327,-0.180613
2024-01-01 00:00:29.690,0.057725,-0.101273,10.32059,-0.676891,0.129059,-0.159221
2024-01-01 00:00:29.700,-0.408745,0.166847,9.67627,0.06566,0.087605,0.017343
2024-01-01 00:00:29.710,-0.014671,0.000129,10.315983,-0.362504,-0.052563,-0.144881
2024-01-01 00:00:29.720,-0.292477,0.117282,9.584614,-0.241493,0.258798,0.063981
2024-01-01 00:00:29.730,0.42478,-0.368288,10.264397,-0.203042,-0.058233,0.223522
2024-01-01 00:00:29.740,0.194804,0.076434,10.089574,-0.165835,0.211011,-0.022283
2024-01-01 00:00:29.750,0.022605,-0.109198,9.497597,-0.343787,-0.066841,0.019523
2024-01-01 00:00:29.760,0.270117,0.282716,9.915007,0.050871,-0.191995,0.302715
2024-01-01 00:00:29.770,-0.1809,0.106548,9.792477,-0.352701,0.073079,-0.17814
2024-01-01 00:00:29.780,0.116169,0.041016,10.02395,0.089167,-0.220934,0.178685
2024-01-01 00:00:29.790,0.042709,0.083159,9.733641,0.559243,0.107128,0.160629
2024-01-01 00:00:29.800,0.056434,-0.170733,9.704922,-0.33234,-0.238832,0.128148
2024-01-01 00:00:29.810,0.271966,0.277577,10.27823,-0.071128,-0.063802,0.193762
2024-01-01 00:00:29.820,0.15657,0.340524,9.776237,-0.630864,-0.286346,0.042086
2024-01-01 00:00:29.830,0.061715,0.067188,10.092636,-0.075234,0.564833,-0.087439
2024-01-01 00:00:29.840,-0.353732,0.271959,9.73293,0.160679,-0.330792,0.164186
2024-01-01 00:00:29.850,-0.20521,-0.097324,10.379999,0.18016,0.001963,0.169926
2024-01-01 00:00:29.860,-0.026229,-0.136306,9.57801,0.019341,0.228661,0.165797
2024-01-01 00:00:29.870,0.019958,0.006998,9.599963,0.222316,0.207277,0.006675
2024-01-01 00:00:29.880,-0.241581,0.074375,10.331385,0.636514,0.170268,-0.107429
2024-01-01 00:00:29.890,0.515496,-0.067372,9.657828,0.428076,-0.063446,0.028704
2024-01-01 00:00:29.900,0.324129,0.091958,10.357567,-0.13063,0.270218,0.141335
2024-01-01 00:00:29.910,0.128703,0.052393,10.115009,-0.362776,0.182678,0.153653
2024-01-01 00:00:29.920,0.015398,-0.17071,9.75711,-0.101538,0.04246,-0.064451
2024-01-01 00:00:29.930,-0.04536,0.088714,9.189854,-0.236746,0.048116,0.047306
2024-01-01 00:00:29.940,-0.203473,0.147663,9.803393,0.112837,-0.060785,-0.196317
2024-01-01 00:00:29.950,0.016561,0.029321,9.844757,-0.295298,-0.18193,0.147743
2024-01-01 00:00:29.960,0.055095,0.197103,10.209188,-0.018206,0.24743,-0.117496
2024-01-01 00:00:29.970,-0.265426,-0.208176,10.353249,0.209504,0.262442,0.117788
2024-01-01 00:00:29.980,0.07143,0.08002,9.575734,-0.025174,-0.176822,-0.172396
2024-01-01 00:00:29.990,-0.033187,-0.200118,10.084004,-0.236578,-0.030757,0.154712
