timestamp,acc_x,acc_y,acc_z,gyro_x,gyro_y,gyro_z
2024-01-01 00:00:00.000,0.099343,0.118438,8.328663,0.137772,0.761467,-0.014342
2024-01-01 00:00:00.010,0.013797,0.326728,8.794186,0.224302,0.206534,0.014005
2024-01-01 00:00:00.020,0.212239,0.412506,8.897546,0.15179,0.470098,0.040888
2024-01-01 00:00:00.030,0.428164,0.866821,9.308861,-0.256981,0.495853,0.146169
2024-01-01 00:00:00.040,0.116994,0.592312,9.679229,0.094892,0.470857,-0.006462
2024-01-01 00:00:00.050,0.15648,0.203325,10.354402,-0.055547,0.456191,7.7e-05
2024-01-01 00:00:00.060,0.557662,0.5548,10.013338,0.144896,0.4812,0.22442
2024-01-01 00:00:00.070,0.432663,0.133117,9.599156,0.385783,0.305478,0.070059
2024-01-01 00:00:00.080,0.221304,0.641987,10.952243,0.291326,0.180179,0.005029
2024-01-01 00:00:00.090,0.458227,0.312062,10.158326,0.468943,0.102937,0.097202
2024-01-01 00:00:00.100,0.289877,0.366456,10.571848,0.348436,-0.007262,0.126395
2024-01-01 00:00:00.110,0.320433,0.627399,10.828714,0.076485,0.169114,0.327821
2024-01-01 00:00:00.120,0.491012,0.080132,10.712777,-0.121788,-0.164996,0.276908
2024-01-01 00:00:00.130,0.08689,0.031853,11.076287,0.378945,0.028749,0.310396
2024-01-01 00:00:00.140,0.149246,0.166782,10.726929,0.332165,-0.192938,0.287926
2024-01-01 00:00:00.150,0.404093,0.462048,10.019163,0.211563,-0.359124,0.309854
2024-01-01 00:00:00.160,0.333838,-0.079842,11.252379,0.09619,-0.217859,0.154693
2024-01-01 00:00:00.170,0.616544,-0.37382,10.197223,0.283017,-0.517706,0.210846
2024-01-01 00:00:00.180,0.386734,0.070044,9.856785,0.391246,-0.322099,0.137816
2024-01-01 00:00:00.190,0.297807,0.237522,10.149304,0.555059,-0.440548,0.220729
2024-01-01 00:00:00.200,0.882554,0.333517,9.603334,0.476022,-0.618902,0.314004
2024-01-01 00:00:00.210,0.550609,-0.033324,9.433658,0.736275,-0.439369,0.261693
2024-01-01 00:00:00.220,0.612763,-0.057416,10.130318,0.263034,-0.448893,0.380839
2024-01-01 00:00:00.230,0.314938,0.221091,8.636446,0.608506,-0.341233,0.135811
2024-01-01 00:00:00.240,0.488774,-0.418149,8.370006,0.456752,-0.367497,0.299045
2024-01-01 00:00:00.250,0.614743,-0.156206,8.324257,0.56946,-0.434456,0.122069
2024-01-01 00:00:00.260,0.354437,-0.074343,8.523434,0.359904,-0.697351,0.253016
2024-01-01 00:00:00.270,0.649058,-0.055972,7.147824,0.623341,-0.015701,0.313166
2024-01-01 00:00:00.280,0.440332,-0.280469,6.744947,0.473485,-0.662445,0.212074
2024-01-01 00:00:00.290,0.485983,-0.203458,7.191846,0.285941,-0.184453,0.281914
2024-01-01 00:00:00.300,0.405243,-0.738845,6.573612,0.392024,-0.216431,0.12302
2024-01-01 00:00:00.310,0.87479,-0.402511,6.999571,0.335131,-0.438537,0.04377
2024-01-01 00:00:00.320,0.477976,-0.208546,7.330031,0.448559,-0.178357,0.255984
2024-01-01 00:00:00.330,0.243177,-0.522664,6.649181,0.12868,-0.095972,0.363868
2024-01-01 00:00:00.340,0.5911,-0.339807,6.388037,0.31466,0.228955,0.078142
2024-01-01 00:00:00.350,0.152255,-0.285948,7.075762,0.368473,-0.058582,0.287396
2024-01-01 00:00:00.360,0.406136,-0.465757,7.481239,0.279216,0.097194,0.15616
2024-01-01 00:00:00.370,-0.061373,-0.383182,6.412048,0.49037,-0.204374,0.004164
2024-01-01 00:00:00.380,0.029542,-0.627854,7.657181,0.360708,0.596025,0.009841
2024-01-01 00:00:00.390,0.297759,-0.492583,7.798589,0.192444,0.153315,0.10924
2024-01-01 00:00:00.400,0.368054,-0.343014,8.029575,0.204274,0.46047,0.051371
2024-01-01 00:00:00.410,0.215554,-0.445238,8.341464,0.18918,0.431333,-0.055758
2024-01-01 00:00:00.420,0.118205,-0.603236,8.996759,0.178595,0.471323,-0.110514
2024-01-01 00:00:00.430,0.040493,-0.448062,8.074049,-0.253083,0.664782,-0.042708
2024-01-01 00:00:00.440,-0.236093,-0.354604,8.523407,-0.009566,0.839969,0.044219
2024-01-01 00:00:00.450,-0.125744,-0.909758,8.533306,-0.253531,0.594254,0.006953
2024-01-01 00:00:00.460,-0.115377,-0.26781,8.970283,0.212653,0.666262,-0.059811
2024-01-01 00:00:00.470,0.146812,-0.564343,9.905216,-0.059413,0.596444,-0.006733
2024-01-01 00:00:00.480,-0.036944,-0.407087,8.848838,-0.114052,0.699039,0.059975
2024-01-01 00:00:00.490,-0.498825,-0.245477,9.293379,0.051761,0.401349,-0.021511
2024-01-01 00:00:00.500,-0.121251,-0.749685,10.511098,-0.063532,0.637783,-0.089659
2024-01-01 00:00:00.510,-0.302046,-0.605391,10.540637,-0.371926,0.595162,-0.000955
2024-01-01 00:00:00.520,-0.3983,-0.50715,10.084571,-0.20995,0.533642,-0.205533
2024-01-01 00:00:00.530,-0.177211,-0.589981,10.771753,-0.28499,0.157005,-0.147303
2024-01-01 00:00:00.540,-0.128545,-0.067964,10.650382,-0.565075,0.177311,-0.159586
2024-01-01 00:00:00.550,-0.182089,-0.566043,11.249702,-0.400508,0.178533,-0.277172
2024-01-01 00:00:00.560,-0.568028,-0.48365,10.652548,-0.333176,-0.186091,-0.208731
2024-01-01 00:00:00.570,-0.491954,-0.307734,11.090841,-0.343275,0.27182,-0.386709
2024-01-01 00:00:00.580,-0.391731,-0.563448,11.794151,-0.61029,-0.093111,0.000391
2024-01-01 00:00:00.590,-0.288559,-0.375017,10.81644,-0.155451,-0.113693,-0.29527
2024-01-01 00:00:00.600,-0.602876,-0.203839,10.478761,-0.398659,-0.339415,-0.052656
2024-01-01 00:00:00.610,-0.565123,-0.304073,10.65988,-0.389234,-0.540649,-0.216188
2024-01-01 00:00:00.620,-0.767685,-0.225215,10.019893,-0.337698,-0.471032,-0.171188
2024-01-01 00:00:00.630,-0.801476,-0.280454,11.082492,-0.56353,-0.376428,-0.283144
2024-01-01 00:00:00.640,-0.41286,-0.444697,9.89009,-0.349379,-0.340308,-0.218942
2024-01-01 00:00:00.650,-0.314497,-0.044022,9.4687,-0.505383,-0.469232,-0.179012
2024-01-01 00:00:00.660,-0.607729,0.276626,8.983384,-0.606381,-0.46326,-0.180765
2024-01-01 00:00:00.670,-0.397368,-0.036345,9.61101,-0.345335,-0.603616,-0.17172
2024-01-01 00:00:00.680,-0.527637,0.039553,9.259828,-0.181471,-0.460542,-0.286818
2024-01-01 00:00:00.690,-0.72801,0.167598,8.397362,-0.31877,-0.279376,-0.297614
2024-01-01 00:00:00.700,-0.522868,-0.190399,8.636139,-0.280224,-0.405415,-0.407395
2024-01-01 00:00:00.710,-0.280856,0.43808,7.462102,-0.535061,-0.362389,-0.192871
2024-01-01 00:00:00.720,-0.586134,0.171687,8.001559,-0.721798,-0.421313,-0.132999
2024-01-01 00:00:00.730,-0.253778,0.49061,7.916837,-0.156806,-0.701881,-0.07453
2024-01-01 00:00:00.740,-1.075687,0.049865,8.297491,-0.043991,-0.568196,-0.199374
2024-01-01 00:00:00.750,-0.369752,0.591377,7.023252,-0.122894,-0.239864,-0.299203
2024-01-01 00:00:00.760,-0.496565,0.413001,6.663659,-0.445922,-0.259155,-0.383866
2024-01-01 00:00:00.770,-0.551162,0.397551,6.735145,-0.576355,-0.108548,-0.100567
2024-01-01 00:00:00.780,-0.448047,0.36135,6.468101,-0.541623,0.187085,-0.373961
2024-01-01 00:00:00.790,-0.836723,0.290938,7.636128,-0.632479,0.091254,-0.217064
2024-01-01 00:00:00.800,-0.453856,0.605221,7.730869,-0.326769,0.263158,-0.193231
2024-01-01 00:00:00.810,-0.307251,0.415913,7.211713,0.005017,0.128894,-0.164726
2024-01-01 00:00:00.820,-0.050039,0.015301,7.684476,-0.284712,0.039711,-0.140427
2024-01-01 00:00:00.830,-0.414563,0.204198,7.294812,-0.178764,0.24422,-0.115731
2024-01-01 00:00:00.840,-0.436415,0.407343,7.321825,0.041571,0.174546,-0.356001
2024-01-01 00:00:00.850,-0.337561,0.521265,7.372827,-0.250644,0.658562,-0.097372
2024-01-01 00:00:00.860,-0.01549,0.460506,7.566043,0.217468,0.57179,-0.305695
2024-01-01 00:00:00.870,-0.093231,0.725923,7.213695,0.239341,0.566463,0.00698
2024-01-01 00:00:00.880,-0.224585,0.099909,8.251166,-0.112575,0.729466,-0.104943
2024-01-01 00:00:00.890,0.024935,0.524505,8.349467,-0.162245,0.167934,-0.248086
2024-01-01 00:00:00.900,-0.017017,0.135482,8.947222,0.098179,0.651809,-0.096601
2024-01-01 00:00:00.910,0.198757,0.651925,8.902254,-0.058783,0.314007,-0.054912
2024-01-01 00:00:00.920,-0.093946,0.479607,9.034733,-0.173332,0.542097,0.13843
2024-01-01 00:00:00.930,0.022146,0.578555,8.958389,0.296382,0.470403,0.056197
2024-01-01 00:00:00.940,0.050053,0.315627,9.615436,0.315316,0.618679,0.087975
2024-01-01 00:00:00.950,-0.124047,0.735733,10.13334,0.154484,0.504159,0.188395
2024-01-01 00:00:00.960,0.267255,0.677329,9.486259,-0.071292,0.659886,0.077065
2024-01-01 00:00:00.970,0.298624,0.572597,10.217404,-0.036505,0.256127,0.178091
2024-01-01 00:00:00.980,0.28464,0.414709,10.434454,0.232014,0.431856,0.18656
2024-01-01 00:00:00.990,0.272549,0.539204,10.129374,0.149623,0.267354,0.004464
2024-01-01 00:00:01.000,0.070715,0.262452,10.279912,0.203945,-0.126806,0.29471
2024-01-01 00:00:01.010,0.302292,0.553609,10.707438,0.473769,-0.07161,0.018979
2024-01-01 00:00:01.020,0.348664,0.689234,10.118981,0.444877,-0.008833,0.265573
2024-01-01 00:00:01.030,0.285544,0.548584,10.7775,0.582565,0.142416,0.034126
2024-01-01 00:00:01.040,0.440403,0.162066,10.173967,0.176183,-0.049164,0.257065
2024-01-01 00:00:01.050,0.577873,0.352324,10.978655,0.311023,-0.415091,0.393301
2024-01-01 00:00:01.060,0.896328,-0.007873,11.444001,0.525935,-0.298592,0.19499
2024-01-01 00:00:01.070,0.573554,0.334751,9.866428,0.484633,0.026694,0.198797
2024-01-01 00:00:01.080,0.607122,0.278858,10.328772,0.692537,-0.373243,0.292549
2024-01-01 00:00:01.090,0.555041,-0.217663,9.571933,0.503145,-0.501427,0.204531
2024-01-01 00:00:01.100,0.197772,-0.10924,10.157578,0.768804,-0.394793,0.42413
2024-01-01 00:00:01.110,0.585041,0.032717,8.893562,0.539961,-0.377466,0.265196
2024-01-01 00:00:01.120,0.608386,-0.005026,9.440891,0.638445,-0.61873,0.216458
2024-01-01 00:00:01.130,1.092135,-0.221212,8.585946,0.391382,-0.457654,0.195757
2024-01-01 00:00:01.140,0.561297,0.063918,8.636972,0.452398,-0.608353,0.156609
2024-01-01 00:00:01.150,0.657495,0.001921,8.019385,0.611859,-0.410225,0.186052
2024-01-01 00:00:01.160,0.584806,-0.121491,8.613253,0.734148,-0.489408,0.211495
2024-01-01 00:00:01.170,0.349749,-0.267665,7.637604,0.568876,-0.403522,0.194355
2024-01-01 00:00:01.180,0.800997,0.059923,8.049253,0.414353,-0.587892,0.172696
2024-01-01 00:00:01.190,0.709031,0.148666,7.452294,0.666904,-0.55142,0.442653
2024-01-01 00:00:01.200,0.700394,-0.310852,7.385239,0.012085,-0.178044,0.122902
2024-01-01 00:00:01.210,0.341263,-0.367275,7.359452,0.136353,-0.300523,0.232638
2024-01-01 00:00:01.220,0.782152,-0.176132,6.835693,0.498889,-0.167458,0.268249
2024-01-01 00:00:01.230,0.197279,-0.3742,7.190258,0.360776,-0.202273,0.262031
2024-01-01 00:00:01.240,0.568795,-0.357249,7.734432,0.44756,0.089101,0.182232
2024-01-01 00:00:01.250,0.861131,-0.20664,6.679887,0.328873,-0.106237,0.152196
2024-01-01 00:00:01.260,0.194528,-0.759949,7.575954,0.397247,0.054539,0.208753
2024-01-01 00:00:01.270,0.247096,-0.136117,7.7754,0.123674,0.294697,0.1768
2024-01-01 00:00:01.280,0.346283,-0.405032,6.819603,0.347452,0.435699,0.110084
2024-01-01 00:00:01.290,0.190096,-0.519652,6.649083,0.397088,0.197347,-0.035025
2024-01-01 00:00:01.300,-0.056293,-0.470896,7.585858,0.410079,0.705859,0.058974
2024-01-01 00:00:01.310,0.229388,-0.474094,7.376105,0.524197,0.464251,-0.02479
2024-01-01 00:00:01.320,-0.035979,-0.824122,8.658825,0.176299,0.267106,0.006818
2024-01-01 00:00:01.330,0.231162,-0.187912,8.048452,0.151637,0.559545,0.060174
2024-01-01 00:00:01.340,-0.088131,-0.485327,7.901852,-0.202356,0.453045,0.075771
2024-01-01 00:00:01.350,0.364593,-0.409325,7.9875,-0.054699,0.619021,0.200798
2024-01-01 00:00:01.360,-0.143453,-0.309569,9.241288,-0.024856,0.541754,-0.048241
2024-01-01 00:00:01.370,-0.092686,-0.703677,8.742418,0.167853,0.560927,0.065682
2024-01-01 00:00:01.380,0.093094,-0.401929,9.26456,-0.162187,0.371108,0.001592
2024-01-01 00:00:01.390,-0.356786,-0.544958,9.912414,0.060381,0.690825,0.083511
2024-01-01 00:00:01.400,-0.105596,-0.314534,9.489401,-0.113608,0.272146,-0.005331
2024-01-01 00:00:01.410,0.070587,-0.899479,9.894915,-0.175021,0.239138,-0.180365
2024-01-01 00:00:01.420,-0.551179,-0.481734,10.09567,-0.127461,0.454932,-0.268006
2024-01-01 00:00:01.430,-0.2305,-0.568153,10.57386,-0.270978,0.619988,-0.080302
2024-01-01 00:00:01.440,-0.251916,-0.344671,10.668018,-0.305146,0.204351,-0.179467
2024-01-01 00:00:01.450,-0.182542,-0.31859,10.408938,-0.561041,0.325221,-0.239242
2024-01-01 00:00:01.460,-0.619691,-0.533628,10.610404,-0.323858,0.319677,-0.281883
2024-01-01 00:00:01.470,-0.668008,-0.512167,10.454794,-0.389332,0.198133,-0.152201
2024-01-01 00:00:01.480,-0.329214,-0.367729,9.963291,-0.418078,-0.080496,-0.029897
2024-01-01 00:00:01.490,-0.401819,-0.499137,10.715931,-0.270875,-0.296368,-0.233041
2024-01-01 00:00:01.500,-0.436528,-0.124096,11.389501,-0.246416,-0.57093,-0.143734
2024-01-01 00:00:01.510,-0.440422,-0.33762,10.045741,-0.340489,-0.291162,-0.222606
2024-01-01 00:00:01.520,-0.666366,-0.815203,9.97015,-0.218596,-0.097419,-0.349922
2024-01-01 00:00:01.530,-0.502025,-0.277679,9.772379,-0.307756,-0.571541,-0.155051
2024-01-01 00:00:01.540,-0.505356,-0.378363,10.310996,-0.476088,-0.295821,-0.344457
2024-01-01 00:00:01.550,-0.719641,-0.464035,9.985424,-0.515892,-0.637501,-0.238158
2024-01-01 00:00:01.560,-0.21366,-0.351731,9.492736,-0.383803,-0.483091,-0.278658
2024-01-01 00:00:01.570,-0.499288,-0.048333,8.917427,-0.342263,-0.400905,-0.158215
2024-01-01 00:00:01.580,-0.836717,0.22988,9.129009,-0.19723,-0.663055,-0.355172
2024-01-01 00:00:01.590,-0.468687,0.061327,8.135348,-0.235587,-0.519305,-0.210912
2024-01-01 00:00:01.600,-0.793609,-0.088066,8.655779,-0.54647,-0.619856,-0.333427
2024-01-01 00:00:01.610,-0.437071,0.158802,8.739789,-0.464227,-0.402954,-0.298814
2024-01-01 00:00:01.620,-0.355742,0.009865,7.550139,-0.319813,-0.462149,-0.608296
2024-01-01 00:00:01.630,-0.741765,-0.00366,7.202805,-0.240982,-0.459329,-0.031469
2024-01-01 00:00:01.640,-0.37236,-0.062682,8.400343,-0.254762,-0.145029,-0.180376
2024-01-01 00:00:01.650,-0.467186,-0.150048,7.233232,-0.423805,-0.254226,-0.305794
2024-01-01 00:00:01.660,-0.367411,0.153502,7.863854,-0.624591,-0.438484,-0.334059
2024-01-01 00:00:01.670,-0.132004,0.293161,7.155735,-0.56333,-0.264457,-0.262632
2024-01-01 00:00:01.680,-0.537536,0.27104,7.055149,-0.31727,-0.192691,-0.131836
2024-01-01 00:00:01.690,-0.613967,0.234598,7.2608,-0.285814,-0.091182,-0.382217
2024-01-01 00:00:01.700,-0.613672,0.15455,6.634922,-0.524589,0.424179,-0.195729
2024-01-01 00:00:01.710,-0.569397,0.489614,7.095862,-0.296654,0.112504,0.0078
2024-01-01 00:00:01.720,-0.390181,0.127046,6.902328,-0.16745,-0.245601,-0.269545
2024-01-01 00:00:01.730,-0.273265,0.56632,6.551057,-0.463342,0.095961,-0.134251
2024-01-01 00:00:01.740,-0.25126,0.229348,7.400589,-0.031049,-0.085056,0.092582
2024-01-01 00:00:01.750,-0.104799,0.295928,7.263862,-0.270633,0.267497,-0.049383
2024-01-01 00:00:01.760,-0.229982,0.167549,7.472954,0.051933,0.026995,-0.084317
2024-01-01 00:00:01.770,0.096889,0.372914,7.184864,-0.241385,0.27833,-0.030094
2024-01-01 00:00:01.780,-0.207059,0.678284,8.652397,-0.300388,0.203685,-0.104306
2024-01-01 00:00:01.790,0.430333,0.594066,8.55468,-0.16774,0.579647,0.082588
2024-01-01 00:00:01.800,0.052404,0.691997,8.830708,-0.071674,0.533934,-0.070237
2024-01-01 00:00:01.810,-0.202844,0.603743,8.504336,-0.093485,0.601518,-0.209007
2024-01-01 00:00:01.820,-0.204123,0.279196,8.112195,-0.031338,0.530872,-0.03494
2024-01-01 00:00:01.830,0.14797,0.431999,10.01653,0.098721,0.29093,-0.075225
2024-01-01 00:00:01.840,0.047957,0.337963,9.351738,0.038675,0.616205,0.010485
2024-01-01 00:00:01.850,0.276181,0.753604,9.273303,0.088136,0.84164,0.029667
2024-01-01 00:00:01.860,0.268123,0.239288,10.013959,-0.177554,0.531705,0.192024
2024-01-01 00:00:01.870,0.198175,0.646255,10.548717,0.230061,0.335044,0.158171
2024-01-01 00:00:01.880,0.08163,0.632742,10.18747,0.172185,0.100462,0.130905
2024-01-01 00:00:01.890,-0.014931,0.804541,10.92142,0.505881,0.133041,0.119721
2024-01-01 00:00:01.900,0.234408,0.339049,10.952688,0.073662,0.311359,0.028994
2024-01-01 00:00:01.910,0.529117,0.54381,10.069025,-0.057115,0.351904,-0.069019
2024-01-01 00:00:01.920,0.433073,0.836116,10.30535,0.403943,0.1316,0.173922
2024-01-01 00:00:01.930,0.171658,0.232884,11.060654,0.377979,0.15291,0.2548
2024-01-01 00:00:01.940,0.483983,0.024327,9.395937,0.155492,0.060427,0.176394
2024-01-01 00:00:01.950,0.552804,-0.071327,10.502101,0.081451,-0.050386,0.14474
2024-01-01 00:00:01.960,0.32309,0.419101,9.845021,0.651628,-0.331992,0.254726
2024-01-01 00:00:01.970,0.552339,-0.129508,10.162318,0.645735,-0.24999,0.208998
2024-01-01 00:00:01.980,0.552476,0.14204,10.100642,-0.042116,-0.496463,0.393922
2024-01-01 00:00:01.990,0.328896,0.272314,9.905421,0.335638,-0.396515,0.35556
2024-01-01 00:00:02.000,0.64304,0.18935,9.626027,0.728166,-0.388365,0.334068
2024-01-01 00:00:02.010,0.694901,0.20414,9.168803,0.351367,-0.185457,0.318583
2024-01-01 00:00:02.020,0.807831,0.129677,10.465958,0.355106,-0.753798,0.117325
2024-01-01 00:00:02.030,0.807634,0.306752,10.035495,0.396758,-0.451894,0.314997
2024-01-01 00:00:02.040,0.32414,-0.173967,8.425776,0.247994,-0.28218,0.287497
2024-01-01 00:00:02.050,0.412043,-0.153465,9.41196,0.142847,-0.411971,0.310479
2024-01-01 00:00:02.060,0.699685,-0.207074,8.274032,0.636967,-0.387923,0.297877
2024-01-01 00:00:02.070,0.693654,0.079272,8.272892,0.111444,-0.41109,0.291483
2024-01-01 00:00:02.080,0.685302,0.059503,7.958995,0.481228,-0.252329,0.512708
2024-01-01 00:00:02.090,1.341452,-0.063566,7.479376,0.587763,-0.641652,0.230259
2024-01-01 00:00:02.100,0.670969,0.050389,8.027906,0.156372,-0.646737,0.32563
2024-01-01 00:00:02.110,0.767128,-0.453527,7.474495,0.238643,-0.34219,0.177907
2024-01-01 00:00:02.120,0.71146,0.084958,7.063029,0.608867,-0.667329,0.296006
2024-01-01 00:00:02.130,0.629095,0.026781,6.579681,0.470033,0.01124,0.301772
2024-01-01 00:00:02.140,0.411536,-0.158795,6.685649,0.244831,0.08151,0.234188
2024-01-01 00:00:02.150,0.599889,0.02385,6.303425,0.552476,-0.141526,0.353631
2024-01-01 00:00:02.160,0.264895,-0.688837,7.035957,0.531771,-0.054353,0.086347
2024-01-01 00:00:02.170,0.341456,-0.485696,6.514721,0.340044,0.075036,0.113286
2024-01-01 00:00:02.180,0.25925,-0.549341,6.990401,0.105213,0.171414,0.169706
2024-01-01 00:00:02.190,0.338497,-0.277537,7.815967,0.167171,0.255839,0.222298
2024-01-01 00:00:02.200,0.749314,-0.649397,7.859753,0.266337,0.39988,0.137269
2024-01-01 00:00:02.210,-0.124178,-0.303307,7.455014,0.153009,0.329061,0.23244
2024-01-01 00:00:02.220,0.348228,-0.193963,7.605792,0.327244,0.583769,0.021738
2024-01-01 00:00:02.230,-0.150874,-0.340057,8.688987,-0.146607,0.540222,-0.042529
2024-01-01 00:00:02.240,0.037156,-0.431086,8.294288,-0.170311,0.387875,0.085622
2024-01-01 00:00:02.250,0.308577,-0.691818,8.14404,0.100647,0.765136,0.03011
2024-01-01 00:00:02.260,0.062453,-0.667659,7.891728,-0.05128,0.297997,0.074952
2024-01-01 00:00:02.270,-0.207378,-0.25003,8.958224,-0.106741,0.533206,0.000664
2024-01-01 00:00:02.280,-0.176356,-0.34336,9.402657,-0.343221,0.720658,-0.047875
2024-01-01 00:00:02.290,0.061318,-0.503924,8.989891,-0.052433,0.402842,-0.038578
2024-01-01 00:00:02.300,-0.261625,-0.574222,9.64137,-0.096159,0.564922,-0.045261
2024-01-01 00:00:02.310,-0.112657,-0.887977,9.569928,0.000664,0.57349,-0.095477
2024-01-01 00:00:02.320,-0.186487,-0.686855,9.85668,-0.134298,0.2782,-0.101814
2024-01-01 00:00:02.330,-0.36464,-0.078011,9.004753,-0.199609,0.369186,-0.137993
2024-01-01 00:00:02.340,0.156871,-0.701796,10.184543,0.007921,0.295903,-0.027633
2024-01-01 00:00:02.350,-0.181434,-0.39109,10.852868,-0.467407,0.160416,-0.109022
2024-01-01 00:00:02.360,-0.748072,-0.208729,10.23454,-0.160733,0.604727,0.08274
2024-01-01 00:00:02.370,-0.33894,-0.640473,10.61209,-0.58298,-0.019873,-0.140692
2024-01-01 00:00:02.380,-0.539978,-0.329957,10.284489,-0.456621,0.223193,-0.224928
2024-01-01 00:00:02.390,-0.266576,-0.154973,10.78882,-0.546075,-0.104388,0.084958
2024-01-01 00:00:02.400,-0.62292,-0.314076,10.496842,-0.207563,-0.304624,-0.152144
2024-01-01 00:00:02.410,-0.512498,0.284597,10.105596,-0.378937,-0.163788,-0.104967
2024-01-01 00:00:02.420,-0.411349,-0.59393,11.02946,-0.38669,-0.135242,-0.154267
2024-01-01 00:00:02.430,-0.359542,-0.018347,10.718849,-0.598732,-0.15136,-0.159654
2024-01-01 00:00:02.440,-0.790555,-0.233437,9.871561,-0.466816,-0.094764,-0.175808
2024-01-01 00:00:02.450,-0.632567,-0.012326,10.185633,-0.561674,0.10243,-0.345903
2024-01-01 00:00:02.460,-0.673125,-0.045485,9.999721,-0.36458,-0.426199,-0.204137
2024-01-01 00:00:02.470,-0.718508,-0.246776,9.825465,-0.619278,-0.625229,-0.37742
2024-01-01 00:00:02.480,-0.241649,-0.020264,8.539072,-0.206692,-0.449279,-0.265244
2024-01-01 00:00:02.490,-0.517799,-0.403247,9.510518,-0.750701,-0.593506,-0.32206
2024-01-01 00:00:02.500,-0.852167,0.12353,8.552895,-0.595166,-0.38329,-0.214249
2024-01-01 00:00:02.510,-0.414745,0.097046,8.400346,-0.146842,-0.77733,-0.215886
2024-01-01 00:00:02.520,-0.169355,0.199502,9.505653,-0.523665,-0.101036,-0.199297
2024-01-01 00:00:02.530,-0.379925,0.317406,8.22145,-0.676492,-0.346676,-0.215611
2024-01-01 00:00:02.540,-0.880122,0.212813,7.692972,-0.392753,-0.767754,-0.300786
2024-01-01 00:00:02.550,-0.660171,0.201749,6.674033,-0.508064,-0.547258,-0.260819
2024-01-01 00:00:02.560,-0.294327,0.027936,8.113619,-0.561238,-0.219726,-0.136172
2024-01-01 00:00:02.570,-0.67101,0.092749,6.730306,-0.594364,-0.094869,-0.11383
2024-01-01 00:00:02.580,-0.41995,0.50246,6.760054,0.116772,-0.46975,-0.326643
2024-01-01 00:00:02.590,-0.330594,0.581033,6.96934,-0.40942,-0.041943,-0.355393
2024-01-01 00:00:02.600,-0.645394,0.273393,7.695353,-0.691608,-0.447099,-0.264359
2024-01-01 00:00:02.610,-0.444202,0.355931,7.379274,-0.055355,-0.037105,-0.075603
2024-01-01 00:00:02.620,-1.050774,0.189866,6.967973,-0.191898,0.255099,-0.046228
2024-01-01 00:00:02.630,-0.575698,0.627627,7.219605,-0.416079,0.030564,-0.24698
2024-01-01 00:00:02.640,-0.387862,0.546568,6.885965,-0.420973,-0.068981,-0.109831
2024-01-01 00:00:02.650,-0.551822,0.820161,7.326201,-0.105474,0.29715,0.057499
2024-01-01 00:00:02.660,0.060745,0.272622,7.433484,-0.243748,0.225379,-0.069193
2024-01-01 00:00:02.670,-0.513968,0.386912,8.000844,-0.517631,0.504565,0.047176
2024-01-01 00:00:02.680,-0.277062,0.52082,8.188693,0.179914,0.281433,0.021101
2024-01-01 00:00:02.690,-0.123115,0.613579,8.184869,-0.190065,0.34285,-0.153213
2024-01-01 00:00:02.700,0.179495,0.448584,8.025198,0.187633,0.150077,-0.064315
2024-01-01 00:00:02.710,-0.354909,0.322211,8.76,0.179316,0.566571,-0.024748
2024-01-01 00:00:02.720,0.206243,0.675798,8.630429,-0.199974,0.518909,-0.000582
2024-01-01 00:00:02.730,0.01713,0.644069,8.433608,0.197286,0.335396,0.097918
2024-01-01 00:00:02.740,-0.139818,0.314525,8.985918,-0.074897,0.575135,0.064403
2024-01-01 00:00:02.750,0.190035,0.764427,9.445921,-0.262795,0.705757,-0.252947
2024-01-01 00:00:02.760,0.178091,0.72058,10.046936,0.027282,0.452772,-0.073668
2024-01-01 00:00:02.770,0.058239,0.504277,9.768795,0.205287,0.50115,-0.144454
2024-01-01 00:00:02.780,0.231395,0.481933,9.501788,0.079783,0.454736,0.108134
2024-01-01 00:00:02.790,0.178484,0.563194,10.242794,0.136392,0.13368,0.130527
2024-01-01 00:00:02.800,0.315142,0.264249,10.413166,0.425171,0.658873,0.150172
2024-01-01 00:00:02.810,0.46036,0.424718,10.56134,0.265119,0.136652,0.040746
2024-01-01 00:00:02.820,0.679064,-0.031645,10.975804,0.119602,0.267996,0.21819
2024-01-01 00:00:02.830,0.146496,0.552338,11.071464,0.42191,0.213983,0.235818
2024-01-01 00:00:02.840,0.850982,0.041162,10.362605,0.353863,-0.025415,0.051308
2024-01-01 00:00:02.850,0.062245,0.628869,10.335424,-0.114392,0.033128,0.042006
2024-01-01 00:00:02.860,0.448431,0.235318,10.093257,0.436195,-0.106202,0.199482
2024-01-01 00:00:02.870,0.620289,0.230725,10.791421,0.447498,-0.477107,0.388605
2024-01-01 00:00:02.880,0.580259,0.117924,11.013089,0.396668,-0.348987,0.388333
2024-01-01 00:00:02.890,0.418453,0.155111,10.074271,0.567751,-0.461162,0.282587
2024-01-01 00:00:02.900,0.517705,0.464657,9.935892,0.298466,-0.489043,0.160054
2024-01-01 00:00:02.910,0.474394,-0.349243,10.509881,0.490316,-0.687927,0.327432
2024-01-01 00:00:02.920,0.466048,0.370371,9.863155,0.155888,-0.289075,0.198058
2024-01-01 00:00:02.930,0.761978,0.148692,9.602404,0.517319,-0.232711,0.16994
2024-01-01 00:00:02.940,0.668768,-0.194595,8.629633,0.799574,-0.364319,0.034505
2024-01-01 00:00:02.950,0.461236,-0.202755,9.224014,0.27079,-0.320638,0.260162
2024-01-01 00:00:02.960,0.779325,0.313026,8.251826,0.31279,-0.609855,0.186766
2024-01-01 00:00:02.970,0.657589,-0.245809,7.914034,0.319294,-0.650377,0.25803
2024-01-01 00:00:02.980,0.752576,-0.32156,8.030446,0.465902,-0.653797,0.015899
2024-01-01 00:00:02.990,0.706985,0.102824,7.697321,0.244448,-0.365715,0.259091
2024-01-01 00:00:03.000,0.403539,-0.090082,7.652232,0.502828,-0.399575,-0.005888
2024-01-01 00:00:03.010,0.442861,-0.377777,6.915115,0.568604,-0.404739,0.340001
2024-01-01 00:00:03.020,0.687263,-0.178357,7.830805,0.499536,-0.100644,0.276274
2024-01-01 00:00:03.030,0.640217,-0.457264,7.769888,0.070292,-0.197441,0.188026
2024-01-01 00:00:03.040,0.491824,-0.061176,6.279142,0.551134,-0.352687,0.262941
2024-01-01 00:00:03.050,0.494962,-0.096949,7.520736,0.522348,-0.251841,0.098649
2024-01-01 00:00:03.060,0.700268,-0.229227,6.674075,0.482981,0.068401,0.192544
2024-01-01 00:00:03.070,0.297535,-0.288097,7.417028,0.378999,0.209112,0.252748
2024-01-01 00:00:03.080,0.494396,-0.03127,7.027499,0.328367,0.196448,-0.149022
2024-01-01 00:00:03.090,0.311826,-0.404817,7.131982,0.450028,0.512276,0.102054
2024-01-01 00:00:03.100,0.274332,-0.660442,7.129134,0.584634,0.535567,0.130181
2024-01-01 00:00:03.110,0.50171,-0.351459,7.88216,0.039918,0.386475,0.097852
2024-01-01 00:00:03.120,0.409776,-0.039322,6.931669,0.377582,0.216106,0.247665
2024-01-01 00:00:03.130,0.368964,-0.672479,7.941383,0.139177,0.184207,-0.026448
2024-01-01 00:00:03.140,0.427941,-0.552572,8.36401,0.101793,0.395213,0.007403
2024-01-01 00:00:03.150,0.130833,-0.405448,8.409677,-0.181602,0.636581,-0.138824
2024-01-01 00:00:03.160,0.222204,-0.505641,9.366529,0.013098,0.856296,0.186784
2024-01-01 00:00:03.170,-0.017469,-0.695078,8.325207,-0.146069,0.619067,-0.006052
2024-01-01 00:00:03.180,0.067976,-0.275622,9.241932,-0.081137,0.76034,-0.042531
2024-01-01 00:00:03.190,-0.064343,-0.034971,9.011675,-0.226409,0.501359,-0.021212
2024-01-01 00:00:03.200,-0.060189,-0.456355,9.85834,-0.140494,0.642744,0.030462
2024-01-01 00:00:03.210,-0.00145,-0.67063,9.534703,-0.163461,0.653851,-0.015464
2024-01-01 00:00:03.220,-0.324443,-0.791502,9.584957,-0.103183,0.114668,0.197789
2024-01-01 00:00:03.230,0.218129,-0.419707,10.550827,-0.440916,0.352933,-0.038085
2024-01-01 00:00:03.240,-0.440144,-0.237866,9.923854,-0.439399,0.546497,-0.146083
2024-01-01 00:00:03.250,-0.519229,-0.348757,9.666189,-0.142149,0.365985,-0.171299
2024-01-01 00:00:03.260,-0.080898,-0.4273,10.198094,-0.377929,0.036194,-0.169493
2024-01-01 00:00:03.270,-0.188824,-0.525662,10.807444,-0.066952,-0.255671,-0.294832
2024-01-01 00:00:03.280,-0.255311,-0.60528,11.221068,-0.244552,0.042624,-0.154403
2024-01-01 00:00:03.290,-0.285627,-0.197089,10.676744,-0.199255,0.020223,-0.093027
2024-01-01 00:00:03.300,-0.442942,-0.156737,11.21771,-0.076445,-0.201986,-0.244875
2024-01-01 00:00:03.310,-0.647034,-0.622468,9.976871,-0.406436,-0.092294,-0.275564
2024-01-01 00:00:03.320,-0.47728,0.032313,10.318549,-0.472738,-0.099816,-0.053589
2024-01-01 00:00:03.330,-0.650377,-0.141809,10.285902,-0.229302,-0.139513,-0.357209
2024-01-01 00:00:03.340,-0.339965,0.053554,10.231681,-0.309529,-0.748605,-0.429694
2024-01-01 00:00:03.350,-0.581888,-0.463451,10.160804,-0.448076,-0.619218,-0.345489
2024-01-01 00:00:03.360,-0.732423,-0.435919,10.248919,-0.17503,-0.488281,-0.390428
2024-01-01 00:00:03.370,-0.643738,-0.159498,9.531741,-0.472799,-0.372986,-0.202819
2024-01-01 00:00:03.380,-0.506242,0.004521,9.571146,-0.435722,-0.421357,-0.281416
2024-01-01 00:00:03.390,-0.708128,0.297364,9.252001,-0.442717,-0.4482,-0.270045
2024-01-01 00:00:03.400,-0.763537,0.113732,8.610937,-0.617547,-0.615692,-0.134329
2024-01-01 00:00:03.410,-0.551203,-0.041466,8.727946,-0.43599,-0.608754,-0.319108
2024-01-01 00:00:03.420,-0.548927,-0.163682,8.46693,-0.197024,-0.673488,-0.171625
2024-01-01 00:00:03.430,-0.694433,0.321914,8.215467,-0.364689,-0.386368,-0.095969
2024-01-01 00:00:03.440,-0.679542,-0.083067,8.072536,-0.433409,-0.66257,-0.289455
2024-01-01 00:00:03.450,-0.528417,0.469002,7.87552,-0.460238,-0.306629,-0.165809
2024-01-01 00:00:03.460,-0.85119,0.119182,7.449029,-0.361624,-0.376201,-0.258171
2024-01-01 00:00:03.470,-0.827129,0.526084,8.041026,-0.27427,-0.367806,-0.134939
2024-01-01 00:00:03.480,-0.670782,0.374669,6.792776,-0.285657,-0.417123,-0.376771
2024-01-01 00:00:03.490,-0.54872,0.241257,6.874187,-0.439258,-0.476423,-0.375397
2024-01-01 00:00:03.500,-0.420368,0.193267,8.360332,-0.303452,-0.278077,-0.240189
2024-01-01 00:00:03.510,-0.161692,0.256034,6.585823,-0.256184,-0.146891,-0.279211
2024-01-01 00:00:03.520,-0.257263,0.4354,6.421225,-0.502891,-0.438235,-0.230335
2024-01-01 00:00:03.530,-0.430765,0.389018,7.372779,-0.268802,0.028571,-0.18811
2024-01-01 00:00:03.540,-0.370658,0.276889,6.153537,-0.664176,0.305161,-0.080855
2024-01-01 00:00:03.550,-0.533685,0.382699,7.061595,-0.163028,0.312908,-0.179591
2024-01-01 00:00:03.560,-0.301614,0.449729,8.244054,-0.104572,0.189499,-0.206516
2024-01-01 00:00:03.570,-0.318951,0.02438,6.723795,-0.061357,0.34995,-0.143993
2024-01-01 00:00:03.580,-0.158737,0.555723,6.694651,-0.238569,0.297558,-0.169948
2024-01-01 00:00:03.590,-0.34972,0.279891,7.10316,-0.082577,0.47302,-0.170181
2024-01-01 00:00:03.600,-0.040518,0.25464,8.393397,0.148021,0.763518,-0.221463
2024-01-01 00:00:03.610,0.202737,0.15499,8.722679,0.176621,0.691401,-0.036307
2024-01-01 00:00:03.620,-0.08449,0.138481,8.224971,-0.052305,0.631716,-0.083011
2024-01-01 00:00:03.630,0.058977,0.228593,9.009334,0.009053,0.459886,0.087726
2024-01-01 00:00:03.640,0.158138,0.357915,9.576202,0.215046,0.683753,-0.136361
2024-01-01 00:00:03.650,-0.018756,0.888019,10.001289,-0.224029,0.23481,-0.028589
2024-01-01 00:00:03.660,0.147391,0.387464,9.325523,0.018776,0.472429,0.224029
2024-01-01 00:00:03.670,0.145685,0.521108,8.628527,0.347778,0.592439,-0.034308
2024-01-01 00:00:03.680,0.202613,0.556252,9.506684,0.312844,0.580862,0.052629
2024-01-01 00:00:03.690,0.067511,0.490691,9.875939,0.233052,0.519836,-0.029037
2024-01-01 00:00:03.700,0.26499,0.435093,10.119766,-0.075984,0.396375,-0.026473
2024-01-01 00:00:03.710,0.396419,0.195474,10.293194,0.213631,0.24557,0.278406
2024-01-01 00:00:03.720,0.622361,0.706592,10.993129,0.142915,0.309771,0.155493
2024-01-01 00:00:03.730,0.557713,0.75773,11.143333,0.333981,-0.03051,0.165809
2024-01-01 00:00:03.740,0.828474,0.03775,10.539588,0.152696,-0.085659,-0.003866
2024-01-01 00:00:03.750,0.274445,0.145679,11.124049,0.136306,0.001606,0.214172
2024-01-01 00:00:03.760,0.630412,0.269051,10.769212,-0.029715,-0.054038,0.30572
2024-01-01 00:00:03.770,0.51847,0.10508,10.581879,0.581276,-0.487905,0.315698
2024-01-01 00:00:03.780,0.943314,0.370732,10.872494,0.307057,-0.148408,0.277397
2024-01-01 00:00:03.790,0.364831,0.094148,10.377557,0.423154,-0.157887,0.106423
2024-01-01 00:00:03.800,0.377168,0.641931,11.122631,0.408432,-0.371863,0.258443
2024-01-01 00:00:03.810,0.441251,0.415148,9.374815,0.228709,0.015312,0.300563
2024-01-01 00:00:03.820,0.149686,0.186827,9.593,0.204217,-0.581294,0.059916
2024-01-01 00:00:03.830,0.479905,0.316293,9.551629,0.257836,-0.560885,0.131646
2024-01-01 00:00:03.840,0.441025,0.29813,9.57519,0.314469,-0.595059,0.335837
2024-01-01 00:00:03.850,0.627893,-0.070154,9.706441,0.51435,-0.555715,0.336694
2024-01-01 00:00:03.860,0.668272,-0.155125,8.877463,0.306712,-0.60888,0.095109
2024-01-01 00:00:03.870,0.974395,-0.01081,7.999908,0.763739,-0.80015,0.329152
2024-01-01 00:00:03.880,0.785622,0.111459,8.774139,0.63154,-0.632077,0.257671
2024-01-01 00:00:03.890,0.473688,-0.067195,8.498141,0.587306,-0.527856,0.323546
2024-01-01 00:00:03.900,0.400102,-0.444092,7.060794,0.4133,-0.255985,0.178125
2024-01-01 00:00:03.910,0.666115,-0.322328,7.726233,0.698369,-0.03846,0.301073
2024-01-01 00:00:03.920,0.288918,-0.208855,6.826733,0.375483,-0.143913,0.314785
2024-01-01 00:00:03.930,0.901848,-0.240564,7.082138,0.39604,-0.465965,0.188015
2024-01-01 00:00:03.940,0.751477,0.138785,6.841558,0.417287,-0.38751,0.216604
2024-01-01 00:00:03.950,0.399323,-0.561992,7.508785,0.496196,-0.221804,0.14063
2024-01-01 00:00:03.960,0.125743,-0.211387,7.126158,0.465921,0.200921,0.360318
2024-01-01 00:00:03.970,0.712119,-0.040899,6.457567,0.245486,-0.074953,0.171866
2024-01-01 00:00:03.980,0.389302,0.090969,7.428856,0.213219,-0.208143,0.079552
2024-01-01 00:00:03.990,0.62867,-0.467063,6.418665,0.401012,0.015993,0.087212
2024-01-01 00:00:04.000,0.029296,-0.308915,7.277195,0.389879,0.315844,0.157753
2024-01-01 00:00:04.010,0.193718,-0.31232,6.859584,0.164391,0.373704,0.205997
2024-01-01 00:00:04.020,0.278555,-0.404211,7.189201,-0.077564,0.278654,-0.017955
2024-01-01 00:00:04.030,0.249489,-0.477993,7.736726,0.142753,0.496878,0.284805
2024-01-01 00:00:04.040,0.11152,-0.383756,7.925708,0.263384,0.016726,0.11484
2024-01-01 00:00:04.050,0.28658,-0.987877,8.495685,0.446482,0.48849,0.11415
2024-01-01 00:00:04.060,-0.091812,-0.353191,8.077895,-0.124348,0.659659,0.040995
2024-01-01 00:00:04.070,0.052358,-0.470206,8.487323,-0.016158,0.380119,0.035607
2024-01-01 00:00:04.080,0.063628,-0.543407,8.396124,-0.040416,0.394675,0.001659
2024-01-01 00:00:04.090,0.101002,-0.090625,8.923209,0.242631,0.214028,0.100994
2024-01-01 00:00:04.100,0.098992,-0.633681,9.287074,-0.038787,0.830444,-0.018847
2024-01-01 00:00:04.110,-0.309497,-0.575624,9.288108,-0.226745,0.398519,0.041468
2024-01-01 00:00:04.120,-0.432226,-0.090647,8.754111,0.006513,0.545337,-0.095636
2024-01-01 00:00:04.130,0.089898,-0.646982,9.934367,-0.197063,0.574874,-0.049452
2024-01-01 00:00:04.140,-0.138618,-0.579909,10.150428,-0.3742,0.693661,-0.165842
2024-01-01 00:00:04.150,-0.393242,-0.486362,9.859393,-0.343357,0.341062,0.020176
2024-01-01 00:00:04.160,0.029386,-0.273698,9.741099,0.101495,0.211901,-0.200393
2024-01-01 00:00:04.170,-0.293667,-0.383061,11.108395,-0.168444,0.274486,-0.164499
2024-01-01 00:00:04.180,-0.115386,-0.663894,10.75976,-0.244038,0.404159,-0.177848
2024-01-01 00:00:04.190,-0.370508,-0.490613,10.497266,-0.33299,0.068782,-0.1954
2024-01-01 00:00:04.200,-0.002793,-0.482625,10.116635,-0.25862,-0.147974,-0.100643
2024-01-01 00:00:04.210,-0.092823,-0.351848,10.252101,-0.282476,-0.3294,-0.21662
2024-01-01 00:00:04.220,-0.520511,-0.224877,11.167493,-0.300448,-0.34687,-0.05674
2024-01-01 00:00:04.230,-0.300982,-0.198565,10.569253,-0.3508,-0.043993,-0.288221
2024-01-01 00:00:04.240,-0.388432,-0.60822,10.1535,-0.231747,-0.326033,-0.19869
2024-01-01 00:00:04.250,-0.26352,-0.009833,10.494587,-0.398776,-0.441289,-0.301431
2024-01-01 00:00:04.260,-0.747403,-0.140646,9.735313,-0.591842,-0.518088,-0.18891
2024-01-01 00:00:04.270,-0.43173,0.11812,10.589458,-0.536941,-0.423754,-0.238653
2024-01-01 00:00:04.280,-0.36906,-0.036814,10.31443,-0.791782,-0.523631,-0.257483
2024-01-01 00:00:04.290,-0.941522,0.128344,9.270587,-0.077503,-0.561987,-0.126892
2024-01-01 00:00:04.300,-0.832636,0.035561,8.9601,-0.291693,-0.292449,-0.313761
2024-01-01 00:00:04.310,-1.007195,0.245946,7.819414,-0.598924,-0.270768,-0.191077
2024-01-01 00:00:04.320,-0.653729,0.11571,8.082236,-0.500618,-0.839246,-0.326833
2024-01-01 00:00:04.330,-0.453973,0.026183,7.899107,-0.562749,-0.481817,-0.237682
2024-01-01 00:00:04.340,-0.291788,0.53454,8.321888,-0.166536,-0.661638,-0.366332
2024-01-01 00:00:04.350,-0.56939,0.291765,7.884293,-0.693734,-0.537545,-0.309672
2024-01-01 00:00:04.360,-0.247643,0.262067,7.210994,-0.409419,-0.398838,-0.247117
2024-01-01 00:00:04.370,-0.835804,-0.075287,7.494517,-0.439372,-0.44577,-0.051778
2024-01-01 00:00:04.380,-0.884203,-0.045891,7.676168,-0.258814,-0.311191,-0.216389
2024-01-01 00:00:04.390,-0.535781,0.301098,7.540386,-0.412226,-0.170001,-0.053146
2024-01-01 00:00:04.400,-0.426498,0.301285,6.331253,-0.693961,-0.171015,-0.18768
2024-01-01 00:00:04.410,-0.486084,0.177681,7.043013,-0.40486,-0.269095,-0.238519
2024-01-01 00:00:04.420,-0.866976,0.355591,6.425867,-0.515105,-0.191633,-0.035017
2024-01-01 00:00:04.430,-0.443087,0.670444,7.435798,-0.304623,-0.26174,-0.133491
2024-01-01 00:00:04.440,-0.655901,0.515439,7.398897,-0.038103,-0.080465,-0.228858
2024-01-01 00:00:04.450,-0.228928,0.169998,6.691986,-0.585244,0.500849,-0.104136
2024-01-01 00:00:04.460,-0.255666,0.395836,6.834544,-0.390779,0.076732,-0.166337
2024-01-01 00:00:04.470,-0.481512,0.275085,7.086374,-0.319637,0.071915,-0.32121
2024-01-01 00:00:04.480,-0.359457,0.374395,6.424189,-0.261207,0.406267,-0.013354
2024-01-01 00:00:04.490,-0.430448,0.382909,7.759708,-0.030731,0.384114,0.018408
2024-01-01 00:00:04.500,-0.192018,0.381576,7.679636,-0.16585,0.416362,0.10901
2024-01-01 00:00:04.510,0.051527,0.235271,8.452506,-0.029782,0.744165,-0.015911
2024-01-01 00:00:04.520,-0.296,0.467636,7.750694,-0.18678,0.618983,-0.066062
2024-01-01 00:00:04.530,0.043074,0.385558,8.206592,-0.001915,0.444416,0.059443
2024-01-01 00:00:04.540,-0.122391,-0.086075,8.054062,0.127749,0.472779,0.078174
2024-01-01 00:00:04.550,-0.133441,0.910156,8.528739,-0.112964,0.457604,0.174301
2024-01-01 00:00:04.560,0.045081,0.714675,8.694574,0.19051,0.693946,0.02324
2024-01-01 00:00:04.570,-0.099526,0.416646,9.912882,0.090069,0.459208,0.028243
2024-01-01 00:00:04.580,0.037315,0.488305,9.376587,0.299216,0.160263,-0.009869
2024-01-01 00:00:04.590,-0.051716,0.240529,9.956362,0.104639,0.433468,0.132021
2024-01-01 00:00:04.600,0.619721,0.802055,9.918383,0.238706,0.116196,-0.060336
2024-01-01 00:00:04.610,0.271662,0.828207,9.683662,0.191148,0.729217,0.187863
2024-01-01 00:00:04.620,0.161233,0.463783,10.31718,0.208566,0.099015,0.184275
2024-01-01 00:00:04.630,0.379104,0.618779,10.770669,0.298839,0.175271,0.198636
2024-01-01 00:00:04.640,0.347366,0.42878,10.033838,0.373999,0.178552,0.167919
2024-01-01 00:00:04.650,0.357393,0.104146,10.984332,0.076269,0.005265,0.320626
2024-01-01 00:00:04.660,0.554258,0.265119,10.246583,0.581622,-0.070927,0.266959
2024-01-01 00:00:04.670,0.610701,0.348203,10.385998,0.009661,-0.01838,0.130626
2024-01-01 00:00:04.680,0.378681,0.203703,10.782679,0.24032,0.106624,0.143074
2024-01-01 00:00:04.690,0.392883,0.22227,10.153139,0.364066,-0.100521,0.123719
2024-01-01 00:00:04.700,0.473874,0.217837,10.34545,0.470887,-0.038562,0.275497
2024-01-01 00:00:04.710,0.08681,0.18893,10.035179,0.694107,-0.553291,0.127984
2024-01-01 00:00:04.720,0.259852,0.183566,10.057545,0.087675,-0.361014,0.342877
2024-01-01 00:00:04.730,0.849271,-0.071826,8.728213,0.340538,-0.435452,0.372254
2024-01-01 00:00:04.740,0.915145,-0.036597,8.757897,0.056783,-0.43661,0.156328
2024-01-01 00:00:04.750,0.543798,-0.18411,9.625806,0.450896,-0.278955,0.228781
2024-01-01 00:00:04.760,0.713534,0.234022,9.572818,0.49757,-0.583234,0.250921
2024-01-01 00:00:04.770,0.662232,-0.417201,8.448564,0.736329,-0.622923,0.338391
2024-01-01 00:00:04.780,1.21465,0.200097,8.500126,0.47087,-0.449758,0.410465
2024-01-01 00:00:04.790,0.818819,0.212245,8.498419,0.634103,-0.851472,0.079328
2024-01-01 00:00:04.800,0.562509,-0.159554,8.442462,0.54616,-0.549406,0.213221
2024-01-01 00:00:04.810,0.387363,-0.653365,6.996131,0.355508,-0.496631,0.214428
2024-01-01 00:00:04.820,0.244796,-0.237984,7.305529,0.170951,-0.594824,0.095802
2024-01-01 00:00:04.830,0.591687,-0.210752,7.371738,0.462746,-0.18738,0.18107
2024-01-01 00:00:04.840,0.382001,-0.431282,7.679944,0.131375,-0.510135,0.264973
2024-01-01 00:00:04.850,0.228548,-0.362359,8.357952,0.617887,-0.278582,0.185882
2024-01-01 00:00:04.860,0.360962,0.017811,7.031657,0.338536,-0.131699,0.04982
2024-01-01 00:00:04.870,0.248902,-0.182779,6.434093,0.56404,0.132334,0.481246
2024-01-01 00:00:04.880,0.775351,-0.526705,7.214877,0.242004,-0.037884,0.209086
2024-01-01 00:00:04.890,0.58487,-0.685706,7.629216,0.3548,0.208515,0.181395
2024-01-01 00:00:04.900,0.375615,-0.454235,7.118557,0.32059,0.241341,0.047378
2024-01-01 00:00:04.910,0.640063,-0.452309,6.730741,0.249948,0.210484,0.169435
2024-01-01 00:00:04.920,0.324769,-0.329207,7.670897,0.154093,0.061582,0.112452
2024-01-01 00:00:04.930,0.100781,-0.552293,7.66982,0.275421,0.063984,-0.075086
2024-01-01 00:00:04.940,0.540101,-0.357584,7.06876,0.009898,0.399743,-0.00891
2024-01-01 00:00:04.950,0.304572,-0.085311,7.886218,-0.070106,0.333985,0.161488
2024-01-01 00:00:04.960,-0.050287,-0.319442,8.368718,0.341581,0.639995,0.259886
2024-01-01 00:00:04.970,0.078717,-0.500055,8.674545,0.218479,0.642581,0.085377
2024-01-01 00:00:04.980,-0.099275,-0.532619,8.348658,0.068747,0.499191,0.141912
2024-01-01 00:00:04.990,-0.24201,-0.570505,8.461909,0.325638,0.337964,-0.00118
2024-01-01 00:00:05.000,0.178322,-0.263839,9.423752,-0.053383,0.641786,-0.011535
2024-01-01 00:00:05.010,0.333539,-0.623837,8.57455,0.201828,0.359628,0.088954
2024-01-01 00:00:05.020,-0.369257,-0.485356,9.558606,-0.035554,0.388977,0.128968
2024-01-01 00:00:05.030,-0.017722,-0.477825,8.976716,-0.282192,0.321815,0.075812
2024-01-01 00:00:05.040,-0.300593,-0.579753,10.290059,0.204799,0.436281,-0.177663
2024-01-01 00:00:05.050,-0.307224,-0.742931,9.893212,0.020979,0.626142,-0.094112
2024-01-01 00:00:05.060,-0.36661,-0.390645,10.756373,-0.207882,0.360965,-0.075635
2024-01-01 00:00:05.070,-0.458076,-0.452069,10.556949,-0.083067,0.22155,-0.144833
2024-01-01 00:00:05.080,-0.311356,-0.322346,9.906921,-0.313462,-0.039577,-0.09499
2024-01-01 00:00:05.090,-0.5215,-0.509622,11.188942,-0.117236,0.263633,-0.065988
2024-01-01 00:00:05.100,-0.33377,-0.13732,11.303617,-0.72129,-0.05014,-0.061328
2024-01-01 00:00:05.110,-0.428607,-0.533599,11.026387,-0.497484,0.035843,-0.005813
2024-01-01 00:00:05.120,-0.495048,0.009116,10.276095,-0.159177,-0.124992,-0.219302
2024-01-01 00:00:05.130,-0.655332,-0.656275,10.436407,-0.400303,0.014885,-0.333828
2024-01-01 00:00:05.140,-0.613471,-0.191783,10.561565,-0.33623,-0.236447,-0.171725
2024-01-01 00:00:05.150,-0.368956,-0.154309,10.069656,-0.632447,-0.286936,-0.0283
2024-01-01 00:00:05.160,-0.439283,-0.377973,11.008374,-0.071984,-0.251805,-0.272475
2024-01-01 00:00:05.170,-0.751832,-0.102403,10.145211,-0.202945,-0.016423,-0.163116
2024-01-01 00:00:05.180,-0.550651,0.101096,8.673337,-0.464011,-0.284632,-0.168141
2024-01-01 00:00:05.190,-0.43171,-0.564957,9.8319,-0.509336,-0.500895,-0.223351
2024-01-01 00:00:05.200,-0.924558,0.012751,9.295654,-0.257679,-0.515507,-0.245423
2024-01-01 00:00:05.210,-0.487873,-0.552238,9.179864,-0.090564,-0.631841,-0.340903
2024-01-01 00:00:05.220,-0.732086,-0.212246,8.801635,-0.277994,-0.719392,-0.477983
2024-01-01 00:00:05.230,-0.485594,0.341282,9.081992,-0.058861,-0.648445,-0.361066
2024-01-01 00:00:05.240,-0.749652,-0.066419,8.976111,-0.613773,-0.678015,-0.28778
2024-01-01 00:00:05.250,-0.95241,-0.15059,8.359885,-0.591065,-0.401209,-0.136689
2024-01-01 00:00:05.260,-0.90855,0.078446,7.851487,-0.651291,-0.681514,-0.253247
2024-01-01 00:00:05.270,-0.562247,0.564898,7.773005,-0.349381,-0.209276,-0.290179
2024-01-01 00:00:05.280,-0.506009,-0.182459,7.60768,-0.386857,-0.265864,-0.321579
2024-01-01 00:00:05.290,-0.722241,0.005297,7.068522,-0.433384,-0.341861,-0.159893
2024-01-01 00:00:05.300,-0.394496,0.545697,7.547622,-0.245994,-0.283216,-0.081754
2024-01-01 00:00:05.310,-0.83286,0.647226,7.381066,-0.153598,-0.315899,-0.102221
2024-01-01 00:00:05.320,-0.489722,0.283157,7.785799,-0.631999,-0.095172,-0.137929
2024-01-01 00:00:05.330,-0.692382,0.082739,7.609229,-0.445089,0.126615,-0.335136
2024-01-01 00:00:05.340,-0.552068,0.774845,6.721577,-0.16865,-0.119943,-0.210876
2024-01-01 00:00:05.350,-0.381728,0.697992,7.419433,-0.377599,-0.193644,0.031727
2024-01-01 00:00:05.360,-0.530928,0.536509,6.676513,-0.412811,0.283115,-0.037324
2024-01-01 00:00:05.370,-0.40168,0.25794,7.504694,-0.06024,0.286102,-0.289071
2024-01-01 00:00:05.380,-0.087882,0.428307,7.07741,-0.448965,0.092913,-0.126034
2024-01-01 00:00:05.390,-0.367509,0.42164,6.996803,-0.243382,0.223749,-0.068744
2024-01-01 00:00:05.400,-0.046777,0.533313,7.756873,-0.101281,0.25554,-0.165347
2024-01-01 00:00:05.410,-0.40062,0.768542,6.623774,-0.234296,0.326352,-0.303703
2024-01-01 00:00:05.420,-0.028646,0.663138,7.255008,0.040013,0.436374,-0.046204
2024-01-01 00:00:05.430,0.194422,0.278365,8.193719,-0.172817,0.475085,-0.117897
2024-01-01 00:00:05.440,-0.547057,0.773365,8.551953,0.214005,0.424362,-0.100354
2024-01-01 00:00:05.450,-0.170692,0.562538,8.595942,-0.031119,0.413139,-0.040182
2024-01-01 00:00:05.460,0.145571,0.636781,8.299965,0.143446,0.50604,-0.000802
2024-01-01 00:00:05.470,0.030873,0.789747,8.887786,0.187896,0.564572,0.028876
2024-01-01 00:00:05.480,0.186695,0.268822,9.668879,-0.028608,0.454418,-0.041538
2024-01-01 00:00:05.490,0.032115,0.476325,9.97898,-0.254943,0.687115,0.041692
2024-01-01 00:00:05.500,0.209946,0.367241,9.917286,0.209407,0.528078,-0.095481
2024-01-01 00:00:05.510,0.200288,0.147739,10.631673,0.18658,0.100002,0.12753
2024-01-01 00:00:05.520,0.502669,0.516228,10.451983,0.301883,0.422982,-0.173497
2024-01-01 00:00:05.530,0.356401,0.932637,10.071306,0.188363,0.373791,0.09835
2024-01-01 00:00:05.540,0.407981,0.043694,10.385824,0.177869,0.117568,0.233777
2024-01-01 00:00:05.550,0.291403,0.384669,9.953039,0.641859,-0.146027,0.049807
2024-01-01 00:00:05.560,0.307788,0.496782,10.574456,0.038958,0.049499,0.240522
2024-01-01 00:00:05.570,0.348392,0.369075,11.128123,0.458289,-0.029319,0.296783
2024-01-01 00:00:05.580,0.541311,0.295973,10.906299,0.243387,-0.305273,-0.138115
2024-01-01 00:00:05.590,0.40353,0.031373,11.165315,0.305355,-0.438068,0.188083
2024-01-01 00:00:05.600,0.568659,0.309,10.302068,0.325949,-0.262704,-0.074784
2024-01-01 00:00:05.610,0.94632,0.081062,10.917363,0.253812,-0.35428,0.209529
2024-01-01 00:00:05.620,0.723463,-0.236708,10.069599,0.514749,-0.446853,0.228132
2024-01-01 00:00:05.630,0.499407,0.408095,10.638443,0.673774,-0.439083,-0.013
2024-01-01 00:00:05.640,0.81753,0.327946,9.764156,0.517568,-0.666796,0.43302
2024-01-01 00:00:05.650,0.50559,0.113041,9.871987,0.459012,-0.581852,0.27327
2024-01-01 00:00:05.660,0.186691,0.114474,9.983459,0.268178,-0.43326,0.162729
2024-01-01 00:00:05.670,0.396971,0.249144,8.989195,0.54197,-0.607824,0.39595
2024-01-01 00:00:05.680,0.225842,0.044606,8.926389,0.838143,-0.850955,0.070439
2024-01-01 00:00:05.690,0.528242,0.146001,9.160016,0.380384,-0.629755,0.126477
2024-01-01 00:00:05.700,0.597913,-0.128674,8.276862,0.377995,-0.721572,0.01765
2024-01-01 00:00:05.710,0.922363,0.159175,7.508414,0.33931,-0.455035,0.424719
2024-01-01 00:00:05.720,0.642501,-0.072615,8.847153,0.344742,-0.4103,0.273699
2024-01-01 00:00:05.730,0.520578,-0.130859,7.469471,-0.070855,-0.721913,0.301106
2024-01-01 00:00:05.740,0.714866,-0.455768,7.572308,0.484645,-0.234273,0.258844
2024-01-01 00:00:05.750,0.08872,-0.175488,7.866447,0.246011,-0.511571,0.278605
2024-01-01 00:00:05.760,0.557496,-0.42928,6.946122,0.092933,0.034739,0.220463
2024-01-01 00:00:05.770,0.641534,-0.419299,6.67084,0.501095,-0.184537,0.230159
2024-01-01 00:00:05.780,0.166302,-0.482078,7.175558,0.151751,-0.326595,0.203268
2024-01-01 00:00:05.790,0.663221,-0.558085,6.225251,0.264892,-0.232338,0.12017
2024-01-01 00:00:05.800,0.472545,0.055928,6.907657,0.567594,0.111852,0.164023
2024-01-01 00:00:05.810,0.290228,-0.125184,7.186786,0.026306,0.053797,0.182895
2024-01-01 00:00:05.820,0.466499,-0.027933,7.027818,-0.02091,0.179498,0.152698
2024-01-01 00:00:05.830,0.759114,-0.675171,6.559605,0.277207,0.556103,-0.020704
2024-01-01 00:00:05.840,0.304924,-0.43287,8.106483,0.408321,0.20377,-0.022602
2024-01-01 00:00:05.850,0.280488,-0.720214,7.598146,-0.110249,0.397967,0.204469
2024-01-01 00:00:05.860,0.100161,-0.612839,8.382429,0.217409,0.692894,0.049314
2024-01-01 00:00:05.870,-0.017664,-0.667248,7.829089,0.218808,0.527814,0.121933
2024-01-01 00:00:05.880,0.277916,-0.243319,7.774668,-0.286763,0.222586,-0.062608
2024-01-01 00:00:05.890,-0.100359,-0.575747,8.528959,0.196874,0.625629,-0.11779
2024-01-01 00:00:05.900,0.043842,-0.285718,8.555937,0.179936,0.337995,-0.072056
2024-01-01 00:00:05.910,-0.107473,-0.379077,8.371641,-0.065077,0.80279,-0.027232
2024-01-01 00:00:05.920,0.042442,-0.037291,9.810261,0.185407,0.393186,-0.088745
2024-01-01 00:00:05.930,-0.02778,-0.789647,9.109974,0.133678,1.057218,0.090013
2024-01-01 00:00:05.940,0.072289,-0.235291,8.792323,-0.082853,0.758259,-0.038389
2024-01-01 00:00:05.950,-0.277283,-0.248901,10.433475,-0.21272,0.312734,0.111861
2024-01-01 00:00:05.960,-0.268477,-0.661632,9.805023,-0.335986,0.413013,-0.048935
2024-01-01 00:00:05.970,-0.448453,-0.252065,9.931649,-0.196287,0.490536,-0.346547
2024-01-01 00:00:05.980,-0.37855,-0.370631,9.557705,-0.114712,0.434634,-0.0151
2024-01-01 00:00:05.990,-0.249837,-0.465632,11.253456,-0.302325,0.306287,-0.286496
2024-01-01 00:00:06.000,-0.207952,-0.565193,9.976362,-0.665062,0.380819,-0.126676
2024-01-01 00:00:06.010,-0.576117,-0.522584,10.636564,-0.065395,0.059093,-0.24067
2024-01-01 00:00:06.020,-0.248227,0.054654,11.04059,-0.282371,-0.060536,0.038376
2024-01-01 00:00:06.030,-0.179467,-0.33002,10.804972,-0.406278,-0.13282,-0.043788
2024-01-01 00:00:06.040,-0.3942,-0.147002,10.539565,-0.203377,0.009608,-0.272885
2024-01-01 00:00:06.050,-0.125543,-0.433429,9.718722,-0.101242,-0.150915,-0.221445
2024-01-01 00:00:06.060,-0.677281,-0.401725,10.006574,-0.896237,-0.23183,-0.193258
2024-01-01 00:00:06.070,-0.790579,0.001311,10.312522,-0.328069,-0.203305,-0.139345
2024-01-01 00:00:06.080,-0.913929,-0.453305,9.704158,-0.675435,-0.771209,-0.229662
2024-01-01 00:00:06.090,-0.272845,-0.23386,9.956822,-0.339201,-0.394105,-0.340845
2024-01-01 00:00:06.100,-0.452317,-0.110719,9.959255,-0.414366,-0.449885,-0.314752
2024-01-01 00:00:06.110,-0.602656,-0.061396,9.857057,-0.329224,-0.218812,-0.246923
2024-01-01 00:00:06.120,-0.541069,-0.085234,8.632271,-0.537661,-0.814401,-0.12533
2024-01-01 00:00:06.130,-0.82483,0.064239,9.925905,-0.786983,-0.268726,-0.207105
2024-01-01 00:00:06.140,-0.110387,0.158208,9.034092,-0.530719,-0.53473,-0.327149
2024-01-01 00:00:06.150,-0.570633,0.201032,8.441964,-0.374125,-0.449102,-0.183695
2024-01-01 00:00:06.160,-0.568688,-0.108847,8.694429,-0.260154,-0.214018,-0.284768
2024-01-01 00:00:06.170,-0.436681,0.06527,9.041921,-0.647306,-0.383465,-0.15339
2024-01-01 00:00:06.180,-0.474121,0.394258,7.119687,-0.242871,-0.371807,0.015067
2024-01-01 00:00:06.190,-0.511308,0.366697,7.475657,-0.533681,-0.351259,-0.267585
2024-01-01 00:00:06.200,-0.697286,-0.05524,6.340564,-0.339152,-0.425357,-0.144502
2024-01-01 00:00:06.210,-0.425426,0.320145,7.358476,-0.481571,-0.280461,-0.291089
2024-01-01 00:00:06.220,-0.121361,-0.116473,7.326881,-0.340534,-0.33587,-0.218629
2024-01-01 00:00:06.230,-0.204349,0.316548,7.067335,-0.194537,-0.142892,-0.194308
2024-01-01 00:00:06.240,-0.128202,0.713235,6.746234,-0.555992,-0.480555,-0.205551
2024-01-01 00:00:06.250,-0.520352,0.16903,6.108465,-0.435965,0.093069,0.072089
2024-01-01 00:00:06.260,-0.585303,0.214958,7.223157,-0.257243,0.069556,-0.192068
2024-01-01 00:00:06.270,-0.379961,0.556018,7.768216,0.166183,0.104833,-0.08915
2024-01-01 00:00:06.280,-0.309385,0.114114,6.938287,-0.395771,0.275631,-0.326563
2024-01-01 00:00:06.290,-0.065886,0.313566,7.524283,0.153681,0.044251,-0.075435
2024-01-01 00:00:06.300,-0.586052,0.574745,6.771308,0.175127,0.710008,0.011056
2024-01-01 00:00:06.310,0.0967,0.341763,7.859265,-0.174424,0.397764,-0.139931
2024-01-01 00:00:06.320,-0.201463,0.432351,7.675502,-0.181064,0.435586,-0.321798
2024-01-01 00:00:06.330,-0.215078,0.637015,7.727101,-0.221848,0.324826,-0.057908
2024-01-01 00:00:06.340,-0.291343,0.578788,7.960195,-0.078968,0.53015,-0.035333
2024-01-01 00:00:06.350,-0.378689,0.55178,8.367476,-0.288998,0.792695,0.052525
2024-01-01 00:00:06.360,0.158349,0.432148,8.964386,-0.018437,0.736344,0.198471
2024-01-01 00:00:06.370,0.049841,0.573152,8.450228,0.295821,0.700018,-0.023348
2024-01-01 00:00:06.380,-0.18152,0.471176,9.106387,-0.052641,0.630483,-0.053766
2024-01-01 00:00:06.390,-0.141615,0.581896,9.502127,0.04472,0.443348,-0.067775
2024-01-01 00:00:06.400,0.090612,0.383019,9.248735,-0.187879,0.212915,0.085545
2024-01-01 00:00:06.410,0.531188,0.435656,10.756881,0.215369,0.394768,0.130178
2024-01-01 00:00:06.420,0.184136,0.261687,9.748037,0.224648,0.337282,0.04379
2024-01-01 00:00:06.430,-0.027031,0.437989,9.989735,0.216665,0.510057,0.191867
2024-01-01 00:00:06.440,0.260685,0.265977,9.981725,0.193346,0.312367,0.175636
2024-01-01 00:00:06.450,0.290044,0.186508,11.331871,0.205745,0.477394,0.147902
2024-01-01 00:00:06.460,-0.161679,0.440234,10.839643,0.373616,0.329655,0.067133
2024-01-01 00:00:06.470,0.398143,0.408378,10.204036,0.301565,-0.043311,0.122231
2024-01-01 00:00:06.480,0.392165,0.497984,11.123697,0.385459,-0.360257,-0.060329
2024-01-01 00:00:06.490,0.604849,0.229133,10.682315,0.387903,0.136988,0.217582
2024-01-01 00:00:06.500,0.86043,0.369411,10.640235,0.570196,0.059137,0.207067
2024-01-01 00:00:06.510,0.738638,0.369027,10.269581,0.506853,-0.501064,0.232733
2024-01-01 00:00:06.520,0.479781,0.317652,9.957041,0.434884,-0.048207,0.272748
2024-01-01 00:00:06.530,0.329937,0.032303,10.288004,0.686748,-0.309706,0.268267
2024-01-01 00:00:06.540,1.080965,0.195101,9.707519,0.500368,-0.400956,0.224917
2024-01-01 00:00:06.550,0.590481,0.20506,10.565713,0.668871,-0.182404,0.245966
2024-01-01 00:00:06.560,0.591003,0.10004,8.954829,0.550412,-0.265176,0.104659
2024-01-01 00:00:06.570,0.590161,-0.35279,9.98183,0.114694,-0.414452,0.189539
2024-01-01 00:00:06.580,0.638529,0.062197,8.996225,0.684054,-0.460835,0.254594
2024-01-01 00:00:06.590,0.571104,0.438054,8.932535,0.474314,-0.438962,0.176405
2024-01-01 00:00:06.600,0.483441,-0.110989,8.925108,0.439278,-0.615324,0.335254
2024-01-01 00:00:06.610,0.484141,-0.21894,8.024157,0.495778,-0.536262,0.181434
2024-01-01 00:00:06.620,0.579466,-0.032648,8.464233,0.377415,-0.661742,0.265804
2024-01-01 00:00:06.630,0.467035,-0.078322,6.638884,0.472655,-0.522722,0.25154
2024-01-01 00:00:06.640,0.420103,0.064942,7.333811,0.315467,-0.483384,0.309075
2024-01-01 00:00:06.650,0.568222,-0.457157,7.064882,0.639571,-0.478392,0.317969
2024-01-01 00:00:06.660,0.477591,-0.090302,6.765295,0.375994,-0.27912,0.289648
2024-01-01 00:00:06.670,0.80851,-0.148359,7.109952,0.311919,-0.295951,0.000946
2024-01-01 00:00:06.680,-0.045783,-0.323465,7.288567,0.196821,-0.076595,0.321253
2024-01-01 00:00:06.690,0.677097,-0.25448,7.372213,0.392476,-0.385191,0.343895
2024-01-01 00:00:06.700,0.680204,-0.141969,7.139313,0.35692,-0.037973,0.131366
2024-01-01 00:00:06.710,-0.013558,-0.197378,6.740603,0.370757,0.082048,0.190798
2024-01-01 00:00:06.720,0.300799,-0.622649,7.249637,0.092097,0.07728,0.064807
2024-01-01 00:00:06.730,0.2615,-0.250334,7.216261,-0.036372,0.174445,-0.054926
2024-01-01 00:00:06.740,0.019132,-0.445645,7.690184,0.338083,-0.011509,0.051393
2024-01-01 00:00:06.750,0.108482,-0.434406,7.757007,0.46527,0.401133,0.056005
2024-01-01 00:00:06.760,0.004079,-0.448469,7.586685,-0.015098,0.510235,0.058763
2024-01-01 00:00:06.770,0.537716,-0.505073,7.358787,0.426546,0.531687,-0.017865
2024-01-01 00:00:06.780,0.334571,-0.246328,7.678682,0.161681,0.670551,-0.011911
2024-01-01 00:00:06.790,0.361215,-0.508743,7.951432,0.078907,0.551355,0.043443
2024-01-01 00:00:06.800,0.210197,-0.720888,8.295344,-0.022162,0.622908,-0.04958
2024-01-01 00:00:06.810,-0.201305,-0.578289,8.803711,-0.230834,0.576261,0.064563
2024-01-01 00:00:06.820,-0.121872,-0.464061,9.253596,0.165065,0.672879,0.061096
2024-01-01 00:00:06.830,0.039514,-0.251786,9.1555,-0.18338,0.255692,0.213722
2024-01-01 00:00:06.840,-0.3439,-0.372462,9.425843,-0.214971,0.35892,0.07112
2024-01-01 00:00:06.850,0.002487,-0.656283,9.711923,0.073462,0.775656,-0.03407
2024-01-01 00:00:06.860,-0.228147,0.02009,9.62852,-0.473999,0.008031,-0.137061
2024-01-01 00:00:06.870,-0.294155,-0.412486,9.637819,-0.438641,0.377965,-0.061955
2024-01-01 00:00:06.880,-0.11506,-0.196633,9.434495,-0.196203,0.558797,-0.074529
2024-01-01 00:00:06.890,-0.205231,-0.466165,10.055202,-0.167772,0.268952,-0.173866
2024-01-01 00:00:06.900,-0.401704,-0.311179,10.695151,-0.159881,0.145334,-0.058923
2024-01-01 00:00:06.910,-0.131497,-0.229989,10.248601,-0.326846,0.169862,-0.291211
2024-01-01 00:00:06.920,-0.611692,-0.132374,10.507454,0.158857,0.008537,-0.189223
2024-01-01 00:00:06.930,-0.302519,-0.140874,10.839852,-0.3603,0.001808,-0.121792
2024-01-01 00:00:06.940,-0.335278,-0.152559,10.845399,-0.381965,-0.202526,-0.217883
2024-01-01 00:00:06.950,-0.541831,-0.363104,10.072428,-0.503399,0.04579,-0.220643
2024-01-01 00:00:06.960,-0.438426,-0.38609,10.921033,-0.355436,0.031097,-0.223634
2024-01-01 00:00:06.970,-0.775199,-0.175575,10.862449,-0.283039,-0.316122,-0.3023
2024-01-01 00:00:06.980,-0.358987,-0.02467,9.70038,-0.1912,-0.603126,-0.10919
2024-01-01 00:00:06.990,-0.59699,-0.22403,9.665436,-0.688078,-0.502546,-0.335141
2024-01-01 00:00:07.000,-0.678095,0.066217,10.376477,-0.474442,-0.488274,-0.207163
2024-01-01 00:00:07.010,-0.37455,0.177076,9.559437,-0.357857,-0.402373,-0.202115
2024-01-01 00:00:07.020,-0.733229,-0.2628,8.396468,-0.3386,-0.703608,-0.341679
2024-01-01 00:00:07.030,-0.879231,-0.212629,8.524567,-0.446975,-0.679442,-0.241664
2024-01-01 00:00:07.040,-0.911187,-0.038812,8.795069,-0.35226,-0.457571,-0.340906
2024-01-01 00:00:07.050,-0.478117,0.085345,8.135302,-0.595102,-0.378499,-0.110612
2024-01-01 00:00:07.060,-0.851998,-0.046645,8.227288,-0.166511,-0.646948,-0.362175
2024-01-01 00:00:07.070,-0.238699,0.362876,8.190518,-0.26357,-0.752384,-0.31108
2024-01-01 00:00:07.080,-0.996972,0.210974,8.609052,-0.677527,0.111173,-0.364333
2024-01-01 00:00:07.090,-0.229449,0.167172,7.612209,-0.620074,-0.297373,-0.372745
2024-01-01 00:00:07.100,-0.511974,-0.095538,8.038186,-0.604079,-0.43646,-0.071786
2024-01-01 00:00:07.110,-0.556309,-0.040073,8.035442,-0.28069,-0.174591,-0.169458
2024-01-01 00:00:07.120,-0.626173,0.309671,7.902339,-0.619143,-0.289716,-0.201466
2024-01-01 00:00:07.130,-0.415114,-0.143881,7.279469,-0.43079,-0.042421,-0.271883
2024-01-01 00:00:07.140,-0.477855,0.512984,6.194325,-0.270899,-0.097224,-0.105209
2024-01-01 00:00:07.150,-0.222807,0.30516,7.245101,-0.344511,-0.034487,-0.2672
2024-01-01 00:00:07.160,-0.391643,1.010135,7.503648,-0.264266,0.004609,-0.09334
2024-01-01 00:00:07.170,-0.353468,0.846098,7.023853,-0.479491,-0.159983,-0.247055
2024-01-01 00:00:07.180,-0.423459,0.369385,7.907644,-0.155978,0.522975,-0.210591
2024-01-01 00:00:07.190,-0.327657,0.40363,7.604348,-0.347579,0.074891,-0.05595
2024-01-01 00:00:07.200,-0.218728,0.641206,7.598771,-0.268648,0.065146,-0.030404
2024-01-01 00:00:07.210,-0.585003,0.797804,7.985931,-0.139436,0.331303,-0.04149
2024-01-01 00:00:07.220,-0.474127,0.142459,7.826533,-0.134813,0.249163,-0.190172
2024-01-01 00:00:07.230,-0.01638,0.123439,6.756229,-0.119459,0.457471,-0.113437
2024-01-01 00:00:07.240,-0.090615,0.36466,7.873032,-0.228704,0.626216,-0.036305
2024-01-01 00:00:07.250,-0.120743,0.61163,8.870001,-0.116879,0.707622,-0.119906
2024-01-01 00:00:07.260,-0.039017,0.598107,8.211011,-0.031635,0.691079,0.119303
2024-01-01 00:00:07.270,0.068259,0.713953,8.721895,-0.248458,0.494981,-0.240718
2024-01-01 00:00:07.280,-0.067756,0.258937,8.600456,-0.053109,0.55399,-0.061126
2024-01-01 00:00:07.290,-0.074205,0.032142,10.116978,0.130875,0.603144,-0.017017
2024-01-01 00:00:07.300,0.161497,0.661101,10.305222,-0.138193,0.187875,-0.233424
2024-01-01 00:00:07.310,-0.03306,0.315647,9.37143,0.330146,0.571906,-0.071867
2024-01-01 00:00:07.320,0.283775,0.067077,10.038146,0.380124,0.162853,0.146748
2024-01-01 00:00:07.330,-0.099848,0.487027,9.846534,-0.043625,0.74028,0.103307
2024-01-01 00:00:07.340,0.483894,0.6017,10.585124,0.452919,0.240935,0.273173
2024-01-01 00:00:07.350,0.408648,0.401587,10.665176,0.209752,0.21521,0.28541
2024-01-01 00:00:07.360,0.399899,0.315327,10.897851,0.336853,0.039937,0.188593
2024-01-01 00:00:07.370,0.57813,0.353978,10.74621,0.196797,-0.008321,0.19032
2024-01-01 00:00:07.380,0.745762,0.288844,11.948314,0.475648,0.438994,0.178538
2024-01-01 00:00:07.390,0.644644,0.068727,10.161038,0.404425,0.122941,-0.081437
2024-01-01 00:00:07.400,0.100588,0.16916,9.815815,0.205025,-0.40028,0.055862
2024-01-01 00:00:07.410,0.2376,0.38862,10.337165,0.1604,0.076555,0.215699
2024-01-01 00:00:07.420,0.390946,0.319609,9.704782,0.124078,-0.048493,0.276565
2024-01-01 00:00:07.430,0.541058,0.258575,9.60492,0.435709,-0.377942,0.252233
2024-01-01 00:00:07.440,0.656741,-0.005452,9.664474,0.517951,-0.329917,0.141257
2024-01-01 00:00:07.450,0.422786,0.124967,9.514086,0.543125,-0.438259,0.33038
2024-01-01 00:00:07.460,0.6173,-0.307227,9.292518,0.413723,-0.122636,0.389889
2024-01-01 00:00:07.470,0.438111,0.130188,9.731289,0.233632,-0.654045,0.339294
2024-01-01 00:00:07.480,0.47331,0.34612,9.033546,0.323937,-0.507694,0.347132
2024-01-01 00:00:07.490,0.317861,-0.268911,8.935557,0.656818,-0.624111,0.193741
2024-01-01 00:00:07.500,0.415264,-0.125827,9.170193,0.3627,-0.807619,0.357556
2024-01-01 00:00:07.510,0.327424,0.022664,8.17558,0.474136,-0.14731,0.263643
2024-01-01 00:00:07.520,0.39758,0.173102,8.159927,0.250949,-0.736277,0.298137
2024-01-01 00:00:07.530,0.795645,-0.201051,8.212631,0.499273,-0.455767,0.280259
2024-01-01 00:00:07.540,0.384404,-0.283263,6.958327,0.34833,-0.771054,0.227136
2024-01-01 00:00:07.550,1.087383,-0.571313,6.561869,0.609088,-0.483161,0.147711
2024-01-01 00:00:07.560,0.643513,-0.188708,7.616685,0.547878,-0.281122,0.218807
2024-01-01 00:00:07.570,0.563156,0.168154,7.53433,0.305415,-0.444459,0.317922
2024-01-01 00:00:07.580,0.333343,-0.214508,8.122774,0.355961,-0.123664,0.166275
2024-01-01 00:00:07.590,0.621489,-0.302864,7.177203,0.261869,-0.206619,0.289929
2024-01-01 00:00:07.600,0.340411,-0.260994,7.420038,0.086156,0.12474,0.263515
2024-01-01 00:00:07.610,0.451876,-0.353076,6.942245,0.166266,0.236763,0.14822
2024-01-01 00:00:07.620,0.909384,-0.537232,7.17737,0.333704,-0.038087,0.304449
2024-01-01 00:00:07.630,0.346149,-0.231954,7.841396,0.332567,0.15593,0.116679
2024-01-01 00:00:07.640,0.561464,-0.371544,6.216041,0.275445,0.247019,0.289125
2024-01-01 00:00:07.650,0.155638,-0.431269,7.470326,0.167893,0.393274,0.16686
2024-01-01 00:00:07.660,0.252523,-0.645882,8.387083,0.362593,0.346794,0.106547
2024-01-01 00:00:07.670,0.575689,-0.20397,7.721655,0.177584,0.434286,0.003524
2024-01-01 00:00:07.680,0.057085,-0.343375,8.529749,0.263445,0.404441,0.067207
2024-01-01 00:00:07.690,0.505046,-0.596266,7.716009,-0.212362,0.508647,0.039023
2024-01-01 00:00:07.700,0.243503,-0.292364,8.212757,-0.629567,0.751869,-0.083349
2024-01-01 00:00:07.710,-0.051631,-0.596935,8.481796,0.096729,0.654977,0.003598
2024-01-01 00:00:07.720,0.145962,-0.656137,7.71526,-0.241847,0.675066,-0.072263
2024-01-01 00:00:07.730,0.172517,-0.651605,8.436193,-0.054736,0.678675,0.049435
2024-01-01 00:00:07.740,0.060999,-0.851418,8.714458,-0.1019,0.510047,0.104227
2024-01-01 00:00:07.750,-0.418475,-0.39806,9.816944,0.20741,0.574066,-0.166204
2024-01-01 00:00:07.760,-0.290425,-0.851409,10.066667,-0.036749,0.290428,0.110815
2024-01-01 00:00:07.770,-0.234376,-0.721362,10.031082,-0.108799,0.673954,-0.089885
2024-01-01 00:00:07.780,-0.23875,-0.879012,10.447035,-0.017239,-0.104062,-0.190779
2024-01-01 00:00:07.790,-0.137651,-0.467112,10.169455,-0.13001,0.324911,-0.033302
2024-01-01 00:00:07.800,-0.262916,-0.463817,10.924345,-0.306224,0.483184,-0.169002
2024-01-01 00:00:07.810,-0.60077,-0.480874,10.497928,-0.05741,-0.035752,-0.147216
2024-01-01 00:00:07.820,-0.291312,-0.603847,10.598745,-0.475269,0.209621,-0.193491
2024-01-01 00:00:07.830,-0.27713,-0.607685,10.498654,-0.241251,-0.059588,-0.248027
2024-01-01 00:00:07.840,-0.317276,-0.256488,10.937503,-0.600488,-0.079347,-0.106448
2024-01-01 00:00:07.850,-0.241015,-0.433927,10.416937,-0.306168,0.081642,-0.219118
2024-01-01 00:00:07.860,-0.316139,-0.233453,10.988935,-0.327454,-0.12695,-0.344883
2024-01-01 00:00:07.870,-0.414532,-0.445264,9.950312,-0.078014,-0.599653,-0.15588
2024-01-01 00:00:07.880,-0.541426,-0.20221,9.844393,-0.67724,-0.475638,-0.340305
2024-01-01 00:00:07.890,-0.87809,0.053165,10.498568,-0.517583,-0.185009,-0.342783
2024-01-01 00:00:07.900,-0.475871,-0.058335,9.973755,-0.273263,-0.333564,-0.11482
2024-01-01 00:00:07.910,-0.533469,-0.22529,9.611128,-0.370898,-0.145603,-0.35922
2024-01-01 00:00:07.920,-0.531156,-0.057923,9.998873,-0.406649,-0.194498,-0.475591
2024-01-01 00:00:07.930,-0.848489,-0.12353,9.09338,-0.616959,-0.586592,-0.184855
2024-01-01 00:00:07.940,-0.814184,-0.039494,9.034613,-0.554827,-0.091996,-0.279542
2024-01-01 00:00:07.950,-0.389318,-0.071669,9.506787,-0.225854,-0.545405,-0.271744
2024-01-01 00:00:07.960,-0.606969,-0.00486,9.321279,-0.458565,-0.719829,-0.281058
2024-01-01 00:00:07.970,-0.459005,0.104846,9.091618,-0.378914,-0.646907,-0.224877
2024-01-01 00:00:07.980,-0.583044,-0.102122,8.020969,-0.462265,-0.915194,-0.320567
2024-01-01 00:00:07.990,-0.573346,-0.072965,8.47865,-0.647428,-0.186136,-0.093762
2024-01-01 00:00:08.000,-0.379462,-0.11446,7.291993,-0.257253,-0.145682,-0.383923
2024-01-01 00:00:08.010,-0.65544,-0.124547,7.126311,-0.323591,-0.564609,-0.185609
2024-01-01 00:00:08.020,-0.51548,-0.016625,6.31684,0.013987,-0.364627,-0.158581
2024-01-01 00:00:08.030,-0.607077,0.288965,7.995249,-0.568771,-0.242011,-0.290391
2024-01-01 00:00:08.040,-0.578981,0.107527,6.751886,-0.220998,-0.362748,-0.307407
2024-01-01 00:00:08.050,-0.529024,0.416453,7.014205,-0.58647,-0.432842,-0.092945
2024-01-01 00:00:08.060,-0.395638,0.346819,6.625543,-0.301726,-0.079595,-0.282447
2024-01-01 00:00:08.070,-0.506588,-0.029303,7.34632,-0.132357,-0.023536,-0.231849
2024-01-01 00:00:08.080,-0.128497,0.518174,6.897062,-0.65772,0.03968,-0.069456
2024-01-01 00:00:08.090,-0.525566,0.57027,6.545204,-0.296871,0.222927,-0.140961
2024-01-01 00:00:08.100,-0.349358,0.228319,7.429801,-0.335366,0.509904,-0.309708
2024-01-01 00:00:08.110,-0.363779,0.52807,6.71508,-0.333227,0.262965,0.059776
2024-01-01 00:00:08.120,0.051032,0.287551,7.140688,-0.109435,0.407071,-0.152319
2024-01-01 00:00:08.130,-0.160445,0.491011,6.751738,0.051907,0.558913,-0.123507
2024-01-01 00:00:08.140,0.046176,0.22895,7.26295,-0.144135,0.571334,-0.041169
2024-01-01 00:00:08.150,-0.416977,0.1313,8.205643,-0.052911,0.395502,0.012564
2024-01-01 00:00:08.160,-0.025555,0.419087,7.476291,-0.038648,0.548295,0.163208
2024-01-01 00:00:08.170,0.140239,0.474267,7.93781,-0.027941,0.644217,-0.18171
2024-01-01 00:00:08.180,0.020228,0.420454,8.85156,-0.193253,0.346853,0.084167
2024-01-01 00:00:08.190,0.258307,0.261772,8.855872,0.233428,0.771191,0.093139
2024-01-01 00:00:08.200,-0.017023,0.414805,10.239617,0.117961,0.784858,0.022298
2024-01-01 00:00:08.210,0.409116,0.542485,10.401363,0.166513,0.370425,0.131747
2024-01-01 00:00:08.220,0.627229,0.471155,9.40421,-0.019585,0.499185,0.163198
2024-01-01 00:00:08.230,0.134284,0.505847,10.245735,0.072479,0.53487,-0.052008
2024-01-01 00:00:08.240,0.156166,0.322294,10.510208,0.152246,0.267981,0.277171
2024-01-01 00:00:08.250,0.573186,0.675451,10.056535,-0.064261,0.392823,-0.038164
2024-01-01 00:00:08.260,0.634316,0.188555,9.776229,-0.065045,0.269615,0.019136
2024-01-01 00:00:08.270,0.248201,0.501959,10.5366,0.156445,-0.094485,0.12081
2024-01-01 00:00:08.280,0.301421,0.61955,10.524582,0.383148,0.17866,0.353102
2024-01-01 00:00:08.290,0.359946,0.456247,10.432661,0.194662,-0.177577,0.142634
2024-01-01 00:00:08.300,0.176267,0.294735,10.819853,0.150483,0.113553,0.182289
2024-01-01 00:00:08.310,0.288154,0.203152,10.240852,0.20727,-0.251215,0.339827
2024-01-01 00:00:08.320,0.29553,0.488125,9.984768,0.290307,-0.231832,0.176784
2024-01-01 00:00:08.330,0.3649,-0.032934,10.444801,0.32515,-0.024323,0.098181
2024-01-01 00:00:08.340,0.531146,0.027188,10.432057,0.793356,-0.245337,0.182478
2024-01-01 00:00:08.350,0.601979,0.110196,9.56427,0.606184,-0.585954,0.368386
2024-01-01 00:00:08.360,0.879637,0.404826,10.322666,0.611612,-0.623821,0.244393
2024-01-01 00:00:08.370,0.381545,0.200085,8.899052,0.646256,-0.590076,0.435239
2024-01-01 00:00:08.380,0.786982,-0.103234,9.209833,0.2628,-0.443026,0.319676
2024-01-01 00:00:08.390,0.553402,-0.005875,9.115878,0.227124,-0.471615,0.183936
2024-01-01 00:00:08.400,0.58954,-0.101135,8.700006,0.250338,-0.699681,0.254871
2024-01-01 00:00:08.410,0.734766,-0.154789,8.48337,0.690063,-0.759373,0.164596
2024-01-01 00:00:08.420,0.372761,0.148447,9.332734,0.349485,-0.489458,0.182034
2024-01-01 00:00:08.430,0.668437,-0.355952,7.867432,0.218722,-0.553434,0.694556
2024-01-01 00:00:08.440,0.617066,0.206269,9.119526,0.360253,-0.103017,0.345102
2024-01-01 00:00:08.450,0.671298,0.016827,8.003773,0.386657,-0.445964,0.32478
2024-01-01 00:00:08.460,0.616936,0.036733,7.654108,0.467641,-0.078585,0.170641
2024-01-01 00:00:08.470,1.033785,-0.305781,7.655847,0.452215,-0.560684,0.383094
2024-01-01 00:00:08.480,0.396207,-0.273916,8.435368,0.243743,-0.571375,0.328173
2024-01-01 00:00:08.490,0.396082,-0.560128,6.734411,0.500129,-0.422492,0.397446
2024-01-01 00:00:08.500,0.353781,-0.406692,6.593437,0.243752,0.064703,0.382648
2024-01-01 00:00:08.510,0.341155,-0.229849,6.707103,0.311058,0.241145,0.040529
2024-01-01 00:00:08.520,0.296453,-0.094618,7.044467,0.441567,-0.139928,0.065654
2024-01-01 00:00:08.530,0.631389,-0.598822,6.270976,0.179661,-0.006236,0.063615
2024-01-01 00:00:08.540,0.64546,-0.472249,7.109223,0.168536,-0.059413,0.056172
2024-01-01 00:00:08.550,0.213258,-0.449257,7.945904,0.352055,-0.103636,0.168765
2024-01-01 00:00:08.560,0.125419,-0.716003,7.368005,0.064526,0.418981,0.06494
2024-01-01 00:00:08.570,0.349261,-0.334335,7.313437,0.121971,0.39149,0.313501
2024-01-01 00:00:08.580,0.106404,-0.611001,7.338684,0.26267,0.408206,0.280821
2024-01-01 00:00:08.590,0.304269,-0.516651,8.216056,0.502998,0.201523,0.073388
2024-01-01 00:00:08.600,0.178252,-0.577051,7.654408,0.212223,0.787282,0.252894
2024-01-01 00:00:08.610,-0.206154,-0.651291,9.086567,0.157821,0.430649,0.189228
2024-01-01 00:00:08.620,0.365359,-0.499238,9.366319,0.137438,0.636519,-0.021796
2024-01-01 00:00:08.630,0.37363,-0.542977,8.858835,-0.182333,0.287541,-0.194899
2024-01-01 00:00:08.640,-0.149575,-0.573864,8.986759,0.000544,0.513475,-0.033054
2024-01-01 00:00:08.650,-0.145901,-0.642436,9.701291,-0.056629,0.588168,-0.092946
2024-01-01 00:00:08.660,-0.052204,-0.427717,9.967927,-0.024148,0.572319,-0.024923
2024-01-01 00:00:08.670,-0.08298,-0.153427,9.338027,-0.091432,0.509205,-0.053524
2024-01-01 00:00:08.680,-0.05794,-0.446389,9.672607,-0.073891,0.529115,-0.072719
2024-01-01 00:00:08.690,0.17352,-0.263091,9.502726,-0.227455,0.18694,-0.042849
2024-01-01 00:00:08.700,-0.30169,-0.726099,10.445885,-0.189176,0.368839,-0.232211
2024-01-01 00:00:08.710,-0.462467,-0.400101,10.698479,-0.448115,0.290304,-0.085034
2024-01-01 00:00:08.720,-0.613732,-0.632663,9.897778,-0.310985,0.242894,-0.18474
2024-01-01 00:00:08.730,-0.5175,-0.688137,10.375173,-0.028136,0.141739,-0.134716
2024-01-01 00:00:08.740,-0.409612,-0.518311,10.015109,-0.244854,-0.175394,-0.07217
2024-01-01 00:00:08.750,-0.073821,-0.107973,10.224076,-0.328315,-0.25938,-0.302745
2024-01-01 00:00:08.760,-0.563934,-0.13061,10.849324,-0.004006,-0.496281,-0.219967
2024-01-01 00:00:08.770,-0.441132,-0.244741,10.210313,-0.609368,-0.024227,-0.214308
2024-01-01 00:00:08.780,-0.512332,-0.571208,10.311372,-0.581487,-0.092804,-0.26353
2024-01-01 00:00:08.790,-0.292093,-0.273987,9.589954,-0.089041,-0.155728,-0.130755
2024-01-01 00:00:08.800,-0.042579,-0.143331,10.253403,-0.402701,-0.312257,-0.300358
2024-01-01 00:00:08.810,-0.669714,-0.136532,9.970782,-0.46632,-0.804338,-0.290349
2024-01-01 00:00:08.820,-0.674311,-0.507545,9.461963,-0.648174,-0.650057,-0.311168
2024-01-01 00:00:08.830,-0.377719,-0.283334,9.485901,-0.359328,-0.470565,-0.135191
2024-01-01 00:00:08.840,-0.457498,-0.084067,9.418909,-0.347405,-0.503269,-0.296693
2024-01-01 00:00:08.850,-0.229023,0.070366,8.728211,-0.645782,-0.584106,-0.203314
2024-01-01 00:00:08.860,-0.483208,-0.441583,8.182652,-0.475245,-0.48357,-0.052427
2024-01-01 00:00:08.870,-0.670614,-0.000235,9.411223,-0.509459,-0.543343,-0.256963
2024-01-01 00:00:08.880,-0.476525,0.095192,8.069901,-0.399916,-0.508755,-0.136567
2024-01-01 00:00:08.890,-0.365975,0.27058,8.076562,-0.642252,-0.620451,-0.077746
2024-01-01 00:00:08.900,-0.413871,0.272823,8.353763,-0.208125,-0.293935,-0.138101
2024-01-01 00:00:08.910,-0.464002,0.283718,9.283516,-0.259245,-0.504528,-0.237287
2024-01-01 00:00:08.920,-0.33691,0.039369,6.953637,-0.478055,-0.614646,-0.165058
2024-01-01 00:00:08.930,-0.298545,-0.151042,7.559422,-0.438258,-0.454889,-0.350573
2024-01-01 00:00:08.940,-0.235587,0.182047,6.910064,-0.40857,-0.313778,-0.291345
2024-01-01 00:00:08.950,-0.359445,0.489837,6.888043,-0.506986,-0.002286,-0.264295
2024-01-01 00:00:08.960,-0.497442,0.595672,6.740883,-0.427831,-0.115508,0.03072
2024-01-01 00:00:08.970,-0.407289,0.485047,6.526607,-0.376123,-0.06604,-0.263188
2024-01-01 00:00:08.980,-0.165857,0.453123,7.017046,-0.015053,-0.181305,-0.252397
2024-01-01 00:00:08.990,-0.539128,0.465745,6.40883,-0.111415,0.259999,-0.260951
2024-01-01 00:00:09.000,-0.268793,0.299293,7.568702,-0.088658,0.074154,-0.086739
2024-01-01 00:00:09.010,-0.386346,0.403243,7.269884,-0.164172,0.242739,-0.113937
2024-01-01 00:00:09.020,-0.265609,0.779756,7.567977,-0.404637,0.591437,-0.00439
2024-01-01 00:00:09.030,0.021949,0.271987,7.328566,-0.182774,0.474638,-0.030266
2024-01-01 00:00:09.040,-0.156788,0.795811,7.558236,0.028432,0.140718,-0.219292
2024-01-01 00:00:09.050,-0.146055,0.418546,8.059132,-0.342994,0.157754,-0.145454
2024-01-01 00:00:09.060,-0.386906,0.755827,7.629341,0.028379,0.49806,0.088644
2024-01-01 00:00:09.070,0.075273,0.214822,8.228426,0.362586,0.314985,-0.051154
2024-01-01 00:00:09.080,0.09643,0.616439,8.247461,0.166627,0.663478,0.105148
2024-01-01 00:00:09.090,0.44145,0.352592,8.482033,0.261125,0.557371,-0.011302
2024-01-01 00:00:09.100,-0.011332,0.215192,8.180856,0.076969,0.572062,-0.075839
2024-01-01 00:00:09.110,0.135238,0.53787,9.974742,0.242784,0.397256,0.00776
2024-01-01 00:00:09.120,0.182032,0.689615,9.294516,-0.030097,0.810084,-0.04174
2024-01-01 00:00:09.130,0.487762,0.309959,10.343627,0.272459,0.970986,0.015225
2024-01-01 00:00:09.140,0.192505,0.168082,10.498812,0.276463,0.36309,0.108244
2024-01-01 00:00:09.150,0.305651,0.436219,9.614228,0.239569,0.422809,0.155263
2024-01-01 00:00:09.160,0.408514,0.421632,9.852197,0.452082,0.315966,-0.039463
2024-01-01 00:00:09.170,0.359974,0.531215,11.614398,0.145008,0.18516,0.132702
2024-01-01 00:00:09.180,0.267541,0.591888,11.339121,0.23395,0.011176,0.090017
2024-01-01 00:00:09.190,0.428116,0.368583,10.593196,0.309157,-0.108373,0.097366
2024-01-01 00:00:09.200,0.634635,0.728247,10.745442,0.129602,-0.193173,0.18823
2024-01-01 00:00:09.210,0.24321,0.376966,10.333634,0.377232,0.008276,0.131835
2024-01-01 00:00:09.220,0.501568,0.23622,10.765841,0.046823,-0.232875,0.33612
2024-01-01 00:00:09.230,0.359141,-0.044882,10.169076,0.562826,-0.675433,0.326792
2024-01-01 00:00:09.240,0.759981,0.1955,9.466052,0.399123,-0.199238,0.335254
2024-01-01 00:00:09.250,0.235651,0.15017,9.645112,0.311456,-0.34884,0.175629
2024-01-01 00:00:09.260,0.44524,0.377885,10.081593,0.267581,-0.155665,0.135844
2024-01-01 00:00:09.270,0.646541,0.245809,9.371698,0.386099,-0.379417,0.246161
2024-01-01 00:00:09.280,0.895548,-0.115805,9.638923,0.560719,-0.752729,0.22765
2024-01-01 00:00:09.290,0.577855,0.120702,8.9581,0.541847,-0.918609,0.18537
2024-01-01 00:00:09.300,0.485704,0.186327,8.85046,0.320561,-0.667598,0.13107
2024-01-01 00:00:09.310,0.975862,0.323149,9.340155,0.297436,-0.661165,0.245694
2024-01-01 00:00:09.320,0.31005,0.160481,8.818898,0.567981,-0.378957,0.209448
2024-01-01 00:00:09.330,0.157048,0.100669,8.456822,0.317584,-0.539927,0.317505
2024-01-01 00:00:09.340,0.679117,-0.073718,8.617385,0.454119,-0.313594,0.312808
2024-01-01 00:00:09.350,0.482183,-0.041898,8.210414,0.459221,-0.725574,0.352827
2024-01-01 00:00:09.360,0.367044,0.097087,8.43334,0.484639,-0.273503,0.112108
2024-01-01 00:00:09.370,0.698929,-0.451893,7.383695,0.572432,-0.269082,0.272296
2024-01-01 00:00:09.380,0.589322,-0.286863,7.2292,0.178088,-0.706137,0.152488
2024-01-01 00:00:09.390,0.408467,-0.402091,6.695809,0.046954,-0.042234,0.09516
2024-01-01 00:00:09.400,0.243453,-0.201165,6.976603,0.272495,-0.195581,0.165271
2024-01-01 00:00:09.410,0.649849,-0.059046,7.523824,0.680793,-0.06988,0.304936
2024-01-01 00:00:09.420,0.57897,-0.451122,7.627927,0.700689,-0.221492,0.149822
2024-01-01 00:00:09.430,0.400522,-0.83484,7.46244,0.64488,0.239627,0.331694
2024-01-01 00:00:09.440,0.759104,-0.462571,6.244642,0.257596,-0.127671,0.217295
2024-01-01 00:00:09.450,0.143316,-0.218963,7.595111,-0.052781,0.309623,0.10948
2024-01-01 00:00:09.460,0.018077,-0.313743,6.368908,-0.179361,0.378567,0.250664
2024-01-01 00:00:09.470,0.149105,-0.353231,7.720128,0.105088,0.122112,0.164326
2024-01-01 00:00:09.480,0.241301,-0.510369,7.299109,0.15216,0.715396,0.011085
2024-01-01 00:00:09.490,0.26082,-0.723507,7.955453,0.393227,0.454149,0.274277
2024-01-01 00:00:09.500,0.124626,-0.375738,7.237143,0.28586,0.576385,0.097978
2024-01-01 00:00:09.510,0.203179,-0.654461,8.580163,0.140509,0.221257,0.0572
2024-01-01 00:00:09.520,-0.158279,-0.057264,7.625122,-0.09115,0.905313,-0.047208
2024-01-01 00:00:09.530,0.339603,-0.3841,8.225195,-0.134803,0.321679,0.139141
2024-01-01 00:00:09.540,-0.007003,-0.616068,8.324299,0.052814,0.734208,0.055656
2024-01-01 00:00:09.550,0.191419,-0.621564,8.232536,0.101439,0.367804,0.049574
2024-01-01 00:00:09.560,-0.004809,-0.514838,9.309359,0.015523,0.422141,-0.081317
2024-01-01 00:00:09.570,-0.022967,-0.538741,10.31608,-0.271966,0.652044,0.035778
2024-01-01 00:00:09.580,-0.040781,-0.25972,10.927112,0.001069,0.661801,0.026709
2024-01-01 00:00:09.590,-0.104871,-0.435742,9.977266,-0.069146,0.20568,-0.147883
2024-01-01 00:00:09.600,-0.104617,-0.607029,10.621527,-0.367591,0.580171,-0.23885
2024-01-01 00:00:09.610,-0.004967,-0.068091,10.38433,-0.344276,0.514029,-0.054695
2024-01-01 00:00:09.620,-0.267834,-0.419662,10.637574,-0.106424,0.092926,-0.285309
2024-01-01 00:00:09.630,-0.200211,-0.257048,10.362078,-0.29872,0.480342,-0.127303
2024-01-01 00:00:09.640,-0.393198,-0.51179,10.674611,0.004608,-0.142497,-0.201079
2024-01-01 00:00:09.650,-0.118674,-0.294987,10.865937,-0.21482,-0.067856,-0.047591
2024-01-01 00:00:09.660,-0.571479,-0.281096,10.36676,-0.414744,0.054837,-0.221035
2024-01-01 00:00:09.670,-0.103431,-0.695316,10.560885,-0.349551,-0.260412,-0.082447
2024-01-01 00:00:09.680,-0.496854,0.113117,10.504446,-0.355208,-0.132631,-0.255097
2024-01-01 00:00:09.690,-0.797846,-0.002975,10.805136,-0.514878,-0.206635,-0.113205
2024-01-01 00:00:09.700,-0.506493,-0.310462,9.82545,-0.563351,-0.348839,-0.01568
2024-01-01 00:00:09.710,-0.686205,-0.420291,10.125719,-0.286245,-0.224454,-0.335969
2024-01-01 00:00:09.720,-0.397118,-0.098185,10.827886,-0.271786,-0.467366,-0.206316
2024-01-01 00:00:09.730,-0.708323,-0.117416,10.288167,-0.324668,-0.428422,0.034129
2024-01-01 00:00:09.740,-0.676826,-0.030037,10.150491,-0.167935,-0.298599,-0.23817
2024-01-01 00:00:09.750,-0.97248,-0.028786,9.319757,-0.543448,-0.387865,-0.24156
2024-01-01 00:00:09.760,-0.689176,0.068536,9.209474,-0.147667,-0.403808,-0.170614
2024-01-01 00:00:09.770,-1.084772,0.291294,9.267807,-0.612163,-0.756838,-0.24589
2024-01-01 00:00:09.780,-0.915191,0.149991,9.270944,-0.631091,-0.449717,-0.42006
2024-01-01 00:00:09.790,-0.441883,-0.139198,7.447621,-0.762267,-0.686116,-0.134257
2024-01-01 00:00:09.800,-0.429523,0.377271,7.500532,-0.520255,-0.732368,-0.444746
2024-01-01 00:00:09.810,-0.491505,0.466406,8.462448,-0.523118,-0.47877,-0.281928
2024-01-01 00:00:09.820,-0.757151,0.801558,7.54758,-0.328148,-0.583892,-0.114156
2024-01-01 00:00:09.830,-0.557763,-0.021506,7.190991,-0.367265,-0.226025,-0.26408
2024-01-01 00:00:09.840,-0.530787,0.282844,6.775496,-0.612285,-0.161905,-0.290231
2024-01-01 00:00:09.850,-0.741052,-0.152196,6.96516,-0.452725,-0.58529,-0.124315
2024-01-01 00:00:09.860,-0.185579,0.403547,6.489732,-0.431557,-0.321572,-0.287719
2024-01-01 00:00:09.870,-0.285342,0.210571,8.0003,-0.665287,-0.361608,-0.314228
2024-01-01 00:00:09.880,-0.477361,0.730664,7.021523,-0.501446,-0.1066,-0.153035
2024-01-01 00:00:09.890,-0.398075,0.215162,7.012185,-0.441335,0.134569,-0.186397
2024-01-01 00:00:09.900,-0.330131,0.054591,7.343743,-0.020803,0.083985,-0.279287
2024-01-01 00:00:09.910,-0.746735,0.318642,7.586435,-0.21933,0.093963,-0.0773
2024-01-01 00:00:09.920,-0.352786,0.036291,7.685307,-0.108322,0.502855,-0.079947
2024-01-01 00:00:09.930,-0.403261,0.598042,7.879042,-0.469902,-0.082479,-0.147169
2024-01-01 00:00:09.940,-0.429426,0.049098,7.275663,0.043132,0.612258,-0.124592
2024-01-01 00:00:09.950,-0.246465,0.479892,7.613387,0.091514,0.341437,-0.03223
2024-01-01 00:00:09.960,0.209057,0.068457,8.302042,-0.472562,0.46675,0.056336
2024-01-01 00:00:09.970,0.018173,0.427467,7.943888,-0.209453,0.418106,-0.074111
2024-01-01 00:00:09.980,-0.183221,0.82536,8.416536,0.037499,0.813179,0.036725
2024-01-01 00:00:09.990,0.086871,0.571599,8.843747,0.095256,0.326089,0.045001
2024-01-01 00:00:10.000,0.293697,0.327169,9.26627,-0.111759,0.551528,0.093692
2024-01-01 00:00:10.010,0.240159,0.491636,8.360029,-0.013566,0.635618,0.026944
2024-01-01 00:00:10.020,0.1083,0.497111,9.722372,-0.035248,0.23164,-0.051077
2024-01-01 00:00:10.030,0.007668,0.581307,9.525415,0.122667,0.327022,0.010856
2024-01-01 00:00:10.040,0.316727,0.204356,10.163519,0.348304,0.427512,0.108069
2024-01-01 00:00:10.050,0.294959,0.584905,10.389974,0.023409,0.247494,0.271956
2024-01-01 00:00:10.060,0.433448,-0.088051,10.936004,0.370955,0.205425,0.057602
2024-01-01 00:00:10.070,0.418375,0.311123,10.967193,0.077805,0.227671,0.201871
2024-01-01 00:00:10.080,0.536791,0.321628,11.08062,0.092587,0.340437,0.103394
2024-01-01 00:00:10.090,0.25381,0.526128,11.209443,0.41799,0.090422,0.161404
2024-01-01 00:00:10.100,0.65659,0.382261,10.743018,0.460782,0.271923,0.315336
2024-01-01 00:00:10.110,0.463006,0.073088,10.644471,0.470868,-0.17758,0.252882
2024-01-01 00:00:10.120,0.866889,0.131976,11.006484,0.102034,-0.299158,0.064135
2024-01-01 00:00:10.130,0.340192,0.341913,10.892831,0.274651,0.198511,0.141931
2024-01-01 00:00:10.140,0.84913,0.258122,10.340903,0.524591,-0.338254,0.334763
2024-01-01 00:00:10.150,0.56303,0.12856,10.547243,0.400063,-0.523179,0.232291
2024-01-01 00:00:10.160,0.412173,0.1175,10.205065,0.213578,-0.662695,0.11114
2024-01-01 00:00:10.170,0.462096,0.321161,9.665822,0.501652,-0.210852,0.150969
2024-01-01 00:00:10.180,0.50855,0.04578,10.436742,0.3008,-0.513332,0.308941
2024-01-01 00:00:10.190,0.668464,0.098379,9.667231,0.760737,-0.536465,0.34262
2024-01-01 00:00:10.200,0.696419,0.516108,10.335157,0.721961,-0.548984,0.248391
2024-01-01 00:00:10.210,0.482506,-0.236885,8.441481,0.556672,-0.357595,0.496384
2024-01-01 00:00:10.220,0.594915,-0.357014,8.675569,0.694821,-0.581531,0.332326
2024-01-01 00:00:10.230,1.027914,0.135511,8.692138,0.461258,-0.126092,0.225427
2024-01-01 00:00:10.240,0.941779,-0.191395,8.943516,0.584981,-0.512289,0.166875
2024-01-01 00:00:10.250,0.677495,-0.153508,8.373304,0.708663,-0.32335,0.148441
2024-01-01 00:00:10.260,0.588972,-0.279856,8.107253,0.480218,-0.337812,0.27578
2024-01-01 00:00:10.270,0.59374,-0.208758,7.250733,0.381367,-0.448384,0.188511
2024-01-01 00:00:10.280,0.678078,0.130485,7.048304,0.109699,-0.498112,0.39878
2024-01-01 00:00:10.290,0.333802,-0.060317,7.549054,0.388807,-0.275846,0.370948
2024-01-01 00:00:10.300,0.4673,-0.078764,6.652303,0.537298,-0.180517,0.279463
2024-01-01 00:00:10.310,0.162994,-0.563719,6.918882,0.542747,-0.306937,0.089063
2024-01-01 00:00:10.320,0.552117,-0.53863,7.307631,0.44499,-0.101575,0.129558
2024-01-01 00:00:10.330,0.575018,-0.902666,6.597528,0.23675,0.165867,0.311225
2024-01-01 00:00:10.340,0.320118,-0.521578,7.753518,-0.043262,0.391888,0.117341
2024-01-01 00:00:10.350,0.700737,-0.191494,7.607755,0.200316,0.248662,0.273023
2024-01-01 00:00:10.360,0.108128,-0.300749,6.409566,0.210179,0.50394,0.194661
2024-01-01 00:00:10.370,0.026059,-0.467814,6.789567,0.182873,0.125905,0.138061
2024-01-01 00:00:10.380,0.327954,-0.44532,6.303904,0.323638,0.431513,0.04766
2024-01-01 00:00:10.390,0.455259,-0.59388,7.132295,0.541802,0.606264,0.093009
2024-01-01 00:00:10.400,0.544227,-0.428214,8.00698,0.177817,0.257173,0.105399
2024-01-01 00:00:10.410,0.076276,-0.326812,7.675791,0.087028,0.3763,0.173276
2024-01-01 00:00:10.420,0.343596,-0.811693,8.287819,0.049235,0.81287,-0.035298
2024-01-01 00:00:10.430,0.079355,-0.434779,7.628135,0.087682,0.351324,0.009992
2024-01-01 00:00:10.440,0.011312,-0.312052,8.914866,-0.114714,0.302177,0.023581
2024-01-01 00:00:10.450,0.181132,-0.583007,8.553804,0.024935,0.824978,0.068101
2024-01-01 00:00:10.460,0.093405,-0.358905,9.057409,0.053352,0.761221,-0.106288
2024-01-01 00:00:10.470,-0.39362,0.067211,9.254233,-0.021013,0.609028,-0.164299
2024-01-01 00:00:10.480,0.176059,-0.510894,8.959026,-0.00708,0.498321,0.017709
2024-01-01 00:00:10.490,0.116431,-0.403328,9.234146,-0.041616,0.393246,-0.21829
2024-01-01 00:00:10.500,-0.324275,-0.619262,10.392731,-0.468314,0.479549,0.045513
2024-01-01 00:00:10.510,-0.158626,-0.422808,10.319442,-0.063703,0.661596,-0.11467
2024-01-01 00:00:10.520,-0.176468,-0.352218,10.770083,-0.327239,0.361404,-0.269451
2024-01-01 00:00:10.530,-0.259312,-0.388395,10.573308,-0.430836,0.643667,-0.177812
2024-01-01 00:00:10.540,-0.456192,-0.612352,10.590717,-0.4584,0.022295,-0.106309
2024-01-01 00:00:10.550,-0.513486,-0.346238,9.816443,-0.206333,0.107181,-0.211254
2024-01-01 00:00:10.560,-0.415491,-0.072318,10.504601,-0.347848,-0.031742,-0.168989
2024-01-01 00:00:10.570,-0.205092,-0.250533,10.612771,-0.632483,-0.235907,-0.109175
2024-01-01 00:00:10.580,-0.358075,-0.12174,11.468551,-0.264049,-0.143353,-0.214717
2024-01-01 00:00:10.590,-0.565844,-0.333916,10.829752,-0.627921,-0.113683,-0.29859
2024-01-01 00:00:10.600,-0.359959,-0.107541,11.110543,-0.360556,-0.163842,-0.244189
2024-01-01 00:00:10.610,-1.104127,-0.171445,10.556562,-0.357884,0.068006,-0.08119
2024-01-01 00:00:10.620,-0.322231,-0.386172,9.808111,-0.254585,-0.297384,-0.061487
2024-01-01 00:00:10.630,-0.914856,-0.10004,9.996649,-0.104482,-0.225002,-0.438206
2024-01-01 00:00:10.640,-0.651621,-0.329055,9.844724,-0.679992,-0.462922,-0.132203
2024-01-01 00:00:10.650,-0.81252,-0.22364,9.092942,-0.450885,-0.206496,-0.220229
2024-01-01 00:00:10.660,-0.854162,-0.025082,9.10664,-0.49616,-0.100845,-0.155613
2024-01-01 00:00:10.670,-0.366857,0.030919,8.942487,-0.371192,-0.450823,-0.304642
2024-01-01 00:00:10.680,-0.693497,-0.231823,9.509165,-0.411147,-0.728519,-0.426808
2024-01-01 00:00:10.690,-0.528723,0.251345,7.602684,-0.511976,-0.641551,-0.190728
2024-01-01 00:00:10.700,-0.602618,0.18928,8.839571,-0.524288,-0.474582,-0.341278
2024-01-01 00:00:10.710,-0.490201,-0.032094,7.643507,-0.640168,-0.415696,-0.382833
2024-01-01 00:00:10.720,-0.559822,-0.165212,7.230344,-0.253574,-0.335181,-0.371501
2024-01-01 00:00:10.730,-0.818613,0.146097,8.180218,-0.338854,-0.332295,-0.174082
2024-01-01 00:00:10.740,-0.346905,0.117826,7.802603,-0.24442,-0.360181,-0.213621
2024-01-01 00:00:10.750,-0.626443,0.26059,7.887688,-0.45164,-0.415363,-0.141625
2024-01-01 00:00:10.760,-0.818021,0.195149,7.562141,-0.498259,-0.162307,-0.144219
2024-01-01 00:00:10.770,-0.568919,-0.105189,8.038508,-0.556569,0.170197,-0.243467
2024-01-01 00:00:10.780,-0.157426,0.245748,7.305561,-0.278578,0.093823,-0.197705
2024-01-01 00:00:10.790,-0.259629,0.287864,6.960178,-0.509418,0.082133,-0.230174
2024-01-01 00:00:10.800,-0.469446,0.499622,7.195718,0.032972,0.247127,-0.187581
2024-01-01 00:00:10.810,-0.4377,0.25537,7.645915,-0.511262,0.069754,-0.249996
2024-01-01 00:00:10.820,-0.398551,0.750978,6.813873,-0.201409,0.11719,-0.100211
2024-01-01 00:00:10.830,0.116348,0.051164,6.981273,0.057783,0.142226,-0.017072
2024-01-01 00:00:10.840,-0.185964,0.711903,7.275313,-0.088927,0.317141,-0.190974
2024-01-01 00:00:10.850,-0.138438,0.418835,6.63403,-0.136714,0.320111,0.034608
2024-01-01 00:00:10.860,0.020587,0.647429,7.833817,-0.31343,0.662381,-0.065927
2024-01-01 00:00:10.870,-0.097849,0.501014,7.133715,-0.357924,0.39966,-0.036562
2024-01-01 00:00:10.880,-0.156857,0.720188,8.233321,0.059823,0.371791,-0.213713
2024-01-01 00:00:10.890,-0.103258,0.419676,8.837642,0.223116,0.887153,-0.207388
2024-01-01 00:00:10.900,-0.036942,0.27992,8.479772,-0.095959,0.467189,0.004986
2024-01-01 00:00:10.910,0.011408,0.783854,9.697763,-0.190892,0.576549,0.086829
2024-01-01 00:00:10.920,0.205763,0.474778,8.532371,-0.397293,0.620151,-0.042039
2024-01-01 00:00:10.930,0.111723,0.537129,9.965335,-0.100538,0.314019,0.209232
2024-01-01 00:00:10.940,0.288474,0.732757,9.96131,0.086001,0.710822,0.132638
2024-01-01 00:00:10.950,0.165737,0.270083,9.097718,0.424252,0.563603,-0.015051
2024-01-01 00:00:10.960,0.236672,0.583963,11.282372,0.286873,0.681347,0.095145
2024-01-01 00:00:10.970,-0.140686,0.333056,10.202883,0.249131,0.222843,0.35559
2024-01-01 00:00:10.980,0.478992,0.408616,9.978998,0.149773,0.300622,-0.001037
2024-01-01 00:00:10.990,0.400383,0.431441,9.853502,0.143344,0.222142,0.190779
2024-01-01 00:00:11.000,0.564464,0.096885,10.468883,0.526663,0.190731,0.119751
2024-01-01 00:00:11.010,-0.182356,0.219208,10.558582,0.333805,-0.19316,0.236063
2024-01-01 00:00:11.020,0.844708,0.621446,10.676036,-0.058194,0.012749,0.304658
2024-01-01 00:00:11.030,0.427211,0.503046,10.475409,0.22011,-0.3397,0.151014
2024-01-01 00:00:11.040,0.702688,0.2863,10.839972,0.20631,-0.092587,0.312329
2024-01-01 00:00:11.050,0.296694,0.319045,10.29326,0.280179,-0.611397,0.432402
2024-01-01 00:00:11.060,0.648442,0.181872,9.478369,0.495739,-0.628321,0.225747
2024-01-01 00:00:11.070,0.333903,0.481187,10.1343,0.3891,-0.20886,0.3054
2024-01-01 00:00:11.080,0.43593,0.137947,8.962376,0.406677,-0.508993,0.174574
2024-01-01 00:00:11.090,0.956908,0.191683,9.990301,0.667001,-0.634903,0.241135
2024-01-01 00:00:11.100,0.54664,0.341123,9.174671,0.313219,-0.266136,0.225989
2024-01-01 00:00:11.110,0.636144,-0.07749,9.458129,0.780049,-0.464268,0.326634
2024-01-01 00:00:11.120,0.77172,0.355437,9.734623,0.327444,-0.384629,0.369512
2024-01-01 00:00:11.130,0.699036,-0.296927,8.469044,0.46598,-0.579554,0.238993
2024-01-01 00:00:11.140,0.62931,0.300536,9.124978,0.398803,-0.06483,0.40304
2024-01-01 00:00:11.150,0.668681,-0.134363,8.207305,0.468982,-0.643063,0.401209
2024-01-01 00:00:11.160,1.069989,-0.142519,8.95435,0.522006,-0.19713,0.33023
2024-01-01 00:00:11.170,0.568584,-0.505682,7.776863,0.513171,-0.489316,0.190109
2024-01-01 00:00:11.180,0.608357,-0.25173,7.355696,0.290542,-0.734083,0.175541
2024-01-01 00:00:11.190,0.763583,-0.401056,7.856835,0.212964,-0.299031,0.149367
2024-01-01 00:00:11.200,0.757227,-0.346024,7.189614,0.852663,-0.271592,0.318301
2024-01-01 00:00:11.210,0.753637,-0.282285,6.87278,0.300056,-0.453526,0.093919
2024-01-01 00:00:11.220,0.621619,-0.092375,6.932252,0.496263,-0.361281,0.273464
2024-01-01 00:00:11.230,0.240554,-0.270166,7.055177,0.062491,-0.126993,0.08737
2024-01-01 00:00:11.240,0.768882,-0.276415,7.640699,0.281316,0.015481,0.266603
2024-01-01 00:00:11.250,0.183854,-0.581704,6.16208,0.286946,-0.416213,0.173857
2024-01-01 00:00:11.260,0.442604,-0.561668,7.072823,0.371664,0.293504,0.292562
2024-01-01 00:00:11.270,0.198349,-0.046847,7.407403,-0.228138,0.088384,0.259647
2024-01-01 00:00:11.280,0.301836,-0.572764,7.309533,0.265903,0.007745,0.274617
2024-01-01 00:00:11.290,0.344372,-0.11158,7.938893,0.002011,0.482192,0.262173
2024-01-01 00:00:11.300,0.305516,-0.506416,7.471234,0.239316,0.367919,0.114882
2024-01-01 00:00:11.310,0.2871,-0.47014,7.602177,-0.034502,0.643345,-0.031414
2024-01-01 00:00:11.320,0.485962,-0.267071,8.154163,-0.031572,0.547429,-0.037244
2024-01-01 00:00:11.330,0.21365,-0.235012,8.152685,0.042954,0.503543,-0.157459
2024-01-01 00:00:11.340,0.033248,-0.517462,8.166472,-0.12786,0.501923,-0.074167
2024-01-01 00:00:11.350,0.23364,-0.57649,8.817896,-0.054979,0.631796,0.023892
2024-01-01 00:00:11.360,0.237266,-0.511184,8.540133,-0.215279,0.475563,-0.056227
2024-01-01 00:00:11.370,-0.287598,-0.431177,8.80681,-0.361528,0.391127,-0.035546
2024-01-01 00:00:11.380,0.036156,-0.316894,9.087503,0.120739,0.638569,0.014553
2024-01-01 00:00:11.390,0.016061,-0.488329,10.16779,-0.326419,0.476879,-0.082145
2024-01-01 00:00:11.400,-0.223942,-0.357081,8.329346,-0.155484,0.47343,-0.180695
2024-01-01 00:00:11.410,0.071242,-0.142571,10.158605,-0.017404,0.619054,-0.090281
2024-01-01 00:00:11.420,-0.272406,-0.381119,10.175825,-0.292486,0.349972,-0.190847
2024-01-01 00:00:11.430,-0.254617,-0.380004,9.558431,-0.358329,0.313608,-0.143634
2024-01-01 00:00:11.440,-0.350348,-0.728956,10.580275,-0.196077,0.137462,0.002722
2024-01-01 00:00:11.450,-0.34711,-0.932127,10.75031,-0.061441,0.252744,-0.172978
2024-01-01 00:00:11.460,-0.6023,-0.307174,10.864311,-0.49776,0.164648,0.017494
2024-01-01 00:00:11.470,-0.702044,-0.380843,9.434633,-0.337552,0.188344,-0.02935
2024-01-01 00:00:11.480,-0.124143,-0.440134,11.237491,-0.644132,-0.154012,-0.242532
2024-01-01 00:00:11.490,-0.63933,-0.262161,10.251073,-0.423229,-0.2072,-0.30692
2024-01-01 00:00:11.500,-0.692864,-0.295151,10.818983,-0.364782,-0.054849,-0.211333
2024-01-01 00:00:11.510,-0.947548,-0.028365,10.738413,-0.541485,-0.220908,-0.10003
2024-01-01 00:00:11.520,-0.664478,-0.206336,9.875253,-0.484773,-0.493214,-0.272638
2024-01-01 00:00:11.530,-0.818554,-0.341512,10.404325,-0.668933,-0.152403,-0.139998
2024-01-01 00:00:11.540,-0.240137,0.038254,9.746618,-0.412531,-0.743392,-0.116048
2024-01-01 00:00:11.550,-0.378464,-0.170093,8.780132,-0.245296,-0.338233,-0.319247
2024-01-01 00:00:11.560,-0.727171,0.012358,10.013056,-0.639642,-0.739724,-0.313247
2024-01-01 00:00:11.570,-0.145351,-0.15427,8.901569,-0.55896,-0.195351,-0.177
2024-01-01 00:00:11.580,-0.402935,-0.154311,8.62056,-0.359008,-0.82542,-0.234519
2024-01-01 00:00:11.590,-0.664841,0.027047,8.575103,-0.23173,-0.342136,-0.318554
2024-01-01 00:00:11.600,-1.097476,0.047289,8.631793,-0.71697,-0.555894,-0.284216
2024-01-01 00:00:11.610,-0.134271,0.174984,8.242441,-0.474726,-0.588515,-0.25391
2024-01-01 00:00:11.620,-0.862408,0.059208,8.284494,-0.387407,-0.460507,-0.400025
2024-01-01 00:00:11.630,-0.902815,-0.220955,7.219866,-0.448671,-0.34206,-0.162492
2024-01-01 00:00:11.640,-0.35572,0.092442,7.292566,-0.865998,-0.571817,-0.2813
2024-01-01 00:00:11.650,-0.056107,0.369585,7.401416,-0.317847,-0.501281,-0.505062
2024-01-01 00:00:11.660,-0.248426,0.182163,8.160914,-0.12048,-0.176159,-0.221254
2024-01-01 00:00:11.670,-0.391212,0.222024,7.137975,-0.356996,-0.533463,-0.284155
2024-01-01 00:00:11.680,-0.361348,0.496943,7.59119,-0.545823,-0.260039,-0.031242
2024-01-01 00:00:11.690,-0.283626,0.184207,7.06681,-0.433095,0.466666,-0.24784
2024-01-01 00:00:11.700,-0.274363,0.043415,6.812425,-0.001027,-0.17914,-0.287326
2024-01-01 00:00:11.710,-0.339714,0.343542,6.934016,-0.133171,0.277561,-0.114187
2024-01-01 00:00:11.720,-0.343023,0.30073,7.018299,-0.157693,0.039984,-0.217654
2024-01-01 00:00:11.730,-0.342555,0.224313,7.447913,-0.183373,0.308806,-0.215461
2024-01-01 00:00:11.740,-0.445425,0.400489,7.9086,-0.339978,0.402538,-0.071813
2024-01-01 00:00:11.750,-0.313955,0.549787,7.595033,-0.229468,0.550107,-0.211472
2024-01-01 00:00:11.760,-0.558367,0.463392,8.137178,-0.178858,0.366367,-0.237301
2024-01-01 00:00:11.770,-0.200349,0.538187,7.362077,-0.036588,0.808248,0.097316
2024-01-01 00:00:11.780,-0.338442,0.848735,7.822623,0.166062,0.383409,-0.000685
2024-01-01 00:00:11.790,-0.320812,0.424418,7.911914,0.12623,0.561546,-0.068127
2024-01-01 00:00:11.800,-0.023007,0.553248,8.619297,-0.299729,0.583518,-0.024925
2024-01-01 00:00:11.810,0.260804,0.397942,8.562937,0.027122,0.3471,0.043255
2024-01-01 00:00:11.820,0.207541,0.330332,9.301551,0.150526,0.496801,0.107283
2024-01-01 00:00:11.830,-0.248862,0.380054,8.800155,0.160323,0.566068,-0.048415
2024-01-01 00:00:11.840,-0.09164,0.396341,9.476994,-0.033548,0.437701,0.0809
2024-01-01 00:00:11.850,0.33498,0.556693,9.993259,0.634659,0.923495,0.010507
2024-01-01 00:00:11.860,-0.009832,0.945002,8.965024,-0.089876,0.29258,0.058879
2024-01-01 00:00:11.870,0.180685,0.320097,11.039062,-0.025765,0.606766,0.110074
2024-01-01 00:00:11.880,0.373491,0.365886,10.122882,0.239658,0.49204,0.109116
2024-01-01 00:00:11.890,0.106422,0.420344,9.477892,0.606093,0.272338,0.198594
2024-01-01 00:00:11.900,0.356342,0.493818,10.569397,0.100935,0.050806,0.188403
2024-01-01 00:00:11.910,0.102036,0.447077,10.590553,0.228782,-0.003975,0.002867
2024-01-01 00:00:11.920,0.280379,0.62901,10.582578,0.494402,-0.033719,0.031156
2024-01-01 00:00:11.930,0.494506,-0.137042,11.075234,0.319697,-0.337851,0.142424
2024-01-01 00:00:11.940,0.139791,-0.154768,10.940969,0.283564,-0.272661,0.373858
2024-01-01 00:00:11.950,0.572135,0.196283,10.680206,0.464844,-0.432745,0.116524
2024-01-01 00:00:11.960,0.503449,0.486347,10.657514,0.429586,0.005663,0.190585
2024-01-01 00:00:11.970,0.638787,-0.07609,10.285745,0.581696,-0.19145,0.166486
2024-01-01 00:00:11.980,0.59146,-0.395466,10.980753,0.642473,-0.221697,0.172378
2024-01-01 00:00:11.990,0.835282,0.288332,9.339415,0.477101,-0.310649,0.25218
2024-01-01 00:00:12.000,0.600588,0.190032,9.868735,0.484169,-0.432096,0.379887
2024-01-01 00:00:12.010,0.5,-0.110213,9.617362,0.477951,-0.235918,0.289714
2024-01-01 00:00:12.020,0.61788,-0.123265,9.721814,0.533109,-0.635945,0.166905
2024-01-01 00:00:12.030,0.706784,-0.154445,8.733803,0.458524,-0.523933,0.524541
2024-01-01 00:00:12.040,0.609742,0.027083,8.081171,0.449868,-0.41542,0.257845
2024-01-01 00:00:12.050,0.607068,-0.154839,8.687997,0.664605,-0.783969,0.19184
2024-01-01 00:00:12.060,0.454668,0.034826,8.49964,0.719201,0.025401,0.389154
2024-01-01 00:00:12.070,0.45576,-0.669016,8.807789,0.169896,-0.502522,0.198235
2024-01-01 00:00:12.080,0.298282,-0.303097,7.34341,0.435906,-0.448093,0.407459
2024-01-01 00:00:12.090,0.916416,-0.389944,8.229754,0.30091,-0.204359,0.148978
2024-01-01 00:00:12.100,0.302718,-0.248221,8.591925,0.357643,-0.21463,0.372791
2024-01-01 00:00:12.110,0.395265,-0.335841,7.197924,0.472837,-0.313952,0.24254
2024-01-01 00:00:12.120,0.369969,-0.09885,6.656234,0.505736,-0.232743,0.343126
2024-01-01 00:00:12.130,0.669985,-0.659239,6.953666,0.348067,-0.457383,0.39476
2024-01-01 00:00:12.140,0.407014,-0.305854,7.075077,0.005102,-0.213707,0.080908
2024-01-01 00:00:12.150,0.68833,-0.22936,7.28807,0.155378,0.054815,0.310403
2024-01-01 00:00:12.160,0.274764,0.005857,6.768108,0.468466,0.117609,0.029719
2024-01-01 00:00:12.170,0.433985,-0.484525,7.768225,-0.209637,0.33279,0.052859
2024-01-01 00:00:12.180,0.178034,-0.344124,6.634626,0.472564,0.164404,0.063452
2024-01-01 00:00:12.190,0.739401,-0.788679,6.453638,0.3266,0.005945,0.179685
2024-01-01 00:00:12.200,0.036637,-0.923143,7.864838,0.442529,0.51055,0.117534
2024-01-01 00:00:12.210,0.298596,-0.290517,6.50171,0.141732,0.637401,0.081883
2024-01-01 00:00:12.220,0.324732,-0.473109,7.616808,-0.22257,0.591922,0.097114
2024-01-01 00:00:12.230,0.241135,-0.246564,9.316406,0.196247,0.443904,0.125119
2024-01-01 00:00:12.240,0.08096,-0.764913,8.13031,0.31795,0.695432,0.115999
2024-01-01 00:00:12.250,0.051131,-0.391875,7.866918,0.224271,1.149043,0.14154
2024-01-01 00:00:12.260,0.044567,-0.125345,8.589725,-0.092431,0.56681,0.196922
2024-01-01 00:00:12.270,-0.035057,-0.416037,8.841078,0.011374,0.31379,-0.004493
2024-01-01 00:00:12.280,0.145685,-0.443141,9.183968,-0.131229,0.437693,-0.07173
2024-01-01 00:00:12.290,0.353804,-0.492845,9.652053,-0.213693,0.638762,0.024562
2024-01-01 00:00:12.300,-0.240586,-0.802467,9.11879,0.075154,0.210218,-0.168212
2024-01-01 00:00:12.310,-0.443219,-0.208578,10.563703,-0.3425,0.492955,-0.138395
2024-01-01 00:00:12.320,-0.226277,-0.590974,10.113925,-0.317353,0.485475,0.013013
2024-01-01 00:00:12.330,0.268956,-0.354776,10.507594,-0.383964,0.639927,-0.115324
2024-01-01 00:00:12.340,-0.444906,-0.752972,10.049,-0.481373,0.539089,-0.239224
2024-01-01 00:00:12.350,0.007825,-0.658845,11.033004,-0.213644,0.39274,-0.282313
2024-01-01 00:00:12.360,-0.018756,-0.116504,10.429919,-0.056652,-0.222834,-0.142752
2024-01-01 00:00:12.370,-0.497619,-0.451621,10.729201,-0.323454,0.258395,-0.047019
2024-01-01 00:00:12.380,-0.303862,-0.068319,10.209243,-0.584278,0.143986,-0.06117
2024-01-01 00:00:12.390,-0.12074,-0.349718,10.171015,-0.183624,-0.012872,-0.17492
2024-01-01 00:00:12.400,-0.548873,-0.675953,10.885656,-0.051359,-0.445193,0.003788
2024-01-01 00:00:12.410,-0.538131,-0.101193,10.299339,-0.489385,-0.345829,-0.217738
2024-01-01 00:00:12.420,-0.635742,-0.368281,10.005881,-0.475694,-0.484363,-0.230276
2024-01-01 00:00:12.430,-0.741866,-0.080065,9.962026,-0.311367,-0.700124,-0.481291
2024-01-01 00:00:12.440,-0.685704,-0.18321,10.400208,-0.124949,-0.394593,-0.27634
2024-01-01 00:00:12.450,-0.814915,-0.464427,9.612863,-0.521165,-0.5868,-0.152351
2024-01-01 00:00:12.460,-0.574864,-0.08975,9.632888,-0.676102,-0.0113,-0.085971
2024-01-01 00:00:12.470,-0.74445,0.350415,9.466159,-0.329186,-0.54566,-0.329047
2024-01-01 00:00:12.480,-0.549651,0.043972,8.358139,-0.303474,-0.303995,-0.202278
2024-01-01 00:00:12.490,-0.910691,-0.031663,8.313026,-0.44853,-0.83065,-0.145109
2024-01-01 00:00:12.500,-0.533575,0.22947,8.877675,-0.550277,-0.644504,-0.248775
2024-01-01 00:00:12.510,-0.430419,0.091028,8.147983,-0.268855,-0.522039,-0.47713
2024-01-01 00:00:12.520,-0.990392,0.125061,8.715157,-0.348687,-0.683044,-0.221789
2024-01-01 00:00:12.530,-0.508526,-0.10131,8.445949,-0.575822,-0.565749,-0.166914
2024-01-01 00:00:12.540,-0.326709,0.197088,8.121403,-0.420345,-0.489811,-0.333177
2024-01-01 00:00:12.550,-0.800343,0.389991,8.423271,-0.662118,-0.444909,-0.258088
2024-01-01 00:00:12.560,-0.207404,0.047401,7.396976,-0.282978,-0.01342,-0.341349
2024-01-01 00:00:12.570,-0.439028,0.530197,7.582999,-0.439326,-0.217166,-0.474861
2024-01-01 00:00:12.580,-0.64225,0.25647,6.914037,-0.454364,-0.131395,-0.106153
2024-01-01 00:00:12.590,-0.488422,0.125457,8.198154,-0.363869,-0.048873,-0.199237
2024-01-01 00:00:12.600,-0.339344,0.52929,7.937922,-0.331001,0.038745,-0.028153
2024-01-01 00:00:12.610,-0.407393,0.297581,7.035402,-0.155858,-0.010599,-0.090349
2024-01-01 00:00:12.620,-0.284409,0.530323,7.223149,-0.187724,0.022353,-0.198821
2024-01-01 00:00:12.630,-0.543987,0.34174,7.713994,-0.298043,0.184351,-0.158257
2024-01-01 00:00:12.640,-0.291953,0.407888,7.122204,-0.106909,0.433841,-0.079143
2024-01-01 00:00:12.650,-0.572984,0.536319,7.01038,-0.145548,0.495323,-0.024245
2024-01-01 00:00:12.660,-0.275515,0.51145,7.845696,-0.266741,0.310727,-0.073262
2024-01-01 00:00:12.670,-0.395871,0.067662,7.660536,-0.183766,0.546852,0.020939
2024-01-01 00:00:12.680,-0.322986,0.253787,7.903422,-0.15859,0.420454,-0.10295
2024-01-01 00:00:12.690,0.111387,0.672901,7.660749,-0.010926,0.499721,-0.156311
2024-01-01 00:00:12.700,0.123129,0.467248,7.49347,-0.137414,0.437112,-0.04612
2024-01-01 00:00:12.710,0.067847,0.393226,8.613696,-0.110759,0.5084,-0.001973
2024-01-01 00:00:12.720,-0.231032,0.228175,9.161832,0.344949,0.790957,-0.125391
2024-01-01 00:00:12.730,-0.034381,0.283472,8.901592,0.190828,0.564084,-0.12163
2024-01-01 00:00:12.740,0.312853,0.092203,9.894899,-0.084233,0.559278,0.074003
2024-01-01 00:00:12.750,0.139574,0.471077,9.169054,0.186192,0.251697,0.00571
2024-01-01 00:00:12.760,0.615562,0.364068,9.235991,0.135075,0.424022,0.046623
2024-01-01 00:00:12.770,0.270101,0.280549,9.888335,0.214057,0.394583,0.043796
2024-01-01 00:00:12.780,0.268673,0.448089,10.068622,0.197419,0.238745,0.248003
2024-01-01 00:00:12.790,0.206166,0.520149,10.61512,0.415127,0.334456,0.237838
2024-01-01 00:00:12.800,0.331142,0.849498,10.055282,0.290537,0.189558,0.003112
2024-01-01 00:00:12.810,0.308931,0.109926,11.124992,0.243393,0.212371,0.088148
2024-01-01 00:00:12.820,0.514415,0.623654,11.467738,0.46719,0.147224,0.240331
2024-01-01 00:00:12.830,0.595722,0.564,10.604829,0.345277,-0.121693,0.228686
2024-01-01 00:00:12.840,0.276839,0.189399,11.190414,0.347394,-0.097396,0.176703
2024-01-01 00:00:12.850,0.195372,0.360053,10.123897,0.402738,-0.087185,0.078581
2024-01-01 00:00:12.860,0.119753,0.200541,11.020671,0.348396,0.038509,0.13466
2024-01-01 00:00:12.870,0.611641,0.300472,10.913013,0.384193,-0.198674,0.160841
2024-01-01 00:00:12.880,0.309981,0.535168,10.704435,0.292386,-0.429575,0.248805
2024-01-01 00:00:12.890,0.118152,0.323357,10.154669,0.276338,-0.298223,0.39901
2024-01-01 00:00:12.900,0.641901,0.271884,8.652623,0.243396,-0.115239,0.166389
2024-01-01 00:00:12.910,1.075543,0.051214,9.491628,0.182151,-0.302076,0.13779
2024-01-01 00:00:12.920,0.585731,-0.193078,9.278971,0.28186,-0.404098,0.233702
2024-01-01 00:00:12.930,0.761841,0.028002,8.886698,0.414239,-0.398021,0.350733
2024-01-01 00:00:12.940,0.614867,0.276647,9.138716,0.467437,-0.285318,0.104687
2024-01-01 00:00:12.950,0.580221,-0.304648,8.647123,0.401166,-0.356384,0.395363
2024-01-01 00:00:12.960,0.782446,-0.244776,8.216424,0.024947,-0.442969,0.232226
2024-01-01 00:00:12.970,0.536347,-0.042886,7.867511,0.729227,-0.337215,0.174236
2024-01-01 00:00:12.980,0.640812,-0.299127,7.78774,0.636066,-0.698743,0.084703
2024-01-01 00:00:12.990,0.641798,-0.294269,8.393896,0.51333,-0.739307,0.31126
2024-01-01 00:00:13.000,0.431206,-0.253403,7.389219,0.766966,-0.396524,0.218226
2024-01-01 00:00:13.010,0.747899,-0.473921,7.274243,0.236192,-0.360232,0.246025
2024-01-01 00:00:13.020,0.49654,-0.426776,7.145013,0.738421,-0.411178,0.13139
2024-01-01 00:00:13.030,0.359884,-0.121311,7.375877,0.209536,-0.09932,0.181021
2024-01-01 00:00:13.040,0.595395,-0.552265,7.332118,0.409042,-0.513255,0.154714
2024-01-01 00:00:13.050,0.283127,-0.63777,5.692698,0.117825,-0.200767,0.182783
2024-01-01 00:00:13.060,0.440973,-0.470084,7.492254,0.329147,-0.116374,0.114435
2024-01-01 00:00:13.070,0.403948,-0.221928,7.682922,0.373839,-0.247635,0.015654
2024-01-01 00:00:13.080,0.591448,-0.430183,6.602247,0.252858,0.391037,0.428796
2024-01-01 00:00:13.090,0.435918,-0.504328,6.709077,0.384232,-0.049914,0.005734
2024-01-01 00:00:13.100,0.301052,-0.421187,7.047913,0.247366,0.157881,0.14567
2024-01-01 00:00:13.110,0.433228,-0.795792,7.044393,0.108221,0.491223,-0.064838
2024-01-01 00:00:13.120,0.510045,-0.362168,7.647023,0.071976,0.501821,-0.103037
2024-01-01 00:00:13.130,0.304785,-0.396676,6.856486,0.290882,0.236449,0.090292
2024-01-01 00:00:13.140,0.15559,-0.565218,7.436475,-0.002534,0.600834,0.081403
2024-01-01 00:00:13.150,-0.149284,-0.289854,8.856299,0.249585,0.563087,0.173268
2024-01-01 00:00:13.160,-0.140917,-0.721875,7.9828,0.274168,0.95406,0.069999
2024-01-01 00:00:13.170,-0.030261,-0.27376,9.20508,-0.27728,0.619814,-0.002154
2024-01-01 00:00:13.180,-0.132587,-0.469022,9.053998,0.195913,0.524228,-0.099412
2024-01-01 00:00:13.190,-0.089496,-0.565422,8.327261,0.331799,0.387535,0.128192
2024-01-01 00:00:13.200,-0.081941,-0.497896,9.66872,-0.024592,0.389455,0.054022
2024-01-01 00:00:13.210,-0.028055,-0.508825,9.560709,0.00734,0.346501,-0.180464
2024-01-01 00:00:13.220,-0.188177,-0.234437,9.624576,0.056103,0.704206,-0.068736
2024-01-01 00:00:13.230,-0.116028,-0.682665,10.136563,-0.209583,0.41418,-0.074481
2024-01-01 00:00:13.240,-0.238665,-0.606436,10.413876,-0.155859,0.458382,-0.139382
2024-01-01 00:00:13.250,-0.683683,-0.231105,10.666507,-0.452998,0.568086,-0.043061
2024-01-01 00:00:13.260,-0.512107,-0.539811,10.997124,-0.218226,-0.195759,-0.051927
2024-01-01 00:00:13.270,-0.387159,-0.220926,10.738142,-0.179096,0.387837,-0.168358
2024-01-01 00:00:13.280,-0.63267,-0.039558,9.990097,-0.200139,0.093477,-0.190892
2024-01-01 00:00:13.290,-0.301268,-0.436403,10.41668,-0.124164,0.086086,-0.025626
2024-01-01 00:00:13.300,-0.143613,-0.19467,11.940521,-0.476787,-0.217211,-0.094117
2024-01-01 00:00:13.310,-0.232371,-0.534998,10.894402,-0.452962,-0.278597,-0.191149
2024-01-01 00:00:13.320,-0.542898,-0.125176,11.553607,-0.033965,-0.126536,-0.371341
2024-01-01 00:00:13.330,-0.223759,-0.206781,11.00278,-0.418487,0.146942,-0.18306
2024-01-01 00:00:13.340,-0.511373,-0.121424,10.341562,-0.369824,-0.164058,-0.155653
2024-01-01 00:00:13.350,-0.62514,-0.313479,10.199521,-0.430354,-0.172649,-0.507836
2024-01-01 00:00:13.360,-0.694354,-0.484033,9.85501,-0.576658,-0.483148,-0.21301
2024-01-01 00:00:13.370,-0.643387,-0.017892,8.87716,-0.144935,-0.596206,-0.284541
2024-01-01 00:00:13.380,-0.668963,-0.497383,9.439166,-0.538482,-0.658977,-0.268472
2024-01-01 00:00:13.390,-0.562854,-0.113928,9.736247,-0.650614,-0.626687,-0.339462
2024-01-01 00:00:13.400,-0.567579,0.172264,8.675104,-0.530904,-0.918378,-0.264691
2024-01-01 00:00:13.410,-0.598976,0.056969,8.881626,-0.809996,-0.678965,-0.110628
2024-01-01 00:00:13.420,-0.509224,0.442731,8.833321,-0.56469,-0.638475,-0.293228
2024-01-01 00:00:13.430,-0.352658,0.292304,7.801859,-0.617354,-0.548044,-0.149604
2024-01-01 00:00:13.440,-0.392229,-0.009695,7.781051,-0.325468,-0.461774,-0.323192
2024-01-01 00:00:13.450,-0.867691,0.159772,7.315147,-0.549248,-0.379989,-0.161921
2024-01-01 00:00:13.460,-1.06734,0.177322,7.212477,-0.257612,-0.399159,-0.231733
2024-01-01 00:00:13.470,-0.352877,-0.098045,6.836088,-0.153079,-0.444805,-0.18969
2024-01-01 00:00:13.480,-0.793723,0.060861,6.870371,-0.249649,-0.63073,-0.216096
2024-01-01 00:00:13.490,-0.54342,0.16615,7.804063,-0.41262,-0.312767,-0.143532
2024-01-01 00:00:13.500,-0.708227,-0.100911,6.674858,-0.330253,-0.312144,-0.454344
2024-01-01 00:00:13.510,-0.808073,0.3424,7.098521,-0.610255,0.021514,-0.328515
2024-01-01 00:00:13.520,-0.310717,0.308064,6.804254,-0.338338,0.17721,-0.132879
2024-01-01 00:00:13.530,-0.23651,0.046567,7.584318,-0.446135,0.258139,-0.366163
2024-01-01 00:00:13.540,-0.471118,0.483434,7.701041,-0.141883,0.299402,-0.201315
2024-01-01 00:00:13.550,-0.8398,0.565288,7.589854,0.221902,0.209956,-0.139431
2024-01-01 00:00:13.560,-0.395079,0.485026,7.459885,-0.124405,0.206412,-0.20191
2024-01-01 00:00:13.570,-0.170342,0.39021,7.368034,-0.544933,0.226525,-0.172782
2024-01-01 00:00:13.580,-0.50617,0.586542,7.111478,-0.222812,0.143402,-0.060503
2024-01-01 00:00:13.590,-0.134395,0.615291,8.720788,-0.106252,0.639116,0.029652
2024-01-01 00:00:13.600,-0.133991,0.549431,7.721506,-0.082472,0.466173,-0.150399
2024-01-01 00:00:13.610,0.025693,0.3294,8.593793,-0.19917,0.300818,-0.095075
2024-01-01 00:00:13.620,-0.025055,0.553652,9.013961,0.007425,0.393904,-0.093531
2024-01-01 00:00:13.630,-0.202156,0.739057,8.534875,-0.229307,0.393771,-0.245281
2024-01-01 00:00:13.640,0.273237,0.379874,9.500315,-0.144642,0.554228,0.028306
2024-01-01 00:00:13.650,0.043519,0.915643,9.621684,0.172662,0.724853,0.124815
2024-01-01 00:00:13.660,0.110707,0.385413,10.291402,-0.095693,0.446127,0.150068
2024-01-01 00:00:13.670,-0.030098,0.489161,9.52559,0.214295,0.069653,-0.021845
2024-01-01 00:00:13.680,0.107539,0.338016,9.363823,-0.099357,0.398331,-0.043422
2024-01-01 00:00:13.690,0.057938,0.504744,9.899421,0.493842,0.353288,0.100035
2024-01-01 00:00:13.700,0.237889,0.097023,10.380547,0.06499,0.282656,0.19646
2024-01-01 00:00:13.710,0.651098,0.319509,10.444625,0.191307,0.145769,0.144134
2024-01-01 00:00:13.720,0.069179,0.191494,10.342926,0.31718,0.228483,0.17208
2024-01-01 00:00:13.730,0.054008,0.416228,9.730116,0.180777,0.128266,0.27115
2024-01-01 00:00:13.740,0.702316,0.565432,10.836671,0.331874,0.036687,0.09612
2024-01-01 00:00:13.750,0.395628,0.471376,11.513941,0.431684,0.039442,0.160292
2024-01-01 00:00:13.760,0.330999,-0.158161,10.802439,0.521521,-0.187529,0.357133
2024-01-01 00:00:13.770,0.697895,0.69707,10.801112,0.509905,-0.270966,0.18445
2024-01-01 00:00:13.780,0.39155,0.318819,10.685681,0.353579,-0.00468,0.08688
2024-01-01 00:00:13.790,0.898184,0.074328,10.477323,0.373343,-0.217308,0.15514
2024-01-01 00:00:13.800,0.68633,0.229822,10.560438,0.835898,-0.227961,0.135659
2024-01-01 00:00:13.810,0.468294,0.201454,10.136611,0.595387,-0.207739,0.271498
2024-01-01 00:00:13.820,1.009765,-0.000128,9.613947,0.267799,-0.377215,0.151365
2024-01-01 00:00:13.830,0.466825,0.139215,9.174764,0.458974,-0.339214,0.27209
2024-01-01 00:00:13.840,0.743241,-0.05595,9.185809,0.385791,-0.815379,0.174236
2024-01-01 00:00:13.850,0.658693,-0.049728,9.195162,0.424766,-0.508984,0.037177
2024-01-01 00:00:13.860,0.860334,-0.14066,8.663251,0.22868,-0.582838,0.280656
2024-01-01 00:00:13.870,0.910573,-0.324471,8.699093,0.374557,-0.241684,0.264126
2024-01-01 00:00:13.880,0.600097,-0.043121,8.51261,0.771352,-0.360031,0.299149
2024-01-01 00:00:13.890,0.435602,0.010766,8.457106,0.543948,-0.613767,0.176987
2024-01-01 00:00:13.900,0.668067,-0.036816,8.440892,-0.016355,-0.396913,0.162076
2024-01-01 00:00:13.910,0.427565,-0.008637,7.698644,0.641341,-0.388704,0.274775
2024-01-01 00:00:13.920,0.950129,-0.13976,6.897215,0.606722,-0.283982,0.380007
2024-01-01 00:00:13.930,0.556488,-0.3422,7.178254,0.332214,-0.489045,0.221609
2024-01-01 00:00:13.940,0.435316,-0.097624,7.229783,0.510393,-0.174908,0.254284
2024-01-01 00:00:13.950,0.522088,-0.565693,6.291188,0.209172,-0.210259,0.169988
2024-01-01 00:00:13.960,0.190179,-0.50155,7.682209,0.260057,-0.044602,0.037139
2024-01-01 00:00:13.970,0.237538,-0.539947,7.095245,0.593634,-0.150262,0.276685
2024-01-01 00:00:13.980,0.642137,-0.155129,7.210989,0.252629,-0.049234,0.258364
2024-01-01 00:00:13.990,0.238947,-0.204841,7.696255,-0.058807,0.342248,0.22538
2024-01-01 00:00:14.000,0.127447,-0.316318,6.873965,0.241227,0.014057,0.122151
2024-01-01 00:00:14.010,0.409053,-0.217795,7.523536,0.212146,0.095838,0.185423
2024-01-01 00:00:14.020,0.502314,-0.624375,7.353339,0.414587,0.325858,0.199865
2024-01-01 00:00:14.030,0.371149,-0.392994,7.484744,0.173099,0.253113,0.256748
2024-01-01 00:00:14.040,0.387666,-0.499731,7.409001,0.065457,0.282175,0.177376
2024-01-01 00:00:14.050,-0.002705,-0.315035,8.715407,0.2996,0.501392,0.068321
2024-01-01 00:00:14.060,-0.176221,-0.514857,8.022804,0.102848,0.243355,-0.085767
2024-01-01 00:00:14.070,0.367378,-0.573851,8.744615,-0.08467,0.354805,0.043529
2024-01-01 00:00:14.080,-0.038774,-0.391357,7.831819,0.227221,0.917709,0.036392
2024-01-01 00:00:14.090,-0.065878,-0.324595,9.455231,0.023076,0.631951,0.064357
2024-01-01 00:00:14.100,0.208529,-0.631399,9.644596,-0.042305,0.405653,0.111594
2024-01-01 00:00:14.110,0.013011,-0.505468,9.4553,-0.041652,0.595792,-0.050446
2024-01-01 00:00:14.120,-0.047713,-0.698107,9.538584,-0.296888,0.593176,0.152228
2024-01-01 00:00:14.130,0.254118,-0.976874,10.034485,-0.22914,0.63122,-0.250463
2024-01-01 00:00:14.140,-0.346724,-0.425731,11.078661,-0.16287,0.381873,-0.048907
2024-01-01 00:00:14.150,-0.070548,-0.330378,9.426204,-0.227126,0.52534,-0.186567
2024-01-01 00:00:14.160,-0.281585,-0.383921,10.715999,0.009296,-0.079215,-0.3128
2024-01-01 00:00:14.170,-0.274741,-0.808337,10.069,-0.207212,0.030214,-0.157036
2024-01-01 00:00:14.180,-0.056668,-0.468686,10.553922,-0.117889,0.178283,-0.296702
2024-01-01 00:00:14.190,-0.292966,-0.820373,10.501917,-0.294209,0.133717,-0.180532
2024-01-01 00:00:14.200,-0.31716,-0.07915,10.437251,-0.128483,-0.165561,-0.173531
2024-01-01 00:00:14.210,-0.238574,-0.545001,10.607454,-0.268252,-0.030541,-0.076927
2024-01-01 00:00:14.220,-0.552157,-0.049843,10.049934,-0.356959,-0.263849,-0.350411
2024-01-01 00:00:14.230,-0.67081,-0.083446,10.938559,-0.379617,-0.272838,-0.118726
2024-01-01 00:00:14.240,-0.733329,-0.423131,9.55177,-0.565074,-0.105698,-0.208678
2024-01-01 00:00:14.250,-0.936531,-0.438802,10.456543,-0.3162,-0.188181,-0.123473
2024-01-01 00:00:14.260,-0.148315,-0.110389,9.894809,-0.426904,-0.586177,-0.276324
2024-01-01 00:00:14.270,-0.793822,-0.316683,9.319803,-0.520244,-0.644164,-0.37205
2024-01-01 00:00:14.280,-0.628316,-0.093971,9.723352,-0.238886,-0.566359,-0.36511
2024-01-01 00:00:14.290,-0.647522,-0.177136,8.701896,-0.669158,-0.526252,-0.375914
2024-01-01 00:00:14.300,-0.535942,-0.402519,9.179711,-0.524117,-0.658995,-0.201145
2024-01-01 00:00:14.310,-0.436686,-0.457877,8.274525,-0.264886,-0.362073,-0.102238
2024-01-01 00:00:14.320,-0.427282,0.068113,8.873754,-0.392739,-0.485187,-0.306236
2024-01-01 00:00:14.330,-0.712673,-0.055084,8.004709,-0.455657,-0.462495,-0.185444
2024-01-01 00:00:14.340,-0.623313,-0.019213,7.980025,-0.397236,-0.741215,-0.398131
2024-01-01 00:00:14.350,-0.524386,0.264319,8.089904,-0.403382,-0.270977,-0.22401
2024-01-01 00:00:14.360,-0.618878,0.392978,7.401291,-0.699854,-0.947386,-0.170285
2024-01-01 00:00:14.370,-0.233189,0.136167,7.534796,-0.478861,-0.239897,-0.37592
2024-01-01 00:00:14.380,-0.439331,0.154032,6.715828,-0.11217,-0.164678,-0.244357
2024-01-01 00:00:14.390,-0.37085,0.352595,7.544473,-0.507047,-0.347158,-0.144169
2024-01-01 00:00:14.400,-0.363074,0.010386,7.948278,-0.429032,0.028467,-0.499898
2024-01-01 00:00:14.410,-0.236413,0.354265,8.336041,-0.450822,-0.139514,-0.062749
2024-01-01 00:00:14.420,-0.408109,0.446393,7.079469,-0.348898,-0.041973,-0.149763
2024-01-01 00:00:14.430,-0.674763,0.496838,7.386233,-0.416509,0.083867,-0.101409
2024-01-01 00:00:14.440,-0.304557,-0.003507,6.257688,-0.200757,0.671863,-0.201478
2024-01-01 00:00:14.450,-0.482027,0.252791,7.796439,-0.2283,0.413929,-0.318837
2024-01-01 00:00:14.460,-0.423059,0.248692,7.563389,-0.098763,0.368504,-0.078817
2024-01-01 00:00:14.470,-0.164126,0.461577,7.121041,-0.400219,0.143739,-0.125509
2024-01-01 00:00:14.480,0.003538,0.552893,8.048734,-0.24435,0.393754,-0.098505
2024-01-01 00:00:14.490,-0.201417,0.769049,7.556223,-0.194884,0.274385,0.023064
2024-01-01 00:00:14.500,-0.104475,0.381432,7.66549,-0.042665,0.613536,0.006939
2024-01-01 00:00:14.510,0.214426,0.389333,8.304662,-0.237293,0.526761,0.139617
2024-01-01 00:00:14.520,-0.03704,0.724869,7.845523,0.100924,0.32541,-0.020111
2024-01-01 00:00:14.530,0.476379,0.557972,9.026695,0.180587,0.558698,-0.087437
2024-01-01 00:00:14.540,0.110588,0.753526,8.33972,-0.179883,0.397086,-0.019889
2024-01-01 00:00:14.550,-0.313211,0.556691,8.590631,-0.059151,0.572585,0.057792
2024-01-01 00:00:14.560,0.230879,0.264089,8.897584,-0.03559,0.375707,0.135007
2024-01-01 00:00:14.570,0.197329,0.223085,9.883404,0.564652,0.51014,-0.096246
2024-01-01 00:00:14.580,0.419355,0.171267,9.485179,0.043671,0.605483,0.068106
2024-01-01 00:00:14.590,0.335577,0.603537,9.359424,0.452678,0.417076,0.244679
2024-01-01 00:00:14.600,0.211826,0.696152,9.875073,-0.048356,0.304348,0.075778
2024-01-01 00:00:14.610,0.032089,0.813422,10.289664,0.029574,0.352227,0.208496
2024-01-01 00:00:14.620,0.271252,0.595167,9.900959,0.111204,0.376034,0.179752
2024-01-01 00:00:14.630,0.177565,0.640072,10.011865,0.108528,-0.01863,0.240448
2024-01-01 00:00:14.640,0.264516,0.270512,11.545474,0.237244,0.154253,0.077616
2024-01-01 00:00:14.650,0.529469,0.132397,10.239704,0.181235,0.269116,0.091024
2024-01-01 00:00:14.660,0.7749,0.509123,10.478854,0.183208,0.05923,0.185743
2024-01-01 00:00:14.670,0.546911,0.39645,10.42198,0.559508,-0.108779,0.041768
2024-01-01 00:00:14.680,0.253623,0.306714,10.327094,0.589882,-0.076893,0.178359
2024-01-01 00:00:14.690,0.604188,0.333648,10.693579,0.557324,-0.179802,0.239982
2024-01-01 00:00:14.700,0.774599,0.290535,10.707668,0.495774,-0.189821,0.401494
2024-01-01 00:00:14.710,0.430764,0.451306,9.982656,0.431234,-0.747781,0.270572
2024-01-01 00:00:14.720,0.540724,0.421256,9.378619,0.33618,-0.71378,0.298993
2024-01-01 00:00:14.730,0.582561,0.238043,10.302137,0.263149,-0.295685,0.357957
2024-01-01 00:00:14.740,0.431969,0.264682,9.462185,0.507051,-0.780803,0.14893
2024-01-01 00:00:14.750,0.725117,0.164201,10.047295,0.235342,-0.461142,0.2316
2024-01-01 00:00:14.760,0.574937,-0.065273,8.013325,0.27044,-0.610171,0.492178
2024-01-01 00:00:14.770,0.683837,0.143719,8.863258,0.657472,-0.72906,0.242059
2024-01-01 00:00:14.780,0.420369,-0.321013,9.391231,0.790518,-0.479259,0.360755
2024-01-01 00:00:14.790,0.505457,0.134346,8.127189,0.515504,-0.48811,0.343436
2024-01-01 00:00:14.800,0.729672,-0.349289,7.953367,0.638059,-0.116525,0.09602
2024-01-01 00:00:14.810,0.50008,-0.08665,7.971298,0.386732,-0.571468,0.270484
2024-01-01 00:00:14.820,0.906745,-0.34558,7.38927,0.180233,-0.153635,0.248571
2024-01-01 00:00:14.830,0.465448,-0.097766,7.325409,0.519222,-0.29539,0.260235
2024-01-01 00:00:14.840,0.571729,-0.246127,7.164979,0.497566,-0.416931,0.144085
2024-01-01 00:00:14.850,0.69221,-0.588049,6.914694,0.392169,-0.087516,0.099013
2024-01-01 00:00:14.860,0.198503,-0.213427,7.66123,0.318004,-0.058564,0.153306
2024-01-01 00:00:14.870,0.104194,-0.440199,7.259809,0.515465,-0.0799,0.180369
2024-01-01 00:00:14.880,0.123224,-0.173882,7.143121,0.143834,0.037275,0.29698
2024-01-01 00:00:14.890,0.650825,-0.373669,7.406565,0.15945,-0.042219,0.347693
2024-01-01 00:00:14.900,0.255985,-0.316887,6.970237,0.093309,-0.008751,0.292309
2024-01-01 00:00:14.910,0.844296,-0.60763,6.820526,0.264787,0.348572,0.224625
2024-01-01 00:00:14.920,0.184516,-0.552139,7.009167,0.027203,0.2395,0.023468
2024-01-01 00:00:14.930,0.297564,-0.542082,7.422163,0.072327,0.327989,0.067716
2024-01-01 00:00:14.940,0.531119,-0.292944,7.112619,0.039987,0.448831,0.113783
2024-01-01 00:00:14.950,0.584894,-0.14052,7.555736,0.090847,0.494667,0.013288
2024-01-01 00:00:14.960,0.556078,-0.646467,7.760219,-0.159895,0.229557,0.117628
2024-01-01 00:00:14.970,0.344865,-0.27718,9.176127,0.093091,0.748988,0.115045
2024-01-01 00:00:14.980,0.266925,-0.931249,7.211109,0.271099,0.560024,0.079509
2024-01-01 00:00:14.990,0.139243,-0.738539,8.624822,0.039941,0.512208,0.111154
2024-01-01 00:00:15.000,0.134935,-0.691457,9.730912,0.261885,0.626238,-0.0991
2024-01-01 00:00:15.010,-0.17235,-0.767815,9.255504,0.193535,0.580789,0.067403
2024-01-01 00:00:15.020,-0.266831,-0.809267,9.778961,0.062599,0.655534,-0.112561
2024-01-01 00:00:15.030,-0.144452,-0.402833,9.712451,-0.094389,0.583673,-0.154001
2024-01-01 00:00:15.040,-0.217713,-0.518809,9.578846,-0.133707,0.576128,-0.02332
2024-01-01 00:00:15.050,-0.313342,-0.388403,9.061873,-0.029539,0.641642,0.028797
2024-01-01 00:00:15.060,-0.121376,-0.31226,10.331094,-0.265991,0.501457,-0.059804
2024-01-01 00:00:15.070,-0.106304,-0.38115,10.030629,-0.561878,0.250922,-0.121822
2024-01-01 00:00:15.080,-0.314975,-0.284564,10.130932,-0.160931,0.00975,-0.107591
2024-01-01 00:00:15.090,-0.070851,-0.409878,10.346259,-0.47836,0.440095,-0.139006
2024-01-01 00:00:15.100,-0.626646,-0.611333,11.40248,-0.471916,0.022449,-0.278557
2024-01-01 00:00:15.110,-0.467087,-0.138548,11.711839,-0.321226,-0.095817,-0.302743
2024-01-01 00:00:15.120,-0.59972,-0.442437,10.70542,-0.359389,-0.398963,-0.198031
2024-01-01 00:00:15.130,-0.855483,-0.484686,10.34261,-0.615806,-0.099472,-0.192921
2024-01-01 00:00:15.140,-0.522228,-0.304681,9.933214,-0.349481,-0.204581,-0.209572
2024-01-01 00:00:15.150,-0.551142,-0.421905,10.553847,-0.221189,-0.570668,-0.151887
2024-01-01 00:00:15.160,-0.242685,-0.29193,10.996466,-0.612133,-0.277236,-0.248787
2024-01-01 00:00:15.170,-0.43519,-0.107738,9.907969,-0.191967,-0.502529,-0.177599
2024-01-01 00:00:15.180,-0.779484,-0.074142,8.751134,-0.711816,0.025255,-0.253895
2024-01-01 00:00:15.190,-0.214377,-0.289951,9.906683,-0.057778,-0.598872,-0.061496
2024-01-01 00:00:15.200,-0.348742,-0.173973,9.817272,-0.518738,-0.602631,-0.23899
2024-01-01 00:00:15.210,-0.481448,0.172753,8.418511,-0.42219,-0.699656,-0.015039
2024-01-01 00:00:15.220,-0.645228,0.091686,8.964091,-0.790514,-0.319728,-0.21477
2024-01-01 00:00:15.230,-0.791015,0.441974,8.839213,-0.46053,-0.613901,-0.271004
2024-01-01 00:00:15.240,-0.669902,0.297414,8.358451,-0.405469,-0.663903,-0.338053
2024-01-01 00:00:15.250,-0.371199,0.32438,7.799065,-0.457221,-0.382601,-0.389684
2024-01-01 00:00:15.260,-0.202706,-0.148375,8.388533,-0.536072,-0.725017,-0.340654
2024-01-01 00:00:15.270,-0.258879,0.315031,7.543445,-0.596028,-0.321638,-0.324431
2024-01-01 00:00:15.280,-0.650491,0.183922,6.871331,-0.211046,-0.062821,-0.190818
2024-01-01 00:00:15.290,-0.759196,0.115701,6.456733,-0.395909,-0.223479,-0.275647
2024-01-01 00:00:15.300,-0.48709,0.289776,7.813409,-0.109115,-0.146429,-0.196002
2024-01-01 00:00:15.310,-0.846487,0.474267,7.420795,-0.464366,-0.035435,-0.077135
2024-01-01 00:00:15.320,-0.403344,0.41308,7.112352,-0.429246,0.188573,-0.203771
2024-01-01 00:00:15.330,-0.470439,0.163412,6.837653,-0.183882,0.173753,0.0242
2024-01-01 00:00:15.340,-0.504961,0.512172,6.794992,-0.600951,0.111099,-0.289145
2024-01-01 00:00:15.350,-0.699561,0.258998,6.580528,-0.503889,0.270035,-0.17365
2024-01-01 00:00:15.360,-0.244949,0.450841,6.935724,-0.063205,0.021194,-0.198794
2024-01-01 00:00:15.370,-0.419597,0.365876,6.273564,-0.445741,0.390274,-0.03679
2024-01-01 00:00:15.380,-0.510932,0.399776,7.024688,-0.535141,0.134637,-0.339374
2024-01-01 00:00:15.390,-0.813969,0.611682,7.372449,0.156697,0.308644,-0.24411
2024-01-01 00:00:15.400,-0.206444,0.263088,7.968424,-0.401593,-0.128236,-0.09446
2024-01-01 00:00:15.410,0.193046,0.870608,7.879305,-0.087912,0.542656,0.087886
2024-01-01 00:00:15.420,0.211155,0.125493,8.476087,-0.078387,0.389295,-0.027873
2024-01-01 00:00:15.430,-0.17163,0.375978,8.960166,-0.566071,0.730347,-0.168576
2024-01-01 00:00:15.440,-0.159384,0.572988,9.073021,-0.077323,0.615601,-0.135942
2024-01-01 00:00:15.450,0.096269,0.616858,9.056814,0.0826,0.752318,0.168347
2024-01-01 00:00:15.460,-0.15572,0.478561,9.098375,0.096744,0.349048,-0.043798
2024-01-01 00:00:15.470,0.145549,0.483456,8.894613,0.226527,0.714734,-0.0588
2024-01-01 00:00:15.480,0.279233,0.570958,9.902214,0.024765,0.880531,0.200244
2024-01-01 00:00:15.490,0.411628,0.434211,10.544285,0.252932,0.603104,0.170377
2024-01-01 00:00:15.500,0.185641,0.748343,10.143211,0.030174,0.563011,0.213102
2024-01-01 00:00:15.510,0.203384,0.624614,11.030764,-0.070795,0.398435,0.006712
2024-01-01 00:00:15.520,0.105803,0.616164,9.634682,-0.022542,0.213604,-0.035261
2024-01-01 00:00:15.530,0.151959,0.231113,9.926541,-0.025178,0.379315,0.14554
2024-01-01 00:00:15.540,0.306459,0.389184,10.924633,0.445542,-0.099164,0.180077
2024-01-01 00:00:15.550,0.457967,0.323751,10.719961,0.015748,0.023083,0.196666
2024-01-01 00:00:15.560,0.598113,0.159672,11.219661,0.360874,-0.296039,0.3209
2024-01-01 00:00:15.570,0.283678,0.408049,10.614594,0.285369,-0.179869,0.011754
2024-01-01 00:00:15.580,0.769645,0.202105,10.189864,0.334854,-0.012589,0.282264
2024-01-01 00:00:15.590,0.441426,0.412854,10.409816,0.617187,-0.109686,0.096859
2024-01-01 00:00:15.600,0.513552,0.038528,9.709713,0.309452,-0.260161,0.301334
2024-01-01 00:00:15.610,0.388083,0.56596,9.755082,0.513233,-0.302182,0.176473
2024-01-01 00:00:15.620,0.06981,0.01141,10.53672,0.422755,-0.729483,0.14971
2024-01-01 00:00:15.630,0.745949,0.20215,10.30382,0.399491,-0.506817,0.176151
2024-01-01 00:00:15.640,0.728271,0.283518,9.865725,0.849671,-0.603732,0.097482
2024-01-01 00:00:15.650,0.533623,-0.022723,8.702543,0.182975,-0.631869,0.24983
2024-01-01 00:00:15.660,0.609455,0.227721,9.078049,0.679087,-0.427666,0.17109
2024-01-01 00:00:15.670,0.702565,-0.22306,8.442569,0.567686,-0.702609,0.32837
2024-01-01 00:00:15.680,0.287324,0.27864,9.27462,0.363561,-0.658232,0.313936
2024-01-01 00:00:15.690,0.491613,-0.043458,8.235486,0.741345,-0.916245,0.417742
2024-01-01 00:00:15.700,0.751012,-0.199852,7.768889,0.111459,-0.574379,0.283366
2024-01-01 00:00:15.710,0.333207,-0.174304,8.041129,0.344131,-0.688158,0.295428
2024-01-01 00:00:15.720,0.631892,0.013965,7.525211,0.212358,-0.439602,0.378835
2024-01-01 00:00:15.730,0.28824,-0.297354,8.285935,0.493843,-0.577905,0.170382
2024-01-01 00:00:15.740,0.636546,-0.362116,7.115686,0.207093,-0.332972,0.077532
2024-01-01 00:00:15.750,0.517238,-0.28732,6.671213,0.471227,-0.3162,0.238496
2024-01-01 00:00:15.760,0.179942,-0.508012,6.215761,0.343668,0.077982,0.067307
2024-01-01 00:00:15.770,0.712114,0.063185,7.085835,0.273091,-0.062058,0.445047
2024-01-01 00:00:15.780,0.306157,-0.441069,6.794968,0.409763,-0.408371,0.334331
2024-01-01 00:00:15.790,0.262769,-0.186767,6.386999,0.270263,-0.22912,0.393406
2024-01-01 00:00:15.800,0.434647,-0.334809,7.581689,0.099946,0.08432,0.170634
2024-01-01 00:00:15.810,0.59209,-0.595423,7.397375,0.776019,-0.018586,0.206042
2024-01-01 00:00:15.820,0.125295,-0.419616,7.168074,0.158655,-0.313957,0.090911
2024-01-01 00:00:15.830,0.305324,-0.279534,7.90986,-0.179429,0.530624,0.210371
2024-01-01 00:00:15.840,0.341879,-0.489811,7.738481,0.040509,0.47921,-0.014839
2024-01-01 00:00:15.850,0.356641,-0.227201,7.24101,-0.064595,0.498537,-0.163468
2024-01-01 00:00:15.860,0.214171,-0.272958,7.337866,0.282868,0.342907,-0.004537
2024-01-01 00:00:15.870,0.065485,-0.302636,8.387384,0.162065,0.568038,-0.087676
2024-01-01 00:00:15.880,-0.067283,-0.585184,8.426911,0.145444,0.393729,0.188724
2024-01-01 00:00:15.890,0.074338,-0.713698,8.565285,-0.023772,0.576909,0.205363
2024-01-01 00:00:15.900,-0.198716,-0.622546,8.35484,-0.038499,0.383541,-0.133746
2024-01-01 00:00:15.910,-0.610032,-0.460291,9.258004,-0.086089,0.820904,0.118438
2024-01-01 00:00:15.920,0.0202,-0.387705,8.890169,-0.064949,0.253595,0.067175
2024-01-01 00:00:15.930,0.072646,-0.926126,9.422327,0.069254,0.736078,-0.202036
2024-01-01 00:00:15.940,-0.62124,-0.486034,10.34524,-0.050997,0.489483,-0.100966
2024-01-01 00:00:15.950,-0.390402,-0.443078,9.606137,-0.051322,0.353376,-0.13654
2024-01-01 00:00:15.960,-0.103527,-0.518222,9.384572,-0.080598,0.422114,-0.019933
2024-01-01 00:00:15.970,0.146326,-0.190264,9.783576,-0.039681,0.467145,-0.233367
2024-01-01 00:00:15.980,-0.297563,-0.347825,10.842217,-0.174425,0.517848,-0.135605
2024-01-01 00:00:15.990,-0.482429,-0.15174,10.6171,-0.188029,0.259702,-0.208939
2024-01-01 00:00:16.000,-0.406905,-0.436591,10.520237,-0.06376,-0.029369,-0.106968
2024-01-01 00:00:16.010,-0.127079,-0.183644,10.391527,-0.421249,0.066091,-0.189202
2024-01-01 00:00:16.020,-0.561054,-0.020094,10.847237,-0.477929,0.30715,-0.233467
2024-01-01 00:00:16.030,-0.619443,-0.059077,10.220593,-0.558169,0.147139,-0.212831
2024-01-01 00:00:16.040,-0.5817,-0.512617,10.680265,-0.330939,-0.005615,0.001458
2024-01-01 00:00:16.050,-0.699046,-0.316292,10.120981,-0.714957,-0.096487,-0.253515
2024-01-01 00:00:16.060,-0.504646,-0.304688,9.922502,-0.313698,-0.179752,-0.324592
2024-01-01 00:00:16.070,-0.222516,-0.106777,9.887416,-0.430244,-0.157185,-0.169762
2024-01-01 00:00:16.080,-0.498492,-0.035352,9.827526,-0.218096,-0.50108,-0.248981
2024-01-01 00:00:16.090,-0.626543,-0.307571,9.774393,-0.553,-0.707931,-0.381554
2024-01-01 00:00:16.100,-0.644647,-0.092727,9.68378,-0.476311,-0.487866,-0.021136
2024-01-01 00:00:16.110,-0.906334,-0.476274,7.685244,-0.243276,-0.674172,-0.282621
2024-01-01 00:00:16.120,-0.421648,0.250452,8.738917,-0.199738,-0.733571,-0.287066
2024-01-01 00:00:16.130,-0.615554,-0.105879,8.678305,-0.572417,-0.679599,-0.234011
2024-01-01 00:00:16.140,-0.634931,0.042317,9.283474,-0.416406,-0.098376,-0.076503
2024-01-01 00:00:16.150,0.043799,0.003614,7.876152,-0.393121,-0.506595,-0.415817
2024-01-01 00:00:16.160,-0.528217,0.328837,8.200299,-0.373718,-0.441181,-0.217388
2024-01-01 00:00:16.170,-0.728662,-0.434259,8.578112,-0.480991,-0.69191,-0.032233
2024-01-01 00:00:16.180,-0.651148,0.162894,7.110471,-0.193758,-0.760313,-0.222909
2024-01-01 00:00:16.190,-0.321056,0.177232,7.696101,-0.753205,-0.524241,-0.353011
2024-01-01 00:00:16.200,-0.510328,0.138901,7.000325,-0.47554,-0.059117,-0.283916
2024-01-01 00:00:16.210,-0.800329,0.605008,7.004835,-0.303877,-0.192933,-0.192925
2024-01-01 00:00:16.220,-0.306068,0.11119,6.771599,-0.285135,-0.075634,-0.07105
2024-01-01 00:00:16.230,-0.598443,0.47053,6.737138,-0.105114,0.022783,-0.227606
2024-01-01 00:00:16.240,-0.062833,0.413425,8.258474,-0.112439,-0.141277,-0.099624
2024-01-01 00:00:16.250,-0.192072,0.618847,7.415052,-0.357459,0.29099,-0.313571
2024-01-01 00:00:16.260,-0.466185,0.255722,7.566527,-0.048564,0.002455,-0.301339
2024-01-01 00:00:16.270,-0.087356,0.263324,7.361424,-0.386197,0.442466,-0.19143
2024-01-01 00:00:16.280,-0.295185,0.647931,6.518755,-0.064008,0.338327,0.015154
2024-01-01 00:00:16.290,-0.101924,0.530532,7.551168,0.121535,0.001114,-0.106645
2024-01-01 00:00:16.300,-0.137952,0.151102,8.015927,0.042516,0.246761,-0.068893
2024-01-01 00:00:16.310,-0.365467,0.364652,7.333509,-0.128108,0.111094,-0.05394
2024-01-01 00:00:16.320,-0.285266,0.559956,8.357602,-0.177137,0.6845,0.045689
2024-01-01 00:00:16.330,0.089824,0.658092,8.463133,-0.362272,0.504313,-0.109425
2024-01-01 00:00:16.340,-0.14218,0.360209,9.21563,-0.000522,0.131608,0.037485
2024-01-01 00:00:16.350,-0.114652,-0.083651,8.438789,-0.226181,0.614118,-0.097223
2024-01-01 00:00:16.360,-0.183482,0.604605,8.381324,-0.137108,0.453137,0.20147
2024-01-01 00:00:16.370,0.13369,0.254268,8.960111,-0.177606,0.275587,-0.059635
2024-01-01 00:00:16.380,0.50267,0.090854,10.010855,-0.015247,0.827193,-0.05067
2024-01-01 00:00:16.390,-0.082578,-0.078515,8.773859,0.093162,0.516932,0.109521
2024-01-01 00:00:16.400,0.175911,0.642043,8.883031,0.177551,0.407765,0.079257
2024-01-01 00:00:16.410,0.492832,0.493977,10.052406,0.0497,0.342856,0.120347
2024-01-01 00:00:16.420,0.232775,0.409892,9.988824,0.378998,0.088614,0.126358
2024-01-01 00:00:16.430,0.376305,0.717424,10.341354,0.176896,0.065546,0.010057
2024-01-01 00:00:16.440,0.109113,0.549578,10.884368,0.099404,0.465276,0.295332
2024-01-01 00:00:16.450,0.441478,0.725851,10.300326,0.307595,0.077852,0.237611
2024-01-01 00:00:16.460,0.350912,0.102598,9.763319,0.644695,0.093168,0.297704
2024-01-01 00:00:16.470,0.616156,0.350968,11.549471,0.374586,-0.354441,0.121754
2024-01-01 00:00:16.480,0.685154,0.009559,10.169633,0.270444,-0.299634,0.228184
2024-01-01 00:00:16.490,0.992117,0.260457,10.096611,0.08071,-0.027337,0.217322
2024-01-01 00:00:16.500,0.614393,0.228579,10.991366,0.334356,-0.141223,0.320495
2024-01-01 00:00:16.510,0.585506,0.374264,10.211407,0.432547,0.038282,0.332836
2024-01-01 00:00:16.520,0.578618,0.227503,10.215964,0.335041,-0.098413,0.244197
2024-01-01 00:00:16.530,0.485923,0.311477,10.294804,0.117648,-0.438,0.080103
2024-01-01 00:00:16.540,0.638408,0.294997,10.374405,0.274932,-0.360098,0.415763
2024-01-01 00:00:16.550,0.52306,0.552071,9.525805,0.698422,-0.542477,0.298157
2024-01-01 00:00:16.560,0.62448,0.024223,10.132764,0.701211,-0.146614,0.185318
2024-01-01 00:00:16.570,0.860131,-0.135142,8.248785,0.287864,-0.330788,0.289242
2024-01-01 00:00:16.580,0.398277,0.067806,9.305657,0.570785,-0.517936,0.098718
2024-01-01 00:00:16.590,0.827669,-0.176428,8.33727,0.237627,-0.512806,0.355408
2024-01-01 00:00:16.600,0.86036,0.245934,9.086079,0.70048,-0.278724,0.101603
2024-01-01 00:00:16.610,0.567714,-0.141346,8.292875,0.487638,-0.414108,0.224303
2024-01-01 00:00:16.620,0.158522,-0.231658,7.69802,0.608105,-0.207617,0.267318
2024-01-01 00:00:16.630,0.450109,-0.246079,8.086807,0.120038,-0.843445,0.342081
2024-01-01 00:00:16.640,0.817121,-0.040681,7.998047,0.540266,-0.317422,0.243039
2024-01-01 00:00:16.650,0.536533,-0.247581,7.716102,0.404448,-0.437432,0.288957
2024-01-01 00:00:16.660,0.322044,-0.375,6.821802,0.544776,0.033863,0.214644
2024-01-01 00:00:16.670,0.399254,0.056948,6.954764,0.539833,0.063824,0.205202
2024-01-01 00:00:16.680,0.644248,-0.475493,7.089786,0.368934,-0.136765,0.206933
2024-01-01 00:00:16.690,0.55911,-0.323829,7.025284,0.229173,0.208315,0.168495
2024-01-01 00:00:16.700,0.373467,-0.225583,7.367565,0.456285,0.328738,0.006865
2024-01-01 00:00:16.710,0.317366,-0.705712,6.144162,0.282221,0.096899,0.085972
2024-01-01 00:00:16.720,0.27999,-0.304981,7.255966,0.111655,0.602588,0.173787
2024-01-01 00:00:16.730,0.139758,-0.631726,7.062598,0.077553,0.223123,0.110188
2024-01-01 00:00:16.740,0.611665,-0.273809,6.934584,-0.049448,0.256908,0.104665
2024-01-01 00:00:16.750,0.187096,-0.646462,7.12559,0.096817,0.512495,0.072481
2024-01-01 00:00:16.760,0.45676,-0.328775,7.537125,0.35848,0.347263,0.002527
2024-01-01 00:00:16.770,0.47834,-0.257327,6.209975,0.162567,0.472769,0.023222
2024-01-01 00:00:16.780,0.333656,-0.315085,7.73076,0.005137,0.748838,0.025148
2024-01-01 00:00:16.790,0.006947,-0.443658,7.883061,0.214827,0.526878,0.039377
2024-01-01 00:00:16.800,0.132848,-0.544371,8.758321,-0.110769,0.236602,0.061047
2024-01-01 00:00:16.810,0.005845,-0.615205,8.403417,0.025176,0.615769,-0.013603
2024-01-01 00:00:16.820,-0.211525,-0.205135,8.917662,-0.055422,0.421771,-0.115792
2024-01-01 00:00:16.830,-0.007234,-0.636275,9.953525,0.086164,0.689862,-0.169852
2024-01-01 00:00:16.840,-0.348891,-0.698453,9.943797,-0.368713,0.63624,0.212626
2024-01-01 00:00:16.850,0.084016,-0.350282,10.12648,-0.268176,0.742838,-0.176948
2024-01-01 00:00:16.860,-0.286147,-0.632591,9.702635,-0.439802,0.599276,-0.132372
2024-01-01 00:00:16.870,-0.191771,-0.651121,10.358109,-0.22073,0.581777,-0.044968
2024-01-01 00:00:16.880,-0.213017,-0.735372,10.170151,0.015801,0.207349,-0.076278
2024-01-01 00:00:16.890,-0.357839,-0.526641,10.321231,-0.320524,0.4085,-0.075437
2024-01-01 00:00:16.900,-0.223639,-0.427955,10.697747,-0.347657,0.549064,-0.186346
2024-01-01 00:00:16.910,-0.46925,-0.342181,10.316522,-0.123792,-0.001972,-0.13209
2024-01-01 00:00:16.920,-0.231513,-0.178058,11.295295,-0.11199,0.370852,-0.162937
2024-01-01 00:00:16.930,-0.704532,-0.2387,10.555423,-0.342445,-0.127965,-0.212603
2024-01-01 00:00:16.940,-0.437544,-0.35637,10.875468,-0.223867,-0.257863,-0.168301
2024-01-01 00:00:16.950,-0.100307,-0.33043,11.188215,-0.559921,-0.124623,-0.097835
2024-01-01 00:00:16.960,-0.711099,-0.159965,10.900914,-0.13524,-0.11911,-0.215151
2024-01-01 00:00:16.970,-0.667081,0.022563,9.67546,-0.011882,-0.149159,-0.223026
2024-01-01 00:00:16.980,-0.446709,-0.175534,10.354237,-0.318299,-0.545711,-0.122138
2024-01-01 00:00:16.990,-0.528907,-0.26251,10.356143,-0.798798,-0.346584,-0.139207
2024-01-01 00:00:17.000,-0.507332,-0.334338,10.172117,-0.533575,-0.592299,-0.082214
2024-01-01 00:00:17.010,-0.489496,-0.391237,9.049296,-0.330192,-0.772052,-0.420345
2024-01-01 00:00:17.020,-0.467458,0.065114,9.020363,-0.521669,-0.696743,-0.157156
2024-01-01 00:00:17.030,-0.376691,0.081838,9.520052,-0.219977,-0.680148,-0.189272
2024-01-01 00:00:17.040,-0.518036,0.116258,8.481551,-0.344131,-0.45611,-0.338565
2024-01-01 00:00:17.050,-0.646752,0.009593,8.441431,-0.576041,-0.337111,-0.224216
2024-01-01 00:00:17.060,-0.459628,0.351083,9.042232,-0.439799,-0.793804,-0.142447
2024-01-01 00:00:17.070,-0.206969,0.00691,8.077858,-0.601099,-0.4393,-0.327476
2024-01-01 00:00:17.080,-0.60347,0.32833,7.552546,-0.465573,-0.678889,-0.196137
2024-01-01 00:00:17.090,-0.759091,0.162414,7.283037,-0.522965,-0.309362,-0.147942
2024-01-01 00:00:17.100,-0.327314,0.080565,7.648051,-0.200091,-0.482135,-0.33574
2024-01-01 00:00:17.110,-0.554731,0.351848,6.744195,-0.017109,-0.499666,-0.235335
2024-01-01 00:00:17.120,-0.944577,0.345261,7.10696,-0.640146,-0.100943,-0.182421
2024-01-01 00:00:17.130,-0.31751,0.363462,7.273132,-0.711424,-0.280311,-0.282527
2024-01-01 00:00:17.140,-0.568684,0.335661,7.645296,-0.390345,-0.157986,-0.280256
2024-01-01 00:00:17.150,-0.452143,0.337639,7.332352,-0.598842,-0.425227,-0.194353
2024-01-01 00:00:17.160,-0.337985,0.847054,6.716227,-0.294968,0.220722,-0.088328
2024-01-01 00:00:17.170,-0.334694,0.628629,7.607663,-0.144787,0.273117,-0.090957
2024-01-01 00:00:17.180,-0.197535,0.556868,7.015868,0.014377,0.198954,-0.227568
2024-01-01 00:00:17.190,-0.391532,0.453218,6.699918,-0.192075,-0.008154,-0.061631
2024-01-01 00:00:17.200,-0.165368,0.648786,7.313948,-0.23576,0.548242,-0.195256
2024-01-01 00:00:17.210,-0.282173,0.565313,8.201388,-0.528807,0.268064,-0.25696
2024-01-01 00:00:17.220,-0.043675,0.479108,7.815769,-0.138865,0.356416,-0.11648
2024-01-01 00:00:17.230,-0.028623,0.423043,7.955027,-0.100941,0.895854,0.04909
2024-01-01 00:00:17.240,-0.298319,0.47515,8.910929,0.031589,0.385541,0.01925
2024-01-01 00:00:17.250,0.146963,-0.137523,7.767385,-0.180203,0.668525,-0.029421
2024-01-01 00:00:17.260,-0.136094,0.54154,8.078275,-0.099985,0.648624,-0.053713
2024-01-01 00:00:17.270,0.174181,0.402195,8.17827,-0.256613,0.619748,-0.033739
2024-01-01 00:00:17.280,0.127438,0.816506,9.32026,-0.371947,0.591857,0.03337
2024-01-01 00:00:17.290,0.46277,0.497544,9.4685,-0.12818,0.590096,-0.067205
2024-01-01 00:00:17.300,0.091138,0.249226,10.31806,-0.180785,0.542574,0.021786
2024-01-01 00:00:17.310,0.106017,0.46806,9.948489,0.192519,0.446134,0.051727
2024-01-01 00:00:17.320,0.211205,0.257544,9.852891,0.068053,0.680671,-0.045487
2024-01-01 00:00:17.330,0.192634,0.547952,10.208407,0.09307,0.11772,0.021684
2024-01-01 00:00:17.340,0.45023,0.495797,10.407108,0.040487,0.476463,0.161984
2024-01-01 00:00:17.350,0.002563,0.611421,9.719291,-0.337493,0.373638,0.136712
2024-01-01 00:00:17.360,0.149116,0.241916,11.777339,0.541385,0.280036,0.119062
2024-01-01 00:00:17.370,0.1786,0.385222,10.844757,0.114071,0.281144,0.072257
2024-01-01 00:00:17.380,0.612656,0.081935,10.724448,0.24271,-0.012347,0.333766
2024-01-01 00:00:17.390,0.793132,0.470062,10.891537,0.076376,-0.407943,0.104122
2024-01-01 00:00:17.400,0.456379,0.406785,10.884647,0.532899,-0.159023,0.224021
2024-01-01 00:00:17.410,0.467484,0.373972,10.419733,0.401753,-0.396122,0.160066
2024-01-01 00:00:17.420,0.536843,0.245622,10.084939,0.243378,-0.416981,0.221475
2024-01-01 00:00:17.430,0.774294,0.297568,10.495386,0.335837,-0.570977,0.27156
2024-01-01 00:00:17.440,0.372944,0.50377,10.229197,0.720884,-0.488727,0.095647
2024-01-01 00:00:17.450,0.619917,0.093299,9.497773,0.416048,-0.557972,0.237773
2024-01-01 00:00:17.460,0.778377,0.144745,10.28768,0.404791,-0.917715,0.36213
2024-01-01 00:00:17.470,0.691863,-0.134072,9.552377,0.274285,-0.393536,0.422669
2024-01-01 00:00:17.480,0.635041,-0.124758,9.508772,0.106819,-0.139823,0.2358
2024-01-01 00:00:17.490,0.79996,0.033964,9.560014,0.421006,-0.439965,0.254064
2024-01-01 00:00:17.500,0.058866,0.200627,8.694817,0.508221,-0.584738,0.47093
2024-01-01 00:00:17.510,0.731984,-0.105881,8.581682,0.645232,-0.546725,0.361996
2024-01-01 00:00:17.520,0.45964,-0.136013,8.565115,0.038112,-0.591059,0.184295
2024-01-01 00:00:17.530,0.215554,-0.203986,7.64798,0.233743,-0.467647,0.180469
2024-01-01 00:00:17.540,0.672367,-0.262754,7.788393,0.323062,-0.449853,0.333208
2024-01-01 00:00:17.550,0.83058,-0.129258,7.630817,0.41626,-0.545457,0.1305
2024-01-01 00:00:17.560,0.511425,-0.519254,6.978316,0.37808,-0.034502,0.33332
2024-01-01 00:00:17.570,0.709981,0.005886,8.312835,0.36765,-0.542022,0.249849
2024-01-01 00:00:17.580,0.81987,-0.412691,6.527756,0.446518,-0.07671,0.259028
2024-01-01 00:00:17.590,0.73603,-0.163193,6.49989,0.192193,-0.151968,0.17143
2024-01-01 00:00:17.600,0.774412,-0.588072,7.631768,0.50296,0.283208,0.123026
2024-01-01 00:00:17.610,0.566084,-0.225206,7.351829,0.391265,0.078349,0.320224
2024-01-01 00:00:17.620,0.401988,-0.247772,6.594014,0.232606,0.027822,0.136535
2024-01-01 00:00:17.630,0.033903,-0.326681,7.387688,0.553886,0.121861,0.10653
2024-01-01 00:00:17.640,0.270786,-0.621839,7.8664,0.520153,0.244298,0.125319
2024-01-01 00:00:17.650,0.115522,-0.390455,7.314714,0.381049,0.097552,0.137707
2024-01-01 00:00:17.660,0.681174,-0.692284,8.648934,-0.358101,0.225568,-0.000172
2024-01-01 00:00:17.670,0.173444,-0.519355,6.880548,0.440676,0.095724,0.030438
2024-01-01 00:00:17.680,0.1939,-0.27381,8.167914,0.270001,0.296327,0.008721
2024-01-01 00:00:17.690,0.239385,-0.32895,8.598547,0.45797,0.515986,0.138315
2024-01-01 00:00:17.700,0.097021,-0.491519,8.70707,0.288969,0.580207,-0.051804
2024-01-01 00:00:17.710,0.386101,-0.693419,8.456365,0.31942,0.186945,-0.155955
2024-01-01 00:00:17.720,-0.118873,-0.37086,8.665363,0.1624,0.525204,-0.194353
2024-01-01 00:00:17.730,0.003117,-0.495233,9.244311,0.215911,0.647497,-0.161957
2024-01-01 00:00:17.740,-0.225589,-0.959918,9.655826,0.301121,0.502515,0.104031
2024-01-01 00:00:17.750,-0.382022,-0.333706,9.795383,-0.049533,0.39336,-0.047553
2024-01-01 00:00:17.760,-0.280729,-0.487114,10.214576,-0.401783,0.399169,-0.015865
2024-01-01 00:00:17.770,-0.205384,-0.231507,9.492842,-0.203826,0.332901,-0.028842
2024-01-01 00:00:17.780,-0.322493,-0.678526,10.032214,-0.107284,0.264293,-0.092978
2024-01-01 00:00:17.790,-0.412641,-1.080093,9.870174,-0.192138,0.351627,-0.12171
2024-01-01 00:00:17.800,-0.591635,-0.372089,10.249969,-0.45716,0.67104,-0.024869
2024-01-01 00:00:17.810,-0.361725,-0.350703,10.980684,-0.55242,0.052228,-0.129193
2024-01-01 00:00:17.820,-0.67913,-0.726306,10.640207,-0.417049,0.055714,-0.017668
2024-01-01 00:00:17.830,-0.257451,-0.561172,11.798851,-0.161703,0.028403,-0.108526
2024-01-01 00:00:17.840,-0.422293,0.210017,10.712667,-0.044625,-0.162007,-0.244605
2024-01-01 00:00:17.850,-0.757514,-0.376074,10.618087,-0.184521,0.084139,-0.243882
2024-01-01 00:00:17.860,-0.552842,-0.14118,10.570978,-0.177913,-0.613396,-0.27733
2024-01-01 00:00:17.870,-0.664081,-0.388551,10.135828,-0.399784,-0.351757,-0.092266
2024-01-01 00:00:17.880,-0.470011,-0.646292,10.266056,-0.713959,-0.17351,-0.262941
2024-01-01 00:00:17.890,-0.2834,-0.231004,10.640916,-0.495558,-0.432259,-0.309635
2024-01-01 00:00:17.900,-0.941535,-0.217854,10.001145,-0.471453,-0.578348,-0.204064
2024-01-01 00:00:17.910,-0.555798,-0.211702,9.38787,-0.523572,-0.394315,-0.250885
2024-01-01 00:00:17.920,-0.620367,-0.121019,9.106242,-0.43141,-0.344522,-0.215685
2024-01-01 00:00:17.930,-0.460799,-0.011133,9.084322,-0.366844,-0.494071,-0.058963
2024-01-01 00:00:17.940,-0.55631,-0.059599,9.075812,-0.295669,-0.690371,-0.158255
2024-01-01 00:00:17.950,-0.750364,-0.247825,9.33129,-0.500039,-0.467774,-0.247287
2024-01-01 00:00:17.960,-0.661935,0.136741,7.943243,-0.79127,-0.615502,-0.390061
2024-01-01 00:00:17.970,-0.752626,-0.316032,8.16024,-0.531983,-0.391874,-0.297255
2024-01-01 00:00:17.980,-0.37068,-0.302242,8.136838,-0.431543,-0.231854,-0.173013
2024-01-01 00:00:17.990,-0.57128,0.289136,7.028941,-0.211552,-0.931154,-0.356914
2024-01-01 00:00:18.000,-0.182216,0.2755,7.279828,-0.524046,-0.396646,-0.020259
2024-01-01 00:00:18.010,-0.55881,0.194581,7.172268,-0.31775,-0.675604,-0.226341
2024-01-01 00:00:18.020,-0.669971,-0.04205,6.969107,-0.344001,0.136748,-0.215236
2024-01-01 00:00:18.030,-0.810119,0.125304,7.291406,-0.37263,-0.320857,-0.278071
2024-01-01 00:00:18.040,-0.844668,0.242909,7.041586,-0.195534,-0.031552,-0.152009
2024-01-01 00:00:18.050,-0.775217,0.003439,6.805503,-0.462744,-0.098394,-0.306796
2024-01-01 00:00:18.060,-0.377124,0.200431,7.223385,-0.426446,-0.160973,0.037094
2024-01-01 00:00:18.070,-0.298907,0.502657,7.815953,-0.302632,-0.106455,-0.035203
2024-01-01 00:00:18.080,-0.685079,0.679828,7.822162,-0.391857,0.419734,-0.055254
2024-01-01 00:00:18.090,-0.156259,0.330772,6.296498,-0.160008,0.378613,-0.278737
2024-01-01 00:00:18.100,-0.396703,0.584267,7.530523,-0.353443,0.624679,-0.104496
2024-01-01 00:00:18.110,-0.234122,0.066399,7.329589,-0.156876,0.347858,0.011125
2024-01-01 00:00:18.120,0.096832,0.595196,7.645492,-0.18724,0.446295,-0.034694
2024-01-01 00:00:18.130,-0.007297,0.314398,7.586362,-0.101312,0.395438,-0.177988
2024-01-01 00:00:18.140,-0.200532,0.546267,8.028742,-0.192873,0.432454,-0.126187
2024-01-01 00:00:18.150,-0.284524,0.442542,8.270503,-0.14075,0.327943,-0.089479
2024-01-01 00:00:18.160,-0.495601,0.761118,8.180366,-0.031647,0.552118,-0.087526
2024-01-01 00:00:18.170,-0.167708,0.324717,8.283482,0.018465,0.406193,0.142929
2024-01-01 00:00:18.180,-0.02463,0.625306,8.733619,0.012441,0.628598,-0.18477
2024-01-01 00:00:18.190,-0.13845,0.441676,9.287619,0.351205,0.56997,0.090169
2024-01-01 00:00:18.200,0.073843,0.461332,9.691698,-0.103262,0.57117,-0.087524
2024-01-01 00:00:18.210,0.156095,0.449282,10.0348,0.093986,0.791013,-0.03749
2024-01-01 00:00:18.220,0.13571,0.307656,9.641382,-0.147742,0.44346,-0.125689
2024-01-01 00:00:18.230,0.089775,0.46243,10.184737,0.231806,0.538623,0.036668
2024-01-01 00:00:18.240,0.291551,0.438956,10.65995,-0.00738,0.716166,0.258498
2024-01-01 00:00:18.250,0.38302,0.483813,10.894492,0.170878,0.519945,0.149246
2024-01-01 00:00:18.260,0.111956,0.434464,10.457253,0.180555,0.424748,0.017679
2024-01-01 00:00:18.270,0.64605,0.557164,10.466493,0.323458,0.090251,0.253324
2024-01-01 00:00:18.280,0.376234,0.56037,10.700963,0.197462,0.112292,0.28811
2024-01-01 00:00:18.290,0.429919,0.141851,10.11256,0.212457,-0.242187,0.187967
2024-01-01 00:00:18.300,0.595952,0.500356,10.523415,0.599186,0.009147,0.39277
2024-01-01 00:00:18.310,0.526942,0.0624,10.892224,0.411446,-0.105475,0.282281
2024-01-01 00:00:18.320,0.694621,0.388872,10.759685,0.277006,-0.221932,0.278263
2024-01-01 00:00:18.330,0.582705,0.365586,10.231515,0.34881,-0.108193,0.138529
2024-01-01 00:00:18.340,0.42157,-0.171442,10.304359,0.704207,-0.571839,0.28943
2024-01-01 00:00:18.350,0.632535,0.197592,9.662268,0.377846,-0.11475,0.25511
2024-01-01 00:00:18.360,0.34499,0.052617,10.153935,0.306231,-0.293485,0.291039
2024-01-01 00:00:18.370,0.606206,-0.038815,9.587116,0.315071,-0.506593,0.17508
2024-01-01 00:00:18.380,0.585814,0.349189,9.267609,0.345502,-0.549298,0.259668
2024-01-01 00:00:18.390,0.555972,-0.086013,8.987938,0.341187,-0.454689,0.167312
2024-01-01 00:00:18.400,0.574167,-0.151063,8.875215,0.21957,-0.275788,0.035235
2024-01-01 00:00:18.410,0.222919,-0.009207,8.453373,0.24711,-0.529103,0.349534
2024-01-01 00:00:18.420,0.486093,0.07833,8.705825,0.297601,-0.508868,0.098027
2024-01-01 00:00:18.430,0.60811,-0.121279,7.99455,0.548639,-0.508724,0.256361
2024-01-01 00:00:18.440,0.612399,0.106607,8.664582,0.366698,-0.15864,0.275145
2024-01-01 00:00:18.450,0.363005,-0.053584,8.399255,0.389116,-0.50407,0.269548
2024-01-01 00:00:18.460,0.807078,-0.62777,7.151687,0.644068,-0.392894,0.202499
2024-01-01 00:00:18.470,0.36345,-0.329452,7.421601,0.635615,-0.066677,0.25074
2024-01-01 00:00:18.480,0.710762,-0.366289,6.962275,0.33687,-0.239845,0.262459
2024-01-01 00:00:18.490,0.580024,-0.187198,7.002981,0.257384,0.007237,0.279574
2024-01-01 00:00:18.500,0.340692,-0.83583,7.978038,0.196856,-0.288823,0.369151
2024-01-01 00:00:18.510,0.798106,0.172624,6.898977,0.456983,-0.086722,0.208021
2024-01-01 00:00:18.520,0.175306,-0.255673,7.194146,0.273678,0.293403,0.178919
2024-01-01 00:00:18.530,0.566876,-0.355074,7.304621,0.217715,-0.020063,0.068929
2024-01-01 00:00:18.540,0.550342,-0.169668,6.673495,0.11621,0.147977,0.189522
2024-01-01 00:00:18.550,0.18161,0.043557,6.834309,0.09826,0.291602,0.198294
2024-01-01 00:00:18.560,0.558226,-0.268185,6.802467,0.26741,0.132854,0.097325
2024-01-01 00:00:18.570,0.192386,-0.267619,7.10091,-0.054983,0.295984,0.155459
2024-01-01 00:00:18.580,0.261638,-0.444105,6.396901,0.332001,0.44324,0.055706
2024-01-01 00:00:18.590,0.216493,-0.509163,8.126259,0.02723,0.47579,0.135611
2024-01-01 00:00:18.600,0.097311,-0.584334,9.025478,0.066195,0.73335,0.142999
2024-01-01 00:00:18.610,0.245486,-0.660377,8.401419,-0.178163,0.806248,0.124581
2024-01-01 00:00:18.620,0.200775,-0.636172,7.94084,0.029332,0.390495,0.029316
2024-01-01 00:00:18.630,-0.349078,-0.770111,8.536979,-0.058626,0.570027,-0.103735
2024-01-01 00:00:18.640,0.220045,-0.514016,8.867874,-0.039632,0.666273,-0.078201
2024-01-01 00:00:18.650,-0.414577,-0.832233,8.859931,0.203348,0.802357,0.025316
2024-01-01 00:00:18.660,0.083566,-0.451208,9.939089,-0.060222,0.633144,0.193655
2024-01-01 00:00:18.670,0.062121,-0.48841,10.137003,-0.265453,0.520962,-0.10208
2024-01-01 00:00:18.680,-0.42091,-0.441211,9.454822,-0.280075,0.544413,-0.038881
2024-01-01 00:00:18.690,-0.323407,-0.56223,10.481597,-0.07381,0.493448,-0.156124
2024-01-01 00:00:18.700,-0.499761,0.17255,10.997612,0.0248,0.145812,-0.213488
2024-01-01 00:00:18.710,-0.357648,-0.153701,11.29367,-0.185253,0.282163,-0.198742
2024-01-01 00:00:18.720,-0.410811,-0.6555,11.823149,-0.137935,0.440043,-0.353749
2024-01-01 00:00:18.730,-0.226144,-0.338943,10.191667,-0.176805,0.066618,-0.023855
2024-01-01 00:00:18.740,-0.151061,-0.484201,11.89848,-0.054411,0.051807,-0.395148
2024-01-01 00:00:18.750,-0.163059,-0.540847,10.463889,-0.682573,-0.091126,-0.210631
2024-01-01 00:00:18.760,-0.581588,-0.579701,10.318141,-0.231767,-0.539042,-0.313294
2024-01-01 00:00:18.770,-0.535717,-0.19749,10.659903,-0.193332,-0.191575,-0.294218
2024-01-01 00:00:18.780,-0.852918,-0.391099,10.14664,-0.628143,-0.209965,-0.077444
2024-01-01 00:00:18.790,-0.697296,-0.03093,10.45385,-0.561512,-0.420498,-0.203278
2024-01-01 00:00:18.800,-0.360481,0.005662,9.518387,-0.56823,-0.593779,-0.327145
2024-01-01 00:00:18.810,-0.24502,0.114011,9.818644,-0.557285,-0.59478,-0.295675
2024-01-01 00:00:18.820,-0.826977,-0.298157,10.29733,-0.52179,-0.340716,-0.31826
2024-01-01 00:00:18.830,-0.707799,0.001094,9.46891,-0.398311,-0.156085,-0.249899
2024-01-01 00:00:18.840,-0.60097,0.066662,9.321387,-0.290945,-0.285412,-0.230915
2024-01-01 00:00:18.850,-0.543194,-0.120228,9.226453,-0.254782,-0.789145,-0.06012
2024-01-01 00:00:18.860,-0.76182,-0.145189,9.290817,-0.600733,-0.395797,-0.441588
2024-01-01 00:00:18.870,-0.512894,0.365583,7.77186,-0.600326,-0.660975,-0.252525
2024-01-01 00:00:18.880,-0.687425,0.123484,8.538419,-0.207645,-0.628049,-0.278497
2024-01-01 00:00:18.890,-0.587667,0.23911,7.923981,-0.322168,-0.578044,-0.149002
2024-01-01 00:00:18.900,-0.464845,-0.019101,7.903883,-0.41566,-0.329996,-0.203727
2024-01-01 00:00:18.910,-0.559399,-0.065839,8.109237,-0.335312,-0.237897,-0.174582
2024-01-01 00:00:18.920,-0.631863,0.095981,6.921103,-0.413804,-0.373844,-0.192402
2024-01-01 00:00:18.930,-0.547809,0.215916,6.855207,-0.29999,-0.309628,-0.312319
2024-01-01 00:00:18.940,-0.522347,0.057577,6.321363,-0.438998,-0.144673,-0.089155
2024-01-01 00:00:18.950,-0.555054,0.296859,6.857858,-0.312404,-0.054848,-0.120588
2024-01-01 00:00:18.960,-0.506889,-0.011893,7.649277,-0.613245,0.128784,-0.098084
2024-01-01 00:00:18.970,-0.107303,0.127222,6.97589,-0.444076,-0.238389,-0.051525
2024-01-01 00:00:18.980,-0.284712,0.509158,6.441029,-0.419534,0.072275,-0.123606
2024-01-01 00:00:18.990,-0.423958,0.517687,6.873553,-0.341037,-0.049013,-0.003927
2024-01-01 00:00:19.000,-0.191694,0.33861,6.503771,-0.415086,0.205889,-0.100188
2024-01-01 00:00:19.010,-0.36249,0.231497,6.7798,-0.317832,0.242068,-0.145125
2024-01-01 00:00:19.020,-0.024329,0.245554,7.6034,-0.46681,0.336688,-0.108558
2024-01-01 00:00:19.030,-0.147016,0.390211,7.069242,-0.066943,0.256884,-0.094445
2024-01-01 00:00:19.040,-0.20334,0.605378,8.290753,-0.151262,0.181209,-0.127722
2024-01-01 00:00:19.050,-0.052402,0.671456,7.970498,-0.413397,0.111436,0.104045
2024-01-01 00:00:19.060,-0.415509,0.393511,8.26925,-0.22627,0.495012,-0.012593
2024-01-01 00:00:19.070,-0.285591,0.266775,8.345136,0.01541,0.461333,-0.015625
2024-01-01 00:00:19.080,-0.257638,0.553322,9.064721,-0.111884,0.427245,0.030972
2024-01-01 00:00:19.090,0.05121,0.334938,9.318055,-0.108483,0.786495,0.307411
2024-01-01 00:00:19.100,0.410491,0.393498,9.362513,0.034564,0.38279,-0.086511
2024-01-01 00:00:19.110,0.551309,0.757332,9.704711,0.140634,0.771312,-0.040734
2024-01-01 00:00:19.120,0.273217,0.650476,9.582086,-0.149338,0.77751,-0.077387
2024-01-01 00:00:19.130,0.285639,0.507107,10.13231,0.238126,0.09373,0.054019
2024-01-01 00:00:19.140,-0.135765,0.209315,9.926862,0.024282,0.412701,0.118071
2024-01-01 00:00:19.150,0.153816,0.491949,10.246659,0.193536,0.267747,0.062781
2024-01-01 00:00:19.160,0.141445,0.646023,10.261788,0.217876,-0.247297,0.070611
2024-01-01 00:00:19.170,0.210054,0.340116,10.28966,0.155796,-0.051357,0.1535
2024-01-01 00:00:19.180,0.33422,0.665233,10.263546,0.091628,0.276034,0.103059
2024-01-01 00:00:19.190,0.305298,0.631439,10.829059,0.248363,0.425261,0.197566
2024-01-01 00:00:19.200,0.033813,0.681734,11.21918,0.614814,0.148368,0.290454
2024-01-01 00:00:19.210,0.60716,0.384466,11.132861,0.098082,-0.03151,0.25836
2024-01-01 00:00:19.220,0.268747,0.413781,9.982968,0.667088,-0.167541,0.289475
2024-01-01 00:00:19.230,0.554554,0.550609,11.038316,0.333279,0.068367,0.319719
2024-01-01 00:00:19.240,0.942509,0.32744,10.193674,0.402136,0.085836,0.248155
2024-01-01 00:00:19.250,0.362281,0.106767,10.457081,0.214011,-0.46707,0.211702
2024-01-01 00:00:19.260,0.055957,0.085369,9.602959,0.282683,-0.775128,0.156948
2024-01-01 00:00:19.270,0.517985,0.190016,9.876112,0.340866,-0.838571,0.200543
2024-01-01 00:00:19.280,0.805801,-0.14926,9.736111,0.250982,-0.259927,0.191635
2024-01-01 00:00:19.290,0.984903,0.046227,8.694975,0.40732,-0.533801,0.320348
2024-01-01 00:00:19.300,0.352114,0.259857,9.394703,0.375255,-0.509782,0.283855
2024-01-01 00:00:19.310,0.699296,-0.432228,9.479035,0.783108,-0.872158,0.319658
2024-01-01 00:00:19.320,0.50596,0.278366,8.546326,0.239391,-0.681993,0.133559
2024-01-01 00:00:19.330,0.574037,0.161528,8.992462,0.464904,-0.585752,0.391186
2024-01-01 00:00:19.340,1.117455,-0.189016,8.059075,0.486052,-0.471135,0.202546
2024-01-01 00:00:19.350,0.278539,-0.022038,8.303889,0.241692,-0.546565,0.131304
2024-01-01 00:00:19.360,0.617661,-0.163114,6.7177,0.548814,-0.618746,0.192292
2024-01-01 00:00:19.370,0.645523,0.050009,8.620252,0.34229,-0.52221,0.47837
2024-01-01 00:00:19.380,0.751576,-0.030762,8.045286,-0.047816,-0.105177,0.183903
2024-01-01 00:00:19.390,0.533895,-0.537536,7.112603,0.504497,-0.214142,0.181781
2024-01-01 00:00:19.400,0.553332,-0.169062,6.251939,0.167742,-0.078614,0.185673
2024-01-01 00:00:19.410,0.388465,-0.355263,7.19996,0.161497,-0.277595,0.179636
2024-01-01 00:00:19.420,0.493463,-0.323694,6.38514,0.453551,-0.57227,0.105035
2024-01-01 00:00:19.430,0.341741,-0.510391,7.233918,0.245296,-0.05875,0.185313
2024-01-01 00:00:19.440,0.503476,-0.037883,7.252057,0.44957,-0.045259,0.265543
2024-01-01 00:00:19.450,0.272209,-0.2004,6.709997,0.477428,0.246746,0.17565
2024-01-01 00:00:19.460,0.386867,-0.575318,7.737224,0.117498,0.845044,0.018653
2024-01-01 00:00:19.470,0.269422,-0.711194,7.724947,0.349243,0.443592,0.080263
2024-01-01 00:00:19.480,0.462997,-0.536193,7.959225,0.042357,0.869704,0.043925
2024-01-01 00:00:19.490,0.188884,-0.38475,7.706762,0.551333,0.531177,0.088279
2024-01-01 00:00:19.500,-0.195019,-0.433948,7.26998,-0.005042,0.358801,0.19954
2024-01-01 00:00:19.510,0.371634,-0.239399,8.56882,0.274133,0.569174,0.034799
2024-01-01 00:00:19.520,-0.102805,-0.337736,8.242307,0.210638,0.851762,0.023827
2024-01-01 00:00:19.530,-0.093694,-0.305132,7.982666,0.08469,0.875125,0.193206
2024-01-01 00:00:19.540,-0.123532,-0.434615,9.464815,-0.123998,0.44638,0.085787
2024-01-01 00:00:19.550,0.22905,-0.776399,10.048957,-0.06163,0.589153,0.038309
2024-01-01 00:00:19.560,-0.514192,-0.533849,9.328253,-0.452939,0.269574,0.159539
2024-01-01 00:00:19.570,0.49969,-0.276497,10.551144,-0.0555,0.648487,-0.004294
2024-01-01 00:00:19.580,0.043159,-0.490292,9.839048,-0.063109,0.74331,-0.268675
2024-01-01 00:00:19.590,-0.162794,-0.368548,9.82669,-0.131551,0.425677,-0.003167
2024-01-01 00:00:19.600,-0.256819,-0.519852,9.891832,-0.719575,0.245202,-0.261634
2024-01-01 00:00:19.610,-0.225952,-0.646823,11.064183,-0.440112,0.369998,-0.072742
2024-01-01 00:00:19.620,-0.21471,-0.44818,10.099802,-0.373857,0.314335,-0.304264
2024-01-01 00:00:19.630,-0.224238,-0.342329,10.874166,-0.212462,0.18325,-0.193886
2024-01-01 00:00:19.640,-0.274819,-0.513973,10.351393,-0.237374,0.127045,-0.197187
2024-01-01 00:00:19.650,-0.398839,-0.406844,10.421754,-0.343206,-0.01199,-0.25066
2024-01-01 00:00:19.660,-0.485046,-0.522743,11.084039,-0.21984,0.122622,-0.220543
2024-01-01 00:00:19.670,-0.502527,-0.08455,10.406765,-0.538928,0.001005,-0.093524
2024-01-01 00:00:19.680,-0.535692,-0.339365,10.319615,-0.262691,-0.38083,-0.278358
2024-01-01 00:00:19.690,-0.292021,0.039342,10.903612,-0.303628,-0.454241,-0.161642
2024-01-01 00:00:19.700,-0.41965,0.085007,10.974902,-0.335811,-0.381387,-0.320882
2024-01-01 00:00:19.710,-1.143452,-0.205432,10.381183,-0.449298,-0.259826,-0.250356
2024-01-01 00:00:19.720,-0.438554,-0.358488,9.607352,-0.097766,-0.415173,-0.205005
2024-01-01 00:00:19.730,-0.542424,-0.540804,9.462686,-0.347253,-0.598522,-0.341891
2024-01-01 00:00:19.740,-0.593972,-0.384267,9.502419,-0.616973,-0.467397,-0.377101
2024-01-01 00:00:19.750,-0.673974,-0.330433,9.372724,-0.402507,-0.595911,-0.199258
2024-01-01 00:00:19.760,-0.374638,0.254487,8.538009,-0.314148,-0.389534,-0.137467
2024-01-01 00:00:19.770,-0.410281,0.03652,9.059248,-0.555699,-0.489265,-0.257817
2024-01-01 00:00:19.780,-0.751821,0.125773,8.525529,-0.251865,-0.596675,-0.294584
2024-01-01 00:00:19.790,-0.510442,-0.361964,7.474693,-0.375123,-0.478654,-0.231038
2024-01-01 00:00:19.800,-0.777962,-0.123596,7.599592,-0.859369,-0.254088,-0.237631
2024-01-01 00:00:19.810,-0.848544,0.326735,7.577107,-0.375524,-0.554431,-0.214301
2024-01-01 00:00:19.820,-0.684217,0.239282,7.577122,-0.49224,-0.331893,-0.485688
2024-01-01 00:00:19.830,-0.369978,0.184226,8.289318,-0.31015,-0.361808,-0.332934
2024-01-01 00:00:19.840,-0.332823,0.357353,7.402105,-0.222627,-0.210357,-0.302626
2024-01-01 00:00:19.850,-0.399321,0.601095,6.80167,-0.341324,-0.337643,-0.194054
2024-01-01 00:00:19.860,-0.33301,0.257969,7.195889,-0.058777,-0.128371,-0.180591
2024-01-01 00:00:19.870,-0.348601,0.342849,6.887844,-0.371045,0.125596,-0.124647
2024-01-01 00:00:19.880,-0.551782,0.39272,7.176153,-0.205147,-0.166645,-0.150694
2024-01-01 00:00:19.890,-0.306726,0.856156,7.309358,-0.149943,-0.161486,-0.29387
2024-01-01 00:00:19.900,-0.200776,-0.020408,7.644363,-0.288165,-0.080351,-0.005657
2024-01-01 00:00:19.910,-0.176022,0.555928,7.174408,-0.104981,0.012793,-0.009008
2024-01-01 00:00:19.920,-0.053558,0.414139,8.039394,-0.325547,0.397804,-0.247212
2024-01-01 00:00:19.930,-0.112749,0.566182,7.856168,-0.266869,0.099177,-0.072733
2024-01-01 00:00:19.940,-0.145973,0.334917,7.301297,-0.398445,0.353472,-0.149652
2024-01-01 00:00:19.950,0.036948,0.467935,8.809272,-0.089358,0.565476,-0.059898
2024-01-01 00:00:19.960,-0.14236,0.629063,8.176557,-0.044246,0.567603,0.048225
2024-01-01 00:00:19.970,-0.272749,1.11609,7.883458,0.139987,0.45222,0.172855
2024-01-01 00:00:19.980,-0.087846,0.659484,9.243825,0.100981,0.575045,0.052114
2024-01-01 00:00:19.990,-0.162807,0.330254,9.682064,-0.061633,0.568702,0.023732
2024-01-01 00:00:20.000,-0.10739,0.414717,8.980835,-0.191338,0.507301,-0.022463
2024-01-01 00:00:20.010,0.040081,0.406001,9.014524,0.129652,0.497508,0.046957
2024-01-01 00:00:20.020,-0.048489,0.132397,9.401218,0.282432,0.915408,0.181809
2024-01-01 00:00:20.030,0.088888,0.418001,10.025651,0.248793,0.626485,0.058229
2024-01-01 00:00:20.040,-0.188478,0.620766,10.487608,0.33789,0.885927,-0.009342
2024-01-01 00:00:20.050,0.271761,0.207269,10.357176,0.133686,0.300168,-0.06651
2024-01-01 00:00:20.060,0.267105,0.657518,10.309864,0.116156,0.317101,0.162498
2024-01-01 00:00:20.070,0.139933,0.528944,11.074448,0.094871,0.029041,0.151125
2024-01-01 00:00:20.080,0.470237,0.266048,10.365844,0.243729,0.054398,0.076404
2024-01-01 00:00:20.090,0.559322,0.364121,11.044805,0.26471,0.469941,0.257521
2024-01-01 00:00:20.100,0.08194,0.689749,10.492109,0.339791,-0.041329,0.125927
2024-01-01 00:00:20.110,0.280623,0.492684,10.822341,0.301602,0.322144,0.167022
2024-01-01 00:00:20.120,0.306986,0.321968,10.549589,0.321558,-0.322651,0.190339
2024-01-01 00:00:20.130,0.298278,0.245381,10.514068,0.224889,-0.362102,0.167512
2024-01-01 00:00:20.140,0.675274,0.279546,10.275259,0.551526,-0.304239,0.235828
2024-01-01 00:00:20.150,0.491301,0.131915,10.925316,0.411323,-0.319996,0.336013
2024-01-01 00:00:20.160,0.495318,-0.217757,9.836918,0.379766,-0.20218,0.114177
2024-01-01 00:00:20.170,0.162983,0.579582,9.654715,0.28828,-0.33998,0.28375
2024-01-01 00:00:20.180,0.703681,0.169348,10.741249,0.192703,-0.540799,0.257465
2024-01-01 00:00:20.190,0.338831,0.184388,10.007551,0.675446,-0.52571,0.259828
2024-01-01 00:00:20.200,0.605952,0.059152,8.260856,0.545309,-0.585417,0.33467
2024-01-01 00:00:20.210,0.653886,-0.110653,8.836805,0.156503,-0.708817,0.254267
2024-01-01 00:00:20.220,0.872128,-0.035352,8.027804,0.587363,-0.709819,0.298021
2024-01-01 00:00:20.230,0.33695,-0.352591,8.167164,0.615082,-0.360272,0.321051
2024-01-01 00:00:20.240,-0.00933,0.388315,6.938906,0.468317,-0.859258,0.197302
2024-01-01 00:00:20.250,0.624359,-0.348073,8.054994,0.728352,-0.213839,0.274747
2024-01-01 00:00:20.260,0.937901,-0.341149,7.381786,0.472358,-0.531839,0.215671
2024-01-01 00:00:20.270,0.813036,-0.255749,7.719473,0.168907,-0.565313,0.222251
2024-01-01 00:00:20.280,0.591926,0.057778,6.779782,0.478226,-0.241129,0.196958
2024-01-01 00:00:20.290,0.433787,-0.228121,7.392146,0.443167,-0.047826,0.268822
2024-01-01 00:00:20.300,0.673115,-0.508331,7.040033,0.275175,-0.048855,0.221369
2024-01-01 00:00:20.310,0.294114,-0.03907,7.805139,0.469858,-0.089785,0.243131
2024-01-01 00:00:20.320,0.558891,-0.171186,7.699353,0.047535,0.088866,0.191423
2024-01-01 00:00:20.330,0.537295,-0.235631,7.386338,0.505452,-0.340353,0.021338
2024-01-01 00:00:20.340,0.618739,-0.224463,6.888952,0.146961,-0.049327,0.172594
2024-01-01 00:00:20.350,0.927183,0.088728,7.966594,0.104148,-0.044274,0.162708
2024-01-01 00:00:20.360,0.420495,0.026203,6.445089,0.23602,0.413021,0.166764
2024-01-01 00:00:20.370,0.205345,-0.566867,6.615322,0.308289,0.192732,0.068601
2024-01-01 00:00:20.380,0.265682,-0.121402,7.34241,0.232604,0.478106,-0.006715
2024-01-01 00:00:20.390,-0.120653,-0.384069,8.555297,0.041193,0.48034,0.159611
2024-01-01 00:00:20.400,0.05547,-0.373206,7.635402,0.054714,0.279296,0.053645
2024-01-01 00:00:20.410,0.072878,-0.821541,7.850535,-0.087896,0.371189,0.081597
2024-01-01 00:00:20.420,0.0095,-0.524918,7.5078,0.045296,0.742956,0.019486
2024-01-01 00:00:20.430,0.103825,-0.658814,8.818847,0.248519,0.393972,0.029958
2024-01-01 00:00:20.440,-0.132444,-0.333675,9.066965,0.023262,0.56934,-0.031579
2024-01-01 00:00:20.450,0.214779,-0.285722,9.241642,0.147624,0.408871,-0.100736
2024-01-01 00:00:20.460,-0.050808,-0.913098,8.850851,0.223835,0.485588,0.026186
2024-01-01 00:00:20.470,-0.093889,-0.49849,9.057622,-0.174865,0.515812,-0.098657
2024-01-01 00:00:20.480,-0.198347,-0.263233,9.024957,-0.133159,0.355222,-0.038925
2024-01-01 00:00:20.490,-0.141835,-0.516133,9.860998,0.26116,0.285804,-0.030985
2024-01-01 00:00:20.500,-0.047133,-0.321888,9.534503,0.100867,0.464003,-0.147078
2024-01-01 00:00:20.510,-0.423844,-0.384137,9.665551,-0.488846,0.206336,-0.224729
2024-01-01 00:00:20.520,-0.41911,-0.370536,10.153364,-0.145928,0.151544,0.122822
2024-01-01 00:00:20.530,-0.383927,-0.475532,10.243638,-0.242286,0.061828,-0.187436
2024-01-01 00:00:20.540,-0.626507,-0.644974,10.310214,-0.119238,0.145823,-0.086547
2024-01-01 00:00:20.550,-0.553628,-0.604432,10.817872,-0.426428,0.255649,0.03154
2024-01-01 00:00:20.560,-0.515602,-0.214909,10.665269,-0.466398,0.281257,-0.096158
2024-01-01 00:00:20.570,-0.274052,-0.327836,10.487397,-0.45839,-0.196476,-0.217098
2024-01-01 00:00:20.580,-0.422845,-0.332793,10.652679,-0.459465,0.246608,-0.204777
2024-01-01 00:00:20.590,-0.460796,-0.361773,10.044168,-0.227877,-0.393251,-0.291391
2024-01-01 00:00:20.600,-0.351104,-0.308615,10.426068,-0.603579,-0.085266,-0.129032
2024-01-01 00:00:20.610,-0.568036,-0.007593,10.305236,-0.517492,-0.47276,-0.168607
2024-01-01 00:00:20.620,-0.479165,-0.252386,9.392998,-0.739965,-0.555626,-0.283633
2024-01-01 00:00:20.630,-0.591935,-0.421027,10.325676,-0.247187,-0.581307,-0.342255
2024-01-01 00:00:20.640,-0.529522,0.02917,9.269214,-0.20816,-0.496544,-0.374871
2024-01-01 00:00:20.650,-0.707665,-0.12671,9.478788,-0.502208,-0.413263,-0.147646
2024-01-01 00:00:20.660,-1.084572,-0.045221,9.722814,-0.501237,-0.417754,-0.236633
2024-01-01 00:00:20.670,-0.626508,0.304496,9.369023,-0.368159,-0.718643,-0.228357
2024-01-01 00:00:20.680,-0.315081,0.013431,8.71922,-0.184316,-0.726785,-0.332141
2024-01-01 00:00:20.690,-0.411501,0.109858,8.294356,-0.374008,-0.703088,-0.394994
2024-01-01 00:00:20.700,-0.397926,-0.149534,8.644683,-0.568812,-0.537311,-0.149991
2024-01-01 00:00:20.710,-0.335217,0.076135,8.294415,-0.728221,-0.524396,-0.238481
2024-01-01 00:00:20.720,-0.553367,0.275218,7.501058,-0.629046,-0.617611,-0.147234
2024-01-01 00:00:20.730,-0.517561,-0.125251,7.230197,-0.404589,-0.349537,-0.270687
2024-01-01 00:00:20.740,-0.663819,0.257616,6.487628,-0.523176,0.065309,-0.248802
2024-01-01 00:00:20.750,-0.584186,0.26819,7.348704,-0.355635,-0.370162,-0.145742
2024-01-01 00:00:20.760,-0.376011,0.285689,7.130978,-0.4739,-0.289373,-0.134751
2024-01-01 00:00:20.770,-0.234197,0.512937,7.600004,-0.546697,-0.038595,-0.118149
2024-01-01 00:00:20.780,-0.476402,0.399007,7.20406,-0.54825,-0.165254,-0.2164
2024-01-01 00:00:20.790,-0.509947,0.65276,7.630779,-0.033708,0.131648,-0.113507
2024-01-01 00:00:20.800,-0.389193,0.181749,6.738807,-0.131956,-0.042417,-0.051298
2024-01-01 00:00:20.810,-0.236586,0.429154,7.620963,0.043872,0.49073,-0.159155
2024-01-01 00:00:20.820,-0.611423,0.438444,6.959816,-0.144798,0.293963,-0.185787
2024-01-01 00:00:20.830,-0.746171,0.225268,7.667937,-0.2926,0.186827,0.014719
2024-01-01 00:00:20.840,-0.359954,0.645847,6.810631,0.050816,0.253298,-0.169547
2024-01-01 00:00:20.850,-0.455707,0.93282,7.747955,-0.164626,0.320751,-0.025204
2024-01-01 00:00:20.860,-0.2739,0.475546,6.946783,-0.089452,0.706414,-0.077622
2024-01-01 00:00:20.870,-0.161711,0.588725,7.936329,-0.106825,0.268259,-0.239221
2024-01-01 00:00:20.880,-0.182057,0.511067,8.486115,-0.598999,0.40424,0.074773
2024-01-01 00:00:20.890,0.24027,0.355528,8.295281,0.251185,0.441194,-0.296712
2024-01-01 00:00:20.900,0.05655,0.135794,8.304514,0.081781,0.54694,-0.202079
2024-01-01 00:00:20.910,0.092762,0.358104,9.406466,0.083869,0.49794,0.066344
2024-01-01 00:00:20.920,0.198419,0.217793,9.223921,0.044363,0.264857,0.083531
2024-01-01 00:00:20.930,-0.112832,0.831561,9.286529,0.115618,0.437668,-0.015869
2024-01-01 00:00:20.940,0.363164,0.45993,9.749125,0.008996,0.458347,0.079508
2024-01-01 00:00:20.950,0.179855,0.403671,11.123024,0.25724,0.320746,-0.17189
2024-01-01 00:00:20.960,0.367837,0.63833,10.640726,-0.059972,0.50668,0.16809
2024-01-01 00:00:20.970,0.056986,0.221592,10.805277,0.237011,0.490498,0.138038
2024-01-01 00:00:20.980,-0.003074,0.275882,10.610864,0.331842,0.246634,0.123635
2024-01-01 00:00:20.990,0.506106,0.424131,10.59228,0.221135,0.233003,0.144804
2024-01-01 00:00:21.000,0.451023,0.595571,9.509407,0.348562,-0.270378,0.205884
2024-01-01 00:00:21.010,0.226749,0.467592,10.318832,0.126929,-0.032344,0.16676
2024-01-01 00:00:21.020,0.262699,0.392602,10.41059,0.153625,0.148334,-0.005476
2024-01-01 00:00:21.030,0.689105,0.332605,9.75132,0.390623,-0.184119,0.412974
2024-01-01 00:00:21.040,0.251305,0.369558,10.008664,0.489029,-0.313914,0.323908
2024-01-01 00:00:21.050,0.840553,0.300988,9.540161,0.046538,0.15893,0.084847
2024-01-01 00:00:21.060,0.35228,0.024564,10.285754,0.493267,0.011325,0.187321
2024-01-01 00:00:21.070,0.677923,0.208573,10.514788,0.314908,-0.290966,0.205665
2024-01-01 00:00:21.080,0.499733,-0.047534,10.462607,0.389388,-0.221985,0.343492
2024-01-01 00:00:21.090,0.698605,0.150468,9.947768,0.192362,-0.871365,0.024893
2024-01-01 00:00:21.100,0.478893,0.004528,9.106368,0.287496,-0.647179,0.194981
2024-01-01 00:00:21.110,0.562098,0.574459,8.435697,0.619895,-0.615086,0.07171
2024-01-01 00:00:21.120,0.606939,0.024211,8.270695,0.454982,-0.587917,0.220972
2024-01-01 00:00:21.130,0.399556,-0.283205,8.241988,0.381095,-0.638165,0.202747
2024-01-01 00:00:21.140,0.746529,-0.063729,8.165111,0.427805,-1.003016,0.257288
2024-01-01 00:00:21.150,0.491234,0.03262,8.250337,0.533466,-0.458178,0.186961
2024-01-01 00:00:21.160,0.540831,0.229402,7.632668,0.519202,-0.403382,0.169294
2024-01-01 00:00:21.170,0.377553,-0.256677,8.022545,0.418812,-0.176907,0.302142
2024-01-01 00:00:21.180,0.051074,-0.488124,7.564772,0.619388,-0.562272,0.280276
2024-01-01 00:00:21.190,0.50976,-0.040304,7.495488,0.585657,-0.524109,0.283459
2024-01-01 00:00:21.200,1.012295,-0.51085,7.850869,0.471736,-0.789964,0.203048
2024-01-01 00:00:21.210,0.665968,-0.351899,6.682152,0.391615,-0.294625,0.154929
2024-01-01 00:00:21.220,0.482038,-0.344866,7.308037,0.482735,-0.009183,0.190569
2024-01-01 00:00:21.230,0.407833,-0.33454,7.052346,0.401877,-0.20783,0.241954
2024-01-01 00:00:21.240,0.437226,-0.20852,6.881395,0.515493,0.363644,-0.037373
2024-01-01 00:00:21.250,0.51241,-0.507164,7.436992,0.464161,0.007597,0.207322
2024-01-01 00:00:21.260,0.135152,-0.447498,7.475544,0.0952,0.155176,0.185628
2024-01-01 00:00:21.270,0.560733,-0.416044,6.728835,0.057928,-0.044166,0.146994
2024-01-01 00:00:21.280,0.445884,-0.401734,7.179531,0.100881,0.321528,0.111239
2024-01-01 00:00:21.290,0.409938,-0.428489,7.524739,0.37543,-0.022965,-0.145653
2024-01-01 00:00:21.300,0.316216,-0.375114,7.439364,-0.112345,0.515299,0.051232
2024-01-01 00:00:21.310,0.193572,-0.305598,8.013702,0.213293,0.570498,0.257964
2024-01-01 00:00:21.320,0.284444,-0.405624,8.085813,0.177661,0.72604,0.063737
2024-01-01 00:00:21.330,0.22774,-0.400905,9.009385,0.29131,0.329851,0.014845
2024-01-01 00:00:21.340,-0.002447,-0.813189,7.733881,0.083732,0.564622,0.030174
2024-01-01 00:00:21.350,-0.087703,-0.489447,8.612963,-0.221515,0.649257,0.046735
2024-01-01 00:00:21.360,0.005917,-0.403953,8.507877,-0.183525,0.628972,0.059859
2024-01-01 00:00:21.370,0.253946,-0.35204,9.435541,-0.254653,0.384712,-0.046162
2024-01-01 00:00:21.380,-0.344816,-0.631894,8.676584,-0.169576,0.090697,0.002078
2024-01-01 00:00:21.390,-0.431172,-0.618469,9.789808,-0.136173,0.554543,0.110304
2024-01-01 00:00:21.400,-0.14473,-0.592393,9.564753,-0.343041,0.426083,0.026591
2024-01-01 00:00:21.410,-0.206671,-0.35892,9.712771,0.102083,0.304317,0.143677
2024-01-01 00:00:21.420,-0.22031,-0.245829,9.56393,-0.429784,0.488856,-0.171918
2024-01-01 00:00:21.430,-0.243099,-0.518337,10.150844,0.023381,0.281582,0.045998
2024-01-01 00:00:21.440,-0.372047,-0.237405,10.964217,-0.032226,-0.014996,-0.215487
2024-01-01 00:00:21.450,-0.063387,-0.374452,10.549495,-0.109325,-0.196658,-0.11521
2024-01-01 00:00:21.460,-0.713766,-0.402248,10.894883,-0.420067,-0.126548,-0.090746
2024-01-01 00:00:21.470,-0.58963,-0.396108,11.379087,-0.256307,0.431606,-0.227715
2024-01-01 00:00:21.480,-0.472901,-0.179258,10.731897,-0.569115,0.055146,-0.179641
2024-01-01 00:00:21.490,-0.807047,-0.236644,10.310915,-0.194843,-0.115391,-0.108291
2024-01-01 00:00:21.500,-0.537453,0.181668,10.688735,-0.390029,-0.253576,-0.280311
2024-01-01 00:00:21.510,-0.191461,-0.414373,10.118166,-0.466494,-0.332727,-0.051293
2024-01-01 00:00:21.520,-0.538548,-0.109573,9.991471,-0.627318,-0.139919,-0.364595
2024-01-01 00:00:21.530,-0.512962,-0.28728,9.363365,-0.865277,-0.493458,-0.03899
2024-01-01 00:00:21.540,-0.82484,-0.322676,10.26975,-0.616543,-0.348707,-0.138537
2024-01-01 00:00:21.550,-0.707048,-0.117661,9.465323,-0.237528,-0.554033,-0.252213
2024-01-01 00:00:21.560,-0.666994,-0.054133,9.491614,-0.516476,-0.171471,-0.286915
2024-01-01 00:00:21.570,-0.660849,0.536304,8.703067,-0.478458,-0.406531,-0.29958
2024-01-01 00:00:21.580,-0.343474,-0.04966,9.118529,-0.331852,-0.325075,-0.263497
2024-01-01 00:00:21.590,-0.487895,-0.204306,8.33082,-0.124554,-0.653116,-0.254613
2024-01-01 00:00:21.600,-0.818491,0.110789,8.364249,-0.208649,-0.345645,-0.122894
2024-01-01 00:00:21.610,-0.540816,-0.324553,8.585038,-0.617608,-0.570326,-0.049017
2024-01-01 00:00:21.620,-0.481571,0.105741,8.320073,-0.785574,-0.462395,-0.222235
2024-01-01 00:00:21.630,-0.341507,0.1605,7.745061,-0.002422,-0.146827,-0.32187
2024-01-01 00:00:21.640,-0.239028,0.348627,6.77058,-0.007934,-0.579348,-0.285879
2024-01-01 00:00:21.650,-0.741102,0.415937,8.748394,-0.369641,-0.298101,-0.24251
2024-01-01 00:00:21.660,-0.680631,0.150947,8.049923,-0.617532,-0.192492,-0.319037
2024-01-01 00:00:21.670,-0.747873,0.250785,7.482037,-0.198888,-0.1092,-0.32471
2024-01-01 00:00:21.680,-0.518689,0.155587,6.742378,-0.373351,-0.211538,0.013094
2024-01-01 00:00:21.690,-0.351886,0.109627,6.988073,-0.354204,0.320024,-0.155221
2024-01-01 00:00:21.700,-0.218836,0.422045,6.786705,-0.151224,-0.212639,-0.256773
2024-01-01 00:00:21.710,-0.400649,0.128455,7.626373,-0.228906,0.35861,-0.078947
2024-01-01 00:00:21.720,-0.416742,0.321522,7.235992,-0.478026,0.388452,-0.264823
2024-01-01 00:00:21.730,-0.28805,0.224755,6.857904,-0.297255,0.582389,-0.242269
2024-01-01 00:00:21.740,-0.449537,0.551044,7.12276,-0.092874,0.020251,-0.198016
2024-01-01 00:00:21.750,0.172641,0.816603,7.991504,-0.092104,0.209802,0.063257
2024-01-01 00:00:21.760,-0.528384,0.209029,8.385021,-0.107976,0.68781,-0.111476
2024-01-01 00:00:21.770,-0.130501,0.10953,8.552974,0.042429,0.126458,-0.313941
2024-01-01 00:00:21.780,0.277475,0.463649,8.424555,-0.160544,0.211363,0.067987
2024-01-01 00:00:21.790,-0.085075,0.497924,8.203118,-0.032666,0.439276,-0.066653
2024-01-01 00:00:21.800,-0.083219,0.54231,7.100823,-0.641513,0.578313,-0.203779
2024-01-01 00:00:21.810,-0.07526,0.410726,8.941096,-0.083765,0.836557,-0.03324
2024-01-01 00:00:21.820,0.001609,0.458885,9.054852,0.165768,0.512312,0.067803
2024-01-01 00:00:21.830,0.353534,0.569153,9.36266,-0.011047,0.421464,0.073307
2024-01-01 00:00:21.840,-0.322507,0.698007,9.558949,0.005978,0.562149,0.229785
2024-01-01 00:00:21.850,0.46688,0.09084,9.159451,-0.067317,0.556116,-0.01853
2024-01-01 00:00:21.860,-0.085036,0.397689,10.210995,0.330423,0.507499,0.087904
2024-01-01 00:00:21.870,0.185033,0.501612,10.426976,0.277496,0.344354,0.029361
2024-01-01 00:00:21.880,0.189984,0.260436,10.606794,0.355449,-0.034394,-0.039289
2024-01-01 00:00:21.890,0.429694,0.773325,10.854907,-0.076731,0.08742,0.218546
2024-01-01 00:00:21.900,0.027019,0.281028,10.799452,0.231102,0.438487,0.190762
2024-01-01 00:00:21.910,0.472083,0.378921,10.40939,0.234316,0.143267,0.186555
2024-01-01 00:00:21.920,0.8157,0.475603,10.594628,0.257626,-0.023795,0.213862
2024-01-01 00:00:21.930,0.16743,0.221619,10.665818,0.219164,0.15954,0.114813
2024-01-01 00:00:21.940,0.505131,-0.055585,10.63732,0.288093,-0.320345,0.094093
2024-01-01 00:00:21.950,0.359685,0.200354,10.968521,0.521997,-0.230447,0.208799
2024-01-01 00:00:21.960,0.599799,0.462961,10.707193,0.041653,-0.234424,0.330547
2024-01-01 00:00:21.970,0.538533,0.159453,11.220259,0.720941,-0.403056,0.383601
2024-01-01 00:00:21.980,0.423933,0.026221,11.118494,0.501264,-0.363681,0.309639
2024-01-01 00:00:21.990,0.664693,0.348383,9.976821,0.417719,-0.466524,0.239217
2024-01-01 00:00:22.000,0.940167,0.064055,8.008671,0.597703,-0.727281,0.268352
2024-01-01 00:00:22.010,0.550527,-0.005483,10.068649,0.1802,-0.476318,0.246454
2024-01-01 00:00:22.020,0.739257,0.092319,9.032792,0.326833,-0.771956,0.145449
2024-01-01 00:00:22.030,0.340403,0.182157,8.670668,0.4275,-0.516738,0.252072
2024-01-01 00:00:22.040,0.408661,0.469796,8.603565,0.695762,-0.302467,0.116496
2024-01-01 00:00:22.050,0.692454,0.124377,8.334307,0.44011,-0.593163,0.236747
2024-01-01 00:00:22.060,0.889962,0.156571,8.568874,0.525864,-0.735855,0.410752
2024-01-01 00:00:22.070,0.656594,-0.210556,7.359907,0.33298,-0.520233,0.326233
2024-01-01 00:00:22.080,0.512395,-0.34798,7.359647,0.518887,-0.610022,0.147274
2024-01-01 00:00:22.090,0.561653,-0.163102,7.800822,0.723249,-0.307362,0.226838
2024-01-01 00:00:22.100,0.295816,-0.186057,7.751099,0.588618,-0.387207,0.14402
2024-01-01 00:00:22.110,0.648296,-0.454125,7.609789,0.380882,0.007876,0.213496
2024-01-01 00:00:22.120,0.682834,-0.303273,6.846055,0.501364,-0.024131,0.315097
2024-01-01 00:00:22.130,0.392505,-0.216861,6.67024,0.466145,-0.190155,0.266519
2024-01-01 00:00:22.140,0.363162,-0.251738,6.825538,0.434064,0.040182,0.438902
2024-01-01 00:00:22.150,0.48241,-0.248505,7.138443,0.522077,-0.083745,0.298095
2024-01-01 00:00:22.160,0.311903,-0.315045,7.710294,0.498241,0.069062,0.186753
2024-01-01 00:00:22.170,0.354125,-0.496733,6.165947,0.252625,0.072603,0.220778
2024-01-01 00:00:22.180,0.753646,-0.518315,7.066698,0.365814,0.347706,0.118798
2024-01-01 00:00:22.190,0.249051,-0.673543,6.676819,0.154885,0.53576,0.011606
2024-01-01 00:00:22.200,0.190117,-0.092943,6.673168,0.030186,0.484354,0.239655
2024-01-01 00:00:22.210,0.094355,-0.461204,8.018942,0.119389,0.56282,0.194176
2024-01-01 00:00:22.220,0.333711,-0.520644,8.019815,0.124924,0.611714,0.052925
2024-01-01 00:00:22.230,0.108752,-0.670939,8.188047,-0.190337,0.584985,0.087809
2024-01-01 00:00:22.240,-0.025445,0.094763,8.627447,0.233182,0.311606,0.167606
2024-01-01 00:00:22.250,0.327624,-0.71187,8.236075,-0.450596,0.843907,0.111036
2024-01-01 00:00:22.260,0.305914,-0.585434,8.50344,0.505162,0.873316,-0.137146
2024-01-01 00:00:22.270,-0.139566,-0.416569,9.930403,0.255728,0.506742,0.016245
2024-01-01 00:00:22.280,-0.43417,-0.377378,9.082334,-0.092628,0.471956,-0.042122
2024-01-01 00:00:22.290,0.09955,-0.301142,9.763631,-0.074768,0.628473,0.06882
2024-01-01 00:00:22.300,-0.279482,-0.124161,9.663717,-0.052382,0.58705,0.043706
2024-01-01 00:00:22.310,-0.024354,-0.375084,9.041292,-0.242908,0.411904,0.055828
2024-01-01 00:00:22.320,-0.61555,-0.675878,9.145177,-0.131475,0.175044,-0.204093
2024-01-01 00:00:22.330,-0.081002,-0.502198,9.973388,-0.220561,0.399231,-0.186545
2024-01-01 00:00:22.340,-0.538507,-0.373225,10.851047,-0.239174,0.381049,-0.012039
2024-01-01 00:00:22.350,-0.185456,-0.003051,10.842894,-0.216044,0.344645,-0.197335
2024-01-01 00:00:22.360,-0.362506,-0.676171,10.980204,-0.510456,0.204991,-0.304377
2024-01-01 00:00:22.370,-0.588155,-0.134114,10.172211,-0.290902,0.018726,-0.11231
2024-01-01 00:00:22.380,-0.508881,-0.314875,11.356935,-0.291185,0.170567,-0.232836
2024-01-01 00:00:22.390,-0.318275,-0.157844,10.174643,-0.318461,-0.072222,-0.010829
2024-01-01 00:00:22.400,-0.460248,-0.318807,10.649711,-0.39992,-0.241878,-0.170976
2024-01-01 00:00:22.410,-0.388132,-0.438466,10.461466,-0.173947,-0.261806,-0.194397
2024-01-01 00:00:22.420,-0.130901,-0.090087,10.268833,-0.458299,-0.610282,-0.25617
2024-01-01 00:00:22.430,-0.857698,-0.078509,10.801434,-0.367719,-0.389879,-0.067937
2024-01-01 00:00:22.440,-0.237464,0.016883,9.707623,-0.187167,-0.287409,-0.197856
2024-01-01 00:00:22.450,-0.553413,-0.147474,9.220645,-0.445001,-0.396567,-0.280135
2024-01-01 00:00:22.460,-0.764674,-0.231371,9.620959,-0.400084,-0.22167,-0.323124
2024-01-01 00:00:22.470,-0.858818,-0.389224,9.201105,-0.461915,-0.57093,-0.254329
2024-01-01 00:00:22.480,-0.635585,0.120717,10.659397,-0.225594,-0.454088,-0.346832
2024-01-01 00:00:22.490,-0.41558,0.076136,9.19664,-0.496323,-0.406978,-0.147075
2024-01-01 00:00:22.500,-0.624703,-0.167241,8.459458,-0.218391,-0.125331,-0.430498
2024-01-01 00:00:22.510,-0.293383,-0.047366,7.923418,-0.465356,-0.507918,-0.262124
2024-01-01 00:00:22.520,-0.879423,0.001141,7.31578,-0.596594,-0.698666,-0.184482
2024-01-01 00:00:22.530,-0.582365,-0.16841,7.476556,-0.312673,-0.325073,-0.207433
2024-01-01 00:00:22.540,-0.818413,-0.002269,7.782653,-0.480791,-0.099738,-0.308368
2024-01-01 00:00:22.550,-0.480482,-0.033189,8.187233,-0.303216,-0.443181,-0.164478
2024-01-01 00:00:22.560,-0.358462,0.142467,7.888232,-0.893172,-0.175929,-0.31187
2024-01-01 00:00:22.570,-0.600062,0.107534,7.352716,-0.385996,-0.042106,-0.217201
2024-01-01 00:00:22.580,-1.014358,-0.041037,7.000519,-0.452866,-0.011132,-0.140447
2024-01-01 00:00:22.590,-0.428973,0.716614,7.195379,-0.542959,-0.098823,-0.149027
2024-01-01 00:00:22.600,-0.354423,0.588845,6.803009,-0.430911,-0.17205,-0.251575
2024-01-01 00:00:22.610,-0.331808,0.207157,7.805883,-0.412767,0.015027,-0.052195
2024-01-01 00:00:22.620,-0.134435,0.440335,6.978017,-0.294831,0.187622,-0.150327
2024-01-01 00:00:22.630,-0.562904,0.490389,7.088564,-0.507639,0.341964,-0.070989
2024-01-01 00:00:22.640,-0.178085,0.664215,6.227061,-0.178667,0.308598,0.022023
2024-01-01 00:00:22.650,-0.039562,0.279344,7.263656,0.037371,0.245364,-0.004108
2024-01-01 00:00:22.660,-0.596386,0.676435,7.883662,-0.129934,0.472986,0.011734
2024-01-01 00:00:22.670,-0.138194,0.361194,7.207662,-0.005976,0.579982,-0.064951
2024-01-01 00:00:22.680,-0.263451,0.214114,7.553005,0.07506,0.53753,0.011637
2024-01-01 00:00:22.690,-0.138632,0.634325,8.46817,0.130822,0.353763,-0.02961
2024-01-01 00:00:22.700,-0.011921,0.753523,7.681291,0.275533,0.497073,-0.154873
2024-01-01 00:00:22.710,-0.137641,1.016459,9.065378,-0.120003,0.715671,0.013526
2024-01-01 00:00:22.720,-0.133885,0.260054,8.598078,-0.128384,0.301052,0.02616
2024-01-01 00:00:22.730,0.049534,0.638516,8.910717,0.173052,0.167656,0.076166
2024-01-01 00:00:22.740,-0.133503,0.413122,8.822979,0.190448,0.799922,0.022178
2024-01-01 00:00:22.750,-0.092377,0.645738,9.732476,0.233213,0.594473,-0.024151
2024-01-01 00:00:22.760,0.300908,0.186616,10.888949,0.463846,0.57599,0.134414
2024-01-01 00:00:22.770,-0.025269,0.217511,10.335157,0.155414,0.228401,-0.046123
2024-01-01 00:00:22.780,0.376232,0.301995,9.774012,0.258935,0.502373,0.247119
2024-01-01 00:00:22.790,0.372807,0.457883,10.827981,0.033746,0.359495,0.093645
2024-01-01 00:00:22.800,-0.028894,0.296681,10.300071,0.621559,-0.040812,0.156331
2024-01-01 00:00:22.810,0.215223,0.537486,11.155937,0.202474,0.430489,0.201996
2024-01-01 00:00:22.820,0.62235,0.589893,10.962671,0.232167,0.129109,0.218872
2024-01-01 00:00:22.830,0.218255,0.481432,9.303718,0.248451,-0.046241,0.031805
2024-01-01 00:00:22.840,0.350587,0.660548,10.170434,0.216519,-0.118954,0.267187
2024-01-01 00:00:22.850,0.56274,0.393622,11.007168,0.221447,-0.488654,0.226285
2024-01-01 00:00:22.860,0.651619,0.039259,10.576916,0.276939,-0.091709,0.142699
2024-01-01 00:00:22.870,0.466881,0.526145,9.94241,0.142049,-0.22018,0.140529
2024-01-01 00:00:22.880,0.417464,0.102059,9.982385,0.261367,-0.365951,0.190331
2024-01-01 00:00:22.890,0.838651,0.373728,9.246651,0.766446,-0.158272,0.101033
2024-01-01 00:00:22.900,0.91652,0.47403,9.877319,0.558973,-0.687462,0.409202
2024-01-01 00:00:22.910,0.776358,0.217498,10.703773,0.602102,-0.587387,0.390526
2024-01-01 00:00:22.920,0.606721,-0.206797,9.84628,0.654141,-0.665407,0.290861
2024-01-01 00:00:22.930,0.434259,-0.125374,10.232359,0.777078,-0.585244,0.225957
2024-01-01 00:00:22.940,0.43323,0.288372,9.398407,0.130633,-0.535358,0.230005
2024-01-01 00:00:22.950,0.704364,-0.044561,9.215081,0.228517,-0.47209,0.325749
2024-01-01 00:00:22.960,0.681218,-0.02933,9.393912,0.303484,-0.603448,0.424757
2024-01-01 00:00:22.970,0.87268,0.072229,8.4344,0.359719,-0.68009,0.189777
2024-01-01 00:00:22.980,0.714441,0.025817,7.950227,0.384161,-0.189889,0.131721
2024-01-01 00:00:22.990,0.272935,-0.091057,8.284209,0.349707,-0.021061,0.393743
2024-01-01 00:00:23.000,0.770399,-0.221219,8.278066,0.459483,-0.382462,0.054623
2024-01-01 00:00:23.010,0.34418,-0.27383,7.235203,0.414197,-0.489778,0.125727
2024-01-01 00:00:23.020,0.448182,-0.070517,6.980152,0.263622,-0.02653,0.194054
2024-01-01 00:00:23.030,0.553693,-0.161027,7.250129,-0.013859,-0.485507,0.053812
2024-01-01 00:00:23.040,0.879056,-0.351547,7.475957,0.181225,-0.214031,0.311182
2024-01-01 00:00:23.050,1.075882,-0.110576,7.408053,0.241561,-0.204818,0.274815
2024-01-01 00:00:23.060,0.547051,-0.378154,6.389166,0.274805,-0.212461,0.119898
2024-01-01 00:00:23.070,0.35884,-0.546346,7.905756,0.093269,0.021694,0.292745
2024-01-01 00:00:23.080,0.470264,-0.549677,6.806565,0.184177,-0.008985,0.296331
2024-01-01 00:00:23.090,0.507042,-0.613599,7.058485,0.043555,0.220513,0.125979
2024-01-01 00:00:23.100,0.22995,-0.490304,6.885787,0.197916,0.290631,0.077468
2024-01-01 00:00:23.110,0.616294,-0.204966,8.649806,-0.000217,0.235948,0.333149
2024-01-01 00:00:23.120,0.265205,-0.62646,7.714687,0.01159,0.336505,0.163446
2024-01-01 00:00:23.130,0.279631,-0.439253,7.416383,-0.100502,0.409357,0.100667
2024-01-01 00:00:23.140,0.273298,-0.617514,8.401331,0.077455,0.635787,0.194735
2024-01-01 00:00:23.150,0.183792,-0.545142,8.587524,-0.081355,0.493047,0.071641
2024-01-01 00:00:23.160,0.226149,-0.799637,8.397019,0.206992,0.688039,-0.026245
2024-01-01 00:00:23.170,-0.106483,-0.543908,9.106506,0.085779,0.654567,0.015086
2024-01-01 00:00:23.180,-0.136166,-0.538324,8.605531,-0.030953,0.651041,0.093655
2024-01-01 00:00:23.190,-0.285893,-0.388921,9.000973,-0.192944,0.786558,-0.226661
2024-01-01 00:00:23.200,-0.019004,-0.447343,8.556566,-0.011685,0.313589,-0.073347
2024-01-01 00:00:23.210,0.008352,-0.724348,9.091713,0.013749,0.398408,0.076874
2024-01-01 00:00:23.220,-0.095708,-0.258184,10.710883,-0.114763,0.760244,-0.129213
2024-01-01 00:00:23.230,0.108704,-0.421048,10.825673,0.119021,0.347349,0.060363
2024-01-01 00:00:23.240,-0.265165,-0.409302,10.282219,-0.115299,-0.169755,0.031455
2024-01-01 00:00:23.250,-0.166886,-0.434543,11.13936,-0.061027,0.237301,-0.131817
2024-01-01 00:00:23.260,-0.554128,-0.517917,10.427634,-0.227799,0.229765,-0.196766
2024-01-01 00:00:23.270,-0.446756,-0.350484,10.466886,-0.155383,-0.337887,-0.182626
2024-01-01 00:00:23.280,-0.262013,-0.276723,10.645265,-0.444261,0.298478,0.099328
2024-01-01 00:00:23.290,-0.261167,-0.69724,10.572867,-0.405752,-0.146038,0.007864
2024-01-01 00:00:23.300,-0.517589,-0.42997,10.507145,-0.281211,-0.034032,-0.178626
2024-01-01 00:00:23.310,-0.498731,-0.346025,11.05955,-0.30173,-0.207674,-0.262653
2024-01-01 00:00:23.320,-0.811287,-0.215209,10.52088,-0.289414,-0.469538,-0.199842
2024-01-01 00:00:23.330,-0.599993,0.002084,10.651244,-0.198369,-0.496426,-0.195862
2024-01-01 00:00:23.340,-0.36886,-0.359931,10.64341,-0.666697,-0.532352,-0.352226
2024-01-01 00:00:23.350,-0.447631,-0.273197,10.176877,-0.597406,-0.221969,-0.226443
2024-01-01 00:00:23.360,-0.475587,-0.243305,9.366099,-0.390467,-0.489331,-0.107643
2024-01-01 00:00:23.370,-0.576062,-0.267623,8.975889,-0.569898,-0.593261,-0.424109
2024-01-01 00:00:23.380,-0.5921,-0.142762,9.419182,0.162863,-0.694573,-0.164639
2024-01-01 00:00:23.390,-0.730238,0.115179,9.032747,-0.355801,-0.328007,-0.111759
2024-01-01 00:00:23.400,-0.460211,-0.215219,8.901379,-0.464082,-0.286357,-0.306046
2024-01-01 00:00:23.410,-0.514717,0.115662,8.606458,-0.541968,-0.33276,-0.080129
2024-01-01 00:00:23.420,-0.496582,-0.275875,9.532048,-0.532669,-0.443053,-0.316944
2024-01-01 00:00:23.430,-0.693424,-0.013663,7.535388,-0.435737,-0.45505,-0.200982
2024-01-01 00:00:23.440,-1.009306,0.066334,7.016351,-0.413821,-0.691933,-0.271776
2024-01-01 00:00:23.450,-0.346862,0.5002,7.856762,-0.506926,-0.474126,-0.266655
2024-01-01 00:00:23.460,-0.64701,0.142474,7.354601,-0.462599,-0.501582,-0.291414
2024-01-01 00:00:23.470,-0.706114,-0.211552,7.507952,-0.158198,-0.648462,-0.152458
2024-01-01 00:00:23.480,-0.374629,-0.140911,7.498152,-0.135783,-0.064879,-0.129005
2024-01-01 00:00:23.490,-0.569041,0.294606,7.713376,-0.322613,-0.310802,-0.210875
2024-01-01 00:00:23.500,-0.253621,0.438113,6.389748,-0.590633,0.102854,-0.33
2024-01-01 00:00:23.510,-0.314951,0.416501,6.783584,-0.231834,0.121581,-0.14233
2024-01-01 00:00:23.520,-0.272288,0.399344,7.227441,-0.026981,0.139067,-0.128216
2024-01-01 00:00:23.530,-0.650889,0.620953,7.415873,-0.036713,0.224426,-0.179046
2024-01-01 00:00:23.540,-0.1022,0.301399,8.124498,-0.126245,0.076422,0.043144
2024-01-01 00:00:23.550,-0.257583,0.607159,7.668104,0.023661,0.591089,-0.28549
2024-01-01 00:00:23.560,-0.347453,0.118588,7.343464,-0.195589,0.329037,-0.335727
2024-01-01 00:00:23.570,-0.207377,0.278689,7.127194,-0.063982,0.434087,-0.17144
2024-01-01 00:00:23.580,-0.55263,0.110762,7.457688,-0.270577,0.314121,-0.011201
2024-01-01 00:00:23.590,-0.076038,0.427436,7.649981,-0.065719,0.306334,-0.171322
2024-01-01 00:00:23.600,-0.323275,0.481083,8.434066,0.151265,0.593799,-0.147014
2024-01-01 00:00:23.610,-0.347006,0.518743,8.49056,-0.16345,0.571284,0.063239
2024-01-01 00:00:23.620,-0.339649,0.511517,8.023656,-0.181443,0.404135,0.031598
2024-01-01 00:00:23.630,0.228823,0.314462,8.671553,0.022262,0.290962,0.040325
2024-01-01 00:00:23.640,-0.078135,0.460368,9.510296,-0.005011,0.314456,0.098025
2024-01-01 00:00:23.650,0.395668,0.194989,9.515889,0.183538,0.741143,-0.005468
2024-01-01 00:00:23.660,0.022542,0.760824,9.845701,0.01569,0.388212,0.016144
2024-01-01 00:00:23.670,-0.17161,0.41882,9.97979,0.436715,0.400834,0.151754
2024-01-01 00:00:23.680,-0.014095,0.370843,10.738374,-0.075234,0.677323,-0.047318
2024-01-01 00:00:23.690,0.494721,0.773245,10.289246,0.411341,0.160752,-0.111123
2024-01-01 00:00:23.700,0.253545,0.191667,10.160033,0.07587,0.171433,0.075307
2024-01-01 00:00:23.710,0.210872,0.197557,10.043665,-0.08288,0.097696,0.226641
2024-01-01 00:00:23.720,0.386807,0.183967,10.659054,0.30892,0.456602,0.173391
2024-01-01 00:00:23.730,0.487738,0.368248,9.506616,0.244707,0.450278,0.247138
2024-01-01 00:00:23.740,0.641589,0.444935,10.546323,0.113852,0.151123,-0.027417
2024-01-01 00:00:23.750,0.736539,0.481617,10.526598,0.032481,0.080922,0.217733
2024-01-01 00:00:23.760,0.40148,0.82156,9.96103,0.35357,-0.239334,0.26265
2024-01-01 00:00:23.770,0.232556,-0.170715,10.079826,0.548975,0.143441,0.072323
2024-01-01 00:00:23.780,0.437027,0.371596,10.752563,0.495082,-0.227147,0.302756
2024-01-01 00:00:23.790,0.591247,0.107906,10.352962,0.4146,-0.184771,0.213511
2024-01-01 00:00:23.800,0.363333,0.070484,10.128779,0.503256,-0.413866,0.538836
2024-01-01 00:00:23.810,0.378892,0.031351,10.030745,0.422843,-0.492119,0.019911
2024-01-01 00:00:23.820,0.650592,-0.059653,9.724195,0.179026,-0.185054,0.379342
2024-01-01 00:00:23.830,0.580836,0.425219,10.015151,0.187164,-0.418533,0.206654
2024-01-01 00:00:23.840,0.603036,0.222564,9.272807,0.410787,-0.275872,0.086817
2024-01-01 00:00:23.850,0.447838,0.024276,8.315077,0.420735,-0.502344,0.197112
2024-01-01 00:00:23.860,0.553652,0.255278,9.456144,0.602976,-0.701726,0.277637
2024-01-01 00:00:23.870,0.412216,-0.351922,8.642601,0.584112,-0.644257,0.352523
2024-01-01 00:00:23.880,0.769579,-0.349811,7.970906,0.552579,-0.500663,0.418671
2024-01-01 00:00:23.890,0.79024,-0.553118,7.443499,0.386942,-0.601997,0.385185
2024-01-01 00:00:23.900,0.202816,-0.290701,7.972851,0.180523,-0.649261,0.141818
2024-01-01 00:00:23.910,0.372282,-0.15105,7.548887,0.492811,-0.185765,0.345593
2024-01-01 00:00:23.920,0.242342,-0.194514,8.140354,0.500767,-0.444524,0.264815
2024-01-01 00:00:23.930,0.392519,-0.215886,7.133392,-0.038043,-0.259386,0.152258
2024-01-01 00:00:23.940,0.484215,-0.55746,6.798707,0.225496,-0.163344,0.187518
2024-01-01 00:00:23.950,0.186958,-0.142797,7.496699,0.233276,-0.250767,0.127719
2024-01-01 00:00:23.960,0.266222,-0.282231,7.461177,0.359249,0.190759,0.191457
2024-01-01 00:00:23.970,0.221356,-0.208697,7.105982,0.172006,-0.195612,0.102929
2024-01-01 00:00:23.980,0.433138,-0.757315,7.354099,0.286899,0.12832,0.060402
2024-01-01 00:00:23.990,0.373218,-0.338108,7.086413,0.231616,0.199731,0.197641
2024-01-01 00:00:24.000,0.18095,-0.65769,7.295206,0.215326,0.2169,0.198414
2024-01-01 00:00:24.010,0.325055,-0.517325,7.832116,0.088317,0.060131,0.101945
2024-01-01 00:00:24.020,0.143364,-0.346619,7.736224,0.074508,0.511627,0.242057
2024-01-01 00:00:24.030,0.160171,-0.448737,7.551869,-0.033571,0.543242,0.063333
2024-01-01 00:00:24.040,0.50997,-0.648497,8.432763,0.199872,0.334522,0.042756
2024-01-01 00:00:24.050,0.403311,-0.485883,6.975373,0.204213,0.621479,0.12239
2024-01-01 00:00:24.060,-0.165404,-0.800065,9.193438,-0.067827,0.590189,0.026138
2024-01-01 00:00:24.070,0.219301,-0.267966,7.743461,0.313731,0.310792,0.030711
2024-01-01 00:00:24.080,0.174221,-0.540958,8.476175,-0.047672,0.395857,-0.247068
2024-01-01 00:00:24.090,-0.259182,-0.275684,8.988546,0.253287,0.752226,-0.010633
2024-01-01 00:00:24.100,0.092898,-0.601807,9.186256,-0.168726,0.590353,-0.212244
2024-01-01 00:00:24.110,0.195738,-0.595951,9.942212,-0.44867,0.4102,-0.168699
2024-01-01 00:00:24.120,-0.376813,-0.63646,9.237869,-0.041833,0.324596,-0.196992
2024-01-01 00:00:24.130,-0.375533,-0.298465,10.038935,-0.099286,0.344551,-0.184272
2024-01-01 00:00:24.140,-0.027311,-0.603399,9.848251,-0.166942,0.307167,-0.15107
2024-01-01 00:00:24.150,-0.214252,-0.318202,10.403711,-0.317015,0.177361,-0.160546
2024-01-01 00:00:24.160,-0.19468,-0.507083,10.376694,-0.234955,-0.047715,-0.060646
2024-01-01 00:00:24.170,-0.271825,-0.807199,10.552525,-0.346984,0.402099,-0.119404
2024-01-01 00:00:24.180,-0.295147,-0.505514,10.336015,-0.334387,0.298945,-0.345643
2024-01-01 00:00:24.190,-0.67014,-0.604848,10.393256,-0.15214,-0.179991,-0.160356
2024-01-01 00:00:24.200,-0.225007,-0.338058,10.757138,-0.292694,-0.002244,-0.149204
2024-01-01 00:00:24.210,-0.228101,-0.557084,11.023296,-0.236723,-0.264648,-0.225365
2024-01-01 00:00:24.220,-0.533239,-0.106447,10.266394,-0.407257,-0.222839,-0.209156
2024-01-01 00:00:24.230,-0.519069,-0.281104,10.049111,-0.444343,-0.307972,-0.193625
2024-01-01 00:00:24.240,-0.837169,-0.268398,10.589813,-0.605837,-0.388387,-0.144768
2024-01-01 00:00:24.250,-0.446134,-0.070578,10.144505,-0.478345,-0.010365,-0.386232
2024-01-01 00:00:24.260,-0.449987,0.023112,10.352859,-1.021099,-0.502593,-0.259598
2024-01-01 00:00:24.270,-0.589554,-0.140792,9.369592,-0.539077,-0.613178,-0.089631
2024-01-01 00:00:24.280,-0.362205,-0.257461,8.756437,-0.455044,-0.640384,-0.102949
2024-01-01 00:00:24.290,-0.661045,-0.423971,9.083435,-0.344211,-0.341064,-0.162502
2024-01-01 00:00:24.300,-0.485624,-0.172013,8.735113,-0.497271,-0.842049,-0.195711
2024-01-01 00:00:24.310,-0.803933,-0.123704,8.796431,-0.387419,-0.687272,-0.084536
2024-01-01 00:00:24.320,-0.603299,0.055692,8.297183,-0.841303,-0.284401,-0.057627
2024-01-01 00:00:24.330,-0.629187,-0.000371,8.673799,-0.455968,-0.485341,-0.26054
2024-01-01 00:00:24.340,-0.542143,0.240295,7.976599,-0.742714,-0.469038,-0.341612
2024-01-01 00:00:24.350,-0.651193,0.013672,7.953722,-0.65046,-0.08451,-0.267566
2024-01-01 00:00:24.360,-0.590906,0.157769,7.754706,-0.457148,-0.379726,0.074415
2024-01-01 00:00:24.370,-0.384028,0.438074,7.591144,-0.182201,-0.499219,-0.385785
2024-01-01 00:00:24.380,-0.618593,0.30078,7.337524,-0.331613,-0.3631,-0.268404
2024-01-01 00:00:24.390,-0.832019,0.250435,7.451404,-0.379746,-0.451322,-0.354062
2024-01-01 00:00:24.400,-0.13781,0.170828,6.767544,-0.369311,0.04922,-0.190743
2024-01-01 00:00:24.410,-0.186129,0.191953,7.691819,-0.475268,4.4e-05,-0.312944
2024-01-01 00:00:24.420,-0.693356,0.174336,6.925881,-0.424095,0.174463,-0.192085
2024-01-01 00:00:24.430,-0.267368,0.260472,6.446684,-0.227054,0.266384,-0.363888
2024-01-01 00:00:24.440,-0.474373,0.542259,7.160304,-0.529698,0.048551,-0.093979
2024-01-01 00:00:24.450,-0.287763,0.367332,6.764919,-0.148596,0.025764,-0.019624
2024-01-01 00:00:24.460,-0.246672,0.160371,7.55174,-0.299069,0.255484,-0.165693
2024-01-01 00:00:24.470,-0.315995,0.80052,8.381168,-0.053235,0.171614,-0.125643
2024-01-01 00:00:24.480,-0.388177,0.525304,7.194945,-0.000571,0.416046,-0.112767
2024-01-01 00:00:24.490,-0.330736,0.192143,7.884982,-0.445626,0.640399,-0.062171
2024-01-01 00:00:24.500,-0.336151,0.39512,7.152844,-0.219369,0.448289,-0.06753
2024-01-01 00:00:24.510,-0.27883,0.513315,8.371423,-0.238344,0.538351,0.029951
2024-01-01 00:00:24.520,-0.084918,0.837357,8.005591,-0.379903,0.517495,0.09352
2024-01-01 00:00:24.530,-0.173309,0.277746,8.368113,-0.208473,0.691712,-0.093972
2024-01-01 00:00:24.540,0.147723,0.695119,8.402286,0.447911,0.429408,-0.026219
2024-01-01 00:00:24.550,0.350177,0.777963,9.474614,0.149258,0.146144,0.112132
2024-01-01 00:00:24.560,-0.022119,0.368109,9.839697,0.415531,0.60782,-0.103045
2024-01-01 00:00:24.570,0.182487,0.431752,9.627576,0.250193,0.672447,-0.140986
2024-01-01 00:00:24.580,0.274615,0.27108,9.443679,-0.002523,0.537115,0.095414
2024-01-01 00:00:24.590,0.308316,0.426451,10.744433,0.091718,0.294937,0.138766
2024-01-01 00:00:24.600,0.267321,0.446394,9.865049,0.295016,0.151457,0.032824
2024-01-01 00:00:24.610,0.437677,0.570043,9.377199,0.295606,0.383559,0.06261
2024-01-01 00:00:24.620,0.421219,0.638457,10.67475,0.139655,0.253182,0.059301
2024-01-01 00:00:24.630,0.111313,0.2511,10.05841,-0.002664,0.133893,0.062827
2024-01-01 00:00:24.640,0.565039,-0.014361,11.054575,0.885203,0.41041,0.232353
2024-01-01 00:00:24.650,0.599159,0.351428,10.458357,0.290869,-0.163798,0.057659
2024-01-01 00:00:24.660,0.297522,0.389257,10.88735,0.279001,0.250265,0.161022
2024-01-01 00:00:24.670,0.484093,0.353727,11.198075,0.37778,-0.138067,0.10801
2024-01-01 00:00:24.680,0.637222,0.210351,9.941967,0.331726,-0.545991,0.063036
2024-01-01 00:00:24.690,0.480352,0.271161,10.118224,0.413752,-0.31553,0.304607
2024-01-01 00:00:24.700,0.755973,0.518648,10.196332,0.637684,-0.172842,0.173591
2024-01-01 00:00:24.710,1.030728,0.260224,10.753038,0.396047,-0.466942,0.251325
2024-01-01 00:00:24.720,0.414667,0.076643,9.572121,0.21961,-0.714714,0.087469
2024-01-01 00:00:24.730,0.306833,0.017994,9.388297,0.408186,-0.518312,0.16874
2024-01-01 00:00:24.740,0.652198,0.050216,9.642652,0.359983,-0.673107,0.32204
2024-01-01 00:00:24.750,0.741313,0.377285,8.927996,0.704052,-0.450501,0.507477
2024-01-01 00:00:24.760,0.55354,-0.021211,9.009815,0.660587,-0.409738,0.052259
2024-01-01 00:00:24.770,0.890214,-0.023072,7.994295,0.469026,-0.738521,0.229706
2024-01-01 00:00:24.780,0.328823,-0.150046,9.442868,0.217236,-0.664411,0.289788
2024-01-01 00:00:24.790,0.729261,0.131998,7.601206,0.222347,-0.379887,0.184506
2024-01-01 00:00:24.800,0.460816,0.270374,7.836022,0.439213,-0.639538,0.327447
2024-01-01 00:00:24.810,0.914393,-0.064685,7.75554,0.488426,-0.639341,0.151042
2024-01-01 00:00:24.820,0.954824,-0.170727,8.440445,0.349808,-0.607837,0.247185
2024-01-01 00:00:24.830,0.386135,-0.211505,6.817001,0.318169,-0.275872,0.17257
2024-01-01 00:00:24.840,0.410122,-0.726256,8.166341,0.283321,-0.220681,0.338624
2024-01-01 00:00:24.850,0.670034,-0.129707,7.504607,0.369377,-0.331273,0.139912
2024-01-01 00:00:24.860,0.396393,-0.279914,7.273579,-0.073533,-0.135071,0.162237
2024-01-01 00:00:24.870,0.438176,-0.247623,6.598105,0.137205,0.213651,0.280926
2024-01-01 00:00:24.880,0.423638,-0.500536,7.287656,0.201051,-0.160641,0.071596
2024-01-01 00:00:24.890,0.003927,-0.458376,6.728875,0.508247,-0.260981,0.168484
2024-01-01 00:00:24.900,0.352543,-0.485107,7.682138,0.119996,0.246164,-0.034208
2024-01-01 00:00:24.910,0.183115,-0.218069,6.765652,0.27328,0.215161,0.024982
2024-01-01 00:00:24.920,0.186653,-0.51562,7.273266,0.254736,0.173525,0.157079
2024-01-01 00:00:24.930,0.536857,-0.038708,7.224616,0.419723,0.479247,0.004318
2024-01-01 00:00:24.940,-0.041502,-0.382265,7.206282,0.384613,0.566568,0.032959
2024-01-01 00:00:24.950,0.333105,-0.734533,8.182954,0.117498,0.063721,0.120335
2024-01-01 00:00:24.960,0.074523,-0.513774,8.307729,0.012149,0.380643,-0.003621
2024-01-01 00:00:24.970,0.033592,-0.624736,8.842809,-0.052332,0.942653,0.119594
2024-01-01 00:00:24.980,0.206419,-0.937251,7.739934,-0.007133,0.647872,0.04171
2024-01-01 00:00:24.990,0.074924,-0.180073,9.267398,-0.072941,0.671553,0.046449
2024-01-01 00:00:25.000,0.079573,-0.358542,10.164408,0.07374,0.757474,0.109701
2024-01-01 00:00:25.010,0.117789,-0.389347,9.078201,0.018769,0.535494,0.000379
2024-01-01 00:00:25.020,-0.183046,-0.457357,10.370122,0.018936,0.65173,0.105225
2024-01-01 00:00:25.030,-0.27961,-0.758946,9.621629,0.108799,0.603779,0.025642
2024-01-01 00:00:25.040,-0.41382,-0.569065,9.327839,0.187724,0.528698,-0.134341
2024-01-01 00:00:25.050,-0.400559,-0.291528,9.991969,-0.154168,0.32261,0.0312
2024-01-01 00:00:25.060,0.316781,-0.655473,10.760467,-0.006875,0.353179,-0.087379
2024-01-01 00:00:25.070,-0.060359,-0.934801,10.04302,-0.29527,0.15179,-0.168341
2024-01-01 00:00:25.080,-0.614289,-0.455039,10.251115,-0.044755,0.190568,-0.115526
2024-01-01 00:00:25.090,-0.641701,-0.417183,10.857142,-0.091835,-0.095094,-0.045938
2024-01-01 00:00:25.100,-0.312169,-0.339074,10.626609,-0.124892,-0.102305,-0.124721
2024-01-01 00:00:25.110,-0.32847,-0.196088,10.889224,-0.31151,-0.0868,-0.000229
2024-01-01 00:00:25.120,-0.355434,-0.188244,10.699791,-0.469213,-0.281155,-0.085185
2024-01-01 00:00:25.130,-0.541268,-0.236475,10.741571,-0.618722,-0.27537,-0.151966
2024-01-01 00:00:25.140,-0.53809,-0.020209,10.231806,-0.391956,-0.283632,-0.316356
2024-01-01 00:00:25.150,-0.467695,-0.532957,10.400748,-0.124011,-0.246525,-0.240169
2024-01-01 00:00:25.160,-0.533816,-0.096999,9.721284,-0.469018,-0.206784,-0.222414
2024-01-01 00:00:25.170,-1.009945,-0.040414,10.535548,-0.283241,-0.51264,-0.166206
2024-01-01 00:00:25.180,-0.624431,-0.38065,9.465991,-0.281942,-0.232157,-0.177296
2024-01-01 00:00:25.190,-0.758374,-0.399692,10.037467,-0.492133,-0.337823,-0.228085
2024-01-01 00:00:25.200,-0.559862,-0.214214,9.189081,-0.209236,-0.440659,-0.235842
2024-01-01 00:00:25.210,-0.001822,-0.16293,9.140961,-0.972714,-0.518217,-0.177485
2024-01-01 00:00:25.220,-0.526485,0.154612,8.578983,-0.670081,-0.49249,-0.335851
2024-01-01 00:00:25.230,-0.660928,-0.084448,8.096715,-0.613481,-0.329823,-0.079708
2024-01-01 00:00:25.240,-0.409245,-0.098463,7.526237,-0.592752,-0.306432,-0.452052
2024-01-01 00:00:25.250,-0.489614,-0.015521,7.60385,-0.379086,-0.259516,-0.098689
2024-01-01 00:00:25.260,-0.491878,0.364022,7.714695,-0.379716,-0.455957,-0.244475
2024-01-01 00:00:25.270,-0.44152,0.175722,7.756017,-0.351249,-0.318245,-0.13428
2024-01-01 00:00:25.280,-0.135886,0.169255,7.93788,-0.303101,-0.123062,-0.191614
2024-01-01 00:00:25.290,-0.755062,0.214116,7.130868,-0.567682,-0.416964,-0.185765
2024-01-01 00:00:25.300,-0.41332,0.524412,6.811432,-0.600307,-0.295988,-0.156261
2024-01-01 00:00:25.310,-0.670058,0.144778,6.466906,-0.292248,-0.165209,-0.121087
2024-01-01 00:00:25.320,-0.348097,0.584919,7.272688,-0.457842,0.067619,-0.224216
2024-01-01 00:00:25.330,-0.615162,0.389583,7.653481,-0.606254,0.14601,-0.07628
2024-01-01 00:00:25.340,-0.485061,0.339407,7.609617,-0.126349,0.015668,-0.275775
2024-01-01 00:00:25.350,-0.428849,0.893902,7.40214,-0.026255,-0.139474,-0.15463
2024-01-01 00:00:25.360,-0.141145,0.202945,7.446272,0.028058,0.248719,-0.056532
2024-01-01 00:00:25.370,-0.117488,0.361707,8.031016,-0.192223,0.107538,-0.025989
2024-01-01 00:00:25.380,-0.513753,0.202263,7.554515,-0.085789,0.067867,-0.064175
2024-01-01 00:00:25.390,-0.215789,0.653403,7.861032,0.076494,0.165364,-0.133829
2024-01-01 00:00:25.400,-0.329775,0.812698,7.615164,-0.256349,0.500915,0.011396
2024-01-01 00:00:25.410,-0.399746,0.818525,7.356276,0.088888,0.728017,-0.128622
2024-01-01 00:00:25.420,-0.150926,0.736696,7.887575,-0.031071,0.521675,0.13034
2024-01-01 00:00:25.430,-0.128184,0.457397,8.429412,0.114603,0.574541,-0.03617
2024-01-01 00:00:25.440,0.46021,0.426513,8.706683,0.014646,0.760991,-0.164435
2024-01-01 00:00:25.450,0.102932,0.165581,9.794831,0.245581,0.271182,-0.11266
2024-01-01 00:00:25.460,-0.217788,0.904855,9.211378,0.083536,0.633447,0.028421
2024-01-01 00:00:25.470,-0.0141,0.586963,9.945502,-0.192975,0.518054,0.055172
2024-01-01 00:00:25.480,0.343778,0.387906,9.448288,0.365973,0.592427,0.255091
2024-01-01 00:00:25.490,0.597171,0.742716,9.71733,-0.035944,0.364541,-0.029066
2024-01-01 00:00:25.500,-0.098591,0.27108,9.453424,0.389505,0.256751,0.095032
2024-01-01 00:00:25.510,-0.119301,0.53326,9.888006,0.176269,0.373971,0.00101
2024-01-01 00:00:25.520,0.667729,0.401553,10.603198,0.431834,0.583577,0.073041
2024-01-01 00:00:25.530,0.406908,0.545873,10.484137,0.450997,0.374257,0.305474
2024-01-01 00:00:25.540,0.189204,0.385485,10.988224,0.349573,0.056292,0.037559
2024-01-01 00:00:25.550,0.501932,0.086173,10.695533,0.387791,-0.168134,0.22329
2024-01-01 00:00:25.560,-0.101887,0.367834,10.471376,0.39502,-0.305365,0.216484
2024-01-01 00:00:25.570,0.454162,0.537167,11.578363,-0.022373,0.158521,0.186536
2024-01-01 00:00:25.580,0.545109,0.294662,10.517012,0.380958,-0.32458,0.251754
2024-01-01 00:00:25.590,0.688165,0.427203,10.997246,0.176591,-0.282631,0.093711
2024-01-01 00:00:25.600,0.321893,0.033449,10.176597,0.424318,-0.053317,0.384246
2024-01-01 00:00:25.610,0.560664,0.206518,10.530554,0.201915,-0.643177,0.418954
2024-01-01 00:00:25.620,0.374698,0.055072,10.456566,0.206546,-0.138873,0.237954
2024-01-01 00:00:25.630,0.624442,0.296714,9.937427,0.718913,-0.500164,0.481213
2024-01-01 00:00:25.640,0.405139,0.120256,8.569384,0.630657,-0.699605,0.203517
2024-01-01 00:00:25.650,0.51064,0.218068,9.407161,0.443449,-0.566326,0.286818
2024-01-01 00:00:25.660,0.398318,0.263308,9.711839,0.481369,-0.670851,0.392139
2024-01-01 00:00:25.670,0.730075,0.149584,9.148419,0.405261,-0.470095,0.204036
2024-01-01 00:00:25.680,0.771038,0.031324,8.863054,0.552089,-0.664275,0.111574
2024-01-01 00:00:25.690,0.549061,-0.25739,7.641983,0.325299,-0.879422,0.087155
2024-01-01 00:00:25.700,0.597421,-0.092477,7.85525,0.621203,-0.552524,0.451822
2024-01-01 00:00:25.710,0.291026,-0.232271,8.139441,0.390003,-0.724708,0.189074
2024-01-01 00:00:25.720,0.509005,-0.227599,7.930594,0.351133,-0.402285,0.218485
2024-01-01 00:00:25.730,0.544377,-0.266067,8.104808,0.419722,-0.602898,0.119731
2024-01-01 00:00:25.740,1.061405,-0.418606,7.329583,0.296528,-0.419778,0.318687
2024-01-01 00:00:25.750,0.295114,-0.644486,7.441357,0.447293,-0.235455,0.137472
2024-01-01 00:00:25.760,0.788131,-0.415834,7.160063,0.274747,-0.237826,0.157247
2024-01-01 00:00:25.770,0.67009,-0.27137,6.634548,0.437373,-0.081959,0.226085
2024-01-01 00:00:25.780,0.500018,-0.606039,6.022977,0.551799,0.070388,0.07855
2024-01-01 00:00:25.790,0.766667,-0.358018,7.225655,0.181729,-0.184525,0.155034
2024-01-01 00:00:25.800,0.458433,-0.004126,7.137924,0.264505,0.087821,0.300226
2024-01-01 00:00:25.810,0.429078,-0.200757,6.843212,0.346474,-0.426286,0.189178
2024-01-01 00:00:25.820,0.306178,-0.095913,6.487123,0.159147,0.287854,0.145055
2024-01-01 00:00:25.830,0.525558,-0.363619,7.624309,0.294211,0.254852,0.138505
2024-01-01 00:00:25.840,0.462838,-0.223455,7.374864,0.28263,0.191742,0.062563
2024-01-01 00:00:25.850,0.079945,-0.614679,7.924218,0.348798,0.478318,0.285066
2024-01-01 00:00:25.860,-0.098212,-0.609438,8.713617,0.01515,0.677254,-0.0122
2024-01-01 00:00:25.870,0.084807,-1.036785,7.130557,-0.075648,0.416266,0.073344
2024-01-01 00:00:25.880,-0.075439,-0.257779,8.012833,0.008063,0.35808,0.04674
2024-01-01 00:00:25.890,0.030626,-0.19063,8.476476,-0.141697,0.573968,0.118931
2024-01-01 00:00:25.900,0.249373,-0.610633,9.473358,0.103024,0.30958,0.111103
2024-01-01 00:00:25.910,-0.131029,-0.549702,8.330513,-0.238792,0.426347,-0.019689
2024-01-01 00:00:25.920,-0.089398,-0.646214,10.181717,0.359318,0.750067,-0.004614
2024-01-01 00:00:25.930,-0.110108,-0.413074,9.606226,0.141983,0.515928,-0.01786
2024-01-01 00:00:25.940,0.007677,-0.256441,9.722751,-0.119244,0.131496,-0.294718
2024-01-01 00:00:25.950,-0.650911,-0.819505,9.879818,0.004981,0.102439,-0.242871
2024-01-01 00:00:25.960,-0.361433,-0.376336,9.953877,-0.474694,0.403039,-0.160545
2024-01-01 00:00:25.970,-0.235249,-0.498641,10.777897,0.246078,0.469923,-0.171787
2024-01-01 00:00:25.980,-0.073577,-0.403593,9.953277,-0.341433,-0.041657,-0.250592
2024-01-01 00:00:25.990,-0.446562,-0.315402,10.686793,-0.282826,0.260522,-0.070117
2024-01-01 00:00:26.000,-0.756417,-0.423824,10.423241,-0.619898,0.345666,-0.158583
2024-01-01 00:00:26.010,-0.288268,-0.384038,10.284214,-0.221626,0.370623,-0.193224
2024-01-01 00:00:26.020,-0.568417,-0.381497,11.787606,-0.53015,0.014443,-0.309509
2024-01-01 00:00:26.030,-0.706304,-0.118442,10.774988,-0.33298,-0.029075,-0.199609
2024-01-01 00:00:26.040,-0.618027,-0.201043,10.791353,-0.467838,-0.577098,-0.468151
2024-01-01 00:00:26.050,-0.552494,-0.211607,10.924178,-0.580686,0.115691,-0.231124
2024-01-01 00:00:26.060,-0.656505,-0.479621,9.639162,-0.546452,-0.429985,-0.21683
2024-01-01 00:00:26.070,-0.994078,-0.269776,10.906235,-0.374082,-0.552323,-0.206211
2024-01-01 00:00:26.080,-0.388318,0.017971,8.803025,-0.656467,-0.480801,-0.392965
2024-01-01 00:00:26.090,-0.32481,-0.121153,9.379424,-0.569625,-0.205027,-0.219096
2024-01-01 00:00:26.100,-0.458764,0.036899,9.295027,-0.322412,-0.112836,-0.349588
2024-01-01 00:00:26.110,-0.823075,0.292434,9.526767,0.021793,-0.511125,-0.329388
2024-01-01 00:00:26.120,-0.639459,0.181283,9.118512,-0.363404,-0.367269,-0.177857
2024-01-01 00:00:26.130,-0.601225,0.02675,8.696491,-0.615048,-0.541933,-0.048556
2024-01-01 00:00:26.140,-0.478056,-0.059562,8.518742,-0.514442,-0.728805,-0.243954
2024-01-01 00:00:26.150,-0.459184,-0.43376,7.842453,-0.438953,-0.258133,-0.328731
2024-01-01 00:00:26.160,-0.731891,0.077219,7.377682,-0.501689,-0.607872,-0.224906
2024-01-01 00:00:26.170,-0.558066,0.079109,8.162103,-0.268299,-0.18197,-0.145458
2024-01-01 00:00:26.180,-0.469674,0.255112,7.950068,-0.381702,-0.178355,-0.171704
2024-01-01 00:00:26.190,-0.253948,0.178138,8.176406,-0.245421,-0.247425,0.047181
2024-01-01 00:00:26.200,-0.38559,0.175725,6.959449,-0.451468,0.032238,-0.290905
2024-01-01 00:00:26.210,-0.347542,-0.086341,7.507218,-0.140425,0.171487,-0.185341
2024-01-01 00:00:26.220,-0.465036,0.109994,6.979481,-0.391319,-0.190839,-0.045859
2024-01-01 00:00:26.230,-0.173856,0.420343,7.587449,-0.516775,-0.230797,-0.041362
2024-01-01 00:00:26.240,-0.345962,0.693666,7.490152,0.070982,-0.345075,-0.373306
2024-01-01 00:00:26.250,-0.570055,0.354777,7.138203,-0.626874,0.470426,-0.166101
2024-01-01 00:00:26.260,-0.085185,0.461853,6.937371,-0.407367,0.061862,-0.003989
2024-01-01 00:00:26.270,-0.192552,0.606902,7.602793,-0.361964,0.417242,0.150676
2024-01-01 00:00:26.280,-0.385428,0.272353,7.573377,0.228881,0.147375,-0.053295
2024-01-01 00:00:26.290,-0.355986,0.523945,7.115713,0.130169,0.620193,-0.145156
2024-01-01 00:00:26.300,-0.162798,0.31638,6.99449,0.102322,0.273235,-0.193467
2024-01-01 00:00:26.310,-0.09044,0.64912,7.654081,-0.196827,0.233077,0.145592
2024-01-01 00:00:26.320,-0.103708,0.515838,8.677747,0.329337,0.44984,0.013221
2024-01-01 00:00:26.330,-0.040311,0.55233,8.739545,-0.010626,0.422133,-0.127545
2024-01-01 00:00:26.340,0.278504,0.340848,7.962469,0.129792,0.645782,-0.045935
2024-01-01 00:00:26.350,0.194199,0.641126,8.183922,0.017263,0.539513,0.02264
2024-01-01 00:00:26.360,0.059493,0.916625,9.531719,0.00712,0.661592,0.063283
2024-01-01 00:00:26.370,0.251,0.295677,8.693328,0.001733,0.485589,-0.063821
2024-01-01 00:00:26.380,-0.102694,0.424508,9.672653,0.040123,0.397352,-0.018165
2024-01-01 00:00:26.390,0.223973,0.531628,9.393633,0.217819,0.381258,-0.105132
2024-01-01 00:00:26.400,0.546135,0.633116,10.609879,0.204302,0.814332,0.180757
2024-01-01 00:00:26.410,0.179671,0.35218,9.726774,0.161795,0.438199,0.058872
2024-01-01 00:00:26.420,0.091693,-0.116479,10.755497,0.467629,-0.015575,0.155474
2024-01-01 00:00:26.430,0.167493,0.705851,10.464754,-0.310582,0.185179,0.266355
2024-01-01 00:00:26.440,0.115252,0.567927,10.606019,0.341664,0.228244,0.160812
2024-01-01 00:00:26.450,0.209902,0.047062,9.68512,0.404334,0.470948,0.141559
2024-01-01 00:00:26.460,0.324676,0.252073,9.626425,0.505536,0.249261,0.185549
2024-01-01 00:00:26.470,0.147682,0.663373,10.53033,0.309919,-0.177719,0.184984
2024-01-01 00:00:26.480,0.459887,0.613775,10.718188,0.379998,0.347814,0.314935
2024-01-01 00:00:26.490,0.663005,0.484874,10.044313,0.539383,-0.167108,0.232146
2024-01-01 00:00:26.500,0.324479,0.233433,9.971464,0.647933,-0.008086,0.156406
2024-01-01 00:00:26.510,0.830949,0.25548,10.59362,0.341223,-0.506816,0.324407
2024-01-01 00:00:26.520,0.647795,0.181782,10.44498,0.457283,-0.791368,0.350397
2024-01-01 00:00:26.530,0.76769,0.401707,9.954455,0.723323,-0.667132,0.100156
2024-01-01 00:00:26.540,0.44326,-0.03186,10.169623,0.048795,-1.044696,0.39279
2024-01-01 00:00:26.550,0.756239,-0.051286,9.073365,0.314798,-0.116706,0.28036
2024-01-01 00:00:26.560,0.374657,0.277969,9.210076,0.708634,-0.486027,0.275429
2024-01-01 00:00:26.570,0.77597,0.03272,9.869968,0.645097,-0.708824,0.349796
2024-01-01 00:00:26.580,0.634308,0.282764,8.911649,0.543995,-0.468308,0.193277
2024-01-01 00:00:26.590,0.709743,-0.161787,8.689253,0.368572,-0.512596,0.345038
2024-01-01 00:00:26.600,0.360264,-0.072864,9.425369,0.28781,-0.421369,0.210399
2024-01-01 00:00:26.610,0.409815,-0.280518,7.521713,0.335203,-0.291704,0.09785
2024-01-01 00:00:26.620,0.698906,-0.128232,8.286489,0.713237,-0.528163,0.141666
2024-01-01 00:00:26.630,0.377654,-0.458463,8.470785,0.312373,-0.59182,0.293087
2024-01-01 00:00:26.640,0.645117,-0.292552,7.390852,0.432613,-0.233647,0.135652
2024-01-01 00:00:26.650,0.261561,-0.513616,7.763602,0.265574,-0.180119,0.38392
2024-01-01 00:00:26.660,0.68458,-0.117838,6.802331,0.537908,-0.242104,0.333489
2024-01-01 00:00:26.670,0.245936,-0.142337,6.832953,0.27236,0.200994,0.338528
2024-01-01 00:00:26.680,0.578044,-0.659374,7.245185,0.333121,-0.196857,0.207304
2024-01-01 00:00:26.690,0.565618,-0.072715,7.394834,0.02736,-0.204854,0.209325
2024-01-01 00:00:26.700,0.271942,0.135444,7.537686,0.018066,0.108365,0.052002
2024-01-01 00:00:26.710,0.49654,-0.377646,7.771682,0.286482,-0.013024,0.257968
2024-01-01 00:00:26.720,0.399245,-0.53603,7.10077,0.021839,0.270944,0.182632
2024-01-01 00:00:26.730,0.204752,0.138047,7.76645,0.613306,0.101625,0.186947
2024-01-01 00:00:26.740,0.07468,-0.707584,7.204047,-0.163781,0.244537,0.283994
2024-01-01 00:00:26.750,-0.153585,-0.454621,7.920884,0.035174,0.715902,0.038962
2024-01-01 00:00:26.760,0.270278,-0.435377,7.790276,0.153267,0.354346,0.070864
2024-01-01 00:00:26.770,-0.152162,-0.21268,8.101054,0.054875,0.327201,0.099667
2024-01-01 00:00:26.780,0.13955,-0.417868,8.312415,-0.108385,0.716369,-0.043343
2024-01-01 00:00:26.790,0.026898,-0.595308,7.634576,-0.112736,0.341458,0.014402
2024-01-01 00:00:26.800,0.174143,-0.689216,8.09473,-0.149582,0.420785,0.065259
2024-01-01 00:00:26.810,-0.063552,-0.568358,8.894999,-0.053967,0.653751,-0.033852
2024-01-01 00:00:26.820,-0.110474,-0.700003,8.337491,0.317909,0.71284,0.112322
2024-01-01 00:00:26.830,0.060561,-0.485295,9.71363,-0.050331,0.747185,-0.186848
2024-01-01 00:00:26.840,-0.05962,-0.601577,9.964876,0.117948,0.366502,0.059514
2024-01-01 00:00:26.850,-0.103614,-0.779087,9.938816,-0.033878,0.572223,-0.0034
2024-01-01 00:00:26.860,-0.112408,-0.218498,9.487635,0.045799,0.336105,-0.142825
2024-01-01 00:00:26.870,-0.551807,-0.556065,10.791579,-0.687513,0.258032,-0.194396
2024-01-01 00:00:26.880,-0.130596,-0.694981,11.240043,-0.266268,0.523667,-0.325509
2024-01-01 00:00:26.890,-0.195375,-0.457719,10.513757,-0.003117,0.142345,-0.211963
2024-01-01 00:00:26.900,-0.555601,-0.39108,10.770708,-0.367111,0.220913,-0.042059
2024-01-01 00:00:26.910,-0.433793,-0.732801,10.692482,0.028513,0.12515,-0.166016
2024-01-01 00:00:26.920,-0.423711,-0.2941,10.867277,-0.044787,-0.171136,-0.056973
2024-01-01 00:00:26.930,-0.471635,-0.545059,10.567386,-0.417995,0.119539,-0.247294
2024-01-01 00:00:26.940,-0.404724,0.032983,10.564016,-0.444192,-0.028427,-0.125746
2024-01-01 00:00:26.950,-0.209731,-0.176548,10.912127,-0.554452,-0.559261,-0.278418
2024-01-01 00:00:26.960,-0.301789,-0.332094,11.453101,-0.501934,-0.220394,-0.31245
2024-01-01 00:00:26.970,-0.800249,-0.370716,9.63063,-0.62522,-0.472906,-0.234798
2024-01-01 00:00:26.980,-0.430483,-0.211185,10.049728,-0.338987,-0.193366,-0.297704
2024-01-01 00:00:26.990,-0.303552,-0.035234,9.376841,-0.689092,-0.700619,-0.391507
2024-01-01 00:00:27.000,-0.503697,-0.129738,10.415484,-0.327122,-0.545812,-0.260339
2024-01-01 00:00:27.010,-0.371807,-0.134322,9.209025,-0.329448,-0.448487,-0.235191
2024-01-01 00:00:27.020,-0.193675,-0.045033,8.586217,-0.746113,-0.52607,-0.121551
2024-01-01 00:00:27.030,-0.394664,-0.143025,9.277247,-0.170587,-0.410489,-0.156072
2024-01-01 00:00:27.040,-0.549956,-0.056334,9.526353,-0.357414,-0.822649,-0.12793
2024-01-01 00:00:27.050,-0.388347,-0.370349,8.793074,-0.313078,-0.243015,-0.176866
2024-01-01 00:00:27.060,-0.56308,0.275832,8.346061,-0.580603,-0.426543,-0.213429
2024-01-01 00:00:27.070,-0.57914,0.174737,8.20846,-0.325912,-0.247083,-0.366195
2024-01-01 00:00:27.080,-0.643277,-0.006372,8.446849,-0.226995,-0.295844,-0.22376
2024-01-01 00:00:27.090,-0.246647,0.560698,7.222074,-0.437247,-0.408019,-0.173375
2024-01-01 00:00:27.100,-0.706678,0.230122,7.393611,-0.046898,-0.582058,-0.080503
2024-01-01 00:00:27.110,-0.217587,0.036242,7.095169,-0.385114,-0.390617,-0.14973
2024-01-01 00:00:27.120,-0.402652,0.444406,6.657507,-0.171628,0.06419,-0.085389
2024-01-01 00:00:27.130,-0.758649,0.380952,6.950884,-0.306349,0.098929,-0.302695
2024-01-01 00:00:27.140,-0.379133,0.407101,7.545786,-0.234103,-0.187623,-0.221251
2024-01-01 00:00:27.150,-0.84438,0.26831,7.284971,-0.619121,-0.507583,-0.133888
2024-01-01 00:00:27.160,-0.268958,0.467146,7.336991,-0.228755,0.03724,-0.048096
2024-01-01 00:00:27.170,-0.184815,0.34648,7.164052,-0.403691,0.098109,-0.165298
2024-01-01 00:00:27.180,-0.446405,0.5299,7.417782,-0.398302,0.176445,-0.144884
2024-01-01 00:00:27.190,-0.267729,0.055601,6.937624,0.094609,0.383824,-0.053136
2024-01-01 00:00:27.200,0.135284,0.365608,7.30346,-0.230139,0.508177,-0.219065
2024-01-01 00:00:27.210,-0.318584,0.810444,7.700475,-0.34367,0.583794,0.070143
2024-01-01 00:00:27.220,-0.390064,0.324004,7.9335,-0.198356,0.533108,-0.162198
2024-01-01 00:00:27.230,0.158054,0.365773,8.166745,-0.33779,0.167436,-0.249475
2024-01-01 00:00:27.240,0.294903,0.403746,8.189865,0.184888,0.459469,-0.039666
2024-01-01 00:00:27.250,-0.055745,0.254818,8.322762,-0.167585,0.954988,0.146311
2024-01-01 00:00:27.260,0.18721,0.058186,10.160527,0.083962,0.616664,0.052361
2024-01-01 00:00:27.270,0.294685,0.453399,9.396239,0.263891,0.61408,0.086105
2024-01-01 00:00:27.280,-0.080761,0.523975,9.419736,-0.039225,0.600688,0.032362
2024-01-01 00:00:27.290,0.011698,0.481216,9.366802,0.177334,0.588625,0.030079
2024-01-01 00:00:27.300,0.395438,0.455305,9.494373,-0.073469,0.052964,-0.092298
2024-01-01 00:00:27.310,0.526056,0.483139,9.847677,0.582028,0.397677,-0.147167
2024-01-01 00:00:27.320,0.340516,0.667082,10.226876,0.339503,0.384424,0.114602
2024-01-01 00:00:27.330,0.089774,0.410197,9.413321,0.164634,0.564897,0.241979
2024-01-01 00:00:27.340,0.699677,0.317101,9.690418,0.087589,0.279413,0.160357
2024-01-01 00:00:27.350,0.231155,0.357259,10.217264,0.232492,-0.094107,0.202922
2024-01-01 00:00:27.360,0.303793,0.508945,10.672339,0.216918,0.207253,0.31288
2024-01-01 00:00:27.370,0.470988,0.653194,10.513327,0.65342,-0.089758,0.200594
2024-01-01 00:00:27.380,0.743129,0.221101,11.293839,0.103627,-0.240046,0.167858
2024-01-01 00:00:27.390,0.630803,0.340801,9.934953,0.36927,-0.246727,0.109818
2024-01-01 00:00:27.400,0.568494,0.361437,10.203446,0.36084,-0.072637,0.404522
2024-01-01 00:00:27.410,0.601372,0.066597,11.13244,0.360402,-0.01417,0.264619
2024-01-01 00:00:27.420,0.538179,0.239276,10.383354,0.377556,-0.219683,0.126255
2024-01-01 00:00:27.430,0.659337,-0.088985,10.569954,0.389889,-0.252857,0.111095
2024-01-01 00:00:27.440,0.057412,-0.181679,10.916646,0.579645,-0.334484,0.360025
2024-01-01 00:00:27.450,0.516927,0.212639,9.48097,0.541803,-0.446394,0.136359
2024-01-01 00:00:27.460,0.634683,0.029007,9.529702,0.515218,-0.375317,0.429724
2024-01-01 00:00:27.470,0.363584,0.112226,9.218801,-0.100778,-0.962715,-0.028235
2024-01-01 00:00:27.480,0.675582,0.033836,8.219064,0.502701,-0.523845,0.391559
2024-01-01 00:00:27.490,0.559096,-0.192399,8.711062,0.151977,-0.73805,0.298685
2024-01-01 00:00:27.500,0.949891,-0.040718,8.998933,0.565434,-0.336265,0.261358
2024-01-01 00:00:27.510,0.909344,-0.312684,8.601778,0.711464,-0.557285,0.230262
2024-01-01 00:00:27.520,0.494681,0.17805,8.402158,0.274159,-0.500302,0.434007
2024-01-01 00:00:27.530,0.547968,-0.404941,7.733135,0.386481,-0.742205,0.311596
2024-01-01 00:00:27.540,0.550878,-0.205867,7.403128,0.316366,-0.244685,0.145374
2024-01-01 00:00:27.550,0.460164,-0.407331,8.087396,0.635249,-0.263052,0.057482
2024-01-01 00:00:27.560,0.571698,-0.116009,7.135378,0.416625,-0.216801,0.239685
2024-01-01 00:00:27.570,0.36069,-0.326496,7.362525,0.695359,-0.398423,0.21337
2024-01-01 00:00:27.580,0.263428,-0.392817,7.205246,0.441639,-0.321549,0.051993
2024-01-01 00:00:27.590,0.588958,-0.145936,7.723495,0.391953,-0.068782,0.187967
2024-01-01 00:00:27.600,0.562969,-0.33667,7.470514,0.340074,-0.158693,0.124716
2024-01-01 00:00:27.610,0.246758,-0.26357,6.452466,0.452954,0.120586,0.170771
2024-01-01 00:00:27.620,0.555302,-0.585754,6.537148,-0.03061,-0.271478,0.229355
2024-01-01 00:00:27.630,0.216728,-0.691181,7.401838,0.272645,0.102667,0.292196
2024-01-01 00:00:27.640,0.35885,-0.407545,7.214396,0.218555,0.583144,0.219313
2024-01-01 00:00:27.650,0.435987,-0.509474,7.170829,0.334514,0.403181,0.041155
2024-01-01 00:00:27.660,0.227597,-0.335008,7.99276,0.141954,0.412255,0.134525
2024-01-01 00:00:27.670,0.28655,-0.488666,7.804862,-0.040271,0.790435,0.087811
2024-01-01 00:00:27.680,0.052663,-0.441801,7.95007,0.118285,0.055217,-0.068234
2024-01-01 00:00:27.690,0.076258,-0.815317,8.500594,-0.108248,0.362446,0.08797
2024-01-01 00:00:27.700,0.033429,-0.118433,8.217067,-0.290596,0.460784,0.216751
2024-01-01 00:00:27.710,-0.116021,-0.532078,9.336372,0.155853,0.701116,0.017116
2024-01-01 00:00:27.720,-0.043525,-0.360436,8.524398,0.098103,0.707414,-0.162823
2024-01-01 00:00:27.730,-0.359321,-0.665507,9.422182,0.046879,0.386603,-0.017639
2024-01-01 00:00:27.740,-0.189017,-0.432641,10.013672,0.166437,0.704447,-0.159199
2024-01-01 00:00:27.750,-0.188517,-0.748405,8.980269,-0.218362,0.424532,0.031551
2024-01-01 00:00:27.760,-0.222905,-0.388684,9.662455,-0.386353,0.678047,-0.019042
2024-01-01 00:00:27.770,-0.259276,-0.539265,10.529013,-0.170838,0.228119,-0.104998
2024-01-01 00:00:27.780,-0.261628,-0.448968,10.711222,-0.249506,0.337938,-0.136981
2024-01-01 00:00:27.790,-0.190494,-0.299774,10.262759,-0.3664,0.211168,-0.14055
2024-01-01 00:00:27.800,-0.147219,-0.668341,10.129976,-0.255964,0.423033,-0.13339
2024-01-01 00:00:27.810,-0.486275,-0.539179,10.980268,-0.377331,0.067949,-0.225691
2024-01-01 00:00:27.820,-0.62946,-0.289341,11.139377,-0.622096,0.080418,-0.300784
2024-01-01 00:00:27.830,-0.627868,0.062132,10.105445,-0.394006,0.103612,-0.060905
2024-01-01 00:00:27.840,-0.545536,-0.360127,10.076193,-0.540619,0.034624,-0.225246
2024-01-01 00:00:27.850,-0.544974,-0.187692,10.673599,-0.314245,0.021433,-0.181041
2024-01-01 00:00:27.860,-0.652815,-0.299261,10.776466,-0.492198,-0.172274,-0.179312
2024-01-01 00:00:27.870,-0.779883,0.139963,10.247941,-0.190401,-0.353604,-0.184739
2024-01-01 00:00:27.880,-0.631239,-0.567363,10.547836,-0.116315,-0.403996,-0.342388
2024-01-01 00:00:27.890,-0.520505,-0.167386,9.755266,-0.295304,-0.392649,-0.39958
2024-01-01 00:00:27.900,-0.451899,-0.47892,8.932125,-0.707364,-0.400979,-0.296746
2024-01-01 00:00:27.910,-0.693777,-0.621891,9.481776,-0.165784,-0.51252,-0.203051
2024-01-01 00:00:27.920,-0.673496,-0.027274,9.473697,-0.159543,-0.513418,-0.319002
2024-01-01 00:00:27.930,-0.782018,-0.024642,9.08208,-0.444126,-0.810959,-0.284108
2024-01-01 00:00:27.940,-0.605896,-0.075034,8.438621,-0.211579,-0.42844,-0.037107
2024-01-01 00:00:27.950,-0.769359,-0.004743,7.894252,-0.549057,-0.516202,-0.434406
2024-01-01 00:00:27.960,-0.482248,0.670639,8.233523,-0.783579,-0.358228,-0.324201
2024-01-01 00:00:27.970,-0.948394,0.033584,8.629347,-0.580267,-0.518017,-0.056682
2024-01-01 00:00:27.980,-0.65467,0.221076,8.562771,-0.125784,-0.800549,-0.24727
2024-01-01 00:00:27.990,-0.511261,0.022442,8.319926,-0.697006,-0.512441,-0.308716
2024-01-01 00:00:28.000,-0.520723,0.243897,7.22621,-0.418204,-0.43564,-0.115411
2024-01-01 00:00:28.010,-0.002228,0.168857,6.905721,-0.39948,-0.210033,-0.219825
2024-01-01 00:00:28.020,-0.451634,0.165018,7.506719,-0.483531,-0.653945,-0.252162
2024-01-01 00:00:28.030,-0.700673,0.640339,7.4569,-0.45473,-0.206054,-0.189039
2024-01-01 00:00:28.040,-0.494834,0.540112,7.27072,-0.343801,-0.0491,-0.264036
2024-01-01 00:00:28.050,-0.804596,0.358684,6.137059,-0.438199,-0.186023,-0.288977
2024-01-01 00:00:28.060,-0.436926,-0.10443,6.640139,-0.571575,0.022363,-0.186695
2024-01-01 00:00:28.070,-0.556865,0.307584,7.038084,-0.253985,-0.028222,-0.263706
2024-01-01 00:00:28.080,-0.174759,0.941951,7.325852,-0.075172,0.02742,-0.14803
2024-01-01 00:00:28.090,-0.433619,0.374854,7.53995,-0.08626,0.156296,-0.099439
2024-01-01 00:00:28.100,-0.311391,0.65926,7.378853,-0.361781,0.168568,-0.03471
2024-01-01 00:00:28.110,-0.3781,0.74254,7.61101,-0.413463,0.480565,0.008214
2024-01-01 00:00:28.120,0.13503,0.511308,7.674677,-0.210709,0.279419,-0.129215
2024-01-01 00:00:28.130,-0.237724,0.310281,8.142131,0.152096,0.295523,-0.02234
2024-01-01 00:00:28.140,0.23313,0.000426,8.190527,0.016172,0.813867,-0.006323
2024-01-01 00:00:28.150,0.07018,0.630836,8.31035,0.057226,0.696704,-0.005822
2024-01-01 00:00:28.160,0.044937,0.335205,8.401517,0.121567,0.206831,-0.069394
2024-01-01 00:00:28.170,0.063691,0.53516,8.806254,0.068196,0.412033,-0.106997
2024-01-01 00:00:28.180,0.110171,0.24935,9.23628,0.045269,0.590628,0.063289
2024-01-01 00:00:28.190,-0.312805,0.443266,9.383526,0.173763,0.592113,-0.140382
2024-01-01 00:00:28.200,0.057924,0.497684,9.671213,-0.013035,0.24221,0.020591
2024-01-01 00:00:28.210,0.323159,0.53694,10.327958,-0.139008,0.685956,-0.191143
2024-01-01 00:00:28.220,0.184039,0.25023,10.049888,0.275503,0.583757,-0.052883
2024-01-01 00:00:28.230,-0.048455,0.700288,9.824336,0.39723,0.471453,0.009196
2024-01-01 00:00:28.240,0.259755,0.327036,10.675272,0.001395,0.571072,0.222271
2024-01-01 00:00:28.250,0.647419,0.094897,9.796489,0.377894,0.344183,0.19656
2024-01-01 00:00:28.260,0.590873,0.389309,10.028085,0.558659,0.274409,0.086896
2024-01-01 00:00:28.270,0.36236,0.397347,10.737133,0.280666,0.401244,0.229087
2024-01-01 00:00:28.280,0.596525,0.400083,10.85614,0.157436,0.243971,0.258027
2024-01-01 00:00:28.290,0.362467,0.616125,10.067006,0.34897,-0.181704,0.165504
2024-01-01 00:00:28.300,0.122446,0.270501,10.424218,0.248319,0.008336,0.054571
2024-01-01 00:00:28.310,0.303565,0.266441,10.259233,0.255332,-0.298597,0.182733
2024-01-01 00:00:28.320,0.82394,0.040914,10.215961,0.461495,-0.158254,0.203278
2024-01-01 00:00:28.330,0.477024,0.395598,10.731941,0.110196,-0.22843,0.098348
2024-01-01 00:00:28.340,0.501066,0.237179,10.469404,0.1524,-0.622465,0.265764
2024-01-01 00:00:28.350,0.505068,0.084185,9.961799,0.427249,-0.447465,0.263413
2024-01-01 00:00:28.360,0.958456,-0.245675,9.521879,0.429206,-0.421754,0.285183
2024-01-01 00:00:28.370,0.912653,0.390566,8.939479,0.502436,-0.583038,0.272668
2024-01-01 00:00:28.380,1.038244,-0.177915,9.95148,0.783406,-0.473233,0.320687
2024-01-01 00:00:28.390,0.566864,-0.085021,9.335215,0.467817,-0.400078,0.231514
2024-01-01 00:00:28.400,0.659123,0.070359,8.502571,0.557669,-0.555499,0.270178
2024-01-01 00:00:28.410,0.295127,-0.275159,8.896381,0.273246,-0.503918,0.209583
2024-01-01 00:00:28.420,0.889441,-0.368917,8.297863,0.58377,-0.279291,0.189073
2024-01-01 00:00:28.430,0.353258,-0.529036,7.966723,0.34536,-0.417009,0.378331
2024-01-01 00:00:28.440,0.620126,0.00642,8.072239,0.445434,-0.430326,0.035944
2024-01-01 00:00:28.450,0.34451,-0.279692,7.341396,0.403385,-0.594313,0.322664
2024-01-01 00:00:28.460,0.430703,0.38274,7.341103,0.597292,-0.248406,0.166478
2024-01-01 00:00:28.470,0.362908,-0.432676,7.396644,0.161975,-0.250048,0.14598
2024-01-01 00:00:28.480,0.388136,-0.448069,6.991833,-0.028699,-0.012778,0.238537
2024-01-01 00:00:28.490,0.378802,-0.405571,7.423073,0.326552,-0.165134,0.0538
2024-01-01 00:00:28.500,0.351563,-0.271181,7.90107,0.430248,-0.426907,0.110571
2024-01-01 00:00:28.510,0.600269,-0.439637,6.692349,0.35261,-0.3305,0.095754
2024-01-01 00:00:28.520,0.182944,-0.247266,6.288599,0.524734,0.183913,0.146159
2024-01-01 00:00:28.530,0.416409,-0.58782,6.177455,0.357953,0.02384,0.074712
2024-01-01 00:00:28.540,0.582498,-0.688917,7.084301,0.152687,0.277664,0.301323
2024-01-01 00:00:28.550,0.201253,-0.790767,6.959393,-0.190656,0.288379,0.306324
2024-01-01 00:00:28.560,0.123843,-0.892303,7.487173,0.157854,0.301445,-0.090772
2024-01-01 00:00:28.570,0.183578,-0.565529,7.616543,0.357295,0.371462,0.150133
2024-01-01 00:00:28.580,0.426786,-0.53423,7.022969,0.072562,0.282945,0.165384
2024-01-01 00:00:28.590,0.18991,-0.610175,7.135985,0.118414,0.477409,0.117252
2024-01-01 00:00:28.600,0.00437,-0.242749,8.310867,0.158805,0.407406,-0.019723
2024-01-01 00:00:28.610,0.166385,-0.251018,8.476106,-0.130545,0.468188,0.004594
2024-01-01 00:00:28.620,-0.192185,-0.566405,8.468931,0.133387,0.489301,-0.063047
2024-01-01 00:00:28.630,0.123074,-0.858663,8.163454,0.284783,0.508663,-0.047526
2024-01-01 00:00:28.640,0.027115,-0.611266,9.368404,-0.072061,0.70688,-0.143749
2024-01-01 00:00:28.650,-0.157315,-0.613556,9.969513,-0.275047,0.498622,-0.051376
2024-01-01 00:00:28.660,-0.304161,-0.618327,9.752304,-0.114321,0.677382,-0.207132
2024-01-01 00:00:28.670,-0.353817,-0.617426,9.460683,-0.53275,0.731647,-0.093547
2024-01-01 00:00:28.680,-0.108712,-0.597273,10.05761,-0.101114,0.561758,-0.214723
2024-01-01 00:00:28.690,-0.008044,-0.530358,9.595273,-0.108971,0.449321,-0.085085
2024-01-01 00:00:28.700,-0.418253,-0.564462,10.832225,0.083521,0.350454,-0.189105
2024-01-01 00:00:28.710,-0.234675,-0.377904,10.509957,-0.279684,0.380329,-0.106922
2024-01-01 00:00:28.720,-0.777761,-0.327704,9.763074,-0.196739,0.169303,-0.04199
2024-01-01 00:00:28.730,-0.509559,-0.560206,10.476057,-0.449509,0.25617,-0.004654
2024-01-01 00:00:28.740,-0.429252,-0.100357,10.838456,-0.381437,0.113708,-0.429067
2024-01-01 00:00:28.750,-0.63336,-0.525382,10.464348,-0.613101,-0.137441,-0.271512
2024-01-01 00:00:28.760,-0.664951,-0.626154,10.440254,-0.393299,0.014132,-0.229329
2024-01-01 00:00:28.770,-0.635149,-0.198218,9.930505,-0.43115,-0.202298,-0.162964
2024-01-01 00:00:28.780,-0.464702,-0.408323,10.621982,-0.338499,-0.305335,-0.383011
2024-01-01 00:00:28.790,-0.579653,-0.149882,9.931438,-0.518888,-0.43395,-0.324121
2024-01-01 00:00:28.800,-1.006291,-0.663149,9.082462,-0.403981,-0.373705,-0.219733
2024-01-01 00:00:28.810,-0.996572,0.128673,9.692065,-0.489332,-0.271876,-0.230024
2024-01-01 00:00:28.820,-0.704857,0.017952,10.087272,-0.497283,-0.330267,-0.205357
2024-01-01 00:00:28.830,-0.500211,-0.382732,9.242687,-0.429346,-0.456342,-0.202194
2024-01-01 00:00:28.840,-1.146686,-0.344129,9.958747,-0.440595,-0.431768,-0.214968
2024-01-01 00:00:28.850,-0.699715,0.320575,9.12292,-0.312815,-0.320247,-0.230538
2024-01-01 00:00:28.860,-0.704736,-0.126793,8.83365,-0.471331,-0.575112,-0.244212
2024-01-01 00:00:28.870,-0.318672,-0.111691,8.377594,-0.510234,-0.737395,-0.181999
2024-01-01 00:00:28.880,-0.667348,-0.363866,8.166343,-0.475303,-0.280674,-0.469909
2024-01-01 00:00:28.890,-0.504928,0.052961,7.852311,-0.564784,-0.578666,-0.087869
2024-01-01 00:00:28.900,-0.541679,0.110757,7.625012,-0.492232,-0.566769,-0.457919
2024-01-01 00:00:28.910,-0.981725,0.331836,7.810511,-0.0511,-0.716579,-0.339421
2024-01-01 00:00:28.920,-0.384997,-0.059543,6.985107,-0.568261,-0.23368,-0.247109
2024-01-01 00:00:28.930,-0.476011,-0.053302,6.783869,-0.439476,-0.565197,-0.149026
2024-01-01 00:00:28.940,-0.395409,0.370233,6.654191,-0.442545,-0.339988,-0.506636
2024-01-01 00:00:28.950,0.312587,0.509333,8.003668,-0.398986,-0.026752,-0.199754
2024-01-01 00:00:28.960,-0.862822,0.020231,7.27862,-0.394122,0.07215,-0.106593
2024-01-01 00:00:28.970,-0.072267,0.575641,7.168001,-0.262642,-0.099161,-0.074384
2024-01-01 00:00:28.980,-0.443911,0.390006,6.580455,-0.597647,0.069593,-0.230742
2024-01-01 00:00:28.990,-0.296323,0.622191,7.396057,-0.078651,0.01048,-0.177496
2024-01-01 00:00:29.000,-0.328569,0.409189,7.15504,-0.125735,0.139443,-0.194726
2024-01-01 00:00:29.010,-0.368465,-0.063843,7.426791,-0.43643,0.352134,-0.157441
2024-01-01 00:00:29.020,-0.36038,0.425494,7.04248,-0.593244,0.274172,-0.205855
2024-01-01 00:00:29.030,-0.14213,0.681013,7.731359,-0.331897,0.373806,-0.175605
2024-01-01 00:00:29.040,-0.47209,0.301091,7.668141,-0.170172,0.199438,-0.026836
2024-01-01 00:00:29.050,0.021642,0.41081,7.732508,0.368097,0.703498,-0.040369
2024-01-01 00:00:29.060,-0.170918,0.459406,8.639922,0.032027,0.618322,0.012626
2024-01-01 00:00:29.070,-0.272478,-0.081404,7.860082,-0.360215,0.686126,0.002041
2024-01-01 00:00:29.080,-0.095031,0.834252,9.053981,-0.127909,0.782199,0.068339
2024-01-01 00:00:29.090,0.287862,0.318802,9.356209,0.017746,0.397406,0.103001
2024-01-01 00:00:29.100,-0.029349,0.596935,8.896543,0.103952,0.467033,-0.141789
2024-01-01 00:00:29.110,0.190324,0.472789,9.1586,-0.14768,0.165926,-0.036
2024-01-01 00:00:29.120,0.01279,0.733652,9.649433,0.094938,1.038047,0.043105
2024-01-01 00:00:29.130,0.350154,0.553035,10.081198,0.019752,0.402594,0.08047
2024-01-01 00:00:29.140,0.374311,0.412281,10.068521,-0.020769,0.56504,0.031828
2024-01-01 00:00:29.150,0.644438,0.265809,10.490478,0.252764,0.096532,0.205667
2024-01-01 00:00:29.160,0.275797,0.587205,11.21881,0.37248,0.433986,0.32754
2024-01-01 00:00:29.170,0.479348,0.034026,10.296634,0.4106,0.519376,0.162623
2024-01-01 00:00:29.180,0.398287,0.517019,9.820554,0.387395,0.101001,0.166215
2024-01-01 00:00:29.190,0.669096,0.145306,10.997685,0.217914,-0.1454,0.255746
2024-01-01 00:00:29.200,0.295443,0.5911,11.382859,0.458026,-0.064416,-0.00358
2024-01-01 00:00:29.210,0.615401,0.346805,10.767189,0.40543,-0.515488,0.19718
2024-01-01 00:00:29.220,0.452422,0.415768,10.032425,0.39263,-0.19454,0.302637
2024-01-01 00:00:29.230,0.501137,0.274368,10.365331,0.275376,-0.109412,0.149841
2024-01-01 00:00:29.240,0.552483,-0.12271,9.786544,0.311162,-0.328178,0.099899
2024-01-01 00:00:29.250,0.602186,0.024325,10.420092,0.427103,-0.431301,0.21131
2024-01-01 00:00:29.260,0.543461,0.298717,9.338822,0.864208,-0.336351,0.230059
2024-01-01 00:00:29.270,0.621911,0.164553,9.606619,0.48845,-0.365512,0.150372
2024-01-01 00:00:29.280,0.904087,0.333775,9.067096,0.331334,-0.806889,0.454809
2024-01-01 00:00:29.290,0.792237,0.144122,9.340336,0.29653,-0.516289,0.200108
2024-01-01 00:00:29.300,0.772817,-0.164287,8.873975,0.360722,-0.107809,0.134212
2024-01-01 00:00:29.310,0.508856,-0.164712,8.869949,0.841886,-0.79017,0.240623
2024-01-01 00:00:29.320,0.420226,-0.019442,8.552797,0.37669,-0.558326,0.339984
2024-01-01 00:00:29.330,0.784388,-0.53717,7.85656,0.608232,-0.176156,0.248961
2024-01-01 00:00:29.340,0.760955,0.226348,8.350575,0.371642,-0.299603,0.29262
2024-01-01 00:00:29.350,0.869899,-0.053453,7.828997,0.478537,-0.553936,0.152584
2024-01-01 00:00:29.360,0.441439,0.07082,7.207255,0.56419,-0.378781,0.383033
2024-01-01 00:00:29.370,0.500509,-0.522658,8.484147,0.306871,-0.362686,0.283845
2024-01-01 00:00:29.380,0.200094,0.011412,7.539614,0.280593,-0.436464,0.324766
2024-01-01 00:00:29.390,0.428547,0.17897,7.13447,0.678877,-0.248919,0.247783
2024-01-01 00:00:29.400,0.682982,-0.560056,7.749546,0.539978,-0.215194,0.284017
2024-01-01 00:00:29.410,0.364685,-0.168738,7.883571,0.485809,-0.070606,0.103521
2024-01-01 00:00:29.420,0.558208,-0.34839,6.965286,0.464294,-0.149975,0.130072
2024-01-01 00:00:29.430,0.362084,-0.681427,7.19731,0.382862,-0.169131,0.301392
2024-01-01 00:00:29.440,0.433156,-0.296112,6.64082,0.639458,0.127998,0.309451
2024-01-01 00:00:29.450,0.105207,-0.24823,7.096928,0.258962,0.516333,0.024771
2024-01-01 00:00:29.460,0.316588,-0.553456,7.18315,0.328567,0.290628,0.149785
2024-01-01 00:00:29.470,-0.335311,-0.216257,7.495191,-0.063977,0.279098,0.066454
2024-01-01 00:00:29.480,0.18765,-0.796855,7.728122,0.020279,0.531008,0.024059
2024-01-01 00:00:29.490,-0.140027,-0.774301,8.020556,-0.076597,0.415716,0.106012
2024-01-01 00:00:29.500,0.387416,-0.457607,8.086087,0.338994,0.82092,0.17502
2024-01-01 00:00:29.510,0.261149,-0.487108,7.661072,-0.380207,0.515179,0.089194
2024-01-01 00:00:29.520,0.157947,-0.640407,8.022267,-0.023956,0.663333,-0.005029
2024-01-01 00:00:29.530,0.327451,-0.337706,8.444723,-0.52143,0.41252,0.061173
2024-01-01 00:00:29.540,-0.208008,-0.39359,8.812288,-0.1633,0.639541,-0.043591
2024-01-01 00:00:29.550,0.289861,-0.325898,9.658749,-0.13308,0.588659,0.016373
2024-01-01 00:00:29.560,0.085724,-0.517533,8.902387,0.173741,0.508835,0.097682
2024-01-01 00:00:29.570,-0.188646,-0.365414,9.493311,-0.034608,0.398647,-0.266606
2024-01-01 00:00:29.580,0.045843,-0.565763,10.295706,-0.285926,0.334741,0.004192
2024-01-01 00:00:29.590,-0.441619,-0.054294,9.924819,0.026603,0.45245,-0.245722
2024-01-01 00:00:29.600,-0.42329,-0.61377,10.436386,-0.19058,0.459208,0.015172
2024-01-01 00:00:29.610,-0.416897,-0.014248,10.30913,-0.214622,0.260878,-0.186694
2024-01-01 00:00:29.620,-0.436356,-0.410297,10.600766,-0.464401,0.267827,-0.259501
2024-01-01 00:00:29.630,-0.575674,-0.672349,10.464093,-0.451475,0.137519,-0.082291
2024-01-01 00:00:29.640,-0.151807,-0.101706,10.91562,-0.445835,0.087548,-0.12876
2024-01-01 00:00:29.650,-0.478362,-0.326423,9.934616,-0.31158,-0.04213,-0.277665
2024-01-01 00:00:29.660,-0.384219,-0.15598,10.446492,-0.32702,-0.078562,-0.314766
2024-01-01 00:00:29.670,-0.594746,-0.054477,10.689552,-0.08257,0.329664,-0.21903
2024-01-01 00:00:29.680,-0.868455,-0.20327,10.709418,-0.308941,-0.171097,-0.330548
2024-01-01 00:00:29.690,-0.471573,-0.359628,11.022951,-0.88155,-0.177909,-0.325141
2024-01-01 00:00:29.700,-0.926773,-0.015203,10.027991,-0.360966,-0.276476,-0.215239
2024-01-01 00:00:29.710,-0.574186,-0.178356,10.69632,-0.681347,-0.457102,-0.330112
2024-01-01 00:00:29.720,-0.847581,-0.008644,9.537675,-0.604314,-0.223528,-0.196479
2024-01-01 00:00:29.730,-0.18718,-0.543173,10.216639,-0.584667,-0.546794,-0.094584
2024-01-01 00:00:29.740,-0.410286,0.010895,9.756063,-0.56382,-0.332975,-0.261755
2024-01-01 00:00:29.750,-0.5765,-0.171918,8.735945,-0.695765,-0.601561,-0.236006
2024-01-01 00:00:29.760,-0.347146,0.320973,9.037917,-0.413289,-0.722382,-0.048143
2024-01-01 00:00:29.770,-0.768521,0.149486,8.628109,-0.703387,-0.481507,-0.368451
2024-01-01 00:00:29.780,-0.487068,0.10728,8.687508,-0.382623,-0.733363,-0.129112
2024-01-01 00:00:29.790,-0.549462,0.190726,8.068447,-0.039413,-0.415148,-0.138508
2024-01-01 00:00:29.800,-0.527464,-0.072515,7.806202,-0.674485,-0.693787,-0.156347
2024-01-01 00:00:29.810,-0.313868,0.484927,8.353004,-0.477466,-0.494393,-0.107633
2024-01-01 00:00:29.820,-0.407196,0.590885,7.505803,-0.869493,-0.644475,-0.202648
2024-01-01 00:00:29.830,-0.478659,0.302609,7.759864,-0.456471,0.179177,-0.281795
2024-01-01 00:00:29.840,-0.847528,0.572453,7.15184,-0.271724,-0.56301,-0.105772
2024-01-01 00:00:29.850,-0.686239,0.169672,7.898621,-0.240957,-0.194592,-0.092645
2024-01-01 00:00:29.860,-0.494088,0.151854,6.770843,-0.338234,0.082125,-0.085113
2024-01-01 00:00:29.870,-0.423945,0.345749,6.760683,-0.171898,0.137928,-0.179975
2024-01-01 00:00:29.880,-0.639619,0.449227,7.718261,0.148106,0.180597,-0.243944
2024-01-01 00:00:29.890,0.099774,0.306386,6.861502,0.021294,0.04571,-0.140264
2024-01-01 00:00:29.900,-0.046437,0.51384,7.845467,-0.35634,0.419499,-0.051492
2024-01-01 00:00:29.910,-0.194775,0.486727,7.622116,-0.497598,0.41084,-0.028898
2024-01-01 00:00:29.920,-0.264769,0.242917,7.27772,-0.28249,0.350066,-0.159291
2024-01-01 00:00:29.930,-0.284262,0.561351,6.686158,-0.351822,0.414625,-0.069221
2024-01-01 00:00:29.940,-0.393691,0.643127,7.673624,-0.071238,0.368995,-0.215589
2024-01-01 00:00:29.950,-0.148328,0.515295,7.930137,-0.335483,0.304256,0.030235
2024-01-01 00:00:29.960,-0.072008,0.719813,8.629789,-0.105777,0.726039,-0.129813
2024-01-01 00:00:29.970,-0.331054,0.251747,9.053328,0.088816,0.765299,0.044067
2024-01-01 00:00:29.980,0.025385,0.592396,8.273651,-0.049213,0.385611,-0.132201
2024-01-01 00:00:29.990,-0.031052,0.265944,9.190532,-0.170336,0.522319,0.103142
