timestamp,acc_x,acc_y,acc_z,gyro_x,gyro_y,gyro_z
2024-01-01 00:00:00.000,0.024836,0.30461,9.720873,0.03827,0.358741,-0.004303
2024-01-01 00:00:00.010,0.025338,0.356292,9.905872,0.06833,0.203988,0.007816
2024-01-01 00:00:00.020,0.096777,0.376569,10.025315,0.054204,0.275386,0.01949
2024-01-01 00:00:00.030,0.172463,0.488204,10.197175,-0.053347,0.279519,0.054673
2024-01-01 00:00:00.040,0.116191,0.416862,10.35829,0.050365,0.268349,0.012465
2024-01-01 00:00:00.050,0.14734,0.316136,10.569024,0.014509,0.258851,0.017986
2024-01-01 00:00:00.060,0.268607,0.399771,10.593471,0.076073,0.259185,0.08882
2024-01-01 00:00:00.070,0.257966,0.28937,10.598295,0.148816,0.202584,0.04601
2024-01-01 00:00:00.080,0.225312,0.410873,10.909745,0.128342,0.158831,0.02996
2024-01-01 00:00:00.090,0.304249,0.321959,10.831095,0.183369,0.127298,0.061025
2024-01-01 00:00:00.100,0.281332,0.32842,10.957922,0.155498,0.085513,0.073145
2024-01-01 00:00:00.110,0.30755,0.385833,11.047046,0.085464,0.12228,0.136877
2024-01-01 00:00:00.120,0.36813,0.240526,11.059472,0.03579,0.016251,0.124844
2024-01-01 00:00:00.130,0.284338,0.21932,11.146252,0.180169,0.055923,0.138062
2024-01-01 00:00:00.140,0.316418,0.243292,11.095077,0.172333,-0.020646,0.134417
2024-01-01 00:00:00.150,0.395826,0.30675,10.968743,0.143853,-0.082543,0.144007
2024-01-01 00:00:00.160,0.393116,0.160345,11.175938,0.116677,-0.059666,0.100382
2024-01-01 00:00:00.170,0.47776,0.075373,10.964814,0.173284,-0.15982,0.120055
2024-01-01 00:00:00.180,0.433346,0.174345,10.869425,0.207888,-0.122701,0.10087
2024-01-01 00:00:00.190,0.423185,0.203734,10.875538,0.257748,-0.17301,0.128358
2024-01-01 00:00:00.200,0.580435,0.214798,10.721996,0.239955,-0.239973,0.158838
2024-01-01 00:00:00.210,0.507471,0.109732,10.625325,0.316203,-0.207344,0.145518
2024-01-01 00:00:00.220,0.531959,0.089966,10.673333,0.188484,-0.226851,0.183503
2024-01-01 00:00:00.230,0.465348,0.1455,10.323388,0.287955,-0.213212,0.112099
2024-01-01 00:00:00.240,0.515522,-0.028717,10.184052,0.249066,-0.235961,0.163028
2024-01-01 00:00:00.250,0.552576,0.022087,10.07738,0.283383,-0.268974,0.111741
2024-01-01 00:00:00.260,0.491886,0.027633,10.008806,0.227918,-0.355149,0.152671
2024-01-01 00:00:00.270,0.568736,0.01711,9.656038,0.303562,-0.177463,0.172197
2024-01-01 00:00:00.280,0.518541,-0.054286,9.473253,0.264113,-0.367071,0.143176
2024-01-01 00:00:00.290,0.530723,-0.050418,9.439933,0.213895,-0.242342,0.165254
2024-01-01 00:00:00.300,0.51008,-0.199723,9.217037,0.244928,-0.257169,0.118526
2024-01-01 00:00:00.310,0.625777,-0.131126,9.180971,0.230369,-0.322535,0.095498
2024-01-01 00:00:00.320,0.523652,-0.098107,9.130549,0.262789,-0.251509,0.159709
2024-01-01 00:00:00.330,0.460801,-0.19205,8.904379,0.174505,-0.227324,0.192417
2024-01-01 00:00:00.340,0.542405,-0.161647,8.758258,0.226386,-0.133126,0.106831
2024-01-01 00:00:00.350,0.426102,-0.163347,8.787613,0.241194,-0.206361,0.169523
2024-01-01 00:00:00.360,0.481777,-0.223274,8.77487,0.215894,-0.153736,0.129848
2024-01-01 00:00:00.370,0.355918,-0.217369,8.509255,0.273666,-0.22545,0.08372
2024-01-01 00:00:00.380,0.368497,-0.292998,8.665485,0.236386,0.011577,0.084666
2024-01-01 00:00:00.390,0.424258,-0.273318,8.636908,0.187996,-0.094164,0.113496
2024-01-01 00:00:00.400,0.429421,-0.249698,8.636542,0.189242,0.010783,0.094911
2024-01-01 00:00:00.410,0.377797,-0.288616,8.663575,0.182615,0.024523,0.061311
2024-01-01 00:00:00.420,0.338908,-0.341028,8.765248,0.176842,0.059441,0.043185
2024-01-01 00:00:00.430,0.303909,-0.314654,8.600383,0.053701,0.138698,0.061589
2024-01-01 00:00:00.440,0.218215,-0.303177,8.693666,0.117715,0.214281,0.085489
2024-01-01 00:00:00.450,0.228321,-0.45328,8.723089,0.04592,0.174007,0.071893
2024-01-01 00:00:00.460,0.212543,-0.303498,8.842558,0.170994,0.22268,0.049211
2024-01-01 00:00:00.470,0.258882,-0.387689,9.064334,0.090606,0.232253,0.062246
2024-01-01 00:00:00.480,0.192949,-0.357749,8.94535,0.070227,0.289598,0.079138
2024-01-01 00:00:00.490,0.056753,-0.326005,9.105727,0.110706,0.235206,0.051343
2024-01-01 00:00:00.500,0.129748,-0.459967,9.415185,0.072727,0.328198,0.027327
2024-01-01 00:00:00.510,0.062537,-0.431024,9.523959,-0.019254,0.342256,0.050149
2024-01-01 00:00:00.520,0.015911,-0.412787,9.555707,0.019072,0.349216,-0.015225
2024-01-01 00:00:00.530,0.048136,-0.438984,9.798609,-0.00878,0.266382,-0.001961
2024-01-01 00:00:00.540,0.036837,-0.31311,9.904151,-0.093914,0.291154,-0.010045
2024-01-01 00:00:00.550,-0.000364,-0.44138,10.142553,-0.055845,0.307605,-0.049907
2024-01-01 00:00:00.560,-0.120942,-0.423632,10.171246,-0.045078,0.219085,-0.034137
2024-01-01 00:00:00.570,-0.126223,-0.381585,10.385203,-0.056094,0.355412,-0.092457
2024-01-01 00:00:00.580,-0.1256,-0.446514,10.645597,-0.138731,0.2593,0.018594
2024-01-01 00:00:00.590,-0.124297,-0.399463,10.604582,-0.021087,0.254782,-0.075324
2024-01-01 00:00:00.600,-0.227348,-0.355772,10.672908,-0.097555,0.189099,-0.007886
2024-01-01 00:00:00.610,-0.242288,-0.378974,10.827171,-0.104034,0.125971,-0.062404
2024-01-01 00:00:00.620,-0.317135,-0.35644,10.82737,-0.098976,0.133834,-0.054459
2024-01-01 00:00:00.630,-0.349541,-0.366466,11.120452,-0.1711,0.14446,-0.093682
2024-01-01 00:00:00.640,-0.27602,-0.402782,11.001246,-0.121112,0.134799,-0.08012
2024-01-01 00:00:00.650,-0.27466,-0.296912,11.006244,-0.174023,0.075454,-0.073887
2024-01-01 00:00:00.660,-0.370719,-0.210101,10.985708,-0.211702,0.050011,-0.080187
2024-01-01 00:00:00.670,-0.340326,-0.280759,11.147735,-0.148829,-0.019315,-0.083257
2024-01-01 00:00:00.680,-0.39446,-0.253277,11.119535,-0.112935,-0.012756,-0.123561
2024-01-01 00:00:00.690,-0.465418,-0.211855,10.983516,-0.16065,0.001985,-0.132546
2024-01-01 00:00:00.700,-0.434221,-0.291061,11.025876,-0.159438,-0.070513,-0.171177
2024-01-01 00:00:00.710,-0.392962,-0.122788,10.799443,-0.239606,-0.097417,-0.112448
2024-01-01 00:00:00.720,-0.48761,-0.177402,10.860023,-0.300708,-0.153438,-0.100025
2024-01-01 00:00:00.730,-0.42187,-0.084884,10.792305,-0.152812,-0.271228,-0.087912
2024-01-01 00:00:00.740,-0.643652,-0.181514,10.790517,-0.130304,-0.273539,-0.130662
2024-01-01 00:00:00.750,-0.482367,-0.031847,10.478503,-0.160797,-0.220753,-0.165757
2024-01-01 00:00:00.760,-0.528107,-0.061457,10.314096,-0.258816,-0.262886,-0.196129
2024-01-01 00:00:00.770,-0.554573,-0.049682,10.212586,-0.303015,-0.255581,-0.11592
2024-01-01 00:00:00.780,-0.540342,-0.042487,10.038627,-0.300979,-0.205168,-0.202506
2024-01-01 00:00:00.790,-0.64774,-0.043282,10.109203,-0.333442,-0.260128,-0.159771
2024-01-01 00:00:00.800,-0.560889,0.05261,9.980234,-0.255326,-0.236849,-0.156703
2024-01-01 00:00:00.810,-0.531702,0.023066,9.735396,-0.169515,-0.2943,-0.151963
2024-01-01 00:00:00.820,-0.473423,-0.058896,9.662297,-0.255864,-0.334522,-0.148194
2024-01-01 00:00:00.830,-0.569108,0.006872,9.433499,-0.23179,-0.288136,-0.143999
2024-01-01 00:00:00.840,-0.577626,0.076496,9.278689,-0.175403,-0.312639,-0.21897
2024-01-01 00:00:00.850,-0.554448,0.124051,9.130373,-0.260823,-0.177898,-0.143931
2024-01-01 00:00:00.860,-0.473927,0.12811,9.011885,-0.134449,-0.196186,-0.208623
2024-01-01 00:00:00.870,-0.491807,0.213826,8.803228,-0.131416,-0.186331,-0.116646
2024-01-01 00:00:00.880,-0.521532,0.076735,8.850673,-0.231576,-0.124289,-0.151666
2024-01-01 00:00:00.890,-0.454476,0.202281,8.742272,-0.247122,-0.25826,-0.195658
2024-01-01 00:00:00.900,-0.458728,0.124344,8.735735,-0.175857,-0.096858,-0.150858
2024-01-01 00:00:00.910,-0.396997,0.272628,8.629791,-0.219844,-0.159068,-0.138583
2024-01-01 00:00:00.920,-0.460847,0.248512,8.571832,-0.251348,-0.059883,-0.080391
2024-01-01 00:00:00.930,-0.420976,0.291936,8.494544,-0.119844,-0.040271,-0.104444
2024-01-01 00:00:00.940,-0.401656,0.24455,8.566536,-0.112837,0.043575,-0.093862
2024-01-01 00:00:00.950,-0.431368,0.367516,8.633531,-0.155039,0.056927,-0.062252
2024-01-01 00:00:00.960,-0.318295,0.370382,8.513706,-0.214553,0.147177,-0.09373
2024-01-01 00:00:00.970,-0.293811,0.361131,8.659444,-0.20096,0.08313,-0.061065
2024-01-01 00:00:00.980,-0.279315,0.337994,8.734284,-0.121716,0.180428,-0.055731
2024-01-01 00:00:00.990,-0.263045,0.384792,8.736441,-0.139228,0.182836,-0.107135
2024-01-01 00:00:01.000,-0.292964,0.33056,8.839081,-0.118053,0.12031,-0.016409
2024-01-01 00:00:01.010,-0.213343,0.417529,9.009488,-0.036316,0.180714,-0.095057
2024-01-01 00:00:01.020,-0.178899,0.464782,9.01656,-0.03687,0.240604,-0.016596
2024-01-01 00:00:01.030,-0.170774,0.442079,9.261088,0.009516,0.321753,-0.081147
2024-01-01 00:00:01.040,-0.107171,0.356972,9.295261,-0.09458,0.303704,-0.008992
2024-01-01 00:00:01.050,-0.04701,0.415073,9.591807,-0.047711,0.232665,0.037527
2024-01-01 00:00:01.060,0.059223,0.334528,9.837866,0.022001,0.290542,-0.015958
2024-01-01 00:00:01.070,0.005888,0.428614,9.728229,0.021113,0.400874,-0.008465
2024-01-01 00:00:01.080,0.042293,0.421958,9.986253,0.08999,0.303845,0.026336
2024-01-01 00:00:01.090,0.057848,0.303995,10.029968,0.049013,0.276114,0.00691
2024-01-01 00:00:01.100,-0.002425,0.336087,10.312149,0.134912,0.307242,0.080052
2024-01-01 00:00:01.110,0.123809,0.375353,10.262657,0.08388,0.307111,0.039893
2024-01-01 00:00:01.120,0.159337,0.36846,10.529711,0.124165,0.22872,0.033029
2024-01-01 00:00:01.130,0.31014,0.315702,10.53944,0.068814,0.255785,0.034785
2024-01-01 00:00:01.140,0.207369,0.387004,10.699743,0.099345,0.190167,0.03119
2024-01-01 00:00:01.150,0.261327,0.370242,10.728376,0.157479,0.215691,0.048326
2024-01-01 00:00:01.160,0.272928,0.336838,10.957437,0.205496,0.158851,0.064388
2024-01-01 00:00:01.170,0.2437,0.296452,10.890604,0.173795,0.143038,0.067771
2024-01-01 00:00:01.180,0.385704,0.373216,11.051849,0.145188,0.047918,0.069863
2024-01-01 00:00:01.190,0.391459,0.388987,11.013819,0.229713,0.010569,0.159473
2024-01-01 00:00:01.200,0.417495,0.266421,11.048909,0.062193,0.063954,0.072173
2024-01-01 00:00:01.210,0.355254,0.243372,11.06944,0.111035,-0.022475,0.113687
2024-01-01 00:00:01.220,0.492265,0.28098,10.979067,0.225957,-0.039182,0.132901
2024-01-01 00:00:01.230,0.371981,0.220075,11.022317,0.201648,-0.102947,0.139469
2024-01-01 00:00:01.240,0.489843,0.211744,11.076946,0.239594,-0.07568,0.123833
2024-01-01 00:00:01.250,0.586866,0.235681,10.825562,0.220194,-0.182337,0.122963
2024-01-01 00:00:01.260,0.443016,0.082531,10.900019,0.25243,-0.187966,0.147876
2024-01-01 00:00:01.270,0.477732,0.222603,10.830884,0.189301,-0.168634,0.146008
2024-01-01 00:00:01.280,0.522792,0.138471,10.538113,0.263892,-0.173173,0.133452
2024-01-01 00:00:01.290,0.502617,0.091947,10.368457,0.289625,-0.278709,0.097086
2024-01-01 00:00:01.300,0.458421,0.085358,10.381192,0.304643,-0.171763,0.132132
2024-01-01 00:00:01.310,0.545703,0.064929,10.177892,0.347166,-0.2676,0.113497
2024-01-01 00:00:01.320,0.493613,-0.042993,10.230161,0.260718,-0.345029,0.129093
2024-01-01 00:00:01.330,0.57298,0.094922,9.938721,0.263377,-0.280021,0.150806
2024-01-01 00:00:01.340,0.50401,-0.001219,9.725293,0.173833,-0.319109,0.160757
2024-01-01 00:00:01.350,0.626267,-0.004584,9.551511,0.22287,-0.275616,0.203078
2024-01-01 00:00:01.360,0.506508,-0.002514,9.586584,0.238378,-0.292733,0.132697
2024-01-01 00:00:01.370,0.524589,-0.124335,9.314076,0.298285,-0.276151,0.1707
2024-01-01 00:00:01.380,0.57453,-0.072536,9.22985,0.212111,-0.310869,0.154775
2024-01-01 00:00:01.390,0.463635,-0.132193,9.177408,0.278534,-0.197562,0.18211
2024-01-01 00:00:01.400,0.526068,-0.098665,8.946556,0.233871,-0.283249,0.157658
2024-01-01 00:00:01.410,0.567797,-0.269073,8.877319,0.219523,-0.256157,0.106775
2024-01-01 00:00:01.420,0.408082,-0.188813,8.788142,0.23447,-0.154867,0.081524
2024-01-01 00:00:01.430,0.482023,-0.234515,8.766644,0.195347,-0.063226,0.138281
2024-01-01 00:00:01.440,0.468493,-0.202572,8.696851,0.185593,-0.129159,0.108373
2024-01-01 00:00:01.450,0.475731,-0.219722,8.585556,0.113233,-0.043108,0.089674
2024-01-01 00:00:01.460,0.354429,-0.296809,8.57843,0.176819,0.009958,0.075503
2024-01-01 00:00:01.470,0.328459,-0.314339,8.530779,0.155312,0.032074,0.112415
2024-01-01 00:00:01.480,0.397426,-0.300608,8.44668,0.142987,0.010948,0.146503
2024-01-01 00:00:01.490,0.361748,-0.355235,8.606991,0.178525,0.006759,0.082349
2024-01-01 00:00:01.500,0.333799,-0.282563,8.776083,0.178965,-0.015106,0.105328
2024-01-01 00:00:01.510,0.311867,-0.356266,8.608637,0.145493,0.114779,0.077262
2024-01-01 00:00:01.520,0.232799,-0.495135,8.687671,0.171044,0.217716,0.034082
2024-01-01 00:00:01.530,0.249751,-0.379303,8.76462,0.137023,0.131309,0.086991
2024-01-01 00:00:01.540,0.22331,-0.422024,8.99043,0.080091,0.248655,0.024066
2024-01-01 00:00:01.550,0.14274,-0.459923,9.078597,0.057974,0.189325,0.049319
2024-01-01 00:00:01.560,0.240932,-0.44719,9.150844,0.082752,0.262067,0.030021
2024-01-01 00:00:01.570,0.140013,-0.385481,9.219786,0.081562,0.308552,0.058516
2024-01-01 00:00:01.580,0.025034,-0.328808,9.437426,0.108346,0.25283,-0.008672
2024-01-01 00:00:01.590,0.085413,-0.382508,9.4469,0.083461,0.303039,0.026068
2024-01-01 00:00:01.600,-0.028343,-0.43005,9.728851,-0.017805,0.278421,-0.019633
2024-01-01 00:00:01.610,0.027481,-0.377112,9.93368,-0.010497,0.334978,-0.018571
2024-01-01 00:00:01.620,0.013832,-0.421667,9.909701,0.013507,0.307909,-0.121083
2024-01-01 00:00:01.630,-0.117203,-0.430876,10.030286,0.018777,0.291318,0.04199
2024-01-01 00:00:01.640,-0.05981,-0.449934,10.417617,-0.002133,0.354791,-0.012932
2024-01-01 00:00:01.650,-0.118778,-0.474527,10.374077,-0.066565,0.294562,-0.061043
2024-01-01 00:00:01.660,-0.129273,-0.39982,10.637217,-0.140145,0.207906,-0.080206
2024-01-01 00:00:01.670,-0.105908,-0.364501,10.647217,-0.141196,0.215774,-0.069619
2024-01-01 00:00:01.680,-0.242698,-0.368033,10.748091,-0.091109,0.190888,-0.041338
2024-01-01 00:00:01.690,-0.297004,-0.373548,10.88455,-0.10076,0.170637,-0.127485
2024-01-01 00:00:01.700,-0.331789,-0.388371,10.85289,-0.185531,0.262493,-0.082606
2024-01-01 00:00:01.710,-0.35511,-0.297831,10.993025,-0.140644,0.122582,-0.032604
2024-01-01 00:00:01.720,-0.3441,-0.380131,10.994595,-0.123096,-0.031415,-0.126812
2024-01-01 00:00:01.730,-0.347941,-0.260421,10.945452,-0.22347,0.008614,-0.097134
2024-01-01 00:00:01.740,-0.374662,-0.333253,11.086996,-0.12134,-0.095984,-0.039854
2024-01-01 00:00:01.750,-0.369299,-0.303708,11.030646,-0.205539,-0.050983,-0.093033
2024-01-01 00:00:01.760,-0.430756,-0.321455,11.013783,-0.133213,-0.168511,-0.113878
2024-01-01 00:00:01.770,-0.377992,-0.25436,10.887436,-0.231522,-0.146427,-0.107711
2024-01-01 00:00:01.780,-0.481614,-0.16091,11.053314,-0.264232,-0.211171,-0.139766
2024-01-01 00:00:01.790,-0.348472,-0.163559,10.922543,-0.243125,-0.146355,-0.093142
2024-01-01 00:00:01.800,-0.46763,-0.119432,10.841604,-0.231536,-0.193688,-0.148047
2024-01-01 00:00:01.810,-0.554487,-0.120679,10.638974,-0.251983,-0.204054,-0.198311
2024-01-01 00:00:01.820,-0.576129,-0.179898,10.412274,-0.248338,-0.246902,-0.154262
2024-01-01 00:00:01.830,-0.507617,-0.118752,10.583856,-0.225002,-0.330537,-0.174022
2024-01-01 00:00:01.840,-0.55024,-0.11837,10.291252,-0.253589,-0.250706,-0.155454
2024-01-01 00:00:01.850,-0.508838,0.010295,10.098068,-0.250823,-0.19203,-0.156283
2024-01-01 00:00:01.860,-0.524473,-0.092754,10.048361,-0.334614,-0.275477,-0.113569
2024-01-01 00:00:01.870,-0.553487,0.035203,9.962612,-0.230345,-0.320959,-0.129099
2024-01-01 00:00:01.880,-0.592003,0.058632,9.720809,-0.254307,-0.37067,-0.14201
2024-01-01 00:00:01.890,-0.623333,0.128882,9.679552,-0.16839,-0.340158,-0.149431
2024-01-01 00:00:01.900,-0.565958,0.040206,9.521719,-0.294084,-0.263536,-0.180029
2024-01-01 00:00:01.910,-0.494984,0.119386,9.211938,-0.334871,-0.220029,-0.212109
2024-01-01 00:00:01.920,-0.519419,0.220644,9.114157,-0.210062,-0.244374,-0.141184
2024-01-01 00:00:01.930,-0.582907,0.098104,9.123504,-0.219319,-0.197615,-0.118148
2024-01-01 00:00:01.940,-0.500665,0.074215,8.719229,-0.281932,-0.17915,-0.142157
2024-01-01 00:00:01.950,-0.477009,0.078428,8.825637,-0.302067,-0.16318,-0.151393
2024-01-01 00:00:01.960,-0.525711,0.228932,8.637856,-0.142002,-0.192811,-0.117388
2024-01-01 00:00:01.970,-0.457418,0.119341,8.643476,-0.140706,-0.120373,-0.129347
2024-01-01 00:00:01.980,-0.444179,0.214351,8.602492,-0.327596,-0.138894,-0.071361
2024-01-01 00:00:01.990,-0.484685,0.273498,8.558816,-0.217246,-0.061682,-0.079619
2024-01-01 00:00:02.000,-0.388623,0.278691,8.521187,-0.101569,-0.011229,-0.082082
2024-01-01 00:00:02.010,-0.356049,0.307578,8.472608,-0.198389,0.09133,-0.082019
2024-01-01 00:00:02.020,-0.30619,0.313308,8.755931,-0.188323,-0.023034,-0.13698
2024-01-01 00:00:02.030,-0.282667,0.380984,8.751195,-0.166573,0.101005,-0.071571
2024-01-01 00:00:02.040,-0.378101,0.283181,8.55467,-0.196598,0.184412,-0.073042
2024-01-01 00:00:02.050,-0.328905,0.309565,8.836029,-0.213427,0.180194,-0.05872
2024-01-01 00:00:02.060,-0.228087,0.316218,8.754464,-0.062754,0.213844,-0.05445
2024-01-01 00:00:02.070,-0.199101,0.406575,8.887797,-0.194324,0.229158,-0.047724
2024-01-01 00:00:02.080,-0.169216,0.419044,8.976267,-0.076259,0.289519,0.027853
2024-01-01 00:00:02.090,0.02816,0.404257,9.043814,-0.030433,0.191968,-0.047143
2024-01-01 00:00:02.100,-0.104873,0.447228,9.300379,-0.133206,0.195398,-0.008296
2024-01-01 00:00:02.110,-0.045121,0.334173,9.364911,-0.092531,0.279088,-0.04192
2024-01-01 00:00:02.120,-0.022331,0.480105,9.456146,0.028827,0.182214,0.00462
2024-01-01 00:00:02.130,-0.005351,0.47521,9.533675,0.009408,0.35868,0.017838
2024-01-01 00:00:02.140,-0.021444,0.43676,9.712692,-0.033446,0.360972,0.009383
2024-01-01 00:00:02.150,0.064527,0.488623,9.799362,0.072194,0.276931,0.057326
2024-01-01 00:00:02.160,0.020106,0.31488,10.076483,0.08703,0.274616,-0.010506
2024-01-01 00:00:02.170,0.078872,0.368299,10.120953,0.054686,0.280061,0.010123
2024-01-01 00:00:02.180,0.098099,0.353209,10.331029,0.010613,0.272901,0.039744
2024-01-01 00:00:02.190,0.157694,0.420159,10.590011,0.049146,0.259563,0.068315
2024-01-01 00:00:02.200,0.300037,0.324366,10.695254,0.098094,0.260537,0.055648
2024-01-01 00:00:02.210,0.121011,0.406239,10.70478,0.088013,0.200216,0.097038
2024-01-01 00:00:02.220,0.278019,0.427115,10.796104,0.157723,0.229356,0.046615
2024-01-01 00:00:02.230,0.191564,0.382338,11.03551,0.047238,0.175337,0.040019
2024-01-01 00:00:02.240,0.276159,0.349559,10.994043,0.06154,0.09143,0.090995
2024-01-01 00:00:02.250,0.380728,0.272617,10.977707,0.157353,0.155597,0.08667
2024-01-01 00:00:02.260,0.354897,0.265199,10.924978,0.135279,-0.01323,0.112199
2024-01-01 00:00:02.270,0.321987,0.354495,11.088792,0.1395,0.015163,0.101689
2024-01-01 00:00:02.280,0.363008,0.31445,11.124696,0.092858,0.032935,0.098556
2024-01-01 00:00:02.290,0.454278,0.256051,10.991715,0.192022,-0.086535,0.112379
2024-01-01 00:00:02.300,0.403859,0.218738,11.032491,0.197534,-0.069182,0.120968
2024-01-01 00:00:02.310,0.469764,0.11915,10.930563,0.241284,-0.090606,0.116016
2024-01-01 00:00:02.320,0.478204,0.146946,10.879568,0.219775,-0.192293,0.123704
2024-01-01 00:00:02.330,0.458692,0.275418,10.614993,0.216675,-0.182331,0.121875
2024-01-01 00:00:02.340,0.612125,0.094563,10.702194,0.288362,-0.213514,0.163407
2024-01-01 00:00:02.350,0.548541,0.146254,10.690889,0.169306,-0.257429,0.146778
2024-01-01 00:00:02.360,0.425727,0.164875,10.445181,0.266358,-0.135751,0.211426
2024-01-01 00:00:02.370,0.544632,0.029085,10.372817,0.159765,-0.306532,0.150815
2024-01-01 00:00:02.380,0.508703,0.078079,10.173378,0.204351,-0.23198,0.131236
2024-01-01 00:00:02.390,0.589033,0.092515,10.122098,0.187736,-0.311836,0.229142
2024-01-01 00:00:02.400,0.509523,0.022863,9.931453,0.28871,-0.352477,0.162177
2024-01-01 00:00:02.410,0.544261,0.142201,9.72724,0.246728,-0.294854,0.179703
2024-01-01 00:00:02.420,0.574202,-0.108103,9.762692,0.248849,-0.265263,0.167477
2024-01-01 00:00:02.430,0.589306,0.004895,9.586228,0.192854,-0.24532,0.167605
2024-01-01 00:00:02.440,0.481191,-0.079885,9.323447,0.231018,-0.202852,0.163671
2024-01-01 00:00:02.450,0.517805,-0.055607,9.277615,0.204795,-0.119459,0.112718
2024-01-01 00:00:02.460,0.502267,-0.094772,9.154607,0.25827,-0.236284,0.154484
2024-01-01 00:00:02.470,0.483022,-0.175727,9.046427,0.18485,-0.260629,0.100897
2024-01-01 00:00:02.480,0.591861,-0.149372,8.75414,0.295394,-0.180367,0.132111
2024-01-01 00:00:02.490,0.510004,-0.274917,8.877505,0.138837,-0.189066,0.111801
2024-01-01 00:00:02.500,0.411192,-0.172433,8.67263,0.175236,-0.099784,0.140061
2024-01-01 00:00:02.510,0.502978,-0.207563,8.625827,0.291626,-0.179258,0.134683
2024-01-01 00:00:02.520,0.544469,-0.209648,8.817624,0.177498,0.037273,0.133987
2024-01-01 00:00:02.530,0.469751,-0.206955,8.599435,0.124314,-0.00397,0.122654
2024-01-01 00:00:02.540,0.320488,-0.258864,8.530054,0.191161,-0.095957,0.08992
2024-01-01 00:00:02.550,0.349208,-0.286271,8.387391,0.145967,-0.012031,0.094012
2024-01-01 00:00:02.560,0.412444,-0.353149,8.694991,0.116888,0.099079,0.122821
2024-01-01 00:00:02.570,0.288192,-0.359063,8.513054,0.092286,0.151146,0.120284
2024-01-01 00:00:02.580,0.31913,-0.277358,8.593614,0.273391,0.0615,0.04658
2024-01-01 00:00:02.590,0.308012,-0.276962,8.716227,0.109823,0.191826,0.027512
2024-01-01 00:00:02.600,0.194349,-0.371568,8.939573,0.013129,0.087722,0.043838
2024-01-01 00:00:02.610,0.208306,-0.367008,8.985175,0.170723,0.206991,0.088979
2024-01-01 00:00:02.620,0.019078,-0.422914,9.01994,0.112891,0.29052,0.085849
2024-01-01 00:00:02.630,0.099158,-0.326121,9.177175,0.03003,0.227571,0.013271
2024-01-01 00:00:02.640,0.106467,-0.357239,9.233468,0.007479,0.196521,0.0417
2024-01-01 00:00:02.650,0.025015,-0.297856,9.428928,0.073403,0.292158,0.078871
2024-01-01 00:00:02.660,0.137033,-0.441881,9.565275,0.012841,0.263674,0.027572
2024-01-01 00:00:02.670,-0.048278,-0.418543,9.782008,-0.08574,0.330408,0.04898
2024-01-01 00:00:02.680,-0.031036,-0.388374,9.928431,0.085256,0.255572,0.027498
2024-01-01 00:00:02.690,-0.034728,-0.366548,10.03656,-0.040457,0.257991,-0.03856
2024-01-01 00:00:02.700,-0.001292,-0.40721,10.111466,0.041435,0.188277,-0.025705
2024-01-01 00:00:02.710,-0.176986,-0.436264,10.338667,0.016107,0.286549,-0.027646
2024-01-01 00:00:02.720,-0.07851,-0.343384,10.404376,-0.112172,0.254907,-0.034149
2024-01-01 00:00:02.730,-0.167161,-0.344902,10.449315,-0.024555,0.184817,-0.018239
2024-01-01 00:00:02.740,-0.247176,-0.418966,10.617757,-0.122618,0.231851,-0.041767
2024-01-01 00:00:02.750,-0.204742,-0.29629,10.75938,-0.196902,0.248383,-0.150226
2024-01-01 00:00:02.760,-0.246856,-0.295209,10.915068,-0.137961,0.15841,-0.109424
2024-01-01 00:00:02.770,-0.314898,-0.335443,10.903003,-0.109612,0.152429,-0.143318
2024-01-01 00:00:02.780,-0.308495,-0.32544,10.881149,-0.164948,0.120606,-0.079826
2024-01-01 00:00:02.790,-0.357274,-0.287845,11.02656,-0.168993,0.013172,-0.08497
2024-01-01 00:00:02.800,-0.357193,-0.343675,11.058563,-0.107762,0.141657,-0.090468
2024-01-01 00:00:02.810,-0.353375,-0.283096,11.07477,-0.170349,-0.019809,-0.134172
2024-01-01 00:00:02.820,-0.329462,-0.375244,11.126718,-0.227966,0.001393,-0.091257
2024-01-01 00:00:02.830,-0.491529,-0.205909,11.110769,-0.160189,-0.027666,-0.095686
2024-01-01 00:00:02.840,-0.342383,-0.309054,10.941076,-0.194223,-0.106911,-0.160118
2024-01-01 00:00:02.850,-0.56449,-0.136261,10.882467,-0.338301,-0.102021,-0.171314
2024-01-01 00:00:02.860,-0.490719,-0.207663,10.77626,-0.198187,-0.15068,-0.131767
2024-01-01 00:00:02.870,-0.468295,-0.180808,10.828663,-0.206641,-0.262221,-0.081986
2024-01-01 00:00:02.880,-0.49653,-0.180092,10.788703,-0.231076,-0.233688,-0.088257
2024-01-01 00:00:02.890,-0.552826,-0.141077,10.535764,-0.192547,-0.270453,-0.125377
2024-01-01 00:00:02.900,-0.541413,-0.033282,10.419499,-0.274987,-0.282364,-0.16672
2024-01-01 00:00:02.910,-0.563146,-0.205774,10.425351,-0.227946,-0.340363,-0.120257
2024-01-01 00:00:02.920,-0.573599,0.00557,10.210798,-0.32568,-0.230942,-0.161972
2024-01-01 00:00:02.930,-0.505414,-0.018072,10.062641,-0.228688,-0.215314,-0.172451
2024-01-01 00:00:02.940,-0.53192,-0.071898,9.786863,-0.152243,-0.2506,-0.214256
2024-01-01 00:00:02.950,-0.584401,-0.041846,9.789836,-0.299632,-0.235941,-0.146862
2024-01-01 00:00:02.960,-0.502869,0.119164,9.515632,-0.287012,-0.312547,-0.168309
2024-01-01 00:00:02.970,-0.528691,0.011372,9.356694,-0.282799,-0.318915,-0.145486
2024-01-01 00:00:02.980,-0.497748,0.024081,9.282113,-0.238223,-0.313869,-0.215815
2024-01-01 00:00:02.990,-0.499392,0.161435,9.132309,-0.294458,-0.226792,-0.139689
2024-01-01 00:00:03.000,-0.562978,0.143957,9.03944,-0.215996,-0.228136,-0.215169
2024-01-01 00:00:03.010,-0.538398,0.102156,8.830239,-0.189653,-0.220549,-0.106559
2024-01-01 00:00:03.020,-0.460128,0.181393,8.922463,-0.199416,-0.12615,-0.120023
2024-01-01 00:00:03.030,-0.452366,0.140197,8.849475,-0.307914,-0.142254,-0.140056
2024-01-01 00:00:03.040,-0.467659,0.26679,8.531428,-0.162339,-0.173792,-0.110377
2024-01-01 00:00:03.050,-0.442872,0.284353,8.70889,-0.157104,-0.133449,-0.151725
2024-01-01 00:00:03.060,-0.365435,0.276624,8.52539,-0.153636,-0.031481,-0.114915
2024-01-01 00:00:03.070,-0.437998,0.285985,8.635188,-0.167003,0.02123,-0.087544
2024-01-01 00:00:03.080,-0.358761,0.372919,8.554652,-0.164498,0.031877,-0.198133
2024-01-01 00:00:03.090,-0.372594,0.30082,8.57312,-0.113146,0.134227,-0.112276
2024-01-01 00:00:03.100,-0.348488,0.256683,8.583744,-0.057281,0.155681,-0.092753
2024-01-01 00:00:03.110,-0.256623,0.352105,8.739918,-0.189271,0.129514,-0.09086
2024-01-01 00:00:03.120,-0.243177,0.446653,8.604229,-0.075388,0.097587,-0.033864
2024-01-01 00:00:03.130,-0.21568,0.303155,8.827693,-0.120836,0.104151,-0.103632
2024-01-01 00:00:03.140,-0.162106,0.346143,8.957021,-0.109838,0.178082,-0.080648
2024-01-01 00:00:03.150,-0.196572,0.394109,9.029014,-0.166655,0.260197,-0.111373
2024-01-01 00:00:03.160,-0.133087,0.378377,9.272006,-0.090232,0.335893,-0.000287
2024-01-01 00:00:03.170,-0.151684,0.338431,9.167995,-0.111759,0.284094,-0.044526
2024-01-01 00:00:03.180,-0.088481,0.44878,9.419424,-0.070779,0.336698,-0.041704
2024-01-01 00:00:03.190,-0.079354,0.512478,9.473307,-0.088022,0.277209,-0.021442
2024-01-01 00:00:03.200,-0.035904,0.408707,9.723936,-0.04097,0.327844,0.007972
2024-01-01 00:00:03.210,0.021237,0.354749,9.770658,-0.024179,0.341024,0.008097
2024-01-01 00:00:03.220,-0.017169,0.322179,9.886785,0.015629,0.199902,0.085911
2024-01-01 00:00:03.230,0.160542,0.410826,10.167361,-0.055318,0.273125,0.02887
2024-01-01 00:00:03.240,0.03761,0.450051,10.165131,-0.032317,0.332156,0.010018
2024-01-01 00:00:03.250,0.058887,0.414187,10.227594,0.072458,0.285353,0.015776
2024-01-01 00:00:03.260,0.208776,0.384536,10.428122,0.028706,0.195027,0.029364
2024-01-01 00:00:03.270,0.221209,0.348097,10.63878,0.136284,0.113063,0.004479
2024-01-01 00:00:03.280,0.242961,0.314557,10.809689,0.107516,0.192771,0.058947
2024-01-01 00:00:03.290,0.272574,0.401237,10.804067,0.139955,0.181069,0.089274
2024-01-01 00:00:03.300,0.269115,0.394284,10.983932,0.193138,0.1115,0.055161
2024-01-01 00:00:03.310,0.252508,0.259206,10.838427,0.119683,0.131757,0.05688
2024-01-01 00:00:03.320,0.32778,0.402724,10.964584,0.118544,0.117115,0.133839
2024-01-01 00:00:03.330,0.315636,0.337562,11.013555,0.202446,0.091261,0.052522
2024-01-01 00:00:03.340,0.422552,0.363402,11.0472,0.195383,-0.094933,0.03991
2024-01-01 00:00:03.350,0.389458,0.20987,11.065674,0.171002,-0.07803,0.073634
2024-01-01 00:00:03.360,0.377186,0.191286,11.099622,0.259782,-0.062556,0.067913
2024-01-01 00:00:03.370,0.422601,0.233836,10.97719,0.188783,-0.053074,0.131224
2024-01-01 00:00:03.380,0.478016,0.2473,10.975779,0.209534,-0.090455,0.113916
2024-01-01 00:00:03.390,0.446309,0.292091,10.897047,0.216741,-0.122977,0.122817
2024-01-01 00:00:03.400,0.448877,0.216993,10.747585,0.175992,-0.195379,0.168221
2024-01-01 00:00:03.410,0.515979,0.148346,10.719647,0.232877,-0.219804,0.116658
2024-01-01 00:00:03.420,0.528115,0.087401,10.611695,0.304323,-0.264255,0.163944
2024-01-01 00:00:03.430,0.500817,0.17798,10.493245,0.261414,-0.210712,0.188839
2024-01-01 00:00:03.440,0.511099,0.045605,10.382676,0.244576,-0.313002,0.132144
2024-01-01 00:00:03.450,0.552899,0.152301,10.252031,0.237956,-0.238659,0.169737
2024-01-01 00:00:03.460,0.473676,0.033452,10.071239,0.264762,-0.281085,0.141676
2024-01-01 00:00:03.470,0.478611,0.10383,10.063416,0.287027,-0.300038,0.177446
2024-01-01 00:00:03.480,0.514077,0.034793,9.721732,0.280461,-0.332833,0.102855
2024-01-01 00:00:03.490,0.538448,-0.029461,9.611231,0.233007,-0.36586,0.100395
2024-01-01 00:00:03.500,0.561898,-0.07196,9.746865,0.264581,-0.324451,0.137267
2024-01-01 00:00:03.510,0.615472,-0.086257,9.300915,0.270226,-0.298537,0.12107
2024-01-01 00:00:03.520,0.578075,-0.070778,9.141001,0.192909,-0.386577,0.13046
2024-01-01 00:00:03.530,0.51884,-0.111002,9.181118,0.247883,-0.260395,0.137097
2024-01-01 00:00:03.540,0.515719,-0.166821,8.838706,0.126785,-0.183265,0.16251
2024-01-01 00:00:03.550,0.454597,-0.16721,8.879645,0.253547,-0.176921,0.125422
2024-01-01 00:00:03.560,0.490115,-0.176251,8.976261,0.256218,-0.203067,0.109204
2024-01-01 00:00:03.570,0.461235,-0.307248,8.600957,0.25359,-0.146434,0.119182
2024-01-01 00:00:03.580,0.474795,-0.197843,8.500881,0.188729,-0.145066,0.102014
2024-01-01 00:00:03.590,0.398709,-0.288918,8.490215,0.215484,-0.076685,0.091999
2024-01-01 00:00:03.600,0.445935,-0.315953,8.649233,0.262092,0.027175,0.066146
2024-01-01 00:00:03.610,0.475056,-0.36012,8.651515,0.251788,0.033573,0.110744
2024-01-01 00:00:03.620,0.370062,-0.381964,8.521866,0.169223,0.04637,0.085348
2024-01-01 00:00:03.630,0.371374,-0.375553,8.636024,0.166643,0.030588,0.124794
2024-01-01 00:00:03.640,0.360375,-0.357683,8.727981,0.203667,0.126872,0.045451
2024-01-01 00:00:03.650,0.279265,-0.237912,8.811554,0.061017,0.037945,0.065372
2024-01-01 00:00:03.660,0.282958,-0.374057,8.716364,0.107371,0.140903,0.128502
2024-01-01 00:00:03.670,0.243876,-0.349866,8.634229,0.177345,0.211826,0.038152
2024-01-01 00:00:03.680,0.218786,-0.348486,8.848592,0.145988,0.246269,0.051241
2024-01-01 00:00:03.690,0.14517,-0.370445,8.988354,0.102018,0.266472,0.013658
2024-01-01 00:00:03.700,0.154333,-0.388061,9.120851,-0.005697,0.268245,0.001304
2024-01-01 00:00:03.710,0.146767,-0.449822,9.254798,0.052899,0.260756,0.079656
2024-01-01 00:00:03.720,0.162765,-0.322037,9.49503,0.011508,0.310758,0.029733
2024-01-01 00:00:03.730,0.106201,-0.307391,9.648727,0.043023,0.24563,0.019893
2024-01-01 00:00:03.740,0.133726,-0.483683,9.677914,-0.028619,0.256418,-0.04378
2024-01-01 00:00:03.750,-0.044561,-0.451176,9.926029,-0.054101,0.303011,0.009073
2024-01-01 00:00:03.760,0.005184,-0.413013,10.012879,-0.120713,0.30573,0.024241
2024-01-01 00:00:03.770,-0.061372,-0.444923,10.133145,0.029027,0.19885,0.015246
2024-01-01 00:00:03.780,0.007087,-0.367707,10.339853,-0.066535,0.301958,-0.007878
2024-01-01 00:00:03.790,-0.17433,-0.424376,10.406165,-0.053013,0.303067,-0.070407
2024-01-01 00:00:03.800,-0.206951,-0.273331,10.689944,-0.075096,0.242158,-0.035597
2024-01-01 00:00:03.810,-0.225418,-0.314364,10.525342,-0.142212,0.342955,-0.033277
2024-01-01 00:00:03.820,-0.331453,-0.354284,10.702875,-0.165343,0.165209,-0.115267
2024-01-01 00:00:03.830,-0.280581,-0.303329,10.824793,-0.165854,0.153684,-0.102991
2024-01-01 00:00:03.840,-0.32041,-0.287928,10.9468,-0.164546,0.122005,-0.050388
2024-01-01 00:00:03.850,-0.302122,-0.358784,11.074657,-0.122416,0.10602,-0.058166
2024-01-01 00:00:03.860,-0.318676,-0.357624,11.016846,-0.192406,0.059953,-0.138029
2024-01-01 00:00:03.870,-0.266921,-0.298041,10.933971,-0.076644,-0.028442,-0.07453
2024-01-01 00:00:03.880,-0.336934,-0.242963,11.127077,-0.123395,-0.020496,-0.101992
2024-01-01 00:00:03.890,-0.435702,-0.262204,11.114811,-0.144517,-0.033211,-0.087531
2024-01-01 00:00:03.900,-0.47278,-0.330192,10.876688,-0.200464,-0.001672,-0.135724
2024-01-01 00:00:03.910,-0.422792,-0.272804,10.992546,-0.127644,0.013108,-0.102659
2024-01-01 00:00:03.920,-0.53139,-0.216882,10.810184,-0.222436,-0.0628,-0.101606
2024-01-01 00:00:03.930,-0.390193,-0.196753,10.813261,-0.220548,-0.199129,-0.141931
2024-01-01 00:00:03.940,-0.437524,-0.073464,10.708716,-0.217181,-0.223732,-0.134875
2024-01-01 00:00:03.950,-0.532976,-0.219921,10.746835,-0.196508,-0.222891,-0.158415
2024-01-01 00:00:03.960,-0.606442,-0.103354,10.580598,-0.204875,-0.148723,-0.092483
2024-01-01 00:00:03.970,-0.462567,-0.031746,10.347091,-0.264784,-0.265976,-0.148225
2024-01-01 00:00:03.980,-0.543638,0.030167,10.390229,-0.271155,-0.340289,-0.174364
2024-01-01 00:00:03.990,-0.481819,-0.080541,10.067993,-0.215146,-0.311414,-0.169759
2024-01-01 00:00:04.000,-0.62736,-0.012459,10.066853,-0.213165,-0.257005,-0.145553
2024-01-01 00:00:04.010,-0.57965,0.014877,9.8299,-0.269523,-0.264808,-0.127313
2024-01-01 00:00:04.020,-0.549571,0.019628,9.719175,-0.329284,-0.309647,-0.190029
2024-01-01 00:00:04.030,-0.545743,0.028344,9.643026,-0.259499,-0.261674,-0.09405
2024-01-01 00:00:04.040,-0.566969,0.078402,9.501506,-0.216308,-0.401644,-0.13923
2024-01-01 00:00:04.050,-0.507822,-0.046887,9.428671,-0.154713,-0.270973,-0.132997
2024-01-01 00:00:04.060,-0.58499,0.136677,9.183772,-0.301538,-0.217511,-0.1479
2024-01-01 00:00:04.070,-0.529543,0.131377,9.092031,-0.258794,-0.282985,-0.141901
2024-01-01 00:00:04.080,-0.505426,0.136009,8.91987,-0.251943,-0.260637,-0.143932
2024-01-01 00:00:04.090,-0.472975,0.271034,8.868584,-0.15889,-0.28661,-0.105474
2024-01-01 00:00:04.100,-0.448657,0.155922,8.801469,-0.221855,-0.085602,-0.132303
2024-01-01 00:00:04.110,-0.524344,0.18984,8.685085,-0.258144,-0.170643,-0.104655
2024-01-01 00:00:04.120,-0.52708,0.329173,8.490654,-0.176781,-0.09027,-0.135845
2024-01-01 00:00:04.130,-0.367204,0.206805,8.619638,-0.216181,-0.038405,-0.1117
2024-01-01 00:00:04.140,-0.393701,0.238859,8.597189,-0.247727,0.041667,-0.136022
2024-01-01 00:00:04.150,-0.425558,0.276054,8.505596,-0.221063,-0.006501,-0.069359
2024-01-01 00:00:04.160,-0.287058,0.341507,8.466438,-0.079032,0.009337,-0.124453
2024-01-01 00:00:04.170,-0.334058,0.324895,8.713505,-0.135263,0.079577,-0.102434
2024-01-01 00:00:04.180,-0.254934,0.263825,8.677701,-0.137293,0.168768,-0.095058
2024-01-01 00:00:04.190,-0.2835,0.31467,8.679125,-0.142893,0.128257,-0.088857
2024-01-01 00:00:04.200,-0.155827,0.322557,8.680857,-0.103058,0.119342,-0.048925
2024-01-01 00:00:04.210,-0.142196,0.359497,8.794722,-0.090517,0.11807,-0.072217
2024-01-01 00:00:04.220,-0.212719,0.393832,9.066382,-0.076424,0.159382,-0.012801
2024-01-01 00:00:04.230,-0.12131,0.40135,9.086557,-0.07148,0.285973,-0.070887
2024-01-01 00:00:04.240,-0.106652,0.298229,9.154968,-0.019706,0.24569,-0.032806
2024-01-01 00:00:04.250,-0.039045,0.445486,9.371665,-0.047698,0.246713,-0.052585
2024-01-01 00:00:04.260,-0.123908,0.408825,9.404202,-0.083288,0.252847,-0.008006
2024-01-01 00:00:04.270,-0.009284,0.467969,9.732572,-0.050433,0.300484,-0.012366
2024-01-01 00:00:04.280,0.04156,0.422125,9.866595,-0.104115,0.287771,-0.00775
2024-01-01 00:00:04.290,-0.067034,0.454777,9.867621,0.110842,0.285477,0.041355
2024-01-01 00:00:04.300,-0.006067,0.421459,9.999924,0.067272,0.361874,-0.00515
2024-01-01 00:00:04.310,-0.016856,0.462494,9.982734,-0.002819,0.362535,0.040806
2024-01-01 00:00:04.320,0.103352,0.416985,10.210368,0.039009,0.19243,0.008792
2024-01-01 00:00:04.330,0.184014,0.380322,10.351309,0.035491,0.272853,0.043782
2024-01-01 00:00:04.340,0.25406,0.491859,10.589936,0.158465,0.197646,0.012935
2024-01-01 00:00:04.350,0.212836,0.414407,10.663097,0.024066,0.200839,0.03716
2024-01-01 00:00:04.360,0.320031,0.389087,10.679551,0.114179,0.202545,0.062609
2024-01-01 00:00:04.370,0.198244,0.285789,10.849226,0.11605,0.147701,0.127325
2024-01-01 00:00:04.380,0.209808,0.27319,10.982084,0.175422,0.138938,0.083472
2024-01-01 00:00:04.390,0.318913,0.33908,11.038258,0.141022,0.12839,0.137374
2024-01-01 00:00:04.400,0.3665,0.317443,10.882117,0.069952,0.075493,0.101327
2024-01-01 00:00:04.410,0.370073,0.264116,11.045053,0.156402,-0.006391,0.089762
2024-01-01 00:00:04.420,0.291467,0.285512,10.948742,0.130864,-0.040679,0.153864
2024-01-01 00:00:04.430,0.412156,0.340576,11.118458,0.193348,-0.116247,0.126732
2024-01-01 00:00:04.440,0.371728,0.277699,11.078957,0.270323,-0.121393,0.099887
2024-01-01 00:00:04.450,0.48927,0.166825,10.897698,0.120204,-0.013945,0.138422
2024-01-01 00:00:04.460,0.491383,0.198477,10.845623,0.175013,-0.183459,0.120237
2024-01-01 00:00:04.470,0.441697,0.143279,10.792284,0.194498,-0.23336,0.073608
2024-01-01 00:00:04.480,0.476955,0.142985,10.557222,0.209395,-0.185138,0.165165
2024-01-01 00:00:04.490,0.461914,0.119974,10.659828,0.27104,-0.231329,0.173268
2024-01-01 00:00:04.500,0.522196,0.094573,10.495308,0.230109,-0.257161,0.19841
2024-01-01 00:00:04.510,0.581734,0.033091,10.469208,0.263507,-0.195098,0.158294
2024-01-01 00:00:04.520,0.4915,0.066527,10.170181,0.214523,-0.252609,0.140025
2024-01-01 00:00:04.530,0.570937,0.021691,10.068821,0.259557,-0.317229,0.173886
2024-01-01 00:00:04.540,0.522291,-0.12011,9.853884,0.288346,-0.318618,0.175168
2024-01-01 00:00:04.550,0.510342,0.105561,9.747857,0.213378,-0.325098,0.199144
2024-01-01 00:00:04.560,0.543922,0.03389,9.587186,0.288738,-0.25468,0.148463
2024-01-01 00:00:04.570,0.49491,-0.062752,9.61673,0.251106,-0.308168,0.144125
2024-01-01 00:00:04.580,0.514506,-0.066235,9.340254,0.298722,-0.372736,0.126403
2024-01-01 00:00:04.590,0.475945,-0.148765,9.270804,0.233492,-0.271918,0.162262
2024-01-01 00:00:04.600,0.625882,-0.028093,9.102717,0.258901,-0.32907,0.097456
2024-01-01 00:00:04.610,0.5194,-0.040323,8.913238,0.233259,-0.122255,0.164456
2024-01-01 00:00:04.620,0.470859,-0.149196,8.893886,0.225119,-0.255814,0.155593
2024-01-01 00:00:04.630,0.503013,-0.127157,8.860248,0.236726,-0.188833,0.15182
2024-01-01 00:00:04.640,0.471472,-0.190258,8.634391,0.243699,-0.138554,0.134262
2024-01-01 00:00:04.650,0.449172,-0.285862,8.729274,0.146713,-0.134537,0.171504
2024-01-01 00:00:04.660,0.472477,-0.258867,8.545856,0.272485,-0.101594,0.146642
2024-01-01 00:00:04.670,0.459671,-0.250109,8.540936,0.098742,-0.031792,0.096823
2024-01-01 00:00:04.680,0.373847,-0.29698,8.604693,0.147747,0.058364,0.091517
2024-01-01 00:00:04.690,0.34878,-0.301788,8.50899,0.16691,0.055613,0.076584
2024-01-01 00:00:04.700,0.339717,-0.311027,8.582062,0.181286,0.12611,0.112939
2024-01-01 00:00:04.710,0.213056,-0.325048,8.587803,0.227969,0.034082,0.059492
2024-01-01 00:00:04.720,0.225945,-0.331833,8.673713,0.044224,0.135321,0.114785
2024-01-01 00:00:04.730,0.342563,-0.399767,8.539062,0.099261,0.158612,0.114476
2024-01-01 00:00:04.740,0.328039,-0.393686,8.664165,0.005381,0.197727,0.040663
2024-01-01 00:00:04.750,0.204064,-0.431931,8.954582,0.099997,0.275828,0.053483
2024-01-01 00:00:04.760,0.215323,-0.327412,9.095488,0.098355,0.219974,0.051361
2024-01-01 00:00:04.770,0.171396,-0.488891,9.057853,0.150373,0.231558,0.06902
2024-01-01 00:00:04.780,0.27858,-0.331915,9.238691,0.062684,0.295888,0.082272
2024-01-01 00:00:04.790,0.148987,-0.324922,9.416901,0.094478,0.193932,-0.025199
2024-01-01 00:00:04.800,0.054665,-0.412636,9.589623,0.056947,0.280762,0.007108
2024-01-01 00:00:04.810,-0.018873,-0.529604,9.516587,-0.008624,0.291633,-9.8e-05
2024-01-01 00:00:04.820,-0.083675,-0.418058,9.754358,-0.071972,0.25396,-0.042935
2024-01-01 00:00:04.830,-0.025425,-0.40237,9.944866,-0.002431,0.350339,-0.024262
2024-01-01 00:00:04.840,-0.105539,-0.447486,10.171733,-0.105388,0.237791,-0.005636
2024-01-01 00:00:04.850,-0.170724,-0.419146,10.455164,0.019483,0.273526,-0.035527
2024-01-01 00:00:04.860,-0.163487,-0.31195,10.370733,-0.06772,0.280537,-0.082109
2024-01-01 00:00:04.870,-0.216331,-0.348952,10.402135,-0.013993,0.315455,0.041972
2024-01-01 00:00:04.880,-0.108434,-0.420849,10.662902,-0.111643,0.22575,-0.044594
2024-01-01 00:00:04.890,-0.178582,-0.445634,10.841139,-0.087768,0.248468,-0.057376
2024-01-01 00:00:04.900,-0.25217,-0.37198,10.83611,-0.103974,0.2093,-0.101603
2024-01-01 00:00:04.910,-0.206015,-0.354953,10.832952,-0.129531,0.150655,-0.068546
2024-01-01 00:00:04.920,-0.303421,-0.306936,11.045071,-0.16131,0.058231,-0.088733
2024-01-01 00:00:04.930,-0.376573,-0.344836,11.06853,-0.131972,0.007653,-0.147613
2024-01-01 00:00:04.940,-0.282425,-0.277724,10.963793,-0.2093,0.05029,-0.129903
2024-01-01 00:00:04.950,-0.355473,-0.190727,11.089829,-0.234299,-0.017206,-0.080448
2024-01-01 00:00:04.960,-0.456803,-0.229906,11.135348,-0.121923,0.02072,-0.052118
2024-01-01 00:00:04.970,-0.435585,-0.255351,11.129238,-0.157309,-0.022775,-0.105186
2024-01-01 00:00:04.980,-0.489511,-0.243498,10.991646,-0.19931,-0.103297,-0.08847
2024-01-01 00:00:04.990,-0.532998,-0.232762,10.914265,-0.127587,-0.184658,-0.131179
2024-01-01 00:00:05.000,-0.43408,-0.135744,10.97146,-0.231747,-0.132196,-0.133612
2024-01-01 00:00:05.010,-0.399796,-0.20532,10.692207,-0.158986,-0.237422,-0.102344
2024-01-01 00:00:05.020,-0.578369,-0.150272,10.726383,-0.222331,-0.250674,-0.088782
2024-01-01 00:00:05.030,-0.491716,-0.128027,10.471849,-0.28754,-0.285022,-0.102748
2024-01-01 00:00:05.040,-0.562031,-0.133281,10.546225,-0.148279,-0.263029,-0.1764
2024-01-01 00:00:05.050,-0.561668,-0.154048,10.310941,-0.194697,-0.214125,-0.148548
2024-01-01 00:00:05.060,-0.572894,-0.046214,10.296487,-0.252994,-0.285668,-0.13984
2024-01-01 00:00:05.070,-0.590567,-0.042137,10.092434,-0.212445,-0.316432,-0.157072
2024-01-01 00:00:05.080,-0.547151,0.009336,9.81004,-0.269993,-0.375359,-0.138249
2024-01-01 00:00:05.090,-0.591443,-0.018891,9.875298,-0.208495,-0.272166,-0.125354
2024-01-01 00:00:05.100,-0.534799,0.092268,9.739527,-0.368791,-0.335364,-0.119458
2024-01-01 00:00:05.110,-0.547372,0.010719,9.542785,-0.298654,-0.282962,-0.098022
2024-01-01 00:00:05.120,-0.551471,0.163302,9.272697,-0.196275,-0.295071,-0.157026
2024-01-01 00:00:05.130,-0.577708,0.013194,9.177117,-0.254451,-0.220158,-0.186102
2024-01-01 00:00:05.140,-0.552144,0.144843,9.089575,-0.227489,-0.251032,-0.131972
2024-01-01 00:00:05.150,-0.474709,0.168982,8.908055,-0.300284,-0.223874,-0.083253
2024-01-01 00:00:05.160,-0.474843,0.127038,8.997782,-0.134829,-0.17136,-0.150643
2024-01-01 00:00:05.170,-0.534456,0.209067,8.785017,-0.161191,-0.062328,-0.111825
2024-01-01 00:00:05.180,-0.46463,0.272208,8.482536,-0.223487,-0.092975,-0.107199
2024-01-01 00:00:05.190,-0.41443,0.11706,8.666569,-0.225689,-0.109659,-0.117529
2024-01-01 00:00:05.200,-0.516316,0.271922,8.568285,-0.145268,-0.071454,-0.117841
2024-01-01 00:00:05.210,-0.385035,0.140157,8.563556,-0.088241,-0.063257,-0.140122
2024-01-01 00:00:05.220,-0.423272,0.23366,8.530536,-0.129649,-0.049404,-0.174852
2024-01-01 00:00:05.230,-0.338207,0.379555,8.632256,-0.058108,0.005594,-0.133375
2024-01-01 00:00:05.240,-0.380234,0.284135,8.682022,-0.201604,0.029302,-0.105001
2024-01-01 00:00:05.250,-0.406471,0.268579,8.656592,-0.184709,0.134322,-0.053321
2024-01-01 00:00:05.260,-0.370672,0.330299,8.66448,-0.190945,0.08044,-0.081992
2024-01-01 00:00:05.270,-0.258963,0.455344,8.761377,-0.096715,0.231164,-0.086853
2024-01-01 00:00:05.280,-0.219554,0.270905,8.853689,-0.09692,0.230346,-0.09015
2024-01-01 00:00:05.290,-0.248129,0.319217,8.888538,-0.099831,0.219358,-0.035636
2024-01-01 00:00:05.300,-0.140658,0.454668,9.11145,-0.037986,0.240935,-0.006319
2024-01-01 00:00:05.310,-0.224744,0.479388,9.224588,-0.002778,0.232328,-0.006734
2024-01-01 00:00:05.320,-0.113564,0.386708,9.442226,-0.126402,0.28939,-0.011887
2024-01-01 00:00:05.330,-0.139025,0.333955,9.557378,-0.065519,0.34219,-0.06567
2024-01-01 00:00:05.340,-0.079009,0.503365,9.544912,0.019909,0.260569,-0.023209
2024-01-01 00:00:05.350,-0.011831,0.479589,9.811097,-0.029842,0.22293,0.054546
2024-01-01 00:00:05.360,-0.024956,0.433732,9.815992,-0.031699,0.334514,0.038585
2024-01-01 00:00:05.370,0.03104,0.357706,10.093209,0.073776,0.311206,-0.032416
2024-01-01 00:00:05.380,0.132613,0.393045,10.138542,-0.027067,0.230556,0.020777
2024-01-01 00:00:05.390,0.085201,0.383288,10.23526,0.03676,0.237533,0.041996
2024-01-01 00:00:05.400,0.187184,0.402312,10.469798,0.082523,0.215112,0.01679
2024-01-01 00:00:05.410,0.119768,0.451455,10.354937,0.051424,0.202156,-0.021207
2024-01-01 00:00:05.420,0.232991,0.414707,10.539893,0.133022,0.199235,0.059283
2024-01-01 00:00:05.430,0.308117,0.307423,10.764875,0.078846,0.176166,0.040741
2024-01-01 00:00:05.440,0.14118,0.419428,10.871444,0.190778,0.128421,0.048693
2024-01-01 00:00:05.450,0.252731,0.354365,10.906568,0.126702,0.092305,0.069153
2024-01-01 00:00:05.460,0.348236,0.360002,10.865535,0.178737,0.086237,0.083094
2024-01-01 00:00:05.470,0.334937,0.384795,10.965979,0.19416,0.07218,0.093843
2024-01-01 00:00:05.480,0.388166,0.240636,11.085428,0.136627,0.013222,0.074283
2024-01-01 00:00:05.490,0.362657,0.278151,11.106282,0.075897,0.051812,0.100536
2024-01-01 00:00:05.500,0.419081,0.236134,11.046861,0.206561,-0.015791,0.060391
2024-01-01 00:00:05.510,0.427436,0.166173,11.112095,0.201442,-0.155245,0.128028
2024-01-01 00:00:05.520,0.51258,0.24292,11.006092,0.234241,-0.082982,0.038182
2024-01-01 00:00:05.530,0.484319,0.331405,10.853243,0.203036,-0.110855,0.119933
2024-01-01 00:00:05.540,0.504262,0.093357,10.814166,0.200016,-0.192892,0.160498
2024-01-01 00:00:05.550,0.480895,0.162642,10.633823,0.328373,-0.273584,0.104989
2024-01-01 00:00:05.560,0.489489,0.174614,10.633973,0.159959,-0.223356,0.161639
2024-01-01 00:00:05.570,0.502854,0.12658,10.616712,0.275098,-0.246001,0.177712
2024-01-01 00:00:05.580,0.553012,0.092195,10.457815,0.213674,-0.320176,0.046206
2024-01-01 00:00:05.590,0.519212,0.009979,10.382243,0.228784,-0.351501,0.142803
2024-01-01 00:00:05.600,0.559863,0.06341,10.106615,0.232042,-0.294327,0.062465
2024-01-01 00:00:05.610,0.65238,-0.009415,10.094884,0.209196,-0.308624,0.146075
2024-01-01 00:00:05.620,0.593514,-0.104518,9.825645,0.278542,-0.32077,0.149773
2024-01-01 00:00:05.630,0.533111,0.041245,9.812321,0.319265,-0.302889,0.075363
2024-01-01 00:00:05.640,0.607037,0.006036,9.547918,0.272126,-0.34856,0.206921
2024-01-01 00:00:05.650,0.522255,-0.062555,9.464898,0.251832,-0.30583,0.156578
2024-01-01 00:00:05.660,0.434566,-0.076715,9.390506,0.194529,-0.244182,0.12084
2024-01-01 00:00:05.670,0.478036,-0.05718,9.128594,0.266041,-0.271381,0.188081
2024-01-01 00:00:05.680,0.42505,-0.122025,9.04227,0.34354,-0.317024,0.087565
2024-01-01 00:00:05.690,0.489378,-0.109928,9.019438,0.211399,-0.233391,0.101385
2024-01-01 00:00:05.700,0.494495,-0.191356,8.809511,0.205553,-0.236711,0.065627
2024-01-01 00:00:05.710,0.562317,-0.131628,8.631917,0.189443,-0.140773,0.18453
2024-01-01 00:00:05.720,0.478116,-0.201255,8.841216,0.185424,-0.106995,0.135907
2024-01-01 00:00:05.730,0.432499,-0.226911,8.580064,0.064305,-0.172992,0.140724
2024-01-01 00:00:05.740,0.465084,-0.318621,8.594616,0.212803,-0.01798,0.124561
2024-01-01 00:00:05.750,0.291758,-0.258397,8.655558,0.140593,-0.076648,0.126935
2024-01-01 00:00:05.760,0.391412,-0.331031,8.51271,0.092046,0.092102,0.105878
2024-01-01 00:00:05.770,0.394184,-0.337039,8.496246,0.199314,0.046691,0.105121
2024-01-01 00:00:05.780,0.256498,-0.360536,8.629622,0.096093,0.021121,0.093345
2024-01-01 00:00:05.790,0.361263,-0.38662,8.514838,0.121283,0.059505,0.064672
2024-01-01 00:00:05.800,0.293603,-0.239464,8.700054,0.199085,0.165569,0.074059
2024-01-01 00:00:05.810,0.227564,-0.29034,8.822442,0.042416,0.15812,0.075934
2024-01-01 00:00:05.820,0.250763,-0.270865,8.874848,0.022972,0.19993,0.063078
2024-01-01 00:00:05.830,0.3027,-0.436742,8.879139,0.09945,0.309664,0.007257
2024-01-01 00:00:05.840,0.167649,-0.379455,9.247424,0.129545,0.215174,0.002893
2024-01-01 00:00:05.850,0.139811,-0.453796,9.254941,-0.020808,0.270805,0.067231
2024-01-01 00:00:05.860,0.072839,-0.428669,9.495666,0.063933,0.352786,0.016919
2024-01-01 00:00:05.870,0.021391,-0.443199,9.500785,0.058088,0.305431,0.034964
2024-01-01 00:00:05.880,0.073257,-0.337354,9.595568,-0.088531,0.217672,-0.024107
2024-01-01 00:00:05.890,-0.043317,-0.419811,9.833865,0.039692,0.325269,-0.044334
2024-01-01 00:00:05.900,-0.029185,-0.345871,9.941398,0.028938,0.239721,-0.034243
2024-01-01 00:00:05.910,-0.088784,-0.366999,10.008725,-0.04509,0.361986,-0.024377
2024-01-01 00:00:05.920,-0.072867,-0.278572,10.360785,0.01861,0.240265,-0.046359
2024-01-01 00:00:05.930,-0.111715,-0.46292,10.327718,-0.00154,0.415776,0.0038
2024-01-01 00:00:05.940,-0.10766,-0.319841,10.356771,-0.067361,0.322885,-0.038124
2024-01-01 00:00:05.950,-0.215629,-0.318018,10.727192,-0.108994,0.18847,0.003615
2024-01-01 00:00:05.960,-0.233558,-0.415255,10.686387,-0.148671,0.204945,-0.047885
2024-01-01 00:00:05.970,-0.298181,-0.306213,10.771289,-0.11517,0.214465,-0.140352
2024-01-01 00:00:05.980,-0.299779,-0.32852,10.757977,-0.097677,0.186373,-0.044018
2024-01-01 00:00:05.990,-0.286065,-0.344269,11.102795,-0.154813,0.137689,-0.128449
2024-01-01 00:00:06.000,-0.293397,-0.360515,10.908807,-0.260441,0.144974,-0.083424
2024-01-01 00:00:06.010,-0.402531,-0.340598,11.048555,-0.098575,0.041877,-0.120447
2024-01-01 00:00:06.020,-0.336892,-0.186427,11.131831,-0.163385,-0.005311,-0.039457
2024-01-01 00:00:06.030,-0.335231,-0.272165,11.090324,-0.202169,-0.039497,-0.066725
2024-01-01 00:00:06.040,-0.403595,-0.215437,11.032434,-0.149991,-0.01411,-0.137964
2024-01-01 00:00:06.050,-0.35022,-0.275556,10.864814,-0.125614,-0.072861,-0.124928
2024-01-01 00:00:06.060,-0.501015,-0.25566,10.883529,-0.350244,-0.109393,-0.118751
2024-01-01 00:00:06.070,-0.541232,-0.142479,10.895033,-0.196014,-0.115327,-0.104734
2024-01-01 00:00:06.080,-0.582961,-0.243291,10.734021,-0.295889,-0.286641,-0.13386
2024-01-01 00:00:06.090,-0.432549,-0.175201,10.716674,-0.205658,-0.195052,-0.169115
2024-01-01 00:00:06.100,-0.486212,-0.130837,10.646108,-0.229481,-0.223198,-0.163053
2024-01-01 00:00:06.110,-0.531503,-0.104611,10.548982,-0.208543,-0.171037,-0.144332
2024-01-01 00:00:06.120,-0.522699,-0.096396,10.245196,-0.268916,-0.347757,-0.109338
2024-01-01 00:00:06.130,-0.599099,-0.044611,10.382995,-0.3404,-0.206587,-0.135208
2024-01-01 00:00:06.140,-0.424795,-0.006499,10.127171,-0.271193,-0.289882,-0.172407
2024-01-01 00:00:06.150,-0.542998,0.018992,9.920626,-0.229412,-0.27437,-0.130401
2024-01-01 00:00:06.160,-0.544474,-0.043567,9.861394,-0.199205,-0.216081,-0.161594
2024-01-01 00:00:06.170,-0.512248,0.014959,9.817423,-0.307926,-0.268772,-0.122888
2024-01-01 00:00:06.180,-0.52119,0.112248,9.369553,-0.196483,-0.269642,-0.072892
2024-01-01 00:00:06.190,-0.528874,0.120405,9.327565,-0.277879,-0.266412,-0.158056
2024-01-01 00:00:06.200,-0.572561,0.029932,9.022635,-0.224167,-0.287735,-0.121326
2024-01-01 00:00:06.210,-0.500599,0.138711,9.103857,-0.263755,-0.246396,-0.165318
2024-01-01 00:00:06.220,-0.419402,0.044372,9.003136,-0.224302,-0.258788,-0.143414
2024-01-01 00:00:06.230,-0.433796,0.167283,8.867732,-0.183164,-0.200214,-0.135768
2024-01-01 00:00:06.240,-0.407246,0.280909,8.728379,-0.282671,-0.287032,-0.138603
2024-01-01 00:00:06.250,-0.49663,0.159071,8.540814,-0.248118,-0.118692,-0.054583
2024-01-01 00:00:06.260,-0.503091,0.184484,8.673894,-0.196939,-0.114212,-0.13291
2024-01-01 00:00:06.270,-0.440882,0.283358,8.715719,-0.077463,-0.091429,-0.10092
2024-01-01 00:00:06.280,-0.411291,0.186128,8.523928,-0.231377,-0.029099,-0.170833
2024-01-01 00:00:06.290,-0.337429,0.248837,8.595379,-0.076238,-0.076681,-0.093987
2024-01-01 00:00:06.300,-0.453472,0.326537,8.440877,-0.067437,0.126613,-0.066334
2024-01-01 00:00:06.310,-0.267813,0.280221,8.626166,-0.161361,0.059749,-0.109725
2024-01-01 00:00:06.320,-0.326447,0.314283,8.598165,-0.159702,0.091441,-0.162183
2024-01-01 00:00:06.330,-0.313051,0.376314,8.624924,-0.167197,0.082951,-0.080716
2024-01-01 00:00:06.340,-0.314468,0.372039,8.696831,-0.123348,0.163101,-0.071447
2024-01-01 00:00:06.350,-0.317854,0.374952,8.812388,-0.177205,0.259707,-0.042399
2024-01-01 00:00:06.360,-0.164392,0.354059,8.973977,-0.097244,0.267992,0.004268
2024-01-01 00:00:06.370,-0.171616,0.397646,8.949834,-0.00483,0.281782,-0.059206
2024-01-01 00:00:06.380,-0.208908,0.379779,9.14485,-0.096195,0.285956,-0.065073
2024-01-01 00:00:06.390,-0.177796,0.414351,9.303826,-0.063419,0.256727,-0.065837
2024-01-01 00:00:06.400,-0.098073,0.370761,9.356661,-0.122004,0.214387,-0.016226
2024-01-01 00:00:06.410,0.034204,0.389265,9.730784,-0.003682,0.285138,0.00095
2024-01-01 00:00:06.420,-0.030019,0.35031,9.664304,0.005479,0.287631,-0.021017
2024-01-01 00:00:06.430,-0.059931,0.398096,9.825626,0.010106,0.35198,0.027513
2024-01-01 00:00:06.440,0.035152,0.357959,9.946563,0.010722,0.311006,0.026899
2024-01-01 00:00:06.450,0.065853,0.340098,10.311397,0.021493,0.368083,0.022976
2024-01-01 00:00:06.460,-0.023579,0.404662,10.349525,0.07567,0.335319,0.003273
2024-01-01 00:00:06.470,0.139944,0.396947,10.361327,0.063404,0.236809,0.024451
2024-01-01 00:00:06.480,0.162014,0.418705,10.647101,0.09464,0.150495,-0.025558
2024-01-01 00:00:06.490,0.238676,0.34995,10.68671,0.103415,0.286843,0.062673
2024-01-01 00:00:06.500,0.325917,0.382576,10.791448,0.162294,0.259854,0.064464
2024-01-01 00:00:06.510,0.318598,0.379133,10.830307,0.153063,0.095256,0.077182
2024-01-01 00:00:06.520,0.276722,0.362042,10.870496,0.141537,0.20846,0.094266
2024-01-01 00:00:06.530,0.261739,0.285561,11.014645,0.220042,0.119706,0.098047
2024-01-01 00:00:06.540,0.471541,0.320228,10.984993,0.176865,0.074854,0.090199
2024-01-01 00:00:06.550,0.370462,0.315806,11.198156,0.232294,0.112858,0.101687
2024-01-01 00:00:06.560,0.39156,0.281773,10.958393,0.208012,0.064211,0.06447
2024-01-01 00:00:06.570,0.411675,0.159937,11.172758,0.095577,-0.005557,0.095092
2024-01-01 00:00:06.580,0.443382,0.254222,11.013836,0.262277,-0.049039,0.119735
2024-01-01 00:00:06.590,0.445364,0.337914,11.002864,0.212478,-0.075456,0.101356
2024-01-01 00:00:06.600,0.441447,0.189593,10.985707,0.211098,-0.158393,0.154022
2024-01-01 00:00:06.610,0.458716,0.150785,10.793497,0.235003,-0.171357,0.112803
2024-01-01 00:00:06.620,0.498678,0.184805,10.823699,0.210167,-0.241609,0.142939
2024-01-01 00:00:06.630,0.485679,0.160134,10.435606,0.244465,-0.238335,0.143365
2024-01-01 00:00:06.640,0.487977,0.182031,10.480677,0.208415,-0.262155,0.165194
2024-01-01 00:00:06.650,0.537909,0.03696,10.3404,0.305799,-0.294375,0.172275
2024-01-01 00:00:06.660,0.526973,0.113537,10.181782,0.239649,-0.270947,0.168018
2024-01-01 00:00:06.670,0.620199,0.08334,10.126111,0.228598,-0.305337,0.085456
2024-01-01 00:00:06.680,0.415852,0.023376,10.030827,0.203027,-0.271404,0.185388
2024-01-01 00:00:06.690,0.60449,0.023978,9.910227,0.2634,-0.38093,0.195796
2024-01-01 00:00:06.700,0.611841,0.035052,9.726726,0.259145,-0.304657,0.13541
2024-01-01 00:00:06.710,0.443597,0.003787,9.509052,0.268179,-0.287474,0.156354
2024-01-01 00:00:06.720,0.525979,-0.12025,9.450088,0.195507,-0.300601,0.121397
2024-01-01 00:00:06.730,0.518519,-0.045145,9.294125,0.164073,-0.280786,0.088028
2024-01-01 00:00:06.740,0.458845,-0.112144,9.229915,0.271834,-0.334782,0.122171
2024-01-01 00:00:06.750,0.480638,-0.127648,9.097041,0.310382,-0.217535,0.125485
2024-01-01 00:00:06.760,0.45252,-0.149563,8.927842,0.179614,-0.179581,0.127913
2024-01-01 00:00:06.770,0.582434,-0.182138,8.756308,0.30439,-0.16097,0.106184
2024-01-01 00:00:06.780,0.526673,-0.135842,8.692042,0.232327,-0.104844,0.108876
2024-01-01 00:00:06.790,0.526884,-0.219743,8.631144,0.210241,-0.115681,0.126026
2024-01-01 00:00:06.800,0.481212,-0.290922,8.596363,0.182454,-0.06907,0.098292
2024-01-01 00:00:06.810,0.368967,-0.2732,8.605832,0.124146,-0.051167,0.132329
2024-01-01 00:00:06.820,0.37802,-0.262295,8.621263,0.233135,0.010249,0.130699
2024-01-01 00:00:06.830,0.40615,-0.226543,8.556758,0.134711,-0.067814,0.175506
2024-01-01 00:00:06.840,0.296696,-0.27363,8.576117,0.123647,0.001391,0.131353
2024-01-01 00:00:06.850,0.368343,-0.361048,8.61726,0.20082,0.159805,0.098028
2024-01-01 00:00:06.860,0.294422,-0.207902,8.612055,0.045141,-0.009279,0.064966
2024-01-01 00:00:06.870,0.260388,-0.33142,8.642737,0.050697,0.138453,0.084939
2024-01-01 00:00:06.880,0.286407,-0.2922,8.654811,0.11312,0.233793,0.078214
2024-01-01 00:00:06.890,0.243939,-0.373641,8.832069,0.115449,0.197825,0.045071
2024-01-01 00:00:06.900,0.173782,-0.348214,9.030653,0.111432,0.20676,0.075829
2024-01-01 00:00:06.910,0.21924,-0.340444,9.052929,0.058216,0.254883,0.002041
2024-01-01 00:00:06.920,0.076109,-0.327727,9.216138,0.185683,0.24874,0.028167
2024-01-01 00:00:06.930,0.129399,-0.340651,9.406384,0.033425,0.282258,0.043567
2024-01-01 00:00:06.940,0.096359,-0.353438,9.550696,0.01878,0.257006,0.009564
2024-01-01 00:00:06.950,0.019098,-0.414963,9.566789,-0.024133,0.353063,0.003227
2024-01-01 00:00:06.960,0.018634,-0.428584,9.879185,0.007253,0.371152,-0.003499
2024-01-01 00:00:06.970,-0.092483,-0.382777,10.036022,0.017145,0.291554,-0.03323
2024-01-01 00:00:06.980,-0.015879,-0.350787,9.999991,0.031961,0.223031,0.018286
2024-01-01 00:00:06.990,-0.103264,-0.405248,10.165161,-0.1172,0.256275,-0.056183
2024-01-01 00:00:07.000,-0.15177,-0.336166,10.461253,-0.069406,0.259494,-0.024719
2024-01-01 00:00:07.010,-0.104366,-0.310766,10.481468,-0.048945,0.2765,-0.030359
2024-01-01 00:00:07.020,-0.222677,-0.421865,10.433488,-0.055856,0.179898,-0.079584
2024-01-01 00:00:07.030,-0.287881,-0.409253,10.605931,-0.098517,0.167748,-0.057114
2024-01-01 00:00:07.040,-0.324539,-0.36452,10.792303,-0.085019,0.204811,-0.094573
2024-01-01 00:00:07.050,-0.244808,-0.330984,10.799772,-0.165497,0.196827,-0.033298
2024-01-01 00:00:07.060,-0.366583,-0.360265,10.92541,-0.059633,0.087346,-0.11668
2024-01-01 00:00:07.070,-0.241235,-0.252948,11.010948,-0.099902,0.01868,-0.109337
2024-01-01 00:00:07.080,-0.458351,-0.284773,11.158727,-0.228271,0.215288,-0.133342
2024-01-01 00:00:07.090,-0.293493,-0.28837,11.034958,-0.225717,0.055285,-0.143908
2024-01-01 00:00:07.100,-0.390524,-0.345504,11.143277,-0.234653,-0.032413,-0.061648
2024-01-01 00:00:07.110,-0.427289,-0.321924,11.153896,-0.158126,-0.010532,-0.098931
2024-01-01 00:00:07.120,-0.469624,-0.223626,11.11955,-0.265317,-0.094385,-0.11644
2024-01-01 00:00:07.130,-0.440824,-0.325031,10.976361,-0.225997,-0.077771,-0.145365
2024-01-01 00:00:07.140,-0.479479,-0.147743,10.729564,-0.194355,-0.144459,-0.103025
2024-01-01 00:00:07.150,-0.437605,-0.185573,10.841731,-0.227295,-0.177068,-0.159119
2024-01-01 00:00:07.160,-0.500536,0.00581,10.793291,-0.217168,-0.214016,-0.114258
2024-01-01 00:00:07.170,-0.510467,-0.01909,10.595117,-0.288737,-0.304545,-0.167443
2024-01-01 00:00:07.180,-0.546115,-0.121236,10.622465,-0.210227,-0.155918,-0.163317
2024-01-01 00:00:07.190,-0.538917,-0.094773,10.423725,-0.274329,-0.317068,-0.123452
2024-01-01 00:00:07.200,-0.52697,-0.016661,10.264945,-0.262758,-0.351447,-0.122001
2024-01-01 00:00:07.210,-0.632292,0.041963,10.165307,-0.236651,-0.303646,-0.131199
2024-01-01 00:00:07.220,-0.616735,-0.101705,9.960287,-0.24454,-0.346603,-0.181306
2024-01-01 00:00:07.230,-0.512814,-0.085661,9.587714,-0.248791,-0.302535,-0.163396
2024-01-01 00:00:07.240,-0.540192,-0.003995,9.601043,-0.286957,-0.262856,-0.144948
2024-01-01 00:00:07.250,-0.554805,0.079599,9.592908,-0.26298,-0.240686,-0.17428
2024-01-01 00:00:07.260,-0.539677,0.098487,9.29299,-0.245617,-0.238926,-0.106307
2024-01-01 00:00:07.270,-0.516351,0.15006,9.206406,-0.311359,-0.280309,-0.217621
2024-01-01 00:00:07.280,-0.552013,0.059182,9.015439,-0.261775,-0.244267,-0.166551
2024-01-01 00:00:07.290,-0.553429,0.025546,9.126261,-0.214486,-0.204679,-0.155609
2024-01-01 00:00:07.300,-0.492439,0.205953,9.013955,-0.292159,-0.288192,-0.22229
2024-01-01 00:00:07.310,-0.537139,0.14278,8.717413,-0.164089,-0.144249,-0.175038
2024-01-01 00:00:07.320,-0.452116,0.10377,8.72265,-0.151305,-0.215741,-0.110113
2024-01-01 00:00:07.330,-0.540341,0.231747,8.594287,-0.269172,-0.008993,-0.12324
2024-01-01 00:00:07.340,-0.38487,0.283179,8.651756,-0.13045,-0.097842,-0.071804
2024-01-01 00:00:07.350,-0.392312,0.255607,8.613775,-0.196243,-0.052399,-0.067082
2024-01-01 00:00:07.360,-0.381323,0.256105,8.625392,-0.158222,-0.046586,-0.094497
2024-01-01 00:00:07.370,-0.321816,0.287358,8.591651,-0.193447,-0.004433,-0.091771
2024-01-01 00:00:07.380,-0.263227,0.292109,8.821694,-0.111348,0.175564,-0.092522
2024-01-01 00:00:07.390,-0.270139,0.257478,8.543216,-0.12554,0.14282,-0.167159
2024-01-01 00:00:07.400,-0.386155,0.302271,8.543482,-0.174394,0.050967,-0.122049
2024-01-01 00:00:07.410,-0.330331,0.37603,8.719301,-0.179329,0.234497,-0.069621
2024-01-01 00:00:07.420,-0.268917,0.376807,8.710297,-0.18105,0.247616,-0.04634
2024-01-01 00:00:07.430,-0.206878,0.378641,8.814727,-0.085231,0.199976,-0.048087
2024-01-01 00:00:07.440,-0.152089,0.328722,8.964454,-0.052273,0.25251,-0.075312
2024-01-01 00:00:07.450,-0.183436,0.376343,9.091748,-0.034338,0.256305,-0.012009
2024-01-01 00:00:07.460,-0.106482,0.282177,9.218981,-0.058545,0.372022,0.012886
2024-01-01 00:00:07.470,-0.121861,0.404221,9.473714,-0.096074,0.246159,0.005205
2024-01-01 00:00:07.480,-0.082651,0.469646,9.533864,-0.057774,0.301922,0.015486
2024-01-01 00:00:07.490,-0.090212,0.326032,9.70534,0.048582,0.277809,-0.022198
2024-01-01 00:00:07.500,-0.033775,0.370602,9.937825,-0.018601,0.228044,0.035656
2024-01-01 00:00:07.510,-0.022976,0.415138,9.950792,0.027447,0.405635,0.016539
2024-01-01 00:00:07.520,0.027883,0.458736,10.133965,-0.018929,0.22926,0.036259
2024-01-01 00:00:07.530,0.161164,0.369731,10.322673,0.066139,0.287664,0.040549
2024-01-01 00:00:07.540,0.092443,0.352228,10.269722,0.040713,0.174137,0.034514
2024-01-01 00:00:07.550,0.302482,0.281762,10.357431,0.130001,0.222141,0.020799
2024-01-01 00:00:07.560,0.225891,0.377439,10.688934,0.130144,0.240785,0.052415
2024-01-01 00:00:07.570,0.240136,0.465149,10.801919,0.080167,0.15302,0.092574
2024-01-01 00:00:07.580,0.216851,0.366441,11.015907,0.111744,0.195495,0.057602
2024-01-01 00:00:07.590,0.322765,0.339775,10.937314,0.10324,0.122317,0.105278
2024-01-01 00:00:07.600,0.285958,0.344134,11.04881,0.072092,0.161519,0.10795
2024-01-01 00:00:07.610,0.346748,0.313488,11.010021,0.111968,0.137925,0.083936
2024-01-01 00:00:07.620,0.493387,0.258324,11.075145,0.175994,0.005861,0.141314
2024-01-01 00:00:07.630,0.384057,0.324042,11.193381,0.193017,0.003912,0.095386
2024-01-01 00:00:07.640,0.468463,0.277096,10.881521,0.194245,-0.025876,0.157377
2024-01-01 00:00:07.650,0.396565,0.248703,11.058895,0.181151,-0.038722,0.130767
2024-01-01 00:00:07.660,0.449213,0.180216,11.154295,0.251636,-0.102654,0.122514
2024-01-01 00:00:07.670,0.557189,0.274534,10.947513,0.216199,-0.126123,0.101179
2024-01-01 00:00:07.680,0.453375,0.222247,10.983164,0.255491,-0.1782,0.129549
2024-01-01 00:00:07.690,0.589751,0.140368,10.712628,0.138188,-0.18838,0.130013
2024-01-01 00:00:07.700,0.547205,0.19653,10.659141,0.036524,-0.154686,0.101838
2024-01-01 00:00:07.710,0.49462,0.099481,10.551412,0.2518,-0.209701,0.136038
2024-01-01 00:00:07.720,0.563491,0.062752,10.248187,0.170521,-0.226035,0.120942
2024-01-01 00:00:07.730,0.587796,0.041009,10.200538,0.234454,-0.240446,0.164626
2024-01-01 00:00:07.740,0.5757,-0.032689,10.067983,0.232445,-0.295987,0.187718
2024-01-01 00:00:07.750,0.469666,0.05612,10.078483,0.328541,-0.280087,0.112695
2024-01-01 00:00:07.760,0.513501,-0.082449,9.936687,0.269935,-0.353948,0.20133
2024-01-01 00:00:07.770,0.53727,-0.075779,9.746251,0.258132,-0.235787,0.146047
2024-01-01 00:00:07.780,0.543821,-0.141552,9.640904,0.290732,-0.433798,0.120079
2024-01-01 00:00:07.790,0.574588,-0.065362,9.419724,0.265495,-0.290377,0.170975
2024-01-01 00:00:07.800,0.546581,-0.09165,9.392078,0.221523,-0.21641,0.133251
2024-01-01 00:00:07.810,0.46322,-0.123256,9.166765,0.294477,-0.325323,0.14209
2024-01-01 00:00:07.820,0.539464,-0.181468,9.049686,0.181083,-0.217279,0.129814
2024-01-01 00:00:07.830,0.539659,-0.209924,8.913326,0.247585,-0.248181,0.114352
2024-01-01 00:00:07.840,0.524043,-0.149546,8.890886,0.148101,-0.206512,0.157007
2024-01-01 00:00:07.850,0.535309,-0.22115,8.717387,0.228956,-0.112117,0.122667
2024-01-01 00:00:07.860,0.506527,-0.197996,8.758714,0.220936,-0.118661,0.083672
2024-01-01 00:00:07.870,0.46975,-0.277532,8.535079,0.28691,-0.197663,0.138384
2024-01-01 00:00:07.880,0.423706,-0.242869,8.499078,0.115939,-0.110828,0.080345
2024-01-01 00:00:07.890,0.323118,-0.204544,8.620148,0.154577,0.021551,0.076175
2024-01-01 00:00:07.900,0.405202,-0.257258,8.553355,0.215553,0.030397,0.140429
2024-01-01 00:00:07.910,0.37034,-0.323058,8.536599,0.180382,0.130413,0.062279
2024-01-01 00:00:07.920,0.34853,-0.304408,8.673602,0.161266,0.161603,0.021857
2024-01-01 00:00:07.930,0.244956,-0.34304,8.599913,0.092554,0.093757,0.102902
2024-01-01 00:00:07.940,0.22752,-0.343212,8.694551,0.098447,0.267906,0.067677
2024-01-01 00:00:07.950,0.306041,-0.371303,8.899699,0.177426,0.173879,0.062575
2024-01-01 00:00:07.960,0.222345,-0.373435,9.002147,0.099389,0.152057,0.051744
2024-01-01 00:00:07.970,0.228564,-0.363551,9.108867,0.107172,0.193291,0.059993
2024-01-01 00:00:07.980,0.165403,-0.431475,9.075939,0.06878,0.133825,0.022142
2024-01-01 00:00:07.990,0.134408,-0.438937,9.322185,0.001264,0.345308,0.080534
2024-01-01 00:00:08.000,0.14831,-0.462571,9.281096,0.092779,0.359346,-0.016634
2024-01-01 00:00:08.010,0.04372,-0.476805,9.423973,0.056763,0.239638,0.032307
2024-01-01 00:00:08.020,0.042215,-0.459938,9.452315,0.132286,0.28583,0.029466
2024-01-01 00:00:08.030,-0.017946,-0.392009,9.92034,-0.04843,0.304727,-0.02138
2024-01-01 00:00:08.040,-0.048816,-0.444154,9.863874,0.028814,0.250527,-0.038101
2024-01-01 00:00:08.050,-0.074716,-0.371991,10.06766,-0.092512,0.20528,0.014354
2024-01-01 00:00:08.060,-0.080112,-0.392725,10.146064,-0.033596,0.272978,-0.054604
2024-01-01 00:00:08.070,-0.146805,-0.488316,10.409986,-0.007023,0.254003,-0.051709
2024-01-01 00:00:08.080,-0.091305,-0.351232,10.452318,-0.173649,0.233483,-0.015406
2024-01-01 00:00:08.090,-0.229518,-0.336208,10.496731,-0.094241,0.243408,-0.049354
2024-01-01 00:00:08.100,-0.22419,-0.417912,10.744316,-0.125818,0.279921,-0.112509
2024-01-01 00:00:08.110,-0.266152,-0.337414,10.689786,-0.146082,0.166597,-0.014179
2024-01-01 00:00:08.120,-0.200296,-0.390218,10.819315,-0.104669,0.16108,-0.090258
2024-01-01 00:00:08.130,-0.290358,-0.330285,10.784775,-0.080414,0.15761,-0.093952
2024-01-01 00:00:08.140,-0.275101,-0.385014,10.890703,-0.155161,0.116014,-0.081425
2024-01-01 00:00:08.150,-0.426355,-0.396959,11.053765,-0.149761,0.023411,-0.077269
2024-01-01 00:00:08.160,-0.362896,-0.3109,10.900271,-0.165307,0.024032,-0.04378
2024-01-01 00:00:08.170,-0.354644,-0.281398,10.939736,-0.181331,0.011407,-0.158655
2024-01-01 00:00:08.180,-0.416515,-0.277601,11.041664,-0.245662,-0.107351,-0.089938
2024-01-01 00:00:08.190,-0.387411,-0.298536,10.965047,-0.144889,-0.022019,-0.097896
2024-01-01 00:00:08.200,-0.485088,-0.240124,11.118095,-0.193978,-0.046708,-0.129358
2024-01-01 00:00:08.210,-0.405715,-0.186701,11.039841,-0.196702,-0.18589,-0.10625
2024-01-01 00:00:08.220,-0.376557,-0.181758,10.743195,-0.263736,-0.169472,-0.106018
2024-01-01 00:00:08.230,-0.523272,-0.149119,10.762908,-0.252566,-0.173982,-0.179222
2024-01-01 00:00:08.240,-0.539295,-0.169935,10.671495,-0.243816,-0.257482,-0.088513
2024-01-01 00:00:08.250,-0.454462,-0.055559,10.445945,-0.316311,-0.22706,-0.190526
2024-01-01 00:00:08.260,-0.456449,-0.150277,10.246886,-0.327778,-0.260463,-0.180085
2024-01-01 00:00:08.270,-0.568024,-0.044098,10.230676,-0.276347,-0.355812,-0.155639
2024-01-01 00:00:08.280,-0.567479,0.013845,10.077164,-0.222269,-0.269364,-0.091289
2024-01-01 00:00:08.290,-0.563267,0.002179,9.911597,-0.282283,-0.353214,-0.159023
2024-01-01 00:00:08.300,-0.617218,-0.008534,9.835434,-0.300938,-0.25303,-0.150957
2024-01-01 00:00:08.310,-0.594853,-0.00137,9.593717,-0.290244,-0.331208,-0.106743
2024-01-01 00:00:08.320,-0.596164,0.100216,9.417491,-0.270929,-0.299275,-0.157907
2024-01-01 00:00:08.330,-0.579504,0.000463,9.378384,-0.263654,-0.212155,-0.18293
2024-01-01 00:00:08.340,-0.536143,0.046059,9.266598,-0.134637,-0.241646,-0.158265
2024-01-01 00:00:08.350,-0.514154,0.097316,9.015551,-0.186298,-0.30247,-0.102294
2024-01-01 00:00:08.360,-0.437985,0.201301,9.067524,-0.183084,-0.277855,-0.138468
2024-01-01 00:00:08.370,-0.5533,0.180152,8.746467,-0.170381,-0.232564,-0.079366
2024-01-01 00:00:08.380,-0.440305,0.133951,8.749364,-0.272451,-0.15557,-0.111368
2024-01-01 00:00:08.390,-0.484676,0.187401,8.696433,-0.276562,-0.127678,-0.14861
2024-01-01 00:00:08.400,-0.459273,0.192065,8.602668,-0.26298,-0.156038,-0.123049
2024-01-01 00:00:08.410,-0.40431,0.206389,8.56076,-0.132389,-0.138966,-0.145065
2024-01-01 00:00:08.420,-0.473931,0.309088,8.72461,-0.217266,-0.03214,-0.133997
2024-01-01 00:00:08.430,-0.37698,0.208927,8.4928,-0.242613,-0.020291,0.026345
2024-01-01 00:00:08.440,-0.36472,0.374368,8.759297,-0.191115,0.131839,-0.07118
2024-01-01 00:00:08.450,-0.324079,0.350744,8.619235,-0.170431,0.060654,-0.069268
2024-01-01 00:00:08.460,-0.308702,0.378214,8.628754,-0.133471,0.183573,-0.10683
2024-01-01 00:00:08.470,-0.173742,0.313749,8.712963,-0.122228,0.067101,-0.033778
2024-01-01 00:00:08.480,-0.30072,0.341464,8.946344,-0.163606,0.077991,-0.040336
2024-01-01 00:00:08.490,-0.266784,0.288168,8.748212,-0.074915,0.129525,-0.00907
2024-01-01 00:00:08.500,-0.241966,0.343218,8.835326,-0.127782,0.271311,-0.0025
2024-01-01 00:00:08.510,-0.208431,0.402489,8.974004,-0.089931,0.32307,-0.093643
2024-01-01 00:00:08.520,-0.181753,0.449664,9.157066,-0.03379,0.216332,-0.074173
2024-01-01 00:00:08.530,-0.059144,0.335232,9.145551,-0.085998,0.249075,-0.062458
2024-01-01 00:00:08.540,-0.015873,0.376701,9.421757,-0.067967,0.226573,-0.052018
2024-01-01 00:00:08.550,-0.083439,0.390437,9.697176,0.004628,0.203439,-0.00527
2024-01-01 00:00:08.560,-0.064335,0.329869,9.718942,-0.053213,0.334897,-0.0232
2024-01-01 00:00:08.570,0.033117,0.429507,9.829971,-0.0149,0.31097,0.064782
2024-01-01 00:00:08.580,0.014166,0.362645,9.949893,0.046777,0.297063,0.068534
2024-01-01 00:00:08.590,0.10551,0.386607,10.214582,0.136279,0.219176,0.019951
2024-01-01 00:00:08.600,0.115842,0.369947,10.215414,0.078314,0.359839,0.087486
2024-01-01 00:00:08.610,0.061377,0.347894,10.561487,0.085979,0.237515,0.082053
2024-01-01 00:00:08.620,0.245536,0.380493,10.692434,0.102977,0.270592,0.032341
2024-01-01 00:00:08.630,0.288373,0.362238,10.672285,0.036604,0.149057,-0.006119
2024-01-01 00:00:08.640,0.197674,0.345315,10.753226,0.109559,0.187081,0.055728
2024-01-01 00:00:08.650,0.237877,0.317121,10.926016,0.115449,0.183295,0.050824
2024-01-01 00:00:08.660,0.299619,0.357941,11.006348,0.145773,0.154878,0.084011
2024-01-01 00:00:08.670,0.32913,0.411889,10.914235,0.147828,0.11415,0.087879
2024-01-01 00:00:08.680,0.37134,0.322313,10.980465,0.172809,0.097572,0.094185
2024-01-01 00:00:08.690,0.463765,0.350149,10.943998,0.149542,-0.018253,0.11478
2024-01-01 00:00:08.700,0.377999,0.214824,11.092655,0.17877,0.013043,0.069128
2024-01-01 00:00:08.710,0.369191,0.275236,11.106213,0.124566,-0.026281,0.123915
2024-01-01 00:00:08.720,0.360992,0.194572,10.920746,0.17944,-0.055089,0.104073
2024-01-01 00:00:08.730,0.412784,0.156829,10.951418,0.273783,-0.096841,0.128544
2024-01-01 00:00:08.740,0.4655,0.174147,10.822948,0.228284,-0.196524,0.156129
2024-01-01 00:00:08.750,0.573103,0.250425,10.786303,0.21867,-0.22933,0.095097
2024-01-01 00:00:08.760,0.472049,0.217388,10.815351,0.321138,-0.302482,0.12736
2024-01-01 00:00:08.770,0.52196,0.16051,10.612431,0.164127,-0.176584,0.135745
2024-01-01 00:00:08.780,0.521032,0.049686,10.53504,0.181733,-0.198778,0.126896
2024-01-01 00:00:08.790,0.59056,0.094035,10.306613,0.327063,-0.21738,0.171851
2024-01-01 00:00:08.800,0.664947,0.096103,10.320829,0.247116,-0.260046,0.125279
2024-01-01 00:00:08.810,0.517662,0.066686,10.164579,0.235237,-0.39408,0.131758
2024-01-01 00:00:08.820,0.523466,-0.057589,9.96713,0.189103,-0.346846,0.12814
2024-01-01 00:00:08.830,0.601993,-0.033342,9.864688,0.272287,-0.291011,0.182703
2024-01-01 00:00:08.840,0.583835,-0.015496,9.747634,0.277105,-0.292657,0.135156
2024-01-01 00:00:08.850,0.640139,-0.008901,9.52248,0.194277,-0.306354,0.163202
2024-01-01 00:00:08.860,0.573177,-0.168823,9.327084,0.24025,-0.268493,0.20763
2024-01-01 00:00:08.870,0.520322,-0.09022,9.452165,0.2279,-0.274132,0.144561
2024-01-01 00:00:08.880,0.560272,-0.097776,9.1265,0.254044,-0.252674,0.178109
2024-01-01 00:00:08.890,0.576801,-0.084902,9.047568,0.181022,-0.271105,0.192331
2024-01-01 00:00:08.900,0.551222,-0.114755,9.024703,0.294505,-0.1672,0.169961
2024-01-01 00:00:08.910,0.522638,-0.141771,9.1266,0.271825,-0.212014,0.135116
2024-01-01 00:00:08.920,0.535973,-0.231809,8.658441,0.201223,-0.228563,0.150892
2024-01-01 00:00:08.930,0.524807,-0.307465,8.722179,0.201153,-0.169906,0.088563
2024-01-01 00:00:08.940,0.517549,-0.251241,8.573239,0.197016,-0.116299,0.098901
2024-01-01 00:00:08.950,0.461433,-0.200233,8.546622,0.156083,-0.015335,0.098859
2024-01-01 00:00:08.960,0.39972,-0.198506,8.508775,0.163318,-0.032413,0.178512
2024-01-01 00:00:08.970,0.393087,-0.249593,8.470111,0.161828,-0.004455,0.080827
2024-01-01 00:00:08.980,0.422424,-0.279614,8.567822,0.245233,-0.022496,0.07393
2024-01-01 00:00:08.990,0.296352,-0.297024,8.481168,0.200603,0.113747,0.060646
2024-01-01 00:00:09.000,0.329573,-0.357648,8.719529,0.18816,0.075387,0.101651
2024-01-01 00:00:09.010,0.264342,-0.349047,8.708882,0.147591,0.135009,0.081736
2024-01-01 00:00:09.020,0.257339,-0.270613,8.81418,0.060452,0.24412,0.102394
2024-01-01 00:00:09.030,0.290836,-0.411498,8.833155,0.101068,0.22331,0.082023
2024-01-01 00:00:09.040,0.206699,-0.292682,8.944061,0.138135,0.141498,0.012355
2024-01-01 00:00:09.050,0.169018,-0.397287,9.110937,0.012858,0.156409,0.021244
2024-01-01 00:00:09.060,0.067681,-0.321367,9.119233,0.093498,0.260274,0.077962
2024-01-01 00:00:09.070,0.141498,-0.463099,9.316364,0.163488,0.217833,0.022315
2024-01-01 00:00:09.080,0.104613,-0.36723,9.415275,0.085972,0.322048,0.055356
2024-01-01 00:00:09.090,0.148405,-0.435766,9.556323,0.088994,0.298901,0.006485
2024-01-01 00:00:09.100,-0.007381,-0.470721,9.604816,0.014557,0.308142,-0.026846
2024-01-01 00:00:09.110,-0.013296,-0.388684,10.027284,0.037372,0.263496,-0.015713
2024-01-01 00:00:09.120,-0.043963,-0.347415,10.010234,-0.061544,0.380753,-0.044432
2024-01-01 00:00:09.130,-0.009544,-0.437045,10.299737,-0.000396,0.426624,-0.04108
2024-01-01 00:00:09.140,-0.124862,-0.465298,10.428225,-0.02187,0.257463,-0.026726
2024-01-01 00:00:09.150,-0.137413,-0.389146,10.368569,-0.054306,0.272209,-0.025933
2024-01-01 00:00:09.160,-0.151715,-0.381809,10.504005,-0.016977,0.239091,-0.097372
2024-01-01 00:00:09.170,-0.202898,-0.341605,10.904804,-0.123407,0.197678,-0.058402
2024-01-01 00:00:09.180,-0.263939,-0.311856,10.936683,-0.119179,0.142604,-0.083494
2024-01-01 00:00:09.190,-0.26047,-0.351384,10.877163,-0.118033,0.10097,-0.093136
2024-01-01 00:00:09.200,-0.24412,-0.243516,10.968636,-0.186845,0.067314,-0.077238
2024-01-01 00:00:09.210,-0.37573,-0.3118,10.950288,-0.13611,0.111525,-0.104987
2024-01-01 00:00:09.220,-0.343242,-0.325943,11.071675,-0.244988,0.031194,-0.05396
2024-01-01 00:00:09.230,-0.409178,-0.373747,10.999166,-0.11773,-0.10661,-0.066405
2024-01-01 00:00:09.240,-0.337414,-0.28984,10.89626,-0.178198,0.009368,-0.072863
2024-01-01 00:00:09.250,-0.494953,-0.276112,10.938255,-0.216405,-0.04979,-0.129064
2024-01-01 00:00:09.260,-0.466925,-0.192971,11.013825,-0.241255,-0.014887,-0.148597
2024-01-01 00:00:09.270,-0.438794,-0.198727,10.873276,-0.219754,-0.096777,-0.122354
2024-01-01 00:00:09.280,-0.396478,-0.26092,10.894134,-0.181385,-0.220992,-0.133989
2024-01-01 00:00:09.290,-0.493508,-0.172744,10.734312,-0.195441,-0.288145,-0.151961
2024-01-01 00:00:09.300,-0.53176,-0.126562,10.66457,-0.264368,-0.239807,-0.172727
2024-01-01 00:00:09.310,-0.421987,-0.061968,10.68967,-0.276868,-0.259458,-0.141985
2024-01-01 00:00:09.320,-0.598714,-0.071748,10.524313,-0.206388,-0.202275,-0.155662
2024-01-01 00:00:09.330,-0.644711,-0.055436,10.377287,-0.279195,-0.267676,-0.125196
2024-01-01 00:00:09.340,-0.519387,-0.067507,10.314109,-0.24309,-0.224671,-0.127698
2024-01-01 00:00:09.350,-0.571244,-0.027885,10.142006,-0.242058,-0.357851,-0.115924
2024-01-01 00:00:09.360,-0.600077,0.038547,10.07501,-0.233949,-0.24959,-0.18751
2024-01-01 00:00:09.370,-0.514582,-0.067112,9.776171,-0.207086,-0.26395,-0.137968
2024-01-01 00:00:09.380,-0.536901,0.005511,9.632222,-0.312735,-0.398931,-0.171576
2024-01-01 00:00:09.390,-0.574497,0.007732,9.418111,-0.343873,-0.225809,-0.185602
2024-01-01 00:00:09.400,-0.605631,0.088536,9.347446,-0.274561,-0.277173,-0.160571
2024-01-01 00:00:09.410,-0.49145,0.154068,9.3244,-0.153139,-0.248272,-0.113868
2024-01-01 00:00:09.420,-0.49418,0.085368,9.224413,-0.138296,-0.293464,-0.154812
2024-01-01 00:00:09.430,-0.521452,0.017965,9.079919,-0.143211,-0.16536,-0.093898
2024-01-01 00:00:09.440,-0.412188,0.138659,8.753338,-0.238976,-0.264166,-0.12113
2024-01-01 00:00:09.450,-0.544314,0.226186,8.889863,-0.312201,-0.136202,-0.14568
2024-01-01 00:00:09.460,-0.551687,0.228015,8.576316,-0.333248,-0.107265,-0.094856
2024-01-01 00:00:09.470,-0.492971,0.242472,8.730378,-0.239054,-0.165452,-0.11165
2024-01-01 00:00:09.480,-0.442042,0.22623,8.580075,-0.209796,0.015583,-0.147912
2024-01-01 00:00:09.490,-0.407469,0.19462,8.633182,-0.125712,-0.037702,-0.058682
2024-01-01 00:00:09.500,-0.410128,0.301787,8.454824,-0.137549,0.018401,-0.100779
2024-01-01 00:00:09.510,-0.357523,0.25081,8.656727,-0.159141,-0.055468,-0.101743
2024-01-01 00:00:09.520,-0.413471,0.417223,8.464601,-0.203989,0.161669,-0.121364
2024-01-01 00:00:09.530,-0.253267,0.350978,8.563981,-0.195973,0.028681,-0.053374
2024-01-01 00:00:09.540,-0.303003,0.306745,8.58967,-0.123155,0.174044,-0.065999
2024-01-01 00:00:09.550,-0.215443,0.317377,8.596923,-0.088469,0.104262,-0.055116
2024-01-01 00:00:09.560,-0.22565,0.354271,8.82733,-0.090763,0.152134,-0.08144
2024-01-01 00:00:09.570,-0.190592,0.35668,9.060377,-0.148743,0.249087,-0.033185
2024-01-01 00:00:09.580,-0.154849,0.432964,9.237662,-0.050802,0.284708,-0.022647
2024-01-01 00:00:09.590,-0.13023,0.393613,9.151309,-0.048075,0.190238,-0.061686
2024-01-01 00:00:09.600,-0.089231,0.353558,9.361265,-0.1087,0.325307,-0.07561
2024-01-01 00:00:09.610,-0.023244,0.489166,9.426292,-0.07999,0.336289,-0.007023
2024-01-01 00:00:09.620,-0.047901,0.400256,9.588962,0.008185,0.246492,-0.062944
2024-01-01 00:00:09.630,0.009896,0.43801,9.666596,-0.023341,0.378637,-0.002409
2024-01-01 00:00:09.640,0.002219,0.369559,9.856087,0.082506,0.227068,-0.011588
2024-01-01 00:00:09.650,0.11095,0.417152,10.029572,0.042758,0.265753,0.047181
2024-01-01 00:00:09.660,0.037228,0.412204,10.083962,0.007963,0.313938,0.007591
2024-01-01 00:00:09.670,0.192954,0.298454,10.263299,0.046266,0.236317,0.061284
2024-01-01 00:00:09.680,0.132404,0.488635,10.397764,0.064266,0.277356,0.021232
2024-01-01 00:00:09.690,0.093916,0.446004,10.593341,0.038787,0.257756,0.075124
2024-01-01 00:00:09.700,0.202333,0.353899,10.556873,0.043429,0.214506,0.115245
2024-01-01 00:00:09.710,0.191674,0.309647,10.741512,0.137672,0.240558,0.02952
2024-01-01 00:00:09.720,0.29678,0.371884,10.989208,0.158058,0.159861,0.078238
2024-01-01 00:00:09.730,0.250262,0.347367,11.005868,0.158777,0.152843,0.159616
2024-01-01 00:00:09.740,0.287756,0.34816,11.082006,0.216705,0.166632,0.086561
2024-01-01 00:00:09.750,0.241692,0.326164,11.021344,0.125716,0.115383,0.093536
2024-01-01 00:00:09.760,0.338502,0.327016,11.073752,0.247858,0.080645,0.122141
2024-01-01 00:00:09.770,0.263628,0.358149,11.139906,0.129873,-0.051187,0.106184
2024-01-01 00:00:09.780,0.328007,0.297286,11.179012,0.134458,-0.002647,0.059838
2024-01-01 00:00:09.790,0.466202,0.19857,10.875416,0.10663,-0.107573,0.150745
2024-01-01 00:00:09.800,0.486976,0.300488,10.886859,0.181204,-0.161604,0.062008
2024-01-01 00:00:09.810,0.486924,0.294898,11.041142,0.186473,-0.133663,0.114492
2024-01-01 00:00:09.820,0.433664,0.350246,10.843034,0.245394,-0.206048,0.167681
2024-01-01 00:00:09.830,0.494331,0.11558,10.725733,0.237975,-0.149845,0.124772
2024-01-01 00:00:09.840,0.50953,0.16242,10.580089,0.172038,-0.174588,0.118201
2024-01-01 00:00:09.850,0.463031,0.024175,10.525,0.217159,-0.333422,0.168455
2024-01-01 00:00:09.860,0.605566,0.1335,10.335746,0.222516,-0.299405,0.11912
2024-01-01 00:00:09.870,0.581886,0.05563,10.484983,0.155754,-0.34713,0.110065
2024-01-01 00:00:09.880,0.532739,0.156125,10.178677,0.198129,-0.309653,0.156541
2024-01-01 00:00:09.890,0.54903,-0.002072,10.033517,0.210407,-0.272202,0.143881
2024-01-01 00:00:09.900,0.560118,-0.071221,9.939742,0.321544,-0.311457,0.112608
2024-01-01 00:00:09.910,0.447733,-0.03379,9.823089,0.259491,-0.329096,0.16906
2024-01-01 00:00:09.920,0.535691,-0.132432,9.676057,0.282222,-0.230743,0.163403
2024-01-01 00:00:09.930,0.510293,-0.019417,9.543443,0.172519,-0.403071,0.137678
2024-01-01 00:00:09.940,0.488781,-0.183345,9.269101,0.304648,-0.214102,0.138222
2024-01-01 00:00:09.950,0.517422,-0.101511,9.1645,0.306636,-0.287482,0.15906
2024-01-01 00:00:09.960,0.612148,-0.229313,9.127163,0.137475,-0.244915,0.178146
2024-01-01 00:00:09.970,0.543294,-0.163495,8.910999,0.197121,-0.244805,0.130949
2024-01-01 00:00:09.980,0.469922,-0.08686,8.852116,0.251371,-0.115715,0.15559
2024-01-01 00:00:09.990,0.512624,-0.171965,8.79693,0.252217,-0.226178,0.148954
2024-01-01 00:00:10.000,0.53781,-0.253486,8.75472,0.178731,-0.133548,0.153973
2024-01-01 00:00:10.010,0.496312,-0.231461,8.491946,0.189307,-0.075424,0.123928
2024-01-01 00:00:10.020,0.43375,-0.247799,8.649769,0.165935,-0.148607,0.090113
2024-01-01 00:00:10.030,0.377628,-0.243011,8.549064,0.191873,-0.079376,0.097936
2024-01-01 00:00:10.040,0.422682,-0.352011,8.616618,0.236118,-0.005655,0.116041
2024-01-01 00:00:10.050,0.383905,-0.270089,8.631628,0.127008,-0.007469,0.15389
2024-01-01 00:00:10.060,0.384198,-0.449954,8.724621,0.204331,0.030688,0.078054
2024-01-01 00:00:10.070,0.345236,-0.360163,8.747476,0.103406,0.087595,0.109638
2024-01-01 00:00:10.080,0.338915,-0.365886,8.806241,0.087818,0.169742,0.068278
2024-01-01 00:00:10.090,0.23165,-0.321434,8.888613,0.15839,0.150414,0.07379
2024-01-01 00:00:10.100,0.295367,-0.362382,8.885295,0.150414,0.249454,0.108052
2024-01-01 00:00:10.110,0.209673,-0.442953,8.966464,0.133385,0.170938,0.077418
2024-01-01 00:00:10.120,0.273163,-0.429804,9.147257,0.01121,0.180485,0.008961
2024-01-01 00:00:10.130,0.103966,-0.37719,9.259616,0.039623,0.358311,0.020578
2024-01-01 00:00:10.140,0.193772,-0.396315,9.308318,0.089774,0.244405,0.066861
2024-01-01 00:00:10.150,0.085049,-0.425204,9.503983,0.036238,0.223252,0.024753
2024-01-01 00:00:10.160,0.010504,-0.422813,9.611998,-0.034105,0.209217,-0.022717
2024-01-01 00:00:10.170,-0.013346,-0.365114,9.692385,0.027847,0.353522,-0.02161
2024-01-01 00:00:10.180,-0.037433,-0.425581,10.010508,-0.045475,0.282025,0.015264
2024-01-01 00:00:10.190,-0.032398,-0.4025,10.056921,0.06536,0.281615,0.015212
2024-01-01 00:00:10.200,-0.05947,-0.286628,10.358299,0.038327,0.277502,-0.022813
2024-01-01 00:00:10.210,-0.146008,-0.461977,10.200974,-0.023124,0.323345,0.042262
2024-01-01 00:00:10.220,-0.149849,-0.47771,10.415916,0.000491,0.247206,-0.015811
2024-01-01 00:00:10.230,-0.072313,-0.338937,10.583568,-0.078318,0.353347,-0.056239
2024-01-01 00:00:10.240,-0.123228,-0.403746,10.781841,-0.057003,0.219545,-0.081636
2024-01-01 00:00:10.250,-0.217246,-0.37615,10.820587,-0.034779,0.239732,-0.094445
2024-01-01 00:00:10.260,-0.265797,-0.388481,10.897785,-0.109405,0.198123,-0.062946
2024-01-01 00:00:10.270,-0.289408,-0.350395,10.852464,-0.147037,0.125086,-0.09523
2024-01-01 00:00:10.280,-0.29143,-0.244299,10.904209,-0.231643,0.064862,-0.037635
2024-01-01 00:00:10.290,-0.398834,-0.269825,11.060361,-0.162199,0.076814,-0.050836
2024-01-01 00:00:10.300,-0.384954,-0.251459,10.946385,-0.127958,0.050898,-0.082486
2024-01-01 00:00:10.310,-0.478625,-0.349006,11.016786,-0.132353,-0.038407,-0.143151
2024-01-01 00:00:10.320,-0.396985,-0.31842,11.086047,-0.164303,-0.036498,-0.133879
2024-01-01 00:00:10.330,-0.404902,-0.384586,10.937026,-0.225821,-0.017426,-0.081583
2024-01-01 00:00:10.340,-0.480232,-0.264036,11.097096,-0.306147,-0.00907,-0.141276
2024-01-01 00:00:10.350,-0.394615,-0.155897,11.003702,-0.239904,-0.101631,-0.095421
2024-01-01 00:00:10.360,-0.550215,-0.157349,10.70212,-0.237457,-0.081009,-0.119105
2024-01-01 00:00:10.370,-0.576075,-0.173105,10.661292,-0.244217,-0.233018,-0.135591
2024-01-01 00:00:10.380,-0.503833,-0.141421,10.448332,-0.203188,-0.191085,-0.161555
2024-01-01 00:00:10.390,-0.473127,-0.152543,10.452605,-0.139571,-0.180772,-0.14614
2024-01-01 00:00:10.400,-0.449903,-0.085247,10.450841,-0.236596,-0.310626,-0.139974
2024-01-01 00:00:10.410,-0.563824,-0.034249,10.222765,-0.256691,-0.304545,-0.116536
2024-01-01 00:00:10.420,-0.491864,-0.130146,10.152955,-0.261051,-0.203971,-0.175426
2024-01-01 00:00:10.430,-0.550763,-0.011008,9.850309,-0.243252,-0.346222,-0.157568
2024-01-01 00:00:10.440,-0.55862,0.044083,9.889708,-0.29141,-0.367032,-0.148652
2024-01-01 00:00:10.450,-0.505064,0.000165,9.635018,-0.243648,-0.22196,-0.129914
2024-01-01 00:00:10.460,-0.513999,0.079343,9.535752,-0.225921,-0.2328,-0.176331
2024-01-01 00:00:10.470,-0.620922,0.208276,9.386486,-0.235926,-0.261286,-0.187343
2024-01-01 00:00:10.480,-0.461896,0.085329,9.157053,-0.220634,-0.271541,-0.125887
2024-01-01 00:00:10.490,-0.458496,0.132902,9.038973,-0.218086,-0.273841,-0.189402
2024-01-01 00:00:10.500,-0.548741,0.098636,9.090422,-0.323805,-0.217012,-0.102577
2024-01-01 00:00:10.510,-0.485854,0.166436,8.937658,-0.197995,-0.128136,-0.142581
2024-01-01 00:00:10.520,-0.467384,0.20168,8.894921,-0.257226,-0.168365,-0.180631
2024-01-01 00:00:10.530,-0.463799,0.209087,8.75581,-0.271534,-0.042633,-0.144458
2024-01-01 00:00:10.540,-0.487454,0.168353,8.675054,-0.264286,-0.164488,-0.114064
2024-01-01 00:00:10.550,-0.475044,0.248893,8.475078,-0.178988,-0.087541,-0.13638
2024-01-01 00:00:10.560,-0.422744,0.330101,8.557536,-0.202705,-0.070985,-0.114345
2024-01-01 00:00:10.570,-0.341384,0.296955,8.559911,-0.265926,-0.071645,-0.086894
2024-01-01 00:00:10.580,-0.350018,0.33921,8.71845,-0.147552,0.010142,-0.108938
2024-01-01 00:00:10.590,-0.371607,0.294846,8.63442,-0.23247,0.073601,-0.124405
2024-01-01 00:00:10.600,-0.289155,0.358721,8.736536,-0.141982,0.11316,-0.098353
2024-01-01 00:00:10.610,-0.443703,0.348614,8.712097,-0.125019,0.228488,-0.039721
2024-01-01 00:00:10.620,-0.216337,0.299377,8.673791,-0.080164,0.174557,-0.024114
2024-01-01 00:00:10.630,-0.332317,0.373928,8.821311,-0.02243,0.238126,-0.127506
2024-01-01 00:00:10.640,-0.234166,0.318263,8.925813,-0.166436,0.210726,-0.02619
2024-01-01 00:00:10.650,-0.241997,0.344785,8.939178,-0.087175,0.315273,-0.043226
2024-01-01 00:00:10.660,-0.220076,0.39318,9.101899,-0.084427,0.372059,-0.014646
2024-01-01 00:00:10.670,-0.066095,0.404541,9.243844,-0.034738,0.295989,-0.05037
2024-01-01 00:00:10.680,-0.115888,0.33484,9.523971,-0.031263,0.233395,-0.078276
2024-01-01 00:00:10.690,-0.043226,0.450268,9.36998,-0.045151,0.265287,0.001021
2024-01-01 00:00:10.700,-0.030738,0.428067,9.777585,-0.03495,0.312498,-0.035972
2024-01-01 00:00:10.710,0.027718,0.364754,9.752628,-0.054065,0.322795,-0.040594
2024-01-01 00:00:10.720,0.039951,0.322258,9.864017,0.065807,0.332335,-0.029704
2024-01-01 00:00:10.730,0.004081,0.389665,10.212137,0.053974,0.313776,0.036636
2024-01-01 00:00:10.740,0.149929,0.37102,10.316019,0.091395,0.280469,0.031488
2024-01-01 00:00:10.750,0.106968,0.394028,10.491399,0.044324,0.23381,0.05938
2024-01-01 00:00:10.760,0.084914,0.363932,10.580673,0.041132,0.267524,0.064457
2024-01-01 00:00:10.770,0.171865,0.274117,10.797265,0.033935,0.31866,0.040082
2024-01-01 00:00:10.780,0.298171,0.346186,10.781722,0.11937,0.252243,0.05874
2024-01-01 00:00:10.790,0.294738,0.340177,10.816303,0.062659,0.200549,0.053446
2024-01-01 00:00:10.800,0.263021,0.375773,10.934039,0.219912,0.19547,0.070178
2024-01-01 00:00:10.810,0.290252,0.296627,11.068783,0.074488,0.093635,0.054905
2024-01-01 00:00:10.820,0.317835,0.401777,10.953711,0.165463,0.053429,0.102783
2024-01-01 00:00:10.830,0.462807,0.207474,10.994076,0.241511,0.007022,0.130154
2024-01-01 00:00:10.840,0.401884,0.352784,11.034673,0.203949,0.003105,0.079898
2024-01-01 00:00:10.850,0.426789,0.259191,10.887002,0.193005,-0.046901,0.148971
2024-01-01 00:00:10.860,0.477907,0.295637,11.045264,0.145391,-0.000202,0.119695
2024-01-01 00:00:10.870,0.45797,0.238028,10.845339,0.133653,-0.118364,0.128877
2024-01-01 00:00:10.880,0.451181,0.271591,10.946169,0.249472,-0.167415,0.075599
2024-01-01 00:00:10.890,0.470821,0.175082,10.941274,0.293779,-0.06108,0.076865
2024-01-01 00:00:10.900,0.49191,0.118687,10.749419,0.20328,-0.209531,0.139457
2024-01-01 00:00:10.910,0.506775,0.223214,10.823811,0.174245,-0.205469,0.162411
2024-01-01 00:00:10.920,0.556413,0.124561,10.462776,0.11347,-0.21383,0.121685
2024-01-01 00:00:10.930,0.532235,0.118911,10.554305,0.191706,-0.31323,0.194549
2024-01-01 00:00:10.940,0.574053,0.146798,10.383477,0.238599,-0.211094,0.168617
2024-01-01 00:00:10.950,0.539318,0.010397,10.0555,0.326935,-0.253732,0.120937
2024-01-01 00:00:10.960,0.55135,0.06849,10.267698,0.282483,-0.21646,0.150221
2024-01-01 00:00:10.970,0.449687,-0.014192,9.900474,0.265071,-0.333083,0.224198
2024-01-01 00:00:10.980,0.595702,-0.01477,9.6888,0.229942,-0.294794,0.112692
2024-01-01 00:00:10.990,0.565606,-0.027985,9.500558,0.22006,-0.294288,0.165379
2024-01-01 00:00:11.000,0.59469,-0.129938,9.452358,0.317914,-0.275492,0.138897
2024-01-01 00:00:11.010,0.394611,-0.117008,9.321278,0.25523,-0.349877,0.168322
2024-01-01 00:00:11.020,0.63662,-0.033383,9.207775,0.13678,-0.256253,0.183164
2024-01-01 00:00:11.030,0.516167,-0.07915,9.052229,0.204117,-0.314165,0.131089
2024-01-01 00:00:11.040,0.567701,-0.148689,9.013295,0.189949,-0.202632,0.173283
2024-01-01 00:00:11.050,0.447679,-0.154998,8.829865,0.199812,-0.301655,0.202911
2024-01-01 00:00:11.060,0.515976,-0.202889,8.617372,0.248753,-0.25979,0.134353
2024-01-01 00:00:11.070,0.416659,-0.140722,8.685789,0.207959,-0.095972,0.151546
2024-01-01 00:00:11.080,0.420518,-0.238225,8.449206,0.201478,-0.132047,0.105479
2024-01-01 00:00:11.090,0.528231,-0.235487,8.623885,0.262278,-0.120464,0.11854
2024-01-01 00:00:11.100,0.402329,-0.207798,8.490921,0.152387,0.027084,0.107026
2024-01-01 00:00:11.110,0.400651,-0.321077,8.573081,0.270383,0.015036,0.130212
2024-01-01 00:00:11.120,0.409858,-0.220406,8.673079,0.132959,0.077391,0.136055
2024-01-01 00:00:11.130,0.366453,-0.389979,8.517077,0.159764,0.060142,0.089893
2024-01-01 00:00:11.140,0.323328,-0.246005,8.71964,0.129489,0.236161,0.132138
2024-01-01 00:00:11.150,0.307107,-0.359026,8.657997,0.13747,0.104275,0.124681
2024-01-01 00:00:11.160,0.381087,-0.36426,8.906219,0.140828,0.252196,0.096565
2024-01-01 00:00:11.170,0.229195,-0.457147,8.824408,0.127181,0.190104,0.047813
2024-01-01 00:00:11.180,0.212491,-0.39466,8.887191,0.054361,0.135991,0.036855
2024-01-01 00:00:11.190,0.224633,-0.431903,9.121988,0.022082,0.265395,0.022565
2024-01-01 00:00:11.200,0.196448,-0.416981,9.154944,0.189328,0.276208,0.066976
2024-01-01 00:00:11.210,0.16911,-0.39882,9.253819,0.025691,0.223539,-0.006419
2024-01-01 00:00:11.220,0.109903,-0.348071,9.42096,0.0704,0.241832,0.041569
2024-01-01 00:00:11.230,-0.011244,-0.388224,9.598496,-0.059516,0.294585,-0.019913
2024-01-01 00:00:11.240,0.09536,-0.384492,9.855176,-0.007759,0.317116,0.028439
2024-01-01 00:00:11.250,-0.075895,-0.454548,9.739667,-0.014804,0.175782,-0.00455
2024-01-01 00:00:11.260,-0.035647,-0.442329,10.041673,0.00056,0.347542,0.02616
2024-01-01 00:00:11.270,-0.120519,-0.305504,10.232089,-0.173761,0.261675,0.01166
2024-01-01 00:00:11.280,-0.117754,-0.427989,10.334726,-0.04376,0.207388,0.011812
2024-01-01 00:00:11.290,-0.129456,-0.30286,10.554188,-0.123803,0.304835,0.004035
2024-01-01 00:00:11.300,-0.160672,-0.390938,10.564805,-0.064119,0.236862,-0.043893
2024-01-01 00:00:11.310,-0.18588,-0.370481,10.666879,-0.145897,0.275838,-0.091212
2024-01-01 00:00:11.320,-0.155816,-0.307613,10.827931,-0.150275,0.210957,-0.096076
2024-01-01 00:00:11.330,-0.242535,-0.286829,10.874042,-0.134232,0.160412,-0.134936
2024-01-01 00:00:11.340,-0.305218,-0.344051,10.905891,-0.185803,0.122073,-0.112422
2024-01-01 00:00:11.350,-0.271595,-0.344844,11.033939,-0.16914,0.121283,-0.085153
2024-01-01 00:00:11.360,-0.286015,-0.314029,10.979702,-0.216709,0.042572,-0.111014
2024-01-01 00:00:11.370,-0.431369,-0.279066,11.005461,-0.259835,-0.014149,-0.10631
2024-01-01 00:00:11.380,-0.363345,-0.23511,11.01745,-0.127836,0.023815,-0.092459
2024-01-01 00:00:11.390,-0.38003,-0.262214,11.156082,-0.253479,-0.048974,-0.122328
2024-01-01 00:00:11.400,-0.450412,-0.213327,10.761276,-0.206904,-0.074565,-0.152437
2024-01-01 00:00:11.410,-0.385694,-0.143359,11.005098,-0.168937,-0.05522,-0.125546
2024-01-01 00:00:11.420,-0.479364,-0.186441,10.914682,-0.24523,-0.14732,-0.155644
2024-01-01 00:00:11.430,-0.48134,-0.169447,10.700805,-0.262903,-0.170863,-0.141111
2024-01-01 00:00:11.440,-0.510352,-0.239862,10.769284,-0.216733,-0.229226,-0.096544
2024-01-01 00:00:11.450,-0.513273,-0.273775,10.678944,-0.177763,-0.202594,-0.148311
2024-01-01 00:00:11.460,-0.57945,-0.100652,10.573005,-0.296937,-0.228445,-0.089954
2024-01-01 00:00:11.470,-0.605417,-0.102231,10.188792,-0.249968,-0.21932,-0.102528
2024-01-01 00:00:11.480,-0.460632,-0.100313,10.377226,-0.332242,-0.308102,-0.164749
2024-01-01 00:00:11.490,-0.587788,-0.039224,10.069574,-0.267587,-0.312983,-0.18209
2024-01-01 00:00:11.500,-0.598216,-0.031071,10.039814,-0.247674,-0.257442,-0.151207
2024-01-01 00:00:11.510,-0.657633,0.051784,9.898065,-0.292715,-0.28731,-0.11539
2024-01-01 00:00:11.520,-0.581337,0.023163,9.622138,-0.272572,-0.343977,-0.164539
2024-01-01 00:00:11.530,-0.613077,0.004908,9.600224,-0.319013,-0.227977,-0.121918
2024-01-01 00:00:11.540,-0.460474,0.115015,9.375274,-0.242771,-0.368831,-0.111722
2024-01-01 00:00:11.550,-0.485868,0.077676,9.104684,-0.191015,-0.231393,-0.169501
2024-01-01 00:00:11.560,-0.562705,0.137581,9.235516,-0.294993,-0.316845,-0.164363
2024-01-01 00:00:11.570,-0.405797,0.109723,8.960983,-0.266778,-0.138784,-0.120007
2024-01-01 00:00:11.580,-0.457667,0.122981,8.846342,-0.205216,-0.286586,-0.13365
2024-01-01 00:00:11.590,-0.509589,0.181025,8.786484,-0.163644,-0.125148,-0.155131
2024-01-01 00:00:11.600,-0.603212,0.198193,8.758171,-0.292042,-0.157732,-0.140995
2024-01-01 00:00:11.610,-0.346943,0.241599,8.664241,-0.218208,-0.140757,-0.127977
2024-01-01 00:00:11.620,-0.512629,0.223482,8.660793,-0.187276,-0.080249,-0.167805
2024-01-01 00:00:11.630,-0.505556,0.163587,8.474324,-0.197506,-0.023786,-0.092472
2024-01-01 00:00:11.640,-0.350836,0.251379,8.503525,-0.306551,-0.0657,-0.123987
2024-01-01 00:00:11.650,-0.257272,0.329381,8.552222,-0.147336,-0.026088,-0.186946
2024-01-01 00:00:11.660,-0.286036,0.290497,8.729091,-0.08551,0.082162,-0.097602
2024-01-01 00:00:11.670,-0.301821,0.307672,8.600868,-0.144175,-0.001389,-0.112252
2024-01-01 00:00:11.680,-0.273911,0.382833,8.74601,-0.189577,0.087908,-0.032149
2024-01-01 00:00:11.690,-0.233564,0.310291,8.727324,-0.151218,0.300684,-0.0929
2024-01-01 00:00:11.700,-0.209924,0.279935,8.765529,-0.024173,0.129735,-0.10053
2024-01-01 00:00:11.710,-0.204594,0.359,8.878299,-0.05389,0.262562,-0.044395
2024-01-01 00:00:11.720,-0.183474,0.351517,8.990922,-0.053764,0.200088,-0.071273
2024-01-01 00:00:11.730,-0.161194,0.334813,9.170126,-0.054027,0.275896,-0.066492
2024-01-01 00:00:11.740,-0.1646,0.380438,9.358708,-0.090739,0.300776,-0.019324
2024-01-01 00:00:11.750,-0.109335,0.418525,9.412138,-0.053347,0.338433,-0.057205
2024-01-01 00:00:11.760,-0.148022,0.396871,9.618822,-0.032702,0.282021,-0.061002
2024-01-01 00:00:11.770,-0.036145,0.414704,9.591101,0.013284,0.39751,0.043263
2024-01-01 00:00:11.780,-0.048404,0.49067,9.781491,0.075912,0.270531,0.017665
2024-01-01 00:00:11.790,-0.021904,0.382123,9.903031,0.071042,0.309515,0.001149
2024-01-01 00:00:11.800,0.074405,0.411079,10.130367,-0.041237,0.303777,0.017735
2024-01-01 00:00:11.810,0.166921,0.368227,10.216671,0.055437,0.225115,0.041718
2024-01-01 00:00:11.820,0.174812,0.346542,10.437957,0.095427,0.252752,0.064354
2024-01-01 00:00:11.830,0.081503,0.353449,10.431449,0.103683,0.257281,0.020965
2024-01-01 00:00:11.840,0.141128,0.351273,10.626153,0.055179,0.206331,0.062969
2024-01-01 00:00:11.850,0.267572,0.38441,10.783263,0.245948,0.32558,0.044944
2024-01-01 00:00:11.860,0.200576,0.473854,10.656062,0.049646,0.134399,0.062431
2024-01-01 00:00:11.870,0.266775,0.309336,11.07008,0.072207,0.205673,0.080641
2024-01-01 00:00:11.880,0.332859,0.311857,10.941763,0.150478,0.157879,0.083079
2024-01-01 00:00:11.890,0.283238,0.315937,10.8506,0.256593,0.081134,0.112518
2024-01-01 00:00:11.900,0.362082,0.32419,11.056897,0.120378,0.004213,0.111925
2024-01-01 00:00:11.910,0.314041,0.301837,11.061596,0.159773,-0.025946,0.058594
2024-01-01 00:00:11.920,0.373293,0.33613,11.049861,0.237211,-0.04861,0.069273
2024-01-01 00:00:11.930,0.440582,0.132936,11.116057,0.192104,-0.146865,0.104707
2024-01-01 00:00:11.940,0.364713,0.116364,11.060032,0.185253,-0.141826,0.176049
2024-01-01 00:00:11.950,0.484627,0.19156,10.971172,0.238556,-0.19859,0.100617
2024-01-01 00:00:11.960,0.47827,0.251118,10.914815,0.231467,-0.088274,0.124458
2024-01-01 00:00:11.970,0.521875,0.097195,10.787214,0.276181,-0.153606,0.118705
2024-01-01 00:00:11.980,0.518744,0.003715,10.840807,0.295277,-0.171655,0.121801
2024-01-01 00:00:11.990,0.587307,0.160745,10.471413,0.251305,-0.205034,0.14692
2024-01-01 00:00:12.000,0.535126,0.122004,10.481176,0.25498,-0.246424,0.186259
2024-01-01 00:00:12.010,0.515339,0.032567,10.346383,0.25471,-0.198532,0.160082
2024-01-01 00:00:12.020,0.549022,0.014757,10.270115,0.271232,-0.315162,0.12396
2024-01-01 00:00:12.030,0.5743,-0.007716,9.995982,0.251457,-0.288433,0.231816
2024-01-01 00:00:12.040,0.551924,0.022894,9.778948,0.249734,-0.261516,0.152216
2024-01-01 00:00:12.050,0.551966,-0.037412,9.784447,0.309802,-0.365921,0.132666
2024-01-01 00:00:12.060,0.513399,-0.004836,9.648384,0.325123,-0.141898,0.191953
2024-01-01 00:00:12.070,0.512028,-0.195611,9.601569,0.172428,-0.288086,0.134611
2024-01-01 00:00:12.080,0.469841,-0.118881,9.241794,0.245942,-0.271218,0.197152
2024-01-01 00:00:12.090,0.62039,-0.155239,9.303238,0.207797,-0.20045,0.11922
2024-01-01 00:00:12.100,0.461823,-0.13431,9.275936,0.222641,-0.1989,0.185815
2024-01-01 00:00:12.110,0.478674,-0.170534,8.941952,0.253453,-0.220734,0.146028
2024-01-01 00:00:12.120,0.464934,-0.125384,8.766053,0.261133,-0.191058,0.175328
2024-01-01 00:00:12.130,0.531413,-0.279318,8.746863,0.215606,-0.244982,0.18978
2024-01-01 00:00:12.140,0.456057,-0.204511,8.704809,0.118335,-0.167473,0.094423
2024-01-01 00:00:12.150,0.515708,-0.198591,8.688276,0.157803,-0.081743,0.161906
2024-01-01 00:00:12.160,0.400603,-0.152618,8.551395,0.242224,-0.051883,0.076172
2024-01-01 00:00:12.170,0.42769,-0.287637,8.695316,0.051042,0.021526,0.081423
2024-01-01 00:00:12.180,0.350011,-0.264517,8.470975,0.237452,-0.010469,0.082746
2024-01-01 00:00:12.190,0.475726,-0.387158,8.427429,0.193547,-0.038658,0.1156
2024-01-01 00:00:12.200,0.28451,-0.431766,8.678632,0.222123,0.11827,0.094779
2024-01-01 00:00:12.210,0.33362,-0.284058,8.448435,0.134675,0.171066,0.081748
2024-01-01 00:00:12.220,0.322961,-0.339581,8.670609,0.029326,0.176636,0.083825
2024-01-01 00:00:12.230,0.284103,-0.292215,9.008334,0.141251,0.154192,0.089579
2024-01-01 00:00:12.240,0.225383,-0.43044,8.844394,0.170391,0.24301,0.084042
2024-01-01 00:00:12.250,0.198584,-0.345159,8.855402,0.139452,0.388029,0.088754
2024-01-01 00:00:12.260,0.176986,-0.285821,9.052074,0.046318,0.245155,0.102273
2024-01-01 00:00:12.270,0.136565,-0.365078,9.174566,0.069754,0.193332,0.038609
2024-01-01 00:00:12.280,0.160734,-0.377708,9.32213,0.024513,0.245565,0.01506
2024-01-01 00:00:12.290,0.191303,-0.395235,9.499795,-0.004247,0.318332,0.040436
2024-01-01 00:00:12.300,0.020861,-0.476971,9.506215,0.069922,0.215049,-0.021036
2024-01-01 00:00:12.310,-0.051963,-0.332041,9.869914,-0.052364,0.307928,-0.015854
2024-01-01 00:00:12.320,-0.020152,-0.430379,9.901118,-0.051845,0.318526,0.025689
2024-01-01 00:00:12.330,0.081036,-0.373253,10.085267,-0.076997,0.372196,-0.016801
2024-01-01 00:00:12.340,-0.12018,-0.473898,10.1195,-0.110874,0.352817,-0.058063
2024-01-01 00:00:12.350,-0.029811,-0.450627,10.410343,-0.043483,0.318452,-0.075176
2024-01-01 00:00:12.360,-0.059269,-0.314459,10.417706,-0.006995,0.151219,-0.03758
2024-01-01 00:00:12.370,-0.201727,-0.396809,10.582672,-0.088356,0.285968,-0.013211
2024-01-01 00:00:12.380,-0.175893,-0.298704,10.597694,-0.16817,0.252454,-0.021873
2024-01-01 00:00:12.390,-0.152514,-0.365926,10.692602,-0.064336,0.204252,-0.060474
2024-01-01 00:00:12.400,-0.281676,-0.44351,10.91419,-0.035133,0.076586,-0.011384
2024-01-01 00:00:12.410,-0.300781,-0.295003,10.895993,-0.164404,0.093658,-0.0824
2024-01-01 00:00:12.420,-0.346568,-0.356123,10.920097,-0.168239,0.041732,-0.090744
2024-01-01 00:00:12.430,-0.394012,-0.277592,10.977662,-0.130251,-0.034477,-0.170643
2024-01-01 00:00:12.440,-0.400346,-0.296089,11.108979,-0.086125,0.031417,-0.113752
2024-01-01 00:00:12.450,-0.452421,-0.358305,11.009588,-0.203821,-0.043474,-0.081137
2024-01-01 00:00:12.460,-0.411515,-0.255766,11.040155,-0.25445,0.092587,-0.065777
2024-01-01 00:00:12.470,-0.472292,-0.136093,11.023377,-0.165608,-0.081681,-0.143214
2024-01-01 00:00:12.480,-0.441184,-0.202331,10.824721,-0.165898,-0.042111,-0.109643
2024-01-01 00:00:12.490,-0.54819,-0.210152,10.800287,-0.21351,-0.217342,-0.096883
2024-01-01 00:00:12.500,-0.469755,-0.133092,10.869507,-0.248952,-0.195568,-0.132291
2024-01-01 00:00:12.510,-0.458852,-0.155265,10.694069,-0.177794,-0.192071,-0.205006
2024-01-01 00:00:12.520,-0.612722,-0.13369,10.735024,-0.206796,-0.267467,-0.1325
2024-01-01 00:00:12.530,-0.505074,-0.176621,10.613725,-0.276502,-0.265259,-0.120005
2024-01-01 00:00:12.540,-0.471332,-0.0878,10.469817,-0.239688,-0.273777,-0.173709
2024-01-01 00:00:12.550,-0.600302,-0.02483,10.425485,-0.312958,-0.289691,-0.154848
2024-01-01 00:00:12.560,-0.461439,-0.095252,10.134413,-0.213464,-0.196531,-0.18332
2024-01-01 00:00:12.570,-0.527488,0.041113,10.049573,-0.262402,-0.277689,-0.226679
2024-01-01 00:00:12.580,-0.585174,-0.011256,9.804933,-0.271751,-0.275858,-0.119169
2024-01-01 00:00:12.590,-0.552304,-0.027595,9.901323,-0.251423,-0.27196,-0.14998
2024-01-01 00:00:12.600,-0.519299,0.090081,9.718714,-0.246719,-0.263309,-0.10131
2024-01-01 00:00:12.610,-0.539232,0.049128,9.419303,-0.202086,-0.289039,-0.12238
2024-01-01 00:00:12.620,-0.510043,0.124493,9.312996,-0.214528,-0.287968,-0.157076
2024-01-01 00:00:12.630,-0.575115,0.094681,9.26179,-0.248312,-0.246886,-0.14679
2024-01-01 00:00:12.640,-0.510892,0.128653,9.021288,-0.197889,-0.177172,-0.124658
2024-01-01 00:00:12.650,-0.578538,0.178245,8.871229,-0.210805,-0.155253,-0.109499
2024-01-01 00:00:12.660,-0.500158,0.189506,8.896567,-0.246146,-0.197228,-0.12521
2024-01-01 00:00:12.670,-0.524834,0.095976,8.749337,-0.224253,-0.117911,-0.097643
2024-01-01 00:00:12.680,-0.499806,0.159809,8.688791,-0.217879,-0.134978,-0.135181
2024-01-01 00:00:12.690,-0.383023,0.281717,8.554122,-0.176931,-0.090778,-0.151231
2024-01-01 00:00:12.700,-0.370529,0.247205,8.446518,-0.211576,-0.082099,-0.117879
2024-01-01 00:00:12.710,-0.373441,0.245318,8.582756,-0.20311,-0.032653,-0.103998
2024-01-01 00:00:12.720,-0.435927,0.220333,8.633333,-0.074886,0.078673,-0.14004
2024-01-01 00:00:12.730,-0.373234,0.250041,8.557123,-0.115474,0.051244,-0.137578
2024-01-01 00:00:12.740,-0.27163,0.217657,8.721338,-0.189069,0.087763,-0.077202
2024-01-01 00:00:12.750,-0.298927,0.327305,8.5979,-0.11055,0.0419,-0.095649
2024-01-01 00:00:12.760,-0.162721,0.314926,8.633524,-0.120759,0.130488,-0.080981
2024-01-01 00:00:12.770,-0.230737,0.30781,8.79123,-0.094242,0.163567,-0.079082
2024-01-01 00:00:12.780,-0.211654,0.3628,8.882648,-0.093704,0.161443,-0.014725
2024-01-01 00:00:12.790,-0.206805,0.39321,9.056164,-0.027495,0.228459,-0.014333
2024-01-01 00:00:12.800,-0.154106,0.487187,9.049096,-0.055802,0.227266,-0.080971
2024-01-01 00:00:12.810,-0.137287,0.313131,9.346681,-0.062042,0.270652,-0.051347
2024-01-01 00:00:12.820,-0.062692,0.451555,9.528604,0.00752,0.286988,-0.001254
2024-01-01 00:00:12.830,-0.018359,0.445748,9.508172,-0.018424,0.243521,5e-06
2024-01-01 00:00:12.840,-0.073363,0.360277,9.755441,-0.009409,0.277763,-0.010534
2024-01-01 00:00:12.850,-0.068377,0.41016,9.717231,0.014876,0.303862,-0.034623
2024-01-01 00:00:12.860,-0.061371,0.376505,10.034168,0.009156,0.357377,-0.012174
2024-01-01 00:00:12.870,0.087989,0.406686,10.176432,0.028911,0.305066,0.001567
2024-01-01 00:00:12.880,0.039356,0.469505,10.302337,0.013631,0.249181,0.034089
2024-01-01 00:00:12.890,0.018489,0.419619,10.366808,0.019775,0.288394,0.085512
2024-01-01 00:00:12.900,0.176737,0.40872,10.258827,0.021575,0.336295,0.022296
2024-01-01 00:00:12.910,0.312592,0.354406,10.56152,0.015829,0.275775,0.020476
2024-01-01 00:00:12.920,0.217625,0.293057,10.669433,0.055073,0.233175,0.056178
2024-01-01 00:00:12.930,0.28909,0.34691,10.735384,0.103635,0.215107,0.098361
2024-01-01 00:00:12.940,0.279643,0.406508,10.903757,0.130407,0.221395,0.031744
2024-01-01 00:00:12.950,0.298045,0.257473,10.925885,0.124158,0.171693,0.126243
2024-01-01 00:00:12.960,0.375339,0.26758,10.943049,0.031935,0.113142,0.084671
2024-01-01 00:00:12.970,0.340133,0.31205,10.957437,0.239932,0.103963,0.074692
2024-01-01 00:00:12.980,0.392057,0.240853,11.001076,0.226455,-0.038521,0.055273
2024-01-01 00:00:12.990,0.41751,0.233811,11.147044,0.204754,-0.094734,0.130675
2024-01-01 00:00:13.000,0.389377,0.234667,10.986292,0.287548,-0.046679,0.110169
2024-01-01 00:00:13.010,0.492285,0.169095,10.962923,0.152351,-0.085263,0.125853
2024-01-01 00:00:13.020,0.452313,0.169383,10.916101,0.303954,-0.148835,0.098719
2024-01-01 00:00:13.030,0.440064,0.233222,10.91256,0.168945,-0.111617,0.12075
2024-01-01 00:00:13.040,0.519823,0.111962,10.839952,0.236027,-0.27522,0.119857
2024-01-01 00:00:13.050,0.461524,0.076107,10.464227,0.166512,-0.235477,0.135104
2024-01-01 00:00:13.060,0.519563,0.102633,10.681528,0.236259,-0.256778,0.121228
2024-01-01 00:00:13.070,0.527622,0.148403,10.595842,0.259344,-0.334938,0.097996
2024-01-01 00:00:13.080,0.590479,0.079246,10.268825,0.235985,-0.195498,0.228087
2024-01-01 00:00:13.090,0.56618,0.042843,10.139497,0.28226,-0.351589,0.107037
2024-01-01 00:00:13.100,0.545587,0.045043,10.040099,0.253514,-0.322539,0.154582
2024-01-01 00:00:13.110,0.590239,-0.067855,9.870818,0.223584,-0.253185,0.096662
2024-01-01 00:00:13.120,0.619482,0.020704,9.802722,0.221647,-0.267637,0.090081
2024-01-01 00:00:13.130,0.576591,-0.008307,9.482943,0.289955,-0.352577,0.15258
2024-01-01 00:00:13.140,0.546059,-0.071297,9.405444,0.215286,-0.256186,0.154015
2024-01-01 00:00:13.150,0.474912,-0.023714,9.478561,0.291454,-0.26497,0.185255
2024-01-01 00:00:13.160,0.480351,-0.153308,9.147968,0.303684,-0.148113,0.157515
2024-01-01 00:00:13.170,0.509611,-0.063128,9.196584,0.155143,-0.226231,0.138653
2024-01-01 00:00:13.180,0.483857,-0.133977,9.010227,0.290434,-0.231765,0.111784
2024-01-01 00:00:13.190,0.492673,-0.18022,8.733139,0.331213,-0.242711,0.181885
2024-01-01 00:00:13.200,0.490816,-0.185514,8.837609,0.234411,-0.209532,0.160952
2024-01-01 00:00:13.210,0.498751,-0.210378,8.700344,0.244621,-0.183673,0.09141
2024-01-01 00:00:13.220,0.451399,-0.163788,8.611429,0.258634,-0.041935,0.125209
2024-01-01 00:00:13.230,0.46034,-0.29765,8.621556,0.184415,-0.076177,0.123235
2024-01-01 00:00:13.240,0.41883,-0.300117,8.610638,0.198026,-0.014339,0.102977
2024-01-01 00:00:13.250,0.294993,-0.22745,8.617002,0.113275,0.068171,0.130546
2024-01-01 00:00:13.260,0.323605,-0.325354,8.65957,0.175374,-0.090301,0.126017
2024-01-01 00:00:13.270,0.338898,-0.265846,8.619995,0.182225,0.12635,0.088677
2024-01-01 00:00:13.280,0.259957,-0.240126,8.516145,0.171463,0.099102,0.078967
2024-01-01 00:00:13.290,0.323674,-0.358294,8.643438,0.186761,0.150685,0.125063
2024-01-01 00:00:13.300,0.342441,-0.316078,8.987432,0.082125,0.11834,0.100504
2024-01-01 00:00:13.310,0.298152,-0.418569,8.895158,0.081194,0.150633,0.066865
2024-01-01 00:00:13.320,0.197035,-0.332643,9.125332,0.189188,0.238871,0.007771
2024-01-01 00:00:13.330,0.252023,-0.368629,9.158038,0.073159,0.356748,0.058725
2024-01-01 00:00:13.340,0.154088,-0.361866,9.186865,0.076663,0.307506,0.060939
2024-01-01 00:00:13.350,0.098464,-0.423387,9.321588,0.049067,0.336899,-0.051185
2024-01-01 00:00:13.360,0.052915,-0.478408,9.431553,-0.003091,0.276542,0.030352
2024-01-01 00:00:13.370,0.036441,-0.373076,9.437624,0.104615,0.264716,0.001562
2024-01-01 00:00:13.380,-4.3e-05,-0.502922,9.72347,-0.017582,0.260216,-0.001344
2024-01-01 00:00:13.390,-0.004378,-0.415758,9.965469,-0.062227,0.275256,-0.030739
2024-01-01 00:00:13.400,-0.037091,-0.351593,9.966426,-0.043046,0.193323,-0.016751
2024-01-01 00:00:13.410,-0.077032,-0.386447,10.190324,-0.135169,0.251938,0.020709
2024-01-01 00:00:13.420,-0.087138,-0.294651,10.363688,-0.082103,0.248423,-0.043115
2024-01-01 00:00:13.430,-0.080877,-0.33549,10.354301,-0.112229,0.252129,-0.009326
2024-01-01 00:00:13.440,-0.123873,-0.412787,10.513998,-0.047015,0.248351,-0.070922
2024-01-01 00:00:13.450,-0.275947,-0.370765,10.581517,-0.125354,0.237427,-0.032247
2024-01-01 00:00:13.460,-0.359056,-0.365257,10.698292,-0.060773,0.193084,-0.063048
2024-01-01 00:00:13.470,-0.213505,-0.431506,10.74905,-0.048358,0.136617,-0.060409
2024-01-01 00:00:13.480,-0.356531,-0.387713,10.853683,-0.091935,0.037102,-0.078382
2024-01-01 00:00:13.490,-0.326399,-0.355855,11.09759,-0.154024,0.074224,-0.066704
2024-01-01 00:00:13.500,-0.399556,-0.415623,10.952962,-0.147967,0.02067,-0.170041
2024-01-01 00:00:13.510,-0.455865,-0.296353,11.061755,-0.242506,0.057946,-0.142349
2024-01-01 00:00:13.520,-0.362149,-0.295068,11.019769,-0.183608,0.04498,-0.093639
2024-01-01 00:00:13.530,-0.373382,-0.349174,11.145475,-0.229994,0.011325,-0.17349
2024-01-01 00:00:13.540,-0.460867,-0.227319,11.130155,-0.161666,-0.032386,-0.133747
2024-01-01 00:00:13.550,-0.580808,-0.192885,11.051768,-0.076479,-0.110574,-0.1247
2024-01-01 00:00:13.560,-0.49623,-0.197689,10.948386,-0.188153,-0.162231,-0.152731
2024-01-01 00:00:13.570,-0.465375,-0.204886,10.831341,-0.319996,-0.20385,-0.15301
2024-01-01 00:00:13.580,-0.57329,-0.138104,10.666105,-0.245036,-0.269943,-0.128037
2024-01-01 00:00:13.590,-0.502837,-0.112081,10.81548,-0.226605,-0.170372,-0.109359
2024-01-01 00:00:13.600,-0.523668,-0.108635,10.486075,-0.233315,-0.251071,-0.171363
2024-01-01 00:00:13.610,-0.503037,-0.142722,10.476657,-0.278359,-0.32369,-0.162343
2024-01-01 00:00:13.620,-0.53329,-0.064799,10.376608,-0.232858,-0.31814,-0.169011
2024-01-01 00:00:13.630,-0.593334,0.004279,10.10907,-0.309707,-0.3318,-0.221191
2024-01-01 00:00:13.640,-0.48839,-0.062002,10.093458,-0.296436,-0.293968,-0.145263
2024-01-01 00:00:13.650,-0.557795,0.096161,9.925723,-0.21765,-0.24634,-0.121923
2024-01-01 00:00:13.660,-0.550992,-0.011552,9.856241,-0.300614,-0.316586,-0.119399
2024-01-01 00:00:13.670,-0.594157,0.039764,9.535139,-0.22195,-0.407171,-0.175439
2024-01-01 00:00:13.680,-0.56564,0.027803,9.327765,-0.315508,-0.295309,-0.185772
2024-01-01 00:00:13.690,-0.581828,0.095663,9.25336,-0.156117,-0.281034,-0.145967
2024-01-01 00:00:13.700,-0.538497,0.020169,9.180773,-0.279554,-0.268087,-0.119626
2024-01-01 00:00:13.710,-0.434703,0.10239,9.047872,-0.247678,-0.268298,-0.137251
2024-01-01 00:00:13.720,-0.577531,0.097051,8.901436,-0.214804,-0.202878,-0.130122
2024-01-01 00:00:13.730,-0.57651,0.179868,8.681935,-0.253646,-0.184328,-0.100972
2024-01-01 00:00:13.740,-0.407463,0.243671,8.787484,-0.211476,-0.160181,-0.153362
2024-01-01 00:00:13.750,-0.475022,0.246429,8.83739,-0.182394,-0.107426,-0.133296
2024-01-01 00:00:13.760,-0.479945,0.114989,8.662047,-0.15492,-0.116906,-0.072732
2024-01-01 00:00:13.770,-0.374895,0.354315,8.635243,-0.154466,-0.085788,-0.122329
2024-01-01 00:00:13.780,-0.436101,0.284748,8.610741,-0.193054,0.042348,-0.148698
2024-01-01 00:00:13.790,-0.292053,0.248001,8.592267,-0.181583,0.036477,-0.124632
2024-01-01 00:00:13.800,-0.325671,0.310538,8.64778,-0.045984,0.084907,-0.126209
2024-01-01 00:00:13.810,-0.358939,0.326304,8.634631,-0.104571,0.139316,-0.080524
2024-01-01 00:00:13.820,-0.200503,0.297873,8.624343,-0.186259,0.137686,-0.110979
2024-01-01 00:00:13.830,-0.311418,0.353692,8.647998,-0.122788,0.189655,-0.068541
2024-01-01 00:00:13.840,-0.215824,0.324821,8.769186,-0.131725,0.094144,-0.091062
2024-01-01 00:00:13.850,-0.20889,0.345152,8.905703,-0.108519,0.210814,-0.124753
2024-01-01 00:00:13.860,-0.128923,0.339974,8.959538,-0.149661,0.216207,-0.043713
2024-01-01 00:00:13.870,-0.085422,0.310284,9.125574,-0.094913,0.330863,-0.040136
2024-01-01 00:00:13.880,-0.130822,0.395525,9.26092,0.030386,0.311601,-0.020582
2024-01-01 00:00:13.890,-0.138562,0.422477,9.425839,-0.016906,0.248288,-0.047705
2024-01-01 00:00:13.900,-0.046015,0.422583,9.601406,-0.155928,0.309193,-0.042208
2024-01-01 00:00:13.910,-0.070784,0.440095,9.648901,0.044064,0.305684,0.001981
2024-01-01 00:00:13.920,0.096014,0.416203,9.684218,0.052365,0.322674,0.044301
2024-01-01 00:00:13.930,0.03443,0.37286,9.907703,-0.005417,0.247547,0.007863
2024-01-01 00:00:13.940,0.041501,0.439614,10.083584,0.06303,0.310916,0.029038
2024-01-01 00:00:13.950,0.100959,0.326522,10.07423,-0.001277,0.271905,0.015368
2024-01-01 00:00:13.960,0.056011,0.344774,10.467563,0.032563,0.283935,-0.012663
2024-01-01 00:00:13.970,0.106004,0.335666,10.495723,0.145193,0.216383,0.071182
2024-01-01 00:00:13.980,0.245291,0.430625,10.633428,0.070627,0.202664,0.077781
2024-01-01 00:00:13.990,0.182473,0.415213,10.819843,0.004385,0.266735,0.080046
2024-01-01 00:00:14.000,0.192279,0.382623,10.755483,0.108028,0.128729,0.061258
2024-01-01 00:00:14.010,0.299923,0.400805,10.933414,0.120202,0.103189,0.092391
2024-01-01 00:00:14.020,0.359901,0.291,10.945477,0.196562,0.118176,0.108799
2024-01-01 00:00:14.030,0.363054,0.338998,10.990577,0.149401,0.049177,0.137815
2024-01-01 00:00:14.040,0.402273,0.300806,10.978125,0.139135,0.009331,0.125784
2024-01-01 00:00:14.050,0.338783,0.333848,11.190829,0.223445,0.023909,0.10463
2024-01-01 00:00:14.060,0.328388,0.26918,11.028061,0.187621,-0.091781,0.069701
2024-01-01 00:00:14.070,0.496026,0.238184,11.097412,0.153844,-0.101882,0.119477
2024-01-01 00:00:14.080,0.424857,0.266081,10.857871,0.2582,0.016973,0.127968
2024-01-01 00:00:14.090,0.446964,0.263626,11.05221,0.218549,-0.095827,0.146591
2024-01-01 00:00:14.100,0.542848,0.166425,10.976141,0.216709,-0.187564,0.170555
2024-01-01 00:00:14.110,0.519544,0.176126,10.81903,0.23241,-0.158693,0.131254
2024-01-01 00:00:14.120,0.528127,0.104979,10.698579,0.176163,-0.178136,0.200848
2024-01-01 00:00:14.130,0.625445,0.011175,10.641763,0.208706,-0.180839,0.088275
2024-01-01 00:00:14.140,0.495101,0.123811,10.674894,0.23985,-0.257804,0.156383
2024-01-01 00:00:14.150,0.581936,0.12155,10.223382,0.233696,-0.22005,0.122102
2024-01-01 00:00:14.160,0.544819,0.081212,10.292027,0.309971,-0.384527,0.090593
2024-01-01 00:00:14.170,0.559957,-0.0526,10.015791,0.259292,-0.345263,0.143
2024-01-01 00:00:14.180,0.625629,0.003951,9.942548,0.292384,-0.290074,0.106068
2024-01-01 00:00:14.190,0.575385,-0.112883,9.777887,0.250467,-0.283504,0.145155
2024-01-01 00:00:14.200,0.575803,0.043068,9.617197,0.302309,-0.343166,0.15074
2024-01-01 00:00:14.210,0.59952,-0.103085,9.506551,0.26801,-0.278105,0.182437
2024-01-01 00:00:14.220,0.522774,-0.009209,9.276743,0.24659,-0.311764,0.102324
2024-01-01 00:00:14.230,0.492327,-0.047634,9.315986,0.242194,-0.280056,0.172968
2024-01-01 00:00:14.240,0.473474,-0.16258,8.964222,0.191239,-0.196944,0.146319
2024-01-01 00:00:14.250,0.417014,-0.196407,9.034695,0.259587,-0.181297,0.17141
2024-01-01 00:00:14.260,0.605986,-0.143986,8.86041,0.226706,-0.252039,0.124277
2024-01-01 00:00:14.270,0.434127,-0.224902,8.700579,0.197304,-0.22771,0.093475
2024-01-01 00:00:14.280,0.462653,-0.198114,8.732135,0.270648,-0.165663,0.09267
2024-01-01 00:00:14.290,0.442673,-0.247232,8.528127,0.144995,-0.114702,0.08575
2024-01-01 00:00:14.300,0.453111,-0.331233,8.608518,0.177848,-0.112961,0.133718
2024-01-01 00:00:14.310,0.458248,-0.37195,8.460737,0.241141,0.006366,0.158161
2024-01-01 00:00:14.320,0.438768,-0.266448,8.597688,0.19566,0.006731,0.090982
2024-01-01 00:00:14.330,0.343512,-0.322259,8.490239,0.167001,0.04484,0.12051
2024-01-01 00:00:14.340,0.339949,-0.337223,8.548645,0.170871,-0.003955,0.049289
2024-01-01 00:00:14.350,0.336875,-0.289097,8.645629,0.155673,0.151757,0.093431
2024-01-01 00:00:14.360,0.283641,-0.278424,8.614038,0.058747,-0.014881,0.100805
2024-01-01 00:00:14.370,0.348753,-0.36277,8.740532,0.104531,0.198831,0.029752
2024-01-01 00:00:14.380,0.264322,-0.377018,8.708036,0.189814,0.232684,0.059276
2024-01-01 00:00:14.390,0.247079,-0.344587,8.977077,0.062641,0.19063,0.078842
2024-01-01 00:00:14.400,0.213317,-0.445775,9.177416,0.065982,0.299258,-0.038875
2024-01-01 00:00:14.410,0.208064,-0.373804,9.379857,0.040824,0.252579,0.080807
2024-01-01 00:00:14.420,0.127146,-0.363076,9.293021,0.049329,0.27546,0.042818
2024-01-01 00:00:14.430,0.02155,-0.361023,9.485241,0.010113,0.302173,0.045063
2024-01-01 00:00:14.440,0.074376,-0.494877,9.421527,0.049061,0.453461,0.002453
2024-01-01 00:00:14.450,-0.010363,-0.437742,9.829371,0.019959,0.366244,-0.045626
2024-01-01 00:00:14.460,-0.03649,-0.443846,9.917813,0.034105,0.334856,0.013279
2024-01-01 00:00:14.470,-0.01297,-0.393822,9.962935,-0.071769,0.250813,-0.014011
2024-01-01 00:00:14.480,-0.012457,-0.372289,10.243922,-0.050822,0.296209,-0.01932
2024-01-01 00:00:14.490,-0.105135,-0.317637,10.26328,-0.059558,0.236974,0.003665
2024-01-01 00:00:14.500,-0.122219,-0.412016,10.379173,-0.039791,0.303518,-0.014682
2024-01-01 00:00:14.510,-0.083538,-0.40561,10.577685,-0.11632,0.250608,0.011642
2024-01-01 00:00:14.520,-0.187019,-0.3154,10.568398,-0.044698,0.165181,-0.049673
2024-01-01 00:00:14.530,-0.098696,-0.348924,10.837403,-0.04467,0.200241,-0.083131
2024-01-01 00:00:14.540,-0.22944,-0.289987,10.760393,-0.166587,0.125793,-0.075938
2024-01-01 00:00:14.550,-0.373802,-0.327335,10.835834,-0.154436,0.145589,-0.065466
2024-01-01 00:00:14.560,-0.275162,-0.386852,10.906763,-0.168791,0.06294,-0.054841
2024-01-01 00:00:14.570,-0.319759,-0.381745,11.083913,-0.022388,0.073678,-0.136416
2024-01-01 00:00:14.580,-0.299152,-0.377673,11.000739,-0.186786,0.075242,-0.098918
2024-01-01 00:00:14.590,-0.353551,-0.25097,10.952113,-0.092123,-3.8e-05,-0.057317
2024-01-01 00:00:14.600,-0.416371,-0.207641,11.004177,-0.249445,-0.05207,-0.118874
2024-01-01 00:00:14.610,-0.491493,-0.156681,11.025656,-0.245063,-0.057054,-0.089418
2024-01-01 00:00:14.620,-0.460077,-0.188215,10.892574,-0.238706,-0.066126,-0.107832
2024-01-01 00:00:14.630,-0.509953,-0.152657,10.83756,-0.254751,-0.188723,-0.098804
2024-01-01 00:00:14.640,-0.512645,-0.219503,11.02584,-0.233222,-0.150876,-0.156189
2024-01-01 00:00:14.650,-0.468718,-0.22737,10.700932,-0.261869,-0.126322,-0.16002
2024-01-01 00:00:14.660,-0.427465,-0.105509,10.643575,-0.273222,-0.189163,-0.138745
2024-01-01 00:00:14.670,-0.502282,-0.105084,10.52786,-0.179356,-0.237608,-0.188334
2024-01-01 00:00:14.680,-0.591068,-0.098116,10.401072,-0.180298,-0.227851,-0.152985
2024-01-01 00:00:14.690,-0.516473,-0.061285,10.353437,-0.1974,-0.252982,-0.139333
2024-01-01 00:00:14.700,-0.484448,-0.041381,10.241739,-0.2212,-0.249904,-0.094901
2024-01-01 00:00:14.710,-0.578472,0.029961,9.998674,-0.244446,-0.396803,-0.137368
2024-01-01 00:00:14.720,-0.5565,0.053948,9.778563,-0.27476,-0.377235,-0.131188
2024-01-01 00:00:14.730,-0.54899,0.039876,9.83284,-0.297533,-0.249157,-0.114991
2024-01-01 00:00:14.740,-0.587002,0.078377,9.577748,-0.230831,-0.37038,-0.178328
2024-01-01 00:00:14.750,-0.511491,0.085088,9.581382,-0.305911,-0.266698,-0.15329
2024-01-01 00:00:14.760,-0.544228,0.05942,9.125939,-0.294324,-0.292092,-0.074014
2024-01-01 00:00:14.770,-0.509628,0.143117,9.190785,-0.183538,-0.308238,-0.147084
2024-01-01 00:00:14.780,-0.565577,0.058011,9.20694,-0.141878,-0.221331,-0.108653
2024-01-01 00:00:14.790,-0.531879,0.202438,8.913895,-0.212156,-0.205861,-0.11018
2024-01-01 00:00:14.800,-0.460936,0.11151,8.824758,-0.170611,-0.084526,-0.179904
2024-01-01 00:00:14.810,-0.501034,0.20643,8.780383,-0.231562,-0.1928,-0.122247
2024-01-01 00:00:14.820,-0.379722,0.170124,8.64047,-0.278734,-0.058848,-0.122708
2024-01-01 00:00:14.830,-0.468126,0.259562,8.604111,-0.173093,-0.080726,-0.112322
2024-01-01 00:00:14.840,-0.417442,0.248909,8.562197,-0.166388,-0.09754,-0.139535
2024-01-01 00:00:14.850,-0.361103,0.188718,8.515965,-0.181749,0.010219,-0.144707
2024-01-01 00:00:14.860,-0.456304,0.306417,8.658512,-0.187294,0.033698,-0.119385
2024-01-01 00:00:14.870,-0.449752,0.272431,8.608324,-0.116304,0.042284,-0.101583
2024-01-01 00:00:14.880,-0.413077,0.360291,8.619759,-0.202375,0.08833,-0.056303
2024-01-01 00:00:14.890,-0.247587,0.330119,8.709311,-0.179924,0.078657,-0.030222
2024-01-01 00:00:14.900,-0.311163,0.362507,8.684423,-0.179301,0.099216,-0.035439
2024-01-01 00:00:14.910,-0.127537,0.306361,8.719772,-0.111864,0.208544,-0.043862
2024-01-01 00:00:14.920,-0.254658,0.335058,8.823779,-0.157325,0.187095,-0.091888
2024-01-01 00:00:14.930,-0.187437,0.350622,8.975314,-0.123605,0.219281,-0.065903
2024-01-01 00:00:14.940,-0.089102,0.424134,9.005098,-0.110836,0.259198,-0.039031
2024-01-01 00:00:14.950,-0.034873,0.471599,9.174384,-0.074475,0.277021,-0.05584
2024-01-01 00:00:14.960,-0.000607,0.35257,9.305878,-0.121497,0.207211,-0.010961
2024-01-01 00:00:14.970,-0.011412,0.450416,9.656259,-0.02829,0.354079,0.002024
2024-01-01 00:00:14.980,0.011472,0.290471,9.40797,0.044306,0.302928,0.005253
2024-01-01 00:00:14.990,0.022131,0.340253,9.761563,0.003368,0.289756,0.02871
2024-01-01 00:00:15.000,0.063684,0.351655,10.060515,0.088323,0.320326,-0.020383
2024-01-01 00:00:15.010,0.029383,0.330225,10.077186,0.092583,0.305396,0.043515
2024-01-01 00:00:15.020,0.048013,0.315558,10.26915,0.079306,0.322669,0.003382
2024-01-01 00:00:15.030,0.120428,0.410916,10.352815,0.058551,0.298052,0.004662
2024-01-01 00:00:15.040,0.143347,0.373748,10.420039,0.070151,0.290153,0.057379
2024-01-01 00:00:15.050,0.159932,0.396284,10.413543,0.121187,0.30142,0.086274
2024-01-01 00:00:15.060,0.247521,0.403401,10.718036,0.077099,0.254445,0.07265
2024-01-01 00:00:15.070,0.289843,0.372452,10.73599,0.015909,0.175741,0.066645
2024-01-01 00:00:15.080,0.275041,0.381118,10.816862,0.14761,0.098594,0.08311
2024-01-01 00:00:15.090,0.372109,0.332613,10.90909,0.079007,0.206975,0.085429
2024-01-01 00:00:15.100,0.267734,0.263442,11.141052,0.099538,0.078844,0.054808
2024-01-01 00:00:15.110,0.340603,0.361275,11.229916,0.159232,0.032973,0.058254
2024-01-01 00:00:15.120,0.338707,0.263459,11.074088,0.165493,-0.06509,0.099785
2024-01-01 00:00:15.130,0.304194,0.229658,11.021565,0.110087,0.00349,0.11081
2024-01-01 00:00:15.140,0.414992,0.250113,10.949427,0.198786,-0.040985,0.114647
2024-01-01 00:00:15.150,0.433201,0.195048,11.04898,0.247983,-0.158514,0.140089
2024-01-01 00:00:15.160,0.533611,0.200669,11.105495,0.151737,-0.093286,0.118428
2024-01-01 00:00:15.170,0.506554,0.218832,10.878584,0.279539,-0.172455,0.146438
2024-01-01 00:00:15.180,0.439244,0.198442,10.628591,0.144925,-0.042597,0.129422
2024-01-01 00:00:15.190,0.59691,0.114905,10.779177,0.33505,-0.232712,0.192211
2024-01-01 00:00:15.200,0.577273,0.113634,10.698474,0.214083,-0.250325,0.143209
2024-01-01 00:00:15.210,0.555567,0.169483,10.375708,0.246582,-0.293482,0.213802
2024-01-01 00:00:15.220,0.523566,0.117935,10.390101,0.14853,-0.203592,0.156439
2024-01-01 00:00:15.230,0.493506,0.173897,10.277703,0.243019,-0.300188,0.141265
2024-01-01 00:00:15.240,0.527591,0.105937,10.095442,0.259697,-0.327986,0.121981
2024-01-01 00:00:15.250,0.603483,0.080771,9.893709,0.245258,-0.262571,0.106453
2024-01-01 00:00:15.260,0.644229,-0.069293,9.891904,0.221846,-0.369018,0.120257
2024-01-01 00:00:15.270,0.626224,0.014838,9.632008,0.202245,-0.266699,0.123356
2024-01-01 00:00:15.280,0.521791,-0.049386,9.401117,0.304814,-0.202741,0.160817
2024-01-01 00:00:15.290,0.485545,-0.097495,9.215617,0.247688,-0.253323,0.131904
2024-01-01 00:00:15.300,0.541999,-0.084519,9.346007,0.320199,-0.235727,0.151504
2024-01-01 00:00:15.310,0.43812,-0.068313,9.167805,0.213013,-0.206407,0.182062
2024-01-01 00:00:15.320,0.532476,-0.112789,9.008354,0.21295,-0.143275,0.13818
2024-01-01 00:00:15.330,0.496935,-0.203536,8.860061,0.270014,-0.14397,0.199915
2024-01-01 00:00:15.340,0.467276,-0.143722,8.759512,0.141841,-0.155373,0.09852
2024-01-01 00:00:15.350,0.395418,-0.233335,8.636188,0.155305,-0.102614,0.12507
2024-01-01 00:00:15.360,0.483772,-0.210539,8.623107,0.263098,-0.160524,0.108755
2024-01-01 00:00:15.370,0.412819,-0.255696,8.439244,0.141155,-0.044234,0.147946
2024-01-01 00:00:15.380,0.360809,-0.269799,8.517713,0.09964,-0.099004,0.047162
2024-01-01 00:00:15.390,0.254099,-0.23798,8.536436,0.274204,-0.032086,0.065173
2024-01-01 00:00:15.400,0.373374,-0.344788,8.611988,0.10065,-0.132682,0.098984
2024-01-01 00:00:15.410,0.439111,-0.210996,8.57904,0.168524,0.076403,0.142132
2024-01-01 00:00:15.420,0.408104,-0.413728,8.681751,0.1512,0.058249,0.095423
2024-01-01 00:00:15.430,0.27561,-0.365863,8.778405,-0.004865,0.178867,0.040853
2024-01-01 00:00:15.440,0.240751,-0.32962,8.823117,0.109753,0.17399,0.037956
2024-01-01 00:00:15.450,0.265765,-0.329867,8.858833,0.132569,0.239732,0.116279
2024-01-01 00:00:15.460,0.163037,-0.373823,8.918469,0.114514,0.155869,0.039445
2024-01-01 00:00:15.470,0.197944,-0.380116,8.947661,0.128292,0.285601,0.02158
2024-01-01 00:00:15.480,0.190426,-0.363868,9.204705,0.049772,0.359393,0.085809
2024-01-01 00:00:15.490,0.182214,-0.401775,9.408415,0.090565,0.309232,0.063297
2024-01-01 00:00:15.500,0.084188,-0.325046,9.4373,0.006077,0.323737,0.062548
2024-01-01 00:00:15.510,0.047034,-0.355862,9.704712,-0.044515,0.301986,-0.012896
2024-01-01 00:00:15.520,-0.018857,-0.355944,9.574243,-0.053504,0.272523,-0.038923
2024-01-01 00:00:15.530,-0.048563,-0.448273,9.750478,-0.076387,0.337956,0.002026
2024-01-01 00:00:15.540,-0.050779,-0.402939,10.057297,0.032545,0.221608,-0.000707
2024-01-01 00:00:15.550,-0.053188,-0.411624,10.153634,-0.108254,0.268956,-0.008577
2024-01-01 00:00:15.560,-0.057731,-0.443146,10.376768,-0.033303,0.190236,0.016143
2024-01-01 00:00:15.570,-0.175068,-0.369772,10.403252,-0.074619,0.228717,-0.088806
2024-01-01 00:00:15.580,-0.091309,-0.408242,10.459699,-0.080561,0.277483,-0.019466
2024-01-01 00:00:15.590,-0.209963,-0.340856,10.626806,-0.021095,0.248756,-0.086464
2024-01-01 00:00:15.600,-0.227262,-0.418117,10.624565,-0.124737,0.201064,-0.036017
2024-01-01 00:00:15.610,-0.292563,-0.268381,10.747289,-0.085421,0.17934,-0.083849
2024-01-01 00:00:15.620,-0.404545,-0.387656,10.991634,-0.12691,0.046479,-0.101692
2024-01-01 00:00:15.630,-0.266286,-0.319201,11.044742,-0.148732,0.090159,-0.102976
2024-01-01 00:00:15.640,-0.299733,-0.276764,11.049017,-0.03799,0.041239,-0.135162
2024-01-01 00:00:15.650,-0.37557,-0.329991,10.910705,-0.236387,0.007837,-0.097379
2024-01-01 00:00:15.660,-0.381838,-0.2429,11.031101,-0.110629,0.035692,-0.128231
2024-01-01 00:00:15.670,-0.38175,-0.330064,10.955965,-0.152428,-0.072468,-0.08756
2024-01-01 00:00:15.680,-0.50663,-0.178156,11.12517,-0.21875,-0.094428,-0.097663
2024-01-01 00:00:15.690,-0.474437,-0.231349,10.944637,-0.122163,-0.202416,-0.071533
2024-01-01 00:00:15.700,-0.42621,-0.242372,10.848514,-0.304189,-0.145288,-0.11608
2024-01-01 00:00:15.710,-0.544974,-0.207275,10.866318,-0.245297,-0.215697,-0.115905
2024-01-01 00:00:15.720,-0.482258,-0.130972,10.726786,-0.286304,-0.185849,-0.093525
2024-01-01 00:00:15.730,-0.577732,-0.179153,10.797447,-0.21117,-0.263259,-0.157894
2024-01-01 00:00:15.740,-0.497792,-0.165394,10.508764,-0.292523,-0.233403,-0.18677
2024-01-01 00:00:15.750,-0.532314,-0.116559,10.333992,-0.219498,-0.26551,-0.138688
2024-01-01 00:00:15.760,-0.61888,-0.141524,10.143331,-0.253924,-0.190766,-0.18944
2024-01-01 00:00:15.770,-0.485627,0.031443,10.175782,-0.271179,-0.261826,-0.074708
2024-01-01 00:00:15.780,-0.584462,-0.064607,9.990906,-0.229537,-0.387044,-0.105717
2024-01-01 00:00:15.790,-0.590228,0.028715,9.776058,-0.263302,-0.362624,-0.085003
2024-01-01 00:00:15.800,-0.539778,0.021073,9.838912,-0.304344,-0.296818,-0.148074
2024-01-01 00:00:15.810,-0.490574,-0.015197,9.651468,-0.109025,-0.34215,-0.132939
2024-01-01 00:00:15.820,-0.59511,0.057044,9.45306,-0.271776,-0.436088,-0.162235
2024-01-01 00:00:15.830,-0.535675,0.119656,9.426572,-0.355771,-0.208248,-0.120447
2024-01-01 00:00:15.840,-0.509904,0.093881,9.239311,-0.283625,-0.223977,-0.181379
2024-01-01 00:00:15.850,-0.487447,0.185432,8.997941,-0.300683,-0.214627,-0.218684
2024-01-01 00:00:15.860,-0.50224,0.198902,8.868357,-0.190994,-0.248419,-0.163102
2024-01-01 00:00:15.870,-0.516615,0.215313,8.916467,-0.210401,-0.171047,-0.179554
2024-01-01 00:00:15.880,-0.52513,0.167342,8.795461,-0.199951,-0.199379,-0.087594
2024-01-01 00:00:15.890,-0.463265,0.156636,8.704445,-0.231034,-0.123392,-0.073049
2024-01-01 00:00:15.900,-0.503392,0.199527,8.565652,-0.218415,-0.147299,-0.164757
2024-01-01 00:00:15.910,-0.576517,0.258804,8.640698,-0.214206,0.008303,-0.078644
2024-01-01 00:00:15.920,-0.387805,0.29421,8.507065,-0.190257,-0.111337,-0.083177
2024-01-01 00:00:15.930,-0.34221,0.175352,8.551878,-0.134327,0.063927,-0.15275
2024-01-01 00:00:15.940,-0.481993,0.299558,8.685517,-0.148581,0.039365,-0.110939
2024-01-01 00:00:15.950,-0.389521,0.322869,8.543678,-0.129101,0.047537,-0.109869
2024-01-01 00:00:15.960,-0.282098,0.315004,8.514179,-0.11732,0.113962,-0.062939
2024-01-01 00:00:15.970,-0.183125,0.40623,8.61538,-0.085778,0.174427,-0.114863
2024-01-01 00:00:15.980,-0.25692,0.374365,8.853967,-0.102847,0.236351,-0.073319
2024-01-01 00:00:15.990,-0.265431,0.429178,8.883884,-0.086163,0.211614,-0.083041
2024-01-01 00:00:16.000,-0.20846,0.362013,8.955296,-0.031157,0.176669,-0.040158
2024-01-01 00:00:16.010,-0.100169,0.427543,9.038594,-0.110031,0.24619,-0.052571
2024-01-01 00:00:16.020,-0.170227,0.468971,9.241915,-0.105482,0.353105,-0.053674
2024-01-01 00:00:16.030,-0.14643,0.458018,9.26727,-0.107692,0.344899,-0.035436
2024-01-01 00:00:16.040,-0.098783,0.341692,9.498295,-0.024784,0.334386,0.040723
2024-01-01 00:00:16.050,-0.09023,0.386117,9.558608,-0.112034,0.336191,-0.024115
2024-01-01 00:00:16.060,-0.004202,0.382671,9.691216,0.01841,0.334761,-0.034049
2024-01-01 00:00:16.070,0.103162,0.424145,9.858596,0.004508,0.356984,0.023483
2024-01-01 00:00:16.080,0.070271,0.432377,10.024758,0.08133,0.27136,0.010453
2024-01-01 00:00:16.090,0.073501,0.353122,10.192714,0.005549,0.217535,-0.01897
2024-01-01 00:00:16.100,0.103234,0.394106,10.351968,0.043391,0.275915,0.099079
2024-01-01 00:00:16.110,0.070965,0.28402,10.167378,0.123894,0.215012,0.030096
2024-01-01 00:00:16.120,0.224067,0.450092,10.518178,0.150935,0.183048,0.037731
2024-01-01 00:00:16.130,0.206187,0.344052,10.661177,0.061483,0.176449,0.062089
2024-01-01 00:00:16.140,0.2305,0.362869,10.910483,0.117964,0.31047,0.117228
2024-01-01 00:00:16.150,0.4278,0.333759,10.787772,0.136605,0.164192,0.022738
2024-01-01 00:00:16.160,0.31078,0.394506,10.956653,0.153156,0.144497,0.088964
2024-01-01 00:00:16.170,0.284932,0.182132,11.117097,0.133472,0.032561,0.150579
2024-01-01 00:00:16.180,0.326773,0.308865,10.929989,0.222292,-0.03252,0.098796
2024-01-01 00:00:16.190,0.429885,0.289027,11.087227,0.074816,-0.016117,0.064521
2024-01-01 00:00:16.200,0.401216,0.255245,10.995076,0.15874,0.061573,0.089326
2024-01-01 00:00:16.210,0.345367,0.346891,11.005253,0.21207,-0.028655,0.12001
2024-01-01 00:00:16.220,0.483535,0.197969,10.950746,0.221758,-0.049846,0.159262
2024-01-01 00:00:16.230,0.422952,0.261847,10.909243,0.275074,-0.076157,0.114282
2024-01-01 00:00:16.240,0.56724,0.221224,11.122416,0.275173,-0.174407,0.153956
2024-01-01 00:00:16.250,0.543164,0.24594,10.894036,0.208069,-0.105204,0.090347
2024-01-01 00:00:16.260,0.480698,0.128329,10.822453,0.293659,-0.233603,0.093888
2024-01-01 00:00:16.270,0.579286,0.103308,10.668795,0.198496,-0.156234,0.126035
2024-01-01 00:00:16.280,0.529026,0.172546,10.384786,0.285468,-0.225898,0.186495
2024-01-01 00:00:16.290,0.57686,0.116389,10.41906,0.333354,-0.355521,0.147763
2024-01-01 00:00:16.300,0.565209,-0.00507,10.339533,0.306644,-0.317865,0.156232
2024-01-01 00:00:16.310,0.503543,0.022016,10.045559,0.253407,-0.38025,0.157214
2024-01-01 00:00:16.320,0.516693,0.044937,10.04701,0.232898,-0.239375,0.182968
2024-01-01 00:00:16.330,0.60149,0.044055,9.879886,0.173567,-0.301219,0.131691
2024-01-01 00:00:16.340,0.532481,-0.055254,9.825272,0.265173,-0.409717,0.170436
2024-01-01 00:00:16.350,0.526376,-0.190392,9.499083,0.192675,-0.273727,0.124135
2024-01-01 00:00:16.360,0.494259,-0.04175,9.30391,0.206714,-0.309564,0.207321
2024-01-01 00:00:16.370,0.556787,-0.151925,9.227756,0.18392,-0.343198,0.122063
2024-01-01 00:00:16.380,0.630482,-0.214462,9.244109,0.216687,-0.167713,0.117353
2024-01-01 00:00:16.390,0.463912,-0.277506,8.864931,0.233733,-0.225389,0.157569
2024-01-01 00:00:16.400,0.506653,-0.117017,8.738661,0.243427,-0.221393,0.140242
2024-01-01 00:00:16.410,0.562467,-0.17257,8.81667,0.193546,-0.199817,0.143948
2024-01-01 00:00:16.420,0.472595,-0.210951,8.693259,0.27009,-0.226161,0.136795
2024-01-01 00:00:16.430,0.482276,-0.150198,8.663305,0.198525,-0.184305,0.092649
2024-01-01 00:00:16.440,0.388037,-0.207008,8.688114,0.16114,-0.021776,0.168716
2024-01-01 00:00:16.450,0.442553,-0.176462,8.534556,0.202741,-0.075476,0.141662
2024-01-01 00:00:16.460,0.390311,-0.344432,8.412128,0.279845,-0.015726,0.149769
2024-01-01 00:00:16.470,0.426111,-0.293094,8.7259,0.188042,-0.083862,0.08692
2024-01-01 00:00:16.480,0.412052,-0.387771,8.500097,0.142168,-0.012619,0.108682
2024-01-01 00:00:16.490,0.456806,-0.332917,8.529606,0.072412,0.117974,0.095192
2024-01-01 00:00:16.500,0.329829,-0.347285,8.753526,0.125778,0.139364,0.115889
2024-01-01 00:00:16.510,0.28962,-0.315778,8.701114,0.135987,0.239485,0.109352
2024-01-01 00:00:16.520,0.254592,-0.35589,8.808275,0.091927,0.248214,0.072575
2024-01-01 00:00:16.530,0.197914,-0.336824,8.947151,0.014718,0.19629,0.013254
2024-01-01 00:00:16.540,0.202455,-0.341383,9.102796,0.041804,0.255374,0.103989
2024-01-01 00:00:16.550,0.14008,-0.276073,9.107933,0.143113,0.236609,0.058911
2024-01-01 00:00:16.560,0.132059,-0.405527,9.383996,0.127898,0.372421,0.015466
2024-01-01 00:00:16.570,0.157877,-0.441416,9.226858,-0.002515,0.340664,0.037286
2024-01-01 00:00:16.580,0.009715,-0.385305,9.599497,0.06093,0.301334,-0.028958
2024-01-01 00:00:16.590,0.084873,-0.4396,9.616276,-0.046256,0.308478,0.039264
2024-01-01 00:00:16.600,0.061477,-0.325889,9.939684,0.068225,0.372204,-0.045331
2024-01-01 00:00:16.610,-0.042525,-0.413273,9.987457,-0.004384,0.326319,-0.016613
2024-01-01 00:00:16.620,-0.174832,-0.425143,10.066167,0.016237,0.368559,-0.011413
2024-01-01 00:00:16.630,-0.131011,-0.416815,10.31267,-0.131491,0.170236,0.003724
2024-01-01 00:00:16.640,-0.067304,-0.352361,10.464555,-0.026188,0.288421,-0.032846
2024-01-01 00:00:16.650,-0.164377,-0.389865,10.56989,-0.074581,0.221379,-0.025469
2024-01-01 00:00:16.660,-0.243716,-0.406442,10.551855,-0.045472,0.313361,-0.053686
2024-01-01 00:00:16.670,-0.24884,-0.282184,10.699865,-0.055894,0.278151,-0.061948
2024-01-01 00:00:16.680,-0.210652,-0.398095,10.829844,-0.111567,0.175,-0.066349
2024-01-01 00:00:16.690,-0.253558,-0.342121,10.904421,-0.157721,0.220282,-0.082279
2024-01-01 00:00:16.700,-0.320086,-0.298713,11.030155,-0.101079,0.200825,-0.134635
2024-01-01 00:00:16.710,-0.352665,-0.399184,10.855479,-0.154973,0.082023,-0.114229
2024-01-01 00:00:16.720,-0.378946,-0.2788,11.073316,-0.206984,0.167455,-0.090664
2024-01-01 00:00:16.730,-0.429276,-0.339721,11.036262,-0.220169,0.007244,-0.111971
2024-01-01 00:00:16.740,-0.324865,-0.228993,10.988086,-0.258237,-0.037084,-0.115302
2024-01-01 00:00:16.750,-0.442832,-0.300501,10.974346,-0.219477,-0.01787,-0.126078
2024-01-01 00:00:16.760,-0.385472,-0.199097,10.978329,-0.147743,-0.112818,-0.147634
2024-01-01 00:00:16.770,-0.388342,-0.159007,10.652847,-0.202203,-0.123518,-0.14145
2024-01-01 00:00:16.780,-0.430972,-0.151053,10.814716,-0.245074,-0.088212,-0.140356
2024-01-01 00:00:16.790,-0.517293,-0.160716,10.71605,-0.185081,-0.186439,-0.13504
2024-01-01 00:00:16.800,-0.488644,-0.163408,10.730607,-0.272911,-0.298289,-0.126971
2024-01-01 00:00:16.810,-0.521408,-0.158703,10.513336,-0.231686,-0.218374,-0.147289
2024-01-01 00:00:16.820,-0.574961,-0.033922,10.439802,-0.249789,-0.2915,-0.175374
2024-01-01 00:00:16.830,-0.521311,-0.11967,10.450727,-0.205375,-0.229836,-0.188541
2024-01-01 00:00:16.840,-0.602385,-0.113479,10.270111,-0.325877,-0.250949,-0.070286
2024-01-01 00:00:16.850,-0.488083,-0.005076,10.120729,-0.291359,-0.220916,-0.183204
2024-01-01 00:00:16.860,-0.572848,-0.054737,9.86326,-0.331738,-0.253787,-0.165454
2024-01-01 00:00:16.870,-0.539817,-0.038968,9.800112,-0.262923,-0.245215,-0.134456
2024-01-01 00:00:16.880,-0.534076,-0.04021,9.592112,-0.188629,-0.329622,-0.138694
2024-01-01 00:00:16.890,-0.557665,0.031151,9.452029,-0.272872,-0.248334,-0.132934
2024-01-01 00:00:16.900,-0.509989,0.074296,9.362093,-0.270681,-0.178509,-0.16037
2024-01-01 00:00:16.910,-0.555817,0.113452,9.149771,-0.198264,-0.295953,-0.137954
2024-01-01 00:00:16.920,-0.479424,0.171379,9.193607,-0.184295,-0.152526,-0.140793
2024-01-01 00:00:16.930,-0.579404,0.17225,8.948114,-0.237204,-0.247637,-0.149029
2024-01-01 00:00:16.940,-0.493141,0.15795,8.90883,-0.192792,-0.237396,-0.128854
2024-01-01 00:00:16.950,-0.388149,0.178596,8.88732,-0.274346,-0.151936,-0.100638
2024-01-01 00:00:16.960,-0.519079,0.234377,8.779208,-0.144311,-0.100606,-0.128592
2024-01-01 00:00:16.970,-0.485301,0.292142,8.52508,-0.097753,-0.058593,-0.123579
2024-01-01 00:00:16.980,-0.406517,0.253687,8.630625,-0.170399,-0.118615,-0.085831
2024-01-01 00:00:16.990,-0.402544,0.241922,8.637042,-0.291273,-0.014176,-0.083393
2024-01-01 00:00:17.000,-0.371886,0.232829,8.631353,-0.20492,-0.035063,-0.058687
2024-01-01 00:00:17.010,-0.341513,0.226333,8.479154,-0.13571,-0.040103,-0.152497
2024-01-01 00:00:17.020,-0.309531,0.347001,8.540948,-0.176195,0.022562,-0.065919
2024-01-01 00:00:17.030,-0.259902,0.3566,8.7151,-0.079748,0.065161,-0.067967
2024-01-01 00:00:17.040,-0.267931,0.369456,8.632774,-0.101693,0.16108,-0.10523
2024-01-01 00:00:17.050,-0.272528,0.345869,8.743272,-0.153717,0.223048,-0.063488
2024-01-01 00:00:17.060,-0.197982,0.433151,8.981193,-0.103664,0.119939,-0.031633
2024-01-01 00:00:17.070,-0.106965,0.347851,8.952307,-0.136491,0.236697,-0.079955
2024-01-01 00:00:17.080,-0.178245,0.427793,9.010743,-0.087135,0.18275,-0.033527
2024-01-01 00:00:17.090,-0.189403,0.384757,9.121622,-0.091674,0.292202,-0.012226
2024-01-01 00:00:17.100,-0.053902,0.361611,9.349898,0.009076,0.245187,-0.061928
2024-01-01 00:00:17.110,-0.083478,0.42564,9.354773,0.070592,0.235533,-0.025394
2024-01-01 00:00:17.120,-0.154029,0.419117,9.584576,-0.092194,0.335896,-0.003351
2024-01-01 00:00:17.130,0.029196,0.417734,9.776788,-0.10215,0.27031,-0.027477
2024-01-01 00:00:17.140,-0.007677,0.403823,10.000652,-0.003581,0.283479,-0.021168
2024-01-01 00:00:17.150,0.046763,0.396362,10.095521,-0.052608,0.183783,0.009937
2024-01-01 00:00:17.160,0.099911,0.514803,10.127196,0.04018,0.33356,0.046771
2024-01-01 00:00:17.170,0.124573,0.450364,10.415651,0.089741,0.314792,0.050689
2024-01-01 00:00:17.180,0.181861,0.421713,10.427439,0.141247,0.257768,0.014082
2024-01-01 00:00:17.190,0.155451,0.384255,10.473745,0.090627,0.161323,0.067899
2024-01-01 00:00:17.200,0.233107,0.420813,10.669549,0.084638,0.275108,0.031499
2024-01-01 00:00:17.210,0.223987,0.38687,10.897065,0.008792,0.155311,0.016321
2024-01-01 00:00:17.220,0.302602,0.351554,10.880561,0.122064,0.137347,0.061439
2024-01-01 00:00:17.230,0.324212,0.323133,10.939131,0.136948,0.244807,0.113719
2024-01-01 00:00:17.240,0.273445,0.321169,11.124377,0.177501,0.061436,0.107011
2024-01-01 00:00:17.250,0.400186,0.152478,10.917885,0.121797,0.099812,0.094286
2024-01-01 00:00:17.260,0.34357,0.306243,10.951726,0.146596,0.056027,0.088508
2024-01-01 00:00:17.270,0.433976,0.254985,10.930368,0.104997,0.012269,0.095645
2024-01-01 00:00:17.280,0.433789,0.341777,11.077322,0.074265,-0.028203,0.116561
2024-01-01 00:00:17.290,0.527756,0.244943,11.031683,0.142687,-0.057965,0.086814
2024-01-01 00:00:17.300,0.443595,0.16552,11.096015,0.128196,-0.096612,0.113584
2024-01-01 00:00:17.310,0.454659,0.202693,10.930316,0.231438,-0.144715,0.122294
2024-01-01 00:00:17.320,0.486885,0.132393,10.801607,0.195846,-0.096509,0.092519
2024-01-01 00:00:17.330,0.48675,0.187246,10.7431,0.201228,-0.265294,0.111731
2024-01-01 00:00:17.340,0.554231,0.156437,10.648558,0.184522,-0.17343,0.152561
2024-01-01 00:00:17.350,0.443974,0.167607,10.390181,0.076912,-0.205139,0.14341
2024-01-01 00:00:17.360,0.480855,0.057584,10.61571,0.317933,-0.229703,0.136248
2024-01-01 00:00:17.370,0.487062,0.075908,10.307335,0.195647,-0.223501,0.120053
2024-01-01 00:00:17.380,0.593021,-0.01722,10.143139,0.227336,-0.294864,0.19608
2024-01-01 00:00:17.390,0.634212,0.062754,10.031793,0.176656,-0.390576,0.124501
2024-01-01 00:00:17.400,0.544747,0.030176,9.893201,0.298583,-0.303547,0.157539
2024-01-01 00:00:17.410,0.540923,0.005561,9.678709,0.256882,-0.348173,0.13519
2024-01-01 00:00:17.420,0.550371,-0.042544,9.49461,0.207258,-0.32978,0.150234
2024-01-01 00:00:17.430,0.600584,-0.045136,9.451864,0.226975,-0.345848,0.16168
2024-01-01 00:00:17.440,0.489878,-0.008679,9.299149,0.327657,-0.294233,0.105141
2024-01-01 00:00:17.450,0.540074,-0.125867,9.075337,0.236422,-0.283116,0.143844
2024-01-01 00:00:17.460,0.567007,-0.127012,9.1347,0.22648,-0.351599,0.177062
2024-01-01 00:00:17.470,0.53161,-0.210122,8.936544,0.183183,-0.173944,0.190997
2024-01-01 00:00:17.480,0.5026,-0.220564,8.875697,0.129417,-0.0713,0.130587
2024-01-01 00:00:17.490,0.528041,-0.192985,8.846554,0.209266,-0.122857,0.131611
2024-01-01 00:00:17.500,0.32605,-0.162723,8.669624,0.225916,-0.132062,0.192125
2024-01-01 00:00:17.510,0.476741,-0.250028,8.641611,0.256273,-0.091723,0.154824
2024-01-01 00:00:17.520,0.390255,-0.267488,8.645857,0.079829,-0.07588,0.096834
2024-01-01 00:00:17.530,0.310083,-0.293634,8.50477,0.126297,-0.01542,0.090962
2024-01-01 00:00:17.540,0.404448,-0.316685,8.565942,0.143185,0.01341,0.13203
2024-01-01 00:00:17.550,0.423541,-0.290858,8.587692,0.161125,0.008181,0.066448
2024-01-01 00:00:17.560,0.322734,-0.395077,8.534143,0.142569,0.168659,0.122524
2024-01-01 00:00:17.570,0.350864,-0.269673,8.845515,0.131743,0.043276,0.092726
2024-01-01 00:00:17.580,0.356405,-0.379348,8.612813,0.145764,0.185052,0.090747
2024-01-01 00:00:17.590,0.313159,-0.321148,8.701759,0.067296,0.173526,0.059774
2024-01-01 00:00:17.600,0.300181,-0.43068,9.00477,0.145881,0.300621,0.04061
2024-01-01 00:00:17.610,0.225308,-0.342411,9.06324,0.107219,0.246789,0.095188
2024-01-01 00:00:17.620,0.161345,-0.349635,9.041704,0.055633,0.232756,0.035572
2024-01-01 00:00:17.630,0.046304,-0.370083,9.299406,0.137501,0.255924,0.022145
2024-01-01 00:00:17.640,0.082493,-0.443735,9.502983,0.12091,0.284171,0.023449
2024-01-01 00:00:17.650,0.020702,-0.384901,9.523704,0.075219,0.235022,0.022935
2024-01-01 00:00:17.660,0.139263,-0.458529,9.878506,-0.136966,0.259785,-0.022548
2024-01-01 00:00:17.670,-0.010333,-0.412637,9.679067,0.078248,0.210748,-0.017366
2024-01-01 00:00:17.680,-0.027627,-0.347774,10.018794,0.02438,0.251587,-0.027756
2024-01-01 00:00:17.690,-0.038346,-0.357281,10.200798,0.070357,0.296076,0.00738
2024-01-01 00:00:17.700,-0.095646,-0.392863,10.318879,0.017407,0.296027,-0.053259
2024-01-01 00:00:17.710,-0.044642,-0.437513,10.365301,0.020101,0.167824,-0.087963
2024-01-01 00:00:17.720,-0.191651,-0.350306,10.484629,-0.02903,0.242033,-0.102791
2024-01-01 00:00:17.730,-0.181359,-0.374112,10.660012,-0.019424,0.255743,-0.096227
2024-01-01 00:00:17.740,-0.258127,-0.482302,10.795154,-0.00075,0.194977,-0.019428
2024-01-01 00:00:17.750,-0.316158,-0.3171,10.870853,-0.10288,0.144188,-0.067738
2024-01-01 00:00:17.760,-0.309037,-0.346161,10.984692,-0.205179,0.125606,-0.060903
2024-01-01 00:00:17.770,-0.307635,-0.272359,10.883798,-0.154365,0.087501,-0.067301
2024-01-01 00:00:17.780,-0.353529,-0.373632,10.995015,-0.131441,0.049453,-0.088877
2024-01-01 00:00:17.790,-0.391824,-0.462993,10.969415,-0.158621,0.055612,-0.099662
2024-01-01 00:00:17.800,-0.451428,-0.274447,11.028126,-0.235561,0.127292,-0.072604
2024-01-01 00:00:17.810,-0.407865,-0.257074,11.137452,-0.265058,-0.060455,-0.105723
2024-01-01 00:00:17.820,-0.500155,-0.338501,11.044951,-0.230203,-0.074034,-0.073914
2024-01-01 00:00:17.830,-0.406662,-0.284334,11.208071,-0.161733,-0.09477,-0.102647
2024-01-01 00:00:17.840,-0.458758,-0.078279,10.961845,-0.131383,-0.159342,-0.144774
2024-01-01 00:00:17.850,-0.55238,-0.211209,10.882367,-0.172127,-0.101134,-0.145688
2024-01-01 00:00:17.860,-0.509936,-0.138594,10.802622,-0.17189,-0.303514,-0.156681
2024-01-01 00:00:17.870,-0.545354,-0.186286,10.646103,-0.234834,-0.237904,-0.10195
2024-01-01 00:00:17.880,-0.50331,-0.236349,10.583298,-0.323136,-0.193908,-0.15377
2024-01-01 00:00:17.890,-0.461983,-0.117975,10.558246,-0.263218,-0.269772,-0.168228
2024-01-01 00:00:17.900,-0.630679,-0.099994,10.348188,-0.256993,-0.312845,-0.13684
2024-01-01 00:00:17.910,-0.537237,-0.08366,10.139364,-0.271666,-0.262762,-0.151003
2024-01-01 00:00:17.920,-0.555194,-0.046132,9.987201,-0.245987,-0.248562,-0.140396
2024-01-01 00:00:17.930,-0.515936,-0.003781,9.880103,-0.227703,-0.288385,-0.09317
2024-01-01 00:00:17.940,-0.539268,-0.001036,9.775481,-0.207317,-0.339904,-0.122588
2024-01-01 00:00:17.950,-0.586059,-0.033289,9.719067,-0.263206,-0.273835,-0.14877
2024-01-01 00:00:17.960,-0.561057,0.077559,9.372913,-0.342963,-0.309469,-0.190918
2024-01-01 00:00:17.970,-0.579674,-0.021064,9.315675,-0.269541,-0.240849,-0.162237
2024-01-01 00:00:17.980,-0.478983,-0.003221,9.220363,-0.239989,-0.188862,-0.123973
2024-01-01 00:00:17.990,-0.522795,0.158807,8.937947,-0.176978,-0.374603,-0.178002
2024-01-01 00:00:18.000,-0.418075,0.16933,8.903757,-0.261633,-0.216709,-0.075717
2024-01-01 00:00:18.010,-0.503676,0.162745,8.813404,-0.201938,-0.28393,-0.136106
2024-01-01 00:00:18.020,-0.521848,0.116909,8.714426,-0.206599,-0.047224,-0.131197
2024-01-01 00:00:18.030,-0.546225,0.171709,8.717957,-0.211686,-0.16256,-0.148328
2024-01-01 00:00:18.040,-0.543187,0.213678,8.629494,-0.159396,-0.069762,-0.108652
2024-01-01 00:00:18.050,-0.51317,0.16595,8.55371,-0.230298,-0.075301,-0.153094
2024-01-01 00:00:18.060,-0.400046,0.226878,8.604832,-0.216669,-0.079132,-0.047799
2024-01-01 00:00:18.070,-0.365982,0.313622,8.697951,-0.178512,-0.049987,-0.06723
2024-01-01 00:00:18.080,-0.447147,0.36858,8.697946,-0.19932,0.110547,-0.070859
2024-01-01 00:00:18.090,-0.298738,0.29143,8.436784,-0.130731,0.113776,-0.135392
2024-01-01 00:00:18.100,-0.341863,0.364337,8.677344,-0.180073,0.196968,-0.080486
2024-01-01 00:00:18.110,-0.283497,0.243797,8.673722,-0.120883,0.134998,-0.043047
2024-01-01 00:00:18.120,-0.182352,0.384292,8.772596,-0.124537,0.17724,-0.053924
2024-01-01 00:00:18.130,-0.189342,0.321732,8.814979,-0.095701,0.177863,-0.093932
2024-01-01 00:00:18.140,-0.218025,0.386661,8.956155,-0.115987,0.202616,-0.075302
2024-01-01 00:00:18.150,-0.218869,0.366992,9.07064,-0.096186,0.18764,-0.061097
2024-01-01 00:00:18.160,-0.251011,0.452182,9.134327,-0.060391,0.263402,-0.057218
2024-01-01 00:00:18.170,-0.147996,0.347891,9.239705,-0.040823,0.23564,0.015308
2024-01-01 00:00:18.180,-0.090826,0.427097,9.413149,-0.036696,0.309316,-0.079522
2024-01-01 00:00:18.190,-0.097584,0.384484,9.61038,0.063348,0.303888,0.006525
2024-01-01 00:00:18.200,-0.022578,0.391915,9.785156,-0.056816,0.313875,-0.043137
2024-01-01 00:00:18.210,0.020093,0.390633,9.952103,0.004177,0.383233,-0.024405
2024-01-01 00:00:18.220,0.037218,0.356161,9.989883,-0.056654,0.293456,-0.047076
2024-01-01 00:00:18.230,0.048003,0.394987,10.194691,0.055197,0.324982,0.005484
2024-01-01 00:00:18.240,0.120702,0.388445,10.38657,-0.004731,0.377575,0.075941
2024-01-01 00:00:18.250,0.165746,0.398178,10.533532,0.051379,0.324402,0.047122
2024-01-01 00:00:18.260,0.120014,0.383551,10.557624,0.06073,0.297238,0.011649
2024-01-01 00:00:18.270,0.275365,0.411129,10.656354,0.107144,0.201458,0.086374
2024-01-01 00:00:18.280,0.229468,0.408031,10.789132,0.078905,0.202506,0.100866
2024-01-01 00:00:18.290,0.264113,0.298706,10.768423,0.089858,0.096714,0.074895
2024-01-01 00:00:18.300,0.326448,0.382848,10.91702,0.204083,0.15694,0.140416
2024-01-01 00:00:18.310,0.329564,0.267096,11.048745,0.15873,0.113269,0.111348
2024-01-01 00:00:18.320,0.391331,0.341687,11.080985,0.128163,0.066897,0.114209
2024-01-01 00:00:18.330,0.382619,0.328087,11.031684,0.154851,0.082366,0.076334
2024-01-01 00:00:18.340,0.360962,0.185318,11.077298,0.260261,-0.064531,0.125618
2024-01-01 00:00:18.350,0.431633,0.268349,10.983293,0.176223,0.04251,0.119292
2024-01-01 00:00:18.360,0.376922,0.222185,11.077883,0.162858,-0.028697,0.133988
2024-01-01 00:00:18.370,0.458592,0.188735,10.971051,0.171734,-0.110853,0.103053
2024-01-01 00:00:18.380,0.469,0.2745,10.89482,0.186481,-0.146819,0.132205
2024-01-01 00:00:18.390,0.476132,0.153845,10.812352,0.191429,-0.145495,0.108186
2024-01-01 00:00:18.400,0.494314,0.12514,10.746468,0.163627,-0.121295,0.072152
2024-01-01 00:00:18.410,0.419127,0.147604,10.612929,0.177072,-0.217355,0.169918
2024-01-01 00:00:18.420,0.496496,0.155964,10.587134,0.196685,-0.237272,0.097819
2024-01-01 00:00:18.430,0.537485,0.092049,10.378618,0.27178,-0.262243,0.148536
2024-01-01 00:00:18.440,0.547911,0.134555,10.40518,0.226356,-0.189104,0.157241
2024-01-01 00:00:18.450,0.493752,0.079628,10.256029,0.237431,-0.307879,0.15847
2024-01-01 00:00:18.460,0.611763,-0.079171,9.924035,0.312812,-0.298159,0.141092
2024-01-01 00:00:18.470,0.506623,-0.020176,9.854931,0.314719,-0.226679,0.158118
2024-01-01 00:00:18.480,0.597966,-0.045258,9.650758,0.235663,-0.291544,0.163991
2024-01-01 00:00:18.490,0.568523,-0.016603,9.531609,0.217168,-0.236975,0.171275
2024-01-01 00:00:18.500,0.51064,-0.195077,9.576334,0.203574,-0.330283,0.200081
2024-01-01 00:00:18.510,0.625635,0.040569,9.255351,0.27867,-0.281958,0.153445
2024-01-01 00:00:18.520,0.469259,-0.083076,9.179882,0.230192,-0.18071,0.146178
2024-01-01 00:00:18.530,0.565149,-0.124553,9.07454,0.216671,-0.268481,0.114396
2024-01-01 00:00:18.540,0.557684,-0.094833,8.842066,0.190069,-0.218733,0.15153
2024-01-01 00:00:18.550,0.460841,-0.058113,8.756803,0.186231,-0.171933,0.15485
2024-01-01 00:00:18.560,0.54901,-0.152541,8.645368,0.233906,-0.205283,0.124973
2024-01-01 00:00:18.570,0.45025,-0.168744,8.602303,0.14457,-0.145431,0.142544
2024-01-01 00:00:18.580,0.45896,-0.229013,8.392145,0.2518,-0.086308,0.112459
2024-01-01 00:00:18.590,0.437785,-0.261176,8.627047,0.166384,-0.05554,0.135976
2024-01-01 00:00:18.600,0.396834,-0.295568,8.728019,0.17595,0.041005,0.137437
2024-01-01 00:00:18.610,0.421482,-0.329826,8.572854,0.106307,0.089238,0.130852
2024-01-01 00:00:18.620,0.396698,-0.338621,8.46225,0.161665,0.004371,0.100905
2024-01-01 00:00:18.630,0.244449,-0.3865,8.555632,0.134437,0.087101,0.059313
2024-01-01 00:00:18.640,0.370803,-0.33637,8.618393,0.136399,0.14849,0.064984
2024-01-01 00:00:18.650,0.195121,-0.42927,8.637629,0.200061,0.222256,0.09374
2024-01-01 00:00:18.660,0.301574,-0.346764,8.86679,0.122497,0.212011,0.141632
2024-01-01 00:00:18.670,0.277122,-0.368172,8.955654,0.060625,0.217857,0.049993
2024-01-01 00:00:18.680,0.13632,-0.367794,8.903898,0.051192,0.261068,0.06573
2024-01-01 00:00:18.690,0.139752,-0.408742,9.171033,0.102617,0.282726,0.027035
2024-01-01 00:00:18.700,0.07388,-0.23497,9.361451,0.123646,0.220523,0.006008
2024-01-01 00:00:18.710,0.086847,-0.325647,9.525639,0.058456,0.290749,0.006327
2024-01-01 00:00:18.720,0.050284,-0.459364,9.742784,0.064293,0.3644,-0.04456
2024-01-01 00:00:18.730,0.072534,-0.387612,9.585618,0.045738,0.287399,0.049753
2024-01-01 00:00:18.740,0.066818,-0.430399,10.030019,0.071545,0.306469,-0.066549
2024-01-01 00:00:18.750,0.038832,-0.45009,9.92213,-0.111548,0.285974,-0.016356
2024-01-01 00:00:18.760,-0.091207,-0.464362,10.047523,0.00468,0.17641,-0.052553
2024-01-01 00:00:18.770,-0.10549,-0.372373,10.26162,0.005992,0.283118,-0.052448
2024-01-01 00:00:18.780,-0.210804,-0.423323,10.323572,-0.124496,0.283283,0.00676
2024-01-01 00:00:18.790,-0.198093,-0.334792,10.529039,-0.116011,0.224985,-0.037004
2024-01-01 00:00:18.800,-0.140181,-0.326105,10.509037,-0.128186,0.171848,-0.08035
2024-01-01 00:00:18.810,-0.13762,-0.298416,10.702003,-0.135712,0.161361,-0.077249
2024-01-01 00:00:18.820,-0.309341,-0.399785,10.917878,-0.136642,0.216588,-0.090498
2024-01-01 00:00:18.830,-0.305619,-0.322223,10.890572,-0.113322,0.247538,-0.076578
2024-01-01 00:00:18.840,-0.304738,-0.302003,10.971644,-0.094633,0.186519,-0.077564
2024-01-01 00:00:18.850,-0.315788,-0.34382,11.047695,-0.095841,0.01705,-0.033077
2024-01-01 00:00:18.860,-0.395519,-0.344084,11.136184,-0.203272,0.09271,-0.154318
2024-01-01 00:00:18.870,-0.357856,-0.209353,10.926018,-0.214535,-0.018155,-0.104424
2024-01-01 00:00:18.880,-0.425468,-0.26179,11.103931,-0.116834,-0.049293,-0.119042
2024-01-01 00:00:18.890,-0.423832,-0.223762,11.017297,-0.159985,-0.078183,-0.086997
2024-01-01 00:00:18.900,-0.415673,-0.27818,11.016758,-0.197214,-0.053928,-0.11017
2024-01-01 00:00:18.910,-0.461019,-0.27874,11.036486,-0.186033,-0.074188,-0.108109
2024-01-01 00:00:18.920,-0.499924,-0.226199,10.788716,-0.218811,-0.158292,-0.12004
2024-01-01 00:00:18.930,-0.498705,-0.183198,10.721024,-0.197964,-0.186574,-0.162476
2024-01-01 00:00:18.940,-0.511066,-0.208869,10.551341,-0.247098,-0.185927,-0.101839
2024-01-01 00:00:18.950,-0.536827,-0.134275,10.554057,-0.222163,-0.204483,-0.117407
2024-01-01 00:00:18.960,-0.541161,-0.195873,10.5854,-0.315628,-0.194612,-0.116594
2024-01-01 00:00:18.970,-0.456366,-0.144731,10.341093,-0.278161,-0.334696,-0.108342
2024-01-01 00:00:18.980,-0.514483,-0.032159,10.107866,-0.280455,-0.282809,-0.135432
2024-01-01 00:00:18.990,-0.561667,-0.012265,10.034987,-0.267307,-0.346642,-0.104723
2024-01-01 00:00:19.000,-0.514528,-0.038652,9.809949,-0.296042,-0.301185,-0.1385
2024-01-01 00:00:19.010,-0.566658,-0.046484,9.692463,-0.276662,-0.311236,-0.156563
2024-01-01 00:00:19.020,-0.490009,-0.02352,9.667462,-0.325114,-0.299429,-0.149834
2024-01-01 00:00:19.030,-0.526993,0.032538,9.398713,-0.220508,-0.330156,-0.149481
2024-01-01 00:00:19.040,-0.545774,0.106602,9.442266,-0.249766,-0.35362,-0.162966
2024-01-01 00:00:19.050,-0.511096,0.143707,9.21448,-0.327752,-0.369223,-0.096538
2024-01-01 00:00:19.060,-0.603263,0.095052,9.102044,-0.28025,-0.252668,-0.134216
2024-01-01 00:00:19.070,-0.570489,0.084376,8.957785,-0.216875,-0.245882,-0.137381
2024-01-01 00:00:19.080,-0.561508,0.177125,8.938157,-0.255248,-0.233265,-0.12521
2024-01-01 00:00:19.090,-0.4806,0.143675,8.848098,-0.25655,-0.105735,-0.043626
2024-01-01 00:00:19.100,-0.385377,0.179422,8.735458,-0.218277,-0.184864,-0.16268
2024-01-01 00:00:19.110,-0.34307,0.291374,8.692193,-0.189472,-0.039128,-0.149343
2024-01-01 00:00:19.120,-0.4038,0.285468,8.584395,-0.269864,0.004657,-0.160245
2024-01-01 00:00:19.130,-0.390228,0.270172,8.615715,-0.161253,-0.139593,-0.120233
2024-01-01 00:00:19.140,-0.483461,0.215936,8.533308,-0.218837,-0.002363,-0.099928
2024-01-01 00:00:19.150,-0.397327,0.306398,8.565705,-0.169166,0.008194,-0.114921
2024-01-01 00:00:19.160,-0.385093,0.36424,8.56586,-0.158909,-0.082637,-0.110475
2024-01-01 00:00:19.170,-0.351067,0.306533,8.590369,-0.171819,0.024629,-0.083007
2024-01-01 00:00:19.180,-0.301651,0.405959,8.627205,-0.184476,0.168184,-0.095039
2024-01-01 00:00:19.190,-0.289059,0.414964,8.790646,-0.134945,0.261193,-0.063091
2024-01-01 00:00:19.200,-0.335716,0.444231,8.943512,-0.026347,0.233959,-0.031141
2024-01-01 00:00:19.210,-0.169837,0.385782,9.031145,-0.16228,0.231001,-0.036207
2024-01-01 00:00:19.220,-0.230638,0.40809,8.947725,0.004161,0.236792,-0.021843
2024-01-01 00:00:19.230,-0.134198,0.456327,9.272658,-0.079423,0.34176,-0.007284
2024-01-01 00:00:19.240,-0.011113,0.413557,9.27415,-0.050421,0.381264,-0.022829
2024-01-01 00:00:19.250,-0.129048,0.370349,9.484762,-0.092099,0.256968,-0.027417
2024-01-01 00:00:19.260,-0.177568,0.375846,9.506441,-0.06177,0.194831,-0.037091
2024-01-01 00:00:19.270,-0.033154,0.411693,9.73571,-0.033715,0.194386,-0.016877
2024-01-01 00:00:19.280,0.068459,0.335353,9.896041,-0.046189,0.365737,-0.012053
2024-01-01 00:00:19.290,0.143548,0.391458,9.897928,0.010295,0.293517,0.034395
2024-01-01 00:00:19.300,0.016215,0.450816,10.208268,0.014964,0.29719,0.031592
2024-01-01 00:00:19.310,0.134322,0.282432,10.405383,0.142306,0.186691,0.050763
2024-01-01 00:00:19.320,0.117639,0.463375,10.41513,0.005749,0.22296,0.003618
2024-01-01 00:00:19.330,0.16654,0.436095,10.660793,0.083243,0.226658,0.089817
2024-01-01 00:00:19.340,0.334396,0.349006,10.649477,0.104292,0.229315,0.04233
2024-01-01 00:00:19.350,0.156676,0.389901,10.833537,0.051859,0.173473,0.030224
2024-01-01 00:00:19.360,0.27336,0.352378,10.675859,0.152829,0.113356,0.057916
2024-01-01 00:00:19.370,0.312008,0.401997,11.12027,0.111276,0.095542,0.153228
2024-01-01 00:00:19.380,0.36987,0.376737,11.104468,0.018826,0.16288,0.074436
2024-01-01 00:00:19.390,0.346351,0.243577,11.003966,0.188198,0.080987,0.08337
2024-01-01 00:00:19.400,0.381551,0.327842,10.894138,0.110584,0.064695,0.094095
2024-01-01 00:00:19.410,0.370002,0.272069,11.083035,0.124695,-0.045987,0.101792
2024-01-01 00:00:19.420,0.425136,0.269392,10.935373,0.221522,-0.18385,0.088832
2024-01-01 00:00:19.430,0.415199,0.210828,11.060302,0.179168,-0.096933,0.122212
2024-01-01 00:00:19.440,0.482627,0.315779,11.014759,0.251138,-0.147751,0.155418
2024-01-01 00:00:19.450,0.450705,0.260726,10.847523,0.273774,-0.11918,0.137388
2024-01-01 00:00:19.460,0.504062,0.151365,10.938208,0.188302,-0.002674,0.098994
2024-01-01 00:00:19.470,0.498096,0.100607,10.824388,0.266735,-0.160235,0.125913
2024-01-01 00:00:19.480,0.568494,0.126461,10.736353,0.195041,-0.083546,0.123143
2024-01-01 00:00:19.490,0.520492,0.145376,10.545673,0.349411,-0.214226,0.144241
2024-01-01 00:00:19.500,0.44348,0.113141,10.308291,0.20723,-0.293141,0.18504
2024-01-01 00:00:19.510,0.602466,0.14092,10.367921,0.296472,-0.259635,0.142634
2024-01-01 00:00:19.520,0.499465,0.094622,10.129621,0.289804,-0.199572,0.145924
2024-01-01 00:00:19.530,0.515571,0.080278,9.896934,0.265013,-0.20473,0.202855
2024-01-01 00:00:19.540,0.520097,0.024706,9.97042,0.216418,-0.328505,0.176253
2024-01-01 00:00:19.550,0.61833,-0.084567,9.883632,0.242252,-0.286486,0.167115
2024-01-01 00:00:19.560,0.440661,-0.0483,9.567099,0.141159,-0.365901,0.208047
2024-01-01 00:00:19.570,0.700284,-0.008791,9.601144,0.25822,-0.244446,0.162894
2024-01-01 00:00:19.580,0.590282,-0.08744,9.298983,0.26179,-0.195325,0.086989
2024-01-01 00:00:19.590,0.540874,-0.082485,9.131634,0.247453,-0.254562,0.169447
2024-01-01 00:00:19.600,0.517377,-0.145982,8.990938,0.087754,-0.269951,0.094091
2024-01-01 00:00:19.610,0.523019,-0.203493,9.062218,0.167964,-0.195351,0.152308
2024-01-01 00:00:19.620,0.521666,-0.179604,8.770803,0.187873,-0.166326,0.083754
2024-01-01 00:00:19.630,0.513034,-0.178822,8.807434,0.233116,-0.154408,0.117114
2024-01-01 00:00:19.640,0.492062,-0.247228,8.633877,0.225504,-0.118616,0.115709
2024-01-01 00:00:19.650,0.450671,-0.245661,8.587343,0.194303,-0.103575,0.098585
2024-01-01 00:00:19.660,0.4167,-0.299474,8.668457,0.225656,-0.011114,0.105871
2024-01-01 00:00:19.670,0.397911,-0.214296,8.534337,0.132994,0.01071,0.141561
2024-01-01 00:00:19.680,0.37324,-0.301809,8.528188,0.204596,-0.040087,0.083032
2024-01-01 00:00:19.690,0.415868,-0.230287,8.664212,0.187,-0.006417,0.114312
2024-01-01 00:00:19.700,0.363814,-0.241284,8.731401,0.170758,0.065832,0.062159
2024-01-01 00:00:19.710,0.160925,-0.335477,8.7018,0.130872,0.14875,0.0783
2024-01-01 00:00:19.720,0.313487,-0.39441,8.660411,0.219124,0.15113,0.086267
2024-01-01 00:00:19.730,0.26221,-0.459661,8.749602,0.13942,0.141411,0.03896
2024-01-01 00:00:19.740,0.22245,-0.439123,8.888526,0.053122,0.214098,0.021572
2024-01-01 00:00:19.750,0.174104,-0.443111,9.012251,0.100383,0.209171,0.067537
2024-01-01 00:00:19.760,0.219213,-0.313105,9.023317,0.111719,0.291321,0.078149
2024-01-01 00:00:19.770,0.179301,-0.382532,9.285693,0.03056,0.282133,0.033607
2024-01-01 00:00:19.780,0.061743,-0.3738,9.368201,0.100094,0.264247,0.013659
2024-01-01 00:00:19.790,0.088857,-0.507906,9.363784,0.05024,0.302268,0.023353
2024-01-01 00:00:19.800,-0.012197,-0.459022,9.570657,-0.100585,0.363126,0.011588
2024-01-01 00:00:19.810,-0.064838,-0.355635,9.750841,0.016867,0.271484,0.008417
2024-01-01 00:00:19.820,-0.059451,-0.385138,9.931802,-0.033081,0.318565,-0.083515
2024-01-01 00:00:19.830,-0.017157,-0.404951,10.233476,-0.000539,0.289271,-0.048512
2024-01-01 00:00:19.840,-0.044574,-0.366094,10.242346,0.005288,0.304477,-0.050511
2024-01-01 00:00:19.850,-0.098212,-0.307934,10.291304,-0.046545,0.23684,-0.029256
2024-01-01 00:00:19.860,-0.118822,-0.394823,10.503944,0.012773,0.257817,-0.036717
2024-01-01 00:00:19.870,-0.159944,-0.373028,10.576553,-0.093368,0.286953,-0.031574
2024-01-01 00:00:19.880,-0.247864,-0.358297,10.738196,-0.066845,0.160789,-0.051124
2024-01-01 00:00:19.890,-0.223488,-0.238486,10.853747,-0.071155,0.11439,-0.105863
2024-01-01 00:00:19.900,-0.233515,-0.451991,10.985409,-0.129201,0.087021,-0.03119
2024-01-01 00:00:19.910,-0.26333,-0.300599,10.95326,-0.0979,0.061709,-0.043946
2024-01-01 00:00:19.920,-0.268072,-0.327086,11.137101,-0.178605,0.117003,-0.127069
2024-01-01 00:00:19.930,-0.317449,-0.278487,11.112957,-0.181521,-0.017261,-0.086255
2024-01-01 00:00:19.940,-0.359424,-0.324117,11.001128,-0.236986,0.003202,-0.12068
2024-01-01 00:00:19.950,-0.346323,-0.277118,11.234759,-0.169671,0.013828,-0.104879
2024-01-01 00:00:19.960,-0.422615,-0.221575,11.067213,-0.175232,-0.031202,-0.083298
2024-01-01 00:00:19.970,-0.485391,-0.083091,10.940393,-0.141627,-0.105546,-0.056451
2024-01-01 00:00:19.980,-0.467941,-0.179104,11.089119,-0.169437,-0.109768,-0.102858
2024-01-01 00:00:19.990,-0.51394,-0.241923,11.057017,-0.230919,-0.145362,-0.12116
2024-01-01 00:00:20.000,-0.52572,-0.200035,10.807196,-0.282528,-0.191264,-0.144366
2024-01-01 00:00:20.010,-0.512761,-0.180229,10.674837,-0.208146,-0.217449,-0.132409
2024-01-01 00:00:20.020,-0.55699,-0.22551,10.59418,-0.17963,-0.119146,-0.100308
2024-01-01 00:00:20.030,-0.542821,-0.129935,10.547014,-0.201978,-0.211286,-0.145184
2024-01-01 00:00:20.040,-0.630341,-0.0541,10.464579,-0.189258,-0.14509,-0.172673
2024-01-01 00:00:20.050,-0.531391,-0.131453,10.272908,-0.256983,-0.30764,-0.196424
2024-01-01 00:00:20.060,-0.546524,0.007916,10.094585,-0.271779,-0.29682,-0.133677
2024-01-01 00:00:20.070,-0.590087,0.003267,10.061665,-0.286496,-0.364933,-0.142372
2024-01-01 00:00:20.080,-0.517028,-0.034374,9.77036,-0.252791,-0.340458,-0.169375
2024-01-01 00:00:20.090,-0.501977,0.018713,9.731625,-0.253409,-0.20241,-0.118907
2024-01-01 00:00:20.100,-0.62621,0.129068,9.482083,-0.237771,-0.317042,-0.161517
2024-01-01 00:00:20.110,-0.579066,0.109023,9.399779,-0.252342,-0.184409,-0.151566
2024-01-01 00:00:20.120,-0.572623,0.095729,9.222499,-0.249484,-0.328117,-0.146181
2024-01-01 00:00:20.130,-0.572558,0.106022,9.101358,-0.277727,-0.300541,-0.153864
2024-01-01 00:00:20.140,-0.473678,0.143948,8.959563,-0.187079,-0.243438,-0.13342
2024-01-01 00:00:20.150,-0.512659,0.136258,8.992552,-0.224796,-0.20496,-0.102628
2024-01-01 00:00:20.160,-0.502279,0.07778,8.734262,-0.231019,-0.128238,-0.167653
2024-01-01 00:00:20.170,-0.573648,0.305668,8.6556,-0.252578,-0.122076,-0.114468
2024-01-01 00:00:20.180,-0.424457,0.231166,8.821484,-0.273972,-0.133662,-0.119261
2024-01-01 00:00:20.190,-0.499393,0.26238,8.682948,-0.133434,-0.086193,-0.114686
2024-01-01 00:00:20.200,-0.41413,0.257815,8.383405,-0.161871,-0.061067,-0.087607
2024-01-01 00:00:20.210,-0.381519,0.241295,8.515485,-0.260918,-0.055812,-0.106354
2024-01-01 00:00:20.220,-0.304256,0.285138,8.419421,-0.131065,-0.019305,-0.087126
2024-01-01 00:00:20.230,-0.413349,0.229835,8.509132,-0.112016,0.111315,-0.073408
2024-01-01 00:00:20.240,-0.473306,0.437963,8.37176,-0.140295,0.002515,-0.103039
2024-01-01 00:00:20.250,-0.286451,0.275572,8.665864,-0.054478,0.207503,-0.071654
2024-01-01 00:00:20.260,-0.177913,0.297727,8.655036,-0.110954,0.140455,-0.080598
2024-01-01 00:00:20.270,-0.177364,0.338138,8.835382,-0.179619,0.147781,-0.069247
2024-01-01 00:00:20.280,-0.199378,0.434141,8.798248,-0.077133,0.249633,-0.066897
2024-01-01 00:00:20.290,-0.20427,0.378776,9.044687,-0.069432,0.310219,-0.034873
2024-01-01 00:00:20.300,-0.108541,0.323256,9.125275,-0.097845,0.311907,-0.038159
2024-01-01 00:00:20.310,-0.166271,0.453467,9.408,-0.024774,0.297665,-0.020235
2024-01-01 00:00:20.320,-0.062067,0.431643,9.53731,-0.122422,0.339713,-0.023949
2024-01-01 00:00:20.330,-0.028608,0.424998,9.62909,0.025037,0.208417,-0.062819
2024-01-01 00:00:20.340,0.031318,0.435475,9.685347,-0.053766,0.272975,-0.004975
2024-01-01 00:00:20.350,0.148555,0.519644,10.016875,-0.044442,0.25422,0.004789
2024-01-01 00:00:20.360,0.06242,0.508042,9.879709,0.013763,0.357599,0.01895
2024-01-01 00:00:20.370,0.049431,0.36194,10.034908,0.055685,0.269705,0.00261
2024-01-01 00:00:20.380,0.105423,0.473595,10.279092,0.056697,0.319688,-0.006764
2024-01-01 00:00:20.390,0.049704,0.406333,10.598176,0.025666,0.288933,0.056417
2024-01-01 00:00:20.400,0.134402,0.405571,10.525363,0.051576,0.200143,0.03792
2024-01-01 00:00:20.410,0.179071,0.288135,10.640526,0.034046,0.191682,0.059556
2024-01-01 00:00:20.420,0.203042,0.355078,10.641843,0.092969,0.260452,0.054078
2024-01-01 00:00:20.430,0.265786,0.312554,10.921853,0.1711,0.129026,0.070228
2024-01-01 00:00:20.440,0.245081,0.38298,10.997163,0.129879,0.143774,0.064576
2024-01-01 00:00:20.450,0.369302,0.382338,11.043485,0.185357,0.066243,0.056389
2024-01-01 00:00:20.460,0.339231,0.211135,10.973375,0.226961,0.056063,0.106727
2024-01-01 00:00:20.470,0.363559,0.298749,10.993835,0.136065,0.034855,0.081186
2024-01-01 00:00:20.480,0.37118,0.339903,10.956521,0.166841,-0.037088,0.110621
2024-01-01 00:00:20.490,0.41755,0.257459,11.059087,0.294828,-0.081104,0.124075
2024-01-01 00:00:20.500,0.471852,0.285311,10.941263,0.267943,-0.053449,0.099831
2024-01-01 00:00:20.510,0.406565,0.247624,10.892072,0.120889,-0.143749,0.086589
2024-01-01 00:00:20.520,0.434791,0.227565,10.894761,0.231947,-0.174398,0.200336
2024-01-01 00:00:20.530,0.468677,0.176608,10.816528,0.219966,-0.21133,0.116129
2024-01-01 00:00:20.540,0.43107,0.108382,10.725244,0.267852,-0.196523,0.15462
2024-01-01 00:00:20.550,0.470187,0.09159,10.70504,0.195092,-0.171045,0.197588
2024-01-01 00:00:20.560,0.498365,0.161081,10.561693,0.195373,-0.165503,0.166109
2024-01-01 00:00:20.570,0.575126,0.104101,10.409708,0.207745,-0.296413,0.135916
2024-01-01 00:00:20.580,0.551935,0.073362,10.316228,0.216316,-0.168311,0.144934
2024-01-01 00:00:20.590,0.554033,0.035977,10.08433,0.288199,-0.337978,0.123482
2024-01-01 00:00:20.600,0.590571,0.018599,10.029276,0.190043,-0.241524,0.175913
2024-01-01 00:00:20.610,0.542944,0.062774,9.887202,0.218784,-0.335677,0.166937
2024-01-01 00:00:20.620,0.569231,-0.0298,9.608315,0.160417,-0.342909,0.134488
2024-01-01 00:00:20.630,0.54255,-0.103512,9.662739,0.299315,-0.332253,0.11811
2024-01-01 00:00:20.640,0.557097,-0.022571,9.370214,0.310746,-0.289233,0.10868
2024-01-01 00:00:20.650,0.508937,-0.093087,9.310679,0.228226,-0.245265,0.176343
2024-01-01 00:00:20.660,0.408528,-0.104078,9.266299,0.226225,-0.224651,0.148285
2024-01-01 00:00:20.670,0.514324,-0.04771,9.125652,0.259497,-0.285674,0.148551
2024-01-01 00:00:20.680,0.580951,-0.151118,8.943227,0.305458,-0.265007,0.114352
2024-01-01 00:00:20.690,0.543146,-0.157114,8.812323,0.246265,-0.235442,0.091595
2024-01-01 00:00:20.700,0.530416,-0.251413,8.83129,0.18428,-0.166655,0.160373
2024-01-01 00:00:20.710,0.527605,-0.223681,8.738135,0.130785,-0.140857,0.128297
2024-01-01 00:00:20.720,0.45228,-0.20172,8.578845,0.14781,-0.145327,0.149357
2024-01-01 00:00:20.730,0.43822,-0.328664,8.525132,0.198368,-0.050462,0.105246
2024-01-01 00:00:20.740,0.376505,-0.25869,8.400141,0.15241,0.083942,0.104001
2024-01-01 00:00:20.750,0.369216,-0.280604,8.57257,0.184757,-0.019265,0.126404
2024-01-01 00:00:20.760,0.392114,-0.299507,8.565139,0.136593,0.01937,0.120514
2024-01-01 00:00:20.770,0.396582,-0.264604,8.691189,0.099996,0.103539,0.115669
2024-01-01 00:00:20.780,0.303321,-0.313542,8.674195,0.082191,0.081087,0.075769
2024-01-01 00:00:20.790,0.260621,-0.269025,8.813404,0.206813,0.174448,0.095654
2024-01-01 00:00:20.800,0.25502,-0.404092,8.727247,0.160355,0.135105,0.102817
2024-01-01 00:00:20.810,0.256039,-0.357881,8.964583,0.189243,0.290318,0.058487
2024-01-01 00:00:20.820,0.123993,-0.369464,8.934594,0.116173,0.240897,0.038101
2024-01-01 00:00:20.830,0.050909,-0.434874,9.153949,0.053827,0.214528,0.085478
2024-01-01 00:00:20.840,0.107153,-0.340007,9.099755,0.127385,0.234588,0.017098
2024-01-01 00:00:20.850,0.042143,-0.276665,9.368144,0.045246,0.253194,0.047024
2024-01-01 00:00:20.860,0.045915,-0.397473,9.329772,0.043461,0.358548,0.017699
2024-01-01 00:00:20.870,0.031831,-0.373731,9.610811,0.015686,0.233511,-0.044551
2024-01-01 00:00:20.880,-0.01568,-0.395742,9.813491,-0.144171,0.266506,0.035762
2024-01-01 00:00:20.890,0.047345,-0.435257,9.883103,0.068747,0.27065,-0.08963
2024-01-01 00:00:20.900,-0.041115,-0.48885,9.985684,-0.001565,0.292669,-0.075193
2024-01-01 00:00:20.910,-0.074405,-0.429966,10.278775,-0.024158,0.270582,-0.00857
2024-01-01 00:00:20.920,-0.089987,-0.459782,10.338658,-0.058133,0.196352,-0.017214
2024-01-01 00:00:20.930,-0.209291,-0.299143,10.436234,-0.061078,0.233972,-0.060677
2024-01-01 00:00:20.940,-0.131121,-0.382945,10.598064,-0.113081,0.228542,-0.045495
2024-01-01 00:00:20.950,-0.216963,-0.386029,10.914165,-0.066068,0.17846,-0.134081
2024-01-01 00:00:20.960,-0.209014,-0.314549,10.891745,-0.1756,0.217662,-0.044937
2024-01-01 00:00:20.970,-0.32466,-0.404133,10.975095,-0.113909,0.20023,-0.066436
2024-01-01 00:00:20.980,-0.376351,-0.37423,10.984811,-0.107677,0.119155,-0.082823
2024-01-01 00:00:20.990,-0.284337,-0.319168,11.015484,-0.157766,0.101724,-0.088074
2024-01-01 00:00:21.000,-0.33186,-0.256708,10.84628,-0.140857,-0.051974,-0.080843
2024-01-01 00:00:21.010,-0.420026,-0.267577,11.00256,-0.219986,0.000134,-0.103119
2024-01-01 00:00:21.020,-0.441358,-0.263752,11.020194,-0.229144,0.036249,-0.164733
2024-01-01 00:00:21.030,-0.363186,-0.254819,10.893235,-0.178827,-0.070153,-0.048508
2024-01-01 00:00:21.040,-0.499067,-0.220379,10.918259,-0.165889,-0.120159,-0.083866
2024-01-01 00:00:21.050,-0.376089,-0.211147,10.803493,-0.302026,-0.002581,-0.163518
2024-01-01 00:00:21.060,-0.520303,-0.252806,10.894158,-0.189932,-0.057079,-0.139974
2024-01-01 00:00:21.070,-0.458765,-0.178388,10.883034,-0.250199,-0.154185,-0.140904
2024-01-01 00:00:21.080,-0.520841,-0.213139,10.812527,-0.238917,-0.147707,-0.105201
2024-01-01 00:00:21.090,-0.486239,-0.133615,10.651048,-0.301702,-0.340224,-0.205614
2024-01-01 00:00:21.100,-0.553816,-0.139442,10.423562,-0.281949,-0.28943,-0.158591
2024-01-01 00:00:21.110,-0.543149,0.034216,10.219338,-0.19488,-0.291236,-0.198731
2024-01-01 00:00:21.120,-0.539521,-0.071771,10.098867,-0.244524,-0.293541,-0.156253
2024-01-01 00:00:21.130,-0.596371,-0.116772,9.997505,-0.26744,-0.316368,-0.163155
2024-01-01 00:00:21.140,-0.512034,-0.029893,9.883547,-0.255404,-0.425486,-0.147357
2024-01-01 00:00:21.150,-0.575661,0.02624,9.795518,-0.225539,-0.280698,-0.168146
2024-01-01 00:00:21.160,-0.560461,0.107396,9.58083,-0.227535,-0.270706,-0.172267
2024-01-01 00:00:21.170,-0.595891,0.017629,9.544783,-0.252012,-0.211586,-0.130367
2024-01-01 00:00:21.180,-0.669553,-0.008809,9.358806,-0.191459,-0.320876,-0.134024
2024-01-01 00:00:21.190,-0.544386,0.134124,9.243904,-0.194584,-0.310877,-0.129322
2024-01-01 00:00:21.200,-0.405763,0.046901,9.207751,-0.218601,-0.383599,-0.148869
2024-01-01 00:00:21.210,-0.47691,0.116373,8.905121,-0.231879,-0.243076,-0.157918
2024-01-01 00:00:21.220,-0.505074,0.147073,8.927193,-0.196275,-0.158999,-0.14105
2024-01-01 00:00:21.230,-0.503491,0.177696,8.799338,-0.207171,-0.207493,-0.118696
2024-01-01 00:00:21.240,-0.473771,0.236236,8.694422,-0.162821,-0.040149,-0.19482
2024-01-01 00:00:21.250,-0.430452,0.187502,8.727543,-0.163116,-0.128541,-0.113033
2024-01-01 00:00:21.260,-0.498187,0.22714,8.678528,-0.250524,-0.075161,-0.110493
2024-01-01 00:00:21.270,-0.363257,0.258426,8.500503,-0.24474,-0.11633,-0.112401
2024-01-01 00:00:21.280,-0.361588,0.284042,8.546633,-0.215679,0.001185,-0.11285
2024-01-01 00:00:21.290,-0.338465,0.297923,8.585864,-0.121363,-0.076962,-0.179086
2024-01-01 00:00:21.300,-0.32818,0.330294,8.560834,-0.237953,0.091566,-0.108678
2024-01-01 00:00:21.310,-0.323647,0.365086,8.665664,-0.12782,0.127197,-0.034852
2024-01-01 00:00:21.320,-0.264391,0.355814,8.693929,-0.117343,0.191784,-0.080895
2024-01-01 00:00:21.330,-0.240825,0.370993,8.886271,-0.064784,0.103961,-0.082968
2024-01-01 00:00:21.340,-0.259568,0.280136,8.700197,-0.100922,0.191997,-0.065456
2024-01-01 00:00:21.350,-0.241164,0.371455,8.909359,-0.163744,0.238638,-0.047307
2024-01-01 00:00:21.360,-0.177278,0.401346,8.955261,-0.130863,0.256146,-0.029973
2024-01-01 00:00:21.370,-0.074178,0.420946,9.195814,-0.128022,0.211132,-0.04822
2024-01-01 00:00:21.380,-0.182322,0.355686,9.146768,-0.081609,0.151664,-0.02008
2024-01-01 00:00:21.390,-0.162066,0.361813,9.439846,-0.049459,0.301746,0.026111
2024-01-01 00:00:21.400,-0.048469,0.369163,9.503208,-0.084048,0.285997,0.014722
2024-01-01 00:00:21.410,-0.021986,0.426423,9.639877,0.062383,0.270473,0.063519
2024-01-01 00:00:21.420,0.016399,0.451655,9.729421,-0.06275,0.338079,-0.017594
2024-01-01 00:00:21.430,0.052165,0.378569,9.953981,0.085472,0.294586,0.061186
2024-01-01 00:00:21.440,0.060904,0.44195,10.221502,0.092015,0.223739,-0.004066
2024-01-01 00:00:21.450,0.178407,0.39897,10.271815,0.092149,0.18201,0.038947
2024-01-01 00:00:21.460,0.055361,0.381474,10.456753,0.02686,0.207185,0.058903
2024-01-01 00:00:21.470,0.125007,0.370677,10.664213,0.092774,0.364709,0.030067
2024-01-01 00:00:21.480,0.191723,0.410823,10.666728,0.025625,0.259252,0.056335
2024-01-01 00:00:21.490,0.144502,0.380732,10.704016,0.148573,0.207529,0.08913
2024-01-01 00:00:21.500,0.246864,0.467951,10.876282,0.112508,0.161277,0.048416
2024-01-01 00:00:21.510,0.366846,0.300036,10.871387,0.108521,0.127908,0.127474
2024-01-01 00:00:21.520,0.311956,0.355861,10.935408,0.080136,0.166626,0.043256
2024-01-01 00:00:21.530,0.348516,0.289669,10.898968,0.029298,0.050235,0.150095
2024-01-01 00:00:21.540,0.298882,0.257749,11.122807,0.112568,0.069082,0.128737
2024-01-01 00:00:21.550,0.354736,0.284718,11.028935,0.230892,-0.012268,0.102459
2024-01-01 00:00:21.560,0.389131,0.275196,11.068302,0.165263,0.067008,0.099163
2024-01-01 00:00:21.570,0.412938,0.39638,10.94767,0.186454,-0.027626,0.101741
2024-01-01 00:00:21.580,0.512364,0.222545,11.025447,0.236542,-0.036313,0.118185
2024-01-01 00:00:21.590,0.494081,0.155727,10.873402,0.302191,-0.160305,0.125689
2024-01-01 00:00:21.600,0.426933,0.205639,10.851342,0.285571,-0.108869,0.169249
2024-01-01 00:00:21.610,0.509481,0.067349,10.846748,0.177363,-0.205871,0.194648
2024-01-01 00:00:21.620,0.535005,0.144987,10.740331,0.134733,-0.21059,0.145098
2024-01-01 00:00:21.630,0.578285,0.128374,10.563931,0.354925,-0.157217,0.116798
2024-01-01 00:00:21.640,0.609694,0.144853,10.302472,0.354662,-0.310698,0.128355
2024-01-01 00:00:21.650,0.487475,0.130992,10.552857,0.254072,-0.264431,0.141297
2024-01-01 00:00:21.660,0.503397,0.034037,10.315686,0.183721,-0.264951,0.117444
2024-01-01 00:00:21.670,0.4849,0.028385,10.091382,0.297152,-0.269162,0.114026
2024-01-01 00:00:21.680,0.538031,-0.025813,9.827788,0.244479,-0.321954,0.212841
2024-01-01 00:00:21.690,0.573111,-0.067376,9.732359,0.244257,-0.195235,0.159022
2024-01-01 00:00:21.700,0.597329,-0.018906,9.552318,0.293797,-0.360309,0.12445
2024-01-01 00:00:21.710,0.540448,-0.12139,9.554192,0.264103,-0.214566,0.172929
2024-01-01 00:00:21.720,0.522664,-0.101553,9.336284,0.185553,-0.214751,0.111556
2024-01-01 00:00:21.730,0.5388,-0.153413,9.121556,0.225223,-0.164665,0.111996
2024-01-01 00:00:21.740,0.480184,-0.098646,9.024241,0.270303,-0.319753,0.118256
2024-01-01 00:00:21.750,0.61535,-0.058101,9.039497,0.257728,-0.26111,0.188964
2024-01-01 00:00:21.760,0.417664,-0.234784,8.977543,0.239486,-0.117404,0.128245
2024-01-01 00:00:21.770,0.492744,-0.283304,8.884744,0.266447,-0.257545,0.058614
2024-01-01 00:00:21.780,0.568483,-0.217189,8.750392,0.194324,-0.213456,0.163748
2024-01-01 00:00:21.790,0.44983,-0.229726,8.612377,0.213247,-0.125158,0.113397
2024-01-01 00:00:21.800,0.420628,-0.238351,8.332219,0.026735,-0.057367,0.061826
2024-01-01 00:00:21.810,0.391418,-0.289514,8.591025,0.163559,0.047342,0.102124
2024-01-01 00:00:21.820,0.378023,-0.294225,8.559911,0.214124,-0.006391,0.121187
2024-01-01 00:00:21.830,0.432105,-0.281835,8.581253,0.14569,0.007562,0.111248
2024-01-01 00:00:21.840,0.228038,-0.263173,8.601418,0.130612,0.088123,0.146306
2024-01-01 00:00:21.850,0.389306,-0.426846,8.53474,0.090034,0.129615,0.059681
2024-01-01 00:00:21.860,0.214364,-0.360307,8.745249,0.179969,0.160319,0.079282
2024-01-01 00:00:21.870,0.244174,-0.34276,8.826307,0.144472,0.159578,0.049242
2024-01-01 00:00:21.880,0.207103,-0.409723,8.919616,0.145164,0.098625,0.01607
2024-01-01 00:00:21.890,0.228264,-0.286387,9.043052,0.00407,0.175701,0.080794
2024-01-01 00:00:21.900,0.088518,-0.412554,9.129538,0.068534,0.314749,0.059832
2024-01-01 00:00:21.910,0.160541,-0.389376,9.172322,0.048464,0.27189,0.045992
2024-01-01 00:00:21.920,0.207183,-0.364705,9.331689,0.034138,0.261601,0.041704
2024-01-01 00:00:21.930,0.005979,-0.425914,9.483377,0.002897,0.345007,-0.000345
2024-01-01 00:00:21.940,0.051538,-0.491158,9.628028,0.00181,0.239987,-0.018702
2024-01-01 00:00:21.950,-0.023276,-0.421369,9.845215,0.046947,0.288541,0.003808
2024-01-01 00:00:21.960,-0.001146,-0.348195,9.963411,-0.105843,0.305889,0.028716
2024-01-01 00:00:21.970,-0.053669,-0.414867,10.223263,0.064034,0.272012,0.033344
2024-01-01 00:00:21.980,-0.118699,-0.437329,10.375353,-0.015183,0.290154,0.000238
2024-01-01 00:00:21.990,-0.093932,-0.34435,10.341619,-0.055901,0.262845,-0.031395
2024-01-01 00:00:22.000,-0.059401,-0.401454,10.157502,-0.022666,0.185632,-0.032711
2024-01-01 00:00:22.010,-0.189941,-0.40338,10.683567,-0.15459,0.244526,-0.048851
2024-01-01 00:00:22.020,-0.174565,-0.362056,10.650922,-0.128941,0.14565,-0.088202
2024-01-01 00:00:22.030,-0.304649,-0.321376,10.727404,-0.115138,0.194047,-0.064711
2024-01-01 00:00:22.040,-0.316414,-0.229974,10.843517,-0.053809,0.225616,-0.113297
2024-01-01 00:00:22.050,-0.272654,-0.295642,10.908878,-0.136995,0.111843,-0.084524
2024-01-01 00:00:22.060,-0.248731,-0.265797,11.047202,-0.124287,0.034573,-0.038991
2024-01-01 00:00:22.070,-0.330707,-0.334758,10.910733,-0.187883,0.05277,-0.070356
2024-01-01 00:00:22.080,-0.388493,-0.345359,10.969682,-0.145131,-0.01732,-0.129377
2024-01-01 00:00:22.090,-0.395944,-0.274542,11.086628,-0.096096,0.018829,-0.110148
2024-01-01 00:00:22.100,-0.480135,-0.254938,11.095105,-0.140048,-0.053321,-0.138926
2024-01-01 00:00:22.110,-0.407658,-0.295964,11.065696,-0.203111,0.005173,-0.121298
2024-01-01 00:00:22.120,-0.412529,-0.231713,10.903948,-0.173792,-0.055454,-0.093306
2024-01-01 00:00:22.130,-0.49644,-0.183124,10.825275,-0.186504,-0.152984,-0.109638
2024-01-01 00:00:22.140,-0.512897,-0.164513,10.78459,-0.197123,-0.139276,-0.058947
2024-01-01 00:00:22.150,-0.489977,-0.136133,10.751933,-0.173162,-0.222038,-0.101481
2024-01-01 00:00:22.160,-0.53725,-0.125059,10.746512,-0.179055,-0.225214,-0.134447
2024-01-01 00:00:22.170,-0.52909,-0.142736,10.347563,-0.24535,-0.266399,-0.123081
2024-01-01 00:00:22.180,-0.429357,-0.120456,10.367737,-0.210789,-0.228004,-0.151803
2024-01-01 00:00:22.190,-0.553416,-0.131757,10.144905,-0.265093,-0.209013,-0.181388
2024-01-01 00:00:22.200,-0.56384,0.040627,9.97939,-0.294301,-0.251206,-0.109715
2024-01-01 00:00:22.210,-0.581281,-0.024573,10.044828,-0.262976,-0.251513,-0.119431
2024-01-01 00:00:22.220,-0.512785,-0.013036,9.864779,-0.253811,-0.253836,-0.15723
2024-01-01 00:00:22.230,-0.558254,-0.024774,9.710746,-0.332712,-0.270677,-0.141562
2024-01-01 00:00:22.240,-0.578969,0.191832,9.603915,-0.205393,-0.349354,-0.111817
2024-01-01 00:00:22.250,-0.475863,0.014612,9.351146,-0.384697,-0.197469,-0.122408
2024-01-01 00:00:22.260,-0.46451,0.06983,9.219986,-0.107664,-0.17854,-0.189936
2024-01-01 00:00:22.270,-0.557231,0.134744,9.302168,-0.164547,-0.263,-0.136476
2024-01-01 00:00:22.280,-0.610442,0.166251,8.989687,-0.248103,-0.24893,-0.14606
2024-01-01 00:00:22.290,-0.454864,0.205956,8.961337,-0.229183,-0.175695,-0.104403
2024-01-01 00:00:22.300,-0.525858,0.269714,8.808633,-0.208318,-0.151857,-0.103149
2024-01-01 00:00:22.310,-0.436789,0.225299,8.579638,-0.245967,-0.16011,-0.090347
2024-01-01 00:00:22.320,-0.557881,0.167159,8.498194,-0.199176,-0.181066,-0.158821
2024-01-01 00:00:22.330,-0.39622,0.226326,8.565504,-0.207586,-0.0702,-0.143755
2024-01-01 00:00:22.340,-0.481366,0.272954,8.662849,-0.19599,-0.023659,-0.081343
2024-01-01 00:00:22.350,-0.362778,0.378477,8.624903,-0.172434,0.02002,-0.126654
2024-01-01 00:00:22.360,-0.375737,0.221732,8.635613,-0.23679,0.036377,-0.148311
2024-01-01 00:00:22.370,-0.399986,0.367303,8.501328,-0.158153,0.04028,-0.080101
2024-01-01 00:00:22.380,-0.347268,0.330666,8.74428,-0.140426,0.137718,-0.105575
2024-01-01 00:00:22.390,-0.266102,0.37695,8.588975,-0.130111,0.124283,-0.028238
2024-01-01 00:00:22.400,-0.26759,0.342194,8.75008,-0.13483,0.129052,-0.065538
2024-01-01 00:00:22.410,-0.215193,0.316212,8.813927,-0.054204,0.172479,-0.06185
2024-01-01 00:00:22.420,-0.116279,0.405684,8.896234,-0.115456,0.12093,-0.069741
2024-01-01 00:00:22.430,-0.26326,0.409402,9.124998,-0.072746,0.222969,-0.002742
2024-01-01 00:00:22.440,-0.073497,0.432527,9.080163,-0.005298,0.287163,-0.031341
2024-01-01 00:00:22.450,-0.117919,0.389181,9.156527,-0.05994,0.286914,-0.045838
2024-01-01 00:00:22.460,-0.136431,0.364436,9.401522,-0.030864,0.35943,-0.048775
2024-01-01 00:00:22.470,-0.126048,0.319711,9.509004,-0.031879,0.279822,-0.01844
2024-01-01 00:00:22.480,-0.036823,0.440473,9.955948,0.049429,0.32288,-0.036793
2024-01-01 00:00:22.490,0.050974,0.421179,9.886354,-0.010663,0.33959,0.0322
2024-01-01 00:00:22.500,0.030756,0.350798,9.945656,0.081047,0.414408,-0.044123
2024-01-01 00:00:22.510,0.144805,0.369888,10.037768,0.026297,0.297727,0.0147
2024-01-01 00:00:22.520,0.028565,0.369843,10.111393,0.002992,0.227508,0.045883
2024-01-01 00:00:22.530,0.132047,0.314043,10.313144,0.094265,0.307495,0.046441
2024-01-01 00:00:22.540,0.101103,0.340982,10.529653,0.059186,0.340119,0.023133
2024-01-01 00:00:22.550,0.212412,0.317536,10.750168,0.119312,0.209045,0.07278
2024-01-01 00:00:22.560,0.268414,0.344676,10.82988,-0.03462,0.242469,0.034529
2024-01-01 00:00:22.570,0.2321,0.318181,10.849843,0.115323,0.234338,0.068366
2024-01-01 00:00:22.580,0.151125,0.262359,10.882981,0.104899,0.193862,0.096283
2024-01-01 00:00:22.590,0.318512,0.432249,10.992546,0.087094,0.117428,0.098041
2024-01-01 00:00:22.600,0.356568,0.380017,10.975786,0.124488,0.042838,0.071039
2024-01-01 00:00:22.610,0.379961,0.263618,11.184378,0.134836,0.039241,0.134037
2024-01-01 00:00:22.620,0.445312,0.300327,11.044392,0.171929,0.031182,0.107198
2024-01-01 00:00:22.630,0.352427,0.29073,11.048052,0.11617,0.018496,0.133012
2024-01-01 00:00:22.640,0.46105,0.311633,10.856002,0.209923,-0.045014,0.162338
2024-01-01 00:00:22.650,0.506255,0.192503,10.979116,0.271324,-0.114654,0.155334
2024-01-01 00:00:22.660,0.375753,0.268589,11.006857,0.225266,-0.100522,0.160336
2024-01-01 00:00:22.670,0.497119,0.166403,10.784167,0.259148,-0.116154,0.136999
2024-01-01 00:00:22.680,0.470725,0.106153,10.7246,0.280153,-0.168856,0.159073
2024-01-01 00:00:22.690,0.504949,0.187705,10.749741,0.2932,-0.25574,0.145233
2024-01-01 00:00:22.700,0.537748,0.194067,10.457805,0.330036,-0.246153,0.105638
2024-01-01 00:00:22.710,0.505552,0.23651,10.53964,0.215909,-0.209583,0.153604
2024-01-01 00:00:22.720,0.503852,0.024345,10.282651,0.208457,-0.342482,0.154319
2024-01-01 00:00:22.730,0.54522,0.096203,10.157257,0.286224,-0.390587,0.165742
2024-01-01 00:00:22.740,0.493154,0.017483,9.956348,0.284284,-0.219189,0.145483
2024-01-01 00:00:22.750,0.495344,0.053726,9.931169,0.288618,-0.273635,0.127057
2024-01-01 00:00:22.760,0.583832,-0.082432,9.951131,0.344402,-0.269366,0.169658
2024-01-01 00:00:22.770,0.49076,-0.095481,9.671043,0.24975,-0.349918,0.110111
2024-01-01 00:00:22.780,0.577964,-0.094459,9.396333,0.268875,-0.251504,0.192305
2024-01-01 00:00:22.790,0.562352,-0.074849,9.418017,0.196082,-0.262954,0.140118
2024-01-01 00:00:22.800,0.445651,-0.133712,9.170165,0.348558,-0.340463,0.152441
2024-01-01 00:00:22.810,0.488951,-0.091216,9.182243,0.220823,-0.170969,0.159347
2024-01-01 00:00:22.820,0.571624,-0.094907,9.02375,0.217279,-0.211855,0.157335
2024-01-01 00:00:22.830,0.450187,-0.137853,8.622398,0.209592,-0.214176,0.093888
2024-01-01 00:00:22.840,0.461634,-0.107895,8.689252,0.188143,-0.18518,0.156955
2024-01-01 00:00:22.850,0.491897,-0.188396,8.771169,0.176616,-0.236664,0.136948
2024-01-01 00:00:22.860,0.49029,-0.289664,8.649118,0.17887,-0.073989,0.103975
2024-01-01 00:00:22.870,0.419318,-0.179496,8.512587,0.128026,-0.05689,0.0953
2024-01-01 00:00:22.880,0.381307,-0.295915,8.51802,0.147635,-0.045052,0.102119
2024-01-01 00:00:22.890,0.460174,-0.237215,8.407501,0.274292,0.063698,0.067144
2024-01-01 00:00:22.900,0.452534,-0.220155,8.561417,0.20296,-0.034295,0.151374
2024-01-01 00:00:22.910,0.389808,-0.291084,8.770904,0.201234,0.039704,0.137548
2024-01-01 00:00:22.920,0.319233,-0.402723,8.70073,0.202027,0.060731,0.099451
2024-01-01 00:00:22.930,0.247572,-0.386694,8.869999,0.222609,0.12156,0.07184
2024-01-01 00:00:22.940,0.218491,-0.286341,8.839126,0.029617,0.169278,0.064999
2024-01-01 00:00:22.950,0.257271,-0.371417,8.938827,0.043572,0.215527,0.085782
2024-01-01 00:00:22.960,0.222402,-0.368215,9.115761,0.051397,0.202132,0.107685
2024-01-01 00:00:22.970,0.241206,-0.342205,9.100944,0.054298,0.198048,0.029559
2024-01-01 00:00:22.980,0.172703,-0.351974,9.17888,0.04869,0.345324,0.004704
2024-01-01 00:00:22.990,0.033599,-0.378162,9.408041,0.027084,0.397123,0.076089
2024-01-01 00:00:23.000,0.129548,-0.406499,9.579971,0.045943,0.295419,-0.032628
2024-01-01 00:00:23.010,-0.005019,-0.414299,9.568265,0.022167,0.258165,-0.018015
2024-01-01 00:00:23.020,-0.006536,-0.356999,9.694732,-0.030386,0.373455,-0.003952
2024-01-01 00:00:23.030,-0.007092,-0.372067,9.910153,-0.117688,0.2269,-0.052159
2024-01-01 00:00:23.040,0.047984,-0.411087,10.110927,-0.073189,0.277939,0.019237
2024-01-01 00:00:23.050,0.071677,-0.341222,10.250392,-0.065561,0.251259,0.002847
2024-01-01 00:00:23.060,-0.085213,-0.397525,10.20957,-0.064877,0.21554,-0.048757
2024-01-01 00:00:23.070,-0.156043,-0.428055,10.606328,-0.123248,0.243206,-0.00167
2024-01-01 00:00:23.080,-0.150985,-0.416493,10.523153,-0.105318,0.194152,-0.004988
2024-01-01 00:00:23.090,-0.163543,-0.419251,10.663773,-0.151061,0.214881,-0.060102
2024-01-01 00:00:23.100,-0.25346,-0.37443,10.711263,-0.114212,0.189548,-0.078273
2024-01-01 00:00:23.110,-0.176349,-0.288377,11.08445,-0.174614,0.128475,-0.004787
2024-01-01 00:00:23.120,-0.282374,-0.378367,10.958497,-0.176026,0.110174,-0.058513
2024-01-01 00:00:23.130,-0.295746,-0.315574,10.92607,-0.211177,0.084545,-0.079756
2024-01-01 00:00:23.140,-0.31299,-0.343599,11.101992,-0.165078,0.102647,-0.053535
2024-01-01 00:00:23.150,-0.349667,-0.308477,11.116319,-0.211844,0.019944,-0.092055
2024-01-01 00:00:23.160,-0.351985,-0.354644,11.044559,-0.133721,0.033436,-0.122604
2024-01-01 00:00:23.170,-0.446623,-0.272889,11.114428,-0.16869,-0.013566,-0.110984
2024-01-01 00:00:23.180,-0.464074,-0.253365,10.951741,-0.201747,-0.048748,-0.087793
2024-01-01 00:00:23.190,-0.510064,-0.197646,10.932304,-0.246718,-0.041337,-0.183872
2024-01-01 00:00:23.200,-0.450412,-0.193703,10.748915,-0.195695,-0.198581,-0.137474
2024-01-01 00:00:23.210,-0.449146,-0.244288,10.726684,-0.187325,-0.19619,-0.091624
2024-01-01 00:00:23.220,-0.47923,-0.109026,10.886014,-0.221101,-0.111913,-0.152297
2024-01-01 00:00:23.230,-0.430691,-0.131026,10.76871,-0.15364,-0.237739,-0.093912
2024-01-01 00:00:23.240,-0.525223,-0.109439,10.527271,-0.215629,-0.387331,-0.100724
2024-01-01 00:00:23.250,-0.500226,-0.097226,10.529861,-0.196894,-0.275034,-0.14751
2024-01-01 00:00:23.260,-0.595132,-0.099729,10.250768,-0.239025,-0.272806,-0.164478
2024-01-01 00:00:23.270,-0.564926,-0.039771,10.10461,-0.214204,-0.421231,-0.157413
2024-01-01 00:00:23.280,-0.51394,-0.003528,9.984792,-0.289256,-0.230507,-0.069712
2024-01-01 00:00:23.290,-0.507519,-0.091204,9.824125,-0.272908,-0.33563,-0.09376
2024-01-01 00:00:23.300,-0.564038,-0.007336,9.670418,-0.232231,-0.282131,-0.146058
2024-01-01 00:00:23.310,-0.550393,0.030249,9.634303,-0.231447,-0.304367,-0.167376
2024-01-01 00:00:23.320,-0.618299,0.07905,9.413715,-0.221167,-0.347963,-0.144418
2024-01-01 00:00:23.330,-0.553983,0.148925,9.323192,-0.188676,-0.323648,-0.138903
2024-01-01 00:00:23.340,-0.483493,0.073384,9.220672,-0.311254,-0.299739,-0.181304
2024-01-01 00:00:23.350,-0.489315,0.109398,9.050425,-0.284211,-0.178084,-0.138892
2024-01-01 00:00:23.360,-0.481322,0.130532,8.833832,-0.218683,-0.215931,-0.098425
2024-01-01 00:00:23.370,-0.490404,0.137409,8.707667,-0.260261,-0.207965,-0.188406
2024-01-01 00:00:23.380,-0.477381,0.180841,8.745915,-0.048264,-0.199419,-0.105494
2024-01-01 00:00:23.390,-0.493948,0.256773,8.653227,-0.183728,-0.061597,-0.084465
2024-01-01 00:00:23.400,-0.407601,0.184823,8.622557,-0.205072,-0.015241,-0.13751
2024-01-01 00:00:23.410,-0.401582,0.277369,8.579347,-0.217878,0.004956,-0.064438
2024-01-01 00:00:23.420,-0.376663,0.188467,8.769293,-0.206401,0.005258,-0.130146
2024-01-01 00:00:23.430,-0.404818,0.262137,8.455321,-0.170546,0.03031,-0.089999
2024-01-01 00:00:23.440,-0.462133,0.289373,8.418845,-0.155522,-0.010012,-0.105876
2024-01-01 00:00:23.450,-0.274338,0.404181,8.637877,-0.172469,0.07276,-0.098991
2024-01-01 00:00:23.460,-0.326735,0.320185,8.630906,-0.151291,0.083956,-0.101099
2024-01-01 00:00:23.470,-0.318486,0.236202,8.751843,-0.057944,0.058345,-0.054138
2024-01-01 00:00:23.480,-0.212281,0.257467,8.853707,-0.043027,0.231887,-0.041887
2024-01-01 00:00:23.490,-0.237313,0.369029,9.003959,-0.086358,0.171195,-0.061309
2024-01-01 00:00:23.500,-0.134723,0.406669,8.887387,-0.15239,0.289902,-0.091995
2024-01-01 00:00:23.510,-0.126232,0.402112,9.081194,-0.044476,0.295146,-0.030745
2024-01-01 00:00:23.520,-0.091725,0.397757,9.287209,0.020485,0.296395,-0.021677
2024-01-01 00:00:23.530,-0.162589,0.452191,9.449385,0.025629,0.313009,-0.032217
2024-01-01 00:00:23.540,-0.001758,0.370441,9.703872,0.008378,0.261522,0.039011
2024-01-01 00:00:23.550,-0.017141,0.444142,9.749373,0.057392,0.391083,-0.055155
2024-01-01 00:00:23.560,-0.016413,0.318396,9.81478,0.003602,0.302148,-0.065959
2024-01-01 00:00:23.570,0.041468,0.353974,9.894366,0.046996,0.312763,-0.012571
2024-01-01 00:00:23.580,-0.022383,0.30672,10.064596,-0.003844,0.258794,0.03943
2024-01-01 00:00:23.590,0.118763,0.379813,10.202338,0.059309,0.234264,-0.004858
2024-01-01 00:00:23.600,0.078424,0.386372,10.43614,0.125519,0.290399,0.005996
2024-01-01 00:00:23.610,0.093375,0.388181,10.530356,0.043715,0.259456,0.072442
2024-01-01 00:00:23.620,0.115453,0.378046,10.520355,0.044005,0.18774,0.066123
2024-01-01 00:00:23.630,0.277107,0.319759,10.696598,0.105544,0.130789,0.071714
2024-01-01 00:00:23.640,0.21915,0.346549,10.894223,0.102582,0.111928,0.091792
2024-01-01 00:00:23.650,0.355577,0.269889,10.930755,0.159226,0.205532,0.063305
2024-01-01 00:00:23.660,0.279419,0.400435,11.011687,0.116523,0.083359,0.072142
2024-01-01 00:00:23.670,0.247105,0.303462,11.0445,0.237046,0.063805,0.114968
2024-01-01 00:00:23.680,0.301767,0.279472,11.175093,0.098058,0.118885,0.057179
2024-01-01 00:00:23.690,0.443273,0.36759,11.077989,0.236088,-0.044759,0.039759
2024-01-01 00:00:23.700,0.396263,0.209266,11.025169,0.14542,-0.060177,0.097199
2024-01-01 00:00:23.710,0.39783,0.1974,10.962598,0.103494,-0.097114,0.143902
2024-01-01 00:00:23.720,0.452967,0.180296,11.018773,0.214151,-0.011814,0.129021
2024-01-01 00:00:23.730,0.488246,0.212333,10.750143,0.197795,-0.025814,0.152034
2024-01-01 00:00:23.740,0.535624,0.217185,10.861635,0.162589,-0.118945,0.070353
2024-01-01 00:00:23.750,0.567125,0.21179,10.776222,0.140795,-0.146241,0.144383
2024-01-01 00:00:23.760,0.489954,0.282008,10.586326,0.230465,-0.240765,0.158146
2024-01-01 00:00:23.770,0.453136,0.01901,10.511838,0.2849,-0.137805,0.101141
2024-01-01 00:00:23.780,0.508472,0.13954,10.530813,0.269768,-0.241977,0.170174
2024-01-01 00:00:23.790,0.550046,0.058493,10.355415,0.246941,-0.229384,0.143118
2024-01-01 00:00:23.800,0.494882,0.033977,10.20877,0.270792,-0.290251,0.24025
2024-01-01 00:00:23.810,0.499382,0.00904,10.083432,0.247384,-0.307393,0.08393
2024-01-01 00:00:23.820,0.566714,-0.028817,9.921207,0.178298,-0.215812,0.190944
2024-01-01 00:00:23.830,0.547487,0.077384,9.866671,0.178919,-0.272838,0.138153
2024-01-01 00:00:23.840,0.550061,0.011832,9.63115,0.239124,-0.223992,0.101055
2024-01-01 00:00:23.850,0.507111,-0.052459,9.361248,0.239711,-0.276452,0.132838
2024-01-01 00:00:23.860,0.528255,-0.00922,9.469512,0.287901,-0.320317,0.155536
2024-01-01 00:00:23.870,0.486445,-0.175285,9.236403,0.279982,-0.291923,0.176394
2024-01-01 00:00:23.880,0.568214,-0.188738,9.035606,0.268304,-0.238851,0.194487
2024-01-01 00:00:23.890,0.564712,-0.253226,8.868448,0.219145,-0.253211,0.182552
2024-01-01 00:00:23.900,0.408121,-0.200925,8.897938,0.158436,-0.252095,0.10752
2024-01-01 00:00:23.910,0.439713,-0.178926,8.767416,0.241598,-0.10878,0.166502
2024-01-01 00:00:23.920,0.395447,-0.20228,8.827458,0.240019,-0.165902,0.139995
2024-01-01 00:00:23.930,0.420238,-0.219655,8.613837,0.086364,-0.099649,0.103836
2024-01-01 00:00:23.940,0.429476,-0.316592,8.530573,0.155396,-0.058186,0.11191
2024-01-01 00:00:23.950,0.340581,-0.223952,8.641958,0.153203,-0.067831,0.091358
2024-01-01 00:00:23.960,0.344965,-0.26929,8.634099,0.183671,0.069215,0.107765
2024-01-01 00:00:23.970,0.317508,-0.260812,8.580543,0.126971,-0.024038,0.078394
2024-01-01 00:00:23.980,0.353453,-0.407272,8.645229,0.154043,0.079606,0.06273
2024-01-01 00:00:23.990,0.320759,-0.311153,8.628941,0.133697,0.112622,0.100908
2024-01-01 00:00:24.000,0.254315,-0.399085,8.707703,0.124043,0.130015,0.098062
2024-01-01 00:00:24.010,0.271353,-0.371363,8.85465,0.083504,0.098468,0.065966
2024-01-01 00:00:24.020,0.206386,-0.335369,8.898355,0.074287,0.235194,0.104771
2024-01-01 00:00:24.030,0.19054,-0.366877,8.934893,0.03877,0.254532,0.047857
2024-01-01 00:00:24.040,0.257496,-0.422075,9.16858,0.098014,0.206292,0.038323
2024-01-01 00:00:24.050,0.209949,-0.385944,8.993469,0.093521,0.294857,0.058794
2024-01-01 00:00:24.060,0.046557,-0.468265,9.477719,0.012167,0.294071,0.026446
2024-01-01 00:00:24.070,0.121249,-0.338258,9.3148,0.112288,0.22335,0.024297
2024-01-01 00:00:24.080,0.088284,-0.408756,9.543767,0.005958,0.252788,-0.0626
2024-01-01 00:00:24.090,-0.041911,-0.343914,9.73629,0.083556,0.356437,0.004729
2024-01-01 00:00:24.100,0.024175,-0.426141,9.874443,-0.039726,0.314913,-0.059388
2024-01-01 00:00:24.110,0.027925,-0.42459,10.112225,-0.123589,0.267028,-0.049984
2024-01-01 00:00:24.120,-0.137138,-0.433847,10.089587,-0.016713,0.244059,-0.062153
2024-01-01 00:00:24.130,-0.158646,-0.347693,10.332567,-0.038832,0.249006,-0.062033
2024-01-01 00:00:24.140,-0.09326,-0.42149,10.396039,-0.0638,0.236565,-0.055777
2024-01-01 00:00:24.150,-0.161445,-0.346977,10.587802,-0.111666,0.196944,-0.062327
2024-01-01 00:00:24.160,-0.17772,-0.390213,10.670529,-0.095044,0.129317,-0.036061
2024-01-01 00:00:24.170,-0.217832,-0.460495,10.78276,-0.132318,0.247593,-0.057381
2024-01-01 00:00:24.180,-0.244086,-0.379574,10.817667,-0.134945,0.210689,-0.128929
2024-01-01 00:00:24.190,-0.357796,-0.398167,10.892727,-0.090406,0.067829,-0.076994
2024-01-01 00:00:24.200,-0.265955,-0.324502,11.012932,-0.135481,0.105834,-0.077267
2024-01-01 00:00:24.210,-0.285595,-0.371581,11.105636,-0.1259,0.02007,-0.103696
2024-01-01 00:00:24.220,-0.380113,-0.250551,11.005682,-0.179159,0.017372,-0.102366
2024-01-01 00:00:24.230,-0.394118,-0.285172,10.990345,-0.195257,-0.02194,-0.101185
2024-01-01 00:00:24.240,-0.490451,-0.2723,11.098035,-0.245809,-0.061179,-0.089943
2024-01-01 00:00:24.250,-0.40871,-0.21252,11.018428,-0.215967,0.02582,-0.165725
2024-01-01 00:00:24.260,-0.424852,-0.178171,11.042881,-0.372172,-0.12986,-0.130999
2024-01-01 00:00:24.270,-0.474036,-0.207643,10.843347,-0.243568,-0.180291,-0.083184
2024-01-01 00:00:24.280,-0.430559,-0.224759,10.697616,-0.225356,-0.208116,-0.090258
2024-01-01 00:00:24.290,-0.517656,-0.253818,10.707324,-0.199522,-0.14557,-0.111095
2024-01-01 00:00:24.300,-0.485174,-0.177774,10.585721,-0.246799,-0.305415,-0.123914
2024-01-01 00:00:24.310,-0.575072,-0.15219,10.526278,-0.220838,-0.282928,-0.093294
2024-01-01 00:00:24.320,-0.534147,-0.093417,10.357247,-0.351248,-0.191076,-0.08782
2024-01-01 00:00:24.330,-0.548733,-0.093128,10.334862,-0.248304,-0.266215,-0.151149
2024-01-01 00:00:24.340,-0.533938,-0.018313,10.113511,-0.331795,-0.279985,-0.177775
2024-01-01 00:00:24.350,-0.566992,-0.060017,10.005091,-0.30974,-0.190158,-0.157704
2024-01-01 00:00:24.360,-0.556513,-0.008777,9.859636,-0.259331,-0.287551,-0.057083
2024-01-01 00:00:24.370,-0.508169,0.076738,9.716085,-0.185946,-0.334256,-0.196936
2024-01-01 00:00:24.380,-0.56895,0.058033,9.553528,-0.230127,-0.307818,-0.163328
2024-01-01 00:00:24.390,-0.623198,0.061202,9.454777,-0.245847,-0.341314,-0.190436
2024-01-01 00:00:24.400,-0.449279,0.057148,9.214195,-0.244957,-0.208659,-0.142646
2024-01-01 00:00:24.410,-0.459727,0.078324,9.261038,-0.276045,-0.225909,-0.180299
2024-01-01 00:00:24.420,-0.583635,0.089818,9.01049,-0.263118,-0.178094,-0.144814
2024-01-01 00:00:24.430,-0.472972,0.127205,8.815553,-0.209294,-0.150121,-0.1969
2024-01-01 00:00:24.440,-0.519296,0.213415,8.838823,-0.29388,-0.205037,-0.116239
2024-01-01 00:00:24.450,-0.465961,0.185308,8.672547,-0.188136,-0.202585,-0.094003
2024-01-01 00:00:24.460,-0.447764,0.14901,8.72544,-0.229641,-0.126817,-0.137648
2024-01-01 00:00:24.470,-0.455944,0.324258,8.796204,-0.160642,-0.135045,-0.125206
2024-01-01 00:00:24.480,-0.463631,0.270386,8.520107,-0.144874,-0.049077,-0.120659
2024-01-01 00:00:24.490,-0.437728,0.201704,8.590096,-0.266927,0.03415,-0.104537
2024-01-01 00:00:24.500,-0.426382,0.266686,8.420684,-0.202066,0.004317,-0.104937
2024-01-01 00:00:24.510,-0.398224,0.310056,8.612233,-0.204882,0.055228,-0.07422
2024-01-01 00:00:24.520,-0.334826,0.404427,8.536833,-0.241303,0.077383,-0.053409
2024-01-01 00:00:24.530,-0.340948,0.277378,8.60601,-0.190336,0.15543,-0.107648
2024-01-01 00:00:24.540,-0.2437,0.394027,8.632073,-0.004211,0.113538,-0.085044
2024-01-01 00:00:24.550,-0.175127,0.426453,8.857917,-0.082929,0.066717,-0.040994
2024-01-01 00:00:24.560,-0.24932,0.335072,8.972999,-0.00428,0.227266,-0.102737
2024-01-01 00:00:24.570,-0.178417,0.361395,8.999976,-0.045085,0.277496,-0.111045
2024-01-01 00:00:24.580,-0.134818,0.330929,9.045809,-0.109729,0.271667,-0.036793
2024-01-01 00:00:24.590,-0.105067,0.378727,9.368542,-0.077573,0.235152,-0.020201
2024-01-01 00:00:24.600,-0.093291,0.391889,9.315586,-0.014709,0.224553,-0.048148
2024-01-01 00:00:24.610,-0.028042,0.430164,9.342869,-0.00775,0.316299,-0.035135
2024-01-01 00:00:24.620,-0.008927,0.453787,9.696762,-0.043885,0.304909,-0.031817
2024-01-01 00:00:24.630,-0.062672,0.362595,9.71803,-0.075858,0.293709,-0.026223
2024-01-01 00:00:24.640,0.074921,0.300979,10.031871,0.17869,0.38916,0.029386
2024-01-01 00:00:24.650,0.107973,0.396254,10.066698,0.021855,0.244635,-0.018067
2024-01-01 00:00:24.660,0.05737,0.408596,10.285943,0.027138,0.370649,0.018089
2024-01-01 00:00:24.670,0.129028,0.401638,10.48434,0.063454,0.269532,0.007512
2024-01-01 00:00:24.680,0.192457,0.366742,10.402353,0.059814,0.158524,-0.000488
2024-01-01 00:00:24.690,0.17844,0.381904,10.57115,0.092003,0.220259,0.077625
2024-01-01 00:00:24.700,0.272519,0.442736,10.716644,0.163834,0.252958,0.044097
2024-01-01 00:00:24.710,0.366275,0.376085,10.93942,0.106537,0.159676,0.073312
2024-01-01 00:00:24.720,0.23714,0.327135,10.843621,0.067519,0.074687,0.03015
2024-01-01 00:00:24.730,0.234793,0.30841,10.913666,0.130029,0.108656,0.060609
2024-01-01 00:00:24.740,0.345397,0.311395,11.048578,0.126873,0.040872,0.112739
2024-01-01 00:00:24.750,0.391508,0.387092,10.996739,0.232754,0.074018,0.174554
2024-01-01 00:00:24.760,0.367887,0.280407,11.070752,0.231024,0.053114,0.044195
2024-01-01 00:00:24.770,0.474789,0.271902,10.932887,0.188161,-0.073551,0.103637
2024-01-01 00:00:24.780,0.356507,0.231157,11.215464,0.128535,-0.090924,0.127851
2024-01-01 00:00:24.790,0.477937,0.291725,10.894914,0.140201,-0.051933,0.102414
2024-01-01 00:00:24.800,0.431326,0.315455,10.924999,0.210583,-0.165604,0.151382
2024-01-01 00:00:24.810,0.564327,0.219933,10.880459,0.234252,-0.207979,0.104459
2024-01-01 00:00:24.820,0.593077,0.180801,10.953631,0.205565,-0.241899,0.139193
2024-01-01 00:00:24.830,0.468514,0.157153,10.598562,0.206376,-0.191939,0.122569
2024-01-01 00:00:24.840,0.49102,0.014216,10.754875,0.206041,-0.217778,0.177991
2024-01-01 00:00:24.850,0.571343,0.148347,10.537569,0.238996,-0.287924,0.123808
2024-01-01 00:00:24.860,0.517055,0.095073,10.382005,0.124685,-0.270464,0.135738
2024-01-01 00:00:24.870,0.540343,0.086754,10.1341,0.191576,-0.207635,0.176356
2024-01-01 00:00:24.880,0.548217,0.006511,10.117254,0.21726,-0.342062,0.118326
2024-01-01 00:00:24.890,0.453416,-0.000537,9.868779,0.310102,-0.396278,0.151899
2024-01-01 00:00:24.900,0.549269,-0.025328,9.881481,0.209291,-0.277161,0.095313
2024-01-01 00:00:24.910,0.514143,0.022859,9.556364,0.2584,-0.302533,0.116988
2024-01-01 00:00:24.920,0.520754,-0.070509,9.481317,0.259241,-0.325528,0.160212
2024-01-01 00:00:24.930,0.612495,0.02939,9.306665,0.310493,-0.246447,0.117637
2024-01-01 00:00:24.940,0.470531,-0.076114,9.139114,0.305564,-0.222276,0.129124
2024-01-01 00:00:24.950,0.565225,-0.184019,9.152591,0.235563,-0.356203,0.157856
2024-01-01 00:00:24.960,0.50002,-0.148826,9.02115,0.209848,-0.25659,0.122797
2024-01-01 00:00:24.970,0.487614,-0.196657,8.971502,0.194809,-0.083175,0.161486
2024-01-01 00:00:24.980,0.527028,-0.294901,8.641722,0.209542,-0.142233,0.139427
2024-01-01 00:00:24.990,0.488742,-0.125681,8.792687,0.192726,-0.107593,0.141727
2024-01-01 00:00:25.000,0.482877,-0.190262,8.846593,0.234202,-0.050804,0.161142
2024-01-01 00:00:25.010,0.483798,-0.217747,8.564639,0.21892,-0.075141,0.128337
2024-01-01 00:00:25.020,0.398368,-0.254284,8.723626,0.218196,-0.00166,0.159329
2024-01-01 00:00:25.030,0.362438,-0.348899,8.539234,0.241623,0.02948,0.134533
2024-01-01 00:00:25.040,0.315556,-0.32026,8.455955,0.261241,0.055688,0.085155
2024-01-01 00:00:25.050,0.304034,-0.269252,8.563872,0.16319,0.0474,0.132968
2024-01-01 00:00:25.060,0.467062,-0.378093,8.711557,0.200249,0.105994,0.095082
2024-01-01 00:00:25.070,0.355044,-0.46519,8.616287,0.115512,0.100524,0.068017
2024-01-01 00:00:25.080,0.197451,-0.361862,8.706451,0.179707,0.161346,0.080626
2024-01-01 00:00:25.090,0.170165,-0.368293,8.887616,0.160479,0.130834,0.097812
2024-01-01 00:00:25.100,0.230851,-0.363882,8.939372,0.144402,0.175678,0.07004
2024-01-01 00:00:25.110,0.203879,-0.342414,9.096869,0.084938,0.224084,0.102812
2024-01-01 00:00:25.120,0.173111,-0.353836,9.190551,0.032794,0.210728,0.072323
2024-01-01 00:00:25.130,0.101568,-0.378326,9.340101,-0.017765,0.248829,0.046872
2024-01-01 00:00:25.140,0.076299,-0.33569,9.404344,0.035531,0.27828,-0.008262
2024-01-01 00:00:25.150,0.066937,-0.474256,9.599768,0.099625,0.315046,0.008393
2024-01-01 00:00:25.160,0.022636,-0.374548,9.652487,-0.007155,0.346796,0.007152
2024-01-01 00:00:25.170,-0.124889,-0.368545,9.976346,0.032927,0.276426,0.017101
2024-01-01 00:00:25.180,-0.057631,-0.460568,9.968253,0.021224,0.362532,0.006536
2024-01-01 00:00:25.190,-0.12077,-0.47108,10.252151,-0.04973,0.334801,-0.016241
2024-01-01 00:00:25.200,-0.101229,-0.429217,10.281165,0.015822,0.301209,-0.026387
2024-01-01 00:00:25.210,0.007862,-0.419632,10.447285,-0.209706,0.268025,-0.01695
2024-01-01 00:00:25.220,-0.153951,-0.342188,10.514257,-0.139467,0.257055,-0.072755
2024-01-01 00:00:25.230,-0.218332,-0.402584,10.585072,-0.137898,0.277892,-0.004404
2024-01-01 00:00:25.240,-0.1862,-0.405391,10.62749,-0.146572,0.254154,-0.124767
2024-01-01 00:00:25.250,-0.23699,-0.382625,10.7702,-0.10188,0.231503,-0.027553
2024-01-01 00:00:25.260,-0.268055,-0.28437,10.901901,-0.116889,0.136336,-0.08019
2024-01-01 00:00:25.270,-0.285658,-0.326737,11.002576,-0.123937,0.129686,-0.056105
2024-01-01 00:00:25.280,-0.239027,-0.322311,11.108098,-0.125584,0.135381,-0.082318
2024-01-01 00:00:25.290,-0.423075,-0.303731,11.016507,-0.21411,0.002345,-0.089582
2024-01-01 00:00:25.300,-0.366265,-0.217483,10.989425,-0.238157,-0.017524,-0.089721
2024-01-01 00:00:25.310,-0.458339,-0.302429,10.935187,-0.167466,-0.035912,-0.088097
2024-01-01 00:00:25.320,-0.404899,-0.181168,11.062567,-0.228182,-0.026341,-0.127867
2024-01-01 00:00:25.330,-0.497776,-0.217541,11.091676,-0.283906,-0.059188,-0.092185
2024-01-01 00:00:25.340,-0.490321,-0.216425,11.023078,-0.16482,-0.148672,-0.160567
2024-01-01 00:00:25.350,-0.500203,-0.06298,10.904026,-0.150903,-0.242855,-0.132555
2024-01-01 00:00:25.360,-0.450982,-0.219781,10.809509,-0.149312,-0.183109,-0.111223
2024-01-01 00:00:25.370,-0.466455,-0.163082,10.792383,-0.223549,-0.266639,-0.109889
2024-01-01 00:00:25.380,-0.585506,-0.184917,10.569645,-0.206531,-0.31749,-0.128873
2024-01-01 00:00:25.390,-0.529514,-0.053147,10.47119,-0.173443,-0.325114,-0.156964
2024-01-01 00:00:25.400,-0.574949,0.006562,10.261875,-0.277284,-0.260926,-0.120227
2024-01-01 00:00:25.410,-0.607748,0.028739,10.040044,-0.192113,-0.220705,-0.168669
2024-01-01 00:00:25.420,-0.559151,0.02977,9.951107,-0.235457,-0.294351,-0.096994
2024-01-01 00:00:25.430,-0.565314,-0.017871,9.859196,-0.204265,-0.289192,-0.15251
2024-01-01 00:00:25.440,-0.428252,-0.002787,9.718218,-0.240508,-0.239957,-0.196076
2024-01-01 00:00:25.450,-0.525747,-0.044672,9.722215,-0.184003,-0.371552,-0.18513
2024-01-01 00:00:25.460,-0.612198,0.163958,9.432698,-0.235786,-0.2595,-0.146868
2024-01-01 00:00:25.470,-0.565609,0.108677,9.383865,-0.318458,-0.27334,-0.142361
2024-01-01 00:00:25.480,-0.478505,0.083401,9.125272,-0.168119,-0.227958,-0.08534
2024-01-01 00:00:25.490,-0.415533,0.1968,9.014604,-0.28372,-0.260411,-0.172961
2024-01-01 00:00:25.500,-0.587845,0.103709,8.823275,-0.168504,-0.253861,-0.137511
2024-01-01 00:00:25.510,-0.589384,0.194104,8.772376,-0.229688,-0.179736,-0.166888
2024-01-01 00:00:25.520,-0.386976,0.185969,8.789542,-0.159619,-0.07553,-0.145832
2024-01-01 00:00:25.530,-0.444526,0.246692,8.678225,-0.154174,-0.084,-0.076028
2024-01-01 00:00:25.540,-0.489307,0.230999,8.698868,-0.181171,-0.119738,-0.155697
2024-01-01 00:00:25.550,-0.399512,0.180244,8.600066,-0.16832,-0.127412,-0.098637
2024-01-01 00:00:25.560,-0.536915,0.274312,8.536343,-0.163017,-0.109647,-0.098702
2024-01-01 00:00:25.570,-0.382449,0.339788,8.732508,-0.274608,0.075432,-0.105075
2024-01-01 00:00:25.580,-0.3424,0.301707,8.56642,-0.15717,-0.003088,-0.082269
2024-01-01 00:00:25.590,-0.287516,0.356704,8.697262,-0.207498,0.062815,-0.125818
2024-01-01 00:00:25.600,-0.358214,0.279357,8.619,-0.131222,0.178488,-0.034179
2024-01-01 00:00:25.610,-0.275966,0.342864,8.770679,-0.184534,0.063522,-0.018687
2024-01-01 00:00:25.620,-0.298289,0.324311,8.866042,-0.173801,0.248637,-0.067319
2024-01-01 00:00:25.630,-0.210148,0.403022,8.900376,-0.021079,0.188755,0.011898
2024-01-01 00:00:25.640,-0.237817,0.376125,8.799973,-0.034277,0.168651,-0.064621
2024-01-01 00:00:25.650,-0.182923,0.416642,9.105729,-0.074079,0.235245,-0.03231
2024-01-01 00:00:25.660,-0.181217,0.442798,9.32835,-0.050501,0.22961,0.007113
2024-01-01 00:00:25.670,-0.067326,0.42793,9.405734,-0.057797,0.302253,-0.041011
2024-01-01 00:00:25.680,-0.025073,0.410587,9.538967,-0.002413,0.258423,-0.059991
2024-01-01 00:00:25.690,-0.047605,0.349238,9.509501,-0.050109,0.201865,-0.058135
2024-01-01 00:00:25.700,-0.001718,0.399852,9.735865,0.048037,0.288946,0.060835
2024-01-01 00:00:25.710,-0.043802,0.372803,9.972857,0.000358,0.230547,-0.008063
2024-01-01 00:00:25.720,0.045802,0.380346,10.117439,0.006638,0.302887,0.011006
2024-01-01 00:00:25.730,0.090225,0.375546,10.322664,0.043238,0.223586,-0.008091
2024-01-01 00:00:25.740,0.255406,0.340643,10.349069,0.026973,0.244921,0.062368
2024-01-01 00:00:25.750,0.09997,0.285799,10.520719,0.087147,0.261126,0.018981
2024-01-01 00:00:25.760,0.259444,0.342964,10.607828,0.057784,0.220583,0.036054
2024-01-01 00:00:25.770,0.266104,0.37745,10.634872,0.121727,0.219757,0.067966
2024-01-01 00:00:25.780,0.259575,0.290516,10.628242,0.172411,0.214428,0.035045
2024-01-01 00:00:25.790,0.361911,0.347622,10.924327,0.08857,0.093214,0.069364
2024-01-01 00:00:25.800,0.320079,0.42957,10.970051,0.130505,0.11651,0.124286
2024-01-01 00:00:25.810,0.347388,0.372276,10.957205,0.172126,-0.079774,0.102283
2024-01-01 00:00:25.820,0.350601,0.388763,10.911191,0.138779,0.064848,0.100259
2024-01-01 00:00:25.830,0.438548,0.310549,11.108241,0.194748,0.002498,0.109365
2024-01-01 00:00:25.840,0.455006,0.332774,11.036562,0.209671,-0.066818,0.097467
2024-01-01 00:00:25.850,0.390335,0.220662,11.085197,0.245808,-0.0368,0.174871
2024-01-01 00:00:25.860,0.375641,0.20622,11.155655,0.170429,-0.028169,0.096073
2024-01-01 00:00:25.870,0.44992,0.082237,10.784643,0.161983,-0.143628,0.131801
2024-01-01 00:00:25.880,0.436948,0.258504,10.833654,0.201417,-0.198444,0.133528
2024-01-01 00:00:25.890,0.489014,0.255529,10.791687,0.175335,-0.172248,0.164497
2024-01-01 00:00:25.900,0.567609,0.129557,10.829906,0.258105,-0.274093,0.171024
2024-01-01 00:00:25.910,0.494678,0.122679,10.475262,0.177159,-0.264293,0.140188
2024-01-01 00:00:25.920,0.525427,0.075379,10.642748,0.356454,-0.190935,0.152602
2024-01-01 00:00:25.930,0.538678,0.109511,10.371128,0.308331,-0.26626,0.155977
2024-01-01 00:00:25.940,0.584564,0.123621,10.217391,0.247057,-0.376951,0.079693
2024-01-01 00:00:25.950,0.434297,-0.043001,10.068329,0.291843,-0.382544,0.101414
2024-01-01 00:00:25.960,0.518925,0.041221,9.904605,0.167823,-0.290281,0.131646
2024-01-01 00:00:25.970,0.560552,-0.016545,9.876906,0.376163,-0.256853,0.133149
2024-01-01 00:00:25.980,0.608826,-0.020492,9.561358,0.219954,-0.378314,0.1137
2024-01-01 00:00:25.990,0.521173,-0.026572,9.530501,0.242052,-0.268318,0.171333
2024-01-01 00:00:26.000,0.447009,-0.082122,9.332386,0.153038,-0.213656,0.147564
2024-01-01 00:00:26.010,0.565029,-0.100831,9.168548,0.267061,-0.171297,0.139207
2024-01-01 00:00:26.020,0.493644,-0.128957,9.31078,0.183506,-0.230991,0.105609
2024-01-01 00:00:26.030,0.455489,-0.091951,9.021521,0.239161,-0.200669,0.139111
2024-01-01 00:00:26.040,0.471543,-0.141249,8.932459,0.201314,-0.308017,0.058316
2024-01-01 00:00:26.050,0.479592,-0.17232,8.882565,0.168303,-0.06895,0.128425
2024-01-01 00:00:26.060,0.442957,-0.267427,8.599989,0.17487,-0.172898,0.130948
2024-01-01 00:00:26.070,0.345663,-0.242638,8.791113,0.218535,-0.159002,0.131605
2024-01-01 00:00:26.080,0.481972,-0.197835,8.403388,0.134616,-0.091748,0.072291
2024-01-01 00:00:26.090,0.480536,-0.259108,8.512365,0.152011,0.031023,0.120415
2024-01-01 00:00:26.100,0.427608,-0.245342,8.523907,0.212723,0.100882,0.076493
2024-01-01 00:00:26.110,0.315027,-0.206361,8.611115,0.299175,0.031921,0.077056
2024-01-01 00:00:26.120,0.337436,-0.25811,8.603153,0.181839,0.110373,0.116314
2024-01-01 00:00:26.130,0.321589,-0.319669,8.610228,0.100462,0.096615,0.148218
2024-01-01 00:00:26.140,0.32515,-0.363047,8.676849,0.115831,0.075252,0.082053
2024-01-01 00:00:26.150,0.300907,-0.477184,8.669376,0.123166,0.231918,0.048439
2024-01-01 00:00:26.160,0.202141,-0.368732,8.712261,0.091097,0.155738,0.070801
2024-01-01 00:00:26.170,0.213487,-0.38618,8.988033,0.140329,0.289815,0.085276
2024-01-01 00:00:26.180,0.202068,-0.358654,9.095385,0.09233,0.30123,0.067504
2024-01-01 00:00:26.190,0.221195,-0.392859,9.287218,0.112849,0.287019,0.122767
2024-01-01 00:00:26.200,0.152318,-0.406849,9.226761,0.037502,0.364254,0.010474
2024-01-01 00:00:26.210,0.124832,-0.484121,9.482044,0.105084,0.397159,0.030852
2024-01-01 00:00:26.220,0.057562,-0.445111,9.545852,0.015935,0.285588,0.061023
2024-01-01 00:00:26.230,0.091703,-0.375871,9.809037,-0.038932,0.258671,0.050361
2024-01-01 00:00:26.240,0.009404,-0.314123,9.94213,0.103828,0.206543,-0.061525
2024-01-01 00:00:26.250,-0.086365,-0.403634,10.023151,-0.110935,0.408514,-0.011913
2024-01-01 00:00:26.260,-0.005219,-0.379834,10.122274,-0.071204,0.266743,0.023975
2024-01-01 00:00:26.270,-0.07231,-0.344704,10.364824,-0.080081,0.333956,0.057482
2024-01-01 00:00:26.280,-0.160806,-0.427625,10.47164,0.062391,0.224805,-0.016701
2024-01-01 00:00:26.290,-0.1936,-0.362161,10.488683,0.013241,0.319844,-0.057297
2024-01-01 00:00:26.300,-0.185184,-0.409637,10.550677,-0.016218,0.185645,-0.084825
2024-01-01 00:00:26.310,-0.206553,-0.3202,10.735632,-0.120947,0.135751,0.003914
2024-01-01 00:00:26.320,-0.248756,-0.34545,10.968713,0.003754,0.156911,-0.048671
2024-01-01 00:00:26.330,-0.271074,-0.32646,11.013694,-0.111873,0.110445,-0.103616
2024-01-01 00:00:26.340,-0.228674,-0.367701,10.89219,-0.093715,0.134661,-0.091642
2024-01-01 00:00:26.350,-0.286047,-0.279277,10.930847,-0.14539,0.068647,-0.083319
2024-01-01 00:00:26.360,-0.354876,-0.195368,11.152633,-0.168113,0.067993,-0.08307
2024-01-01 00:00:26.370,-0.340872,-0.333943,10.969134,-0.188924,-0.013055,-0.13279
2024-01-01 00:00:26.380,-0.461759,-0.283503,11.092861,-0.196906,-0.066892,-0.13028
2024-01-01 00:00:26.390,-0.411019,-0.236985,10.977881,-0.165446,-0.097485,-0.16711
2024-01-01 00:00:26.400,-0.35975,-0.19044,11.114838,-0.186284,0.000209,-0.091593
2024-01-01 00:00:26.410,-0.478869,-0.238142,10.86598,-0.214286,-0.123107,-0.137876
2024-01-01 00:00:26.420,-0.526488,-0.331497,10.945851,-0.144572,-0.264033,-0.118039
2024-01-01 00:00:26.430,-0.531185,-0.100914,10.781573,-0.374965,-0.219067,-0.093309
2024-01-01 00:00:26.440,-0.565821,-0.109295,10.686203,-0.206932,-0.21377,-0.13286
2024-01-01 00:00:26.450,-0.561575,-0.212407,10.395872,-0.201539,-0.148893,-0.145845
2024-01-01 00:00:26.460,-0.550063,-0.133146,10.254506,-0.18426,-0.20896,-0.139147
2024-01-01 00:00:26.470,-0.609188,-0.001513,10.281798,-0.248202,-0.322132,-0.145079
2024-01-01 00:00:26.480,-0.543645,0.015588,10.181169,-0.23707,-0.166983,-0.111095
2024-01-01 00:00:26.490,-0.502955,0.013446,9.92854,-0.199825,-0.297353,-0.140148
2024-01-01 00:00:26.500,-0.595214,-0.018861,9.785731,-0.175363,-0.237304,-0.166285
2024-01-01 00:00:26.510,-0.473727,0.01756,9.771151,-0.264886,-0.357076,-0.11848
2024-01-01 00:00:26.520,-0.522124,0.030283,9.62582,-0.235589,-0.414822,-0.112448
2024-01-01 00:00:26.530,-0.492223,0.116535,9.427484,-0.163231,-0.356866,-0.188446
2024-01-01 00:00:26.540,-0.57086,0.039416,9.36374,-0.350732,-0.436553,-0.100735
2024-01-01 00:00:26.550,-0.487607,0.065718,9.077205,-0.275561,-0.152254,-0.133695
2024-01-01 00:00:26.560,-0.57547,0.178956,9.021271,-0.163469,-0.227408,-0.133558
2024-01-01 00:00:26.570,-0.465109,0.148217,9.070638,-0.177019,-0.261367,-0.108789
2024-01-01 00:00:26.580,-0.488023,0.240833,8.845317,-0.199612,-0.166545,-0.15245
2024-01-01 00:00:26.590,-0.454237,0.159218,8.764344,-0.241475,-0.151149,-0.102802
2024-01-01 00:00:26.600,-0.524305,0.210274,8.867624,-0.255693,-0.098799,-0.138265
2024-01-01 00:00:26.610,-0.492303,0.186379,8.515609,-0.232992,-0.036813,-0.166307
2024-01-01 00:00:26.620,-0.398171,0.251554,8.651943,-0.11716,-0.077892,-0.146669
2024-01-01 00:00:26.630,-0.454461,0.195081,8.698824,-0.216442,-0.072622,-0.094001
2024-01-01 00:00:26.640,-0.361493,0.261523,8.534308,-0.169771,0.047919,-0.133269
2024-01-01 00:00:26.650,-0.429296,0.230004,8.640846,-0.201748,0.081716,-0.050136
2024-01-01 00:00:26.660,-0.293574,0.351386,8.522321,-0.110581,0.081134,-0.055953
2024-01-01 00:00:26.670,-0.371496,0.366303,8.591381,-0.167786,0.218426,-0.044507
2024-01-01 00:00:26.680,-0.255076,0.256607,8.73856,-0.133375,0.119602,-0.073354
2024-01-01 00:00:26.690,-0.223257,0.42128,8.848252,-0.199869,0.126498,-0.061684
2024-01-01 00:00:26.700,-0.260349,0.489701,8.964752,-0.183173,0.220035,-0.097314
2024-01-01 00:00:26.710,-0.166605,0.376121,9.104216,-0.088574,0.190284,-0.023501
2024-01-01 00:00:26.720,-0.152207,0.349468,9.088255,-0.141362,0.270626,-0.033667
2024-01-01 00:00:26.730,-0.161125,0.52913,9.313997,0.044262,0.222637,-0.019576
2024-01-01 00:00:26.740,-0.153103,0.32702,9.324116,-0.149747,0.259078,0.022647
2024-01-01 00:00:26.750,-0.168945,0.397676,9.562967,-0.072197,0.384596,-0.037492
2024-01-01 00:00:26.760,-0.021226,0.407989,9.651088,-0.01676,0.276749,-0.014341
2024-01-01 00:00:26.770,-0.08471,0.46723,9.816247,-0.021198,0.259974,0.008036
2024-01-01 00:00:26.780,0.030558,0.417547,9.960982,-0.043484,0.357215,-0.021029
2024-01-01 00:00:26.790,0.04479,0.372841,9.943622,-0.02155,0.240784,0.01018
2024-01-01 00:00:26.800,0.123892,0.347057,10.123362,-0.008653,0.24931,0.039316
2024-01-01 00:00:26.810,0.106495,0.373011,10.357242,0.040936,0.299501,0.0234
2024-01-01 00:00:26.820,0.13637,0.333898,10.342389,0.16707,0.300585,0.080954
2024-01-01 00:00:26.830,0.220154,0.379456,10.663022,0.087333,0.294192,0.004734
2024-01-01 00:00:26.840,0.2304,0.340378,10.774585,0.156257,0.172103,0.09195
2024-01-01 00:00:26.850,0.258806,0.284141,10.827061,0.135803,0.21268,0.086108
2024-01-01 00:00:26.860,0.294977,0.410619,10.793595,0.179108,0.130474,0.056984
2024-01-01 00:00:26.870,0.222315,0.3108,11.061332,-0.004046,0.092282,0.053839
2024-01-01 00:00:26.880,0.363485,0.258944,11.165841,0.132798,0.149824,0.026404
2024-01-01 00:00:26.890,0.381699,0.299496,11.050167,0.224937,0.028051,0.071893
2024-01-01 00:00:26.900,0.324464,0.295825,11.097884,0.142003,0.034541,0.133769
2024-01-01 00:00:26.910,0.386025,0.188575,11.074668,0.269137,-0.006772,0.106925
2024-01-01 00:00:26.920,0.417824,0.275022,11.085274,0.265008,-0.10307,0.149377
2024-01-01 00:00:26.930,0.43318,0.187735,11.000638,0.1765,-0.035528,0.101378
2024-01-01 00:00:26.940,0.475199,0.30647,10.958288,0.183254,-0.088966,0.14626
2024-01-01 00:00:26.950,0.547098,0.227183,10.968529,0.165469,-0.247833,0.108165
2024-01-01 00:00:26.960,0.545005,0.160364,11.003802,0.191664,-0.164143,0.104919
2024-01-01 00:00:26.970,0.439003,0.121855,10.610387,0.167741,-0.24371,0.134408
2024-01-01 00:00:26.980,0.547678,0.132071,10.60778,0.256247,-0.174434,0.120935
2024-01-01 00:00:26.990,0.593204,0.145692,10.404253,0.166633,-0.322631,0.097377
2024-01-01 00:00:27.000,0.554468,0.091115,10.499184,0.273427,-0.285814,0.140475
2024-01-01 00:00:27.010,0.596205,0.058551,10.190208,0.277611,-0.263833,0.150918
2024-01-01 00:00:27.020,0.646934,0.049108,9.9813,0.165267,-0.289282,0.187047
2024-01-01 00:00:27.030,0.60029,-0.007381,10.003395,0.327084,-0.259901,0.17786
2024-01-01 00:00:27.040,0.562465,-0.017806,9.945512,0.27568,-0.37592,0.186598
2024-01-01 00:00:27.050,0.601255,-0.12839,9.712737,0.287031,-0.215226,0.171338
2024-01-01 00:00:27.060,0.553357,0.001215,9.531783,0.2103,-0.265292,0.158918
2024-01-01 00:00:27.070,0.542541,-0.05574,9.407933,0.277185,-0.21328,0.110771
2024-01-01 00:00:27.080,0.517145,-0.132318,9.354171,0.299372,-0.223403,0.150328
2024-01-01 00:00:27.090,0.604415,-0.021351,9.044657,0.234272,-0.24987,0.161425
2024-01-01 00:00:27.100,0.475041,-0.13418,8.988819,0.334625,-0.292245,0.18444
2024-01-01 00:00:27.110,0.580524,-0.212103,8.855897,0.231251,-0.231822,0.158017
2024-01-01 00:00:27.120,0.515107,-0.138673,8.705654,0.279818,-0.096974,0.170879
2024-01-01 00:00:27.130,0.40467,-0.182197,8.693688,0.230394,-0.077562,0.098486
2024-01-01 00:00:27.140,0.475906,-0.202265,8.744443,0.237241,-0.146175,0.114987
2024-01-01 00:00:27.150,0.333836,-0.262411,8.652897,0.115905,-0.222888,0.132563
2024-01-01 00:00:27.160,0.449916,-0.236899,8.627395,0.208844,-0.058257,0.149003
2024-01-01 00:00:27.170,0.441264,-0.289919,8.572824,0.143707,-0.027002,0.103917
2024-01-01 00:00:27.180,0.344381,-0.265489,8.605406,0.12768,0.010073,0.099526
2024-01-01 00:00:27.190,0.355885,-0.403978,8.519071,0.246163,0.083857,0.115989
2024-01-01 00:00:27.200,0.421921,-0.344807,8.59481,0.136681,0.135319,0.054646
2024-01-01 00:00:27.210,0.272316,-0.250276,8.687758,0.085109,0.173844,0.129387
2024-01-01 00:00:27.220,0.217023,-0.386851,8.763073,0.104756,0.177724,0.047254
2024-01-01 00:00:27.230,0.315488,-0.389603,8.849665,0.044707,0.094372,0.00828
2024-01-01 00:00:27.240,0.31014,-0.391486,8.909723,0.168063,0.193786,0.058123
2024-01-01 00:00:27.250,0.182071,-0.438234,8.999567,0.047892,0.349586,0.100559
2024-01-01 00:00:27.260,0.20171,-0.495015,9.402084,0.095163,0.273404,0.058813
2024-01-01 00:00:27.270,0.18694,-0.401914,9.350793,0.12229,0.289893,0.055224
2024-01-01 00:00:27.280,0.051059,-0.388032,9.447403,0.015076,0.30255,0.025292
2024-01-01 00:00:27.290,0.031932,-0.400532,9.537237,0.052145,0.314505,0.010755
2024-01-01 00:00:27.300,0.085562,-0.406862,9.664835,-0.040587,0.1797,-0.039797
2024-01-01 00:00:27.310,0.076006,-0.397803,9.837006,0.118541,0.287889,-0.07003
2024-01-01 00:00:27.320,-0.012334,-0.347773,10.01692,0.02842,0.294855,-0.005151
2024-01-01 00:00:27.330,-0.116564,-0.406025,9.986557,-0.042618,0.353628,0.019584
2024-01-01 00:00:27.340,-0.005065,-0.421429,10.150443,-0.086104,0.280758,-0.018154
2024-01-01 00:00:27.350,-0.162452,-0.401653,10.357635,-0.067474,0.18104,-0.018357
2024-01-01 00:00:27.360,-0.183678,-0.352166,10.549516,-0.092872,0.26624,0.001988
2024-01-01 00:00:27.370,-0.180247,-0.302758,10.628218,0.007936,0.182547,-0.043964
2024-01-01 00:00:27.380,-0.14942,-0.395707,10.868508,-0.164517,0.136839,-0.065624
2024-01-01 00:00:27.390,-0.213412,-0.34904,10.721632,-0.109674,0.128191,-0.094404
2024-01-01 00:00:27.400,-0.263468,-0.325537,10.855911,-0.130104,0.166908,-0.016846
2024-01-01 00:00:27.410,-0.28817,-0.379374,11.098209,-0.147386,0.170682,-0.069113
2024-01-01 00:00:27.420,-0.33521,-0.314879,11.031628,-0.158788,0.09837,-0.120322
2024-01-01 00:00:27.430,-0.334369,-0.374252,11.119804,-0.170474,0.071283,-0.133938
2024-01-01 00:00:27.440,-0.512397,-0.373453,11.223953,-0.131765,0.028247,-0.067659
2024-01-01 00:00:27.450,-0.423065,-0.249714,10.997995,-0.155112,-0.02549,-0.14246
2024-01-01 00:00:27.460,-0.417079,-0.269374,11.022096,-0.17412,-0.03044,-0.061424
2024-01-01 00:00:27.470,-0.506129,-0.221334,10.968009,-0.355599,-0.220058,-0.205033
2024-01-01 00:00:27.480,-0.447152,-0.212814,10.776969,-0.197041,-0.126033,-0.084541
2024-01-01 00:00:27.490,-0.492976,-0.240481,10.836588,-0.302215,-0.214493,-0.117053
2024-01-01 00:00:27.500,-0.409601,-0.173007,10.845527,-0.193763,-0.132529,-0.13209
2024-01-01 00:00:27.510,-0.431635,-0.210894,10.718637,-0.158223,-0.223837,-0.144433
2024-01-01 00:00:27.520,-0.544731,-0.057671,10.613362,-0.283331,-0.237759,-0.085489
2024-01-01 00:00:27.530,-0.538343,-0.172561,10.411871,-0.254362,-0.334096,-0.123552
2024-01-01 00:00:27.540,-0.542032,-0.091735,10.25881,-0.274665,-0.223977,-0.173915
2024-01-01 00:00:27.550,-0.566599,-0.11096,10.275328,-0.185508,-0.255648,-0.199935
2024-01-01 00:00:27.560,-0.538073,-0.007023,9.991489,-0.24426,-0.267415,-0.144088
2024-01-01 00:00:27.570,-0.587662,-0.028692,9.909244,-0.163469,-0.3401,-0.149963
2024-01-01 00:00:27.580,-0.606309,-0.014588,9.752186,-0.229212,-0.338199,-0.195536
2024-01-01 00:00:27.590,-0.516782,0.077432,9.710433,-0.236931,-0.284286,-0.151094
2024-01-01 00:00:27.600,-0.512695,0.059551,9.528563,-0.24394,-0.322075,-0.165628
2024-01-01 00:00:27.610,-0.578768,0.107019,9.209524,-0.203897,-0.253538,-0.146599
2024-01-01 00:00:27.620,-0.486312,0.054948,9.087269,-0.328284,-0.367474,-0.123062
2024-01-01 00:00:27.630,-0.553358,0.056244,9.106348,-0.232905,-0.264384,-0.097525
2024-01-01 00:00:27.640,-0.498024,0.153879,8.942966,-0.235631,-0.127445,-0.11201
2024-01-01 00:00:27.650,-0.456812,0.1541,8.811631,-0.190015,-0.169597,-0.157415
2024-01-01 00:00:27.660,-0.484942,0.222302,8.842458,-0.22905,-0.154884,-0.120731
2024-01-01 00:00:27.670,-0.444295,0.207266,8.703793,-0.264224,-0.033371,-0.125479
2024-01-01 00:00:27.680,-0.475016,0.241069,8.636003,-0.203812,-0.217013,-0.162471
2024-01-01 00:00:27.690,-0.439634,0.168406,8.653408,-0.249511,-0.107187,-0.105274
2024-01-01 00:00:27.700,-0.419241,0.361898,8.536995,-0.282149,-0.051771,-0.055831
2024-01-01 00:00:27.710,-0.424007,0.276244,8.685563,-0.139407,0.046349,-0.104485
2024-01-01 00:00:27.720,-0.371916,0.335336,8.507308,-0.136082,0.082312,-0.146847
2024-01-01 00:00:27.730,-0.415658,0.273619,8.650227,-0.130385,0.029796,-0.091336
2024-01-01 00:00:27.740,-0.33677,0.344706,8.756374,-0.076768,0.156556,-0.12156
2024-01-01 00:00:27.750,-0.299367,0.276912,8.591549,-0.162853,0.118587,-0.051853
2024-01-01 00:00:27.760,-0.269862,0.376228,8.749574,-0.188398,0.229521,-0.054359
2024-01-01 00:00:27.770,-0.240173,0.34618,8.957933,-0.107183,0.14517,-0.067336
2024-01-01 00:00:27.780,-0.201447,0.37454,9.061629,-0.107538,0.215792,-0.064033
2024-01-01 00:00:27.790,-0.143964,0.415796,9.069389,-0.118449,0.219553,-0.052168
2024-01-01 00:00:27.800,-0.09321,0.325777,9.148392,-0.066236,0.315609,-0.037098
2024-01-01 00:00:27.810,-0.137952,0.358353,9.415989,-0.078518,0.251799,-0.05193
2024-01-01 00:00:27.820,-0.133789,0.419266,9.573018,-0.125268,0.287125,-0.061713
2024-01-01 00:00:27.830,-0.093643,0.503769,9.528543,-0.040941,0.321918,0.022832
2024-01-01 00:00:27.840,-0.03367,0.393039,9.671374,-0.061051,0.327091,-0.014101
2024-01-01 00:00:27.850,0.005357,0.429208,9.932261,0.022016,0.343303,0.011271
2024-01-01 00:00:27.860,0.016637,0.392636,10.109709,-0.007739,0.304526,0.023596
2024-01-01 00:00:27.870,0.022326,0.492061,10.177125,0.095187,0.264029,0.033424
2024-01-01 00:00:27.880,0.09602,0.303192,10.391705,0.134205,0.254509,-0.002807
2024-01-01 00:00:27.890,0.159183,0.389545,10.409608,0.102202,0.256589,-0.009336
2024-01-01 00:00:27.900,0.210632,0.296472,10.417273,0.004667,0.247585,0.03167
2024-01-01 00:00:27.910,0.183156,0.244057,10.661886,0.171181,0.204313,0.069424
2024-01-01 00:00:27.920,0.219797,0.374623,10.798023,0.18808,0.186286,0.043738
2024-01-01 00:00:27.930,0.222705,0.355852,10.854543,0.12323,0.080569,0.062727
2024-01-01 00:00:27.940,0.295134,0.322561,10.852897,0.201013,0.158754,0.144739
2024-01-01 00:00:27.950,0.28093,0.31826,10.85369,0.119394,0.101671,0.032824
2024-01-01 00:00:27.960,0.377541,0.464138,10.994818,0.065272,0.108665,0.072499
2024-01-01 00:00:27.970,0.283923,0.280903,11.127899,0.13163,0.023729,0.158684
2024-01-01 00:00:27.980,0.378283,0.302896,11.159584,0.266585,-0.098375,0.106734
2024-01-01 00:00:27.990,0.433004,0.227545,11.139927,0.115422,-0.064396,0.092806
2024-01-01 00:00:28.000,0.447385,0.256503,10.948474,0.199155,-0.09085,0.15457
2024-01-01 00:00:28.010,0.591583,0.210726,10.873729,0.209403,-0.076976,0.126274
2024-01-01 00:00:28.020,0.491586,0.182242,10.942136,0.189849,-0.249332,0.11885
2024-01-01 00:00:28.030,0.439426,0.273146,10.874567,0.200383,-0.173452,0.139306
2024-01-01 00:00:28.040,0.498704,0.219865,10.763183,0.232466,-0.177105,0.117569
2024-01-01 00:00:28.050,0.42678,0.146095,10.464785,0.206252,-0.260352,0.110091
2024-01-01 00:00:28.060,0.521904,0.001819,10.440077,0.167958,-0.244909,0.140029
2024-01-01 00:00:28.070,0.492812,0.076348,10.38095,0.25369,-0.297935,0.115433
2024-01-01 00:00:28.080,0.586926,0.206594,10.288315,0.299648,-0.317338,0.147909
2024-01-01 00:00:28.090,0.518508,0.036708,10.170692,0.291654,-0.311694,0.159537
2024-01-01 00:00:28.100,0.543097,0.080035,9.9767,0.209029,-0.333214,0.175302
2024-01-01 00:00:28.110,0.518219,0.073518,9.845341,0.187437,-0.265812,0.183837
2024-01-01 00:00:28.120,0.636107,-0.011089,9.679263,0.235411,-0.334926,0.1376
2024-01-01 00:00:28.130,0.530381,-0.087511,9.582812,0.326773,-0.337409,0.164012
2024-01-01 00:00:28.140,0.633468,-0.190411,9.412358,0.278571,-0.193933,0.16255
2024-01-01 00:00:28.150,0.576081,-0.057427,9.257769,0.27855,-0.220474,0.155845
2024-01-01 00:00:28.160,0.551167,-0.155048,9.103889,0.284067,-0.344076,0.129361
2024-01-01 00:00:28.170,0.535376,-0.127783,9.014127,0.256011,-0.268275,0.110142
2024-01-01 00:00:28.180,0.524727,-0.220892,8.939693,0.235593,-0.193786,0.152797
2024-01-01 00:00:28.190,0.395012,-0.192929,8.828129,0.256477,-0.162761,0.082811
2024-01-01 00:00:28.200,0.46212,-0.198628,8.756801,0.189084,-0.224053,0.1218
2024-01-01 00:00:28.210,0.501352,-0.206843,8.768263,0.137956,-0.060122,0.048598
2024-01-01 00:00:28.220,0.438098,-0.295213,8.632373,0.236397,-0.043688,0.080056
2024-01-01 00:00:28.230,0.350217,-0.198002,8.526045,0.253013,-0.026584,0.088361
2024-01-01 00:00:28.240,0.396343,-0.305181,8.632404,0.125435,0.052124,0.14171
2024-01-01 00:00:28.250,0.461282,-0.3756,8.45334,0.21204,0.042085,0.12321
2024-01-01 00:00:28.260,0.41424,-0.312864,8.494199,0.243991,0.076815,0.079353
2024-01-01 00:00:28.270,0.323403,-0.320173,8.642564,0.148298,0.166437,0.110928
2024-01-01 00:00:28.280,0.34756,-0.327232,8.70842,0.095458,0.176563,0.108444
2024-01-01 00:00:28.290,0.254114,-0.279372,8.634635,0.129987,0.110705,0.069482
2024-01-01 00:00:28.300,0.15876,-0.370322,8.785541,0.083361,0.213616,0.025002
2024-01-01 00:00:28.310,0.168405,-0.374267,8.863277,0.066722,0.175417,0.052298
2024-01-01 00:00:28.320,0.262709,-0.431965,8.980781,0.105552,0.257643,0.047399
2024-01-01 00:00:28.330,0.140166,-0.343001,9.214025,-0.010248,0.276873,0.00499
2024-01-01 00:00:28.340,0.110468,-0.380714,9.323114,-0.016452,0.200996,0.044458
2024-01-01 00:00:28.350,0.075994,-0.41549,9.400595,0.042322,0.277488,0.033209
2024-01-01 00:00:28.360,0.154229,-0.492924,9.499589,0.025713,0.306353,0.029448
2024-01-01 00:00:28.370,0.108153,-0.327302,9.580104,0.029385,0.276755,0.015692
2024-01-01 00:00:28.380,0.105535,-0.461365,9.948178,0.091305,0.315678,0.020421
2024-01-01 00:00:28.390,-0.045597,-0.428626,10.028082,-0.011886,0.337484,-0.015647
2024-01-01 00:00:28.400,-0.054975,-0.378853,10.06798,-0.001799,0.288819,-0.012971
2024-01-01 00:00:28.410,-0.17746,-0.45294,10.321557,-0.094971,0.290744,-0.039649
2024-01-01 00:00:28.420,-0.059302,-0.462777,10.391602,-0.022125,0.334007,-0.053848
2024-01-01 00:00:28.430,-0.222601,-0.487953,10.499405,-0.100961,0.270174,-0.004638
2024-01-01 00:00:28.440,-0.183871,-0.338045,10.672546,-0.084934,0.234844,-0.114416
2024-01-01 00:00:28.450,-0.279403,-0.392407,10.682381,-0.107505,0.152095,-0.034935
2024-01-01 00:00:28.460,-0.283037,-0.20858,10.805356,-0.063621,0.205995,-0.087778
2024-01-01 00:00:28.470,-0.323639,-0.393236,10.919661,-0.193579,0.159025,-0.099349
2024-01-01 00:00:28.480,-0.339382,-0.376982,10.931946,-0.254611,0.174817,-0.076422
2024-01-01 00:00:28.490,-0.362094,-0.345433,11.071406,-0.163007,0.079566,-0.13609
2024-01-01 00:00:28.500,-0.387547,-0.290168,11.196768,-0.140271,-0.048062,-0.122699
2024-01-01 00:00:28.510,-0.342224,-0.309956,10.999245,-0.166882,-0.077314,-0.130172
2024-01-01 00:00:28.520,-0.461569,-0.238965,10.921538,-0.123083,0.009312,-0.117458
2024-01-01 00:00:28.530,-0.416336,-0.300718,10.872647,-0.172387,-0.090768,-0.140678
2024-01-01 00:00:28.540,-0.386031,-0.30221,10.981968,-0.231342,-0.074351,-0.073856
2024-01-01 00:00:28.550,-0.490617,-0.303579,10.885887,-0.327615,-0.123085,-0.072896
2024-01-01 00:00:28.560,-0.517281,-0.304651,10.884975,-0.230677,-0.167974,-0.191947
2024-01-01 00:00:28.570,-0.507682,-0.198513,10.793804,-0.174127,-0.19309,-0.118986
2024-01-01 00:00:28.580,-0.450233,-0.166202,10.556403,-0.251066,-0.257592,-0.113118
2024-01-01 00:00:28.590,-0.510825,-0.160748,10.428903,-0.235189,-0.238214,-0.125673
2024-01-01 00:00:28.600,-0.556611,-0.044585,10.476693,-0.219864,-0.286487,-0.164303
2024-01-01 00:00:28.610,-0.513552,-0.022565,10.333932,-0.295194,-0.292174,-0.153981
2024-01-01 00:00:28.620,-0.598705,-0.077629,10.152055,-0.215925,-0.30228,-0.1707
2024-01-01 00:00:28.630,-0.513497,-0.127298,9.911398,-0.167037,-0.306033,-0.161944
2024-01-01 00:00:28.640,-0.529224,-0.04252,9.936312,-0.258483,-0.253137,-0.186205
2024-01-01 00:00:28.650,-0.565242,-0.020711,9.853765,-0.306386,-0.306167,-0.153403
2024-01-01 00:00:28.660,-0.590087,-0.000143,9.628462,-0.252493,-0.244802,-0.194582
2024-01-01 00:00:28.670,-0.588911,0.021149,9.395438,-0.358754,-0.211333,-0.154525
2024-01-01 00:00:28.680,-0.512381,0.04649,9.328582,-0.22821,-0.233752,-0.184491
2024-01-01 00:00:28.690,-0.470362,0.082691,9.084182,-0.219118,-0.234247,-0.138835
2024-01-01 00:00:28.700,-0.554535,0.092746,9.155041,-0.153795,-0.225511,-0.162929
2024-01-01 00:00:28.710,-0.488811,0.157015,8.964057,-0.242305,-0.17614,-0.130845
2024-01-01 00:00:28.720,-0.603381,0.186189,8.714888,-0.206407,-0.189477,-0.103652
2024-01-01 00:00:28.730,-0.513842,0.143631,8.744234,-0.263342,-0.116586,-0.084483
2024-01-01 00:00:28.740,-0.470079,0.273058,8.731629,-0.230788,-0.104699,-0.20362
2024-01-01 00:00:28.750,-0.496311,0.180122,8.609539,-0.281181,-0.121123,-0.147979
2024-01-01 00:00:28.760,-0.478403,0.167067,8.571874,-0.205911,-0.024647,-0.126795
2024-01-01 00:00:28.770,-0.444231,0.284975,8.470483,-0.202012,-0.030218,-0.098238
2024-01-01 00:00:28.780,-0.374083,0.242129,8.605324,-0.161719,-0.004973,-0.155518
2024-01-01 00:00:28.790,-0.374572,0.315154,8.516882,-0.197183,0.011644,-0.129064
2024-01-01 00:00:28.800,-0.452374,0.193966,8.422075,-0.150588,0.078388,-0.088943
2024-01-01 00:00:28.810,-0.420582,0.397751,8.607439,-0.159645,0.153579,-0.083239
2024-01-01 00:00:28.820,-0.317892,0.374593,8.774312,-0.147279,0.180445,-0.067094
2024-01-01 00:00:28.830,-0.236677,0.277631,8.738871,-0.113964,0.184039,-0.057479
2024-01-01 00:00:28.840,-0.368055,0.289178,8.997176,-0.102828,0.224435,-0.052755
2024-01-01 00:00:28.850,-0.225992,0.455943,8.993859,-0.053307,0.283446,-0.04901
2024-01-01 00:00:28.860,-0.196951,0.343393,9.099744,-0.083595,0.234748,-0.044866
2024-01-01 00:00:28.870,-0.070268,0.345175,9.185616,-0.080987,0.205528,-0.018153
2024-01-01 00:00:28.880,-0.127501,0.278873,9.322115,-0.058245,0.341814,-0.096702
2024-01-01 00:00:28.890,-0.057294,0.378579,9.44483,-0.07048,0.261921,0.025482
2024-01-01 00:00:28.900,-0.03731,0.38731,9.584781,-0.038165,0.261578,-0.078236
2024-01-01 00:00:28.910,-0.118678,0.435677,9.797255,0.096035,0.209897,-0.035688
2024-01-01 00:00:28.920,0.058525,0.329778,9.826503,-0.036491,0.327762,-0.001317
2024-01-01 00:00:28.930,0.06308,0.322172,9.960624,0.009845,0.2135,0.034445
2024-01-01 00:00:28.940,0.109739,0.417819,10.098911,0.018955,0.248383,-0.06686
2024-01-01 00:00:28.950,0.312363,0.441331,10.48928,0.040392,0.302699,0.030807
2024-01-01 00:00:28.960,0.043171,0.306815,10.497824,0.050427,0.293015,0.063966
2024-01-01 00:00:28.970,0.26443,0.4325,10.600648,0.09496,0.204432,0.078434
2024-01-01 00:00:28.980,0.194028,0.37205,10.60204,0.009219,0.207148,0.035917
2024-01-01 00:00:28.990,0.252255,0.415239,10.834803,0.15999,0.144123,0.055854
2024-01-01 00:00:29.000,0.264283,0.346372,10.860495,0.152792,0.131648,0.054213
2024-01-01 00:00:29.010,0.273099,0.211799,10.957263,0.071634,0.141505,0.068486
2024-01-01 00:00:29.020,0.292558,0.317182,10.916763,0.032478,0.070475,0.056604
2024-01-01 00:00:29.030,0.36316,0.363537,11.046181,0.10873,0.049396,0.067873
2024-01-01 00:00:29.040,0.295267,0.250523,11.021092,0.15656,-0.046427,0.114247
2024-01-01 00:00:29.050,0.431818,0.259476,10.998266,0.308237,0.048289,0.111482
2024-01-01 00:00:29.060,0.395286,0.252773,11.105573,0.216297,-0.017907,0.128228
2024-01-01 00:00:29.070,0.379968,0.098409,10.894145,0.108016,-0.03822,0.125458
2024-01-01 00:00:29.080,0.432843,0.307919,11.016058,0.172492,-0.046728,0.145315
2024-01-01 00:00:29.090,0.535507,0.159478,10.963381,0.21218,-0.184364,0.155251
2024-01-01 00:00:29.100,0.461562,0.209324,10.760887,0.234652,-0.190908,0.080929
2024-01-01 00:00:29.110,0.52025,0.15856,10.674221,0.162593,-0.295236,0.111369
2024-01-01 00:00:29.120,0.478049,0.204073,10.617805,0.227158,-0.068222,0.133403
2024-01-01 00:00:29.130,0.562992,0.139306,10.542654,0.202798,-0.254373,0.142528
2024-01-01 00:00:29.140,0.568063,0.084658,10.382539,0.187443,-0.213212,0.125476
2024-01-01 00:00:29.150,0.633072,0.028799,10.296086,0.258726,-0.341664,0.174808
2024-01-01 00:00:29.160,0.536857,0.090184,10.262865,0.28671,-0.240696,0.208208
2024-01-01 00:00:29.170,0.582184,-0.066737,9.937345,0.291485,-0.2044,0.155244
2024-01-01 00:00:29.180,0.554882,0.035781,9.694573,0.27871,-0.302968,0.152525
2024-01-01 00:00:29.190,0.614107,-0.074927,9.751388,0.22482,-0.349048,0.175297
2024-01-01 00:00:29.200,0.510816,0.019247,9.67522,0.284254,-0.299887,0.093141
2024-01-01 00:00:29.210,0.579571,-0.058545,9.430924,0.261962,-0.3947,0.14876
2024-01-01 00:00:29.220,0.526282,-0.057417,9.177075,0.250341,-0.271773,0.175557
2024-01-01 00:00:29.230,0.524659,-0.108229,9.126286,0.209355,-0.211635,0.124669
2024-01-01 00:00:29.240,0.52249,-0.222266,8.928085,0.210567,-0.233801,0.104449
2024-01-01 00:00:29.250,0.518767,-0.199539,8.961264,0.233765,-0.222358,0.132468
2024-01-01 00:00:29.260,0.486854,-0.1442,8.706382,0.345933,-0.155048,0.132543
2024-01-01 00:00:29.270,0.488216,-0.190191,8.708818,0.232099,-0.122005,0.102962
2024-01-01 00:00:29.280,0.539558,-0.159496,8.585639,0.178828,-0.203888,0.188517
2024-01-01 00:00:29.290,0.49151,-0.217651,8.625026,0.159398,-0.083475,0.106249
2024-01-01 00:00:29.300,0.46576,-0.3046,8.550904,0.167367,0.068069,0.080564
2024-01-01 00:00:29.310,0.378136,-0.313637,8.576599,0.291098,-0.085557,0.106531
2024-01-01 00:00:29.320,0.333682,-0.285315,8.563652,0.151921,0.012107,0.130366
2024-01-01 00:00:29.330,0.401839,-0.42179,8.499504,0.206286,0.148423,0.097088
2024-01-01 00:00:29.340,0.372587,-0.236989,8.662099,0.130651,0.140796,0.104236
2024-01-01 00:00:29.350,0.375998,-0.312043,8.658039,0.150498,0.092993,0.056318
2024-01-01 00:00:29.360,0.244704,-0.285099,8.648639,0.164543,0.160412,0.119604
2024-01-01 00:00:29.370,0.235019,-0.436608,8.987663,0.083449,0.179378,0.084078
2024-01-01 00:00:29.380,0.135267,-0.305247,8.940947,0.06669,0.168989,0.090679
2024-01-01 00:00:29.390,0.167614,-0.264533,8.997494,0.168052,0.226751,0.06202
2024-01-01 00:00:29.400,0.206419,-0.449489,9.240899,0.120407,0.237366,0.067453
2024-01-01 00:00:29.410,0.102079,-0.350894,9.402341,0.096535,0.274445,0.00801
2024-01-01 00:00:29.420,0.12581,-0.394086,9.378315,0.081994,0.245135,0.010836
2024-01-01 00:00:29.430,0.05232,-0.474685,9.558459,0.05109,0.228583,0.057261
2024-01-01 00:00:29.440,0.045895,-0.374772,9.596193,0.114385,0.296187,0.05489
2024-01-01 00:00:29.450,-0.059948,-0.358315,9.809878,0.00103,0.385743,-0.035111
2024-01-01 00:00:29.460,-0.03055,-0.429254,9.951989,0.01304,0.301707,-0.002002
2024-01-01 00:00:29.470,-0.216495,-0.338731,10.126788,-0.102972,0.274533,-0.031184
2024-01-01 00:00:29.480,-0.108179,-0.476827,10.278556,-0.086173,0.318329,-0.047866
2024-01-01 00:00:29.490,-0.211915,-0.463334,10.430577,-0.11931,0.258361,-0.027016
2024-01-01 00:00:29.500,-0.101199,-0.375537,10.530738,-0.009706,0.341669,-0.009816
2024-01-01 00:00:29.510,-0.153181,-0.373552,10.531151,-0.214923,0.226647,-0.038828
2024-01-01 00:00:29.520,-0.198609,-0.401815,10.657966,-0.120998,0.237322,-0.070115
2024-01-01 00:00:29.530,-0.175019,-0.315412,10.781668,-0.263808,0.13724,-0.053028
2024-01-01 00:00:29.540,-0.326779,-0.318027,10.881173,-0.168534,0.170391,-0.086981
2024-01-01 00:00:29.550,-0.219267,-0.289159,11.051141,-0.163927,0.127259,-0.071264
2024-01-01 00:00:29.560,-0.286272,-0.324574,10.921456,-0.082066,0.077386,-0.048892
2024-01-01 00:00:29.570,-0.36981,-0.273544,11.016744,-0.142888,0.020728,-0.159946
2024-01-01 00:00:29.580,-0.32507,-0.310167,11.135432,-0.215226,-0.021112,-0.080224
2024-01-01 00:00:29.590,-0.459721,-0.168413,11.031874,-0.130523,-0.010267,-0.156464
2024-01-01 00:00:29.600,-0.466795,-0.294018,11.072233,-0.192549,-0.027777,-0.079214
2024-01-01 00:00:29.610,-0.475697,-0.129541,10.986919,-0.200516,-0.099607,-0.140547
2024-01-01 00:00:29.620,-0.489882,-0.213668,10.964965,-0.270785,-0.111628,-0.162921
2024-01-01 00:00:29.630,-0.532832,-0.264053,10.856882,-0.267684,-0.158896,-0.110052
2024-01-01 00:00:29.640,-0.433769,-0.106067,10.844612,-0.26622,-0.180923,-0.124054
2024-01-01 00:00:29.650,-0.521082,-0.146769,10.570233,-0.228649,-0.222165,-0.168559
2024-01-01 00:00:29.660,-0.501981,-0.088574,10.555206,-0.23229,-0.23462,-0.179301
2024-01-01 00:00:29.670,-0.557803,-0.047552,10.487781,-0.163379,-0.120753,-0.149975
2024-01-01 00:00:29.680,-0.628172,-0.069087,10.377539,-0.224903,-0.256693,-0.182616
2024-01-01 00:00:29.690,-0.529648,-0.092542,10.317849,-0.382265,-0.252885,-0.179976
2024-01-01 00:00:29.700,-0.642903,0.009128,10.025358,-0.235636,-0.272201,-0.145792
2024-01-01 00:00:29.710,-0.552978,-0.016211,10.029833,-0.322294,-0.312151,-0.178852
2024-01-01 00:00:29.720,-0.618326,0.041508,9.712191,-0.298258,-0.235105,-0.137179
2024-01-01 00:00:29.730,-0.449019,-0.077032,9.725264,-0.289873,-0.311034,-0.104855
2024-01-01 00:00:29.740,-0.499399,0.076338,9.541056,-0.280879,-0.236317,-0.153084
2024-01-01 00:00:29.750,-0.534389,0.045208,9.263867,-0.314065,-0.294397,-0.14328
2024-01-01 00:00:29.760,-0.469343,0.182685,9.229298,-0.231884,-0.310484,-0.084692
2024-01-01 00:00:29.770,-0.565863,0.153713,9.076753,-0.308516,-0.225403,-0.178414
2024-01-01 00:00:29.780,-0.485591,0.156668,9.017044,-0.215241,-0.276743,-0.104108
2024-01-01 00:00:29.790,-0.490227,0.190609,8.846876,-0.115523,-0.169517,-0.104297
2024-01-01 00:00:29.800,-0.472747,0.137418,8.7509,-0.287354,-0.228096,-0.106902
2024-01-01 00:00:29.810,-0.406389,0.288905,8.809979,-0.227865,-0.154112,-0.089431
2024-01-01 00:00:29.820,-0.415824,0.326998,8.632786,-0.331831,-0.177622,-0.114978
2024-01-01 00:00:29.830,-0.418896,0.265979,8.663113,-0.212016,0.068759,-0.135669
2024-01-01 00:00:29.840,-0.495469,0.34391,8.55197,-0.155466,-0.120566,-0.079724
2024-01-01 00:00:29.850,-0.438699,0.253079,8.693386,-0.141558,-0.002275,-0.072569
2024-01-01 00:00:29.860,-0.37346,0.257858,8.513033,-0.163098,0.08954,-0.06702
2024-01-01 00:00:29.870,-0.33802,0.314913,8.542508,-0.111304,0.11889,-0.092125
2024-01-01 00:00:29.880,-0.373383,0.34869,8.754698,-0.01673,0.14341,-0.107906
2024-01-01 00:00:29.890,-0.169382,0.320194,8.654431,-0.046188,0.117368,-0.073341
2024-01-01 00:00:29.900,-0.186242,0.378563,8.890807,-0.145245,0.231337,-0.043204
2024-01-01 00:00:29.910,-0.20315,0.377565,8.921167,-0.17858,0.237753,-0.032885
2024-01-01 00:00:29.920,-0.200045,0.321655,8.937753,-0.112874,0.228357,-0.06843
2024-01-01 00:00:29.930,-0.183947,0.405555,8.917194,-0.126139,0.252434,-0.037812
2024-01-01 00:00:29.940,-0.190026,0.429531,9.183129,-0.042174,0.244566,-0.078108
2024-01-01 00:00:29.950,-0.10716,0.400338,9.323823,-0.10953,0.230064,-0.000733
2024-01-01 00:00:29.960,-0.066367,0.453458,9.546887,-0.039666,0.349399,-0.045114
2024-01-01 00:00:29.970,-0.109292,0.337654,9.723306,0.020445,0.361191,0.010684
2024-01-01 00:00:29.980,0.001719,0.423249,9.687092,-0.011848,0.255349,-0.038567
2024-01-01 00:00:29.990,0.009513,0.341289,9.952583,-0.039463,0.291719,0.035654
